Log file open, 02/13/26 10:57:04
LogWindows: Failed to load 'aqProf.dll' (GetLastError=126)
LogWindows: File 'aqProf.dll' does not exist
LogWindows: Failed to load 'VtuneApi.dll' (GetLastError=126)
LogWindows: File 'VtuneApi.dll' does not exist
LogWindows: Failed to load 'VtuneApi32e.dll' (GetLastError=126)
LogWindows: File 'VtuneApi32e.dll' does not exist
LogConsoleResponse: Display: Failed to find resolution value strings in scalability ini. Falling back to default.
LogConsoleResponse: Display: Failed to find resolution value strings in scalability ini. Falling back to default.
LogInit: Display: Running engine for game: TopDownAC
LogPlatformFile: Not using cached read wrapper
LogTaskGraph: Started task graph with 5 named threads and 59 total threads with 3 sets of task threads.
LogStats: Stats thread started at 0.185562
LogICUInternationalization: ICU TimeZone Detection - Raw Offset: +1:00, Platform Override: ''
LogInit: Display: Loading text-based GConfig....
LogPluginManager: Mounting plugin MeshPainting
LogPluginManager: Mounting plugin XGEController
LogPluginManager: Mounting plugin AISupport
LogPluginManager: Mounting plugin Paper2D
LogPluginManager: Mounting plugin EnvironmentQueryEditor
LogPluginManager: Mounting plugin LiveLink
LogPluginManager: Mounting plugin LightPropagationVolume
LogPluginManager: Mounting plugin OodleData
LogPluginManager: Mounting plugin CameraShakePreviewer
LogPluginManager: Mounting plugin GameplayCameras
LogPluginManager: Mounting plugin AssetManagerEditor
LogPluginManager: Mounting plugin CurveEditorTools
LogPluginManager: Mounting plugin CryptoKeys
LogPluginManager: Mounting plugin OodleNetwork
LogPluginManager: Mounting plugin FacialAnimation
LogPluginManager: Mounting plugin DataValidation
LogPluginManager: Mounting plugin GameplayTagsEditor
LogPluginManager: Mounting plugin MaterialAnalyzer
LogPluginManager: Mounting plugin MobileLauncherProfileWizard
LogPluginManager: Mounting plugin GeometryMode
LogPluginManager: Mounting plugin SpeedTreeImporter
LogPluginManager: Mounting plugin MacGraphicsSwitching
LogPluginManager: Mounting plugin BackChannel
LogPluginManager: Mounting plugin AutomationUtils
LogPluginManager: Mounting plugin ChaosClothEditor
LogPluginManager: Mounting plugin ChaosNiagara
LogPluginManager: Mounting plugin ChaosCloth
LogPluginManager: Mounting plugin AlembicImporter
LogPluginManager: Mounting plugin PluginBrowser
LogPluginManager: Mounting plugin ChaosSolverPlugin
LogPluginManager: Mounting plugin ChaosEditor
LogPluginManager: Mounting plugin CharacterAI
LogPluginManager: Mounting plugin DatasmithContent
LogPluginManager: Mounting plugin GeometryCache
LogPluginManager: Mounting plugin GeometryCollectionPlugin
LogPluginManager: Mounting plugin GeometryProcessing
LogPluginManager: Mounting plugin VariantManagerContent
LogPluginManager: Mounting plugin PlanarCut
LogPluginManager: Mounting plugin PythonScriptPlugin
LogPluginManager: Mounting plugin MotoSynth
LogPluginManager: Mounting plugin ProxyLODPlugin
LogPluginManager: Mounting plugin PlatformCrypto
LogPluginManager: Mounting plugin SkeletalReduction
LogPluginManager: Mounting plugin LuminPlatformFeatures
LogPluginManager: Mounting plugin GitSourceControl
LogPluginManager: Mounting plugin AnimationSharing
LogPluginManager: Mounting plugin CLionSourceCodeAccess
LogPluginManager: Mounting plugin CodeLiteSourceCodeAccess
LogPluginManager: Mounting plugin PerforceSourceControl
LogPluginManager: Mounting plugin KDevelopSourceCodeAccess
LogPluginManager: Mounting plugin PlasticSourceControl
LogPluginManager: Mounting plugin NullSourceCodeAccess
LogPluginManager: Mounting plugin PropertyAccessNode
LogPluginManager: Mounting plugin PluginUtils
LogPluginManager: Mounting plugin UObjectPlugin
LogPluginManager: Mounting plugin MagicLeap
LogPluginManager: Mounting plugin RiderSourceCodeAccess
LogPluginManager: Mounting plugin PixWinPlugin
LogPluginManager: Mounting plugin SubversionSourceControl
LogPluginManager: Mounting plugin TextureFormatOodle
LogPluginManager: Mounting plugin AndroidMedia
LogPluginManager: Mounting plugin MagicLeapLightEstimation
LogPluginManager: Mounting plugin AvfMedia
LogPluginManager: Mounting plugin MagicLeapPassableWorld
LogPluginManager: Mounting plugin MLSDK
LogPluginManager: Mounting plugin ImgMedia
LogPluginManager: Mounting plugin UdpMessaging
LogPluginManager: Mounting plugin MediaCompositing
LogPluginManager: Mounting plugin MagicLeapMedia
LogPluginManager: Mounting plugin TcpMessaging
LogPluginManager: Mounting plugin WebMMedia
LogPluginManager: Mounting plugin ActorSequence
LogPluginManager: Mounting plugin MatineeToLevelSequence
LogPluginManager: Mounting plugin LevelSequenceEditor
LogPluginManager: Mounting plugin WmfMedia
LogPluginManager: Mounting plugin TemplateSequence
LogPluginManager: Mounting plugin OnlineSubsystemNull
LogPluginManager: Mounting plugin OpenImageDenoise
LogPluginManager: Mounting plugin OnlineSubsystem
LogPluginManager: Mounting plugin MediaPlayerEditor
LogPluginManager: Mounting plugin LauncherChunkInstaller
LogPluginManager: Mounting plugin OnlineSubsystemUtils
LogPluginManager: Mounting plugin Niagara
LogPluginManager: Mounting plugin AndroidMoviePlayer
LogPluginManager: Mounting plugin ActorLayerUtilities
LogPluginManager: Mounting plugin AppleMoviePlayer
LogPluginManager: Mounting plugin AndroidPermission
LogPluginManager: Mounting plugin AndroidDeviceProfileSelector
LogPluginManager: Mounting plugin AssetTags
LogPluginManager: Mounting plugin AudioCapture
LogPluginManager: Mounting plugin AppleImageUtils
LogPluginManager: Mounting plugin CableComponent
LogPluginManager: Mounting plugin AudioSynesthesia
LogPluginManager: Mounting plugin ChunkDownloader
LogPluginManager: Mounting plugin ArchVisCharacter
LogPluginManager: Mounting plugin ExampleDeviceProfileSelector
LogPluginManager: Mounting plugin EditableMesh
LogPluginManager: Mounting plugin CustomMeshComponent
LogPluginManager: Mounting plugin GoogleCloudMessaging
LogPluginManager: Mounting plugin GooglePAD
LogPluginManager: Mounting plugin IOSDeviceProfileSelector
LogPluginManager: Mounting plugin LocationServicesBPLibrary
LogPluginManager: Mounting plugin LinuxDeviceProfileSelector
LogPluginManager: Mounting plugin OpenXR
LogPluginManager: Mounting plugin ScreenshotTools
LogPluginManager: Mounting plugin OpenXRHandTracking
LogPluginManager: Mounting plugin OpenXREyeTracker
LogPluginManager: Mounting plugin PostSplashScreen
LogPluginManager: Mounting plugin PhysXVehicles
LogPluginManager: Mounting plugin SignificanceManager
LogPluginManager: Mounting plugin SoundFields
LogPluginManager: Mounting plugin ProceduralMeshComponent
LogPluginManager: Mounting plugin Synthesis
LogPluginManager: Mounting plugin MobilePatchingUtils
LogPluginManager: Mounting plugin WindowsMoviePlayer
LogPluginManager: Mounting plugin XCodeSourceCodeAccess
LogPluginManager: Mounting plugin VisualStudioCodeSourceCodeAccess
LogPluginManager: Mounting plugin WebMMoviePlayer
LogPluginManager: Mounting plugin VisualStudioSourceCodeAccess
LogPluginManager: Mounting plugin PropertyAccessEditor
LogPluginManager: Mounting plugin RuntimePhysXCooking
LogPluginManager: Mounting plugin Takes
LogPluginManager: Mounting plugin ContentBrowserFileDataSource
LogPluginManager: Mounting plugin ContentBrowserClassDataSource
LogPluginManager: Mounting plugin ContentBrowserAssetDataSource
LogPluginManager: Mounting plugin OnlineSubsystemIOS
LogPluginManager: Mounting plugin OnlineSubsystemGooglePlay
LogPluginManager: Mounting plugin OculusVR
LogPluginManager: Mounting plugin SteamVR
PixWinPlugin: PIX capture plugin failed to initialize! Check that the process is launched from PIX.
LogInit: Using libcurl 7.55.1-DEV
LogInit:  - built for x86_64-pc-win32
LogInit:  - supports SSL with OpenSSL/1.1.1
LogInit:  - supports HTTP deflate (compression) using libz 1.2.8
LogInit:  - other features:
LogInit:      CURL_VERSION_SSL
LogInit:      CURL_VERSION_LIBZ
LogInit:      CURL_VERSION_IPV6
LogInit:      CURL_VERSION_ASYNCHDNS
LogInit:      CURL_VERSION_LARGEFILE
LogInit:      CURL_VERSION_IDN
LogInit:  CurlRequestOptions (configurable via config and command line):
LogInit:  - bVerifyPeer = true  - Libcurl will verify peer certificate
LogInit:  - bUseHttpProxy = false  - Libcurl will NOT use HTTP proxy
LogInit:  - bDontReuseConnections = false  - Libcurl will reuse connections
LogInit:  - MaxHostConnections = 16  - Libcurl will limit the number of connections to a host
LogInit:  - LocalHostAddr = Default
LogInit:  - BufferSize = 65536
LogOnline: OSS: Creating online subsystem instance for: NULL
LogInit: WinSock: version 1.1 (2.2), MaxSocks=32767, MaxUdp=65467
LogOnline: OSS: TryLoadSubsystemAndSetDefault: Loaded subsystem for module [NULL]
LogOculusPluginWrapper: OculusPlugin initialized successfully
LogHMD: Failed initializing OVRPlugin 1.59.0
LogInit: Build: ++UE4+Release-4.27-CL-18319896
LogInit: Engine Version: 4.27.2-18319896+++UE4+Release-4.27
LogInit: Compatible Engine Version: 4.27.0-17155196+++UE4+Release-4.27
LogInit: Net CL: 17155196
LogInit: OS: Windows 10 (Release 2009) (), CPU: 13th Gen Intel(R) Core(TM) i7-13650HX, GPU: Intel(R) UHD Graphics
LogInit: Compiled (64-bit): Nov 30 2021 07:12:08
LogInit: Compiled with Visual C++: 19.24.28315.00
LogInit: Build Configuration: Development
LogInit: Branch Name: ++UE4+Release-4.27
LogInit: Command Line:  -AUTH_LOGIN=unused -AUTH_PASSWORD=9a478bbd245e4c7591e343db38c982b7 -AUTH_TYPE=exchangecode -epicapp=UE_4.27 -epicenv=Prod -EpicPortal -epicusername=Xotii -epicuserid=8c0f7f1633984bb789070dad4917d369 -epiclocale=pl -epicsandboxid=ue
LogInit: Base Directory: D:/Epic Games/UE_4.27/Engine/Binaries/Win64/
LogInit: Allocator: TBB
LogInit: Installed Engine Build: 1
LogDevObjectVersion: Number of dev versions registered: 29
LogDevObjectVersion:   Dev-Blueprints (B0D832E4-1F89-4F0D-ACCF-7EB736FD4AA2): 10
LogDevObjectVersion:   Dev-Build (E1C64328-A22C-4D53-A36C-8E866417BD8C): 0
LogDevObjectVersion:   Dev-Core (375EC13C-06E4-48FB-B500-84F0262A717E): 4
LogDevObjectVersion:   Dev-Editor (E4B068ED-F494-42E9-A231-DA0B2E46BB41): 40
LogDevObjectVersion:   Dev-Framework (CFFC743F-43B0-4480-9391-14DF171D2073): 37
LogDevObjectVersion:   Dev-Mobile (B02B49B5-BB20-44E9-A304-32B752E40360): 3
LogDevObjectVersion:   Dev-Networking (A4E4105C-59A1-49B5-A7C5-40C4547EDFEE): 0
LogDevObjectVersion:   Dev-Online (39C831C9-5AE6-47DC-9A44-9C173E1C8E7C): 0
LogDevObjectVersion:   Dev-Physics (78F01B33-EBEA-4F98-B9B4-84EACCB95AA2): 14
LogDevObjectVersion:   Dev-Platform (6631380F-2D4D-43E0-8009-CF276956A95A): 0
LogDevObjectVersion:   Dev-Rendering (12F88B9F-8875-4AFC-A67C-D90C383ABD29): 45
LogDevObjectVersion:   Dev-Sequencer (7B5AE74C-D270-4C10-A958-57980B212A5A): 13
LogDevObjectVersion:   Dev-VR (D7296918-1DD6-4BDD-9DE2-64A83CC13884): 3
LogDevObjectVersion:   Dev-LoadTimes (C2A15278-BFE7-4AFE-6C17-90FF531DF755): 1
LogDevObjectVersion:   Private-Geometry (6EACA3D4-40EC-4CC1-B786-8BED09428FC5): 3
LogDevObjectVersion:   Dev-AnimPhys (29E575DD-E0A3-4627-9D10-D276232CDCEA): 17
LogDevObjectVersion:   Dev-Anim (AF43A65D-7FD3-4947-9873-3E8ED9C1BB05): 15
LogDevObjectVersion:   Dev-ReflectionCapture (6B266CEC-1EC7-4B8F-A30B-E4D90942FC07): 1
LogDevObjectVersion:   Dev-Automation (0DF73D61-A23F-47EA-B727-89E90C41499A): 1
LogDevObjectVersion:   FortniteMain (601D1886-AC64-4F84-AA16-D3DE0DEAC7D6): 47
LogDevObjectVersion:   FortniteRelease (E7086368-6B23-4C58-8439-1B7016265E91): 1
LogDevObjectVersion:   Dev-Enterprise (9DFFBCD6-494F-0158-E221-12823C92A888): 10
LogDevObjectVersion:   Dev-Niagara (F2AED0AC-9AFE-416F-8664-AA7FFA26D6FC): 1
LogDevObjectVersion:   Dev-Destruction (174F1F0B-B4C6-45A5-B13F-2EE8D0FB917D): 10
LogDevObjectVersion:   Dev-Physics-Ext (35F94A83-E258-406C-A318-09F59610247C): 41
LogDevObjectVersion:   Dev-PhysicsMaterial-Chaos (B68FC16E-8B1B-42E2-B453-215C058844FE): 1
LogDevObjectVersion:   Dev-CineCamera (B2E18506-4273-CFC2-A54E-F4BB758BBA07): 1
LogDevObjectVersion:   Dev-VirtualProduction (64F58936-FD1B-42BA-BA96-7289D5D0FA4E): 1
LogDevObjectVersion:   Dev-MediaFramework (6F0ED827-A609-4895-9C91-998D90180EA4): 2
LogInit: Presizing for max 25165824 objects, including 0 objects not considered by GC, pre-allocating 0 bytes for permanent pool.
LogConfig: Applying CVar settings from Section [/Script/Engine.StreamingSettings] File [D:/Repozytoria/UE 4.27/KZ_TopDownShooter/TopDownAC/Saved/Config/Windows/Engine.ini]
LogConfig: Setting CVar [[s.MinBulkDataSizeForAsyncLoading:131072]]
LogConfig: Setting CVar [[s.AsyncLoadingThreadEnabled:0]]
LogConfig: Setting CVar [[s.EventDrivenLoaderEnabled:1]]
LogConfig: Setting CVar [[s.WarnIfTimeLimitExceeded:0]]
LogConfig: Setting CVar [[s.TimeLimitExceededMultiplier:1.5]]
LogConfig: Setting CVar [[s.TimeLimitExceededMinTime:0.005]]
LogConfig: Setting CVar [[s.UseBackgroundLevelStreaming:1]]
LogConfig: Setting CVar [[s.PriorityAsyncLoadingExtraTime:15.0]]
LogConfig: Setting CVar [[s.LevelStreamingActorsUpdateTimeLimit:5.0]]
LogConfig: Setting CVar [[s.PriorityLevelStreamingActorsUpdateExtraTime:5.0]]
LogConfig: Setting CVar [[s.LevelStreamingComponentsRegistrationGranularity:10]]
LogConfig: Setting CVar [[s.UnregisterComponentsTimeLimit:1.0]]
LogConfig: Setting CVar [[s.LevelStreamingComponentsUnregistrationGranularity:5]]
LogConfig: Setting CVar [[s.FlushStreamingOnExit:1]]
LogInit: Object subsystem initialized
LogConfig: Setting CVar [[con.DebugEarlyDefault:1]]
LogConfig: Setting CVar [[r.setres:1280x720]]
[2026.02.13-09.57.05:257][  0]LogConfig: Setting CVar [[r.VSync:0]]
[2026.02.13-09.57.05:257][  0]LogConfig: Setting CVar [[r.RHICmdBypass:0]]
[2026.02.13-09.57.05:257][  0]LogConfig: Applying CVar settings from Section [/Script/Engine.RendererSettings] File [D:/Repozytoria/UE 4.27/KZ_TopDownShooter/TopDownAC/Saved/Config/Windows/Engine.ini]
[2026.02.13-09.57.05:257][  0]LogConfig: Setting CVar [[r.GPUCrashDebugging:0]]
[2026.02.13-09.57.05:257][  0]LogConfig: Applying CVar settings from Section [/Script/Engine.RendererOverrideSettings] File [D:/Repozytoria/UE 4.27/KZ_TopDownShooter/TopDownAC/Saved/Config/Windows/Engine.ini]
[2026.02.13-09.57.05:257][  0]LogConfig: Applying CVar settings from Section [/Script/Engine.StreamingSettings] File [D:/Repozytoria/UE 4.27/KZ_TopDownShooter/TopDownAC/Saved/Config/Windows/Engine.ini]
[2026.02.13-09.57.05:257][  0]LogConfig: Setting CVar [[s.MinBulkDataSizeForAsyncLoading:131072]]
[2026.02.13-09.57.05:257][  0]LogConfig: Setting CVar [[s.AsyncLoadingThreadEnabled:0]]
[2026.02.13-09.57.05:257][  0]LogConfig: Setting CVar [[s.EventDrivenLoaderEnabled:1]]
[2026.02.13-09.57.05:257][  0]LogConfig: Setting CVar [[s.WarnIfTimeLimitExceeded:0]]
[2026.02.13-09.57.05:257][  0]LogConfig: Setting CVar [[s.TimeLimitExceededMultiplier:1.5]]
[2026.02.13-09.57.05:257][  0]LogConfig: Setting CVar [[s.TimeLimitExceededMinTime:0.005]]
[2026.02.13-09.57.05:257][  0]LogConfig: Setting CVar [[s.UseBackgroundLevelStreaming:1]]
[2026.02.13-09.57.05:257][  0]LogConfig: Setting CVar [[s.PriorityAsyncLoadingExtraTime:15.0]]
[2026.02.13-09.57.05:257][  0]LogConfig: Setting CVar [[s.LevelStreamingActorsUpdateTimeLimit:5.0]]
[2026.02.13-09.57.05:257][  0]LogConfig: Setting CVar [[s.PriorityLevelStreamingActorsUpdateExtraTime:5.0]]
[2026.02.13-09.57.05:257][  0]LogConfig: Setting CVar [[s.LevelStreamingComponentsRegistrationGranularity:10]]
[2026.02.13-09.57.05:257][  0]LogConfig: Setting CVar [[s.UnregisterComponentsTimeLimit:1.0]]
[2026.02.13-09.57.05:257][  0]LogConfig: Setting CVar [[s.LevelStreamingComponentsUnregistrationGranularity:5]]
[2026.02.13-09.57.05:257][  0]LogConfig: Setting CVar [[s.FlushStreamingOnExit:1]]
[2026.02.13-09.57.05:257][  0]LogConfig: Applying CVar settings from Section [/Script/Engine.GarbageCollectionSettings] File [D:/Repozytoria/UE 4.27/KZ_TopDownShooter/TopDownAC/Saved/Config/Windows/Engine.ini]
[2026.02.13-09.57.05:257][  0]LogConfig: Setting CVar [[gc.MaxObjectsNotConsideredByGC:1]]
[2026.02.13-09.57.05:257][  0]LogConfig: Setting CVar [[gc.SizeOfPermanentObjectPool:0]]
[2026.02.13-09.57.05:257][  0]LogConfig: Setting CVar [[gc.FlushStreamingOnGC:0]]
[2026.02.13-09.57.05:257][  0]LogConfig: Setting CVar [[gc.NumRetriesBeforeForcingGC:10]]
[2026.02.13-09.57.05:257][  0]LogConfig: Setting CVar [[gc.AllowParallelGC:1]]
[2026.02.13-09.57.05:257][  0]LogConfig: Setting CVar [[gc.TimeBetweenPurgingPendingKillObjects:61.1]]
[2026.02.13-09.57.05:257][  0]LogConfig: Setting CVar [[gc.MaxObjectsInEditor:25165824]]
[2026.02.13-09.57.05:257][  0]LogConfig: Setting CVar [[gc.IncrementalBeginDestroyEnabled:1]]
[2026.02.13-09.57.05:257][  0]LogConfig: Setting CVar [[gc.CreateGCClusters:1]]
[2026.02.13-09.57.05:257][  0]LogConfig: Setting CVar [[gc.MinGCClusterSize:5]]
[2026.02.13-09.57.05:257][  0]LogConfig: Setting CVar [[gc.ActorClusteringEnabled:0]]
[2026.02.13-09.57.05:257][  0]LogConfig: Setting CVar [[gc.BlueprintClusteringEnabled:0]]
[2026.02.13-09.57.05:257][  0]LogConfig: Setting CVar [[gc.UseDisregardForGCOnDedicatedServers:0]]
[2026.02.13-09.57.05:257][  0]LogConfig: Setting CVar [[gc.MultithreadedDestructionEnabled:1]]
[2026.02.13-09.57.05:257][  0]LogConfig: Applying CVar settings from Section [/Script/Engine.NetworkSettings] File [D:/Repozytoria/UE 4.27/KZ_TopDownShooter/TopDownAC/Saved/Config/Windows/Engine.ini]
[2026.02.13-09.57.05:257][  0]LogConfig: Applying CVar settings from Section [/Script/UnrealEd.CookerSettings] File [D:/Repozytoria/UE 4.27/KZ_TopDownShooter/TopDownAC/Saved/Config/Windows/Engine.ini]
[2026.02.13-09.57.05:270][  0]LogConfig: Applying CVar settings from Section [ViewDistanceQuality@3] File [D:/Repozytoria/UE 4.27/KZ_TopDownShooter/TopDownAC/Saved/Config/Windows/Scalability.ini]
[2026.02.13-09.57.05:270][  0]LogConfig: Setting CVar [[r.SkeletalMeshLODBias:0]]
[2026.02.13-09.57.05:270][  0]LogConfig: Setting CVar [[r.ViewDistanceScale:1.0]]
[2026.02.13-09.57.05:270][  0]LogConfig: Applying CVar settings from Section [AntiAliasingQuality@3] File [D:/Repozytoria/UE 4.27/KZ_TopDownShooter/TopDownAC/Saved/Config/Windows/Scalability.ini]
[2026.02.13-09.57.05:270][  0]LogConfig: Setting CVar [[r.PostProcessAAQuality:4]]
[2026.02.13-09.57.05:270][  0]LogConfig: Applying CVar settings from Section [ShadowQuality@3] File [D:/Repozytoria/UE 4.27/KZ_TopDownShooter/TopDownAC/Saved/Config/Windows/Scalability.ini]
[2026.02.13-09.57.05:270][  0]LogConfig: Setting CVar [[r.LightFunctionQuality:1]]
[2026.02.13-09.57.05:270][  0]LogConfig: Setting CVar [[r.ShadowQuality:5]]
[2026.02.13-09.57.05:270][  0]LogConfig: Setting CVar [[r.Shadow.CSM.MaxCascades:10]]
[2026.02.13-09.57.05:270][  0]LogConfig: Setting CVar [[r.Shadow.MaxResolution:2048]]
[2026.02.13-09.57.05:270][  0]LogConfig: Setting CVar [[r.Shadow.MaxCSMResolution:2048]]
[2026.02.13-09.57.05:270][  0]LogConfig: Setting CVar [[r.Shadow.RadiusThreshold:0.01]]
[2026.02.13-09.57.05:270][  0]LogConfig: Setting CVar [[r.Shadow.DistanceScale:1.0]]
[2026.02.13-09.57.05:270][  0]LogConfig: Setting CVar [[r.Shadow.CSM.TransitionScale:1.0]]
[2026.02.13-09.57.05:270][  0]LogConfig: Setting CVar [[r.Shadow.PreShadowResolutionFactor:1.0]]
[2026.02.13-09.57.05:270][  0]LogConfig: Setting CVar [[r.DistanceFieldShadowing:1]]
[2026.02.13-09.57.05:270][  0]LogConfig: Setting CVar [[r.DistanceFieldAO:1]]
[2026.02.13-09.57.05:270][  0]LogConfig: Setting CVar [[r.AOQuality:2]]
[2026.02.13-09.57.05:270][  0]LogConfig: Setting CVar [[r.VolumetricFog:1]]
[2026.02.13-09.57.05:270][  0]LogConfig: Setting CVar [[r.VolumetricFog.GridPixelSize:8]]
[2026.02.13-09.57.05:270][  0]LogConfig: Setting CVar [[r.VolumetricFog.GridSizeZ:128]]
[2026.02.13-09.57.05:270][  0]LogConfig: Setting CVar [[r.VolumetricFog.HistoryMissSupersampleCount:4]]
[2026.02.13-09.57.05:270][  0]LogConfig: Setting CVar [[r.LightMaxDrawDistanceScale:1]]
[2026.02.13-09.57.05:270][  0]LogConfig: Setting CVar [[r.CapsuleShadows:1]]
[2026.02.13-09.57.05:270][  0]LogConfig: Applying CVar settings from Section [PostProcessQuality@3] File [D:/Repozytoria/UE 4.27/KZ_TopDownShooter/TopDownAC/Saved/Config/Windows/Scalability.ini]
[2026.02.13-09.57.05:270][  0]LogConfig: Setting CVar [[r.MotionBlurQuality:4]]
[2026.02.13-09.57.05:270][  0]LogConfig: Setting CVar [[r.AmbientOcclusionMipLevelFactor:0.4]]
[2026.02.13-09.57.05:270][  0]LogConfig: Setting CVar [[r.AmbientOcclusionMaxQuality:100]]
[2026.02.13-09.57.05:270][  0]LogConfig: Setting CVar [[r.AmbientOcclusionLevels:-1]]
[2026.02.13-09.57.05:270][  0]LogConfig: Setting CVar [[r.AmbientOcclusionRadiusScale:1.0]]
[2026.02.13-09.57.05:270][  0]LogConfig: Setting CVar [[r.DepthOfFieldQuality:2]]
[2026.02.13-09.57.05:270][  0]LogConfig: Setting CVar [[r.RenderTargetPoolMin:400]]
[2026.02.13-09.57.05:270][  0]LogConfig: Setting CVar [[r.LensFlareQuality:2]]
[2026.02.13-09.57.05:270][  0]LogConfig: Setting CVar [[r.SceneColorFringeQuality:1]]
[2026.02.13-09.57.05:270][  0]LogConfig: Setting CVar [[r.EyeAdaptationQuality:2]]
[2026.02.13-09.57.05:270][  0]LogConfig: Setting CVar [[r.BloomQuality:5]]
[2026.02.13-09.57.05:270][  0]LogConfig: Setting CVar [[r.FastBlurThreshold:100]]
[2026.02.13-09.57.05:270][  0]LogConfig: Setting CVar [[r.Upscale.Quality:3]]
[2026.02.13-09.57.05:270][  0]LogConfig: Setting CVar [[r.Tonemapper.GrainQuantization:1]]
[2026.02.13-09.57.05:270][  0]LogConfig: Setting CVar [[r.LightShaftQuality:1]]
[2026.02.13-09.57.05:270][  0]LogConfig: Setting CVar [[r.Filter.SizeScale:1]]
[2026.02.13-09.57.05:270][  0]LogConfig: Setting CVar [[r.Tonemapper.Quality:5]]
[2026.02.13-09.57.05:270][  0]LogConfig: Setting CVar [[r.DOF.Gather.AccumulatorQuality:1        ; higher gathering accumulator quality]]
[2026.02.13-09.57.05:270][  0]LogConfig: Setting CVar [[r.DOF.Gather.PostfilterMethod:1          ; Median3x3 postfilering method]]
[2026.02.13-09.57.05:270][  0]LogConfig: Setting CVar [[r.DOF.Gather.EnableBokehSettings:0       ; no bokeh simulation when gathering]]
[2026.02.13-09.57.05:270][  0]LogConfig: Setting CVar [[r.DOF.Gather.RingCount:4                 ; medium number of samples when gathering]]
[2026.02.13-09.57.05:270][  0]LogConfig: Setting CVar [[r.DOF.Scatter.ForegroundCompositing:1    ; additive foreground scattering]]
[2026.02.13-09.57.05:270][  0]LogConfig: Setting CVar [[r.DOF.Scatter.BackgroundCompositing:2    ; additive background scattering]]
[2026.02.13-09.57.05:270][  0]LogConfig: Setting CVar [[r.DOF.Scatter.EnableBokehSettings:1      ; bokeh simulation when scattering]]
[2026.02.13-09.57.05:270][  0]LogConfig: Setting CVar [[r.DOF.Scatter.MaxSpriteRatio:0.1         ; only a maximum of 10% of scattered bokeh]]
[2026.02.13-09.57.05:270][  0]LogConfig: Setting CVar [[r.DOF.Recombine.Quality:1                ; cheap slight out of focus]]
[2026.02.13-09.57.05:270][  0]LogConfig: Setting CVar [[r.DOF.Recombine.EnableBokehSettings:0    ; no bokeh simulation on slight out of focus]]
[2026.02.13-09.57.05:270][  0]LogConfig: Setting CVar [[r.DOF.TemporalAAQuality:1                ; more stable temporal accumulation]]
[2026.02.13-09.57.05:270][  0]LogConfig: Setting CVar [[r.DOF.Kernel.MaxForegroundRadius:0.025]]
[2026.02.13-09.57.05:270][  0]LogConfig: Setting CVar [[r.DOF.Kernel.MaxBackgroundRadius:0.025]]
[2026.02.13-09.57.05:270][  0]LogConfig: Applying CVar settings from Section [TextureQuality@3] File [D:/Repozytoria/UE 4.27/KZ_TopDownShooter/TopDownAC/Saved/Config/Windows/Scalability.ini]
[2026.02.13-09.57.05:270][  0]LogConfig: Setting CVar [[r.Streaming.MipBias:0]]
[2026.02.13-09.57.05:270][  0]LogConfig: Setting CVar [[r.Streaming.AmortizeCPUToGPUCopy:0]]
[2026.02.13-09.57.05:270][  0]LogConfig: Setting CVar [[r.Streaming.MaxNumTexturesToStreamPerFrame:0]]
[2026.02.13-09.57.05:270][  0]LogConfig: Setting CVar [[r.Streaming.Boost:1]]
[2026.02.13-09.57.05:270][  0]LogConfig: Setting CVar [[r.MaxAnisotropy:8]]
[2026.02.13-09.57.05:270][  0]LogConfig: Setting CVar [[r.VT.MaxAnisotropy:8]]
[2026.02.13-09.57.05:270][  0]LogConfig: Setting CVar [[r.Streaming.LimitPoolSizeToVRAM:0]]
[2026.02.13-09.57.05:270][  0]LogConfig: Setting CVar [[r.Streaming.PoolSize:1000]]
[2026.02.13-09.57.05:270][  0]LogConfig: Setting CVar [[r.Streaming.MaxEffectiveScreenSize:0]]
[2026.02.13-09.57.05:270][  0]LogConfig: Applying CVar settings from Section [EffectsQuality@3] File [D:/Repozytoria/UE 4.27/KZ_TopDownShooter/TopDownAC/Saved/Config/Windows/Scalability.ini]
[2026.02.13-09.57.05:270][  0]LogConfig: Setting CVar [[r.TranslucencyLightingVolumeDim:64]]
[2026.02.13-09.57.05:270][  0]LogConfig: Setting CVar [[r.RefractionQuality:2]]
[2026.02.13-09.57.05:270][  0]LogConfig: Setting CVar [[r.SSR.Quality:3]]
[2026.02.13-09.57.05:270][  0]LogConfig: Setting CVar [[r.SSR.HalfResSceneColor:0]]
[2026.02.13-09.57.05:270][  0]LogConfig: Setting CVar [[r.SceneColorFormat:4]]
[2026.02.13-09.57.05:270][  0]LogConfig: Setting CVar [[r.DetailMode:2]]
[2026.02.13-09.57.05:270][  0]LogConfig: Setting CVar [[r.TranslucencyVolumeBlur:1]]
[2026.02.13-09.57.05:270][  0]LogConfig: Setting CVar [[r.MaterialQualityLevel:1 ; High quality]]
[2026.02.13-09.57.05:270][  0]LogConfig: Setting CVar [[r.AnisotropicMaterials:1]]
[2026.02.13-09.57.05:270][  0]LogConfig: Setting CVar [[r.SSS.Scale:1]]
[2026.02.13-09.57.05:270][  0]LogConfig: Setting CVar [[r.SSS.SampleSet:2]]
[2026.02.13-09.57.05:270][  0]LogConfig: Setting CVar [[r.SSS.Quality:1]]
[2026.02.13-09.57.05:270][  0]LogConfig: Setting CVar [[r.SSS.HalfRes:0]]
[2026.02.13-09.57.05:270][  0]LogConfig: Setting CVar [[r.SSGI.Quality:3]]
[2026.02.13-09.57.05:270][  0]LogConfig: Setting CVar [[r.EmitterSpawnRateScale:1.0]]
[2026.02.13-09.57.05:270][  0]LogConfig: Setting CVar [[r.ParticleLightQuality:2]]
[2026.02.13-09.57.05:270][  0]LogConfig: Setting CVar [[r.SkyAtmosphere.AerialPerspectiveLUT.FastApplyOnOpaque:1 ; Always have FastSkyLUT 1 in this case to avoid wrong sky]]
[2026.02.13-09.57.05:270][  0]LogConfig: Setting CVar [[r.SkyAtmosphere.AerialPerspectiveLUT.SampleCountMaxPerSlice:4]]
[2026.02.13-09.57.05:270][  0]LogConfig: Setting CVar [[r.SkyAtmosphere.AerialPerspectiveLUT.DepthResolution:16.0]]
[2026.02.13-09.57.05:270][  0]LogConfig: Setting CVar [[r.SkyAtmosphere.FastSkyLUT:1]]
[2026.02.13-09.57.05:270][  0]LogConfig: Setting CVar [[r.SkyAtmosphere.FastSkyLUT.SampleCountMin:4.0]]
[2026.02.13-09.57.05:270][  0]LogConfig: Setting CVar [[r.SkyAtmosphere.FastSkyLUT.SampleCountMax:128.0]]
[2026.02.13-09.57.05:270][  0]LogConfig: Setting CVar [[r.SkyAtmosphere.SampleCountMin:4.0]]
[2026.02.13-09.57.05:270][  0]LogConfig: Setting CVar [[r.SkyAtmosphere.SampleCountMax:128.0]]
[2026.02.13-09.57.05:270][  0]LogConfig: Setting CVar [[r.SkyAtmosphere.TransmittanceLUT.UseSmallFormat:0]]
[2026.02.13-09.57.05:270][  0]LogConfig: Setting CVar [[r.SkyAtmosphere.TransmittanceLUT.SampleCount:10.0]]
[2026.02.13-09.57.05:270][  0]LogConfig: Setting CVar [[r.SkyAtmosphere.MultiScatteringLUT.SampleCount:15.0]]
[2026.02.13-09.57.05:270][  0]LogConfig: Setting CVar [[r.SkyLight.RealTimeReflectionCapture:1]]
[2026.02.13-09.57.05:270][  0]LogConfig: Applying CVar settings from Section [FoliageQuality@3] File [D:/Repozytoria/UE 4.27/KZ_TopDownShooter/TopDownAC/Saved/Config/Windows/Scalability.ini]
[2026.02.13-09.57.05:270][  0]LogConfig: Setting CVar [[foliage.DensityScale:1.0]]
[2026.02.13-09.57.05:270][  0]LogConfig: Setting CVar [[grass.DensityScale:1.0]]
[2026.02.13-09.57.05:270][  0]LogConfig: Applying CVar settings from Section [ShadingQuality@3] File [D:/Repozytoria/UE 4.27/KZ_TopDownShooter/TopDownAC/Saved/Config/Windows/Scalability.ini]
[2026.02.13-09.57.05:270][  0]LogConfig: Setting CVar [[r.HairStrands.SkyLighting.IntegrationType:2]]
[2026.02.13-09.57.05:270][  0]LogConfig: Setting CVar [[r.HairStrands.SkyAO.SampleCount:4]]
[2026.02.13-09.57.05:270][  0]LogConfig: Setting CVar [[r.HairStrands.Visibility.MSAA.SamplePerPixel:4]]
[2026.02.13-09.57.05:270][  0]LogInit: Selected Device Profile: [Windows]
[2026.02.13-09.57.05:270][  0]LogInit: Applying CVar settings loaded from the selected device profile: [Windows]
[2026.02.13-09.57.05:271][  0]LogHAL: Display: Platform has ~ 32 GB [34007195648 / 34359738368 / 32], which maps to Largest [LargestMinGB=32, LargerMinGB=12, DefaultMinGB=8, SmallerMinGB=6, SmallestMinGB=0)
[2026.02.13-09.57.05:271][  0]LogInit: Going up to parent DeviceProfile []
[2026.02.13-09.57.05:271][  0]LogConfig: Applying CVar settings from Section [ViewDistanceQuality@3] File [D:/Repozytoria/UE 4.27/KZ_TopDownShooter/TopDownAC/Saved/Config/Windows/Scalability.ini]
[2026.02.13-09.57.05:271][  0]LogConfig: Setting CVar [[r.SkeletalMeshLODBias:0]]
[2026.02.13-09.57.05:271][  0]LogConfig: Setting CVar [[r.ViewDistanceScale:1.0]]
[2026.02.13-09.57.05:271][  0]LogConfig: Applying CVar settings from Section [AntiAliasingQuality@3] File [D:/Repozytoria/UE 4.27/KZ_TopDownShooter/TopDownAC/Saved/Config/Windows/Scalability.ini]
[2026.02.13-09.57.05:271][  0]LogConfig: Setting CVar [[r.PostProcessAAQuality:4]]
[2026.02.13-09.57.05:271][  0]LogConfig: Applying CVar settings from Section [ShadowQuality@3] File [D:/Repozytoria/UE 4.27/KZ_TopDownShooter/TopDownAC/Saved/Config/Windows/Scalability.ini]
[2026.02.13-09.57.05:271][  0]LogConfig: Setting CVar [[r.LightFunctionQuality:1]]
[2026.02.13-09.57.05:271][  0]LogConfig: Setting CVar [[r.ShadowQuality:5]]
[2026.02.13-09.57.05:271][  0]LogConfig: Setting CVar [[r.Shadow.CSM.MaxCascades:10]]
[2026.02.13-09.57.05:271][  0]LogConfig: Setting CVar [[r.Shadow.MaxResolution:2048]]
[2026.02.13-09.57.05:271][  0]LogConfig: Setting CVar [[r.Shadow.MaxCSMResolution:2048]]
[2026.02.13-09.57.05:271][  0]LogConfig: Setting CVar [[r.Shadow.RadiusThreshold:0.01]]
[2026.02.13-09.57.05:271][  0]LogConfig: Setting CVar [[r.Shadow.DistanceScale:1.0]]
[2026.02.13-09.57.05:271][  0]LogConfig: Setting CVar [[r.Shadow.CSM.TransitionScale:1.0]]
[2026.02.13-09.57.05:271][  0]LogConfig: Setting CVar [[r.Shadow.PreShadowResolutionFactor:1.0]]
[2026.02.13-09.57.05:271][  0]LogConfig: Setting CVar [[r.DistanceFieldShadowing:1]]
[2026.02.13-09.57.05:271][  0]LogConfig: Setting CVar [[r.DistanceFieldAO:1]]
[2026.02.13-09.57.05:271][  0]LogConfig: Setting CVar [[r.AOQuality:2]]
[2026.02.13-09.57.05:271][  0]LogConfig: Setting CVar [[r.VolumetricFog:1]]
[2026.02.13-09.57.05:271][  0]LogConfig: Setting CVar [[r.VolumetricFog.GridPixelSize:8]]
[2026.02.13-09.57.05:271][  0]LogConfig: Setting CVar [[r.VolumetricFog.GridSizeZ:128]]
[2026.02.13-09.57.05:271][  0]LogConfig: Setting CVar [[r.VolumetricFog.HistoryMissSupersampleCount:4]]
[2026.02.13-09.57.05:271][  0]LogConfig: Setting CVar [[r.LightMaxDrawDistanceScale:1]]
[2026.02.13-09.57.05:271][  0]LogConfig: Setting CVar [[r.CapsuleShadows:1]]
[2026.02.13-09.57.05:271][  0]LogConfig: Applying CVar settings from Section [PostProcessQuality@3] File [D:/Repozytoria/UE 4.27/KZ_TopDownShooter/TopDownAC/Saved/Config/Windows/Scalability.ini]
[2026.02.13-09.57.05:271][  0]LogConfig: Setting CVar [[r.MotionBlurQuality:4]]
[2026.02.13-09.57.05:271][  0]LogConfig: Setting CVar [[r.AmbientOcclusionMipLevelFactor:0.4]]
[2026.02.13-09.57.05:271][  0]LogConfig: Setting CVar [[r.AmbientOcclusionMaxQuality:100]]
[2026.02.13-09.57.05:271][  0]LogConfig: Setting CVar [[r.AmbientOcclusionLevels:-1]]
[2026.02.13-09.57.05:271][  0]LogConfig: Setting CVar [[r.AmbientOcclusionRadiusScale:1.0]]
[2026.02.13-09.57.05:271][  0]LogConfig: Setting CVar [[r.DepthOfFieldQuality:2]]
[2026.02.13-09.57.05:271][  0]LogConfig: Setting CVar [[r.RenderTargetPoolMin:400]]
[2026.02.13-09.57.05:271][  0]LogConfig: Setting CVar [[r.LensFlareQuality:2]]
[2026.02.13-09.57.05:271][  0]LogConfig: Setting CVar [[r.SceneColorFringeQuality:1]]
[2026.02.13-09.57.05:271][  0]LogConfig: Setting CVar [[r.EyeAdaptationQuality:2]]
[2026.02.13-09.57.05:271][  0]LogConfig: Setting CVar [[r.BloomQuality:5]]
[2026.02.13-09.57.05:271][  0]LogConfig: Setting CVar [[r.FastBlurThreshold:100]]
[2026.02.13-09.57.05:271][  0]LogConfig: Setting CVar [[r.Upscale.Quality:3]]
[2026.02.13-09.57.05:271][  0]LogConfig: Setting CVar [[r.Tonemapper.GrainQuantization:1]]
[2026.02.13-09.57.05:271][  0]LogConfig: Setting CVar [[r.LightShaftQuality:1]]
[2026.02.13-09.57.05:271][  0]LogConfig: Setting CVar [[r.Filter.SizeScale:1]]
[2026.02.13-09.57.05:271][  0]LogConfig: Setting CVar [[r.Tonemapper.Quality:5]]
[2026.02.13-09.57.05:271][  0]LogConfig: Setting CVar [[r.DOF.Gather.AccumulatorQuality:1        ; higher gathering accumulator quality]]
[2026.02.13-09.57.05:271][  0]LogConfig: Setting CVar [[r.DOF.Gather.PostfilterMethod:1          ; Median3x3 postfilering method]]
[2026.02.13-09.57.05:271][  0]LogConfig: Setting CVar [[r.DOF.Gather.EnableBokehSettings:0       ; no bokeh simulation when gathering]]
[2026.02.13-09.57.05:271][  0]LogConfig: Setting CVar [[r.DOF.Gather.RingCount:4                 ; medium number of samples when gathering]]
[2026.02.13-09.57.05:271][  0]LogConfig: Setting CVar [[r.DOF.Scatter.ForegroundCompositing:1    ; additive foreground scattering]]
[2026.02.13-09.57.05:271][  0]LogConfig: Setting CVar [[r.DOF.Scatter.BackgroundCompositing:2    ; additive background scattering]]
[2026.02.13-09.57.05:271][  0]LogConfig: Setting CVar [[r.DOF.Scatter.EnableBokehSettings:1      ; bokeh simulation when scattering]]
[2026.02.13-09.57.05:271][  0]LogConfig: Setting CVar [[r.DOF.Scatter.MaxSpriteRatio:0.1         ; only a maximum of 10% of scattered bokeh]]
[2026.02.13-09.57.05:271][  0]LogConfig: Setting CVar [[r.DOF.Recombine.Quality:1                ; cheap slight out of focus]]
[2026.02.13-09.57.05:271][  0]LogConfig: Setting CVar [[r.DOF.Recombine.EnableBokehSettings:0    ; no bokeh simulation on slight out of focus]]
[2026.02.13-09.57.05:271][  0]LogConfig: Setting CVar [[r.DOF.TemporalAAQuality:1                ; more stable temporal accumulation]]
[2026.02.13-09.57.05:271][  0]LogConfig: Setting CVar [[r.DOF.Kernel.MaxForegroundRadius:0.025]]
[2026.02.13-09.57.05:271][  0]LogConfig: Setting CVar [[r.DOF.Kernel.MaxBackgroundRadius:0.025]]
[2026.02.13-09.57.05:271][  0]LogConfig: Applying CVar settings from Section [TextureQuality@3] File [D:/Repozytoria/UE 4.27/KZ_TopDownShooter/TopDownAC/Saved/Config/Windows/Scalability.ini]
[2026.02.13-09.57.05:271][  0]LogConfig: Setting CVar [[r.Streaming.MipBias:0]]
[2026.02.13-09.57.05:271][  0]LogConfig: Setting CVar [[r.Streaming.AmortizeCPUToGPUCopy:0]]
[2026.02.13-09.57.05:271][  0]LogConfig: Setting CVar [[r.Streaming.MaxNumTexturesToStreamPerFrame:0]]
[2026.02.13-09.57.05:271][  0]LogConfig: Setting CVar [[r.Streaming.Boost:1]]
[2026.02.13-09.57.05:271][  0]LogConfig: Setting CVar [[r.MaxAnisotropy:8]]
[2026.02.13-09.57.05:271][  0]LogConfig: Setting CVar [[r.VT.MaxAnisotropy:8]]
[2026.02.13-09.57.05:271][  0]LogConfig: Setting CVar [[r.Streaming.LimitPoolSizeToVRAM:0]]
[2026.02.13-09.57.05:271][  0]LogConfig: Setting CVar [[r.Streaming.PoolSize:1000]]
[2026.02.13-09.57.05:271][  0]LogConfig: Setting CVar [[r.Streaming.MaxEffectiveScreenSize:0]]
[2026.02.13-09.57.05:271][  0]LogConfig: Applying CVar settings from Section [EffectsQuality@3] File [D:/Repozytoria/UE 4.27/KZ_TopDownShooter/TopDownAC/Saved/Config/Windows/Scalability.ini]
[2026.02.13-09.57.05:271][  0]LogConfig: Setting CVar [[r.TranslucencyLightingVolumeDim:64]]
[2026.02.13-09.57.05:271][  0]LogConfig: Setting CVar [[r.RefractionQuality:2]]
[2026.02.13-09.57.05:271][  0]LogConfig: Setting CVar [[r.SSR.Quality:3]]
[2026.02.13-09.57.05:271][  0]LogConfig: Setting CVar [[r.SSR.HalfResSceneColor:0]]
[2026.02.13-09.57.05:271][  0]LogConfig: Setting CVar [[r.SceneColorFormat:4]]
[2026.02.13-09.57.05:271][  0]LogConfig: Setting CVar [[r.DetailMode:2]]
[2026.02.13-09.57.05:271][  0]LogConfig: Setting CVar [[r.TranslucencyVolumeBlur:1]]
[2026.02.13-09.57.05:271][  0]LogConfig: Setting CVar [[r.MaterialQualityLevel:1 ; High quality]]
[2026.02.13-09.57.05:271][  0]LogConfig: Setting CVar [[r.AnisotropicMaterials:1]]
[2026.02.13-09.57.05:271][  0]LogConfig: Setting CVar [[r.SSS.Scale:1]]
[2026.02.13-09.57.05:271][  0]LogConfig: Setting CVar [[r.SSS.SampleSet:2]]
[2026.02.13-09.57.05:271][  0]LogConfig: Setting CVar [[r.SSS.Quality:1]]
[2026.02.13-09.57.05:271][  0]LogConfig: Setting CVar [[r.SSS.HalfRes:0]]
[2026.02.13-09.57.05:271][  0]LogConfig: Setting CVar [[r.SSGI.Quality:3]]
[2026.02.13-09.57.05:271][  0]LogConfig: Setting CVar [[r.EmitterSpawnRateScale:1.0]]
[2026.02.13-09.57.05:271][  0]LogConfig: Setting CVar [[r.ParticleLightQuality:2]]
[2026.02.13-09.57.05:271][  0]LogConfig: Setting CVar [[r.SkyAtmosphere.AerialPerspectiveLUT.FastApplyOnOpaque:1 ; Always have FastSkyLUT 1 in this case to avoid wrong sky]]
[2026.02.13-09.57.05:271][  0]LogConfig: Setting CVar [[r.SkyAtmosphere.AerialPerspectiveLUT.SampleCountMaxPerSlice:4]]
[2026.02.13-09.57.05:271][  0]LogConfig: Setting CVar [[r.SkyAtmosphere.AerialPerspectiveLUT.DepthResolution:16.0]]
[2026.02.13-09.57.05:271][  0]LogConfig: Setting CVar [[r.SkyAtmosphere.FastSkyLUT:1]]
[2026.02.13-09.57.05:271][  0]LogConfig: Setting CVar [[r.SkyAtmosphere.FastSkyLUT.SampleCountMin:4.0]]
[2026.02.13-09.57.05:271][  0]LogConfig: Setting CVar [[r.SkyAtmosphere.FastSkyLUT.SampleCountMax:128.0]]
[2026.02.13-09.57.05:271][  0]LogConfig: Setting CVar [[r.SkyAtmosphere.SampleCountMin:4.0]]
[2026.02.13-09.57.05:271][  0]LogConfig: Setting CVar [[r.SkyAtmosphere.SampleCountMax:128.0]]
[2026.02.13-09.57.05:271][  0]LogConfig: Setting CVar [[r.SkyAtmosphere.TransmittanceLUT.UseSmallFormat:0]]
[2026.02.13-09.57.05:271][  0]LogConfig: Setting CVar [[r.SkyAtmosphere.TransmittanceLUT.SampleCount:10.0]]
[2026.02.13-09.57.05:271][  0]LogConfig: Setting CVar [[r.SkyAtmosphere.MultiScatteringLUT.SampleCount:15.0]]
[2026.02.13-09.57.05:271][  0]LogConfig: Setting CVar [[r.SkyLight.RealTimeReflectionCapture:1]]
[2026.02.13-09.57.05:271][  0]LogConfig: Applying CVar settings from Section [FoliageQuality@3] File [D:/Repozytoria/UE 4.27/KZ_TopDownShooter/TopDownAC/Saved/Config/Windows/Scalability.ini]
[2026.02.13-09.57.05:271][  0]LogConfig: Setting CVar [[foliage.DensityScale:1.0]]
[2026.02.13-09.57.05:271][  0]LogConfig: Setting CVar [[grass.DensityScale:1.0]]
[2026.02.13-09.57.05:271][  0]LogConfig: Applying CVar settings from Section [ShadingQuality@3] File [D:/Repozytoria/UE 4.27/KZ_TopDownShooter/TopDownAC/Saved/Config/Windows/Scalability.ini]
[2026.02.13-09.57.05:271][  0]LogConfig: Setting CVar [[r.HairStrands.SkyLighting.IntegrationType:2]]
[2026.02.13-09.57.05:271][  0]LogConfig: Setting CVar [[r.HairStrands.SkyAO.SampleCount:4]]
[2026.02.13-09.57.05:271][  0]LogConfig: Setting CVar [[r.HairStrands.Visibility.MSAA.SamplePerPixel:4]]
[2026.02.13-09.57.05:271][  0]LogConfig: Applying CVar settings from Section [Startup] File [../../../Engine/Config/ConsoleVariables.ini]
[2026.02.13-09.57.05:271][  0]LogConfig: Setting CVar [[net.UseAdaptiveNetUpdateFrequency:0]]
[2026.02.13-09.57.05:271][  0]LogConfig: Setting CVar [[p.chaos.AllowCreatePhysxBodies:1]]
[2026.02.13-09.57.05:271][  0]LogConfig: Setting CVar [[fx.SkipVectorVMBackendOptimizations:1]]
[2026.02.13-09.57.05:271][  0]LogConfig: Applying CVar settings from Section [ConsoleVariables] File [D:/Repozytoria/UE 4.27/KZ_TopDownShooter/TopDownAC/Saved/Config/Windows/Engine.ini]
[2026.02.13-09.57.05:271][  0]LogConfig: Applying CVar settings from Section [ConsoleVariables] File [D:/Repozytoria/UE 4.27/KZ_TopDownShooter/TopDownAC/Saved/Config/Windows/Editor.ini]
[2026.02.13-09.57.05:271][  0]LogInit: Computer: LAPTOP-AN92MERF
[2026.02.13-09.57.05:271][  0]LogInit: User: harry
[2026.02.13-09.57.05:271][  0]LogInit: CPU Page size=4096, Cores=14
[2026.02.13-09.57.05:271][  0]LogInit: High frequency timer resolution =10.000000 MHz
[2026.02.13-09.57.05:271][  0]LogMemory: Memory total: Physical=31.7GB (32GB approx)
[2026.02.13-09.57.05:271][  0]LogMemory: Platform Memory Stats for Windows
[2026.02.13-09.57.05:271][  0]LogMemory: Process Physical Memory: 154.25 MB used, 154.25 MB peak
[2026.02.13-09.57.05:271][  0]LogMemory: Process Virtual Memory: 122.98 MB used, 122.98 MB peak
[2026.02.13-09.57.05:271][  0]LogMemory: Physical Memory: 12283.85 MB used,  20147.94 MB free, 32431.79 MB total
[2026.02.13-09.57.05:271][  0]LogMemory: Virtual Memory: 134195936.00 MB used,  21792.00 MB free, 134217728.00 MB total
[2026.02.13-09.57.05:275][  0]LogWindows: WindowsPlatformFeatures enabled
[2026.02.13-09.57.05:305][  0]LogInit: Physics initialised using underlying interface: PhysX
[2026.02.13-09.57.05:305][  0]LogInit: Using OS detected language (pl-PL).
[2026.02.13-09.57.05:305][  0]LogInit: Using OS detected locale (pl-PL).
[2026.02.13-09.57.05:306][  0]LogTextLocalizationManager: No specific localization for 'pl-PL' exists, so the 'pl' localization will be used.
[2026.02.13-09.57.05:306][  0]LogTextLocalizationResource: LocRes '../../../Engine/Content/Localization/Editor/pl/Editor.locres' could not be opened for reading!
[2026.02.13-09.57.05:306][  0]LogTextLocalizationResource: LocRes '../../../Engine/Content/Localization/EditorTutorials/pl/EditorTutorials.locres' could not be opened for reading!
[2026.02.13-09.57.05:306][  0]LogTextLocalizationResource: LocRes '../../../Engine/Content/Localization/Keywords/pl/Keywords.locres' could not be opened for reading!
[2026.02.13-09.57.05:306][  0]LogTextLocalizationResource: LocRes '../../../Engine/Content/Localization/Category/pl/Category.locres' could not be opened for reading!
[2026.02.13-09.57.05:306][  0]LogTextLocalizationResource: LocRes '../../../Engine/Content/Localization/ToolTips/pl/ToolTips.locres' could not be opened for reading!
[2026.02.13-09.57.05:306][  0]LogTextLocalizationResource: LocRes '../../../Engine/Content/Localization/PropertyNames/pl/PropertyNames.locres' could not be opened for reading!
[2026.02.13-09.57.05:306][  0]LogTextLocalizationResource: LocRes '../../../Engine/Content/Localization/Engine/pl/Engine.locres' could not be opened for reading!
[2026.02.13-09.57.05:307][  0]LogInit: Setting process to per monitor DPI aware
[2026.02.13-09.57.05:317][  0]LogWindowsTextInputMethodSystem: Display: IME system deactivated.
[2026.02.13-09.57.05:324][  0]LogSlate: New Slate User Created.  User Index 0, Is Virtual User: 0
[2026.02.13-09.57.05:324][  0]LogSlate: Slate User Registered.  User Index 0, Is Virtual User: 0
[2026.02.13-09.57.05:386][  0]LogD3D11RHI: Loaded GFSDK_Aftermath_Lib.x64.dll
[2026.02.13-09.57.05:456][  0]LogHMD: Failed to initialize OpenVR with code 110
[2026.02.13-09.57.05:456][  0]LogD3D11RHI: D3D11 min allowed feature level: 11_0
[2026.02.13-09.57.05:456][  0]LogD3D11RHI: D3D11 max allowed feature level: 11_0
[2026.02.13-09.57.05:456][  0]LogD3D11RHI: D3D11 adapters:
[2026.02.13-09.57.05:682][  0]LogD3D11RHI:    0. 'NVIDIA GeForce RTX 4060 Laptop GPU' (Feature Level 11_0)
[2026.02.13-09.57.05:682][  0]LogD3D11RHI:       7957/0/16215 MB DedicatedVideo/DedicatedSystem/SharedSystem, Outputs:2, VendorId:0x10de
[2026.02.13-09.57.05:701][  0]LogD3D11RHI:    1. 'Intel(R) UHD Graphics' (Feature Level 11_0)
[2026.02.13-09.57.05:701][  0]LogD3D11RHI:       128/0/16215 MB DedicatedVideo/DedicatedSystem/SharedSystem, Outputs:0, VendorId:0x8086
[2026.02.13-09.57.05:704][  0]LogD3D11RHI:    2. 'Microsoft Basic Render Driver' (Feature Level 11_0)
[2026.02.13-09.57.05:704][  0]LogD3D11RHI:       0/0/16215 MB DedicatedVideo/DedicatedSystem/SharedSystem, Outputs:0, VendorId:0x1414
[2026.02.13-09.57.05:704][  0]LogD3D11RHI: Chosen D3D11 Adapter:
[2026.02.13-09.57.05:704][  0]LogD3D11RHI:     Description : NVIDIA GeForce RTX 4060 Laptop GPU
[2026.02.13-09.57.05:704][  0]LogD3D11RHI:     VendorId    : 10de
[2026.02.13-09.57.05:704][  0]LogD3D11RHI:     DeviceId    : 28e0
[2026.02.13-09.57.05:704][  0]LogD3D11RHI:     SubSysId    : 96011458
[2026.02.13-09.57.05:704][  0]LogD3D11RHI:     Revision    : 00a1
[2026.02.13-09.57.05:704][  0]LogD3D11RHI:     DedicatedVideoMemory : 8343519232 bytes
[2026.02.13-09.57.05:704][  0]LogD3D11RHI:     DedicatedSystemMemory : 0 bytes
[2026.02.13-09.57.05:704][  0]LogD3D11RHI:     SharedSystemMemory : 17003597824 bytes
[2026.02.13-09.57.05:704][  0]LogD3D11RHI:     AdapterLuid : 0 80599
[2026.02.13-09.57.05:709][  0]LogD3D11RHI: Creating new Direct3DDevice
[2026.02.13-09.57.05:709][  0]LogD3D11RHI:     GPU DeviceId: 0x28e0 (for the marketing name, search the web for "GPU Device Id")
[2026.02.13-09.57.05:709][  0]LogWindows: EnumDisplayDevices:
[2026.02.13-09.57.05:709][  0]LogWindows:    0. 'Intel(R) UHD Graphics' (P:1 D:1)
[2026.02.13-09.57.05:709][  0]LogWindows:    1. 'Intel(R) UHD Graphics' (P:0 D:1)
[2026.02.13-09.57.05:709][  0]LogWindows:    2. 'Intel(R) UHD Graphics' (P:0 D:0)
[2026.02.13-09.57.05:710][  0]LogWindows:    3. 'Intel(R) UHD Graphics' (P:0 D:0)
[2026.02.13-09.57.05:710][  0]LogWindows:    4. 'NVIDIA GeForce RTX 4060 Laptop GPU' (P:0 D:0)
[2026.02.13-09.57.05:710][  0]LogWindows:    5. 'NVIDIA GeForce RTX 4060 Laptop GPU' (P:0 D:0)
[2026.02.13-09.57.05:710][  0]LogWindows:    6. 'NVIDIA GeForce RTX 4060 Laptop GPU' (P:0 D:0)
[2026.02.13-09.57.05:710][  0]LogWindows:    7. 'NVIDIA GeForce RTX 4060 Laptop GPU' (P:0 D:0)
[2026.02.13-09.57.05:710][  0]LogWindows: DebugString: PrimaryIsNotTheChoosenAdapter PrimaryIsNotTheChoosenAdapter PrimaryIsNotTheChoosenAdapter PrimaryIsNotTheChoosenAdapter FoundDriverCount:4 
[2026.02.13-09.57.05:710][  0]LogD3D11RHI:     Adapter Name: NVIDIA GeForce RTX 4060 Laptop GPU
[2026.02.13-09.57.05:710][  0]LogD3D11RHI:   Driver Version: 581.60 (internal:32.0.15.8160, unified:581.60)
[2026.02.13-09.57.05:710][  0]LogD3D11RHI:      Driver Date: 10-12-2025
[2026.02.13-09.57.05:710][  0]LogRHI: Texture pool is 5569 MB (70% of 7957 MB)
[2026.02.13-09.57.05:710][  0]LogD3D11RHI: Creating D3DDevice using adapter:
[2026.02.13-09.57.05:710][  0]LogD3D11RHI:     Description : NVIDIA GeForce RTX 4060 Laptop GPU
[2026.02.13-09.57.05:710][  0]LogD3D11RHI:     VendorId    : 10de
[2026.02.13-09.57.05:710][  0]LogD3D11RHI:     DeviceId    : 28e0
[2026.02.13-09.57.05:710][  0]LogD3D11RHI:     SubSysId    : 96011458
[2026.02.13-09.57.05:710][  0]LogD3D11RHI:     Revision    : 00a1
[2026.02.13-09.57.05:710][  0]LogD3D11RHI:     DedicatedVideoMemory : 8343519232 bytes
[2026.02.13-09.57.05:710][  0]LogD3D11RHI:     DedicatedSystemMemory : 0 bytes
[2026.02.13-09.57.05:710][  0]LogD3D11RHI:     SharedSystemMemory : 17003597824 bytes
[2026.02.13-09.57.05:710][  0]LogD3D11RHI:     AdapterLuid : 0 80599
[2026.02.13-09.57.05:808][  0]LogD3D11RHI: RHI has support for 64 bit atomics
[2026.02.13-09.57.05:808][  0]LogD3D11RHI: Async texture creation enabled
[2026.02.13-09.57.05:808][  0]LogD3D11RHI: Array index from any shader is supported
[2026.02.13-09.57.05:825][  0]LogD3D11RHI: GPU Timing Frequency: 1000.000000 (Debug: 2 2)
[2026.02.13-09.57.05:851][  0]LogRHI: GeForceNow SDK initialized: 1
[2026.02.13-09.57.06:050][  0]LogTargetPlatformManager: Display: Loaded TargetPlatform 'AllDesktop'
[2026.02.13-09.57.06:063][  0]LogTargetPlatformManager: Display: Loaded TargetPlatform 'Android'
[2026.02.13-09.57.06:063][  0]LogTargetPlatformManager: Display: Loaded TargetPlatform 'Android_ASTC'
[2026.02.13-09.57.06:063][  0]LogTargetPlatformManager: Display: Loaded TargetPlatform 'Android_DXT'
[2026.02.13-09.57.06:063][  0]LogTargetPlatformManager: Display: Loaded TargetPlatform 'Android_ETC2'
[2026.02.13-09.57.06:063][  0]LogTargetPlatformManager: Display: Loaded TargetPlatform 'AndroidClient'
[2026.02.13-09.57.06:063][  0]LogTargetPlatformManager: Display: Loaded TargetPlatform 'Android_ASTCClient'
[2026.02.13-09.57.06:063][  0]LogTargetPlatformManager: Display: Loaded TargetPlatform 'Android_DXTClient'
[2026.02.13-09.57.06:063][  0]LogTargetPlatformManager: Display: Loaded TargetPlatform 'Android_ETC2Client'
[2026.02.13-09.57.06:063][  0]LogTargetPlatformManager: Display: Loaded TargetPlatform 'Android_Multi'
[2026.02.13-09.57.06:063][  0]LogTargetPlatformManager: Display: Loaded TargetPlatform 'Android_MultiClient'
[2026.02.13-09.57.06:073][  0]LogTargetPlatformManager: Display: Loaded TargetPlatform 'IOSClient'
[2026.02.13-09.57.06:073][  0]LogTargetPlatformManager: Display: Loaded TargetPlatform 'IOS'
[2026.02.13-09.57.06:079][  0]LogTargetPlatformManager: Display: Loaded TargetPlatform 'Linux'
[2026.02.13-09.57.06:082][  0]LogTargetPlatformManager: Display: Loaded TargetPlatform 'LinuxNoEditor'
[2026.02.13-09.57.06:085][  0]LogTargetPlatformManager: Display: Loaded TargetPlatform 'LinuxClient'
[2026.02.13-09.57.06:087][  0]LogTargetPlatformManager: Display: Loaded TargetPlatform 'LinuxServer'
[2026.02.13-09.57.06:093][  0]LogTargetPlatformManager: Display: Loaded TargetPlatform 'LinuxAArch64NoEditor'
[2026.02.13-09.57.06:095][  0]LogTargetPlatformManager: Display: Loaded TargetPlatform 'LinuxAArch64Client'
[2026.02.13-09.57.06:098][  0]LogTargetPlatformManager: Display: Loaded TargetPlatform 'LinuxAArch64Server'
[2026.02.13-09.57.06:110][  0]LogTargetPlatformManager: Display: Loaded TargetPlatform 'Lumin'
[2026.02.13-09.57.06:110][  0]LogTargetPlatformManager: Display: Loaded TargetPlatform 'LuminClient'
[2026.02.13-09.57.06:114][  0]LogTargetPlatformManager: Display: Loaded TargetPlatform 'MacNoEditor'
[2026.02.13-09.57.06:118][  0]LogTargetPlatformManager: Display: Loaded TargetPlatform 'Mac'
[2026.02.13-09.57.06:120][  0]LogTargetPlatformManager: Display: Loaded TargetPlatform 'MacClient'
[2026.02.13-09.57.06:122][  0]LogTargetPlatformManager: Display: Loaded TargetPlatform 'MacServer'
[2026.02.13-09.57.06:129][  0]LogTargetPlatformManager: Display: Loaded TargetPlatform 'TVOSClient'
[2026.02.13-09.57.06:129][  0]LogTargetPlatformManager: Display: Loaded TargetPlatform 'TVOS'
[2026.02.13-09.57.06:133][  0]LogTargetPlatformManager: Display: Loaded TargetPlatform 'WindowsNoEditor'
[2026.02.13-09.57.06:137][  0]LogTargetPlatformManager: Display: Loaded TargetPlatform 'Windows'
[2026.02.13-09.57.06:139][  0]LogTargetPlatformManager: Display: Loaded TargetPlatform 'WindowsClient'
[2026.02.13-09.57.06:142][  0]LogTargetPlatformManager: Display: Loaded TargetPlatform 'WindowsServer'
[2026.02.13-09.57.06:142][  0]LogTargetPlatformManager: Display: Building Assets For Windows
[2026.02.13-09.57.06:147][  0]LogAudioDebug: Display: Lib vorbis DLL was dynamically loaded.
[2026.02.13-09.57.06:165][  0]LogTextureFormatOodle: Display: Oodle Texture 2.9.0 init RDO Off
[2026.02.13-09.57.06:185][  0]LogRendererCore: Ray tracing is disabled. Reason: r.RayTracing=0.
[2026.02.13-09.57.06:185][  0]LogShaderCompilers: Guid format shader working directory is -17 characters bigger than the processId version (../../../../../Repozytoria/UE 4.27/KZ_TopDownShooter/TopDownAC/Intermediate/Shaders/WorkingDirectory/10076/).
[2026.02.13-09.57.06:185][  0]LogShaderCompilers: Cleaned the shader compiler working directory 'C:/Users/harry/AppData/Local/Temp/UnrealShaderWorkingDir/2C4666E34F510A87778CD1A3552EA49B/'.
[2026.02.13-09.57.06:185][  0]LogXGEController: Cannot use XGE Controller as Incredibuild is not installed on this machine.
[2026.02.13-09.57.06:185][  0]LogShaderCompilers: Cannot use XGE Shader Compiler as Incredibuild is not installed on this machine.
[2026.02.13-09.57.06:185][  0]LogShaderCompilers: Display: Using Local Shader Compiler.
[2026.02.13-09.57.06:670][  0]LogDerivedDataCache: Display: Max Cache Size: 512 MB
[2026.02.13-09.57.06:713][  0]LogDerivedDataCache: Loaded boot cache 0.04s 94MB C:/Users/harry/AppData/Local/UnrealEngine/4.27/DerivedDataCache/Boot.ddc.
[2026.02.13-09.57.06:713][  0]LogDerivedDataCache: Display: Loaded Boot cache: C:/Users/harry/AppData/Local/UnrealEngine/4.27/DerivedDataCache/Boot.ddc
[2026.02.13-09.57.06:713][  0]LogDerivedDataCache: FDerivedDataBackendGraph:  Pak pak cache file ../../../../../Repozytoria/UE 4.27/KZ_TopDownShooter/TopDownAC/DerivedDataCache/DDC.ddp not found, will not use a pak cache.
[2026.02.13-09.57.06:713][  0]LogDerivedDataCache: Unable to find inner node Pak for hierarchical cache Hierarchy.
[2026.02.13-09.57.06:713][  0]LogDerivedDataCache: FDerivedDataBackendGraph:  CompressedPak pak cache file ../../../../../Repozytoria/UE 4.27/KZ_TopDownShooter/TopDownAC/DerivedDataCache/Compressed.ddp not found, will not use a pak cache.
[2026.02.13-09.57.06:713][  0]LogDerivedDataCache: Unable to find inner node CompressedPak for hierarchical cache Hierarchy.
[2026.02.13-09.57.06:724][  0]LogDerivedDataCache: Display: Pak cache opened for reading ../../../Engine/DerivedDataCache/Compressed.ddp.
[2026.02.13-09.57.06:725][  0]LogDerivedDataCache: FDerivedDataBackendGraph:  EnterprisePak pak cache file ../../../Enterprise/DerivedDataCache/Compressed.ddp not found, will not use a pak cache.
[2026.02.13-09.57.06:725][  0]LogDerivedDataCache: Unable to find inner node EnterprisePak for hierarchical cache Hierarchy.
[2026.02.13-09.57.06:729][  0]LogDerivedDataCache: Speed tests for C:/Users/harry/AppData/Local/UnrealEngine/Common/DerivedDataCache took 0.00 seconds
[2026.02.13-09.57.06:729][  0]LogDerivedDataCache: Display: Performance to C:/Users/harry/AppData/Local/UnrealEngine/Common/DerivedDataCache: Latency=0.02ms. RandomReadSpeed=1936.85MBs, RandomWriteSpeed=286.48MBs. Assigned SpeedClass 'Local'
[2026.02.13-09.57.06:729][  0]LogDerivedDataCache: Using Local data cache path C:/Users/harry/AppData/Local/UnrealEngine/Common/DerivedDataCache: Writable
[2026.02.13-09.57.06:729][  0]LogDerivedDataCache: Shared data cache path not found in *engine.ini, will not use an Shared cache.
[2026.02.13-09.57.06:729][  0]LogDerivedDataCache: Unable to find inner node Shared for hierarchical cache Hierarchy.
[2026.02.13-09.57.06:755][  0]LogSlate: Using FreeType 2.10.0
[2026.02.13-09.57.06:755][  0]LogSlate: SlateFontServices - WITH_FREETYPE: 1, WITH_HARFBUZZ: 1
[2026.02.13-09.57.06:774][  0]LogAssetRegistry: FAssetRegistry took 0.0022 seconds to start up
[2026.02.13-09.57.06:908][  0]LogInit: Selected Device Profile: [Windows]
[2026.02.13-09.57.06:908][  0]LogInit: Active device profile: [000001E8DCAFC700][000001E8D2DC1640 49] Windows
[2026.02.13-09.57.06:908][  0]LogInit: Profiles: [000001E8DCAFC700][000001E8D2DC1640 49] Windows, [000001E8DDEC7700][000001E8DD9CB7C0 49] WindowsNoEditor, [000001E8DCAFF300][000001E8DD9CF940 49] WindowsServer, [000001E8DDEC4F00][000001E8DD9D3AC0 49] WindowsClient, [000001E8DCAFF500][000001E8DD9D60C0 49] IOS, [000001E8DDEC3F00][000001E8DD9DA240 49] iPadAir, [000001E8DDEC7B00][000001E8DD9DE3C0 49] iPadAir2, [000001E8DDE7C500][000001E8DD9E6680 49] IPadPro, [000001E8DDE7C600][000001E8DD9E26C0 49] iPadAir3, [000001E8DDEC0100][000001E8D2DC4800 49] iPadAir4, [000001E8DDE7EC00][000001E8DD9EA940 49] iPadMini2, [000001E8DDEC2500][000001E8DD9EEA80 49] iPadMini3, [000001E8DDE7F400][000001E8DD9F2BC0 49] iPadMini4, [000001E8DDEC0F00][000001E8DD9FAD40 49] iPadMini5, [000001E8DDE7BE00][000001E8DDA03000 49] iPhone6, [000001E8DDE7BF00][000001E8DD9FF040 49] iPodTouch6, [000001E8DCAFF900][000001E8DDA0B300 49] iPhone7, [000001E8DCAFE100][000001E8DDA07340 49] iPodTouch7, [000001E8DDE78400][000001E8DDA0F4C0 49] iPhone5S, [000001E8DDE7FD00][000001E8DDA13640 49] iPhone6Plus, [000001E8DCAFF400][000001E8DDA177C0 49] iPhone6S, [000001E8DDE7E000][000001E8DDA1B940 49] iPhone6SPlus, [000001E8DCAFC900][000001E8DDA1FAC0 49] iPhone7Plus, [000001E8DDE7CE00][000001E8DDA220C0 49] iPhoneSE, [000001E8DCAFC200][000001E8DDA26240 49] iPhone8, [000001E8DDE7E400][000001E8DDA2A3C0 49] iPhone8Plus, [000001E8DCAFDE00][000001E8DDA2E540 49] iPhoneX, [000001E8DDE7FE00][000001E8DDA326C0 49] iPhoneXS, [000001E8DCAFD600][000001E8DDA36840 49] iPhoneXSMax, [000001E8DDE7E500][000001E8DD9F6980 49] iPhoneXR, [000001E8DCAFEA00][000001E8DDA3AAC0 49] iPhone11, [000001E8DDE7FA00][000001E8DDA3EC00 49] iPhone11Pro, [000001E8DCAFCF00][000001E8DDA42D40 49] iPhone11ProMax, [000001E8DDE7E300][000001E8DDA4AEC0 49] iPhoneSE2, [000001E8DCAFE700][000001E8DDA4F040 49] iPhone12Mini, [000001E8DDE7C700][000001E8DDA531C0 49] iPhone12, [000001E8DCAFF100][000001E8DDA57340 49] iPhone12Pro, [000001E8DDE7F500][000001E8DDA5B4C0 49] iPhone12ProMax, [000001E8DCAFC800][000001E8DDA5F640 49] iPadPro105, [000001E8DDE7DC00][000001E8DDA637C0 49] iPadPro129, [000001E8DCAFC300][000001E8DDA67940 49] iPadPro97, [000001E8DDE7DD00][000001E8DDA6BAC0 49] iPadPro2_129, [000001E8DCAFCC00][000001E8DDA6E0C0 49] iPad5, [000001E8DDE7F000][000001E8DDA72240 49] iPad6, [000001E8DCAFEC00][000001E8DDA763C0 49] iPad7, [000001E8DDE7EE00][000001E8DDA7A540 49] iPad8, [000001E8DCAFD800][000001E8DDA7E6C0 49] iPadPro11, [000001E8DDE7DB00][000001E8DDA82840 49] iPadPro2_11, [000001E8DCAFD500][000001E8DDA869C0 49] iPadPro3_129, [000001E8DDE7E700][000001E8DDA8AB40 49] iPadPro4_129, [000001E8DCAFC100][000001E8DDA46C80 49] AppleTV, [000001E8DDE7EB00][000001E8DDA8EDC0 49] AppleTV4K, [000001E8DCAFDB00][000001E8DDA92F00 49] TVOS, [000001E8DDE7C900][000001E8DDA9B080 49] Mac, [000001E8DCAFD700][000001E8DDA9F200 49] MacClient, [000001E8DDE7EF00][000001E8DDAA3380 49] MacNoEditor, [000001E8DCAFCD00][000001E8DDAA7500 49] MacServer, [000001E8DDE7C300][000001E8DDAAB680 49] Linux, [000001E8DCAFEE00][000001E8DDAAF800 49] LinuxAArch64, [000001E8DDE7D500][000001E8DDAB3980 49] LinuxNoEditor, [000001E8DCAFE400][000001E8DDAB7B00 49] LinuxAArch64NoEditor, [000001E8DDE7C200][000001E8DDABA100 49] LinuxClient, [000001E8DCAFED00][000001E8DDABE280 49] LinuxAArch64Client, [000001E8DDE7CC00][000001E8DDAC2400 49] LinuxServer, [000001E8DCAFC400][000001E8DDAC6580 49] LinuxAArch64Server, [000001E8DDE7D000][000001E8DDACA700 49] Android, [000001E8DDEC3900][000001E8DEAE0880 49] Android_Low, [000001E8DDE79B00][000001E8DEAE4A00 49] Android_Mid, [000001E8DDEC3000][000001E8DEAE8B80 49] Android_High, [000001E8DDE7A300][000001E8DEAECD00 49] Android_Default, [000001E8DDEC2000][000001E8DDA96E40 49] Android_Adreno4xx, [000001E8DDE78100][000001E8DEAF0F80 49] Android_Adreno5xx_Low, [000001E8DDEC0B00][000001E8DEAF50C0 49] Android_Adreno5xx, [000001E8DDE79800][000001E8DEAFD240 49] Android_Adreno6xx, [000001E8DDEC1100][000001E8DEB013C0 49] Android_Adreno6xx_Vulkan, [000001E8DDE78800][000001E8DEB05540 49] Android_Mali_T6xx, [000001E8DDEC3600][000001E8DEB096C0 49] Android_Mali_T7xx, [000001E8DDE78D00][000001E8DEB0D840 49] Android_Mali_T8xx, [000001E8DDEC3C00][000001E8DEB119C0 49] Android_Mali_G71, [000001E8DDE79500][000001E8DEB15B40 49] Android_Mali_G72, [000001E8DDEC3E00][000001E8DEB18140 49] Android_Mali_G72_Vulkan, [000001E8DDE7BD00][000001E8DEB1C2C0 49] Android_Mali_G76, [000001E8DDEC3A00][000001E8DEB20440 49] Android_Mali_G76_Vulkan, [000001E8DDE7B600][000001E8DEB245C0 49] Android_Mali_G77, [000001E8DDEC2200][000001E8DEB28740 49] Android_Mali_G77_Vulkan, [000001E8DDE79200][000001E8DEB9C8C0 49] Android_Mali_G78, [000001E8DDEC0A00][000001E8DEBA0A40 49] Android_Mali_G78_Vulkan, [000001E8DDE7B000][000001E8DEBA4BC0 49] Android_Mali_G710, [000001E8DDEC1400][000001E8DEBA8D40 49] Android_Mali_G710_Vulkan, [000001E8DDE78700][000001E8DEBACEC0 49] Android_Vulkan_SM5, [000001E8DDEC1800][000001E8DEAF9000 49] Android_PowerVR_G6xxx, [000001E8DDE78E00][000001E8DEBB1140 49] Android_PowerVR_GT7xxx, [000001E8DDEC0200][000001E8DEBB5280 49] Android_PowerVR_GE8xxx, [000001E8DDE78600][000001E8DEBB93C0 49] Android_PowerVR_GM9xxx, [000001E8DDEC2600][000001E8DEBC1540 49] Android_PowerVR_GM9xxx_Vulkan, [000001E8DDE7CF00][000001E8DEBC56C0 49] Android_TegraK1, [000001E8DDEC2A00][000001E8DEC27840 49] Android_Unknown_Vulkan, [000001E8DDE7CD00][000001E8DEC659C0 49] Lumin, [000001E8DDEC1200][000001E8DAA4BB40 49] Lumin_Desktop, [000001E8DDE7CB00][000001E8DAA52140 49] HoloLens, 
[2026.02.13-09.57.06:987][  0]LogMeshReduction: Using QuadricMeshReduction for automatic static mesh reduction
[2026.02.13-09.57.06:987][  0]LogMeshReduction: Using SimplygonMeshReduction for automatic skeletal mesh reduction
[2026.02.13-09.57.06:987][  0]LogMeshReduction: Using ProxyLODMeshReduction for automatic mesh merging
[2026.02.13-09.57.06:987][  0]LogMeshReduction: No distributed automatic mesh merging module available
[2026.02.13-09.57.06:987][  0]LogMeshMerging: No distributed automatic mesh merging module available
[2026.02.13-09.57.07:000][  0]LogNetVersion: TopDownAC 1.0.0, NetCL: 17155196, EngineNetVer: 17, GameNetVer: 0 (Checksum: 548030664)
[2026.02.13-09.57.07:253][  0]LogTexture: Default maximum texture size for cubemaps generated from long-lat sources has been changed from 512 to unlimited. In order to preserve old behaiour for '/Engine/MapTemplates/Sky/DaylightAmbientCubemap.DaylightAmbientCubemap', its maximum texture size has been explicitly set to 512.
[2026.02.13-09.57.07:292][  0]LogHMD: PokeAHoleMaterial loaded successfully
[2026.02.13-09.57.07:295][  0]LogUObjectArray: 17179 objects as part of root set at end of initial load.
[2026.02.13-09.57.07:295][  0]LogUObjectAllocator: 4302256 out of 0 bytes used by permanent object pool.
[2026.02.13-09.57.07:295][  0]LogUObjectArray: CloseDisregardForGC: 0/0 objects in disregard for GC pool
[2026.02.13-09.57.07:457][  0]LogPython: Using Python 3.7.7
[2026.02.13-09.57.07:811][  0]LogUdpMessaging: Initializing bridge on interface 0.0.0.0:0 to multicast group 230.0.0.1:6666.
[2026.02.13-09.57.07:817][  0]LogTcpMessaging: Initializing TcpMessaging bridge
[2026.02.13-09.57.07:832][  0]LogNiagaraDebuggerClient: Niagara Debugger Client Initialized | Session: 39081CD04BF0D4B35CF2E9A26B3B50E7 | Instance: 84FEB80B42DC922429CDCEA5E5BA8DB4 (LAPTOP-AN92MERF-10076).
[2026.02.13-09.57.08:083][  0]SourceControl: Source control is disabled
[2026.02.13-09.57.08:083][  0]SourceControl: Source control is disabled
[2026.02.13-09.57.08:090][  0]SourceControl: Source control is disabled
[2026.02.13-09.57.08:092][  0]SourceControl: Source control is disabled
[2026.02.13-09.57.08:104][  0]SourceControl: Source control is disabled
[2026.02.13-09.57.08:123][  0]LogOpenImageDenoise: OIDN starting up
[2026.02.13-09.57.08:136][  0]LogAndroidPermission: UAndroidPermissionCallbackProxy::GetInstance
[2026.02.13-09.57.08:143][  0]LogAudioCaptureCore: Display: No Audio Capture implementations found. Audio input will be silent.
[2026.02.13-09.57.08:143][  0]LogAudioCaptureCore: Display: No Audio Capture implementations found. Audio input will be silent.
[2026.02.13-09.57.08:230][  0]LogUProjectInfo: Found projects:
[2026.02.13-09.57.08:235][  0]LogVSAccessor: Display: Unable to create Visual Studio setup instance: 80040154
[2026.02.13-09.57.08:235][  0]LogVSAccessor: Display: Unable to create Visual Studio setup instance: 80040154
[2026.02.13-09.57.08:236][  0]LogVSAccessor: Display: Unable to create Visual Studio setup instance: 80040154
[2026.02.13-09.57.08:245][  0]LogCollectionManager: Loaded 0 collections in 0.000454 seconds
[2026.02.13-09.57.08:262][  0]LogFileCache: Scanning file cache for directory 'D:/Repozytoria/UE 4.27/KZ_TopDownShooter/TopDownAC/Saved/Collections/' took 0.00s
[2026.02.13-09.57.08:262][  0]LogFileCache: Scanning file cache for directory 'D:/Repozytoria/UE 4.27/KZ_TopDownShooter/TopDownAC/Content/Developers/harry/Collections/' took 0.00s
[2026.02.13-09.57.08:262][  0]LogFileCache: Scanning file cache for directory 'D:/Repozytoria/UE 4.27/KZ_TopDownShooter/TopDownAC/Content/Collections/' took 0.00s
[2026.02.13-09.57.08:262][  0]LogOcInput: OculusInput pre-init called
[2026.02.13-09.57.08:427][  0]LogEngine: Initializing Engine...
[2026.02.13-09.57.08:429][  0]LogHMD: Failed to enumerate extensions. Please check that you have a valid OpenXR runtime installed.
[2026.02.13-09.57.08:429][  0]LogHMD: Failed to initialize OpenVR with code 110
[2026.02.13-09.57.08:429][  0]LogMagicLeap: Warning: VR disabled because ZI is not enabled.  To enable, in the editor, Edit -> Project Settings -> Plugins -> Magic Leap Plugin -> Enable Zero Iteration
[2026.02.13-09.57.08:430][  0]LogStats: UGameplayTagsManager::InitializeManager -  0.000 s
[2026.02.13-09.57.08:507][  0]LogInit: Initializing FReadOnlyCVARCache
[2026.02.13-09.57.08:513][  0]LogAIModule: Creating AISystem for world Untitled
[2026.02.13-09.57.08:515][  0]LogAudio: Display: Initializing Audio Device Manager...
[2026.02.13-09.57.08:519][  0]LogAudio: Display: Loading Default Audio Settings Objects...
[2026.02.13-09.57.08:519][  0]LogAudio: Display: No default SoundConcurrencyObject specified (or failed to load).
[2026.02.13-09.57.08:519][  0]LogAudio: Display: Audio Device Manager Initialized
[2026.02.13-09.57.08:519][  0]LogAudio: Display: Creating Audio Device:                 Id: 1, Scope: Shared, Realtime: True
[2026.02.13-09.57.08:519][  0]LogAudioMixer: Display: Audio Mixer Platform Settings:
[2026.02.13-09.57.08:519][  0]LogAudioMixer: Display: 	Sample Rate:						  48000
[2026.02.13-09.57.08:519][  0]LogAudioMixer: Display: 	Callback Buffer Frame Size Requested: 1024
[2026.02.13-09.57.08:519][  0]LogAudioMixer: Display: 	Callback Buffer Frame Size To Use:	  1024
[2026.02.13-09.57.08:519][  0]LogAudioMixer: Display: 	Number of buffers to queue:			  2
[2026.02.13-09.57.08:519][  0]LogAudioMixer: Display: 	Max Channels (voices):				  32
[2026.02.13-09.57.08:519][  0]LogAudioMixer: Display: 	Number of Async Source Workers:		  0
[2026.02.13-09.57.08:519][  0]LogAudio: Display: AudioDevice MaxSources: 32
[2026.02.13-09.57.08:520][  0]LogAudio: Display: Audio Spatialization Plugin: None (built-in).
[2026.02.13-09.57.08:520][  0]LogAudio: Display: Audio Reverb Plugin: None (built-in).
[2026.02.13-09.57.08:520][  0]LogAudio: Display: Audio Occlusion Plugin: None (built-in).
[2026.02.13-09.57.08:520][  0]LogAudioMixer: Display: Initializing audio mixer.
[2026.02.13-09.57.08:527][  0]LogAudioMixer: Display: 0: FrontLeft
[2026.02.13-09.57.08:527][  0]LogAudioMixer: Display: 1: FrontRight
[2026.02.13-09.57.08:539][  0]LogAudioMixer: Display: Using Audio Device Speakers (USB Audio Device)
[2026.02.13-09.57.08:540][  0]LogAudioMixer: Display: Initializing Sound Submixes...
[2026.02.13-09.57.08:542][  0]LogAudioMixer: Display: Creating Master Submix 'MasterSubmixDefault'
[2026.02.13-09.57.08:542][  0]LogAudioMixer: Display: Creating Master Submix 'MasterReverbSubmixDefault'
[2026.02.13-09.57.08:543][  0]LogAudioMixer: Display: Creating Master Submix 'MasterEQSubmixDefault'
[2026.02.13-09.57.08:543][  0]LogAudioMixer: FMixerPlatformXAudio2::StartAudioStream() called
[2026.02.13-09.57.08:543][  0]LogAudioMixer: Display: Output buffers initialized: Frames=1024, Channels=2, Samples=2048
[2026.02.13-09.57.08:543][  0]LogAudioMixer: Display: Starting AudioMixerPlatformInterface::RunInternal()
[2026.02.13-09.57.08:543][  0]LogAudioMixer: Display: FMixerPlatformXAudio2::SubmitBuffer() called for the first time
[2026.02.13-09.57.08:543][  0]LogInit: FAudioDevice initialized.
[2026.02.13-09.57.08:544][  0]LogAudio: Display: Audio Device (ID: 1) registered with world 'Untitled'.
[2026.02.13-09.57.08:544][  0]LogNetVersion: Set ProjectVersion to 1.0.0.0. Version Checksum will be recalculated on next use.
[2026.02.13-09.57.08:603][  0]LogDerivedDataCache: Saved boot cache 0.06s 94MB C:/Users/harry/AppData/Local/UnrealEngine/4.27/DerivedDataCache/Boot.ddc.
[2026.02.13-09.57.08:603][  0]LogInit: Texture streaming: Enabled
[2026.02.13-09.57.08:612][  0]LogAnalytics: Display: [UEEditor.Rocket.Release] APIServer = https://datarouter.ol.epicgames.com/. AppVersion = 4.27.2-18319896+++UE4+Release-4.27
[2026.02.13-09.57.08:614][  0]LogEngineSessionManager: EngineSessionManager initialized
[2026.02.13-09.57.08:614][  0]LogEditorSessionSummary: Verbose: Initializing EditorSessionSummaryWriter for editor session tracking
[2026.02.13-09.57.08:616][  0]LogEditorSessionSummary: EditorSessionSummaryWriter initialized
[2026.02.13-09.57.08:634][  0]LogInit: Transaction tracking system initialized
[2026.02.13-09.57.08:648][  0]BlueprintLog: New page: Editor Load
[2026.02.13-09.57.08:686][  0]LocalizationService: Localization service is disabled
[2026.02.13-09.57.08:702][  0]TimingProfiler: Initialize
[2026.02.13-09.57.08:703][  0]TimingProfiler: OnSessionChanged
[2026.02.13-09.57.08:703][  0]LoadingProfiler: Initialize
[2026.02.13-09.57.08:703][  0]LoadingProfiler: OnSessionChanged
[2026.02.13-09.57.08:703][  0]NetworkingProfiler: Initialize
[2026.02.13-09.57.08:703][  0]NetworkingProfiler: OnSessionChanged
[2026.02.13-09.57.08:703][  0]MemoryProfiler: Initialize
[2026.02.13-09.57.08:703][  0]MemoryProfiler: OnSessionChanged
[2026.02.13-09.57.08:744][  0]LogVSAccessor: Display: Unable to create Visual Studio setup instance: 80040154
[2026.02.13-09.57.08:745][  0]LogVSAccessor: Display: Unable to create Visual Studio setup instance: 80040154
[2026.02.13-09.57.08:745][  0]LogVSAccessor: Display: Unable to create Visual Studio setup instance: 80040154
[2026.02.13-09.57.08:839][  0]LogCook: Display: CookSettings for Memory: MemoryMaxUsedVirtual 0MiB, MemoryMaxUsedPhysical 16384MiB, MemoryMinFreeVirtual 0MiB, MemoryMinFreePhysical 1024MiB
[2026.02.13-09.57.08:839][  0]LogCook: Display: Mobile HDR setting 1
[2026.02.13-09.57.08:873][  0]LogFileCache: Scanning file cache for directory 'D:/Repozytoria/UE 4.27/KZ_TopDownShooter/TopDownAC/Content/' took 0.00s
[2026.02.13-09.57.09:093][  0]LogInit: Display: Engine is initialized. Leaving FEngineLoop::Init()
[2026.02.13-09.57.09:095][  0]SourceControl: Source control is disabled
[2026.02.13-09.57.09:095][  0]LogUnrealEdMisc: Loading editor; pre map load, took 4.470
[2026.02.13-09.57.09:095][  0]Cmd: MAP LOAD FILE="../../../../../Repozytoria/UE 4.27/KZ_TopDownShooter/TopDownAC/Content/Levels/Main.umap" TEMPLATE=0 SHOWPROGRESS=1 FEATURELEVEL=3
[2026.02.13-09.57.09:095][  0]LightingResults: New page: Lighting Build
[2026.02.13-09.57.09:095][  0]LogWorld: UWorld::CleanupWorld for Untitled, bSessionEnded=true, bCleanupResources=true
[2026.02.13-09.57.09:095][  0]LogSlate: InvalidateAllWidgets triggered.  All widgets were invalidated
[2026.02.13-09.57.09:097][  0]MapCheck: New page: Map Check
[2026.02.13-09.57.09:097][  0]LightingResults: New page: Lighting Build
[2026.02.13-09.57.09:109][  0]LogAudio: Display: Audio Device unregistered from world 'None'.
[2026.02.13-09.57.09:111][  0]LogUObjectHash: Compacting FUObjectHashTables data took   0.50ms
[2026.02.13-09.57.09:401][  0]LogSkeletalMesh: Display: [AssetLog] D:\Repozytoria\UE 4.27\KZ_TopDownShooter\TopDownAC\Content\Weapons\Rifle.uasset: Find and fix some bad tangent! please re-import this skeletal mesh asset to fix the issue. The shading of the skeletal mesh will be bad and faceted.
[2026.02.13-09.57.09:406][  0]LogAudio: Display: Audio Device (ID: 1) registered with world 'Main'.
[2026.02.13-09.57.09:407][  0]LogAIModule: Creating AISystem for world Main
[2026.02.13-09.57.09:425][  0]LogEditorServer: Finished looking for orphan Actors (0.000 secs)
[2026.02.13-09.57.09:433][  0]LogUObjectHash: Compacting FUObjectHashTables data took   0.55ms
[2026.02.13-09.57.09:433][  0]Cmd: MAP CHECKDEP NOCLEARLOG
[2026.02.13-09.57.09:433][  0]MapCheck: Map check complete: 0 Error(s), 0 Warning(s), took 0,077ms to complete.
[2026.02.13-09.57.09:433][  0]LogFileHelpers: Loading map 'Main' took 0.338
[2026.02.13-09.57.09:434][  0]LogUnrealEdMisc: Total Editor Startup Time, took 4.809
[2026.02.13-09.57.09:518][  0]LogSlate: Updating window title bar state: overlay mode, drag disabled, window buttons hidden, title bar hidden
[2026.02.13-09.57.09:522][  0]LogSlate: Updating window title bar state: overlay mode, drag disabled, window buttons hidden, title bar hidden
[2026.02.13-09.57.09:525][  0]LogSlate: Updating window title bar state: overlay mode, drag disabled, window buttons hidden, title bar hidden
[2026.02.13-09.57.09:529][  0]LogSlate: Updating window title bar state: overlay mode, drag disabled, window buttons hidden, title bar hidden
[2026.02.13-09.57.09:561][  0]LogNativeClassHierarchy: Verbose: Native class hierarchy populated in 0.0064 seconds. Added 3822 classes and 928 folders.
[2026.02.13-09.57.09:563][  0]LogNativeClassHierarchy: Verbose: Native class hierarchy updated for 'WidgetCarousel' in 0.0002 seconds. Added 0 classes and 0 folders.
[2026.02.13-09.57.09:564][  0]LogPakFile: PakFile PrimaryIndexSize=187
[2026.02.13-09.57.09:564][  0]LogPakFile: PakFile PathHashIndexSize=101
[2026.02.13-09.57.09:564][  0]LogPakFile: PakFile FullDirectoryIndexSize=148
[2026.02.13-09.57.09:564][  0]LogShaderLibrary: Display: ShaderCodeLibraryPakFileMountedCallback: PakFile 'D:/Epic Games/UE_4.27/FeaturePacks/FP_FirstPerson.upack' (chunk index -1, root 'root:/') mounted
[2026.02.13-09.57.09:564][  0]LogShaderLibrary: Display: ShaderCodeLibraryPakFileMountedCallback: pending pak file info (ChunkID:-1 Root:root:/ File:D:/Epic Games/UE_4.27/FeaturePacks/FP_FirstPerson.upack)
[2026.02.13-09.57.09:564][  0]LogPakFile: OnPakFileMounted2Time == 0.000034
[2026.02.13-09.57.09:564][  0]LogPakFile: PakFile PrimaryIndexSize=189
[2026.02.13-09.57.09:564][  0]LogPakFile: PakFile PathHashIndexSize=101
[2026.02.13-09.57.09:564][  0]LogPakFile: PakFile FullDirectoryIndexSize=152
[2026.02.13-09.57.09:564][  0]LogShaderLibrary: Display: ShaderCodeLibraryPakFileMountedCallback: PakFile 'D:/Epic Games/UE_4.27/FeaturePacks/FP_FirstPersonBP.upack' (chunk index -1, root 'root:/') mounted
[2026.02.13-09.57.09:564][  0]LogShaderLibrary: Display: ShaderCodeLibraryPakFileMountedCallback: pending pak file info (ChunkID:-1 Root:root:/ File:D:/Epic Games/UE_4.27/FeaturePacks/FP_FirstPersonBP.upack)
[2026.02.13-09.57.09:564][  0]LogPakFile: OnPakFileMounted2Time == 0.000021
[2026.02.13-09.57.09:565][  0]LogPakFile: PakFile PrimaryIndexSize=191
[2026.02.13-09.57.09:565][  0]LogPakFile: PakFile PathHashIndexSize=101
[2026.02.13-09.57.09:565][  0]LogPakFile: PakFile FullDirectoryIndexSize=160
[2026.02.13-09.57.09:565][  0]LogShaderLibrary: Display: ShaderCodeLibraryPakFileMountedCallback: PakFile 'D:/Epic Games/UE_4.27/FeaturePacks/MobileStarterContent.upack' (chunk index -1, root 'root:/') mounted
[2026.02.13-09.57.09:565][  0]LogShaderLibrary: Display: ShaderCodeLibraryPakFileMountedCallback: pending pak file info (ChunkID:-1 Root:root:/ File:D:/Epic Games/UE_4.27/FeaturePacks/MobileStarterContent.upack)
[2026.02.13-09.57.09:565][  0]LogPakFile: OnPakFileMounted2Time == 0.000018
[2026.02.13-09.57.09:565][  0]LogPakFile: PakFile PrimaryIndexSize=185
[2026.02.13-09.57.09:565][  0]LogPakFile: PakFile PathHashIndexSize=101
[2026.02.13-09.57.09:565][  0]LogPakFile: PakFile FullDirectoryIndexSize=148
[2026.02.13-09.57.09:565][  0]LogShaderLibrary: Display: ShaderCodeLibraryPakFileMountedCallback: PakFile 'D:/Epic Games/UE_4.27/FeaturePacks/StarterContent.upack' (chunk index -1, root 'root:/') mounted
[2026.02.13-09.57.09:565][  0]LogShaderLibrary: Display: ShaderCodeLibraryPakFileMountedCallback: pending pak file info (ChunkID:-1 Root:root:/ File:D:/Epic Games/UE_4.27/FeaturePacks/StarterContent.upack)
[2026.02.13-09.57.09:565][  0]LogPakFile: OnPakFileMounted2Time == 0.000018
[2026.02.13-09.57.09:565][  0]LogPakFile: PakFile PrimaryIndexSize=190
[2026.02.13-09.57.09:565][  0]LogPakFile: PakFile PathHashIndexSize=101
[2026.02.13-09.57.09:565][  0]LogPakFile: PakFile FullDirectoryIndexSize=154
[2026.02.13-09.57.09:565][  0]LogShaderLibrary: Display: ShaderCodeLibraryPakFileMountedCallback: PakFile 'D:/Epic Games/UE_4.27/FeaturePacks/TP_2DSideScroller.upack' (chunk index -1, root 'root:/') mounted
[2026.02.13-09.57.09:565][  0]LogShaderLibrary: Display: ShaderCodeLibraryPakFileMountedCallback: pending pak file info (ChunkID:-1 Root:root:/ File:D:/Epic Games/UE_4.27/FeaturePacks/TP_2DSideScroller.upack)
[2026.02.13-09.57.09:565][  0]LogPakFile: OnPakFileMounted2Time == 0.000018
[2026.02.13-09.57.09:565][  0]LogPakFile: PakFile PrimaryIndexSize=192
[2026.02.13-09.57.09:565][  0]LogPakFile: PakFile PathHashIndexSize=101
[2026.02.13-09.57.09:565][  0]LogPakFile: PakFile FullDirectoryIndexSize=158
[2026.02.13-09.57.09:565][  0]LogShaderLibrary: Display: ShaderCodeLibraryPakFileMountedCallback: PakFile 'D:/Epic Games/UE_4.27/FeaturePacks/TP_2DSideScrollerBP.upack' (chunk index -1, root 'root:/') mounted
[2026.02.13-09.57.09:565][  0]LogShaderLibrary: Display: ShaderCodeLibraryPakFileMountedCallback: pending pak file info (ChunkID:-1 Root:root:/ File:D:/Epic Games/UE_4.27/FeaturePacks/TP_2DSideScrollerBP.upack)
[2026.02.13-09.57.09:565][  0]LogPakFile: OnPakFileMounted2Time == 0.000017
[2026.02.13-09.57.09:565][  0]LogPakFile: PakFile PrimaryIndexSize=182
[2026.02.13-09.57.09:565][  0]LogPakFile: PakFile PathHashIndexSize=101
[2026.02.13-09.57.09:565][  0]LogPakFile: PakFile FullDirectoryIndexSize=138
[2026.02.13-09.57.09:565][  0]LogShaderLibrary: Display: ShaderCodeLibraryPakFileMountedCallback: PakFile 'D:/Epic Games/UE_4.27/FeaturePacks/TP_Flying.upack' (chunk index -1, root 'root:/') mounted
[2026.02.13-09.57.09:565][  0]LogShaderLibrary: Display: ShaderCodeLibraryPakFileMountedCallback: pending pak file info (ChunkID:-1 Root:root:/ File:D:/Epic Games/UE_4.27/FeaturePacks/TP_Flying.upack)
[2026.02.13-09.57.09:565][  0]LogPakFile: OnPakFileMounted2Time == 0.000016
[2026.02.13-09.57.09:565][  0]LogPakFile: PakFile PrimaryIndexSize=184
[2026.02.13-09.57.09:565][  0]LogPakFile: PakFile PathHashIndexSize=101
[2026.02.13-09.57.09:565][  0]LogPakFile: PakFile FullDirectoryIndexSize=142
[2026.02.13-09.57.09:565][  0]LogShaderLibrary: Display: ShaderCodeLibraryPakFileMountedCallback: PakFile 'D:/Epic Games/UE_4.27/FeaturePacks/TP_FlyingBP.upack' (chunk index -1, root 'root:/') mounted
[2026.02.13-09.57.09:565][  0]LogShaderLibrary: Display: ShaderCodeLibraryPakFileMountedCallback: pending pak file info (ChunkID:-1 Root:root:/ File:D:/Epic Games/UE_4.27/FeaturePacks/TP_FlyingBP.upack)
[2026.02.13-09.57.09:565][  0]LogPakFile: OnPakFileMounted2Time == 0.000016
[2026.02.13-09.57.09:565][  0]LogPakFile: PakFile PrimaryIndexSize=188
[2026.02.13-09.57.09:565][  0]LogPakFile: PakFile PathHashIndexSize=101
[2026.02.13-09.57.09:565][  0]LogPakFile: PakFile FullDirectoryIndexSize=150
[2026.02.13-09.57.09:565][  0]LogShaderLibrary: Display: ShaderCodeLibraryPakFileMountedCallback: PakFile 'D:/Epic Games/UE_4.27/FeaturePacks/TP_HandheldARBP.upack' (chunk index -1, root 'root:/') mounted
[2026.02.13-09.57.09:565][  0]LogShaderLibrary: Display: ShaderCodeLibraryPakFileMountedCallback: pending pak file info (ChunkID:-1 Root:root:/ File:D:/Epic Games/UE_4.27/FeaturePacks/TP_HandheldARBP.upack)
[2026.02.13-09.57.09:565][  0]LogPakFile: OnPakFileMounted2Time == 0.000016
[2026.02.13-09.57.09:567][  0]LogPakFile: PakFile PrimaryIndexSize=182
[2026.02.13-09.57.09:567][  0]LogPakFile: PakFile PathHashIndexSize=101
[2026.02.13-09.57.09:567][  0]LogPakFile: PakFile FullDirectoryIndexSize=138
[2026.02.13-09.57.09:567][  0]LogShaderLibrary: Display: ShaderCodeLibraryPakFileMountedCallback: PakFile 'D:/Epic Games/UE_4.27/FeaturePacks/TP_Puzzle.upack' (chunk index -1, root 'root:/') mounted
[2026.02.13-09.57.09:567][  0]LogShaderLibrary: Display: ShaderCodeLibraryPakFileMountedCallback: pending pak file info (ChunkID:-1 Root:root:/ File:D:/Epic Games/UE_4.27/FeaturePacks/TP_Puzzle.upack)
[2026.02.13-09.57.09:567][  0]LogPakFile: OnPakFileMounted2Time == 0.000017
[2026.02.13-09.57.09:567][  0]LogPakFile: PakFile PrimaryIndexSize=184
[2026.02.13-09.57.09:567][  0]LogPakFile: PakFile PathHashIndexSize=101
[2026.02.13-09.57.09:567][  0]LogPakFile: PakFile FullDirectoryIndexSize=142
[2026.02.13-09.57.09:567][  0]LogShaderLibrary: Display: ShaderCodeLibraryPakFileMountedCallback: PakFile 'D:/Epic Games/UE_4.27/FeaturePacks/TP_PuzzleBP.upack' (chunk index -1, root 'root:/') mounted
[2026.02.13-09.57.09:567][  0]LogShaderLibrary: Display: ShaderCodeLibraryPakFileMountedCallback: pending pak file info (ChunkID:-1 Root:root:/ File:D:/Epic Games/UE_4.27/FeaturePacks/TP_PuzzleBP.upack)
[2026.02.13-09.57.09:567][  0]LogPakFile: OnPakFileMounted2Time == 0.000016
[2026.02.13-09.57.09:567][  0]LogPakFile: PakFile PrimaryIndexSize=183
[2026.02.13-09.57.09:567][  0]LogPakFile: PakFile PathHashIndexSize=101
[2026.02.13-09.57.09:567][  0]LogPakFile: PakFile FullDirectoryIndexSize=140
[2026.02.13-09.57.09:567][  0]LogShaderLibrary: Display: ShaderCodeLibraryPakFileMountedCallback: PakFile 'D:/Epic Games/UE_4.27/FeaturePacks/TP_Rolling.upack' (chunk index -1, root 'root:/') mounted
[2026.02.13-09.57.09:567][  0]LogShaderLibrary: Display: ShaderCodeLibraryPakFileMountedCallback: pending pak file info (ChunkID:-1 Root:root:/ File:D:/Epic Games/UE_4.27/FeaturePacks/TP_Rolling.upack)
[2026.02.13-09.57.09:567][  0]LogPakFile: OnPakFileMounted2Time == 0.000028
[2026.02.13-09.57.09:568][  0]LogPakFile: PakFile PrimaryIndexSize=185
[2026.02.13-09.57.09:568][  0]LogPakFile: PakFile PathHashIndexSize=101
[2026.02.13-09.57.09:568][  0]LogPakFile: PakFile FullDirectoryIndexSize=144
[2026.02.13-09.57.09:568][  0]LogShaderLibrary: Display: ShaderCodeLibraryPakFileMountedCallback: PakFile 'D:/Epic Games/UE_4.27/FeaturePacks/TP_RollingBP.upack' (chunk index -1, root 'root:/') mounted
[2026.02.13-09.57.09:568][  0]LogShaderLibrary: Display: ShaderCodeLibraryPakFileMountedCallback: pending pak file info (ChunkID:-1 Root:root:/ File:D:/Epic Games/UE_4.27/FeaturePacks/TP_RollingBP.upack)
[2026.02.13-09.57.09:568][  0]LogPakFile: OnPakFileMounted2Time == 0.000020
[2026.02.13-09.57.09:568][  0]LogPakFile: PakFile PrimaryIndexSize=188
[2026.02.13-09.57.09:568][  0]LogPakFile: PakFile PathHashIndexSize=101
[2026.02.13-09.57.09:568][  0]LogPakFile: PakFile FullDirectoryIndexSize=150
[2026.02.13-09.57.09:568][  0]LogShaderLibrary: Display: ShaderCodeLibraryPakFileMountedCallback: PakFile 'D:/Epic Games/UE_4.27/FeaturePacks/TP_SideScroller.upack' (chunk index -1, root 'root:/') mounted
[2026.02.13-09.57.09:568][  0]LogShaderLibrary: Display: ShaderCodeLibraryPakFileMountedCallback: pending pak file info (ChunkID:-1 Root:root:/ File:D:/Epic Games/UE_4.27/FeaturePacks/TP_SideScroller.upack)
[2026.02.13-09.57.09:568][  0]LogPakFile: OnPakFileMounted2Time == 0.000018
[2026.02.13-09.57.09:568][  0]LogPakFile: PakFile PrimaryIndexSize=190
[2026.02.13-09.57.09:568][  0]LogPakFile: PakFile PathHashIndexSize=101
[2026.02.13-09.57.09:568][  0]LogPakFile: PakFile FullDirectoryIndexSize=154
[2026.02.13-09.57.09:568][  0]LogShaderLibrary: Display: ShaderCodeLibraryPakFileMountedCallback: PakFile 'D:/Epic Games/UE_4.27/FeaturePacks/TP_SideScrollerBP.upack' (chunk index -1, root 'root:/') mounted
[2026.02.13-09.57.09:568][  0]LogShaderLibrary: Display: ShaderCodeLibraryPakFileMountedCallback: pending pak file info (ChunkID:-1 Root:root:/ File:D:/Epic Games/UE_4.27/FeaturePacks/TP_SideScrollerBP.upack)
[2026.02.13-09.57.09:568][  0]LogPakFile: OnPakFileMounted2Time == 0.000017
[2026.02.13-09.57.09:568][  0]LogPakFile: PakFile PrimaryIndexSize=187
[2026.02.13-09.57.09:568][  0]LogPakFile: PakFile PathHashIndexSize=101
[2026.02.13-09.57.09:568][  0]LogPakFile: PakFile FullDirectoryIndexSize=148
[2026.02.13-09.57.09:568][  0]LogShaderLibrary: Display: ShaderCodeLibraryPakFileMountedCallback: PakFile 'D:/Epic Games/UE_4.27/FeaturePacks/TP_ThirdPerson.upack' (chunk index -1, root 'root:/') mounted
[2026.02.13-09.57.09:568][  0]LogShaderLibrary: Display: ShaderCodeLibraryPakFileMountedCallback: pending pak file info (ChunkID:-1 Root:root:/ File:D:/Epic Games/UE_4.27/FeaturePacks/TP_ThirdPerson.upack)
[2026.02.13-09.57.09:568][  0]LogPakFile: OnPakFileMounted2Time == 0.000017
[2026.02.13-09.57.09:569][  0]LogPakFile: PakFile PrimaryIndexSize=189
[2026.02.13-09.57.09:569][  0]LogPakFile: PakFile PathHashIndexSize=101
[2026.02.13-09.57.09:569][  0]LogPakFile: PakFile FullDirectoryIndexSize=152
[2026.02.13-09.57.09:569][  0]LogShaderLibrary: Display: ShaderCodeLibraryPakFileMountedCallback: PakFile 'D:/Epic Games/UE_4.27/FeaturePacks/TP_ThirdPersonBP.upack' (chunk index -1, root 'root:/') mounted
[2026.02.13-09.57.09:569][  0]LogShaderLibrary: Display: ShaderCodeLibraryPakFileMountedCallback: pending pak file info (ChunkID:-1 Root:root:/ File:D:/Epic Games/UE_4.27/FeaturePacks/TP_ThirdPersonBP.upack)
[2026.02.13-09.57.09:569][  0]LogPakFile: OnPakFileMounted2Time == 0.000017
[2026.02.13-09.57.09:569][  0]LogPakFile: PakFile PrimaryIndexSize=183
[2026.02.13-09.57.09:569][  0]LogPakFile: PakFile PathHashIndexSize=101
[2026.02.13-09.57.09:569][  0]LogPakFile: PakFile FullDirectoryIndexSize=140
[2026.02.13-09.57.09:569][  0]LogShaderLibrary: Display: ShaderCodeLibraryPakFileMountedCallback: PakFile 'D:/Epic Games/UE_4.27/FeaturePacks/TP_TopDown.upack' (chunk index -1, root 'root:/') mounted
[2026.02.13-09.57.09:569][  0]LogShaderLibrary: Display: ShaderCodeLibraryPakFileMountedCallback: pending pak file info (ChunkID:-1 Root:root:/ File:D:/Epic Games/UE_4.27/FeaturePacks/TP_TopDown.upack)
[2026.02.13-09.57.09:569][  0]LogPakFile: OnPakFileMounted2Time == 0.000026
[2026.02.13-09.57.09:569][  0]LogPakFile: PakFile PrimaryIndexSize=185
[2026.02.13-09.57.09:569][  0]LogPakFile: PakFile PathHashIndexSize=101
[2026.02.13-09.57.09:569][  0]LogPakFile: PakFile FullDirectoryIndexSize=144
[2026.02.13-09.57.09:569][  0]LogShaderLibrary: Display: ShaderCodeLibraryPakFileMountedCallback: PakFile 'D:/Epic Games/UE_4.27/FeaturePacks/TP_TopDownBP.upack' (chunk index -1, root 'root:/') mounted
[2026.02.13-09.57.09:569][  0]LogShaderLibrary: Display: ShaderCodeLibraryPakFileMountedCallback: pending pak file info (ChunkID:-1 Root:root:/ File:D:/Epic Games/UE_4.27/FeaturePacks/TP_TopDownBP.upack)
[2026.02.13-09.57.09:569][  0]LogPakFile: OnPakFileMounted2Time == 0.000017
[2026.02.13-09.57.09:569][  0]LogPakFile: PakFile PrimaryIndexSize=185
[2026.02.13-09.57.09:569][  0]LogPakFile: PakFile PathHashIndexSize=101
[2026.02.13-09.57.09:569][  0]LogPakFile: PakFile FullDirectoryIndexSize=144
[2026.02.13-09.57.09:569][  0]LogShaderLibrary: Display: ShaderCodeLibraryPakFileMountedCallback: PakFile 'D:/Epic Games/UE_4.27/FeaturePacks/TP_TwinStick.upack' (chunk index -1, root 'root:/') mounted
[2026.02.13-09.57.09:569][  0]LogShaderLibrary: Display: ShaderCodeLibraryPakFileMountedCallback: pending pak file info (ChunkID:-1 Root:root:/ File:D:/Epic Games/UE_4.27/FeaturePacks/TP_TwinStick.upack)
[2026.02.13-09.57.09:569][  0]LogPakFile: OnPakFileMounted2Time == 0.000021
[2026.02.13-09.57.09:570][  0]LogPakFile: PakFile PrimaryIndexSize=187
[2026.02.13-09.57.09:570][  0]LogPakFile: PakFile PathHashIndexSize=101
[2026.02.13-09.57.09:570][  0]LogPakFile: PakFile FullDirectoryIndexSize=148
[2026.02.13-09.57.09:570][  0]LogShaderLibrary: Display: ShaderCodeLibraryPakFileMountedCallback: PakFile 'D:/Epic Games/UE_4.27/FeaturePacks/TP_TwinStickBP.upack' (chunk index -1, root 'root:/') mounted
[2026.02.13-09.57.09:570][  0]LogShaderLibrary: Display: ShaderCodeLibraryPakFileMountedCallback: pending pak file info (ChunkID:-1 Root:root:/ File:D:/Epic Games/UE_4.27/FeaturePacks/TP_TwinStickBP.upack)
[2026.02.13-09.57.09:570][  0]LogPakFile: OnPakFileMounted2Time == 0.000020
[2026.02.13-09.57.09:570][  0]LogPakFile: PakFile PrimaryIndexSize=183
[2026.02.13-09.57.09:570][  0]LogPakFile: PakFile PathHashIndexSize=101
[2026.02.13-09.57.09:570][  0]LogPakFile: PakFile FullDirectoryIndexSize=140
[2026.02.13-09.57.09:570][  0]LogShaderLibrary: Display: ShaderCodeLibraryPakFileMountedCallback: PakFile 'D:/Epic Games/UE_4.27/FeaturePacks/TP_Vehicle.upack' (chunk index -1, root 'root:/') mounted
[2026.02.13-09.57.09:570][  0]LogShaderLibrary: Display: ShaderCodeLibraryPakFileMountedCallback: pending pak file info (ChunkID:-1 Root:root:/ File:D:/Epic Games/UE_4.27/FeaturePacks/TP_Vehicle.upack)
[2026.02.13-09.57.09:570][  0]LogPakFile: OnPakFileMounted2Time == 0.000017
[2026.02.13-09.57.09:570][  0]LogPakFile: PakFile PrimaryIndexSize=186
[2026.02.13-09.57.09:570][  0]LogPakFile: PakFile PathHashIndexSize=101
[2026.02.13-09.57.09:570][  0]LogPakFile: PakFile FullDirectoryIndexSize=146
[2026.02.13-09.57.09:570][  0]LogShaderLibrary: Display: ShaderCodeLibraryPakFileMountedCallback: PakFile 'D:/Epic Games/UE_4.27/FeaturePacks/TP_VehicleAdv.upack' (chunk index -1, root 'root:/') mounted
[2026.02.13-09.57.09:570][  0]LogShaderLibrary: Display: ShaderCodeLibraryPakFileMountedCallback: pending pak file info (ChunkID:-1 Root:root:/ File:D:/Epic Games/UE_4.27/FeaturePacks/TP_VehicleAdv.upack)
[2026.02.13-09.57.09:570][  0]LogPakFile: OnPakFileMounted2Time == 0.000020
[2026.02.13-09.57.09:571][  0]LogPakFile: PakFile PrimaryIndexSize=188
[2026.02.13-09.57.09:571][  0]LogPakFile: PakFile PathHashIndexSize=101
[2026.02.13-09.57.09:571][  0]LogPakFile: PakFile FullDirectoryIndexSize=150
[2026.02.13-09.57.09:571][  0]LogShaderLibrary: Display: ShaderCodeLibraryPakFileMountedCallback: PakFile 'D:/Epic Games/UE_4.27/FeaturePacks/TP_VehicleAdvBP.upack' (chunk index -1, root 'root:/') mounted
[2026.02.13-09.57.09:571][  0]LogShaderLibrary: Display: ShaderCodeLibraryPakFileMountedCallback: pending pak file info (ChunkID:-1 Root:root:/ File:D:/Epic Games/UE_4.27/FeaturePacks/TP_VehicleAdvBP.upack)
[2026.02.13-09.57.09:571][  0]LogPakFile: OnPakFileMounted2Time == 0.000017
[2026.02.13-09.57.09:571][  0]LogPakFile: PakFile PrimaryIndexSize=185
[2026.02.13-09.57.09:571][  0]LogPakFile: PakFile PathHashIndexSize=101
[2026.02.13-09.57.09:571][  0]LogPakFile: PakFile FullDirectoryIndexSize=144
[2026.02.13-09.57.09:571][  0]LogShaderLibrary: Display: ShaderCodeLibraryPakFileMountedCallback: PakFile 'D:/Epic Games/UE_4.27/FeaturePacks/TP_VehicleBP.upack' (chunk index -1, root 'root:/') mounted
[2026.02.13-09.57.09:571][  0]LogShaderLibrary: Display: ShaderCodeLibraryPakFileMountedCallback: pending pak file info (ChunkID:-1 Root:root:/ File:D:/Epic Games/UE_4.27/FeaturePacks/TP_VehicleBP.upack)
[2026.02.13-09.57.09:571][  0]LogPakFile: OnPakFileMounted2Time == 0.000018
[2026.02.13-09.57.09:571][  0]LogPakFile: PakFile PrimaryIndexSize=192
[2026.02.13-09.57.09:571][  0]LogPakFile: PakFile PathHashIndexSize=101
[2026.02.13-09.57.09:571][  0]LogPakFile: PakFile FullDirectoryIndexSize=158
[2026.02.13-09.57.09:571][  0]LogShaderLibrary: Display: ShaderCodeLibraryPakFileMountedCallback: PakFile 'D:/Epic Games/UE_4.27/FeaturePacks/TP_VirtualRealityBP.upack' (chunk index -1, root 'root:/') mounted
[2026.02.13-09.57.09:571][  0]LogShaderLibrary: Display: ShaderCodeLibraryPakFileMountedCallback: pending pak file info (ChunkID:-1 Root:root:/ File:D:/Epic Games/UE_4.27/FeaturePacks/TP_VirtualRealityBP.upack)
[2026.02.13-09.57.09:571][  0]LogPakFile: OnPakFileMounted2Time == 0.000021
[2026.02.13-09.57.09:585][  0]LogNativeClassHierarchy: Verbose: Native class hierarchy updated for 'AddContentDialog' in 0.0002 seconds. Added 0 classes and 0 folders.
[2026.02.13-09.57.09:618][  0]LogSlate: Took 0.000160 seconds to synchronously load lazily loaded font '../../../Engine/Content/Slate/Fonts/Roboto-Regular.ttf' (155K)
[2026.02.13-09.57.09:619][  0]LogSlate: Took 0.000118 seconds to synchronously load lazily loaded font '../../../Engine/Content/Editor/Slate/Fonts/FontAwesome.ttf' (139K)
[2026.02.13-09.57.09:620][  0]LogSlate: Took 0.000142 seconds to synchronously load lazily loaded font '../../../Engine/Content/Slate/Fonts/Roboto-Bold.ttf' (160K)
[2026.02.13-09.57.09:682][  0]LogRenderer: Reallocating scene render targets to support 1020x340 Format 10 NumSamples 1 (Frame:1).
[2026.02.13-09.57.09:747][  0]LogNativeClassHierarchy: Verbose: Native class hierarchy updated for 'HierarchicalLODOutliner' in 0.0002 seconds. Added 0 classes and 0 folders.
[2026.02.13-09.57.09:747][  0]LogLoad: (Engine Initialization) Total time: 5.12 seconds
[2026.02.13-09.57.09:747][  0]LogLoad: (Engine Initialization) Total Blueprint compile time: 0.00 seconds
[2026.02.13-09.57.09:792][  0]LogAssetRegistry: Asset discovery search completed in 3.0187 seconds
[2026.02.13-09.57.09:795][  0]LogCollectionManager: Fixed up redirectors for 0 collections in 0.000003 seconds (updated 0 objects)
[2026.02.13-09.57.09:796][  0]LogContentStreaming: Texture pool size now 1000 MB
[2026.02.13-09.57.09:850][  1]LogRenderer: Reallocating scene render targets to support 1020x356 Format 10 NumSamples 1 (Frame:3).
[2026.02.13-09.57.10:446][  2]LogSlate: Took 0.000118 seconds to synchronously load lazily loaded font '../../../Engine/Content/Slate/Fonts/Roboto-Light.ttf' (167K)
[2026.02.13-09.57.16:289][112]LogTemp: Repeating last play command: Selected Viewport
[2026.02.13-09.57.16:293][112]LogPlayLevel: PlayLevel: No blueprints needed recompiling
[2026.02.13-09.57.16:295][112]PIE: New page: PIE session: Main (13 lut 2026, 11:57:16)
[2026.02.13-09.57.16:297][112]LogOnline: OSS: Creating online subsystem instance for: NULL
[2026.02.13-09.57.16:298][112]LogOnline: OSS: TryLoadSubsystemAndSetDefault: Loaded subsystem for module [NULL]
[2026.02.13-09.57.16:298][112]LogPlayLevel: Creating play world package: /Game/Levels/UEDPIE_0_Main
[2026.02.13-09.57.16:301][112]LogPlayLevel: PIE: StaticDuplicateObject took: (0.002695s)
[2026.02.13-09.57.16:302][112]LogAIModule: Creating AISystem for world Main
[2026.02.13-09.57.16:302][112]LogPlayLevel: PIE: World Init took: (0.000986s)
[2026.02.13-09.57.16:302][112]LogPlayLevel: PIE: Created PIE world by copying editor world from /Game/Levels/Main.Main to /Game/Levels/UEDPIE_0_Main.Main (0.003979s)
[2026.02.13-09.57.16:308][112]LogUObjectHash: Compacting FUObjectHashTables data took   0.44ms
[2026.02.13-09.57.16:308][112]LogAudio: Display: Creating Audio Device:                 Id: 2, Scope: Unique, Realtime: True
[2026.02.13-09.57.16:308][112]LogAudioMixer: Display: Audio Mixer Platform Settings:
[2026.02.13-09.57.16:308][112]LogAudioMixer: Display: 	Sample Rate:						  48000
[2026.02.13-09.57.16:308][112]LogAudioMixer: Display: 	Callback Buffer Frame Size Requested: 1024
[2026.02.13-09.57.16:308][112]LogAudioMixer: Display: 	Callback Buffer Frame Size To Use:	  1024
[2026.02.13-09.57.16:308][112]LogAudioMixer: Display: 	Number of buffers to queue:			  2
[2026.02.13-09.57.16:308][112]LogAudioMixer: Display: 	Max Channels (voices):				  32
[2026.02.13-09.57.16:308][112]LogAudioMixer: Display: 	Number of Async Source Workers:		  0
[2026.02.13-09.57.16:308][112]LogAudio: Display: AudioDevice MaxSources: 32
[2026.02.13-09.57.16:309][112]LogAudio: Display: Audio Spatialization Plugin: None (built-in).
[2026.02.13-09.57.16:309][112]LogAudio: Display: Audio Reverb Plugin: None (built-in).
[2026.02.13-09.57.16:309][112]LogAudio: Display: Audio Occlusion Plugin: None (built-in).
[2026.02.13-09.57.16:309][112]LogAudioMixer: Display: Initializing audio mixer.
[2026.02.13-09.57.16:311][112]LogAudioMixer: Display: 0: FrontLeft
[2026.02.13-09.57.16:311][112]LogAudioMixer: Display: 1: FrontRight
[2026.02.13-09.57.16:319][112]LogAudioMixer: Display: Using Audio Device Speakers (USB Audio Device)
[2026.02.13-09.57.16:319][112]LogAudioMixer: Display: Initializing Sound Submixes...
[2026.02.13-09.57.16:319][112]LogAudioMixer: Display: Creating Master Submix 'MasterSubmixDefault'
[2026.02.13-09.57.16:319][112]LogAudioMixer: Display: Creating Master Submix 'MasterReverbSubmixDefault'
[2026.02.13-09.57.16:320][112]LogAudioMixer: Display: Creating Master Submix 'MasterEQSubmixDefault'
[2026.02.13-09.57.16:320][112]LogAudioMixer: FMixerPlatformXAudio2::StartAudioStream() called
[2026.02.13-09.57.16:320][112]LogAudioMixer: Display: Output buffers initialized: Frames=1024, Channels=2, Samples=2048
[2026.02.13-09.57.16:321][112]LogAudioMixer: Display: Starting AudioMixerPlatformInterface::RunInternal()
[2026.02.13-09.57.16:321][112]LogAudioMixer: Display: FMixerPlatformXAudio2::SubmitBuffer() called for the first time
[2026.02.13-09.57.16:321][112]LogInit: FAudioDevice initialized.
[2026.02.13-09.57.16:321][112]LogAudio: Display: Audio Device (ID: 2) registered with world 'Main'.
[2026.02.13-09.57.16:332][112]LogLoad: Game class is 'BP_GameMode_01_C'
[2026.02.13-09.57.16:334][112]LogWorld: Bringing World /Game/Levels/UEDPIE_0_Main.Main up for play (max tick rate 60) at 2026.02.13-10.57.16
[2026.02.13-09.57.16:335][112]LogWorld: Bringing up level for play took: 0.002404
[2026.02.13-09.57.16:336][112]LogOnline: OSS: Creating online subsystem instance for: :Context_3
[2026.02.13-09.57.16:339][112]LogNativeClassHierarchy: Verbose: Native class hierarchy updated for 'MovieSceneCapture' in 0.0003 seconds. Added 20 classes and 0 folders.
[2026.02.13-09.57.16:345][112]PIE: Server logged in
[2026.02.13-09.57.16:345][112]PIE: Play in editor total start time 0,054 seconds.
[2026.02.13-09.57.16:513][118]LogRenderer: Reallocating scene render targets to support 1020x364 Format 10 NumSamples 1 (Frame:27).
[2026.02.13-09.57.19:437][273]LogScript: Warning: Attempted to access AudioComponent_2 via property Weapon Fire Sound, but AudioComponent_2 is pending kill
	BP_PLAYER_C /Game/Levels/UEDPIE_0_Main.Main:PersistentLevel.BP_PLAYER_C_0
	Function /Game/BluePrintClass/BP_PLAYER.BP_PLAYER_C:Stop Firing Weapon:0033
[2026.02.13-09.57.19:437][273]PIE: Error: Blueprint Runtime Error: "Attempted to access AudioComponent_2 via property Weapon Fire Sound, but AudioComponent_2 is pending kill". Blueprint:  BP_PLAYER Function:  Stop Firing Weapon Graph:  Stop Firing Weapon Node:  Stop
[2026.02.13-09.57.36:680][173]LogSlate: Updating window title bar state: overlay mode, drag disabled, window buttons hidden, title bar hidden
[2026.02.13-09.57.36:680][173]LogWorld: BeginTearingDown for /Game/Levels/UEDPIE_0_Main
[2026.02.13-09.57.36:680][173]LogWorld: UWorld::CleanupWorld for Main, bSessionEnded=true, bCleanupResources=true
[2026.02.13-09.57.36:681][173]LogSlate: InvalidateAllWidgets triggered.  All widgets were invalidated
[2026.02.13-09.57.36:694][173]LogPlayLevel: Display: Shutting down PIE online subsystems
[2026.02.13-09.57.36:697][173]LogSlate: InvalidateAllWidgets triggered.  All widgets were invalidated
[2026.02.13-09.57.36:707][173]LogAudio: Display: Audio Device unregistered from world 'None'.
[2026.02.13-09.57.36:707][173]LogAudioMixer: FMixerPlatformXAudio2::StopAudioStream() called
[2026.02.13-09.57.36:709][173]LogAudioMixer: FMixerPlatformXAudio2::StopAudioStream() called
[2026.02.13-09.57.36:711][173]LogSlate: Updating window title bar state: overlay mode, drag disabled, window buttons hidden, title bar hidden
[2026.02.13-09.57.36:715][173]LogUObjectHash: Compacting FUObjectHashTables data took   1.05ms
[2026.02.13-09.57.36:816][173]LogSlate: Took 0.001238 seconds to synchronously load lazily loaded font '../../../Engine/Content/Slate/Fonts/DroidSansMono.ttf' (77K)
[2026.02.13-09.57.36:821][174]LogPlayLevel: Display: Destroying online subsystem :Context_3
[2026.02.13-09.57.37:820][231]LogSlate: Window 'Message Log' being destroyed
[2026.02.13-09.57.37:832][231]LogSlate: Window 'Message Log' being destroyed
[2026.02.13-09.57.38:590][277]LogTemp: Repeating last play command: Selected Viewport
[2026.02.13-09.57.38:596][277]LogPlayLevel: PlayLevel: No blueprints needed recompiling
[2026.02.13-09.57.38:596][277]PIE: New page: PIE session: Main (13 lut 2026, 11:57:38)
[2026.02.13-09.57.38:596][277]LogPlayLevel: Creating play world package: /Game/Levels/UEDPIE_0_Main
[2026.02.13-09.57.38:600][277]LogPlayLevel: PIE: StaticDuplicateObject took: (0.003456s)
[2026.02.13-09.57.38:601][277]LogAIModule: Creating AISystem for world Main
[2026.02.13-09.57.38:601][277]LogPlayLevel: PIE: World Init took: (0.001089s)
[2026.02.13-09.57.38:601][277]LogPlayLevel: PIE: Created PIE world by copying editor world from /Game/Levels/Main.Main to /Game/Levels/UEDPIE_0_Main.Main (0.004670s)
[2026.02.13-09.57.38:608][277]LogUObjectHash: Compacting FUObjectHashTables data took   0.77ms
[2026.02.13-09.57.38:608][277]LogAudio: Display: Creating Audio Device:                 Id: 3, Scope: Unique, Realtime: True
[2026.02.13-09.57.38:608][277]LogAudioMixer: Display: Audio Mixer Platform Settings:
[2026.02.13-09.57.38:608][277]LogAudioMixer: Display: 	Sample Rate:						  48000
[2026.02.13-09.57.38:608][277]LogAudioMixer: Display: 	Callback Buffer Frame Size Requested: 1024
[2026.02.13-09.57.38:608][277]LogAudioMixer: Display: 	Callback Buffer Frame Size To Use:	  1024
[2026.02.13-09.57.38:608][277]LogAudioMixer: Display: 	Number of buffers to queue:			  2
[2026.02.13-09.57.38:608][277]LogAudioMixer: Display: 	Max Channels (voices):				  32
[2026.02.13-09.57.38:608][277]LogAudioMixer: Display: 	Number of Async Source Workers:		  0
[2026.02.13-09.57.38:608][277]LogAudio: Display: AudioDevice MaxSources: 32
[2026.02.13-09.57.38:608][277]LogAudio: Display: Audio Spatialization Plugin: None (built-in).
[2026.02.13-09.57.38:608][277]LogAudio: Display: Audio Reverb Plugin: None (built-in).
[2026.02.13-09.57.38:608][277]LogAudio: Display: Audio Occlusion Plugin: None (built-in).
[2026.02.13-09.57.38:608][277]LogAudioMixer: Display: Initializing audio mixer.
[2026.02.13-09.57.38:612][277]LogAudioMixer: Display: 0: FrontLeft
[2026.02.13-09.57.38:612][277]LogAudioMixer: Display: 1: FrontRight
[2026.02.13-09.57.38:624][277]LogAudioMixer: Display: Using Audio Device Speakers (USB Audio Device)
[2026.02.13-09.57.38:624][277]LogAudioMixer: Display: Initializing Sound Submixes...
[2026.02.13-09.57.38:624][277]LogAudioMixer: Display: Creating Master Submix 'MasterSubmixDefault'
[2026.02.13-09.57.38:624][277]LogAudioMixer: Display: Creating Master Submix 'MasterReverbSubmixDefault'
[2026.02.13-09.57.38:624][277]LogAudioMixer: Display: Creating Master Submix 'MasterEQSubmixDefault'
[2026.02.13-09.57.38:624][277]LogAudioMixer: FMixerPlatformXAudio2::StartAudioStream() called
[2026.02.13-09.57.38:624][277]LogAudioMixer: Display: Output buffers initialized: Frames=1024, Channels=2, Samples=2048
[2026.02.13-09.57.38:625][277]LogAudioMixer: Display: Starting AudioMixerPlatformInterface::RunInternal()
[2026.02.13-09.57.38:625][277]LogAudioMixer: Display: FMixerPlatformXAudio2::SubmitBuffer() called for the first time
[2026.02.13-09.57.38:625][277]LogInit: FAudioDevice initialized.
[2026.02.13-09.57.38:625][277]LogAudio: Display: Audio Device (ID: 3) registered with world 'Main'.
[2026.02.13-09.57.38:635][277]LogLoad: Game class is 'BP_GameMode_01_C'
[2026.02.13-09.57.38:637][277]LogWorld: Bringing World /Game/Levels/UEDPIE_0_Main.Main up for play (max tick rate 60) at 2026.02.13-10.57.38
[2026.02.13-09.57.38:637][277]LogWorld: Bringing up level for play took: 0.001161
[2026.02.13-09.57.38:638][277]LogOnline: OSS: Creating online subsystem instance for: :Context_4
[2026.02.13-09.57.38:643][277]PIE: Server logged in
[2026.02.13-09.57.38:644][277]PIE: Play in editor total start time 0,049 seconds.
[2026.02.13-09.58.28:799][131]LogSlate: Updating window title bar state: overlay mode, drag disabled, window buttons hidden, title bar hidden
[2026.02.13-09.58.28:799][131]LogWorld: BeginTearingDown for /Game/Levels/UEDPIE_0_Main
[2026.02.13-09.58.28:799][131]LogWorld: UWorld::CleanupWorld for Main, bSessionEnded=true, bCleanupResources=true
[2026.02.13-09.58.28:799][131]LogSlate: InvalidateAllWidgets triggered.  All widgets were invalidated
[2026.02.13-09.58.28:805][131]LogPlayLevel: Display: Shutting down PIE online subsystems
[2026.02.13-09.58.28:807][131]LogSlate: InvalidateAllWidgets triggered.  All widgets were invalidated
[2026.02.13-09.58.28:814][131]LogSlate: Updating window title bar state: overlay mode, drag disabled, window buttons hidden, title bar hidden
[2026.02.13-09.58.28:814][131]LogAudioMixer: FMixerPlatformXAudio2::StopAudioStream() called
[2026.02.13-09.58.28:815][131]LogAudioMixer: FMixerPlatformXAudio2::StopAudioStream() called
[2026.02.13-09.58.28:820][131]LogUObjectHash: Compacting FUObjectHashTables data took   0.55ms
[2026.02.13-09.58.28:864][134]LogPlayLevel: Display: Destroying online subsystem :Context_4
[2026.02.13-09.58.36:112][263]LogEditorViewport: Clicking on Actor (LMB): BP_Sky_Sphere_C (Sky Sphere)
[2026.02.13-09.59.51:997][996]LogSlate: Took 0.000322 seconds to synchronously load lazily loaded font '../../../Engine/Content/Slate/Fonts/Roboto-Light.ttf' (167K)
[2026.02.13-09.59.52:037][996]LogAssetEditorSubsystem: Opening Asset editor for WidgetBlueprint /Game/BluePrintClass/W_PlayerHUD.W_PlayerHUD
[2026.02.13-09.59.52:257][996]LogNativeClassHierarchy: Verbose: Native class hierarchy updated for 'BlueprintGraph' in 0.0004 seconds. Added 126 classes and 0 folders.
[2026.02.13-09.59.53:031][996]LogSlate: Took 0.000140 seconds to synchronously load lazily loaded font '../../../Engine/Content/Slate/Fonts/Roboto-BoldCondensed.ttf' (158K)
[2026.02.13-10.00.10:464][ 30]LogAssetEditorSubsystem: Opening Asset editor for Blueprint /Game/BluePrintClass/BP_PLAYER.BP_PLAYER
[2026.02.13-10.00.10:951][ 31]LogSlate: Took 0.002639 seconds to synchronously load lazily loaded font '../../../Engine/Content/Slate/Fonts/Roboto-Italic.ttf' (157K)
[2026.02.13-10.00.53:121][534]BlueprintLog: New page: Compile BP_PLAYER
[2026.02.13-10.00.53:128][534]LogBlueprint: Error: [AssetLog] D:\Repozytoria\UE 4.27\KZ_TopDownShooter\TopDownAC\Content\BluePrintClass\BP_PLAYER.uasset: [Compiler] Could not find a function named "Apply Player Damage" in 'BP_PLAYER_C'.
Make sure 'BP_PLAYER_C' has been compiled for  Apply Player Damage
[2026.02.13-10.00.53:199][534]LogUObjectHash: Compacting FUObjectHashTables data took   2.81ms
[2026.02.13-10.01.10:066][538]BlueprintLog: New page: Compile BP_PLAYER
[2026.02.13-10.01.10:124][538]LogUObjectHash: Compacting FUObjectHashTables data took   2.26ms
[2026.02.13-10.01.14:391][788]LogTemp: Repeating last play command: Selected Viewport
[2026.02.13-10.01.14:398][788]LogPlayLevel: PlayLevel: No blueprints needed recompiling
[2026.02.13-10.01.14:398][788]PIE: New page: PIE session: Main (13 lut 2026, 12:01:14)
[2026.02.13-10.01.14:398][788]LogPlayLevel: Creating play world package: /Game/Levels/UEDPIE_0_Main
[2026.02.13-10.01.14:401][788]LogPlayLevel: PIE: StaticDuplicateObject took: (0.003604s)
[2026.02.13-10.01.14:402][788]LogAIModule: Creating AISystem for world Main
[2026.02.13-10.01.14:403][788]LogPlayLevel: PIE: World Init took: (0.001052s)
[2026.02.13-10.01.14:403][788]LogPlayLevel: PIE: Created PIE world by copying editor world from /Game/Levels/Main.Main to /Game/Levels/UEDPIE_0_Main.Main (0.004787s)
[2026.02.13-10.01.14:433][788]LogUObjectHash: Compacting FUObjectHashTables data took   2.37ms
[2026.02.13-10.01.14:434][788]LogAudio: Display: Creating Audio Device:                 Id: 4, Scope: Unique, Realtime: True
[2026.02.13-10.01.14:434][788]LogAudioMixer: Display: Audio Mixer Platform Settings:
[2026.02.13-10.01.14:434][788]LogAudioMixer: Display: 	Sample Rate:						  48000
[2026.02.13-10.01.14:434][788]LogAudioMixer: Display: 	Callback Buffer Frame Size Requested: 1024
[2026.02.13-10.01.14:434][788]LogAudioMixer: Display: 	Callback Buffer Frame Size To Use:	  1024
[2026.02.13-10.01.14:434][788]LogAudioMixer: Display: 	Number of buffers to queue:			  2
[2026.02.13-10.01.14:434][788]LogAudioMixer: Display: 	Max Channels (voices):				  32
[2026.02.13-10.01.14:434][788]LogAudioMixer: Display: 	Number of Async Source Workers:		  0
[2026.02.13-10.01.14:434][788]LogAudio: Display: AudioDevice MaxSources: 32
[2026.02.13-10.01.14:434][788]LogAudio: Display: Audio Spatialization Plugin: None (built-in).
[2026.02.13-10.01.14:434][788]LogAudio: Display: Audio Reverb Plugin: None (built-in).
[2026.02.13-10.01.14:434][788]LogAudio: Display: Audio Occlusion Plugin: None (built-in).
[2026.02.13-10.01.14:434][788]LogAudioMixer: Display: Initializing audio mixer.
[2026.02.13-10.01.14:437][788]LogAudioMixer: Display: 0: FrontLeft
[2026.02.13-10.01.14:437][788]LogAudioMixer: Display: 1: FrontRight
[2026.02.13-10.01.14:445][788]LogAudioMixer: Display: Using Audio Device Speakers (USB Audio Device)
[2026.02.13-10.01.14:445][788]LogAudioMixer: Display: Initializing Sound Submixes...
[2026.02.13-10.01.14:445][788]LogAudioMixer: Display: Creating Master Submix 'MasterSubmixDefault'
[2026.02.13-10.01.14:445][788]LogAudioMixer: Display: Creating Master Submix 'MasterReverbSubmixDefault'
[2026.02.13-10.01.14:447][788]LogAudioMixer: Display: Creating Master Submix 'MasterEQSubmixDefault'
[2026.02.13-10.01.14:447][788]LogAudioMixer: FMixerPlatformXAudio2::StartAudioStream() called
[2026.02.13-10.01.14:447][788]LogAudioMixer: Display: Output buffers initialized: Frames=1024, Channels=2, Samples=2048
[2026.02.13-10.01.14:448][788]LogAudioMixer: Display: Starting AudioMixerPlatformInterface::RunInternal()
[2026.02.13-10.01.14:448][788]LogAudioMixer: Display: FMixerPlatformXAudio2::SubmitBuffer() called for the first time
[2026.02.13-10.01.14:448][788]LogInit: FAudioDevice initialized.
[2026.02.13-10.01.14:448][788]LogAudio: Display: Audio Device (ID: 4) registered with world 'Main'.
[2026.02.13-10.01.14:452][788]LogLoad: Game class is 'BP_GameMode_01_C'
[2026.02.13-10.01.14:453][788]LogWorld: Bringing World /Game/Levels/UEDPIE_0_Main.Main up for play (max tick rate 60) at 2026.02.13-11.01.14
[2026.02.13-10.01.14:454][788]LogWorld: Bringing up level for play took: 0.000840
[2026.02.13-10.01.14:454][788]LogOnline: OSS: Creating online subsystem instance for: :Context_8
[2026.02.13-10.01.14:456][788]PIE: Server logged in
[2026.02.13-10.01.14:456][788]PIE: Play in editor total start time 0,059 seconds.
[2026.02.13-10.01.22:662][279]LogSlate: Updating window title bar state: overlay mode, drag disabled, window buttons hidden, title bar hidden
[2026.02.13-10.01.22:662][279]LogWorld: BeginTearingDown for /Game/Levels/UEDPIE_0_Main
[2026.02.13-10.01.22:662][279]LogWorld: UWorld::CleanupWorld for Main, bSessionEnded=true, bCleanupResources=true
[2026.02.13-10.01.22:662][279]LogSlate: InvalidateAllWidgets triggered.  All widgets were invalidated
[2026.02.13-10.01.22:671][279]LogPlayLevel: Display: Shutting down PIE online subsystems
[2026.02.13-10.01.22:680][279]LogSlate: InvalidateAllWidgets triggered.  All widgets were invalidated
[2026.02.13-10.01.22:710][279]LogAudio: Display: Audio Device unregistered from world 'None'.
[2026.02.13-10.01.22:711][279]LogAudioMixer: FMixerPlatformXAudio2::StopAudioStream() called
[2026.02.13-10.01.22:712][279]LogAudioMixer: FMixerPlatformXAudio2::StopAudioStream() called
[2026.02.13-10.01.22:714][279]LogSlate: Updating window title bar state: overlay mode, drag disabled, window buttons hidden, title bar hidden
[2026.02.13-10.01.22:717][279]LogUObjectHash: Compacting FUObjectHashTables data took   2.74ms
[2026.02.13-10.01.22:736][280]LogPlayLevel: Display: Destroying online subsystem :Context_8
[2026.02.13-10.01.23:753][341]LogTemp: Repeating last play command: Selected Viewport
[2026.02.13-10.01.23:760][341]LogPlayLevel: PlayLevel: No blueprints needed recompiling
[2026.02.13-10.01.23:760][341]PIE: New page: PIE session: Main (13 lut 2026, 12:01:23)
[2026.02.13-10.01.23:760][341]LogPlayLevel: Creating play world package: /Game/Levels/UEDPIE_0_Main
[2026.02.13-10.01.23:763][341]LogPlayLevel: PIE: StaticDuplicateObject took: (0.003424s)
[2026.02.13-10.01.23:764][341]LogAIModule: Creating AISystem for world Main
[2026.02.13-10.01.23:764][341]LogPlayLevel: PIE: World Init took: (0.001050s)
[2026.02.13-10.01.23:764][341]LogPlayLevel: PIE: Created PIE world by copying editor world from /Game/Levels/Main.Main to /Game/Levels/UEDPIE_0_Main.Main (0.004595s)
[2026.02.13-10.01.23:791][341]LogUObjectHash: Compacting FUObjectHashTables data took   1.77ms
[2026.02.13-10.01.23:791][341]LogAudio: Display: Creating Audio Device:                 Id: 5, Scope: Unique, Realtime: True
[2026.02.13-10.01.23:791][341]LogAudioMixer: Display: Audio Mixer Platform Settings:
[2026.02.13-10.01.23:791][341]LogAudioMixer: Display: 	Sample Rate:						  48000
[2026.02.13-10.01.23:791][341]LogAudioMixer: Display: 	Callback Buffer Frame Size Requested: 1024
[2026.02.13-10.01.23:791][341]LogAudioMixer: Display: 	Callback Buffer Frame Size To Use:	  1024
[2026.02.13-10.01.23:791][341]LogAudioMixer: Display: 	Number of buffers to queue:			  2
[2026.02.13-10.01.23:791][341]LogAudioMixer: Display: 	Max Channels (voices):				  32
[2026.02.13-10.01.23:791][341]LogAudioMixer: Display: 	Number of Async Source Workers:		  0
[2026.02.13-10.01.23:791][341]LogAudio: Display: AudioDevice MaxSources: 32
[2026.02.13-10.01.23:792][341]LogAudio: Display: Audio Spatialization Plugin: None (built-in).
[2026.02.13-10.01.23:792][341]LogAudio: Display: Audio Reverb Plugin: None (built-in).
[2026.02.13-10.01.23:792][341]LogAudio: Display: Audio Occlusion Plugin: None (built-in).
[2026.02.13-10.01.23:792][341]LogAudioMixer: Display: Initializing audio mixer.
[2026.02.13-10.01.23:794][341]LogAudioMixer: Display: 0: FrontLeft
[2026.02.13-10.01.23:794][341]LogAudioMixer: Display: 1: FrontRight
[2026.02.13-10.01.23:803][341]LogAudioMixer: Display: Using Audio Device Speakers (USB Audio Device)
[2026.02.13-10.01.23:803][341]LogAudioMixer: Display: Initializing Sound Submixes...
[2026.02.13-10.01.23:803][341]LogAudioMixer: Display: Creating Master Submix 'MasterSubmixDefault'
[2026.02.13-10.01.23:803][341]LogAudioMixer: Display: Creating Master Submix 'MasterReverbSubmixDefault'
[2026.02.13-10.01.23:803][341]LogAudioMixer: Display: Creating Master Submix 'MasterEQSubmixDefault'
[2026.02.13-10.01.23:803][341]LogAudioMixer: FMixerPlatformXAudio2::StartAudioStream() called
[2026.02.13-10.01.23:803][341]LogAudioMixer: Display: Output buffers initialized: Frames=1024, Channels=2, Samples=2048
[2026.02.13-10.01.23:804][341]LogAudioMixer: Display: Starting AudioMixerPlatformInterface::RunInternal()
[2026.02.13-10.01.23:804][341]LogAudioMixer: Display: FMixerPlatformXAudio2::SubmitBuffer() called for the first time
[2026.02.13-10.01.23:804][341]LogInit: FAudioDevice initialized.
[2026.02.13-10.01.23:804][341]LogAudio: Display: Audio Device (ID: 5) registered with world 'Main'.
[2026.02.13-10.01.23:811][341]LogLoad: Game class is 'BP_GameMode_01_C'
[2026.02.13-10.01.23:812][341]LogWorld: Bringing World /Game/Levels/UEDPIE_0_Main.Main up for play (max tick rate 60) at 2026.02.13-11.01.23
[2026.02.13-10.01.23:813][341]LogWorld: Bringing up level for play took: 0.000914
[2026.02.13-10.01.23:813][341]LogOnline: OSS: Creating online subsystem instance for: :Context_9
[2026.02.13-10.01.23:815][341]PIE: Server logged in
[2026.02.13-10.01.23:816][341]PIE: Play in editor total start time 0,057 seconds.
[2026.02.13-10.01.30:569][744]LogSlate: Updating window title bar state: overlay mode, drag disabled, window buttons hidden, title bar hidden
[2026.02.13-10.01.30:569][744]LogWorld: BeginTearingDown for /Game/Levels/UEDPIE_0_Main
[2026.02.13-10.01.30:570][744]LogWorld: UWorld::CleanupWorld for Main, bSessionEnded=true, bCleanupResources=true
[2026.02.13-10.01.30:570][744]LogSlate: InvalidateAllWidgets triggered.  All widgets were invalidated
[2026.02.13-10.01.30:584][744]LogPlayLevel: Display: Shutting down PIE online subsystems
[2026.02.13-10.01.30:591][744]LogSlate: InvalidateAllWidgets triggered.  All widgets were invalidated
[2026.02.13-10.01.30:615][744]LogSlate: Updating window title bar state: overlay mode, drag disabled, window buttons hidden, title bar hidden
[2026.02.13-10.01.30:616][744]LogAudioMixer: FMixerPlatformXAudio2::StopAudioStream() called
[2026.02.13-10.01.30:616][744]LogAudioMixer: FMixerPlatformXAudio2::StopAudioStream() called
[2026.02.13-10.01.30:621][744]LogUObjectHash: Compacting FUObjectHashTables data took   2.01ms
[2026.02.13-10.01.30:647][745]LogPlayLevel: Display: Destroying online subsystem :Context_9
[2026.02.13-10.01.45:925][659]BlueprintLog: New page: Compile W_PlayerHUD
[2026.02.13-10.01.45:950][659]LogUObjectHash: Compacting FUObjectHashTables data took   1.76ms
[2026.02.13-10.01.47:085][726]LogTemp: Repeating last play command: Selected Viewport
[2026.02.13-10.01.47:090][726]LogPlayLevel: PlayLevel: No blueprints needed recompiling
[2026.02.13-10.01.47:090][726]PIE: New page: PIE session: Main (13 lut 2026, 12:01:47)
[2026.02.13-10.01.47:090][726]LogPlayLevel: Creating play world package: /Game/Levels/UEDPIE_0_Main
[2026.02.13-10.01.47:092][726]LogPlayLevel: PIE: StaticDuplicateObject took: (0.002175s)
[2026.02.13-10.01.47:093][726]LogAIModule: Creating AISystem for world Main
[2026.02.13-10.01.47:093][726]LogPlayLevel: PIE: World Init took: (0.000942s)
[2026.02.13-10.01.47:093][726]LogPlayLevel: PIE: Created PIE world by copying editor world from /Game/Levels/Main.Main to /Game/Levels/UEDPIE_0_Main.Main (0.003240s)
[2026.02.13-10.01.47:120][726]LogUObjectHash: Compacting FUObjectHashTables data took   2.43ms
[2026.02.13-10.01.47:121][726]LogAudio: Display: Creating Audio Device:                 Id: 6, Scope: Unique, Realtime: True
[2026.02.13-10.01.47:121][726]LogAudioMixer: Display: Audio Mixer Platform Settings:
[2026.02.13-10.01.47:121][726]LogAudioMixer: Display: 	Sample Rate:						  48000
[2026.02.13-10.01.47:121][726]LogAudioMixer: Display: 	Callback Buffer Frame Size Requested: 1024
[2026.02.13-10.01.47:121][726]LogAudioMixer: Display: 	Callback Buffer Frame Size To Use:	  1024
[2026.02.13-10.01.47:121][726]LogAudioMixer: Display: 	Number of buffers to queue:			  2
[2026.02.13-10.01.47:121][726]LogAudioMixer: Display: 	Max Channels (voices):				  32
[2026.02.13-10.01.47:121][726]LogAudioMixer: Display: 	Number of Async Source Workers:		  0
[2026.02.13-10.01.47:121][726]LogAudio: Display: AudioDevice MaxSources: 32
[2026.02.13-10.01.47:122][726]LogAudio: Display: Audio Spatialization Plugin: None (built-in).
[2026.02.13-10.01.47:122][726]LogAudio: Display: Audio Reverb Plugin: None (built-in).
[2026.02.13-10.01.47:122][726]LogAudio: Display: Audio Occlusion Plugin: None (built-in).
[2026.02.13-10.01.47:122][726]LogAudioMixer: Display: Initializing audio mixer.
[2026.02.13-10.01.47:124][726]LogAudioMixer: Display: 0: FrontLeft
[2026.02.13-10.01.47:124][726]LogAudioMixer: Display: 1: FrontRight
[2026.02.13-10.01.47:133][726]LogAudioMixer: Display: Using Audio Device Speakers (USB Audio Device)
[2026.02.13-10.01.47:133][726]LogAudioMixer: Display: Initializing Sound Submixes...
[2026.02.13-10.01.47:133][726]LogAudioMixer: Display: Creating Master Submix 'MasterSubmixDefault'
[2026.02.13-10.01.47:133][726]LogAudioMixer: Display: Creating Master Submix 'MasterReverbSubmixDefault'
[2026.02.13-10.01.47:134][726]LogAudioMixer: Display: Creating Master Submix 'MasterEQSubmixDefault'
[2026.02.13-10.01.47:134][726]LogAudioMixer: FMixerPlatformXAudio2::StartAudioStream() called
[2026.02.13-10.01.47:134][726]LogAudioMixer: Display: Output buffers initialized: Frames=1024, Channels=2, Samples=2048
[2026.02.13-10.01.47:135][726]LogAudioMixer: Display: Starting AudioMixerPlatformInterface::RunInternal()
[2026.02.13-10.01.47:135][726]LogAudioMixer: Display: FMixerPlatformXAudio2::SubmitBuffer() called for the first time
[2026.02.13-10.01.47:135][726]LogInit: FAudioDevice initialized.
[2026.02.13-10.01.47:135][726]LogAudio: Display: Audio Device (ID: 6) registered with world 'Main'.
[2026.02.13-10.01.47:143][726]LogLoad: Game class is 'BP_GameMode_01_C'
[2026.02.13-10.01.47:144][726]LogWorld: Bringing World /Game/Levels/UEDPIE_0_Main.Main up for play (max tick rate 60) at 2026.02.13-11.01.47
[2026.02.13-10.01.47:145][726]LogWorld: Bringing up level for play took: 0.000968
[2026.02.13-10.01.47:145][726]LogOnline: OSS: Creating online subsystem instance for: :Context_10
[2026.02.13-10.01.47:148][726]PIE: Server logged in
[2026.02.13-10.01.47:149][726]PIE: Play in editor total start time 0,06 seconds.
[2026.02.13-10.01.54:788][183]LogSlate: Updating window title bar state: overlay mode, drag disabled, window buttons hidden, title bar hidden
[2026.02.13-10.01.54:788][183]LogWorld: BeginTearingDown for /Game/Levels/UEDPIE_0_Main
[2026.02.13-10.01.54:788][183]LogWorld: UWorld::CleanupWorld for Main, bSessionEnded=true, bCleanupResources=true
[2026.02.13-10.01.54:789][183]LogSlate: InvalidateAllWidgets triggered.  All widgets were invalidated
[2026.02.13-10.01.54:797][183]LogPlayLevel: Display: Shutting down PIE online subsystems
[2026.02.13-10.01.54:804][183]LogSlate: InvalidateAllWidgets triggered.  All widgets were invalidated
[2026.02.13-10.01.54:820][183]LogAudio: Display: Audio Device unregistered from world 'None'.
[2026.02.13-10.01.54:820][183]LogAudioMixer: FMixerPlatformXAudio2::StopAudioStream() called
[2026.02.13-10.01.54:821][183]LogAudioMixer: FMixerPlatformXAudio2::StopAudioStream() called
[2026.02.13-10.01.54:823][183]LogSlate: Updating window title bar state: overlay mode, drag disabled, window buttons hidden, title bar hidden
[2026.02.13-10.01.54:825][183]LogUObjectHash: Compacting FUObjectHashTables data took   1.75ms
[2026.02.13-10.01.54:875][186]LogPlayLevel: Display: Destroying online subsystem :Context_10
[2026.02.13-10.02.02:360][631]BlueprintLog: New page: Compile W_PlayerHUD
[2026.02.13-10.02.02:387][631]LogUObjectHash: Compacting FUObjectHashTables data took   1.79ms
[2026.02.13-10.02.03:577][701]LogTemp: Repeating last play command: Selected Viewport
[2026.02.13-10.02.03:581][701]LogPlayLevel: PlayLevel: No blueprints needed recompiling
[2026.02.13-10.02.03:581][701]PIE: New page: PIE session: Main (13 lut 2026, 12:02:03)
[2026.02.13-10.02.03:581][701]LogPlayLevel: Creating play world package: /Game/Levels/UEDPIE_0_Main
[2026.02.13-10.02.03:584][701]LogPlayLevel: PIE: StaticDuplicateObject took: (0.002863s)
[2026.02.13-10.02.03:584][701]LogAIModule: Creating AISystem for world Main
[2026.02.13-10.02.03:585][701]LogPlayLevel: PIE: World Init took: (0.000900s)
[2026.02.13-10.02.03:585][701]LogPlayLevel: PIE: Created PIE world by copying editor world from /Game/Levels/Main.Main to /Game/Levels/UEDPIE_0_Main.Main (0.003861s)
[2026.02.13-10.02.03:610][701]LogUObjectHash: Compacting FUObjectHashTables data took   3.69ms
[2026.02.13-10.02.03:611][701]LogAudio: Display: Creating Audio Device:                 Id: 7, Scope: Unique, Realtime: True
[2026.02.13-10.02.03:611][701]LogAudioMixer: Display: Audio Mixer Platform Settings:
[2026.02.13-10.02.03:611][701]LogAudioMixer: Display: 	Sample Rate:						  48000
[2026.02.13-10.02.03:611][701]LogAudioMixer: Display: 	Callback Buffer Frame Size Requested: 1024
[2026.02.13-10.02.03:611][701]LogAudioMixer: Display: 	Callback Buffer Frame Size To Use:	  1024
[2026.02.13-10.02.03:611][701]LogAudioMixer: Display: 	Number of buffers to queue:			  2
[2026.02.13-10.02.03:611][701]LogAudioMixer: Display: 	Max Channels (voices):				  32
[2026.02.13-10.02.03:611][701]LogAudioMixer: Display: 	Number of Async Source Workers:		  0
[2026.02.13-10.02.03:611][701]LogAudio: Display: AudioDevice MaxSources: 32
[2026.02.13-10.02.03:611][701]LogAudio: Display: Audio Spatialization Plugin: None (built-in).
[2026.02.13-10.02.03:611][701]LogAudio: Display: Audio Reverb Plugin: None (built-in).
[2026.02.13-10.02.03:611][701]LogAudio: Display: Audio Occlusion Plugin: None (built-in).
[2026.02.13-10.02.03:611][701]LogAudioMixer: Display: Initializing audio mixer.
[2026.02.13-10.02.03:614][701]LogAudioMixer: Display: 0: FrontLeft
[2026.02.13-10.02.03:614][701]LogAudioMixer: Display: 1: FrontRight
[2026.02.13-10.02.03:622][701]LogAudioMixer: Display: Using Audio Device Speakers (USB Audio Device)
[2026.02.13-10.02.03:622][701]LogAudioMixer: Display: Initializing Sound Submixes...
[2026.02.13-10.02.03:622][701]LogAudioMixer: Display: Creating Master Submix 'MasterSubmixDefault'
[2026.02.13-10.02.03:622][701]LogAudioMixer: Display: Creating Master Submix 'MasterReverbSubmixDefault'
[2026.02.13-10.02.03:623][701]LogAudioMixer: Display: Creating Master Submix 'MasterEQSubmixDefault'
[2026.02.13-10.02.03:623][701]LogAudioMixer: FMixerPlatformXAudio2::StartAudioStream() called
[2026.02.13-10.02.03:623][701]LogAudioMixer: Display: Output buffers initialized: Frames=1024, Channels=2, Samples=2048
[2026.02.13-10.02.03:624][701]LogAudioMixer: Display: Starting AudioMixerPlatformInterface::RunInternal()
[2026.02.13-10.02.03:624][701]LogAudioMixer: Display: FMixerPlatformXAudio2::SubmitBuffer() called for the first time
[2026.02.13-10.02.03:624][701]LogInit: FAudioDevice initialized.
[2026.02.13-10.02.03:624][701]LogAudio: Display: Audio Device (ID: 7) registered with world 'Main'.
[2026.02.13-10.02.03:630][701]LogLoad: Game class is 'BP_GameMode_01_C'
[2026.02.13-10.02.03:631][701]LogWorld: Bringing World /Game/Levels/UEDPIE_0_Main.Main up for play (max tick rate 60) at 2026.02.13-11.02.03
[2026.02.13-10.02.03:631][701]LogWorld: Bringing up level for play took: 0.000769
[2026.02.13-10.02.03:631][701]LogOnline: OSS: Creating online subsystem instance for: :Context_11
[2026.02.13-10.02.03:633][701]PIE: Server logged in
[2026.02.13-10.02.03:634][701]PIE: Play in editor total start time 0,053 seconds.
[2026.02.13-10.02.09:150][ 30]LogSlate: Updating window title bar state: overlay mode, drag disabled, window buttons hidden, title bar hidden
[2026.02.13-10.02.09:150][ 30]LogWorld: BeginTearingDown for /Game/Levels/UEDPIE_0_Main
[2026.02.13-10.02.09:151][ 30]LogWorld: UWorld::CleanupWorld for Main, bSessionEnded=true, bCleanupResources=true
[2026.02.13-10.02.09:152][ 30]LogSlate: InvalidateAllWidgets triggered.  All widgets were invalidated
[2026.02.13-10.02.09:161][ 30]LogPlayLevel: Display: Shutting down PIE online subsystems
[2026.02.13-10.02.09:172][ 30]LogSlate: InvalidateAllWidgets triggered.  All widgets were invalidated
[2026.02.13-10.02.09:205][ 30]LogAudio: Display: Audio Device unregistered from world 'None'.
[2026.02.13-10.02.09:205][ 30]LogAudioMixer: FMixerPlatformXAudio2::StopAudioStream() called
[2026.02.13-10.02.09:206][ 30]LogAudioMixer: FMixerPlatformXAudio2::StopAudioStream() called
[2026.02.13-10.02.09:208][ 30]LogSlate: Updating window title bar state: overlay mode, drag disabled, window buttons hidden, title bar hidden
[2026.02.13-10.02.09:211][ 30]LogUObjectHash: Compacting FUObjectHashTables data took   1.68ms
[2026.02.13-10.02.09:228][ 31]LogPlayLevel: Display: Destroying online subsystem :Context_11
[2026.02.13-10.02.16:045][439]BlueprintLog: New page: Compile W_PlayerHUD
[2026.02.13-10.02.16:076][439]LogUObjectHash: Compacting FUObjectHashTables data took   1.63ms
[2026.02.13-10.02.17:573][527]LogTemp: Repeating last play command: Selected Viewport
[2026.02.13-10.02.17:580][527]LogPlayLevel: PlayLevel: No blueprints needed recompiling
[2026.02.13-10.02.17:580][527]PIE: New page: PIE session: Main (13 lut 2026, 12:02:17)
[2026.02.13-10.02.17:619][527]LogPlayLevel: Creating play world package: /Game/Levels/UEDPIE_0_Main
[2026.02.13-10.02.17:623][527]LogPlayLevel: PIE: StaticDuplicateObject took: (0.004941s)
[2026.02.13-10.02.17:624][527]LogAIModule: Creating AISystem for world Main
[2026.02.13-10.02.17:624][527]LogPlayLevel: PIE: World Init took: (0.001496s)
[2026.02.13-10.02.17:624][527]LogPlayLevel: PIE: Created PIE world by copying editor world from /Game/Levels/Main.Main to /Game/Levels/UEDPIE_0_Main.Main (0.006690s)
[2026.02.13-10.02.17:658][527]LogUObjectHash: Compacting FUObjectHashTables data took   3.28ms
[2026.02.13-10.02.17:659][527]LogAudio: Display: Creating Audio Device:                 Id: 8, Scope: Unique, Realtime: True
[2026.02.13-10.02.17:659][527]LogAudioMixer: Display: Audio Mixer Platform Settings:
[2026.02.13-10.02.17:659][527]LogAudioMixer: Display: 	Sample Rate:						  48000
[2026.02.13-10.02.17:659][527]LogAudioMixer: Display: 	Callback Buffer Frame Size Requested: 1024
[2026.02.13-10.02.17:659][527]LogAudioMixer: Display: 	Callback Buffer Frame Size To Use:	  1024
[2026.02.13-10.02.17:659][527]LogAudioMixer: Display: 	Number of buffers to queue:			  2
[2026.02.13-10.02.17:659][527]LogAudioMixer: Display: 	Max Channels (voices):				  32
[2026.02.13-10.02.17:659][527]LogAudioMixer: Display: 	Number of Async Source Workers:		  0
[2026.02.13-10.02.17:659][527]LogAudio: Display: AudioDevice MaxSources: 32
[2026.02.13-10.02.17:660][527]LogAudio: Display: Audio Spatialization Plugin: None (built-in).
[2026.02.13-10.02.17:660][527]LogAudio: Display: Audio Reverb Plugin: None (built-in).
[2026.02.13-10.02.17:660][527]LogAudio: Display: Audio Occlusion Plugin: None (built-in).
[2026.02.13-10.02.17:660][527]LogAudioMixer: Display: Initializing audio mixer.
[2026.02.13-10.02.17:662][527]LogAudioMixer: Display: 0: FrontLeft
[2026.02.13-10.02.17:662][527]LogAudioMixer: Display: 1: FrontRight
[2026.02.13-10.02.17:670][527]LogAudioMixer: Display: Using Audio Device Speakers (USB Audio Device)
[2026.02.13-10.02.17:671][527]LogAudioMixer: Display: Initializing Sound Submixes...
[2026.02.13-10.02.17:671][527]LogAudioMixer: Display: Creating Master Submix 'MasterSubmixDefault'
[2026.02.13-10.02.17:671][527]LogAudioMixer: Display: Creating Master Submix 'MasterReverbSubmixDefault'
[2026.02.13-10.02.17:671][527]LogAudioMixer: Display: Creating Master Submix 'MasterEQSubmixDefault'
[2026.02.13-10.02.17:671][527]LogAudioMixer: FMixerPlatformXAudio2::StartAudioStream() called
[2026.02.13-10.02.17:671][527]LogAudioMixer: Display: Output buffers initialized: Frames=1024, Channels=2, Samples=2048
[2026.02.13-10.02.17:672][527]LogAudioMixer: Display: Starting AudioMixerPlatformInterface::RunInternal()
[2026.02.13-10.02.17:672][527]LogAudioMixer: Display: FMixerPlatformXAudio2::SubmitBuffer() called for the first time
[2026.02.13-10.02.17:672][527]LogInit: FAudioDevice initialized.
[2026.02.13-10.02.17:672][527]LogAudio: Display: Audio Device (ID: 8) registered with world 'Main'.
[2026.02.13-10.02.17:681][527]LogLoad: Game class is 'BP_GameMode_01_C'
[2026.02.13-10.02.17:683][527]LogWorld: Bringing World /Game/Levels/UEDPIE_0_Main.Main up for play (max tick rate 60) at 2026.02.13-11.02.17
[2026.02.13-10.02.17:683][527]LogWorld: Bringing up level for play took: 0.001007
[2026.02.13-10.02.17:683][527]LogOnline: OSS: Creating online subsystem instance for: :Context_12
[2026.02.13-10.02.17:686][527]PIE: Server logged in
[2026.02.13-10.02.17:687][527]PIE: Play in editor total start time 0,108 seconds.
[2026.02.13-10.02.25:568][998]LogSlate: Updating window title bar state: overlay mode, drag disabled, window buttons hidden, title bar hidden
[2026.02.13-10.02.25:568][998]LogWorld: BeginTearingDown for /Game/Levels/UEDPIE_0_Main
[2026.02.13-10.02.25:569][998]LogWorld: UWorld::CleanupWorld for Main, bSessionEnded=true, bCleanupResources=true
[2026.02.13-10.02.25:569][998]LogSlate: InvalidateAllWidgets triggered.  All widgets were invalidated
[2026.02.13-10.02.25:577][998]LogPlayLevel: Display: Shutting down PIE online subsystems
[2026.02.13-10.02.25:584][998]LogSlate: InvalidateAllWidgets triggered.  All widgets were invalidated
[2026.02.13-10.02.25:603][998]LogAudio: Display: Audio Device unregistered from world 'None'.
[2026.02.13-10.02.25:603][998]LogAudioMixer: FMixerPlatformXAudio2::StopAudioStream() called
[2026.02.13-10.02.25:605][998]LogAudioMixer: FMixerPlatformXAudio2::StopAudioStream() called
[2026.02.13-10.02.25:606][998]LogSlate: Updating window title bar state: overlay mode, drag disabled, window buttons hidden, title bar hidden
[2026.02.13-10.02.25:608][998]LogUObjectHash: Compacting FUObjectHashTables data took   1.68ms
[2026.02.13-10.02.25:645][  0]LogPlayLevel: Display: Destroying online subsystem :Context_12
[2026.02.13-10.03.35:321][123]LogTemp: Repeating last play command: Selected Viewport
[2026.02.13-10.03.35:328][123]LogPlayLevel: PlayLevel: No blueprints needed recompiling
[2026.02.13-10.03.35:328][123]PIE: New page: PIE session: Main (13 lut 2026, 12:03:35)
[2026.02.13-10.03.35:328][123]LogPlayLevel: Creating play world package: /Game/Levels/UEDPIE_0_Main
[2026.02.13-10.03.35:331][123]LogPlayLevel: PIE: StaticDuplicateObject took: (0.003303s)
[2026.02.13-10.03.35:332][123]LogAIModule: Creating AISystem for world Main
[2026.02.13-10.03.35:332][123]LogPlayLevel: PIE: World Init took: (0.000902s)
[2026.02.13-10.03.35:332][123]LogPlayLevel: PIE: Created PIE world by copying editor world from /Game/Levels/Main.Main to /Game/Levels/UEDPIE_0_Main.Main (0.004322s)
[2026.02.13-10.03.35:360][123]LogUObjectHash: Compacting FUObjectHashTables data took   2.14ms
[2026.02.13-10.03.35:362][123]LogAudio: Display: Creating Audio Device:                 Id: 9, Scope: Unique, Realtime: True
[2026.02.13-10.03.35:362][123]LogAudioMixer: Display: Audio Mixer Platform Settings:
[2026.02.13-10.03.35:362][123]LogAudioMixer: Display: 	Sample Rate:						  48000
[2026.02.13-10.03.35:362][123]LogAudioMixer: Display: 	Callback Buffer Frame Size Requested: 1024
[2026.02.13-10.03.35:362][123]LogAudioMixer: Display: 	Callback Buffer Frame Size To Use:	  1024
[2026.02.13-10.03.35:362][123]LogAudioMixer: Display: 	Number of buffers to queue:			  2
[2026.02.13-10.03.35:362][123]LogAudioMixer: Display: 	Max Channels (voices):				  32
[2026.02.13-10.03.35:362][123]LogAudioMixer: Display: 	Number of Async Source Workers:		  0
[2026.02.13-10.03.35:362][123]LogAudio: Display: AudioDevice MaxSources: 32
[2026.02.13-10.03.35:362][123]LogAudio: Display: Audio Spatialization Plugin: None (built-in).
[2026.02.13-10.03.35:362][123]LogAudio: Display: Audio Reverb Plugin: None (built-in).
[2026.02.13-10.03.35:362][123]LogAudio: Display: Audio Occlusion Plugin: None (built-in).
[2026.02.13-10.03.35:362][123]LogAudioMixer: Display: Initializing audio mixer.
[2026.02.13-10.03.35:365][123]LogAudioMixer: Display: 0: FrontLeft
[2026.02.13-10.03.35:365][123]LogAudioMixer: Display: 1: FrontRight
[2026.02.13-10.03.35:373][123]LogAudioMixer: Display: Using Audio Device Speakers (USB Audio Device)
[2026.02.13-10.03.35:374][123]LogAudioMixer: Display: Initializing Sound Submixes...
[2026.02.13-10.03.35:374][123]LogAudioMixer: Display: Creating Master Submix 'MasterSubmixDefault'
[2026.02.13-10.03.35:374][123]LogAudioMixer: Display: Creating Master Submix 'MasterReverbSubmixDefault'
[2026.02.13-10.03.35:374][123]LogAudioMixer: Display: Creating Master Submix 'MasterEQSubmixDefault'
[2026.02.13-10.03.35:374][123]LogAudioMixer: FMixerPlatformXAudio2::StartAudioStream() called
[2026.02.13-10.03.35:374][123]LogAudioMixer: Display: Output buffers initialized: Frames=1024, Channels=2, Samples=2048
[2026.02.13-10.03.35:375][123]LogAudioMixer: Display: Starting AudioMixerPlatformInterface::RunInternal()
[2026.02.13-10.03.35:375][123]LogAudioMixer: Display: FMixerPlatformXAudio2::SubmitBuffer() called for the first time
[2026.02.13-10.03.35:375][123]LogInit: FAudioDevice initialized.
[2026.02.13-10.03.35:375][123]LogAudio: Display: Audio Device (ID: 9) registered with world 'Main'.
[2026.02.13-10.03.35:384][123]LogLoad: Game class is 'BP_GameMode_01_C'
[2026.02.13-10.03.35:385][123]LogWorld: Bringing World /Game/Levels/UEDPIE_0_Main.Main up for play (max tick rate 60) at 2026.02.13-11.03.35
[2026.02.13-10.03.35:386][123]LogWorld: Bringing up level for play took: 0.000840
[2026.02.13-10.03.35:386][123]LogOnline: OSS: Creating online subsystem instance for: :Context_13
[2026.02.13-10.03.35:388][123]PIE: Server logged in
[2026.02.13-10.03.35:389][123]PIE: Play in editor total start time 0,062 seconds.
[2026.02.13-10.04.00:209][608]LogSlate: Updating window title bar state: overlay mode, drag disabled, window buttons hidden, title bar hidden
[2026.02.13-10.04.00:209][608]LogWorld: BeginTearingDown for /Game/Levels/UEDPIE_0_Main
[2026.02.13-10.04.00:209][608]LogWorld: UWorld::CleanupWorld for Main, bSessionEnded=true, bCleanupResources=true
[2026.02.13-10.04.00:209][608]LogSlate: InvalidateAllWidgets triggered.  All widgets were invalidated
[2026.02.13-10.04.00:220][608]LogPlayLevel: Display: Shutting down PIE online subsystems
[2026.02.13-10.04.00:227][608]LogSlate: InvalidateAllWidgets triggered.  All widgets were invalidated
[2026.02.13-10.04.00:244][608]LogSlate: Updating window title bar state: overlay mode, drag disabled, window buttons hidden, title bar hidden
[2026.02.13-10.04.00:244][608]LogAudioMixer: FMixerPlatformXAudio2::StopAudioStream() called
[2026.02.13-10.04.00:245][608]LogAudioMixer: FMixerPlatformXAudio2::StopAudioStream() called
[2026.02.13-10.04.00:249][608]LogUObjectHash: Compacting FUObjectHashTables data took   1.76ms
[2026.02.13-10.04.00:267][609]LogPlayLevel: Display: Destroying online subsystem :Context_13
[2026.02.13-10.04.02:946][767]LogAssetEditorSubsystem: Opening Asset editor for Blueprint /Game/BluePrintClass/BP_Spider.BP_Spider
[2026.02.13-10.04.09:576][147]BlueprintLog: New page: Compile BP_Spider
[2026.02.13-10.04.09:631][147]LogUObjectHash: Compacting FUObjectHashTables data took   1.81ms
[2026.02.13-10.04.11:717][271]LogTemp: Repeating last play command: Selected Viewport
[2026.02.13-10.04.11:724][271]LogPlayLevel: PlayLevel: No blueprints needed recompiling
[2026.02.13-10.04.11:724][271]PIE: New page: PIE session: Main (13 lut 2026, 12:04:11)
[2026.02.13-10.04.11:724][271]LogPlayLevel: Creating play world package: /Game/Levels/UEDPIE_0_Main
[2026.02.13-10.04.11:726][271]LogPlayLevel: PIE: StaticDuplicateObject took: (0.002419s)
[2026.02.13-10.04.11:727][271]LogAIModule: Creating AISystem for world Main
[2026.02.13-10.04.11:727][271]LogPlayLevel: PIE: World Init took: (0.000695s)
[2026.02.13-10.04.11:727][271]LogPlayLevel: PIE: Created PIE world by copying editor world from /Game/Levels/Main.Main to /Game/Levels/UEDPIE_0_Main.Main (0.003199s)
[2026.02.13-10.04.11:752][271]LogUObjectHash: Compacting FUObjectHashTables data took   1.97ms
[2026.02.13-10.04.11:752][271]LogAudio: Display: Creating Audio Device:                 Id: 10, Scope: Unique, Realtime: True
[2026.02.13-10.04.11:752][271]LogAudioMixer: Display: Audio Mixer Platform Settings:
[2026.02.13-10.04.11:752][271]LogAudioMixer: Display: 	Sample Rate:						  48000
[2026.02.13-10.04.11:752][271]LogAudioMixer: Display: 	Callback Buffer Frame Size Requested: 1024
[2026.02.13-10.04.11:752][271]LogAudioMixer: Display: 	Callback Buffer Frame Size To Use:	  1024
[2026.02.13-10.04.11:752][271]LogAudioMixer: Display: 	Number of buffers to queue:			  2
[2026.02.13-10.04.11:752][271]LogAudioMixer: Display: 	Max Channels (voices):				  32
[2026.02.13-10.04.11:752][271]LogAudioMixer: Display: 	Number of Async Source Workers:		  0
[2026.02.13-10.04.11:752][271]LogAudio: Display: AudioDevice MaxSources: 32
[2026.02.13-10.04.11:753][271]LogAudio: Display: Audio Spatialization Plugin: None (built-in).
[2026.02.13-10.04.11:753][271]LogAudio: Display: Audio Reverb Plugin: None (built-in).
[2026.02.13-10.04.11:753][271]LogAudio: Display: Audio Occlusion Plugin: None (built-in).
[2026.02.13-10.04.11:753][271]LogAudioMixer: Display: Initializing audio mixer.
[2026.02.13-10.04.11:755][271]LogAudioMixer: Display: 0: FrontLeft
[2026.02.13-10.04.11:755][271]LogAudioMixer: Display: 1: FrontRight
[2026.02.13-10.04.11:763][271]LogAudioMixer: Display: Using Audio Device Speakers (USB Audio Device)
[2026.02.13-10.04.11:764][271]LogAudioMixer: Display: Initializing Sound Submixes...
[2026.02.13-10.04.11:764][271]LogAudioMixer: Display: Creating Master Submix 'MasterSubmixDefault'
[2026.02.13-10.04.11:764][271]LogAudioMixer: Display: Creating Master Submix 'MasterReverbSubmixDefault'
[2026.02.13-10.04.11:764][271]LogAudioMixer: Display: Creating Master Submix 'MasterEQSubmixDefault'
[2026.02.13-10.04.11:764][271]LogAudioMixer: FMixerPlatformXAudio2::StartAudioStream() called
[2026.02.13-10.04.11:764][271]LogAudioMixer: Display: Output buffers initialized: Frames=1024, Channels=2, Samples=2048
[2026.02.13-10.04.11:765][271]LogAudioMixer: Display: Starting AudioMixerPlatformInterface::RunInternal()
[2026.02.13-10.04.11:765][271]LogAudioMixer: Display: FMixerPlatformXAudio2::SubmitBuffer() called for the first time
[2026.02.13-10.04.11:765][271]LogInit: FAudioDevice initialized.
[2026.02.13-10.04.11:765][271]LogAudio: Display: Audio Device (ID: 10) registered with world 'Main'.
[2026.02.13-10.04.11:772][271]LogLoad: Game class is 'BP_GameMode_01_C'
[2026.02.13-10.04.11:773][271]LogWorld: Bringing World /Game/Levels/UEDPIE_0_Main.Main up for play (max tick rate 60) at 2026.02.13-11.04.11
[2026.02.13-10.04.11:774][271]LogWorld: Bringing up level for play took: 0.000804
[2026.02.13-10.04.11:774][271]LogOnline: OSS: Creating online subsystem instance for: :Context_15
[2026.02.13-10.04.11:776][271]PIE: Server logged in
[2026.02.13-10.04.11:777][271]PIE: Play in editor total start time 0,054 seconds.
[2026.02.13-10.04.55:540][895]LogSlate: Updating window title bar state: overlay mode, drag disabled, window buttons hidden, title bar hidden
[2026.02.13-10.04.55:540][895]LogWorld: BeginTearingDown for /Game/Levels/UEDPIE_0_Main
[2026.02.13-10.04.55:540][895]LogWorld: UWorld::CleanupWorld for Main, bSessionEnded=true, bCleanupResources=true
[2026.02.13-10.04.55:541][895]LogSlate: InvalidateAllWidgets triggered.  All widgets were invalidated
[2026.02.13-10.04.55:554][895]LogPlayLevel: Display: Shutting down PIE online subsystems
[2026.02.13-10.04.55:567][895]LogSlate: InvalidateAllWidgets triggered.  All widgets were invalidated
[2026.02.13-10.04.55:603][895]LogAudio: Display: Audio Device unregistered from world 'None'.
[2026.02.13-10.04.55:604][895]LogAudioMixer: FMixerPlatformXAudio2::StopAudioStream() called
[2026.02.13-10.04.55:605][895]LogAudioMixer: FMixerPlatformXAudio2::StopAudioStream() called
[2026.02.13-10.04.55:607][895]LogSlate: Updating window title bar state: overlay mode, drag disabled, window buttons hidden, title bar hidden
[2026.02.13-10.04.55:611][895]LogUObjectHash: Compacting FUObjectHashTables data took   2.24ms
[2026.02.13-10.04.55:628][896]LogPlayLevel: Display: Destroying online subsystem :Context_15
[2026.02.13-10.05.40:901][550]BlueprintLog: New page: Compile BP_PLAYER
[2026.02.13-10.05.40:966][550]LogUObjectHash: Compacting FUObjectHashTables data took   1.90ms
[2026.02.13-10.05.42:898][663]LogTemp: Repeating last play command: Selected Viewport
[2026.02.13-10.05.42:905][663]LogPlayLevel: PlayLevel: No blueprints needed recompiling
[2026.02.13-10.05.42:905][663]PIE: New page: PIE session: Main (13 lut 2026, 12:05:42)
[2026.02.13-10.05.42:905][663]LogPlayLevel: Creating play world package: /Game/Levels/UEDPIE_0_Main
[2026.02.13-10.05.42:908][663]LogPlayLevel: PIE: StaticDuplicateObject took: (0.003436s)
[2026.02.13-10.05.42:909][663]LogAIModule: Creating AISystem for world Main
[2026.02.13-10.05.42:909][663]LogPlayLevel: PIE: World Init took: (0.001002s)
[2026.02.13-10.05.42:909][663]LogPlayLevel: PIE: Created PIE world by copying editor world from /Game/Levels/Main.Main to /Game/Levels/UEDPIE_0_Main.Main (0.004559s)
[2026.02.13-10.05.42:936][663]LogUObjectHash: Compacting FUObjectHashTables data took   2.18ms
[2026.02.13-10.05.42:938][663]LogAudio: Display: Creating Audio Device:                 Id: 11, Scope: Unique, Realtime: True
[2026.02.13-10.05.42:938][663]LogAudioMixer: Display: Audio Mixer Platform Settings:
[2026.02.13-10.05.42:938][663]LogAudioMixer: Display: 	Sample Rate:						  48000
[2026.02.13-10.05.42:938][663]LogAudioMixer: Display: 	Callback Buffer Frame Size Requested: 1024
[2026.02.13-10.05.42:938][663]LogAudioMixer: Display: 	Callback Buffer Frame Size To Use:	  1024
[2026.02.13-10.05.42:938][663]LogAudioMixer: Display: 	Number of buffers to queue:			  2
[2026.02.13-10.05.42:938][663]LogAudioMixer: Display: 	Max Channels (voices):				  32
[2026.02.13-10.05.42:938][663]LogAudioMixer: Display: 	Number of Async Source Workers:		  0
[2026.02.13-10.05.42:938][663]LogAudio: Display: AudioDevice MaxSources: 32
[2026.02.13-10.05.42:938][663]LogAudio: Display: Audio Spatialization Plugin: None (built-in).
[2026.02.13-10.05.42:938][663]LogAudio: Display: Audio Reverb Plugin: None (built-in).
[2026.02.13-10.05.42:938][663]LogAudio: Display: Audio Occlusion Plugin: None (built-in).
[2026.02.13-10.05.42:938][663]LogAudioMixer: Display: Initializing audio mixer.
[2026.02.13-10.05.42:940][663]LogAudioMixer: Display: 0: FrontLeft
[2026.02.13-10.05.42:941][663]LogAudioMixer: Display: 1: FrontRight
[2026.02.13-10.05.42:948][663]LogAudioMixer: Display: Using Audio Device Speakers (USB Audio Device)
[2026.02.13-10.05.42:948][663]LogAudioMixer: Display: Initializing Sound Submixes...
[2026.02.13-10.05.42:948][663]LogAudioMixer: Display: Creating Master Submix 'MasterSubmixDefault'
[2026.02.13-10.05.42:948][663]LogAudioMixer: Display: Creating Master Submix 'MasterReverbSubmixDefault'
[2026.02.13-10.05.42:949][663]LogAudioMixer: Display: Creating Master Submix 'MasterEQSubmixDefault'
[2026.02.13-10.05.42:949][663]LogAudioMixer: FMixerPlatformXAudio2::StartAudioStream() called
[2026.02.13-10.05.42:949][663]LogAudioMixer: Display: Output buffers initialized: Frames=1024, Channels=2, Samples=2048
[2026.02.13-10.05.42:950][663]LogAudioMixer: Display: Starting AudioMixerPlatformInterface::RunInternal()
[2026.02.13-10.05.42:950][663]LogAudioMixer: Display: FMixerPlatformXAudio2::SubmitBuffer() called for the first time
[2026.02.13-10.05.42:950][663]LogInit: FAudioDevice initialized.
[2026.02.13-10.05.42:950][663]LogAudio: Display: Audio Device (ID: 11) registered with world 'Main'.
[2026.02.13-10.05.42:954][663]LogLoad: Game class is 'BP_GameMode_01_C'
[2026.02.13-10.05.42:955][663]LogWorld: Bringing World /Game/Levels/UEDPIE_0_Main.Main up for play (max tick rate 60) at 2026.02.13-11.05.42
[2026.02.13-10.05.42:956][663]LogWorld: Bringing up level for play took: 0.000781
[2026.02.13-10.05.42:956][663]LogOnline: OSS: Creating online subsystem instance for: :Context_16
[2026.02.13-10.05.42:959][663]PIE: Server logged in
[2026.02.13-10.05.42:959][663]PIE: Play in editor total start time 0,055 seconds.
[2026.02.13-10.06.03:900][916]LogSlate: Updating window title bar state: overlay mode, drag disabled, window buttons hidden, title bar hidden
[2026.02.13-10.06.03:900][916]LogWorld: BeginTearingDown for /Game/Levels/UEDPIE_0_Main
[2026.02.13-10.06.03:900][916]LogWorld: UWorld::CleanupWorld for Main, bSessionEnded=true, bCleanupResources=true
[2026.02.13-10.06.03:901][916]LogSlate: InvalidateAllWidgets triggered.  All widgets were invalidated
[2026.02.13-10.06.03:909][916]LogPlayLevel: Display: Shutting down PIE online subsystems
[2026.02.13-10.06.03:917][916]LogSlate: InvalidateAllWidgets triggered.  All widgets were invalidated
[2026.02.13-10.06.03:936][916]LogAudio: Display: Audio Device unregistered from world 'None'.
[2026.02.13-10.06.03:937][916]LogAudioMixer: FMixerPlatformXAudio2::StopAudioStream() called
[2026.02.13-10.06.03:938][916]LogAudioMixer: FMixerPlatformXAudio2::StopAudioStream() called
[2026.02.13-10.06.03:939][916]LogSlate: Updating window title bar state: overlay mode, drag disabled, window buttons hidden, title bar hidden
[2026.02.13-10.06.03:943][916]LogUObjectHash: Compacting FUObjectHashTables data took   2.35ms
[2026.02.13-10.06.03:966][917]LogPlayLevel: Display: Destroying online subsystem :Context_16
[2026.02.13-10.06.49:034][567]BlueprintLog: New page: Compile BP_PLAYER
[2026.02.13-10.06.49:091][567]LogUObjectHash: Compacting FUObjectHashTables data took   2.06ms
[2026.02.13-10.06.50:853][670]LogTemp: Repeating last play command: Selected Viewport
[2026.02.13-10.06.50:859][670]LogPlayLevel: PlayLevel: No blueprints needed recompiling
[2026.02.13-10.06.50:859][670]PIE: New page: PIE session: Main (13 lut 2026, 12:06:50)
[2026.02.13-10.06.50:898][670]LogPlayLevel: Creating play world package: /Game/Levels/UEDPIE_0_Main
[2026.02.13-10.06.50:905][670]LogPlayLevel: PIE: StaticDuplicateObject took: (0.005718s)
[2026.02.13-10.06.50:906][670]LogAIModule: Creating AISystem for world Main
[2026.02.13-10.06.50:907][670]LogPlayLevel: PIE: World Init took: (0.002284s)
[2026.02.13-10.06.50:907][670]LogPlayLevel: PIE: Created PIE world by copying editor world from /Game/Levels/Main.Main to /Game/Levels/UEDPIE_0_Main.Main (0.008358s)
[2026.02.13-10.06.50:943][670]LogUObjectHash: Compacting FUObjectHashTables data took   5.22ms
[2026.02.13-10.06.50:945][670]LogAudio: Display: Creating Audio Device:                 Id: 12, Scope: Unique, Realtime: True
[2026.02.13-10.06.50:945][670]LogAudioMixer: Display: Audio Mixer Platform Settings:
[2026.02.13-10.06.50:945][670]LogAudioMixer: Display: 	Sample Rate:						  48000
[2026.02.13-10.06.50:945][670]LogAudioMixer: Display: 	Callback Buffer Frame Size Requested: 1024
[2026.02.13-10.06.50:945][670]LogAudioMixer: Display: 	Callback Buffer Frame Size To Use:	  1024
[2026.02.13-10.06.50:945][670]LogAudioMixer: Display: 	Number of buffers to queue:			  2
[2026.02.13-10.06.50:945][670]LogAudioMixer: Display: 	Max Channels (voices):				  32
[2026.02.13-10.06.50:945][670]LogAudioMixer: Display: 	Number of Async Source Workers:		  0
[2026.02.13-10.06.50:945][670]LogAudio: Display: AudioDevice MaxSources: 32
[2026.02.13-10.06.50:946][670]LogAudio: Display: Audio Spatialization Plugin: None (built-in).
[2026.02.13-10.06.50:946][670]LogAudio: Display: Audio Reverb Plugin: None (built-in).
[2026.02.13-10.06.50:946][670]LogAudio: Display: Audio Occlusion Plugin: None (built-in).
[2026.02.13-10.06.50:947][670]LogAudioMixer: Display: Initializing audio mixer.
[2026.02.13-10.06.50:952][670]LogAudioMixer: Display: 0: FrontLeft
[2026.02.13-10.06.50:952][670]LogAudioMixer: Display: 1: FrontRight
[2026.02.13-10.06.50:961][670]LogAudioMixer: Display: Using Audio Device Speakers (USB Audio Device)
[2026.02.13-10.06.50:962][670]LogAudioMixer: Display: Initializing Sound Submixes...
[2026.02.13-10.06.50:962][670]LogAudioMixer: Display: Creating Master Submix 'MasterSubmixDefault'
[2026.02.13-10.06.50:962][670]LogAudioMixer: Display: Creating Master Submix 'MasterReverbSubmixDefault'
[2026.02.13-10.06.50:962][670]LogAudioMixer: Display: Creating Master Submix 'MasterEQSubmixDefault'
[2026.02.13-10.06.50:962][670]LogAudioMixer: FMixerPlatformXAudio2::StartAudioStream() called
[2026.02.13-10.06.50:962][670]LogAudioMixer: Display: Output buffers initialized: Frames=1024, Channels=2, Samples=2048
[2026.02.13-10.06.50:963][670]LogAudioMixer: Display: Starting AudioMixerPlatformInterface::RunInternal()
[2026.02.13-10.06.50:963][670]LogAudioMixer: Display: FMixerPlatformXAudio2::SubmitBuffer() called for the first time
[2026.02.13-10.06.50:963][670]LogInit: FAudioDevice initialized.
[2026.02.13-10.06.50:963][670]LogAudio: Display: Audio Device (ID: 12) registered with world 'Main'.
[2026.02.13-10.06.50:969][670]LogLoad: Game class is 'BP_GameMode_01_C'
[2026.02.13-10.06.50:970][670]LogWorld: Bringing World /Game/Levels/UEDPIE_0_Main.Main up for play (max tick rate 60) at 2026.02.13-11.06.50
[2026.02.13-10.06.50:970][670]LogWorld: Bringing up level for play took: 0.000867
[2026.02.13-10.06.50:970][670]LogOnline: OSS: Creating online subsystem instance for: :Context_17
[2026.02.13-10.06.50:973][670]PIE: Server logged in
[2026.02.13-10.06.50:974][670]PIE: Play in editor total start time 0,115 seconds.
[2026.02.13-10.06.58:789][137]LogSlate: Updating window title bar state: overlay mode, drag disabled, window buttons hidden, title bar hidden
[2026.02.13-10.06.58:789][137]LogWorld: BeginTearingDown for /Game/Levels/UEDPIE_0_Main
[2026.02.13-10.06.58:790][137]LogWorld: UWorld::CleanupWorld for Main, bSessionEnded=true, bCleanupResources=true
[2026.02.13-10.06.58:790][137]LogSlate: InvalidateAllWidgets triggered.  All widgets were invalidated
[2026.02.13-10.06.58:801][137]LogPlayLevel: Display: Shutting down PIE online subsystems
[2026.02.13-10.06.58:813][137]LogSlate: InvalidateAllWidgets triggered.  All widgets were invalidated
[2026.02.13-10.06.58:837][137]LogAudio: Display: Audio Device unregistered from world 'None'.
[2026.02.13-10.06.58:837][137]LogAudioMixer: FMixerPlatformXAudio2::StopAudioStream() called
[2026.02.13-10.06.58:838][137]LogAudioMixer: FMixerPlatformXAudio2::StopAudioStream() called
[2026.02.13-10.06.58:840][137]LogSlate: Updating window title bar state: overlay mode, drag disabled, window buttons hidden, title bar hidden
[2026.02.13-10.06.58:842][137]LogUObjectHash: Compacting FUObjectHashTables data took   1.56ms
[2026.02.13-10.06.58:859][138]LogPlayLevel: Display: Destroying online subsystem :Context_17
[2026.02.13-10.07.01:109][272]Cmd: TRANSACTION UNDO
[2026.02.13-10.07.01:109][272]LogEditorTransaction: Undo Move Node
[2026.02.13-10.07.01:368][285]Cmd: TRANSACTION UNDO
[2026.02.13-10.07.01:368][285]LogEditorTransaction: Undo Move Node
[2026.02.13-10.07.01:622][295]Cmd: TRANSACTION UNDO
[2026.02.13-10.07.01:622][295]LogEditorTransaction: Undo Create Pin Link
[2026.02.13-10.07.01:801][304]Cmd: TRANSACTION UNDO
[2026.02.13-10.07.01:801][304]LogEditorTransaction: Undo Create Pin Link
[2026.02.13-10.07.02:006][315]Cmd: TRANSACTION UNDO
[2026.02.13-10.07.02:006][315]LogEditorTransaction: Undo Break Pin Links
[2026.02.13-10.07.02:372][335]Cmd: TRANSACTION UNDO
[2026.02.13-10.07.02:372][335]LogEditorTransaction: Undo Create Pin Link
[2026.02.13-10.07.02:684][351]Cmd: TRANSACTION UNDO
[2026.02.13-10.07.02:684][351]LogEditorTransaction: Undo Move Node
[2026.02.13-10.07.03:076][373]Cmd: TRANSACTION UNDO
[2026.02.13-10.07.03:076][373]LogEditorTransaction: Undo Move Node
[2026.02.13-10.07.03:408][392]Cmd: TRANSACTION UNDO
[2026.02.13-10.07.03:408][392]LogEditorTransaction: Undo Move Node
[2026.02.13-10.07.03:659][406]Cmd: TRANSACTION UNDO
[2026.02.13-10.07.03:659][406]LogEditorTransaction: Undo Create Pin Link
[2026.02.13-10.07.03:945][422]Cmd: TRANSACTION UNDO
[2026.02.13-10.07.03:945][422]LogEditorTransaction: Undo Break Pin Links
[2026.02.13-10.07.05:026][485]BlueprintLog: New page: Compile BP_PLAYER
[2026.02.13-10.07.05:083][485]LogUObjectHash: Compacting FUObjectHashTables data took   2.75ms
[2026.02.13-10.07.21:874][481]BlueprintLog: New page: Compile BP_PLAYER
[2026.02.13-10.07.21:946][481]LogUObjectHash: Compacting FUObjectHashTables data took   2.26ms
[2026.02.13-10.08.00:020][741]LogEditorTransaction: Undo Delete current selection
[2026.02.13-10.08.08:746][246]BlueprintLog: New page: Compile BP_Spider
[2026.02.13-10.08.08:812][246]LogUObjectHash: Compacting FUObjectHashTables data took   2.20ms
[2026.02.13-10.08.11:742][419]LogTemp: Repeating last play command: Selected Viewport
[2026.02.13-10.08.11:750][419]LogPlayLevel: PlayLevel: No blueprints needed recompiling
[2026.02.13-10.08.11:750][419]PIE: New page: PIE session: Main (13 lut 2026, 12:08:11)
[2026.02.13-10.08.11:778][419]LogPlayLevel: Creating play world package: /Game/Levels/UEDPIE_0_Main
[2026.02.13-10.08.11:782][419]LogPlayLevel: PIE: StaticDuplicateObject took: (0.003774s)
[2026.02.13-10.08.11:783][419]LogAIModule: Creating AISystem for world Main
[2026.02.13-10.08.11:783][419]LogPlayLevel: PIE: World Init took: (0.001125s)
[2026.02.13-10.08.11:783][419]LogPlayLevel: PIE: Created PIE world by copying editor world from /Game/Levels/Main.Main to /Game/Levels/UEDPIE_0_Main.Main (0.005081s)
[2026.02.13-10.08.11:822][419]LogUObjectHash: Compacting FUObjectHashTables data took   2.61ms
[2026.02.13-10.08.11:824][419]LogAudio: Display: Creating Audio Device:                 Id: 13, Scope: Unique, Realtime: True
[2026.02.13-10.08.11:824][419]LogAudioMixer: Display: Audio Mixer Platform Settings:
[2026.02.13-10.08.11:824][419]LogAudioMixer: Display: 	Sample Rate:						  48000
[2026.02.13-10.08.11:824][419]LogAudioMixer: Display: 	Callback Buffer Frame Size Requested: 1024
[2026.02.13-10.08.11:824][419]LogAudioMixer: Display: 	Callback Buffer Frame Size To Use:	  1024
[2026.02.13-10.08.11:824][419]LogAudioMixer: Display: 	Number of buffers to queue:			  2
[2026.02.13-10.08.11:824][419]LogAudioMixer: Display: 	Max Channels (voices):				  32
[2026.02.13-10.08.11:824][419]LogAudioMixer: Display: 	Number of Async Source Workers:		  0
[2026.02.13-10.08.11:824][419]LogAudio: Display: AudioDevice MaxSources: 32
[2026.02.13-10.08.11:824][419]LogAudio: Display: Audio Spatialization Plugin: None (built-in).
[2026.02.13-10.08.11:824][419]LogAudio: Display: Audio Reverb Plugin: None (built-in).
[2026.02.13-10.08.11:824][419]LogAudio: Display: Audio Occlusion Plugin: None (built-in).
[2026.02.13-10.08.11:824][419]LogAudioMixer: Display: Initializing audio mixer.
[2026.02.13-10.08.11:826][419]LogAudioMixer: Display: 0: FrontLeft
[2026.02.13-10.08.11:826][419]LogAudioMixer: Display: 1: FrontRight
[2026.02.13-10.08.11:835][419]LogAudioMixer: Display: Using Audio Device Speakers (USB Audio Device)
[2026.02.13-10.08.11:835][419]LogAudioMixer: Display: Initializing Sound Submixes...
[2026.02.13-10.08.11:835][419]LogAudioMixer: Display: Creating Master Submix 'MasterSubmixDefault'
[2026.02.13-10.08.11:835][419]LogAudioMixer: Display: Creating Master Submix 'MasterReverbSubmixDefault'
[2026.02.13-10.08.11:837][419]LogAudioMixer: Display: Creating Master Submix 'MasterEQSubmixDefault'
[2026.02.13-10.08.11:837][419]LogAudioMixer: FMixerPlatformXAudio2::StartAudioStream() called
[2026.02.13-10.08.11:837][419]LogAudioMixer: Display: Output buffers initialized: Frames=1024, Channels=2, Samples=2048
[2026.02.13-10.08.11:837][419]LogAudioMixer: Display: Starting AudioMixerPlatformInterface::RunInternal()
[2026.02.13-10.08.11:837][419]LogAudioMixer: Display: FMixerPlatformXAudio2::SubmitBuffer() called for the first time
[2026.02.13-10.08.11:837][419]LogInit: FAudioDevice initialized.
[2026.02.13-10.08.11:837][419]LogAudio: Display: Audio Device (ID: 13) registered with world 'Main'.
[2026.02.13-10.08.11:850][419]LogLoad: Game class is 'BP_GameMode_01_C'
[2026.02.13-10.08.11:851][419]LogWorld: Bringing World /Game/Levels/UEDPIE_0_Main.Main up for play (max tick rate 60) at 2026.02.13-11.08.11
[2026.02.13-10.08.11:851][419]LogWorld: Bringing up level for play took: 0.000844
[2026.02.13-10.08.11:851][419]LogOnline: OSS: Creating online subsystem instance for: :Context_18
[2026.02.13-10.08.11:854][419]PIE: Server logged in
[2026.02.13-10.08.11:854][419]PIE: Play in editor total start time 0,105 seconds.
[2026.02.13-10.08.24:080][151]LogSlate: Updating window title bar state: overlay mode, drag disabled, window buttons hidden, title bar hidden
[2026.02.13-10.08.24:080][151]LogWorld: BeginTearingDown for /Game/Levels/UEDPIE_0_Main
[2026.02.13-10.08.24:080][151]LogWorld: UWorld::CleanupWorld for Main, bSessionEnded=true, bCleanupResources=true
[2026.02.13-10.08.24:081][151]LogSlate: InvalidateAllWidgets triggered.  All widgets were invalidated
[2026.02.13-10.08.24:096][151]LogPlayLevel: Display: Shutting down PIE online subsystems
[2026.02.13-10.08.24:110][151]LogSlate: InvalidateAllWidgets triggered.  All widgets were invalidated
[2026.02.13-10.08.24:140][151]LogAudio: Display: Audio Device unregistered from world 'None'.
[2026.02.13-10.08.24:140][151]LogAudioMixer: FMixerPlatformXAudio2::StopAudioStream() called
[2026.02.13-10.08.24:141][151]LogAudioMixer: FMixerPlatformXAudio2::StopAudioStream() called
[2026.02.13-10.08.24:142][151]LogSlate: Updating window title bar state: overlay mode, drag disabled, window buttons hidden, title bar hidden
[2026.02.13-10.08.24:146][151]LogUObjectHash: Compacting FUObjectHashTables data took   1.76ms
[2026.02.13-10.08.24:161][152]LogPlayLevel: Display: Destroying online subsystem :Context_18
[2026.02.13-10.08.25:005][203]LogRenderer: Reallocating scene render targets to support 1636x572 Format 10 NumSamples 1 (Frame:3296).
[2026.02.13-10.08.46:753][504]BlueprintLog: New page: Compile BP_Spider
[2026.02.13-10.08.46:807][504]LogUObjectHash: Compacting FUObjectHashTables data took   1.68ms
[2026.02.13-10.08.48:276][591]LogTemp: Repeating last play command: Selected Viewport
[2026.02.13-10.08.48:282][591]LogPlayLevel: PlayLevel: No blueprints needed recompiling
[2026.02.13-10.08.48:282][591]PIE: New page: PIE session: Main (13 lut 2026, 12:08:48)
[2026.02.13-10.08.48:282][591]LogPlayLevel: Creating play world package: /Game/Levels/UEDPIE_0_Main
[2026.02.13-10.08.48:285][591]LogPlayLevel: PIE: StaticDuplicateObject took: (0.002634s)
[2026.02.13-10.08.48:285][591]LogAIModule: Creating AISystem for world Main
[2026.02.13-10.08.48:285][591]LogPlayLevel: PIE: World Init took: (0.000745s)
[2026.02.13-10.08.48:285][591]LogPlayLevel: PIE: Created PIE world by copying editor world from /Game/Levels/Main.Main to /Game/Levels/UEDPIE_0_Main.Main (0.003472s)
[2026.02.13-10.08.48:310][591]LogUObjectHash: Compacting FUObjectHashTables data took   1.88ms
[2026.02.13-10.08.48:311][591]LogAudio: Display: Creating Audio Device:                 Id: 14, Scope: Unique, Realtime: True
[2026.02.13-10.08.48:311][591]LogAudioMixer: Display: Audio Mixer Platform Settings:
[2026.02.13-10.08.48:311][591]LogAudioMixer: Display: 	Sample Rate:						  48000
[2026.02.13-10.08.48:311][591]LogAudioMixer: Display: 	Callback Buffer Frame Size Requested: 1024
[2026.02.13-10.08.48:311][591]LogAudioMixer: Display: 	Callback Buffer Frame Size To Use:	  1024
[2026.02.13-10.08.48:311][591]LogAudioMixer: Display: 	Number of buffers to queue:			  2
[2026.02.13-10.08.48:311][591]LogAudioMixer: Display: 	Max Channels (voices):				  32
[2026.02.13-10.08.48:311][591]LogAudioMixer: Display: 	Number of Async Source Workers:		  0
[2026.02.13-10.08.48:311][591]LogAudio: Display: AudioDevice MaxSources: 32
[2026.02.13-10.08.48:311][591]LogAudio: Display: Audio Spatialization Plugin: None (built-in).
[2026.02.13-10.08.48:311][591]LogAudio: Display: Audio Reverb Plugin: None (built-in).
[2026.02.13-10.08.48:311][591]LogAudio: Display: Audio Occlusion Plugin: None (built-in).
[2026.02.13-10.08.48:311][591]LogAudioMixer: Display: Initializing audio mixer.
[2026.02.13-10.08.48:314][591]LogAudioMixer: Display: 0: FrontLeft
[2026.02.13-10.08.48:314][591]LogAudioMixer: Display: 1: FrontRight
[2026.02.13-10.08.48:322][591]LogAudioMixer: Display: Using Audio Device Speakers (USB Audio Device)
[2026.02.13-10.08.48:322][591]LogAudioMixer: Display: Initializing Sound Submixes...
[2026.02.13-10.08.48:322][591]LogAudioMixer: Display: Creating Master Submix 'MasterSubmixDefault'
[2026.02.13-10.08.48:322][591]LogAudioMixer: Display: Creating Master Submix 'MasterReverbSubmixDefault'
[2026.02.13-10.08.48:323][591]LogAudioMixer: Display: Creating Master Submix 'MasterEQSubmixDefault'
[2026.02.13-10.08.48:323][591]LogAudioMixer: FMixerPlatformXAudio2::StartAudioStream() called
[2026.02.13-10.08.48:323][591]LogAudioMixer: Display: Output buffers initialized: Frames=1024, Channels=2, Samples=2048
[2026.02.13-10.08.48:324][591]LogAudioMixer: Display: Starting AudioMixerPlatformInterface::RunInternal()
[2026.02.13-10.08.48:324][591]LogAudioMixer: Display: FMixerPlatformXAudio2::SubmitBuffer() called for the first time
[2026.02.13-10.08.48:324][591]LogInit: FAudioDevice initialized.
[2026.02.13-10.08.48:324][591]LogAudio: Display: Audio Device (ID: 14) registered with world 'Main'.
[2026.02.13-10.08.48:332][591]LogLoad: Game class is 'BP_GameMode_01_C'
[2026.02.13-10.08.48:333][591]LogWorld: Bringing World /Game/Levels/UEDPIE_0_Main.Main up for play (max tick rate 60) at 2026.02.13-11.08.48
[2026.02.13-10.08.48:333][591]LogWorld: Bringing up level for play took: 0.000884
[2026.02.13-10.08.48:333][591]LogOnline: OSS: Creating online subsystem instance for: :Context_19
[2026.02.13-10.08.48:335][591]PIE: Server logged in
[2026.02.13-10.08.48:336][591]PIE: Play in editor total start time 0,054 seconds.
[2026.02.13-10.09.19:490][457]LogSlate: Updating window title bar state: overlay mode, drag disabled, window buttons hidden, title bar hidden
[2026.02.13-10.09.19:490][457]LogWorld: BeginTearingDown for /Game/Levels/UEDPIE_0_Main
[2026.02.13-10.09.19:490][457]LogWorld: UWorld::CleanupWorld for Main, bSessionEnded=true, bCleanupResources=true
[2026.02.13-10.09.19:490][457]LogSlate: InvalidateAllWidgets triggered.  All widgets were invalidated
[2026.02.13-10.09.19:496][457]LogPlayLevel: Display: Shutting down PIE online subsystems
[2026.02.13-10.09.19:506][457]LogSlate: InvalidateAllWidgets triggered.  All widgets were invalidated
[2026.02.13-10.09.19:528][457]LogAudio: Display: Audio Device unregistered from world 'None'.
[2026.02.13-10.09.19:528][457]LogAudioMixer: FMixerPlatformXAudio2::StopAudioStream() called
[2026.02.13-10.09.19:529][457]LogAudioMixer: FMixerPlatformXAudio2::StopAudioStream() called
[2026.02.13-10.09.19:530][457]LogSlate: Updating window title bar state: overlay mode, drag disabled, window buttons hidden, title bar hidden
[2026.02.13-10.09.19:533][457]LogUObjectHash: Compacting FUObjectHashTables data took   1.99ms
[2026.02.13-10.09.19:575][458]LogPlayLevel: Display: Destroying online subsystem :Context_19
[2026.02.13-10.10.38:100][329]BlueprintLog: New page: Compile BP_Spider
[2026.02.13-10.10.38:156][329]LogUObjectHash: Compacting FUObjectHashTables data took   1.85ms
[2026.02.13-10.11.11:679][332]BlueprintLog: New page: Compile W_PlayerHUD
[2026.02.13-10.11.11:706][332]LogUObjectHash: Compacting FUObjectHashTables data took   2.27ms
[2026.02.13-10.11.12:672][389]LogTemp: Repeating last play command: Selected Viewport
[2026.02.13-10.11.12:677][389]LogPlayLevel: PlayLevel: No blueprints needed recompiling
[2026.02.13-10.11.12:677][389]PIE: New page: PIE session: Main (13 lut 2026, 12:11:12)
[2026.02.13-10.11.12:698][389]LogPlayLevel: Creating play world package: /Game/Levels/UEDPIE_0_Main
[2026.02.13-10.11.12:702][389]LogPlayLevel: PIE: StaticDuplicateObject took: (0.003472s)
[2026.02.13-10.11.12:703][389]LogAIModule: Creating AISystem for world Main
[2026.02.13-10.11.12:703][389]LogPlayLevel: PIE: World Init took: (0.001086s)
[2026.02.13-10.11.12:703][389]LogPlayLevel: PIE: Created PIE world by copying editor world from /Game/Levels/Main.Main to /Game/Levels/UEDPIE_0_Main.Main (0.004725s)
[2026.02.13-10.11.12:734][389]LogUObjectHash: Compacting FUObjectHashTables data took   3.21ms
[2026.02.13-10.11.12:735][389]LogAudio: Display: Creating Audio Device:                 Id: 15, Scope: Unique, Realtime: True
[2026.02.13-10.11.12:735][389]LogAudioMixer: Display: Audio Mixer Platform Settings:
[2026.02.13-10.11.12:735][389]LogAudioMixer: Display: 	Sample Rate:						  48000
[2026.02.13-10.11.12:735][389]LogAudioMixer: Display: 	Callback Buffer Frame Size Requested: 1024
[2026.02.13-10.11.12:735][389]LogAudioMixer: Display: 	Callback Buffer Frame Size To Use:	  1024
[2026.02.13-10.11.12:735][389]LogAudioMixer: Display: 	Number of buffers to queue:			  2
[2026.02.13-10.11.12:735][389]LogAudioMixer: Display: 	Max Channels (voices):				  32
[2026.02.13-10.11.12:735][389]LogAudioMixer: Display: 	Number of Async Source Workers:		  0
[2026.02.13-10.11.12:735][389]LogAudio: Display: AudioDevice MaxSources: 32
[2026.02.13-10.11.12:735][389]LogAudio: Display: Audio Spatialization Plugin: None (built-in).
[2026.02.13-10.11.12:735][389]LogAudio: Display: Audio Reverb Plugin: None (built-in).
[2026.02.13-10.11.12:735][389]LogAudio: Display: Audio Occlusion Plugin: None (built-in).
[2026.02.13-10.11.12:735][389]LogAudioMixer: Display: Initializing audio mixer.
[2026.02.13-10.11.12:738][389]LogAudioMixer: Display: 0: FrontLeft
[2026.02.13-10.11.12:738][389]LogAudioMixer: Display: 1: FrontRight
[2026.02.13-10.11.12:748][389]LogAudioMixer: Display: Using Audio Device Speakers (USB Audio Device)
[2026.02.13-10.11.12:748][389]LogAudioMixer: Display: Initializing Sound Submixes...
[2026.02.13-10.11.12:748][389]LogAudioMixer: Display: Creating Master Submix 'MasterSubmixDefault'
[2026.02.13-10.11.12:748][389]LogAudioMixer: Display: Creating Master Submix 'MasterReverbSubmixDefault'
[2026.02.13-10.11.12:748][389]LogAudioMixer: Display: Creating Master Submix 'MasterEQSubmixDefault'
[2026.02.13-10.11.12:748][389]LogAudioMixer: FMixerPlatformXAudio2::StartAudioStream() called
[2026.02.13-10.11.12:748][389]LogAudioMixer: Display: Output buffers initialized: Frames=1024, Channels=2, Samples=2048
[2026.02.13-10.11.12:749][389]LogAudioMixer: Display: Starting AudioMixerPlatformInterface::RunInternal()
[2026.02.13-10.11.12:749][389]LogAudioMixer: Display: FMixerPlatformXAudio2::SubmitBuffer() called for the first time
[2026.02.13-10.11.12:749][389]LogInit: FAudioDevice initialized.
[2026.02.13-10.11.12:749][389]LogAudio: Display: Audio Device (ID: 15) registered with world 'Main'.
[2026.02.13-10.11.12:758][389]LogLoad: Game class is 'BP_GameMode_01_C'
[2026.02.13-10.11.12:760][389]LogWorld: Bringing World /Game/Levels/UEDPIE_0_Main.Main up for play (max tick rate 60) at 2026.02.13-11.11.12
[2026.02.13-10.11.12:760][389]LogWorld: Bringing up level for play took: 0.000883
[2026.02.13-10.11.12:760][389]LogOnline: OSS: Creating online subsystem instance for: :Context_20
[2026.02.13-10.11.12:763][389]PIE: Server logged in
[2026.02.13-10.11.12:764][389]PIE: Play in editor total start time 0,088 seconds.
[2026.02.13-10.11.42:417][168]LogCharacterMovement: BP_Spider_C_8 is stuck and failed to move! Velocity: X=12.00 Y=31.96 Z=0.00 Location: X=274.14 Y=-471.57 Z=110.13 Normal: X=0.06 Y=-0.81 Z=-0.58 PenetrationDepth:0.000 Actor:BP_PLAYER_C_0 Component:CharacterMesh0 BoneName:b_LeftHand (0 other events since notify)
[2026.02.13-10.12.18:741][345]LogSlate: Updating window title bar state: overlay mode, drag disabled, window buttons hidden, title bar hidden
[2026.02.13-10.12.18:741][345]LogWorld: BeginTearingDown for /Game/Levels/UEDPIE_0_Main
[2026.02.13-10.12.18:741][345]LogWorld: UWorld::CleanupWorld for Main, bSessionEnded=true, bCleanupResources=true
[2026.02.13-10.12.18:742][345]LogSlate: InvalidateAllWidgets triggered.  All widgets were invalidated
[2026.02.13-10.12.18:754][345]LogPlayLevel: Display: Shutting down PIE online subsystems
[2026.02.13-10.12.18:764][345]LogSlate: InvalidateAllWidgets triggered.  All widgets were invalidated
[2026.02.13-10.12.18:791][345]LogSlate: Updating window title bar state: overlay mode, drag disabled, window buttons hidden, title bar hidden
[2026.02.13-10.12.18:792][345]LogAudioMixer: FMixerPlatformXAudio2::StopAudioStream() called
[2026.02.13-10.12.18:793][345]LogAudioMixer: FMixerPlatformXAudio2::StopAudioStream() called
[2026.02.13-10.12.18:799][345]LogUObjectHash: Compacting FUObjectHashTables data took   3.10ms
[2026.02.13-10.12.18:836][346]LogPlayLevel: Display: Destroying online subsystem :Context_20
[2026.02.13-10.12.42:982][788]LogUObjectHash: Compacting FUObjectHashTables data took   2.25ms
[2026.02.13-10.12.42:998][788]LogSavePackage: Moving '../../../../../Repozytoria/UE 4.27/KZ_TopDownShooter/TopDownAC/Saved/Main_Auto19972D9844E9E0C551E85D5B6C18E9616.tmp' to '../../../../../Repozytoria/UE 4.27/KZ_TopDownShooter/TopDownAC/Saved/Autosaves/Game/Levels/Main_Auto1.umap'
[2026.02.13-10.12.42:999][788]LogFileHelpers: Editor autosave (incl. external actors) for '/Game/Levels/Main' took 0.048
[2026.02.13-10.12.42:999][788]LogFileHelpers: Editor autosave (incl. sublevels & external actors) for all levels took 0.048
[2026.02.13-10.12.43:000][788]OBJ SavePackage: Generating thumbnails for [2] asset(s) in package [/Game/BluePrintClass/BP_Spider] ([2] browsable assets)...
[2026.02.13-10.12.43:013][788]OBJ SavePackage:     Rendered thumbnail for [BlueprintGeneratedClass /Game/BluePrintClass/BP_Spider.BP_Spider_C]
[2026.02.13-10.12.43:019][788]OBJ SavePackage:     Rendered thumbnail for [Blueprint /Game/BluePrintClass/BP_Spider.BP_Spider]
[2026.02.13-10.12.43:019][788]OBJ SavePackage: Finished generating thumbnails for package [/Game/BluePrintClass/BP_Spider]
[2026.02.13-10.12.43:051][788]LogSavePackage: Moving '../../../../../Repozytoria/UE 4.27/KZ_TopDownShooter/TopDownAC/Saved/BP_Spider_Auto1F1560A0244FCFAD4E48B198CEB013EF7.tmp' to '../../../../../Repozytoria/UE 4.27/KZ_TopDownShooter/TopDownAC/Saved/Autosaves/Game/BluePrintClass/BP_Spider_Auto1.uasset'
[2026.02.13-10.12.43:053][788]OBJ SavePackage: Generating thumbnails for [2] asset(s) in package [/Game/BluePrintClass/BP_PLAYER] ([2] browsable assets)...
[2026.02.13-10.12.43:064][788]OBJ SavePackage:     Rendered thumbnail for [BlueprintGeneratedClass /Game/BluePrintClass/BP_PLAYER.BP_PLAYER_C]
[2026.02.13-10.12.43:069][788]OBJ SavePackage:     Rendered thumbnail for [Blueprint /Game/BluePrintClass/BP_PLAYER.BP_PLAYER]
[2026.02.13-10.12.43:069][788]OBJ SavePackage: Finished generating thumbnails for package [/Game/BluePrintClass/BP_PLAYER]
[2026.02.13-10.12.43:106][788]LogSavePackage: Moving '../../../../../Repozytoria/UE 4.27/KZ_TopDownShooter/TopDownAC/Saved/BP_PLAYER_Auto184F13C5D49F6070F589AA9B3AD9F18F8.tmp' to '../../../../../Repozytoria/UE 4.27/KZ_TopDownShooter/TopDownAC/Saved/Autosaves/Game/BluePrintClass/BP_PLAYER_Auto1.uasset'
[2026.02.13-10.12.43:107][788]OBJ SavePackage: Generating thumbnails for [0] asset(s) in package [/Game/BluePrintClass/W_PlayerHUD] ([2] browsable assets)...
[2026.02.13-10.12.43:107][788]OBJ SavePackage: Finished generating thumbnails for package [/Game/BluePrintClass/W_PlayerHUD]
[2026.02.13-10.12.43:116][788]LogSavePackage: Moving '../../../../../Repozytoria/UE 4.27/KZ_TopDownShooter/TopDownAC/Saved/W_PlayerHUD_Auto13A6DF56D4B4CB621DE237CAA814661FD.tmp' to '../../../../../Repozytoria/UE 4.27/KZ_TopDownShooter/TopDownAC/Saved/Autosaves/Game/BluePrintClass/W_PlayerHUD_Auto1.uasset'
[2026.02.13-10.12.43:116][788]LogFileHelpers: Auto-saving content packages took 0.117
[2026.02.13-10.20.04:538][285]LogEditorClassViewer: Warning: Class /Engine/Tutorial/InWorldBlueprintEditing/TutorialAssets/IWBE_Blutility.IWBE_Blutility_C has parent /Script/Blutility.PlacedEditorUtilityBase, but this parent is not found. The Class will not be shown in ClassViewer.
[2026.02.13-10.20.07:641][285]LogSlate: Window 'Pick Parent Class' being destroyed
[2026.02.13-10.20.07:656][285]LogContentBrowser: Deferred new asset file creation: NewBlueprint
[2026.02.13-10.20.07:671][285]LogContentBrowser: Creating deferred item: NewBlueprint
[2026.02.13-10.20.21:790][131]LogContentBrowser: Attempting asset rename: NewBlueprint -> NewBlueprint
[2026.02.13-10.20.21:795][131]LogContentBrowser: End creating deferred item NewBlueprint
[2026.02.13-10.20.30:524][654]LogContentBrowser: Attempting asset rename: NewBlueprint -> Gun_DMG_TEST
[2026.02.13-10.20.30:562][654]LogMetaData: Removing '/Game/BluePrintClass/Gun_DMG_TEST.Gun_DMG_TEST:UserConstructionScript.K2Node_FunctionEntry_0' ref from Metadata '/Game/BluePrintClass/NewBlueprint.PackageMetaData'
[2026.02.13-10.20.30:562][654]LogMetaData: Removing '/Game/BluePrintClass/Gun_DMG_TEST.SKEL_Gun_DMG_TEST_C:UserConstructionScript' ref from Metadata '/Game/BluePrintClass/NewBlueprint.PackageMetaData'
[2026.02.13-10.20.30:562][654]LogMetaData: Removing '/Game/BluePrintClass/Gun_DMG_TEST.SKEL_Gun_DMG_TEST_C' ref from Metadata '/Game/BluePrintClass/NewBlueprint.PackageMetaData'
[2026.02.13-10.20.30:562][654]LogMetaData: Removing '/Game/BluePrintClass/Gun_DMG_TEST.Gun_DMG_TEST_C' ref from Metadata '/Game/BluePrintClass/NewBlueprint.PackageMetaData'
[2026.02.13-10.20.30:562][654]LogMetaData: Removing '/Game/BluePrintClass/Gun_DMG_TEST.Gun_DMG_TEST:EventGraph.K2Node_Event_0' ref from Metadata '/Game/BluePrintClass/NewBlueprint.PackageMetaData'
[2026.02.13-10.20.30:562][654]LogMetaData: Removing '/Game/BluePrintClass/Gun_DMG_TEST.Gun_DMG_TEST:EventGraph.K2Node_Event_1' ref from Metadata '/Game/BluePrintClass/NewBlueprint.PackageMetaData'
[2026.02.13-10.20.30:562][654]LogMetaData: Removing '/Game/BluePrintClass/Gun_DMG_TEST.Gun_DMG_TEST:EventGraph.K2Node_Event_2' ref from Metadata '/Game/BluePrintClass/NewBlueprint.PackageMetaData'
[2026.02.13-10.20.30:604][654]Cmd: OBJ SAVEPACKAGE PACKAGE="/Game/BluePrintClass/Gun_DMG_TEST" FILE="../../../../../Repozytoria/UE 4.27/KZ_TopDownShooter/TopDownAC/Content/BluePrintClass/Gun_DMG_TEST.uasset" SILENT=true
[2026.02.13-10.20.30:606][654]LogSavePackage: Moving '../../../../../Repozytoria/UE 4.27/KZ_TopDownShooter/TopDownAC/Saved/Gun_DMG_TEST703CF70048C56D94E58AF48E48198AF7.tmp' to '../../../../../Repozytoria/UE 4.27/KZ_TopDownShooter/TopDownAC/Content/BluePrintClass/Gun_DMG_TEST.uasset'
[2026.02.13-10.20.30:710][654]LogUObjectHash: Compacting FUObjectHashTables data took   2.39ms
[2026.02.13-10.20.30:751][654]LogUObjectHash: Compacting FUObjectHashTables data took   1.35ms
[2026.02.13-10.20.30:776][654]LogUObjectHash: Compacting FUObjectHashTables data took   0.76ms
[2026.02.13-10.20.30:798][654]AssetCheck: New page: Asset Save: Gun_DMG_TEST
[2026.02.13-10.20.30:798][654]LogContentValidation: Display: Validating Blueprint /Game/BluePrintClass/Gun_DMG_TEST.Gun_DMG_TEST
[2026.02.13-10.20.32:360][746]LogAssetEditorSubsystem: Opening Asset editor for Blueprint /Game/BluePrintClass/Gun_DMG_TEST.Gun_DMG_TEST
[2026.02.13-10.20.32:621][746]LogRenderer: Reallocating scene render targets to support 1636x640 Format 10 NumSamples 1 (Frame:1).
[2026.02.13-10.21.10:406][980]BlueprintLog: New page: Compile W_PlayerHUD
[2026.02.13-10.21.10:439][980]LogUObjectHash: Compacting FUObjectHashTables data took   2.18ms
[2026.02.13-10.21.43:793][945]BlueprintLog: New page: Compile Gun_DMG_TEST
[2026.02.13-10.21.43:834][945]LogUObjectHash: Compacting FUObjectHashTables data took   2.01ms
[2026.02.13-10.21.47:034][134]BlueprintLog: New page: Compile BP_PLAYER
[2026.02.13-10.21.47:092][134]LogUObjectHash: Compacting FUObjectHashTables data took   2.09ms
[2026.02.13-10.21.51:741][406]LogTemp: Repeating last play command: Selected Viewport
[2026.02.13-10.21.51:748][406]BlueprintLog: New page: Pre-Play auto-recompile
[2026.02.13-10.21.51:750][406]LogPlayLevel: [PlayLevel] Compiling BP_Spider before play...
[2026.02.13-10.21.51:814][406]LogUObjectHash: Compacting FUObjectHashTables data took   2.18ms
[2026.02.13-10.21.51:815][406]LogPlayLevel: PlayLevel: Blueprint regeneration took 67 ms (1 blueprints)
[2026.02.13-10.21.51:815][406]PIE: New page: PIE session: Main (13 lut 2026, 12:21:51)
[2026.02.13-10.21.51:815][406]LogPlayLevel: Creating play world package: /Game/Levels/UEDPIE_0_Main
[2026.02.13-10.21.51:817][406]LogPlayLevel: PIE: StaticDuplicateObject took: (0.002246s)
[2026.02.13-10.21.51:818][406]LogAIModule: Creating AISystem for world Main
[2026.02.13-10.21.51:818][406]LogPlayLevel: PIE: World Init took: (0.000756s)
[2026.02.13-10.21.51:818][406]LogPlayLevel: PIE: Created PIE world by copying editor world from /Game/Levels/Main.Main to /Game/Levels/UEDPIE_0_Main.Main (0.003078s)
[2026.02.13-10.21.51:839][406]LogUObjectHash: Compacting FUObjectHashTables data took   1.56ms
[2026.02.13-10.21.51:840][406]LogAudio: Display: Creating Audio Device:                 Id: 16, Scope: Unique, Realtime: True
[2026.02.13-10.21.51:840][406]LogAudioMixer: Display: Audio Mixer Platform Settings:
[2026.02.13-10.21.51:840][406]LogAudioMixer: Display: 	Sample Rate:						  48000
[2026.02.13-10.21.51:840][406]LogAudioMixer: Display: 	Callback Buffer Frame Size Requested: 1024
[2026.02.13-10.21.51:840][406]LogAudioMixer: Display: 	Callback Buffer Frame Size To Use:	  1024
[2026.02.13-10.21.51:840][406]LogAudioMixer: Display: 	Number of buffers to queue:			  2
[2026.02.13-10.21.51:840][406]LogAudioMixer: Display: 	Max Channels (voices):				  32
[2026.02.13-10.21.51:840][406]LogAudioMixer: Display: 	Number of Async Source Workers:		  0
[2026.02.13-10.21.51:840][406]LogAudio: Display: AudioDevice MaxSources: 32
[2026.02.13-10.21.51:840][406]LogAudio: Display: Audio Spatialization Plugin: None (built-in).
[2026.02.13-10.21.51:840][406]LogAudio: Display: Audio Reverb Plugin: None (built-in).
[2026.02.13-10.21.51:840][406]LogAudio: Display: Audio Occlusion Plugin: None (built-in).
[2026.02.13-10.21.51:840][406]LogAudioMixer: Display: Initializing audio mixer.
[2026.02.13-10.21.51:843][406]LogAudioMixer: Display: 0: FrontLeft
[2026.02.13-10.21.51:843][406]LogAudioMixer: Display: 1: FrontRight
[2026.02.13-10.21.51:853][406]LogAudioMixer: Display: Using Audio Device Speakers (USB Audio Device)
[2026.02.13-10.21.51:853][406]LogAudioMixer: Display: Initializing Sound Submixes...
[2026.02.13-10.21.51:853][406]LogAudioMixer: Display: Creating Master Submix 'MasterSubmixDefault'
[2026.02.13-10.21.51:853][406]LogAudioMixer: Display: Creating Master Submix 'MasterReverbSubmixDefault'
[2026.02.13-10.21.51:854][406]LogAudioMixer: Display: Creating Master Submix 'MasterEQSubmixDefault'
[2026.02.13-10.21.51:854][406]LogAudioMixer: FMixerPlatformXAudio2::StartAudioStream() called
[2026.02.13-10.21.51:854][406]LogAudioMixer: Display: Output buffers initialized: Frames=1024, Channels=2, Samples=2048
[2026.02.13-10.21.51:855][406]LogAudioMixer: Display: Starting AudioMixerPlatformInterface::RunInternal()
[2026.02.13-10.21.51:855][406]LogAudioMixer: Display: FMixerPlatformXAudio2::SubmitBuffer() called for the first time
[2026.02.13-10.21.51:855][406]LogInit: FAudioDevice initialized.
[2026.02.13-10.21.51:855][406]LogAudio: Display: Audio Device (ID: 16) registered with world 'Main'.
[2026.02.13-10.21.51:865][406]LogLoad: Game class is 'BP_GameMode_01_C'
[2026.02.13-10.21.51:866][406]LogWorld: Bringing World /Game/Levels/UEDPIE_0_Main.Main up for play (max tick rate 60) at 2026.02.13-11.21.51
[2026.02.13-10.21.51:866][406]LogWorld: Bringing up level for play took: 0.000911
[2026.02.13-10.21.51:866][406]LogOnline: OSS: Creating online subsystem instance for: :Context_29
[2026.02.13-10.21.51:869][406]PIE: Server logged in
[2026.02.13-10.21.51:870][406]PIE: Play in editor total start time 0,124 seconds.
[2026.02.13-10.22.00:301][909]LogSlate: Updating window title bar state: overlay mode, drag disabled, window buttons hidden, title bar hidden
[2026.02.13-10.22.00:301][909]LogWorld: BeginTearingDown for /Game/Levels/UEDPIE_0_Main
[2026.02.13-10.22.00:301][909]LogWorld: UWorld::CleanupWorld for Main, bSessionEnded=true, bCleanupResources=true
[2026.02.13-10.22.00:302][909]LogSlate: InvalidateAllWidgets triggered.  All widgets were invalidated
[2026.02.13-10.22.00:310][909]LogPlayLevel: Display: Shutting down PIE online subsystems
[2026.02.13-10.22.00:321][909]LogSlate: InvalidateAllWidgets triggered.  All widgets were invalidated
[2026.02.13-10.22.00:349][909]LogSlate: Updating window title bar state: overlay mode, drag disabled, window buttons hidden, title bar hidden
[2026.02.13-10.22.00:349][909]LogAudioMixer: FMixerPlatformXAudio2::StopAudioStream() called
[2026.02.13-10.22.00:351][909]LogAudioMixer: FMixerPlatformXAudio2::StopAudioStream() called
[2026.02.13-10.22.00:355][909]LogUObjectHash: Compacting FUObjectHashTables data took   1.78ms
[2026.02.13-10.22.00:390][910]LogPlayLevel: Display: Destroying online subsystem :Context_29
[2026.02.13-10.22.15:764][831]LogTemp: Repeating last play command: Selected Viewport
[2026.02.13-10.22.15:769][831]LogPlayLevel: PlayLevel: No blueprints needed recompiling
[2026.02.13-10.22.15:769][831]PIE: New page: PIE session: Main (13 lut 2026, 12:22:15)
[2026.02.13-10.22.15:769][831]LogPlayLevel: Creating play world package: /Game/Levels/UEDPIE_0_Main
[2026.02.13-10.22.15:772][831]LogPlayLevel: PIE: StaticDuplicateObject took: (0.002530s)
[2026.02.13-10.22.15:772][831]LogAIModule: Creating AISystem for world Main
[2026.02.13-10.22.15:772][831]LogPlayLevel: PIE: World Init took: (0.000906s)
[2026.02.13-10.22.15:772][831]LogPlayLevel: PIE: Created PIE world by copying editor world from /Game/Levels/Main.Main to /Game/Levels/UEDPIE_0_Main.Main (0.003540s)
[2026.02.13-10.22.15:795][831]LogUObjectHash: Compacting FUObjectHashTables data took   1.59ms
[2026.02.13-10.22.15:797][831]LogAudio: Display: Creating Audio Device:                 Id: 17, Scope: Unique, Realtime: True
[2026.02.13-10.22.15:797][831]LogAudioMixer: Display: Audio Mixer Platform Settings:
[2026.02.13-10.22.15:797][831]LogAudioMixer: Display: 	Sample Rate:						  48000
[2026.02.13-10.22.15:797][831]LogAudioMixer: Display: 	Callback Buffer Frame Size Requested: 1024
[2026.02.13-10.22.15:797][831]LogAudioMixer: Display: 	Callback Buffer Frame Size To Use:	  1024
[2026.02.13-10.22.15:797][831]LogAudioMixer: Display: 	Number of buffers to queue:			  2
[2026.02.13-10.22.15:797][831]LogAudioMixer: Display: 	Max Channels (voices):				  32
[2026.02.13-10.22.15:797][831]LogAudioMixer: Display: 	Number of Async Source Workers:		  0
[2026.02.13-10.22.15:797][831]LogAudio: Display: AudioDevice MaxSources: 32
[2026.02.13-10.22.15:797][831]LogAudio: Display: Audio Spatialization Plugin: None (built-in).
[2026.02.13-10.22.15:797][831]LogAudio: Display: Audio Reverb Plugin: None (built-in).
[2026.02.13-10.22.15:797][831]LogAudio: Display: Audio Occlusion Plugin: None (built-in).
[2026.02.13-10.22.15:797][831]LogAudioMixer: Display: Initializing audio mixer.
[2026.02.13-10.22.15:799][831]LogAudioMixer: Display: 0: FrontLeft
[2026.02.13-10.22.15:799][831]LogAudioMixer: Display: 1: FrontRight
[2026.02.13-10.22.15:807][831]LogAudioMixer: Display: Using Audio Device Speakers (USB Audio Device)
[2026.02.13-10.22.15:807][831]LogAudioMixer: Display: Initializing Sound Submixes...
[2026.02.13-10.22.15:807][831]LogAudioMixer: Display: Creating Master Submix 'MasterSubmixDefault'
[2026.02.13-10.22.15:807][831]LogAudioMixer: Display: Creating Master Submix 'MasterReverbSubmixDefault'
[2026.02.13-10.22.15:807][831]LogAudioMixer: Display: Creating Master Submix 'MasterEQSubmixDefault'
[2026.02.13-10.22.15:807][831]LogAudioMixer: FMixerPlatformXAudio2::StartAudioStream() called
[2026.02.13-10.22.15:807][831]LogAudioMixer: Display: Output buffers initialized: Frames=1024, Channels=2, Samples=2048
[2026.02.13-10.22.15:809][831]LogAudioMixer: Display: Starting AudioMixerPlatformInterface::RunInternal()
[2026.02.13-10.22.15:809][831]LogAudioMixer: Display: FMixerPlatformXAudio2::SubmitBuffer() called for the first time
[2026.02.13-10.22.15:809][831]LogInit: FAudioDevice initialized.
[2026.02.13-10.22.15:809][831]LogAudio: Display: Audio Device (ID: 17) registered with world 'Main'.
[2026.02.13-10.22.15:816][831]LogLoad: Game class is 'BP_GameMode_01_C'
[2026.02.13-10.22.15:817][831]LogWorld: Bringing World /Game/Levels/UEDPIE_0_Main.Main up for play (max tick rate 60) at 2026.02.13-11.22.15
[2026.02.13-10.22.15:817][831]LogWorld: Bringing up level for play took: 0.000848
[2026.02.13-10.22.15:817][831]LogOnline: OSS: Creating online subsystem instance for: :Context_30
[2026.02.13-10.22.15:819][831]PIE: Server logged in
[2026.02.13-10.22.15:819][831]PIE: Play in editor total start time 0,051 seconds.
[2026.02.13-10.22.42:980][459]LogSlate: Updating window title bar state: overlay mode, drag disabled, window buttons hidden, title bar hidden
[2026.02.13-10.22.42:981][459]LogWorld: BeginTearingDown for /Game/Levels/UEDPIE_0_Main
[2026.02.13-10.22.42:981][459]LogWorld: UWorld::CleanupWorld for Main, bSessionEnded=true, bCleanupResources=true
[2026.02.13-10.22.42:981][459]LogSlate: InvalidateAllWidgets triggered.  All widgets were invalidated
[2026.02.13-10.22.42:992][459]LogPlayLevel: Display: Shutting down PIE online subsystems
[2026.02.13-10.22.43:001][459]LogSlate: InvalidateAllWidgets triggered.  All widgets were invalidated
[2026.02.13-10.22.43:035][459]LogSlate: Updating window title bar state: overlay mode, drag disabled, window buttons hidden, title bar hidden
[2026.02.13-10.22.43:035][459]LogAudioMixer: FMixerPlatformXAudio2::StopAudioStream() called
[2026.02.13-10.22.43:036][459]LogAudioMixer: FMixerPlatformXAudio2::StopAudioStream() called
[2026.02.13-10.22.43:042][459]LogUObjectHash: Compacting FUObjectHashTables data took   1.92ms
[2026.02.13-10.22.43:078][460]LogPlayLevel: Display: Destroying online subsystem :Context_30
[2026.02.13-10.23.30:776][297]BlueprintLog: New page: Compile Gun_DMG_TEST
[2026.02.13-10.23.30:824][297]LogUObjectHash: Compacting FUObjectHashTables data took   1.89ms
[2026.02.13-10.23.41:053][899]BlueprintLog: New page: Compile Gun_DMG_TEST
[2026.02.13-10.23.41:097][899]LogUObjectHash: Compacting FUObjectHashTables data took   1.92ms
[2026.02.13-10.23.44:878][117]Cmd: OBJ SAVEPACKAGE PACKAGE="/Game/Levels/Main" FILE="../../../../../Repozytoria/UE 4.27/KZ_TopDownShooter/TopDownAC/Content/Levels/Main.umap" SILENT=true AUTOSAVING=false KEEPDIRTY=false
[2026.02.13-10.23.44:906][117]LogUObjectHash: Compacting FUObjectHashTables data took   2.04ms
[2026.02.13-10.23.44:913][117]LogSavePackage: Moving '../../../../../Repozytoria/UE 4.27/KZ_TopDownShooter/TopDownAC/Saved/Main8B30BB3C4EF4C1955B9B89B12E60BDCB.tmp' to '../../../../../Repozytoria/UE 4.27/KZ_TopDownShooter/TopDownAC/Content/Levels/Main.umap'
[2026.02.13-10.23.44:948][117]AssetCheck: New page: Asset Save: Main
[2026.02.13-10.23.44:948][117]LogContentValidation: Display: Validating World /Game/Levels/Main.Main
[2026.02.13-10.23.45:900][174]LogTemp: Repeating last play command: Selected Viewport
[2026.02.13-10.23.45:906][174]LogPlayLevel: PlayLevel: No blueprints needed recompiling
[2026.02.13-10.23.45:906][174]PIE: New page: PIE session: Main (13 lut 2026, 12:23:45)
[2026.02.13-10.23.45:906][174]LogPlayLevel: Creating play world package: /Game/Levels/UEDPIE_0_Main
[2026.02.13-10.23.45:910][174]LogPlayLevel: PIE: StaticDuplicateObject took: (0.002950s)
[2026.02.13-10.23.45:911][174]LogAIModule: Creating AISystem for world Main
[2026.02.13-10.23.45:911][174]LogPlayLevel: PIE: World Init took: (0.000850s)
[2026.02.13-10.23.45:911][174]LogPlayLevel: PIE: Created PIE world by copying editor world from /Game/Levels/Main.Main to /Game/Levels/UEDPIE_0_Main.Main (0.003905s)
[2026.02.13-10.23.45:932][174]LogUObjectHash: Compacting FUObjectHashTables data took   1.64ms
[2026.02.13-10.23.45:933][174]LogAudio: Display: Creating Audio Device:                 Id: 18, Scope: Unique, Realtime: True
[2026.02.13-10.23.45:933][174]LogAudioMixer: Display: Audio Mixer Platform Settings:
[2026.02.13-10.23.45:933][174]LogAudioMixer: Display: 	Sample Rate:						  48000
[2026.02.13-10.23.45:933][174]LogAudioMixer: Display: 	Callback Buffer Frame Size Requested: 1024
[2026.02.13-10.23.45:933][174]LogAudioMixer: Display: 	Callback Buffer Frame Size To Use:	  1024
[2026.02.13-10.23.45:933][174]LogAudioMixer: Display: 	Number of buffers to queue:			  2
[2026.02.13-10.23.45:933][174]LogAudioMixer: Display: 	Max Channels (voices):				  32
[2026.02.13-10.23.45:933][174]LogAudioMixer: Display: 	Number of Async Source Workers:		  0
[2026.02.13-10.23.45:933][174]LogAudio: Display: AudioDevice MaxSources: 32
[2026.02.13-10.23.45:933][174]LogAudio: Display: Audio Spatialization Plugin: None (built-in).
[2026.02.13-10.23.45:933][174]LogAudio: Display: Audio Reverb Plugin: None (built-in).
[2026.02.13-10.23.45:933][174]LogAudio: Display: Audio Occlusion Plugin: None (built-in).
[2026.02.13-10.23.45:933][174]LogAudioMixer: Display: Initializing audio mixer.
[2026.02.13-10.23.45:936][174]LogAudioMixer: Display: 0: FrontLeft
[2026.02.13-10.23.45:936][174]LogAudioMixer: Display: 1: FrontRight
[2026.02.13-10.23.45:943][174]LogAudioMixer: Display: Using Audio Device Speakers (USB Audio Device)
[2026.02.13-10.23.45:944][174]LogAudioMixer: Display: Initializing Sound Submixes...
[2026.02.13-10.23.45:944][174]LogAudioMixer: Display: Creating Master Submix 'MasterSubmixDefault'
[2026.02.13-10.23.45:944][174]LogAudioMixer: Display: Creating Master Submix 'MasterReverbSubmixDefault'
[2026.02.13-10.23.45:944][174]LogAudioMixer: Display: Creating Master Submix 'MasterEQSubmixDefault'
[2026.02.13-10.23.45:944][174]LogAudioMixer: FMixerPlatformXAudio2::StartAudioStream() called
[2026.02.13-10.23.45:944][174]LogAudioMixer: Display: Output buffers initialized: Frames=1024, Channels=2, Samples=2048
[2026.02.13-10.23.45:945][174]LogAudioMixer: Display: Starting AudioMixerPlatformInterface::RunInternal()
[2026.02.13-10.23.45:945][174]LogAudioMixer: Display: FMixerPlatformXAudio2::SubmitBuffer() called for the first time
[2026.02.13-10.23.45:945][174]LogInit: FAudioDevice initialized.
[2026.02.13-10.23.45:945][174]LogAudio: Display: Audio Device (ID: 18) registered with world 'Main'.
[2026.02.13-10.23.45:955][174]LogLoad: Game class is 'BP_GameMode_01_C'
[2026.02.13-10.23.45:956][174]LogWorld: Bringing World /Game/Levels/UEDPIE_0_Main.Main up for play (max tick rate 60) at 2026.02.13-11.23.45
[2026.02.13-10.23.45:956][174]LogWorld: Bringing up level for play took: 0.001094
[2026.02.13-10.23.45:957][174]LogOnline: OSS: Creating online subsystem instance for: :Context_31
[2026.02.13-10.23.45:959][174]PIE: Server logged in
[2026.02.13-10.23.45:960][174]PIE: Play in editor total start time 0,054 seconds.
[2026.02.13-10.23.58:211][907]LogSlate: Updating window title bar state: overlay mode, drag disabled, window buttons hidden, title bar hidden
[2026.02.13-10.23.58:211][907]LogWorld: BeginTearingDown for /Game/Levels/UEDPIE_0_Main
[2026.02.13-10.23.58:211][907]LogWorld: UWorld::CleanupWorld for Main, bSessionEnded=true, bCleanupResources=true
[2026.02.13-10.23.58:212][907]LogSlate: InvalidateAllWidgets triggered.  All widgets were invalidated
[2026.02.13-10.23.58:225][907]LogPlayLevel: Display: Shutting down PIE online subsystems
[2026.02.13-10.23.58:234][907]LogSlate: InvalidateAllWidgets triggered.  All widgets were invalidated
[2026.02.13-10.23.58:268][907]LogAudio: Display: Audio Device unregistered from world 'None'.
[2026.02.13-10.23.58:269][907]LogAudioMixer: FMixerPlatformXAudio2::StopAudioStream() called
[2026.02.13-10.23.58:270][907]LogAudioMixer: FMixerPlatformXAudio2::StopAudioStream() called
[2026.02.13-10.23.58:271][907]LogSlate: Updating window title bar state: overlay mode, drag disabled, window buttons hidden, title bar hidden
[2026.02.13-10.23.58:274][907]LogUObjectHash: Compacting FUObjectHashTables data took   1.64ms
[2026.02.13-10.23.58:308][908]LogPlayLevel: Display: Destroying online subsystem :Context_31
[2026.02.13-10.24.00:431][ 32]BlueprintLog: New page: Compile Gun_DMG_TEST
[2026.02.13-10.24.00:478][ 32]LogUObjectHash: Compacting FUObjectHashTables data took   1.69ms
[2026.02.13-10.24.14:261][848]LogEditorTransaction: Undo Modify Component Scale
[2026.02.13-10.24.19:358][144]LogEditorTransaction: Undo Modify Component Scale
[2026.02.13-10.24.49:521][921]LogSlate: Took 0.001553 seconds to synchronously load lazily loaded font '../../../Engine/Content/Slate/Fonts/Roboto-BoldCondensedItalic.ttf' (160K)
[2026.02.13-10.24.52:171][ 76]BlueprintLog: New page: Compile Gun_DMG_TEST
[2026.02.13-10.24.52:221][ 76]LogUObjectHash: Compacting FUObjectHashTables data took   2.49ms
[2026.02.13-10.24.59:642][519]BlueprintLog: New page: Compile Gun_DMG_TEST
[2026.02.13-10.24.59:687][519]LogUObjectHash: Compacting FUObjectHashTables data took   2.26ms
[2026.02.13-10.26.33:986][ 97]BlueprintLog: New page: Compile Gun_DMG_TEST
[2026.02.13-10.26.34:022][ 97]LogBlueprint: Error: [AssetLog] D:\Repozytoria\UE 4.27\KZ_TopDownShooter\TopDownAC\Content\BluePrintClass\Gun_DMG_TEST.uasset: [Compiler] Event Dispatcher pin is not connected  Bind Event to On Take Any Damage
[2026.02.13-10.26.34:088][ 97]LogUObjectHash: Compacting FUObjectHashTables data took   2.64ms
[2026.02.13-10.28.22:662][499]BlueprintLog: New page: Compile Gun_DMG_TEST
[2026.02.13-10.28.22:706][499]LogUObjectHash: Compacting FUObjectHashTables data took   2.57ms
[2026.02.13-10.28.24:961][632]LogTemp: Repeating last play command: Selected Viewport
[2026.02.13-10.28.24:966][632]LogPlayLevel: PlayLevel: No blueprints needed recompiling
[2026.02.13-10.28.24:966][632]PIE: New page: PIE session: Main (13 lut 2026, 12:28:24)
[2026.02.13-10.28.24:966][632]LogPlayLevel: Creating play world package: /Game/Levels/UEDPIE_0_Main
[2026.02.13-10.28.24:969][632]LogPlayLevel: PIE: StaticDuplicateObject took: (0.002652s)
[2026.02.13-10.28.24:970][632]LogAIModule: Creating AISystem for world Main
[2026.02.13-10.28.24:970][632]LogPlayLevel: PIE: World Init took: (0.000814s)
[2026.02.13-10.28.24:970][632]LogPlayLevel: PIE: Created PIE world by copying editor world from /Game/Levels/Main.Main to /Game/Levels/UEDPIE_0_Main.Main (0.003555s)
[2026.02.13-10.28.24:995][632]LogUObjectHash: Compacting FUObjectHashTables data took   2.21ms
[2026.02.13-10.28.24:996][632]LogAudio: Display: Creating Audio Device:                 Id: 19, Scope: Unique, Realtime: True
[2026.02.13-10.28.24:996][632]LogAudioMixer: Display: Audio Mixer Platform Settings:
[2026.02.13-10.28.24:996][632]LogAudioMixer: Display: 	Sample Rate:						  48000
[2026.02.13-10.28.24:996][632]LogAudioMixer: Display: 	Callback Buffer Frame Size Requested: 1024
[2026.02.13-10.28.24:996][632]LogAudioMixer: Display: 	Callback Buffer Frame Size To Use:	  1024
[2026.02.13-10.28.24:996][632]LogAudioMixer: Display: 	Number of buffers to queue:			  2
[2026.02.13-10.28.24:996][632]LogAudioMixer: Display: 	Max Channels (voices):				  32
[2026.02.13-10.28.24:996][632]LogAudioMixer: Display: 	Number of Async Source Workers:		  0
[2026.02.13-10.28.24:996][632]LogAudio: Display: AudioDevice MaxSources: 32
[2026.02.13-10.28.24:996][632]LogAudio: Display: Audio Spatialization Plugin: None (built-in).
[2026.02.13-10.28.24:996][632]LogAudio: Display: Audio Reverb Plugin: None (built-in).
[2026.02.13-10.28.24:996][632]LogAudio: Display: Audio Occlusion Plugin: None (built-in).
[2026.02.13-10.28.24:996][632]LogAudioMixer: Display: Initializing audio mixer.
[2026.02.13-10.28.24:999][632]LogAudioMixer: Display: 0: FrontLeft
[2026.02.13-10.28.24:999][632]LogAudioMixer: Display: 1: FrontRight
[2026.02.13-10.28.25:008][632]LogAudioMixer: Display: Using Audio Device Speakers (USB Audio Device)
[2026.02.13-10.28.25:008][632]LogAudioMixer: Display: Initializing Sound Submixes...
[2026.02.13-10.28.25:008][632]LogAudioMixer: Display: Creating Master Submix 'MasterSubmixDefault'
[2026.02.13-10.28.25:008][632]LogAudioMixer: Display: Creating Master Submix 'MasterReverbSubmixDefault'
[2026.02.13-10.28.25:009][632]LogAudioMixer: Display: Creating Master Submix 'MasterEQSubmixDefault'
[2026.02.13-10.28.25:009][632]LogAudioMixer: FMixerPlatformXAudio2::StartAudioStream() called
[2026.02.13-10.28.25:009][632]LogAudioMixer: Display: Output buffers initialized: Frames=1024, Channels=2, Samples=2048
[2026.02.13-10.28.25:010][632]LogAudioMixer: Display: Starting AudioMixerPlatformInterface::RunInternal()
[2026.02.13-10.28.25:010][632]LogAudioMixer: Display: FMixerPlatformXAudio2::SubmitBuffer() called for the first time
[2026.02.13-10.28.25:010][632]LogInit: FAudioDevice initialized.
[2026.02.13-10.28.25:010][632]LogAudio: Display: Audio Device (ID: 19) registered with world 'Main'.
[2026.02.13-10.28.25:016][632]LogLoad: Game class is 'BP_GameMode_01_C'
[2026.02.13-10.28.25:017][632]LogWorld: Bringing World /Game/Levels/UEDPIE_0_Main.Main up for play (max tick rate 60) at 2026.02.13-11.28.25
[2026.02.13-10.28.25:017][632]LogWorld: Bringing up level for play took: 0.000864
[2026.02.13-10.28.25:017][632]LogOnline: OSS: Creating online subsystem instance for: :Context_32
[2026.02.13-10.28.25:020][632]PIE: Server logged in
[2026.02.13-10.28.25:020][632]PIE: Play in editor total start time 0,055 seconds.
[2026.02.13-10.28.25:257][646]LogBlueprintUserMessages: [Gun_DMG_TEST_2] 985.0
[2026.02.13-10.28.25:336][651]LogBlueprintUserMessages: [Gun_DMG_TEST_2] 970.0
[2026.02.13-10.28.26:986][750]LogBlueprintUserMessages: [Gun_DMG_TEST_2] 955.0
[2026.02.13-10.28.27:920][806]LogBlueprintUserMessages: [Gun_DMG_TEST_2] 940.0
[2026.02.13-10.28.28:002][811]LogBlueprintUserMessages: [Gun_DMG_TEST_2] 925.0
[2026.02.13-10.28.28:086][816]LogBlueprintUserMessages: [Gun_DMG_TEST_2] 910.0
[2026.02.13-10.28.28:169][821]LogBlueprintUserMessages: [Gun_DMG_TEST_2] 895.0
[2026.02.13-10.28.28:253][826]LogBlueprintUserMessages: [Gun_DMG_TEST_2] 880.0
[2026.02.13-10.28.28:320][830]LogBlueprintUserMessages: [Gun_DMG_TEST_2] 865.0
[2026.02.13-10.28.28:402][835]LogBlueprintUserMessages: [Gun_DMG_TEST_2] 850.0
[2026.02.13-10.28.28:485][840]LogBlueprintUserMessages: [Gun_DMG_TEST_2] 835.0
[2026.02.13-10.28.28:569][845]LogBlueprintUserMessages: [Gun_DMG_TEST_2] 820.0
[2026.02.13-10.28.29:005][871]LogBlueprintUserMessages: [Gun_DMG_TEST_2] 805.0
[2026.02.13-10.28.29:086][876]LogBlueprintUserMessages: [Gun_DMG_TEST_2] 790.0
[2026.02.13-10.28.29:170][881]LogBlueprintUserMessages: [Gun_DMG_TEST_2] 775.0
[2026.02.13-10.28.29:638][909]LogBlueprintUserMessages: [Gun_DMG_TEST_2] 760.0
[2026.02.13-10.28.29:719][914]LogBlueprintUserMessages: [Gun_DMG_TEST_2] 745.0
[2026.02.13-10.28.29:802][919]LogBlueprintUserMessages: [Gun_DMG_TEST_2] 730.0
[2026.02.13-10.28.30:565][963]LogBlueprintUserMessages: [Gun_DMG_TEST_2] 715.0
[2026.02.13-10.28.31:931][ 45]LogBlueprintUserMessages: [Gun_DMG_TEST_2] 700.0
[2026.02.13-10.28.32:013][ 50]LogBlueprintUserMessages: [Gun_DMG_TEST_2] 685.0
[2026.02.13-10.28.32:096][ 55]LogBlueprintUserMessages: [Gun_DMG_TEST_2] 670.0
[2026.02.13-10.28.32:181][ 60]LogBlueprintUserMessages: [Gun_DMG_TEST_2] 655.0
[2026.02.13-10.28.32:264][ 65]LogBlueprintUserMessages: [Gun_DMG_TEST_2] 640.0
[2026.02.13-10.28.32:331][ 69]LogBlueprintUserMessages: [Gun_DMG_TEST_2] 625.0
[2026.02.13-10.28.32:414][ 74]LogBlueprintUserMessages: [Gun_DMG_TEST_2] 610.0
[2026.02.13-10.28.32:496][ 79]LogBlueprintUserMessages: [Gun_DMG_TEST_2] 595.0
[2026.02.13-10.28.32:580][ 84]LogBlueprintUserMessages: [Gun_DMG_TEST_2] 580.0
[2026.02.13-10.28.33:864][161]LogBlueprintUserMessages: [Gun_DMG_TEST_2] 565.0
[2026.02.13-10.28.33:947][166]LogBlueprintUserMessages: [Gun_DMG_TEST_2] 550.0
[2026.02.13-10.28.34:030][171]LogBlueprintUserMessages: [Gun_DMG_TEST_2] 535.0
[2026.02.13-10.28.34:097][175]LogBlueprintUserMessages: [Gun_DMG_TEST_2] 520.0
[2026.02.13-10.28.34:179][180]LogBlueprintUserMessages: [Gun_DMG_TEST_2] 505.0
[2026.02.13-10.28.37:032][351]LogBlueprintUserMessages: [Gun_DMG_TEST_2] 490.0
[2026.02.13-10.28.37:113][356]LogBlueprintUserMessages: [Gun_DMG_TEST_2] 475.0
[2026.02.13-10.28.38:815][458]LogBlueprintUserMessages: [Gun_DMG_TEST_2] 460.0
[2026.02.13-10.28.38:896][463]LogBlueprintUserMessages: [Gun_DMG_TEST_2] 445.0
[2026.02.13-10.28.38:980][468]LogBlueprintUserMessages: [Gun_DMG_TEST_2] 430.0
[2026.02.13-10.28.39:063][473]LogBlueprintUserMessages: [Gun_DMG_TEST_2] 415.0
[2026.02.13-10.28.39:130][477]LogBlueprintUserMessages: [Gun_DMG_TEST_2] 400.0
[2026.02.13-10.28.39:214][482]LogBlueprintUserMessages: [Gun_DMG_TEST_2] 385.0
[2026.02.13-10.28.40:098][535]LogBlueprintUserMessages: [Gun_DMG_TEST_2] 370.0
[2026.02.13-10.28.40:181][540]LogBlueprintUserMessages: [Gun_DMG_TEST_2] 355.0
[2026.02.13-10.28.40:263][545]LogBlueprintUserMessages: [Gun_DMG_TEST_2] 340.0
[2026.02.13-10.28.40:347][550]LogBlueprintUserMessages: [Gun_DMG_TEST_2] 325.0
[2026.02.13-10.28.40:431][555]LogBlueprintUserMessages: [Gun_DMG_TEST_2] 310.0
[2026.02.13-10.28.40:496][559]LogBlueprintUserMessages: [Gun_DMG_TEST_2] 295.0
[2026.02.13-10.28.40:580][564]LogBlueprintUserMessages: [Gun_DMG_TEST_2] 280.0
[2026.02.13-10.28.40:664][569]LogBlueprintUserMessages: [Gun_DMG_TEST_2] 265.0
[2026.02.13-10.28.40:747][574]LogBlueprintUserMessages: [Gun_DMG_TEST_2] 250.0
[2026.02.13-10.28.40:830][579]LogBlueprintUserMessages: [Gun_DMG_TEST_2] 235.0
[2026.02.13-10.28.40:897][583]LogBlueprintUserMessages: [Gun_DMG_TEST_2] 220.0
[2026.02.13-10.28.40:980][588]LogBlueprintUserMessages: [Gun_DMG_TEST_2] 205.0
[2026.02.13-10.28.41:063][593]LogBlueprintUserMessages: [Gun_DMG_TEST_2] 190.0
[2026.02.13-10.28.41:147][598]LogBlueprintUserMessages: [Gun_DMG_TEST_2] 175.0
[2026.02.13-10.28.41:231][603]LogBlueprintUserMessages: [Gun_DMG_TEST_2] 160.0
[2026.02.13-10.28.41:297][607]LogBlueprintUserMessages: [Gun_DMG_TEST_2] 145.0
[2026.02.13-10.28.41:634][627]LogBlueprintUserMessages: [Gun_DMG_TEST_2] 130.0
[2026.02.13-10.28.41:881][642]LogBlueprintUserMessages: [Gun_DMG_TEST_2] 115.0
[2026.02.13-10.28.42:682][690]LogBlueprintUserMessages: [Gun_DMG_TEST_2] 100.0
[2026.02.13-10.28.42:764][695]LogBlueprintUserMessages: [Gun_DMG_TEST_2] 85.0
[2026.02.13-10.28.43:082][714]LogBlueprintUserMessages: [Gun_DMG_TEST_2] 70.0
[2026.02.13-10.28.43:164][719]LogBlueprintUserMessages: [Gun_DMG_TEST_2] 55.0
[2026.02.13-10.28.43:246][724]LogBlueprintUserMessages: [Gun_DMG_TEST_2] 40.0
[2026.02.13-10.28.43:331][729]LogBlueprintUserMessages: [Gun_DMG_TEST_2] 25.0
[2026.02.13-10.28.43:413][734]LogBlueprintUserMessages: [Gun_DMG_TEST_2] 10.0
[2026.02.13-10.28.43:480][738]LogBlueprintUserMessages: [Gun_DMG_TEST_2] -5.0
[2026.02.13-10.28.43:564][743]LogBlueprintUserMessages: [Gun_DMG_TEST_2] -20.0
[2026.02.13-10.28.44:033][771]LogBlueprintUserMessages: [Gun_DMG_TEST_2] -35.0
[2026.02.13-10.28.44:114][776]LogBlueprintUserMessages: [Gun_DMG_TEST_2] -50.0
[2026.02.13-10.28.44:197][781]LogBlueprintUserMessages: [Gun_DMG_TEST_2] -65.0
[2026.02.13-10.28.44:616][806]LogBlueprintUserMessages: [Gun_DMG_TEST_2] -80.0
[2026.02.13-10.28.44:697][811]LogBlueprintUserMessages: [Gun_DMG_TEST_2] -95.0
[2026.02.13-10.28.44:780][816]LogBlueprintUserMessages: [Gun_DMG_TEST_2] -110.0
[2026.02.13-10.28.46:549][922]LogBlueprintUserMessages: [Gun_DMG_TEST_2] -125.0
[2026.02.13-10.28.46:630][927]LogBlueprintUserMessages: [Gun_DMG_TEST_2] -140.0
[2026.02.13-10.28.46:714][932]LogBlueprintUserMessages: [Gun_DMG_TEST_2] -155.0
[2026.02.13-10.28.46:797][937]LogBlueprintUserMessages: [Gun_DMG_TEST_2] -170.0
[2026.02.13-10.28.46:880][942]LogBlueprintUserMessages: [Gun_DMG_TEST_2] -185.0
[2026.02.13-10.28.47:282][966]LogBlueprintUserMessages: [Gun_DMG_TEST_2] -200.0
[2026.02.13-10.28.47:363][971]LogBlueprintUserMessages: [Gun_DMG_TEST_2] -215.0
[2026.02.13-10.28.47:447][976]LogBlueprintUserMessages: [Gun_DMG_TEST_2] -230.0
[2026.02.13-10.28.47:530][981]LogBlueprintUserMessages: [Gun_DMG_TEST_2] -245.0
[2026.02.13-10.28.47:981][  8]LogBlueprintUserMessages: [Gun_DMG_TEST_2] -260.0
[2026.02.13-10.28.49:680][107]LogSlate: Updating window title bar state: overlay mode, drag disabled, window buttons hidden, title bar hidden
[2026.02.13-10.28.49:680][107]LogWorld: BeginTearingDown for /Game/Levels/UEDPIE_0_Main
[2026.02.13-10.28.49:680][107]LogWorld: UWorld::CleanupWorld for Main, bSessionEnded=true, bCleanupResources=true
[2026.02.13-10.28.49:680][107]LogSlate: InvalidateAllWidgets triggered.  All widgets were invalidated
[2026.02.13-10.28.49:693][107]LogPlayLevel: Display: Shutting down PIE online subsystems
[2026.02.13-10.28.49:702][107]LogSlate: InvalidateAllWidgets triggered.  All widgets were invalidated
[2026.02.13-10.28.49:728][107]LogAudio: Display: Audio Device unregistered from world 'None'.
[2026.02.13-10.28.49:728][107]LogAudioMixer: FMixerPlatformXAudio2::StopAudioStream() called
[2026.02.13-10.28.49:730][107]LogAudioMixer: FMixerPlatformXAudio2::StopAudioStream() called
[2026.02.13-10.28.49:731][107]LogSlate: Updating window title bar state: overlay mode, drag disabled, window buttons hidden, title bar hidden
[2026.02.13-10.28.49:735][107]LogUObjectHash: Compacting FUObjectHashTables data took   2.05ms
[2026.02.13-10.28.49:761][108]LogPlayLevel: Display: Destroying online subsystem :Context_32
[2026.02.13-10.34.22:057][724]LogUObjectHash: Compacting FUObjectHashTables data took   2.55ms
[2026.02.13-10.34.22:110][724]LogSavePackage: Moving '../../../../../Repozytoria/UE 4.27/KZ_TopDownShooter/TopDownAC/Saved/Main_Auto22F414F49417502ACAC1252A8F5807702.tmp' to '../../../../../Repozytoria/UE 4.27/KZ_TopDownShooter/TopDownAC/Saved/Autosaves/Game/Levels/Main_Auto2.umap'
[2026.02.13-10.34.22:111][724]LogFileHelpers: Editor autosave (incl. external actors) for '/Game/Levels/Main' took 0.087
[2026.02.13-10.34.22:111][724]LogFileHelpers: Editor autosave (incl. sublevels & external actors) for all levels took 0.087
[2026.02.13-10.34.22:111][724]OBJ SavePackage: Generating thumbnails for [1] asset(s) in package [/Game/BluePrintClass/BP_Spider] ([2] browsable assets)...
[2026.02.13-10.34.22:157][724]OBJ SavePackage:     Rendered thumbnail for [Blueprint /Game/BluePrintClass/BP_Spider.BP_Spider]
[2026.02.13-10.34.22:157][724]OBJ SavePackage: Finished generating thumbnails for package [/Game/BluePrintClass/BP_Spider]
[2026.02.13-10.34.22:187][724]LogSavePackage: Moving '../../../../../Repozytoria/UE 4.27/KZ_TopDownShooter/TopDownAC/Saved/BP_Spider_Auto2F93F7B424DCBD754ED9DAB89DBEAD4B8.tmp' to '../../../../../Repozytoria/UE 4.27/KZ_TopDownShooter/TopDownAC/Saved/Autosaves/Game/BluePrintClass/BP_Spider_Auto2.uasset'
[2026.02.13-10.34.22:187][724]OBJ SavePackage: Generating thumbnails for [1] asset(s) in package [/Game/BluePrintClass/BP_PLAYER] ([2] browsable assets)...
[2026.02.13-10.34.22:216][724]OBJ SavePackage:     Rendered thumbnail for [Blueprint /Game/BluePrintClass/BP_PLAYER.BP_PLAYER]
[2026.02.13-10.34.22:216][724]OBJ SavePackage: Finished generating thumbnails for package [/Game/BluePrintClass/BP_PLAYER]
[2026.02.13-10.34.22:258][724]LogSavePackage: Moving '../../../../../Repozytoria/UE 4.27/KZ_TopDownShooter/TopDownAC/Saved/BP_PLAYER_Auto20943BB5F4B8C8C9977C75FA392ECE290.tmp' to '../../../../../Repozytoria/UE 4.27/KZ_TopDownShooter/TopDownAC/Saved/Autosaves/Game/BluePrintClass/BP_PLAYER_Auto2.uasset'
[2026.02.13-10.34.22:260][724]OBJ SavePackage: Generating thumbnails for [0] asset(s) in package [/Game/BluePrintClass/W_PlayerHUD] ([2] browsable assets)...
[2026.02.13-10.34.22:260][724]OBJ SavePackage: Finished generating thumbnails for package [/Game/BluePrintClass/W_PlayerHUD]
[2026.02.13-10.34.22:268][724]LogSavePackage: Moving '../../../../../Repozytoria/UE 4.27/KZ_TopDownShooter/TopDownAC/Saved/W_PlayerHUD_Auto2E54A06BB429B73E3F1E34CB45974B029.tmp' to '../../../../../Repozytoria/UE 4.27/KZ_TopDownShooter/TopDownAC/Saved/Autosaves/Game/BluePrintClass/W_PlayerHUD_Auto2.uasset'
[2026.02.13-10.34.22:268][724]OBJ SavePackage: Generating thumbnails for [2] asset(s) in package [/Game/BluePrintClass/Gun_DMG_TEST] ([2] browsable assets)...
[2026.02.13-10.34.22:298][724]OBJ SavePackage:     Rendered thumbnail for [Blueprint /Game/BluePrintClass/Gun_DMG_TEST.Gun_DMG_TEST]
[2026.02.13-10.34.22:298][724]OBJ SavePackage: Finished generating thumbnails for package [/Game/BluePrintClass/Gun_DMG_TEST]
[2026.02.13-10.34.22:319][724]LogSavePackage: Moving '../../../../../Repozytoria/UE 4.27/KZ_TopDownShooter/TopDownAC/Saved/Gun_DMG_TEST_Auto2C7CE97D646E083371F7DF4A80743409A.tmp' to '../../../../../Repozytoria/UE 4.27/KZ_TopDownShooter/TopDownAC/Saved/Autosaves/Game/BluePrintClass/Gun_DMG_TEST_Auto2.uasset'
[2026.02.13-10.34.22:319][724]LogFileHelpers: Auto-saving content packages took 0.208
[2026.02.13-10.45.01:764][862]LogTemp: Repeating last play command: Selected Viewport
[2026.02.13-10.45.01:767][862]LogPlayLevel: PlayLevel: No blueprints needed recompiling
[2026.02.13-10.45.01:769][862]PIE: New page: PIE session: Main (13 lut 2026, 12:45:01)
[2026.02.13-10.45.01:790][862]LogPlayLevel: Creating play world package: /Game/Levels/UEDPIE_0_Main
[2026.02.13-10.45.01:795][862]LogPlayLevel: PIE: StaticDuplicateObject took: (0.004795s)
[2026.02.13-10.45.01:796][862]LogAIModule: Creating AISystem for world Main
[2026.02.13-10.45.01:796][862]LogPlayLevel: PIE: World Init took: (0.001462s)
[2026.02.13-10.45.01:796][862]LogPlayLevel: PIE: Created PIE world by copying editor world from /Game/Levels/Main.Main to /Game/Levels/UEDPIE_0_Main.Main (0.006450s)
[2026.02.13-10.45.01:830][862]LogUObjectHash: Compacting FUObjectHashTables data took   2.03ms
[2026.02.13-10.45.01:832][862]LogAudio: Display: Creating Audio Device:                 Id: 20, Scope: Unique, Realtime: True
[2026.02.13-10.45.01:832][862]LogAudioMixer: Display: Audio Mixer Platform Settings:
[2026.02.13-10.45.01:832][862]LogAudioMixer: Display: 	Sample Rate:						  48000
[2026.02.13-10.45.01:832][862]LogAudioMixer: Display: 	Callback Buffer Frame Size Requested: 1024
[2026.02.13-10.45.01:832][862]LogAudioMixer: Display: 	Callback Buffer Frame Size To Use:	  1024
[2026.02.13-10.45.01:832][862]LogAudioMixer: Display: 	Number of buffers to queue:			  2
[2026.02.13-10.45.01:832][862]LogAudioMixer: Display: 	Max Channels (voices):				  32
[2026.02.13-10.45.01:832][862]LogAudioMixer: Display: 	Number of Async Source Workers:		  0
[2026.02.13-10.45.01:832][862]LogAudio: Display: AudioDevice MaxSources: 32
[2026.02.13-10.45.01:832][862]LogAudio: Display: Audio Spatialization Plugin: None (built-in).
[2026.02.13-10.45.01:832][862]LogAudio: Display: Audio Reverb Plugin: None (built-in).
[2026.02.13-10.45.01:832][862]LogAudio: Display: Audio Occlusion Plugin: None (built-in).
[2026.02.13-10.45.01:832][862]LogAudioMixer: Display: Initializing audio mixer.
[2026.02.13-10.45.01:835][862]LogAudioMixer: Display: 0: FrontLeft
[2026.02.13-10.45.01:835][862]LogAudioMixer: Display: 1: FrontRight
[2026.02.13-10.45.01:844][862]LogAudioMixer: Display: Using Audio Device Speakers (USB Audio Device)
[2026.02.13-10.45.01:844][862]LogAudioMixer: Display: Initializing Sound Submixes...
[2026.02.13-10.45.01:844][862]LogAudioMixer: Display: Creating Master Submix 'MasterSubmixDefault'
[2026.02.13-10.45.01:844][862]LogAudioMixer: Display: Creating Master Submix 'MasterReverbSubmixDefault'
[2026.02.13-10.45.01:845][862]LogAudioMixer: Display: Creating Master Submix 'MasterEQSubmixDefault'
[2026.02.13-10.45.01:845][862]LogAudioMixer: FMixerPlatformXAudio2::StartAudioStream() called
[2026.02.13-10.45.01:845][862]LogAudioMixer: Display: Output buffers initialized: Frames=1024, Channels=2, Samples=2048
[2026.02.13-10.45.01:847][862]LogAudioMixer: Display: Starting AudioMixerPlatformInterface::RunInternal()
[2026.02.13-10.45.01:847][862]LogAudioMixer: Display: FMixerPlatformXAudio2::SubmitBuffer() called for the first time
[2026.02.13-10.45.01:847][862]LogInit: FAudioDevice initialized.
[2026.02.13-10.45.01:847][862]LogAudio: Display: Audio Device (ID: 20) registered with world 'Main'.
[2026.02.13-10.45.01:852][862]LogLoad: Game class is 'BP_GameMode_01_C'
[2026.02.13-10.45.01:853][862]LogWorld: Bringing World /Game/Levels/UEDPIE_0_Main.Main up for play (max tick rate 60) at 2026.02.13-11.45.01
[2026.02.13-10.45.01:854][862]LogWorld: Bringing up level for play took: 0.001225
[2026.02.13-10.45.01:854][862]LogOnline: OSS: Creating online subsystem instance for: :Context_33
[2026.02.13-10.45.01:857][862]PIE: Server logged in
[2026.02.13-10.45.01:857][862]PIE: Play in editor total start time 0,09 seconds.
[2026.02.13-10.45.02:159][880]LogBlueprintUserMessages: [Gun_DMG_TEST_2] 985.0
[2026.02.13-10.45.02:239][885]LogBlueprintUserMessages: [Gun_DMG_TEST_2] 970.0
[2026.02.13-10.45.03:541][963]LogBlueprintUserMessages: [Gun_DMG_TEST_2] 955.0
[2026.02.13-10.45.04:790][ 38]LogBlueprintUserMessages: [Gun_DMG_TEST_2] 940.0
[2026.02.13-10.45.05:641][ 89]LogBlueprintUserMessages: [Gun_DMG_TEST_2] 925.0
[2026.02.13-10.45.05:941][107]LogBlueprintUserMessages: [Gun_DMG_TEST_2] 910.0
[2026.02.13-10.45.07:889][224]LogBlueprintUserMessages: [Gun_DMG_TEST_2] 895.0
[2026.02.13-10.45.07:972][229]LogBlueprintUserMessages: [Gun_DMG_TEST_2] 880.0
[2026.02.13-10.45.08:055][234]LogBlueprintUserMessages: [Gun_DMG_TEST_2] 865.0
[2026.02.13-10.45.08:689][272]LogBlueprintUserMessages: [Gun_DMG_TEST_2] 850.0
[2026.02.13-10.45.08:772][277]LogBlueprintUserMessages: [Gun_DMG_TEST_2] 835.0
[2026.02.13-10.45.08:855][282]LogBlueprintUserMessages: [Gun_DMG_TEST_2] 820.0
[2026.02.13-10.45.11:173][421]LogBlueprintUserMessages: [Gun_DMG_TEST_2] 805.0
[2026.02.13-10.45.11:689][452]LogBlueprintUserMessages: [Gun_DMG_TEST_2] 790.0
[2026.02.13-10.45.12:174][481]LogBlueprintUserMessages: [Gun_DMG_TEST_2] 775.0
[2026.02.13-10.45.12:423][496]LogBlueprintUserMessages: [Gun_DMG_TEST_2] 760.0
[2026.02.13-10.45.12:739][515]LogBlueprintUserMessages: [Gun_DMG_TEST_2] 745.0
[2026.02.13-10.45.12:822][520]LogBlueprintUserMessages: [Gun_DMG_TEST_2] 730.0
[2026.02.13-10.45.12:906][525]LogBlueprintUserMessages: [Gun_DMG_TEST_2] 715.0
[2026.02.13-10.45.12:972][529]LogBlueprintUserMessages: [Gun_DMG_TEST_2] 700.0
[2026.02.13-10.45.13:056][534]LogBlueprintUserMessages: [Gun_DMG_TEST_2] 685.0
[2026.02.13-10.45.13:140][539]LogBlueprintUserMessages: [Gun_DMG_TEST_2] 670.0
[2026.02.13-10.45.13:222][544]LogBlueprintUserMessages: [Gun_DMG_TEST_2] 655.0
[2026.02.13-10.45.15:790][698]LogBlueprintUserMessages: [Gun_DMG_TEST_2] 640.0
[2026.02.13-10.45.15:872][703]LogBlueprintUserMessages: [Gun_DMG_TEST_2] 625.0
[2026.02.13-10.45.15:956][708]LogBlueprintUserMessages: [Gun_DMG_TEST_2] 610.0
[2026.02.13-10.45.16:039][713]LogBlueprintUserMessages: [Gun_DMG_TEST_2] 595.0
[2026.02.13-10.45.16:122][718]LogBlueprintUserMessages: [Gun_DMG_TEST_2] 580.0
[2026.02.13-10.45.16:189][722]LogBlueprintUserMessages: [Gun_DMG_TEST_2] 565.0
[2026.02.13-10.45.18:192][842]LogBlueprintUserMessages: [Gun_DMG_TEST_2] 550.0
[2026.02.13-10.45.18:272][847]LogBlueprintUserMessages: [Gun_DMG_TEST_2] 535.0
[2026.02.13-10.45.18:356][852]LogBlueprintUserMessages: [Gun_DMG_TEST_2] 520.0
[2026.02.13-10.45.18:958][888]LogBlueprintUserMessages: [Gun_DMG_TEST_2] 505.0
[2026.02.13-10.45.19:260][906]LogBlueprintUserMessages: [Gun_DMG_TEST_2] 490.0
[2026.02.13-10.45.19:339][911]LogBlueprintUserMessages: [Gun_DMG_TEST_2] 475.0
[2026.02.13-10.45.19:642][929]LogBlueprintUserMessages: [Gun_DMG_TEST_2] 460.0
[2026.02.13-10.45.19:722][934]LogBlueprintUserMessages: [Gun_DMG_TEST_2] 445.0
[2026.02.13-10.45.20:792][998]LogBlueprintUserMessages: [Gun_DMG_TEST_2] 430.0
[2026.02.13-10.45.23:957][188]LogBlueprintUserMessages: [Gun_DMG_TEST_2] 415.0
[2026.02.13-10.45.24:040][193]LogBlueprintUserMessages: [Gun_DMG_TEST_2] 400.0
[2026.02.13-10.45.24:124][198]LogBlueprintUserMessages: [Gun_DMG_TEST_2] 385.0
[2026.02.13-10.45.24:443][217]LogBlueprintUserMessages: [Gun_DMG_TEST_2] 370.0
[2026.02.13-10.45.24:523][222]LogBlueprintUserMessages: [Gun_DMG_TEST_2] 355.0
[2026.02.13-10.45.24:606][227]LogBlueprintUserMessages: [Gun_DMG_TEST_2] 340.0
[2026.02.13-10.45.24:689][232]LogBlueprintUserMessages: [Gun_DMG_TEST_2] 325.0
[2026.02.13-10.45.24:773][237]LogBlueprintUserMessages: [Gun_DMG_TEST_2] 310.0
[2026.02.13-10.45.24:841][241]LogBlueprintUserMessages: [Gun_DMG_TEST_2] 295.0
[2026.02.13-10.45.24:922][246]LogBlueprintUserMessages: [Gun_DMG_TEST_2] 280.0
[2026.02.13-10.45.25:006][251]LogBlueprintUserMessages: [Gun_DMG_TEST_2] 265.0
[2026.02.13-10.45.25:089][256]LogBlueprintUserMessages: [Gun_DMG_TEST_2] 250.0
[2026.02.13-10.45.25:173][261]LogBlueprintUserMessages: [Gun_DMG_TEST_2] 235.0
[2026.02.13-10.45.25:240][265]LogBlueprintUserMessages: [Gun_DMG_TEST_2] 220.0
[2026.02.13-10.45.25:323][270]LogBlueprintUserMessages: [Gun_DMG_TEST_2] 205.0
[2026.02.13-10.45.25:406][275]LogBlueprintUserMessages: [Gun_DMG_TEST_2] 190.0
[2026.02.13-10.45.25:490][280]LogBlueprintUserMessages: [Gun_DMG_TEST_2] 175.0
[2026.02.13-10.45.25:574][285]LogBlueprintUserMessages: [Gun_DMG_TEST_2] 160.0
[2026.02.13-10.45.25:640][289]LogBlueprintUserMessages: [Gun_DMG_TEST_2] 145.0
[2026.02.13-10.45.25:807][299]LogBlueprintUserMessages: [Gun_DMG_TEST_2] 130.0
[2026.02.13-10.45.25:890][304]LogBlueprintUserMessages: [Gun_DMG_TEST_2] 115.0
[2026.02.13-10.45.26:373][333]LogBlueprintUserMessages: [Gun_DMG_TEST_2] 100.0
[2026.02.13-10.45.26:440][337]LogBlueprintUserMessages: [Gun_DMG_TEST_2] 85.0
[2026.02.13-10.45.26:523][342]LogBlueprintUserMessages: [Gun_DMG_TEST_2] 70.0
[2026.02.13-10.45.26:606][347]LogBlueprintUserMessages: [Gun_DMG_TEST_2] 55.0
[2026.02.13-10.45.30:424][576]LogBlueprintUserMessages: [Gun_DMG_TEST_2] 40.0
[2026.02.13-10.45.30:507][581]LogBlueprintUserMessages: [Gun_DMG_TEST_2] 25.0
[2026.02.13-10.45.34:140][799]LogBlueprintUserMessages: [Gun_DMG_TEST_2] 10.0
[2026.02.13-10.45.34:224][804]LogBlueprintUserMessages: [Gun_DMG_TEST_2] -5.0
[2026.02.13-10.45.34:457][818]LogBlueprintUserMessages: [Gun_DMG_TEST_2] -20.0
[2026.02.13-10.45.34:539][823]LogBlueprintUserMessages: [Gun_DMG_TEST_2] -35.0
[2026.02.13-10.45.36:592][946]LogBlueprintUserMessages: [Gun_DMG_TEST_2] -50.0
[2026.02.13-10.45.36:674][951]LogBlueprintUserMessages: [Gun_DMG_TEST_2] -65.0
[2026.02.13-10.45.36:757][956]LogBlueprintUserMessages: [Gun_DMG_TEST_2] -80.0
[2026.02.13-10.45.36:840][961]LogBlueprintUserMessages: [Gun_DMG_TEST_2] -95.0
[2026.02.13-10.45.37:073][975]LogBlueprintUserMessages: [Gun_DMG_TEST_2] -110.0
[2026.02.13-10.45.37:156][980]LogBlueprintUserMessages: [Gun_DMG_TEST_2] -125.0
[2026.02.13-10.45.37:240][985]LogBlueprintUserMessages: [Gun_DMG_TEST_2] -140.0
[2026.02.13-10.45.37:390][994]LogBlueprintUserMessages: [Gun_DMG_TEST_2] -155.0
[2026.02.13-10.45.37:473][999]LogBlueprintUserMessages: [Gun_DMG_TEST_2] -170.0
[2026.02.13-10.45.37:557][  4]LogBlueprintUserMessages: [Gun_DMG_TEST_2] -185.0
[2026.02.13-10.45.37:642][  9]LogBlueprintUserMessages: [Gun_DMG_TEST_2] -200.0
[2026.02.13-10.45.37:724][ 14]LogBlueprintUserMessages: [Gun_DMG_TEST_2] -215.0
[2026.02.13-10.45.37:790][ 18]LogBlueprintUserMessages: [Gun_DMG_TEST_2] -230.0
[2026.02.13-10.45.39:821][138]LogSlate: Updating window title bar state: overlay mode, drag disabled, window buttons hidden, title bar hidden
[2026.02.13-10.45.39:822][138]LogWorld: BeginTearingDown for /Game/Levels/UEDPIE_0_Main
[2026.02.13-10.45.39:822][138]LogWorld: UWorld::CleanupWorld for Main, bSessionEnded=true, bCleanupResources=true
[2026.02.13-10.45.39:822][138]LogSlate: InvalidateAllWidgets triggered.  All widgets were invalidated
[2026.02.13-10.45.39:838][138]LogPlayLevel: Display: Shutting down PIE online subsystems
[2026.02.13-10.45.39:848][138]LogSlate: InvalidateAllWidgets triggered.  All widgets were invalidated
[2026.02.13-10.45.39:880][138]LogSlate: Updating window title bar state: overlay mode, drag disabled, window buttons hidden, title bar hidden
[2026.02.13-10.45.39:880][138]LogAudioMixer: FMixerPlatformXAudio2::StopAudioStream() called
[2026.02.13-10.45.39:881][138]LogAudioMixer: FMixerPlatformXAudio2::StopAudioStream() called
[2026.02.13-10.45.39:886][138]LogUObjectHash: Compacting FUObjectHashTables data took   1.64ms
[2026.02.13-10.45.39:912][139]LogPlayLevel: Display: Destroying online subsystem :Context_33
[2026.02.13-10.46.43:987][970]BlueprintLog: New page: Compile BP_Spider
[2026.02.13-10.46.44:037][970]LogUObjectHash: Compacting FUObjectHashTables data took   2.32ms
[2026.02.13-10.46.46:105][ 92]LogTemp: Repeating last play command: Selected Viewport
[2026.02.13-10.46.46:112][ 92]LogPlayLevel: PlayLevel: No blueprints needed recompiling
[2026.02.13-10.46.46:112][ 92]PIE: New page: PIE session: Main (13 lut 2026, 12:46:46)
[2026.02.13-10.46.46:150][ 92]LogPlayLevel: Creating play world package: /Game/Levels/UEDPIE_0_Main
[2026.02.13-10.46.46:156][ 92]LogPlayLevel: PIE: StaticDuplicateObject took: (0.005313s)
[2026.02.13-10.46.46:158][ 92]LogAIModule: Creating AISystem for world Main
[2026.02.13-10.46.46:158][ 92]LogPlayLevel: PIE: World Init took: (0.001969s)
[2026.02.13-10.46.46:158][ 92]LogPlayLevel: PIE: Created PIE world by copying editor world from /Game/Levels/Main.Main to /Game/Levels/UEDPIE_0_Main.Main (0.007544s)
[2026.02.13-10.46.46:200][ 92]LogUObjectHash: Compacting FUObjectHashTables data took   2.27ms
[2026.02.13-10.46.46:201][ 92]LogAudio: Display: Creating Audio Device:                 Id: 21, Scope: Unique, Realtime: True
[2026.02.13-10.46.46:201][ 92]LogAudioMixer: Display: Audio Mixer Platform Settings:
[2026.02.13-10.46.46:201][ 92]LogAudioMixer: Display: 	Sample Rate:						  48000
[2026.02.13-10.46.46:201][ 92]LogAudioMixer: Display: 	Callback Buffer Frame Size Requested: 1024
[2026.02.13-10.46.46:201][ 92]LogAudioMixer: Display: 	Callback Buffer Frame Size To Use:	  1024
[2026.02.13-10.46.46:201][ 92]LogAudioMixer: Display: 	Number of buffers to queue:			  2
[2026.02.13-10.46.46:201][ 92]LogAudioMixer: Display: 	Max Channels (voices):				  32
[2026.02.13-10.46.46:201][ 92]LogAudioMixer: Display: 	Number of Async Source Workers:		  0
[2026.02.13-10.46.46:201][ 92]LogAudio: Display: AudioDevice MaxSources: 32
[2026.02.13-10.46.46:202][ 92]LogAudio: Display: Audio Spatialization Plugin: None (built-in).
[2026.02.13-10.46.46:202][ 92]LogAudio: Display: Audio Reverb Plugin: None (built-in).
[2026.02.13-10.46.46:202][ 92]LogAudio: Display: Audio Occlusion Plugin: None (built-in).
[2026.02.13-10.46.46:202][ 92]LogAudioMixer: Display: Initializing audio mixer.
[2026.02.13-10.46.46:205][ 92]LogAudioMixer: Display: 0: FrontLeft
[2026.02.13-10.46.46:205][ 92]LogAudioMixer: Display: 1: FrontRight
[2026.02.13-10.46.46:213][ 92]LogAudioMixer: Display: Using Audio Device Speakers (USB Audio Device)
[2026.02.13-10.46.46:213][ 92]LogAudioMixer: Display: Initializing Sound Submixes...
[2026.02.13-10.46.46:213][ 92]LogAudioMixer: Display: Creating Master Submix 'MasterSubmixDefault'
[2026.02.13-10.46.46:213][ 92]LogAudioMixer: Display: Creating Master Submix 'MasterReverbSubmixDefault'
[2026.02.13-10.46.46:213][ 92]LogAudioMixer: Display: Creating Master Submix 'MasterEQSubmixDefault'
[2026.02.13-10.46.46:213][ 92]LogAudioMixer: FMixerPlatformXAudio2::StartAudioStream() called
[2026.02.13-10.46.46:213][ 92]LogAudioMixer: Display: Output buffers initialized: Frames=1024, Channels=2, Samples=2048
[2026.02.13-10.46.46:215][ 92]LogAudioMixer: Display: Starting AudioMixerPlatformInterface::RunInternal()
[2026.02.13-10.46.46:215][ 92]LogAudioMixer: Display: FMixerPlatformXAudio2::SubmitBuffer() called for the first time
[2026.02.13-10.46.46:215][ 92]LogInit: FAudioDevice initialized.
[2026.02.13-10.46.46:215][ 92]LogAudio: Display: Audio Device (ID: 21) registered with world 'Main'.
[2026.02.13-10.46.46:226][ 92]LogLoad: Game class is 'BP_GameMode_01_C'
[2026.02.13-10.46.46:227][ 92]LogWorld: Bringing World /Game/Levels/UEDPIE_0_Main.Main up for play (max tick rate 60) at 2026.02.13-11.46.46
[2026.02.13-10.46.46:228][ 92]LogWorld: Bringing up level for play took: 0.000942
[2026.02.13-10.46.46:228][ 92]LogOnline: OSS: Creating online subsystem instance for: :Context_34
[2026.02.13-10.46.46:230][ 92]PIE: Server logged in
[2026.02.13-10.46.46:231][ 92]PIE: Play in editor total start time 0,121 seconds.
[2026.02.13-10.46.46:381][101]LogBlueprintUserMessages: [Gun_DMG_TEST_2] 985.0
[2026.02.13-10.46.46:462][106]LogBlueprintUserMessages: [Gun_DMG_TEST_2] 970.0
[2026.02.13-10.46.53:701][538]LogSlate: Updating window title bar state: overlay mode, drag disabled, window buttons hidden, title bar hidden
[2026.02.13-10.46.53:701][538]LogWorld: BeginTearingDown for /Game/Levels/UEDPIE_0_Main
[2026.02.13-10.46.53:702][538]LogWorld: UWorld::CleanupWorld for Main, bSessionEnded=true, bCleanupResources=true
[2026.02.13-10.46.53:702][538]LogSlate: InvalidateAllWidgets triggered.  All widgets were invalidated
[2026.02.13-10.46.53:720][538]LogPlayLevel: Display: Shutting down PIE online subsystems
[2026.02.13-10.46.53:726][538]LogSlate: InvalidateAllWidgets triggered.  All widgets were invalidated
[2026.02.13-10.46.53:750][538]LogAudio: Display: Audio Device unregistered from world 'None'.
[2026.02.13-10.46.53:751][538]LogAudioMixer: FMixerPlatformXAudio2::StopAudioStream() called
[2026.02.13-10.46.53:752][538]LogAudioMixer: FMixerPlatformXAudio2::StopAudioStream() called
[2026.02.13-10.46.53:753][538]LogSlate: Updating window title bar state: overlay mode, drag disabled, window buttons hidden, title bar hidden
[2026.02.13-10.46.53:756][538]LogUObjectHash: Compacting FUObjectHashTables data took   1.93ms
[2026.02.13-10.46.53:783][539]LogPlayLevel: Display: Destroying online subsystem :Context_34
[2026.02.13-10.46.56:063][675]Cmd: TRANSACTION UNDO
[2026.02.13-10.46.56:063][675]LogEditorTransaction: Undo Move Node
[2026.02.13-10.46.56:361][689]Cmd: TRANSACTION UNDO
[2026.02.13-10.46.56:361][689]LogEditorTransaction: Undo Create Pin Link
[2026.02.13-10.46.57:170][731]LogEditorTransaction: Undo Delete current selection
[2026.02.13-10.46.58:141][788]BlueprintLog: New page: Compile BP_Spider
[2026.02.13-10.46.58:189][788]LogUObjectHash: Compacting FUObjectHashTables data took   2.04ms
[2026.02.13-10.47.00:210][907]LogTemp: Repeating last play command: Selected Viewport
[2026.02.13-10.47.00:214][907]LogPlayLevel: PlayLevel: No blueprints needed recompiling
[2026.02.13-10.47.00:214][907]PIE: New page: PIE session: Main (13 lut 2026, 12:47:00)
[2026.02.13-10.47.00:214][907]LogPlayLevel: Creating play world package: /Game/Levels/UEDPIE_0_Main
[2026.02.13-10.47.00:217][907]LogPlayLevel: PIE: StaticDuplicateObject took: (0.002561s)
[2026.02.13-10.47.00:218][907]LogAIModule: Creating AISystem for world Main
[2026.02.13-10.47.00:218][907]LogPlayLevel: PIE: World Init took: (0.000781s)
[2026.02.13-10.47.00:218][907]LogPlayLevel: PIE: Created PIE world by copying editor world from /Game/Levels/Main.Main to /Game/Levels/UEDPIE_0_Main.Main (0.003425s)
[2026.02.13-10.47.00:239][907]LogUObjectHash: Compacting FUObjectHashTables data took   2.26ms
[2026.02.13-10.47.00:240][907]LogAudio: Display: Creating Audio Device:                 Id: 22, Scope: Unique, Realtime: True
[2026.02.13-10.47.00:240][907]LogAudioMixer: Display: Audio Mixer Platform Settings:
[2026.02.13-10.47.00:240][907]LogAudioMixer: Display: 	Sample Rate:						  48000
[2026.02.13-10.47.00:240][907]LogAudioMixer: Display: 	Callback Buffer Frame Size Requested: 1024
[2026.02.13-10.47.00:240][907]LogAudioMixer: Display: 	Callback Buffer Frame Size To Use:	  1024
[2026.02.13-10.47.00:240][907]LogAudioMixer: Display: 	Number of buffers to queue:			  2
[2026.02.13-10.47.00:240][907]LogAudioMixer: Display: 	Max Channels (voices):				  32
[2026.02.13-10.47.00:240][907]LogAudioMixer: Display: 	Number of Async Source Workers:		  0
[2026.02.13-10.47.00:240][907]LogAudio: Display: AudioDevice MaxSources: 32
[2026.02.13-10.47.00:240][907]LogAudio: Display: Audio Spatialization Plugin: None (built-in).
[2026.02.13-10.47.00:240][907]LogAudio: Display: Audio Reverb Plugin: None (built-in).
[2026.02.13-10.47.00:240][907]LogAudio: Display: Audio Occlusion Plugin: None (built-in).
[2026.02.13-10.47.00:240][907]LogAudioMixer: Display: Initializing audio mixer.
[2026.02.13-10.47.00:243][907]LogAudioMixer: Display: 0: FrontLeft
[2026.02.13-10.47.00:243][907]LogAudioMixer: Display: 1: FrontRight
[2026.02.13-10.47.00:250][907]LogAudioMixer: Display: Using Audio Device Speakers (USB Audio Device)
[2026.02.13-10.47.00:250][907]LogAudioMixer: Display: Initializing Sound Submixes...
[2026.02.13-10.47.00:250][907]LogAudioMixer: Display: Creating Master Submix 'MasterSubmixDefault'
[2026.02.13-10.47.00:250][907]LogAudioMixer: Display: Creating Master Submix 'MasterReverbSubmixDefault'
[2026.02.13-10.47.00:251][907]LogAudioMixer: Display: Creating Master Submix 'MasterEQSubmixDefault'
[2026.02.13-10.47.00:251][907]LogAudioMixer: FMixerPlatformXAudio2::StartAudioStream() called
[2026.02.13-10.47.00:251][907]LogAudioMixer: Display: Output buffers initialized: Frames=1024, Channels=2, Samples=2048
[2026.02.13-10.47.00:252][907]LogAudioMixer: Display: Starting AudioMixerPlatformInterface::RunInternal()
[2026.02.13-10.47.00:252][907]LogAudioMixer: Display: FMixerPlatformXAudio2::SubmitBuffer() called for the first time
[2026.02.13-10.47.00:252][907]LogInit: FAudioDevice initialized.
[2026.02.13-10.47.00:252][907]LogAudio: Display: Audio Device (ID: 22) registered with world 'Main'.
[2026.02.13-10.47.00:257][907]LogLoad: Game class is 'BP_GameMode_01_C'
[2026.02.13-10.47.00:260][907]LogWorld: Bringing World /Game/Levels/UEDPIE_0_Main.Main up for play (max tick rate 60) at 2026.02.13-11.47.00
[2026.02.13-10.47.00:260][907]LogWorld: Bringing up level for play took: 0.001042
[2026.02.13-10.47.00:260][907]LogOnline: OSS: Creating online subsystem instance for: :Context_35
[2026.02.13-10.47.00:262][907]PIE: Server logged in
[2026.02.13-10.47.00:263][907]PIE: Play in editor total start time 0,049 seconds.
[2026.02.13-10.47.00:444][918]LogBlueprintUserMessages: [Gun_DMG_TEST_2] 985.0
[2026.02.13-10.47.03:132][ 77]LogSlate: Updating window title bar state: overlay mode, drag disabled, window buttons hidden, title bar hidden
[2026.02.13-10.47.03:132][ 77]LogWorld: BeginTearingDown for /Game/Levels/UEDPIE_0_Main
[2026.02.13-10.47.03:132][ 77]LogWorld: UWorld::CleanupWorld for Main, bSessionEnded=true, bCleanupResources=true
[2026.02.13-10.47.03:133][ 77]LogSlate: InvalidateAllWidgets triggered.  All widgets were invalidated
[2026.02.13-10.47.03:149][ 77]LogPlayLevel: Display: Shutting down PIE online subsystems
[2026.02.13-10.47.03:156][ 77]LogSlate: InvalidateAllWidgets triggered.  All widgets were invalidated
[2026.02.13-10.47.03:187][ 77]LogAudio: Display: Audio Device unregistered from world 'None'.
[2026.02.13-10.47.03:188][ 77]LogAudioMixer: FMixerPlatformXAudio2::StopAudioStream() called
[2026.02.13-10.47.03:189][ 77]LogAudioMixer: FMixerPlatformXAudio2::StopAudioStream() called
[2026.02.13-10.47.03:190][ 77]LogSlate: Updating window title bar state: overlay mode, drag disabled, window buttons hidden, title bar hidden
[2026.02.13-10.47.03:193][ 77]LogUObjectHash: Compacting FUObjectHashTables data took   2.23ms
[2026.02.13-10.47.03:218][ 78]LogPlayLevel: Display: Destroying online subsystem :Context_35
[2026.02.13-10.48.31:997][386]LogTemp: Repeating last play command: Selected Viewport
[2026.02.13-10.48.32:004][386]BlueprintLog: New page: Pre-Play auto-recompile
[2026.02.13-10.48.32:006][386]LogPlayLevel: [PlayLevel] Compiling BP_Spider before play...
[2026.02.13-10.48.32:061][386]LogUObjectHash: Compacting FUObjectHashTables data took   2.87ms
[2026.02.13-10.48.32:062][386]LogPlayLevel: PlayLevel: Blueprint regeneration took 58 ms (1 blueprints)
[2026.02.13-10.48.32:062][386]PIE: New page: PIE session: Main (13 lut 2026, 12:48:32)
[2026.02.13-10.48.32:062][386]LogPlayLevel: Creating play world package: /Game/Levels/UEDPIE_0_Main
[2026.02.13-10.48.32:065][386]LogPlayLevel: PIE: StaticDuplicateObject took: (0.002348s)
[2026.02.13-10.48.32:065][386]LogAIModule: Creating AISystem for world Main
[2026.02.13-10.48.32:066][386]LogPlayLevel: PIE: World Init took: (0.000802s)
[2026.02.13-10.48.32:066][386]LogPlayLevel: PIE: Created PIE world by copying editor world from /Game/Levels/Main.Main to /Game/Levels/UEDPIE_0_Main.Main (0.003242s)
[2026.02.13-10.48.32:089][386]LogUObjectHash: Compacting FUObjectHashTables data took   1.67ms
[2026.02.13-10.48.32:090][386]LogAudio: Display: Creating Audio Device:                 Id: 23, Scope: Unique, Realtime: True
[2026.02.13-10.48.32:090][386]LogAudioMixer: Display: Audio Mixer Platform Settings:
[2026.02.13-10.48.32:090][386]LogAudioMixer: Display: 	Sample Rate:						  48000
[2026.02.13-10.48.32:090][386]LogAudioMixer: Display: 	Callback Buffer Frame Size Requested: 1024
[2026.02.13-10.48.32:090][386]LogAudioMixer: Display: 	Callback Buffer Frame Size To Use:	  1024
[2026.02.13-10.48.32:090][386]LogAudioMixer: Display: 	Number of buffers to queue:			  2
[2026.02.13-10.48.32:090][386]LogAudioMixer: Display: 	Max Channels (voices):				  32
[2026.02.13-10.48.32:090][386]LogAudioMixer: Display: 	Number of Async Source Workers:		  0
[2026.02.13-10.48.32:090][386]LogAudio: Display: AudioDevice MaxSources: 32
[2026.02.13-10.48.32:090][386]LogAudio: Display: Audio Spatialization Plugin: None (built-in).
[2026.02.13-10.48.32:090][386]LogAudio: Display: Audio Reverb Plugin: None (built-in).
[2026.02.13-10.48.32:090][386]LogAudio: Display: Audio Occlusion Plugin: None (built-in).
[2026.02.13-10.48.32:090][386]LogAudioMixer: Display: Initializing audio mixer.
[2026.02.13-10.48.32:092][386]LogAudioMixer: Display: 0: FrontLeft
[2026.02.13-10.48.32:092][386]LogAudioMixer: Display: 1: FrontRight
[2026.02.13-10.48.32:100][386]LogAudioMixer: Display: Using Audio Device Speakers (USB Audio Device)
[2026.02.13-10.48.32:100][386]LogAudioMixer: Display: Initializing Sound Submixes...
[2026.02.13-10.48.32:100][386]LogAudioMixer: Display: Creating Master Submix 'MasterSubmixDefault'
[2026.02.13-10.48.32:100][386]LogAudioMixer: Display: Creating Master Submix 'MasterReverbSubmixDefault'
[2026.02.13-10.48.32:101][386]LogAudioMixer: Display: Creating Master Submix 'MasterEQSubmixDefault'
[2026.02.13-10.48.32:101][386]LogAudioMixer: FMixerPlatformXAudio2::StartAudioStream() called
[2026.02.13-10.48.32:101][386]LogAudioMixer: Display: Output buffers initialized: Frames=1024, Channels=2, Samples=2048
[2026.02.13-10.48.32:102][386]LogAudioMixer: Display: Starting AudioMixerPlatformInterface::RunInternal()
[2026.02.13-10.48.32:102][386]LogAudioMixer: Display: FMixerPlatformXAudio2::SubmitBuffer() called for the first time
[2026.02.13-10.48.32:102][386]LogInit: FAudioDevice initialized.
[2026.02.13-10.48.32:102][386]LogAudio: Display: Audio Device (ID: 23) registered with world 'Main'.
[2026.02.13-10.48.32:148][386]LogSlate: Updating window title bar state: overlay mode, drag disabled, window buttons hidden, title bar hidden
[2026.02.13-10.48.32:148][386]LogLoad: Game class is 'BP_GameMode_01_C'
[2026.02.13-10.48.32:149][386]LogWorld: Bringing World /Game/Levels/UEDPIE_0_Main.Main up for play (max tick rate 60) at 2026.02.13-11.48.32
[2026.02.13-10.48.32:150][386]LogWorld: Bringing up level for play took: 0.001411
[2026.02.13-10.48.32:150][386]LogOnline: OSS: Creating online subsystem instance for: :Context_36
[2026.02.13-10.48.32:156][386]PIE: Server logged in
[2026.02.13-10.48.32:158][386]PIE: Play in editor total start time 0,154 seconds.
[2026.02.13-10.48.32:845][425]LogBlueprintUserMessages: [Gun_DMG_TEST_2] 985.0
[2026.02.13-10.48.51:071][517]LogSlate: Updating window title bar state: overlay mode, drag disabled, window buttons hidden, title bar hidden
[2026.02.13-10.48.51:071][517]LogWorld: BeginTearingDown for /Game/Levels/UEDPIE_0_Main
[2026.02.13-10.48.51:072][517]LogSlate: Window 'TopDownAC Preview [NetMode: Standalone]  (64-bit/Windows) ' being destroyed
[2026.02.13-10.48.51:079][517]LogWorld: UWorld::CleanupWorld for Main, bSessionEnded=true, bCleanupResources=true
[2026.02.13-10.48.51:080][517]LogSlate: InvalidateAllWidgets triggered.  All widgets were invalidated
[2026.02.13-10.48.51:088][517]LogPlayLevel: Display: Shutting down PIE online subsystems
[2026.02.13-10.48.51:094][517]LogSlate: InvalidateAllWidgets triggered.  All widgets were invalidated
[2026.02.13-10.48.51:122][517]LogAudioMixer: FMixerPlatformXAudio2::StopAudioStream() called
[2026.02.13-10.48.51:123][517]LogAudioMixer: FMixerPlatformXAudio2::StopAudioStream() called
[2026.02.13-10.48.51:127][517]LogUObjectHash: Compacting FUObjectHashTables data took   1.63ms
[2026.02.13-10.48.51:154][518]LogPlayLevel: Display: Destroying online subsystem :Context_36
[2026.02.13-10.49.17:355][ 82]BlueprintLog: New page: Compile BP_Spider
[2026.02.13-10.49.17:404][ 82]LogUObjectHash: Compacting FUObjectHashTables data took   1.99ms
[2026.02.13-10.49.50:596][ 58]BlueprintLog: New page: Compile BP_Spider
[2026.02.13-10.49.50:644][ 58]LogUObjectHash: Compacting FUObjectHashTables data took   2.12ms
[2026.02.13-10.50.14:726][501]BlueprintLog: New page: Compile BP_Spider
[2026.02.13-10.50.14:782][501]LogUObjectHash: Compacting FUObjectHashTables data took   2.10ms
[2026.02.13-10.51.58:833][722]BlueprintLog: New page: Compile BP_Spider
[2026.02.13-10.51.58:883][722]LogUObjectHash: Compacting FUObjectHashTables data took   2.06ms
[2026.02.13-10.52.00:434][810]LogTemp: Repeating last play command: Selected Viewport
[2026.02.13-10.52.00:441][810]LogPlayLevel: PlayLevel: No blueprints needed recompiling
[2026.02.13-10.52.00:441][810]PIE: New page: PIE session: Main (13 lut 2026, 12:52:00)
[2026.02.13-10.52.00:480][810]LogPlayLevel: Creating play world package: /Game/Levels/UEDPIE_0_Main
[2026.02.13-10.52.00:484][810]LogPlayLevel: PIE: StaticDuplicateObject took: (0.003942s)
[2026.02.13-10.52.00:485][810]LogAIModule: Creating AISystem for world Main
[2026.02.13-10.52.00:486][810]LogPlayLevel: PIE: World Init took: (0.001398s)
[2026.02.13-10.52.00:486][810]LogPlayLevel: PIE: Created PIE world by copying editor world from /Game/Levels/Main.Main to /Game/Levels/UEDPIE_0_Main.Main (0.005537s)
[2026.02.13-10.52.00:509][810]LogUObjectHash: Compacting FUObjectHashTables data took   2.54ms
[2026.02.13-10.52.00:510][810]LogAudio: Display: Creating Audio Device:                 Id: 24, Scope: Unique, Realtime: True
[2026.02.13-10.52.00:510][810]LogAudioMixer: Display: Audio Mixer Platform Settings:
[2026.02.13-10.52.00:510][810]LogAudioMixer: Display: 	Sample Rate:						  48000
[2026.02.13-10.52.00:510][810]LogAudioMixer: Display: 	Callback Buffer Frame Size Requested: 1024
[2026.02.13-10.52.00:510][810]LogAudioMixer: Display: 	Callback Buffer Frame Size To Use:	  1024
[2026.02.13-10.52.00:510][810]LogAudioMixer: Display: 	Number of buffers to queue:			  2
[2026.02.13-10.52.00:510][810]LogAudioMixer: Display: 	Max Channels (voices):				  32
[2026.02.13-10.52.00:510][810]LogAudioMixer: Display: 	Number of Async Source Workers:		  0
[2026.02.13-10.52.00:510][810]LogAudio: Display: AudioDevice MaxSources: 32
[2026.02.13-10.52.00:511][810]LogAudio: Display: Audio Spatialization Plugin: None (built-in).
[2026.02.13-10.52.00:511][810]LogAudio: Display: Audio Reverb Plugin: None (built-in).
[2026.02.13-10.52.00:511][810]LogAudio: Display: Audio Occlusion Plugin: None (built-in).
[2026.02.13-10.52.00:511][810]LogAudioMixer: Display: Initializing audio mixer.
[2026.02.13-10.52.00:514][810]LogAudioMixer: Display: 0: FrontLeft
[2026.02.13-10.52.00:514][810]LogAudioMixer: Display: 1: FrontRight
[2026.02.13-10.52.00:524][810]LogAudioMixer: Display: Using Audio Device Speakers (USB Audio Device)
[2026.02.13-10.52.00:524][810]LogAudioMixer: Display: Initializing Sound Submixes...
[2026.02.13-10.52.00:524][810]LogAudioMixer: Display: Creating Master Submix 'MasterSubmixDefault'
[2026.02.13-10.52.00:524][810]LogAudioMixer: Display: Creating Master Submix 'MasterReverbSubmixDefault'
[2026.02.13-10.52.00:524][810]LogAudioMixer: Display: Creating Master Submix 'MasterEQSubmixDefault'
[2026.02.13-10.52.00:524][810]LogAudioMixer: FMixerPlatformXAudio2::StartAudioStream() called
[2026.02.13-10.52.00:524][810]LogAudioMixer: Display: Output buffers initialized: Frames=1024, Channels=2, Samples=2048
[2026.02.13-10.52.00:526][810]LogAudioMixer: Display: Starting AudioMixerPlatformInterface::RunInternal()
[2026.02.13-10.52.00:526][810]LogAudioMixer: Display: FMixerPlatformXAudio2::SubmitBuffer() called for the first time
[2026.02.13-10.52.00:526][810]LogInit: FAudioDevice initialized.
[2026.02.13-10.52.00:526][810]LogAudio: Display: Audio Device (ID: 24) registered with world 'Main'.
[2026.02.13-10.52.00:535][810]LogLoad: Game class is 'BP_GameMode_01_C'
[2026.02.13-10.52.00:537][810]LogWorld: Bringing World /Game/Levels/UEDPIE_0_Main.Main up for play (max tick rate 60) at 2026.02.13-11.52.00
[2026.02.13-10.52.00:537][810]LogWorld: Bringing up level for play took: 0.001231
[2026.02.13-10.52.00:537][810]LogOnline: OSS: Creating online subsystem instance for: :Context_37
[2026.02.13-10.52.00:542][810]PIE: Server logged in
[2026.02.13-10.52.00:543][810]PIE: Play in editor total start time 0,102 seconds.
[2026.02.13-10.52.01:098][843]LogBlueprintUserMessages: [Gun_DMG_TEST_2] 985.0
[2026.02.13-10.52.01:177][848]LogBlueprintUserMessages: [Gun_DMG_TEST_2] 970.0
[2026.02.13-10.52.10:702][417]LogSlate: Updating window title bar state: overlay mode, drag disabled, window buttons hidden, title bar hidden
[2026.02.13-10.52.10:702][417]LogWorld: BeginTearingDown for /Game/Levels/UEDPIE_0_Main
[2026.02.13-10.52.10:702][417]LogWorld: UWorld::CleanupWorld for Main, bSessionEnded=true, bCleanupResources=true
[2026.02.13-10.52.10:703][417]LogSlate: InvalidateAllWidgets triggered.  All widgets were invalidated
[2026.02.13-10.52.10:716][417]LogPlayLevel: Display: Shutting down PIE online subsystems
[2026.02.13-10.52.10:727][417]LogSlate: InvalidateAllWidgets triggered.  All widgets were invalidated
[2026.02.13-10.52.10:762][417]LogAudio: Display: Audio Device unregistered from world 'None'.
[2026.02.13-10.52.10:762][417]LogAudioMixer: FMixerPlatformXAudio2::StopAudioStream() called
[2026.02.13-10.52.10:763][417]LogAudioMixer: FMixerPlatformXAudio2::StopAudioStream() called
[2026.02.13-10.52.10:765][417]LogSlate: Updating window title bar state: overlay mode, drag disabled, window buttons hidden, title bar hidden
[2026.02.13-10.52.10:767][417]LogUObjectHash: Compacting FUObjectHashTables data took   1.71ms
[2026.02.13-10.52.10:790][418]LogPlayLevel: Display: Destroying online subsystem :Context_37
[2026.02.13-10.52.25:283][274]BlueprintLog: New page: Compile BP_Spider
[2026.02.13-10.52.25:331][274]LogUObjectHash: Compacting FUObjectHashTables data took   1.91ms
[2026.02.13-10.52.32:705][677]LogSlate: Window 'Gun_DMG_TEST' being destroyed
[2026.02.13-10.52.33:648][733]LogWorld: UWorld::CleanupWorld for World_8, bSessionEnded=true, bCleanupResources=true
[2026.02.13-10.52.33:648][733]LogSlate: InvalidateAllWidgets triggered.  All widgets were invalidated
[2026.02.13-10.52.59:257][948]LogUObjectHash: Compacting FUObjectHashTables data took   2.57ms
[2026.02.13-10.52.59:281][948]LogSavePackage: Moving '../../../../../Repozytoria/UE 4.27/KZ_TopDownShooter/TopDownAC/Saved/Main_Auto3C3E4AB90491B8945EC8008B56F4F0CBD.tmp' to '../../../../../Repozytoria/UE 4.27/KZ_TopDownShooter/TopDownAC/Saved/Autosaves/Game/Levels/Main_Auto3.umap'
[2026.02.13-10.52.59:282][948]LogFileHelpers: Editor autosave (incl. external actors) for '/Game/Levels/Main' took 0.047
[2026.02.13-10.52.59:282][948]LogFileHelpers: Editor autosave (incl. sublevels & external actors) for all levels took 0.047
[2026.02.13-10.52.59:282][948]OBJ SavePackage: Generating thumbnails for [1] asset(s) in package [/Game/BluePrintClass/BP_Spider] ([2] browsable assets)...
[2026.02.13-10.52.59:304][948]OBJ SavePackage:     Rendered thumbnail for [Blueprint /Game/BluePrintClass/BP_Spider.BP_Spider]
[2026.02.13-10.52.59:304][948]OBJ SavePackage: Finished generating thumbnails for package [/Game/BluePrintClass/BP_Spider]
[2026.02.13-10.52.59:345][948]LogSavePackage: Moving '../../../../../Repozytoria/UE 4.27/KZ_TopDownShooter/TopDownAC/Saved/BP_Spider_Auto3CC4FE6D74660C51ABB0B6BAEC15EB1E2.tmp' to '../../../../../Repozytoria/UE 4.27/KZ_TopDownShooter/TopDownAC/Saved/Autosaves/Game/BluePrintClass/BP_Spider_Auto3.uasset'
[2026.02.13-10.52.59:347][948]LogFileHelpers: Auto-saving content packages took 0.065
[2026.02.13-10.56.35:043][286]BlueprintLog: New page: Compile BP_Spider
[2026.02.13-10.56.35:091][286]LogUObjectHash: Compacting FUObjectHashTables data took   2.17ms
[2026.02.13-10.57.19:709][952]BlueprintLog: New page: Compile BP_Spider
[2026.02.13-10.57.19:764][952]LogUObjectHash: Compacting FUObjectHashTables data took   2.19ms
[2026.02.13-10.57.38:204][ 52]BlueprintLog: New page: Compile BP_Spider
[2026.02.13-10.57.38:266][ 52]LogUObjectHash: Compacting FUObjectHashTables data took   2.15ms
[2026.02.13-10.58.07:171][773]BlueprintLog: New page: Compile BP_Spider
[2026.02.13-10.58.07:226][773]LogUObjectHash: Compacting FUObjectHashTables data took   2.43ms
[2026.02.13-10.58.40:738][781]BlueprintLog: New page: Compile BP_Spider
[2026.02.13-10.58.40:787][781]LogUObjectHash: Compacting FUObjectHashTables data took   2.31ms
[2026.02.13-10.58.48:340][232]BlueprintLog: New page: Compile BP_Spider
[2026.02.13-10.58.48:406][232]LogUObjectHash: Compacting FUObjectHashTables data took   2.09ms
[2026.02.13-11.00.11:551][186]BlueprintLog: New page: Compile BP_Spider
[2026.02.13-11.00.11:601][186]LogUObjectHash: Compacting FUObjectHashTables data took   2.42ms
[2026.02.13-11.00.13:560][301]LogTemp: Repeating last play command: Selected Viewport
[2026.02.13-11.00.13:564][301]LogPlayLevel: PlayLevel: No blueprints needed recompiling
[2026.02.13-11.00.13:564][301]PIE: New page: PIE session: Main (13 lut 2026, 13:00:13)
[2026.02.13-11.00.13:564][301]LogPlayLevel: Creating play world package: /Game/Levels/UEDPIE_0_Main
[2026.02.13-11.00.13:568][301]LogPlayLevel: PIE: StaticDuplicateObject took: (0.004144s)
[2026.02.13-11.00.13:570][301]LogAIModule: Creating AISystem for world Main
[2026.02.13-11.00.13:570][301]LogPlayLevel: PIE: World Init took: (0.001060s)
[2026.02.13-11.00.13:570][301]LogPlayLevel: PIE: Created PIE world by copying editor world from /Game/Levels/Main.Main to /Game/Levels/UEDPIE_0_Main.Main (0.005327s)
[2026.02.13-11.00.13:590][301]LogUObjectHash: Compacting FUObjectHashTables data took   2.19ms
[2026.02.13-11.00.13:590][301]LogAudio: Display: Creating Audio Device:                 Id: 25, Scope: Unique, Realtime: True
[2026.02.13-11.00.13:590][301]LogAudioMixer: Display: Audio Mixer Platform Settings:
[2026.02.13-11.00.13:590][301]LogAudioMixer: Display: 	Sample Rate:						  48000
[2026.02.13-11.00.13:591][301]LogAudioMixer: Display: 	Callback Buffer Frame Size Requested: 1024
[2026.02.13-11.00.13:591][301]LogAudioMixer: Display: 	Callback Buffer Frame Size To Use:	  1024
[2026.02.13-11.00.13:591][301]LogAudioMixer: Display: 	Number of buffers to queue:			  2
[2026.02.13-11.00.13:591][301]LogAudioMixer: Display: 	Max Channels (voices):				  32
[2026.02.13-11.00.13:591][301]LogAudioMixer: Display: 	Number of Async Source Workers:		  0
[2026.02.13-11.00.13:591][301]LogAudio: Display: AudioDevice MaxSources: 32
[2026.02.13-11.00.13:591][301]LogAudio: Display: Audio Spatialization Plugin: None (built-in).
[2026.02.13-11.00.13:591][301]LogAudio: Display: Audio Reverb Plugin: None (built-in).
[2026.02.13-11.00.13:591][301]LogAudio: Display: Audio Occlusion Plugin: None (built-in).
[2026.02.13-11.00.13:591][301]LogAudioMixer: Display: Initializing audio mixer.
[2026.02.13-11.00.13:597][301]LogAudioMixer: Display: 0: FrontLeft
[2026.02.13-11.00.13:597][301]LogAudioMixer: Display: 1: FrontRight
[2026.02.13-11.00.13:605][301]LogAudioMixer: Display: Using Audio Device Speakers (USB Audio Device)
[2026.02.13-11.00.13:605][301]LogAudioMixer: Display: Initializing Sound Submixes...
[2026.02.13-11.00.13:605][301]LogAudioMixer: Display: Creating Master Submix 'MasterSubmixDefault'
[2026.02.13-11.00.13:605][301]LogAudioMixer: Display: Creating Master Submix 'MasterReverbSubmixDefault'
[2026.02.13-11.00.13:606][301]LogAudioMixer: Display: Creating Master Submix 'MasterEQSubmixDefault'
[2026.02.13-11.00.13:606][301]LogAudioMixer: FMixerPlatformXAudio2::StartAudioStream() called
[2026.02.13-11.00.13:606][301]LogAudioMixer: Display: Output buffers initialized: Frames=1024, Channels=2, Samples=2048
[2026.02.13-11.00.13:606][301]LogAudioMixer: Display: Starting AudioMixerPlatformInterface::RunInternal()
[2026.02.13-11.00.13:606][301]LogAudioMixer: Display: FMixerPlatformXAudio2::SubmitBuffer() called for the first time
[2026.02.13-11.00.13:606][301]LogInit: FAudioDevice initialized.
[2026.02.13-11.00.13:606][301]LogAudio: Display: Audio Device (ID: 25) registered with world 'Main'.
[2026.02.13-11.00.13:615][301]LogLoad: Game class is 'BP_GameMode_01_C'
[2026.02.13-11.00.13:617][301]LogWorld: Bringing World /Game/Levels/UEDPIE_0_Main.Main up for play (max tick rate 60) at 2026.02.13-12.00.13
[2026.02.13-11.00.13:617][301]LogWorld: Bringing up level for play took: 0.001327
[2026.02.13-11.00.13:617][301]LogOnline: OSS: Creating online subsystem instance for: :Context_38
[2026.02.13-11.00.13:621][301]PIE: Server logged in
[2026.02.13-11.00.13:621][301]PIE: Play in editor total start time 0,058 seconds.
[2026.02.13-11.00.13:790][311]LogBlueprintUserMessages: [Gun_DMG_TEST_2] 985.0
[2026.02.13-11.00.14:640][362]LogBlueprintUserMessages: [BP_Spider_2] 85.0
[2026.02.13-11.00.14:716][367]LogBlueprintUserMessages: [BP_Spider_2] 70.0
[2026.02.13-11.00.14:801][372]LogBlueprintUserMessages: [BP_Spider_2] 55.0
[2026.02.13-11.00.15:117][391]LogBlueprintUserMessages: [BP_Spider_2] 40.0
[2026.02.13-11.00.15:600][420]LogBlueprintUserMessages: [BP_Spider_2] 25.0
[2026.02.13-11.00.15:683][425]LogBlueprintUserMessages: [BP_Spider_2] 10.0
[2026.02.13-11.00.15:767][430]LogBlueprintUserMessages: [BP_Spider_2] -5.0
[2026.02.13-11.00.21:184][755]LogBlueprintUserMessages: [BP_Spider_C_1] 85.0
[2026.02.13-11.00.21:418][769]LogBlueprintUserMessages: [BP_Spider_C_1] 70.0
[2026.02.13-11.00.21:901][798]LogBlueprintUserMessages: [BP_Spider_C_1] 55.0
[2026.02.13-11.00.21:984][803]LogBlueprintUserMessages: [BP_Spider_C_1] 40.0
[2026.02.13-11.00.22:068][808]LogBlueprintUserMessages: [BP_Spider_C_1] 25.0
[2026.02.13-11.00.22:150][813]LogBlueprintUserMessages: [BP_Spider_C_0] 85.0
[2026.02.13-11.00.22:217][817]LogBlueprintUserMessages: [BP_Spider_C_0] 70.0
[2026.02.13-11.00.22:301][822]LogBlueprintUserMessages: [BP_Spider_C_0] 55.0
[2026.02.13-11.00.22:553][837]LogBlueprintUserMessages: [BP_Spider_C_0] 40.0
[2026.02.13-11.00.22:618][841]LogBlueprintUserMessages: [BP_Spider_C_0] 25.0
[2026.02.13-11.00.22:701][846]LogBlueprintUserMessages: [BP_Spider_C_0] 10.0
[2026.02.13-11.00.22:784][851]LogBlueprintUserMessages: [BP_Spider_C_0] -5.0
[2026.02.13-11.00.23:984][923]LogBlueprintUserMessages: [BP_Spider_C_1] 10.0
[2026.02.13-11.00.24:302][942]LogBlueprintUserMessages: [BP_Spider_C_1] -5.0
[2026.02.13-11.00.27:221][117]LogBlueprintUserMessages: [BP_Spider_C_2] 85.0
[2026.02.13-11.00.27:301][122]LogBlueprintUserMessages: [BP_Spider_C_2] 70.0
[2026.02.13-11.00.27:385][127]LogBlueprintUserMessages: [BP_Spider_C_2] 55.0
[2026.02.13-11.00.27:672][144]LogBlueprintUserMessages: [BP_Spider_C_2] 40.0
[2026.02.13-11.00.27:752][149]LogBlueprintUserMessages: [BP_Spider_C_2] 25.0
[2026.02.13-11.00.28:020][165]LogBlueprintUserMessages: [BP_Spider_C_2] 10.0
[2026.02.13-11.00.28:100][170]LogBlueprintUserMessages: [BP_Spider_C_2] -5.0
[2026.02.13-11.00.30:353][305]LogBlueprintUserMessages: [BP_Spider_C_3] 85.0
[2026.02.13-11.00.30:435][310]LogBlueprintUserMessages: [BP_Spider_C_3] 70.0
[2026.02.13-11.00.30:656][323]LogBlueprintUserMessages: [BP_Spider_C_3] 55.0
[2026.02.13-11.00.30:734][328]LogBlueprintUserMessages: [BP_Spider_C_3] 40.0
[2026.02.13-11.00.30:870][336]LogBlueprintUserMessages: [BP_Spider_C_3] 25.0
[2026.02.13-11.00.30:952][341]LogBlueprintUserMessages: [BP_Spider_C_3] 10.0
[2026.02.13-11.00.31:056][347]LogBlueprintUserMessages: [BP_Spider_C_3] -5.0
[2026.02.13-11.00.32:970][462]LogBlueprintUserMessages: [BP_Spider_C_5] 85.0
[2026.02.13-11.00.33:052][467]LogBlueprintUserMessages: [BP_Spider_C_5] 70.0
[2026.02.13-11.00.33:135][472]LogBlueprintUserMessages: [BP_Spider_C_5] 55.0
[2026.02.13-11.00.33:201][476]LogBlueprintUserMessages: [BP_Spider_C_5] 40.0
[2026.02.13-11.00.33:285][481]LogBlueprintUserMessages: [BP_Spider_C_5] 25.0
[2026.02.13-11.00.33:368][486]LogBlueprintUserMessages: [BP_Spider_C_5] 10.0
[2026.02.13-11.00.33:452][491]LogBlueprintUserMessages: [BP_Spider_C_5] -5.0
[2026.02.13-11.00.33:769][510]LogBlueprintUserMessages: [BP_Spider_C_4] 85.0
[2026.02.13-11.00.33:852][515]LogBlueprintUserMessages: [BP_Spider_C_4] 70.0
[2026.02.13-11.00.33:935][520]LogBlueprintUserMessages: [BP_Spider_C_4] 55.0
[2026.02.13-11.00.34:002][524]LogBlueprintUserMessages: [BP_Spider_C_4] 40.0
[2026.02.13-11.00.34:085][529]LogBlueprintUserMessages: [BP_Spider_C_4] 25.0
[2026.02.13-11.00.34:169][534]LogBlueprintUserMessages: [BP_Spider_C_4] 10.0
[2026.02.13-11.00.34:252][539]LogBlueprintUserMessages: [BP_Spider_C_4] -5.0
[2026.02.13-11.00.37:369][726]LogBlueprintUserMessages: [BP_Spider_C_6] 85.0
[2026.02.13-11.00.37:453][731]LogBlueprintUserMessages: [BP_Spider_C_6] 70.0
[2026.02.13-11.00.37:537][736]LogBlueprintUserMessages: [BP_Spider_C_6] 55.0
[2026.02.13-11.00.37:619][741]LogBlueprintUserMessages: [BP_Spider_C_6] 40.0
[2026.02.13-11.00.37:686][745]LogBlueprintUserMessages: [BP_Spider_C_6] 25.0
[2026.02.13-11.00.37:770][750]LogBlueprintUserMessages: [BP_Spider_C_6] 10.0
[2026.02.13-11.00.37:853][755]LogBlueprintUserMessages: [BP_Spider_C_6] -5.0
[2026.02.13-11.00.38:808][811]LogBlueprintUserMessages: [Gun_DMG_TEST_2] 970.0
[2026.02.13-11.00.38:888][816]LogBlueprintUserMessages: [Gun_DMG_TEST_2] 955.0
[2026.02.13-11.00.38:971][821]LogBlueprintUserMessages: [Gun_DMG_TEST_2] 940.0
[2026.02.13-11.00.39:054][826]LogBlueprintUserMessages: [Gun_DMG_TEST_2] 925.0
[2026.02.13-11.00.39:138][831]LogBlueprintUserMessages: [Gun_DMG_TEST_2] 910.0
[2026.02.13-11.00.39:204][835]LogBlueprintUserMessages: [Gun_DMG_TEST_2] 895.0
[2026.02.13-11.00.39:287][840]LogBlueprintUserMessages: [Gun_DMG_TEST_2] 880.0
[2026.02.13-11.00.39:937][879]LogBlueprintUserMessages: [BP_Spider_C_7] 85.0
[2026.02.13-11.00.40:021][884]LogBlueprintUserMessages: [BP_Spider_C_7] 70.0
[2026.02.13-11.00.40:104][889]LogBlueprintUserMessages: [BP_Spider_C_7] 55.0
[2026.02.13-11.00.40:188][894]LogBlueprintUserMessages: [BP_Spider_C_7] 40.0
[2026.02.13-11.00.40:670][923]LogBlueprintUserMessages: [BP_Spider_C_7] 25.0
[2026.02.13-11.00.40:739][927]LogBlueprintUserMessages: [BP_Spider_C_7] 10.0
[2026.02.13-11.00.40:821][932]LogBlueprintUserMessages: [BP_Spider_C_7] -5.0
[2026.02.13-11.00.42:722][ 44]LogSlate: Updating window title bar state: overlay mode, drag disabled, window buttons hidden, title bar hidden
[2026.02.13-11.00.42:722][ 44]LogWorld: BeginTearingDown for /Game/Levels/UEDPIE_0_Main
[2026.02.13-11.00.42:722][ 44]LogWorld: UWorld::CleanupWorld for Main, bSessionEnded=true, bCleanupResources=true
[2026.02.13-11.00.42:722][ 44]LogSlate: InvalidateAllWidgets triggered.  All widgets were invalidated
[2026.02.13-11.00.42:734][ 44]LogPlayLevel: Display: Shutting down PIE online subsystems
[2026.02.13-11.00.42:739][ 44]LogSlate: InvalidateAllWidgets triggered.  All widgets were invalidated
[2026.02.13-11.00.42:762][ 44]LogAudio: Display: Audio Device unregistered from world 'None'.
[2026.02.13-11.00.42:763][ 44]LogAudioMixer: FMixerPlatformXAudio2::StopAudioStream() called
[2026.02.13-11.00.42:764][ 44]LogAudioMixer: FMixerPlatformXAudio2::StopAudioStream() called
[2026.02.13-11.00.42:765][ 44]LogSlate: Updating window title bar state: overlay mode, drag disabled, window buttons hidden, title bar hidden
[2026.02.13-11.00.42:768][ 44]LogUObjectHash: Compacting FUObjectHashTables data took   1.71ms
[2026.02.13-11.00.42:796][ 46]LogPlayLevel: Display: Destroying online subsystem :Context_38
[2026.02.13-11.00.49:613][452]BlueprintLog: New page: Compile BP_Spider
[2026.02.13-11.00.49:661][452]LogUObjectHash: Compacting FUObjectHashTables data took   1.97ms
[2026.02.13-11.01.01:908][184]BlueprintLog: New page: Compile BP_Spider
[2026.02.13-11.01.01:955][184]LogUObjectHash: Compacting FUObjectHashTables data took   2.35ms
[2026.02.13-11.03.05:875][656]Cmd: OBJ SAVEPACKAGE PACKAGE="/Game/Levels/Main" FILE="../../../../../Repozytoria/UE 4.27/KZ_TopDownShooter/TopDownAC/Content/Levels/Main.umap" SILENT=true AUTOSAVING=false KEEPDIRTY=false
[2026.02.13-11.03.05:907][656]LogUObjectHash: Compacting FUObjectHashTables data took   1.96ms
[2026.02.13-11.03.05:914][656]LogSavePackage: Moving '../../../../../Repozytoria/UE 4.27/KZ_TopDownShooter/TopDownAC/Saved/Main9FAD5220429DC48D4820F2BCDE11EFEC.tmp' to '../../../../../Repozytoria/UE 4.27/KZ_TopDownShooter/TopDownAC/Content/Levels/Main.umap'
[2026.02.13-11.03.05:943][656]AssetCheck: New page: Asset Save: Main
[2026.02.13-11.03.05:943][656]LogContentValidation: Display: Validating World /Game/Levels/Main.Main
[2026.02.13-11.11.39:970][649]BlueprintLog: New page: Compile W_PlayerHUD
[2026.02.13-11.11.40:017][649]LogUObjectHash: Compacting FUObjectHashTables data took   2.70ms
[2026.02.13-11.12.24:678][  1]LogRenderer: Reallocating scene render targets to support 1636x1024 Format 10 NumSamples 1 (Frame:17595).
[2026.02.13-11.12.29:059][247]LogTemp: Repeating last play command: Selected Viewport
[2026.02.13-11.12.29:066][247]LogPlayLevel: PlayLevel: No blueprints needed recompiling
[2026.02.13-11.12.29:066][247]PIE: New page: PIE session: Main (13 lut 2026, 13:12:29)
[2026.02.13-11.12.29:091][247]LogPlayLevel: Creating play world package: /Game/Levels/UEDPIE_0_Main
[2026.02.13-11.12.29:097][247]LogPlayLevel: PIE: StaticDuplicateObject took: (0.005566s)
[2026.02.13-11.12.29:098][247]LogAIModule: Creating AISystem for world Main
[2026.02.13-11.12.29:098][247]LogPlayLevel: PIE: World Init took: (0.001620s)
[2026.02.13-11.12.29:098][247]LogPlayLevel: PIE: Created PIE world by copying editor world from /Game/Levels/Main.Main to /Game/Levels/UEDPIE_0_Main.Main (0.007430s)
[2026.02.13-11.12.29:137][247]LogUObjectHash: Compacting FUObjectHashTables data took   2.80ms
[2026.02.13-11.12.29:139][247]LogAudio: Display: Creating Audio Device:                 Id: 26, Scope: Unique, Realtime: True
[2026.02.13-11.12.29:139][247]LogAudioMixer: Display: Audio Mixer Platform Settings:
[2026.02.13-11.12.29:139][247]LogAudioMixer: Display: 	Sample Rate:						  48000
[2026.02.13-11.12.29:139][247]LogAudioMixer: Display: 	Callback Buffer Frame Size Requested: 1024
[2026.02.13-11.12.29:139][247]LogAudioMixer: Display: 	Callback Buffer Frame Size To Use:	  1024
[2026.02.13-11.12.29:139][247]LogAudioMixer: Display: 	Number of buffers to queue:			  2
[2026.02.13-11.12.29:139][247]LogAudioMixer: Display: 	Max Channels (voices):				  32
[2026.02.13-11.12.29:139][247]LogAudioMixer: Display: 	Number of Async Source Workers:		  0
[2026.02.13-11.12.29:139][247]LogAudio: Display: AudioDevice MaxSources: 32
[2026.02.13-11.12.29:140][247]LogAudio: Display: Audio Spatialization Plugin: None (built-in).
[2026.02.13-11.12.29:140][247]LogAudio: Display: Audio Reverb Plugin: None (built-in).
[2026.02.13-11.12.29:140][247]LogAudio: Display: Audio Occlusion Plugin: None (built-in).
[2026.02.13-11.12.29:140][247]LogAudioMixer: Display: Initializing audio mixer.
[2026.02.13-11.12.29:142][247]LogAudioMixer: Display: 0: FrontLeft
[2026.02.13-11.12.29:142][247]LogAudioMixer: Display: 1: FrontRight
[2026.02.13-11.12.29:151][247]LogAudioMixer: Display: Using Audio Device Speakers (USB Audio Device)
[2026.02.13-11.12.29:151][247]LogAudioMixer: Display: Initializing Sound Submixes...
[2026.02.13-11.12.29:151][247]LogAudioMixer: Display: Creating Master Submix 'MasterSubmixDefault'
[2026.02.13-11.12.29:151][247]LogAudioMixer: Display: Creating Master Submix 'MasterReverbSubmixDefault'
[2026.02.13-11.12.29:152][247]LogAudioMixer: Display: Creating Master Submix 'MasterEQSubmixDefault'
[2026.02.13-11.12.29:152][247]LogAudioMixer: FMixerPlatformXAudio2::StartAudioStream() called
[2026.02.13-11.12.29:152][247]LogAudioMixer: Display: Output buffers initialized: Frames=1024, Channels=2, Samples=2048
[2026.02.13-11.12.29:153][247]LogAudioMixer: Display: Starting AudioMixerPlatformInterface::RunInternal()
[2026.02.13-11.12.29:153][247]LogAudioMixer: Display: FMixerPlatformXAudio2::SubmitBuffer() called for the first time
[2026.02.13-11.12.29:153][247]LogInit: FAudioDevice initialized.
[2026.02.13-11.12.29:153][247]LogAudio: Display: Audio Device (ID: 26) registered with world 'Main'.
[2026.02.13-11.12.29:160][247]LogLoad: Game class is 'BP_GameMode_01_C'
[2026.02.13-11.12.29:162][247]LogWorld: Bringing World /Game/Levels/UEDPIE_0_Main.Main up for play (max tick rate 60) at 2026.02.13-12.12.29
[2026.02.13-11.12.29:162][247]LogWorld: Bringing up level for play took: 0.000958
[2026.02.13-11.12.29:162][247]LogOnline: OSS: Creating online subsystem instance for: :Context_39
[2026.02.13-11.12.29:165][247]PIE: Server logged in
[2026.02.13-11.12.29:165][247]PIE: Play in editor total start time 0,101 seconds.
[2026.02.13-11.12.29:599][273]LogBlueprintUserMessages: [Gun_DMG_TEST_2] 985.0
[2026.02.13-11.12.29:678][278]LogBlueprintUserMessages: [Gun_DMG_TEST_2] 970.0
[2026.02.13-11.12.30:794][345]LogBlueprintUserMessages: [BP_Spider_2] 85.0
[2026.02.13-11.12.32:048][420]LogBlueprintUserMessages: [BP_Spider_2] 70.0
[2026.02.13-11.12.32:128][425]LogBlueprintUserMessages: [BP_Spider_2] 55.0
[2026.02.13-11.12.32:211][430]LogBlueprintUserMessages: [BP_Spider_2] 40.0
[2026.02.13-11.12.32:294][435]LogBlueprintUserMessages: [BP_Spider_2] 25.0
[2026.02.13-11.12.32:665][457]LogBlueprintUserMessages: [BP_Spider_2] 10.0
[2026.02.13-11.12.33:230][491]LogBlueprintUserMessages: [BP_Spider_2] -5.0
[2026.02.13-11.12.35:730][641]LogBlueprintUserMessages: [BP_Spider_C_0] 85.0
[2026.02.13-11.12.35:811][646]LogBlueprintUserMessages: [BP_Spider_C_0] 70.0
[2026.02.13-11.12.35:895][651]LogBlueprintUserMessages: [BP_Spider_C_0] 55.0
[2026.02.13-11.12.35:978][656]LogBlueprintUserMessages: [BP_Spider_C_0] 40.0
[2026.02.13-11.12.36:062][661]LogBlueprintUserMessages: [BP_Spider_C_0] 25.0
[2026.02.13-11.12.36:128][665]LogBlueprintUserMessages: [BP_Spider_C_0] 10.0
[2026.02.13-11.12.36:211][670]LogBlueprintUserMessages: [BP_Spider_C_0] -5.0
[2026.02.13-11.12.38:245][792]LogBlueprintUserMessages: [BP_Spider_C_1] 85.0
[2026.02.13-11.12.38:328][797]LogBlueprintUserMessages: [BP_Spider_C_1] 70.0
[2026.02.13-11.12.38:395][801]LogBlueprintUserMessages: [BP_Spider_C_1] 55.0
[2026.02.13-11.12.38:478][806]LogBlueprintUserMessages: [BP_Spider_C_1] 40.0
[2026.02.13-11.12.38:562][811]LogBlueprintUserMessages: [BP_Spider_C_1] 25.0
[2026.02.13-11.12.38:646][816]LogBlueprintUserMessages: [BP_Spider_C_1] 10.0
[2026.02.13-11.12.38:728][821]LogBlueprintUserMessages: [BP_Spider_C_1] -5.0
[2026.02.13-11.12.40:462][925]LogBlueprintUserMessages: [BP_Spider_C_2] 85.0
[2026.02.13-11.12.40:779][944]LogBlueprintUserMessages: [BP_Spider_C_2] 70.0
[2026.02.13-11.12.40:862][949]LogBlueprintUserMessages: [BP_Spider_C_2] 55.0
[2026.02.13-11.12.41:179][968]LogBlueprintUserMessages: [BP_Spider_C_2] 40.0
[2026.02.13-11.12.41:261][973]LogBlueprintUserMessages: [BP_Spider_C_2] 25.0
[2026.02.13-11.12.41:345][978]LogBlueprintUserMessages: [BP_Spider_C_2] 10.0
[2026.02.13-11.12.41:579][992]LogBlueprintUserMessages: [BP_Spider_C_2] -5.0
[2026.02.13-11.12.42:912][ 72]LogBlueprintUserMessages: [BP_Spider_C_3] 85.0
[2026.02.13-11.12.42:994][ 77]LogBlueprintUserMessages: [BP_Spider_C_3] 70.0
[2026.02.13-11.12.43:078][ 82]LogBlueprintUserMessages: [BP_Spider_C_3] 55.0
[2026.02.13-11.12.43:161][ 87]LogBlueprintUserMessages: [BP_Spider_C_3] 40.0
[2026.02.13-11.12.43:244][ 92]LogBlueprintUserMessages: [BP_Spider_C_3] 25.0
[2026.02.13-11.12.43:311][ 96]LogBlueprintUserMessages: [BP_Spider_C_3] 10.0
[2026.02.13-11.12.43:395][101]LogBlueprintUserMessages: [BP_Spider_C_3] -5.0
[2026.02.13-11.12.47:362][339]LogBlueprintUserMessages: [BP_Spider_C_4] 85.0
[2026.02.13-11.12.47:445][344]LogBlueprintUserMessages: [BP_Spider_C_4] 70.0
[2026.02.13-11.12.47:529][349]LogBlueprintUserMessages: [BP_Spider_C_4] 55.0
[2026.02.13-11.12.47:597][353]LogBlueprintUserMessages: [BP_Spider_C_4] 40.0
[2026.02.13-11.12.47:679][358]LogBlueprintUserMessages: [BP_Spider_C_4] 25.0
[2026.02.13-11.12.47:762][363]LogBlueprintUserMessages: [BP_Spider_C_4] 10.0
[2026.02.13-11.12.47:846][368]LogBlueprintUserMessages: [BP_Spider_C_4] -5.0
[2026.02.13-11.12.49:312][456]LogBlueprintUserMessages: [BP_Spider_C_5] 85.0
[2026.02.13-11.12.49:396][461]LogBlueprintUserMessages: [BP_Spider_C_5] 70.0
[2026.02.13-11.12.49:463][465]LogBlueprintUserMessages: [BP_Spider_C_5] 55.0
[2026.02.13-11.12.49:547][470]LogBlueprintUserMessages: [BP_Spider_C_5] 40.0
[2026.02.13-11.12.49:629][475]LogBlueprintUserMessages: [BP_Spider_C_5] 25.0
[2026.02.13-11.12.49:712][480]LogBlueprintUserMessages: [BP_Spider_C_5] 10.0
[2026.02.13-11.12.49:796][485]LogBlueprintUserMessages: [BP_Spider_C_5] -5.0
[2026.02.13-11.12.52:949][674]LogBlueprintUserMessages: [BP_Spider_C_6] 85.0
[2026.02.13-11.12.53:029][679]LogBlueprintUserMessages: [BP_Spider_C_6] 70.0
[2026.02.13-11.12.53:112][684]LogBlueprintUserMessages: [BP_Spider_C_6] 55.0
[2026.02.13-11.12.53:196][689]LogBlueprintUserMessages: [BP_Spider_C_6] 40.0
[2026.02.13-11.12.53:279][694]LogBlueprintUserMessages: [BP_Spider_C_6] 25.0
[2026.02.13-11.12.53:346][698]LogBlueprintUserMessages: [BP_Spider_C_6] 10.0
[2026.02.13-11.12.53:430][703]LogBlueprintUserMessages: [BP_Spider_C_6] -5.0
[2026.02.13-11.12.54:866][789]LogBlueprintUserMessages: [BP_Spider_C_7] 85.0
[2026.02.13-11.12.54:947][794]LogBlueprintUserMessages: [BP_Spider_C_7] 70.0
[2026.02.13-11.12.55:030][799]LogBlueprintUserMessages: [BP_Spider_C_7] 55.0
[2026.02.13-11.12.55:113][804]LogBlueprintUserMessages: [BP_Spider_C_7] 40.0
[2026.02.13-11.12.55:197][809]LogBlueprintUserMessages: [BP_Spider_C_7] 25.0
[2026.02.13-11.12.55:263][813]LogBlueprintUserMessages: [BP_Spider_C_7] 10.0
[2026.02.13-11.12.55:347][818]LogBlueprintUserMessages: [BP_Spider_C_7] -5.0
[2026.02.13-11.12.58:098][983]LogBlueprintUserMessages: [Gun_DMG_TEST_2] 955.0
[2026.02.13-11.12.58:180][988]LogBlueprintUserMessages: [Gun_DMG_TEST_2] 940.0
[2026.02.13-11.12.58:264][993]LogBlueprintUserMessages: [Gun_DMG_TEST_2] 925.0
[2026.02.13-11.12.58:347][998]LogBlueprintUserMessages: [Gun_DMG_TEST_2] 910.0
[2026.02.13-11.12.58:430][  3]LogBlueprintUserMessages: [Gun_DMG_TEST_2] 895.0
[2026.02.13-11.12.58:497][  7]LogBlueprintUserMessages: [Gun_DMG_TEST_2] 880.0
[2026.02.13-11.12.58:580][ 12]LogBlueprintUserMessages: [BP_Spider_C_8] 85.0
[2026.02.13-11.12.58:663][ 17]LogBlueprintUserMessages: [BP_Spider_C_8] 70.0
[2026.02.13-11.12.58:747][ 22]LogBlueprintUserMessages: [BP_Spider_C_8] 55.0
[2026.02.13-11.12.58:830][ 27]LogBlueprintUserMessages: [BP_Spider_C_8] 40.0
[2026.02.13-11.12.58:896][ 31]LogBlueprintUserMessages: [BP_Spider_C_8] 25.0
[2026.02.13-11.12.58:980][ 36]LogBlueprintUserMessages: [BP_Spider_C_8] 10.0
[2026.02.13-11.12.59:063][ 41]LogBlueprintUserMessages: [BP_Spider_C_8] -5.0
[2026.02.13-11.13.01:348][178]LogBlueprintUserMessages: [BP_Spider_C_9] 85.0
[2026.02.13-11.13.01:431][183]LogBlueprintUserMessages: [BP_Spider_C_9] 70.0
[2026.02.13-11.13.01:514][188]LogBlueprintUserMessages: [BP_Spider_C_9] 55.0
[2026.02.13-11.13.01:598][193]LogBlueprintUserMessages: [BP_Spider_C_9] 40.0
[2026.02.13-11.13.01:681][198]LogBlueprintUserMessages: [BP_Spider_C_9] 25.0
[2026.02.13-11.13.01:997][217]LogBlueprintUserMessages: [BP_Spider_C_9] 10.0
[2026.02.13-11.13.02:086][222]LogBlueprintUserMessages: [BP_Spider_C_9] -5.0
[2026.02.13-11.13.04:048][340]LogBlueprintUserMessages: [BP_Spider_C_10] 85.0
[2026.02.13-11.13.04:531][369]LogBlueprintUserMessages: [BP_Spider_C_10] 70.0
[2026.02.13-11.13.04:682][378]LogBlueprintUserMessages: [BP_Spider_C_10] 55.0
[2026.02.13-11.13.04:764][383]LogBlueprintUserMessages: [BP_Spider_C_10] 40.0
[2026.02.13-11.13.05:330][417]LogBlueprintUserMessages: [BP_Spider_C_10] 25.0
[2026.02.13-11.13.05:564][431]LogBlueprintUserMessages: [BP_Spider_C_10] 10.0
[2026.02.13-11.13.05:647][436]LogBlueprintUserMessages: [BP_Spider_C_10] -5.0
[2026.02.13-11.13.08:298][595]LogBlueprintUserMessages: [BP_Spider_C_11] 85.0
[2026.02.13-11.13.08:548][610]LogBlueprintUserMessages: [BP_Spider_C_11] 70.0
[2026.02.13-11.13.08:614][614]LogBlueprintUserMessages: [BP_Spider_C_11] 55.0
[2026.02.13-11.13.08:866][629]LogBlueprintUserMessages: [BP_Spider_C_11] 40.0
[2026.02.13-11.13.08:948][634]LogBlueprintUserMessages: [BP_Spider_C_11] 25.0
[2026.02.13-11.13.09:015][638]LogBlueprintUserMessages: [BP_Spider_C_11] 10.0
[2026.02.13-11.13.09:099][643]LogBlueprintUserMessages: [BP_Spider_C_11] -5.0
[2026.02.13-11.13.10:932][753]LogBlueprintUserMessages: [BP_Spider_C_12] 85.0
[2026.02.13-11.13.10:999][757]LogBlueprintUserMessages: [BP_Spider_C_12] 70.0
[2026.02.13-11.13.11:082][762]LogBlueprintUserMessages: [BP_Spider_C_12] 55.0
[2026.02.13-11.13.11:165][767]LogBlueprintUserMessages: [BP_Spider_C_12] 40.0
[2026.02.13-11.13.11:249][772]LogBlueprintUserMessages: [BP_Spider_C_12] 25.0
[2026.02.13-11.13.11:332][777]LogBlueprintUserMessages: [BP_Spider_C_12] 10.0
[2026.02.13-11.13.11:399][781]LogBlueprintUserMessages: [BP_Spider_C_12] -5.0
[2026.02.13-11.13.13:063][879]LogSlate: Updating window title bar state: overlay mode, drag disabled, window buttons hidden, title bar hidden
[2026.02.13-11.13.13:063][879]LogWorld: BeginTearingDown for /Game/Levels/UEDPIE_0_Main
[2026.02.13-11.13.13:064][879]LogWorld: UWorld::CleanupWorld for Main, bSessionEnded=true, bCleanupResources=true
[2026.02.13-11.13.13:064][879]LogSlate: InvalidateAllWidgets triggered.  All widgets were invalidated
[2026.02.13-11.13.13:076][879]LogPlayLevel: Display: Shutting down PIE online subsystems
[2026.02.13-11.13.13:089][879]LogSlate: InvalidateAllWidgets triggered.  All widgets were invalidated
[2026.02.13-11.13.13:123][879]LogAudio: Display: Audio Device unregistered from world 'None'.
[2026.02.13-11.13.13:124][879]LogAudioMixer: FMixerPlatformXAudio2::StopAudioStream() called
[2026.02.13-11.13.13:125][879]LogAudioMixer: FMixerPlatformXAudio2::StopAudioStream() called
[2026.02.13-11.13.13:126][879]LogSlate: Updating window title bar state: overlay mode, drag disabled, window buttons hidden, title bar hidden
[2026.02.13-11.13.13:130][879]LogUObjectHash: Compacting FUObjectHashTables data took   1.91ms
[2026.02.13-11.13.13:151][880]LogPlayLevel: Display: Destroying online subsystem :Context_39
[2026.02.13-11.13.16:165][ 59]LogTemp: Repeating last play command: Selected Viewport
[2026.02.13-11.13.16:172][ 59]LogPlayLevel: PlayLevel: No blueprints needed recompiling
[2026.02.13-11.13.16:172][ 59]PIE: New page: PIE session: Main (13 lut 2026, 13:13:16)
[2026.02.13-11.13.16:211][ 59]LogPlayLevel: Creating play world package: /Game/Levels/UEDPIE_0_Main
[2026.02.13-11.13.16:216][ 59]LogPlayLevel: PIE: StaticDuplicateObject took: (0.004490s)
[2026.02.13-11.13.16:217][ 59]LogAIModule: Creating AISystem for world Main
[2026.02.13-11.13.16:217][ 59]LogPlayLevel: PIE: World Init took: (0.001380s)
[2026.02.13-11.13.16:217][ 59]LogPlayLevel: PIE: Created PIE world by copying editor world from /Game/Levels/Main.Main to /Game/Levels/UEDPIE_0_Main.Main (0.006077s)
[2026.02.13-11.13.16:250][ 59]LogUObjectHash: Compacting FUObjectHashTables data took   2.44ms
[2026.02.13-11.13.16:252][ 59]LogAudio: Display: Creating Audio Device:                 Id: 27, Scope: Unique, Realtime: True
[2026.02.13-11.13.16:252][ 59]LogAudioMixer: Display: Audio Mixer Platform Settings:
[2026.02.13-11.13.16:252][ 59]LogAudioMixer: Display: 	Sample Rate:						  48000
[2026.02.13-11.13.16:252][ 59]LogAudioMixer: Display: 	Callback Buffer Frame Size Requested: 1024
[2026.02.13-11.13.16:252][ 59]LogAudioMixer: Display: 	Callback Buffer Frame Size To Use:	  1024
[2026.02.13-11.13.16:252][ 59]LogAudioMixer: Display: 	Number of buffers to queue:			  2
[2026.02.13-11.13.16:252][ 59]LogAudioMixer: Display: 	Max Channels (voices):				  32
[2026.02.13-11.13.16:252][ 59]LogAudioMixer: Display: 	Number of Async Source Workers:		  0
[2026.02.13-11.13.16:252][ 59]LogAudio: Display: AudioDevice MaxSources: 32
[2026.02.13-11.13.16:253][ 59]LogAudio: Display: Audio Spatialization Plugin: None (built-in).
[2026.02.13-11.13.16:253][ 59]LogAudio: Display: Audio Reverb Plugin: None (built-in).
[2026.02.13-11.13.16:253][ 59]LogAudio: Display: Audio Occlusion Plugin: None (built-in).
[2026.02.13-11.13.16:253][ 59]LogAudioMixer: Display: Initializing audio mixer.
[2026.02.13-11.13.16:258][ 59]LogAudioMixer: Display: 0: FrontLeft
[2026.02.13-11.13.16:258][ 59]LogAudioMixer: Display: 1: FrontRight
[2026.02.13-11.13.16:273][ 59]LogAudioMixer: Display: Using Audio Device Speakers (USB Audio Device)
[2026.02.13-11.13.16:274][ 59]LogAudioMixer: Display: Initializing Sound Submixes...
[2026.02.13-11.13.16:274][ 59]LogAudioMixer: Display: Creating Master Submix 'MasterSubmixDefault'
[2026.02.13-11.13.16:274][ 59]LogAudioMixer: Display: Creating Master Submix 'MasterReverbSubmixDefault'
[2026.02.13-11.13.16:274][ 59]LogAudioMixer: Display: Creating Master Submix 'MasterEQSubmixDefault'
[2026.02.13-11.13.16:274][ 59]LogAudioMixer: FMixerPlatformXAudio2::StartAudioStream() called
[2026.02.13-11.13.16:274][ 59]LogAudioMixer: Display: Output buffers initialized: Frames=1024, Channels=2, Samples=2048
[2026.02.13-11.13.16:276][ 59]LogAudioMixer: Display: Starting AudioMixerPlatformInterface::RunInternal()
[2026.02.13-11.13.16:276][ 59]LogAudioMixer: Display: FMixerPlatformXAudio2::SubmitBuffer() called for the first time
[2026.02.13-11.13.16:276][ 59]LogInit: FAudioDevice initialized.
[2026.02.13-11.13.16:276][ 59]LogAudio: Display: Audio Device (ID: 27) registered with world 'Main'.
[2026.02.13-11.13.16:285][ 59]LogLoad: Game class is 'BP_GameMode_01_C'
[2026.02.13-11.13.16:288][ 59]LogWorld: Bringing World /Game/Levels/UEDPIE_0_Main.Main up for play (max tick rate 60) at 2026.02.13-12.13.16
[2026.02.13-11.13.16:288][ 59]LogWorld: Bringing up level for play took: 0.001311
[2026.02.13-11.13.16:288][ 59]LogOnline: OSS: Creating online subsystem instance for: :Context_40
[2026.02.13-11.13.16:293][ 59]PIE: Server logged in
[2026.02.13-11.13.16:294][ 59]PIE: Play in editor total start time 0,123 seconds.
[2026.02.13-11.13.17:081][106]LogBlueprintUserMessages: [Gun_DMG_TEST_2] 985.0
[2026.02.13-11.13.17:158][111]LogBlueprintUserMessages: [Gun_DMG_TEST_2] 970.0
[2026.02.13-11.13.18:510][192]LogBlueprintUserMessages: [BP_Spider_2] 85.0
[2026.02.13-11.13.18:591][197]LogBlueprintUserMessages: [BP_Spider_2] 70.0
[2026.02.13-11.13.18:674][202]LogBlueprintUserMessages: [BP_Spider_2] 55.0
[2026.02.13-11.13.18:758][207]LogBlueprintUserMessages: [BP_Spider_2] 40.0
[2026.02.13-11.13.18:841][212]LogBlueprintUserMessages: [BP_Spider_2] 25.0
[2026.02.13-11.13.20:142][290]LogBlueprintUserMessages: [BP_Spider_2] 10.0
[2026.02.13-11.13.20:225][295]LogBlueprintUserMessages: [BP_Spider_2] -5.0
[2026.02.13-11.13.20:624][319]LogBlueprintUserMessages: [BP_Spider_C_0] 85.0
[2026.02.13-11.13.21:958][399]LogBlueprintUserMessages: [BP_Spider_C_0] 70.0
[2026.02.13-11.13.22:025][403]LogBlueprintUserMessages: [BP_Spider_C_0] 55.0
[2026.02.13-11.13.22:508][432]LogBlueprintUserMessages: [BP_Spider_C_0] 40.0
[2026.02.13-11.13.22:591][437]LogBlueprintUserMessages: [BP_Spider_C_0] 25.0
[2026.02.13-11.13.22:675][442]LogBlueprintUserMessages: [BP_Spider_C_0] 10.0
[2026.02.13-11.13.22:758][447]LogBlueprintUserMessages: [BP_Spider_C_0] -5.0
[2026.02.13-11.13.23:892][515]LogBlueprintUserMessages: [BP_Spider_C_1] 85.0
[2026.02.13-11.13.23:975][520]LogBlueprintUserMessages: [BP_Spider_C_1] 70.0
[2026.02.13-11.13.24:042][524]LogBlueprintUserMessages: [BP_Spider_C_1] 55.0
[2026.02.13-11.13.24:125][529]LogBlueprintUserMessages: [BP_Spider_C_1] 40.0
[2026.02.13-11.13.24:209][534]LogBlueprintUserMessages: [BP_Spider_C_1] 25.0
[2026.02.13-11.13.24:291][539]LogBlueprintUserMessages: [BP_Spider_C_1] 10.0
[2026.02.13-11.13.24:376][544]LogBlueprintUserMessages: [BP_Spider_C_1] -5.0
[2026.02.13-11.13.25:433][605]LogSlate: Updating window title bar state: overlay mode, drag disabled, window buttons hidden, title bar hidden
[2026.02.13-11.13.25:433][605]LogWorld: BeginTearingDown for /Game/Levels/UEDPIE_0_Main
[2026.02.13-11.13.25:433][605]LogWorld: UWorld::CleanupWorld for Main, bSessionEnded=true, bCleanupResources=true
[2026.02.13-11.13.25:434][605]LogSlate: InvalidateAllWidgets triggered.  All widgets were invalidated
[2026.02.13-11.13.25:444][605]LogPlayLevel: Display: Shutting down PIE online subsystems
[2026.02.13-11.13.25:457][605]LogSlate: InvalidateAllWidgets triggered.  All widgets were invalidated
[2026.02.13-11.13.25:488][605]LogSlate: Updating window title bar state: overlay mode, drag disabled, window buttons hidden, title bar hidden
[2026.02.13-11.13.25:488][605]LogAudioMixer: FMixerPlatformXAudio2::StopAudioStream() called
[2026.02.13-11.13.25:488][605]LogAudioMixer: FMixerPlatformXAudio2::StopAudioStream() called
[2026.02.13-11.13.25:494][605]LogUObjectHash: Compacting FUObjectHashTables data took   1.99ms
[2026.02.13-11.13.25:512][606]LogPlayLevel: Display: Destroying online subsystem :Context_40
[2026.02.13-11.13.59:178][618]LogUObjectHash: Compacting FUObjectHashTables data took   2.19ms
[2026.02.13-11.13.59:179][618]LogFileHelpers: Editor autosave (incl. external actors) for '/Game/Levels/Main' took 0.033
[2026.02.13-11.13.59:180][618]OBJ SavePackage: Generating thumbnails for [1] asset(s) in package [/Game/BluePrintClass/BP_Spider] ([2] browsable assets)...
[2026.02.13-11.13.59:190][618]OBJ SavePackage:     Rendered thumbnail for [Blueprint /Game/BluePrintClass/BP_Spider.BP_Spider]
[2026.02.13-11.13.59:190][618]OBJ SavePackage: Finished generating thumbnails for package [/Game/BluePrintClass/BP_Spider]
[2026.02.13-11.13.59:216][618]LogSavePackage: Moving '../../../../../Repozytoria/UE 4.27/KZ_TopDownShooter/TopDownAC/Saved/BP_Spider_Auto4DB7099E54776DEDC3EB669A964307110.tmp' to '../../../../../Repozytoria/UE 4.27/KZ_TopDownShooter/TopDownAC/Saved/Autosaves/Game/BluePrintClass/BP_Spider_Auto4.uasset'
[2026.02.13-11.13.59:233][618]OBJ SavePackage: Generating thumbnails for [1] asset(s) in package [/Game/BluePrintClass/BP_PLAYER] ([2] browsable assets)...
[2026.02.13-11.13.59:242][618]OBJ SavePackage:     Rendered thumbnail for [Blueprint /Game/BluePrintClass/BP_PLAYER.BP_PLAYER]
[2026.02.13-11.13.59:242][618]OBJ SavePackage: Finished generating thumbnails for package [/Game/BluePrintClass/BP_PLAYER]
[2026.02.13-11.13.59:285][618]LogSavePackage: Moving '../../../../../Repozytoria/UE 4.27/KZ_TopDownShooter/TopDownAC/Saved/BP_PLAYER_Auto4B5F84C6D46FF435E29B3F59E47970188.tmp' to '../../../../../Repozytoria/UE 4.27/KZ_TopDownShooter/TopDownAC/Saved/Autosaves/Game/BluePrintClass/BP_PLAYER_Auto4.uasset'
[2026.02.13-11.13.59:285][618]OBJ SavePackage: Generating thumbnails for [0] asset(s) in package [/Game/BluePrintClass/W_PlayerHUD] ([2] browsable assets)...
[2026.02.13-11.13.59:285][618]OBJ SavePackage: Finished generating thumbnails for package [/Game/BluePrintClass/W_PlayerHUD]
[2026.02.13-11.13.59:293][618]LogSavePackage: Moving '../../../../../Repozytoria/UE 4.27/KZ_TopDownShooter/TopDownAC/Saved/W_PlayerHUD_Auto46602CA9F42A34E5BD230028E036FB4F5.tmp' to '../../../../../Repozytoria/UE 4.27/KZ_TopDownShooter/TopDownAC/Saved/Autosaves/Game/BluePrintClass/W_PlayerHUD_Auto4.uasset'
[2026.02.13-11.13.59:294][618]LogFileHelpers: Auto-saving content packages took 0.114
[2026.02.13-11.14.02:994][840]LogActorComponent: UnregisterComponent: (/Engine/Transient.EditorFloorComp) Not registered. Aborting.
[2026.02.13-11.14.02:994][840]LogWorld: UWorld::CleanupWorld for World_5, bSessionEnded=true, bCleanupResources=true
[2026.02.13-11.14.02:994][840]LogSlate: InvalidateAllWidgets triggered.  All widgets were invalidated
[2026.02.13-11.14.03:718][881]LogActorComponent: UnregisterComponent: (/Engine/Transient.EditorFloorComp) Not registered. Aborting.
[2026.02.13-11.14.03:718][881]LogWorld: UWorld::CleanupWorld for World_4, bSessionEnded=true, bCleanupResources=true
[2026.02.13-11.14.03:718][881]LogSlate: InvalidateAllWidgets triggered.  All widgets were invalidated
[2026.02.13-11.14.04:606][932]LogWorld: UWorld::CleanupWorld for World_3, bSessionEnded=true, bCleanupResources=true
[2026.02.13-11.14.04:606][932]LogSlate: InvalidateAllWidgets triggered.  All widgets were invalidated
[2026.02.13-11.14.04:612][932]LogWorld: UWorld::CleanupWorld for World_2, bSessionEnded=true, bCleanupResources=true
[2026.02.13-11.14.04:612][932]LogSlate: InvalidateAllWidgets triggered.  All widgets were invalidated
[2026.02.13-11.14.06:924][ 68]LogEditorViewport: Clicking on Actor (context menu): StaticMeshActor (Floor)
[2026.02.13-11.14.07:894][123]LogTemp: Repeating last play command: Selected Viewport
[2026.02.13-11.14.07:900][123]LogPlayLevel: PlayLevel: No blueprints needed recompiling
[2026.02.13-11.14.07:900][123]PIE: New page: PIE session: Main (13 lut 2026, 13:14:07)
[2026.02.13-11.14.07:932][123]LogPlayLevel: Creating play world package: /Game/Levels/UEDPIE_0_Main
[2026.02.13-11.14.07:936][123]LogPlayLevel: PIE: StaticDuplicateObject took: (0.003879s)
[2026.02.13-11.14.07:937][123]LogAIModule: Creating AISystem for world Main
[2026.02.13-11.14.07:937][123]LogPlayLevel: PIE: World Init took: (0.001244s)
[2026.02.13-11.14.07:937][123]LogPlayLevel: PIE: Created PIE world by copying editor world from /Game/Levels/Main.Main to /Game/Levels/UEDPIE_0_Main.Main (0.005295s)
[2026.02.13-11.14.07:983][123]LogUObjectHash: Compacting FUObjectHashTables data took   1.65ms
[2026.02.13-11.14.07:984][123]LogAudio: Display: Creating Audio Device:                 Id: 28, Scope: Unique, Realtime: True
[2026.02.13-11.14.07:984][123]LogAudioMixer: Display: Audio Mixer Platform Settings:
[2026.02.13-11.14.07:984][123]LogAudioMixer: Display: 	Sample Rate:						  48000
[2026.02.13-11.14.07:984][123]LogAudioMixer: Display: 	Callback Buffer Frame Size Requested: 1024
[2026.02.13-11.14.07:984][123]LogAudioMixer: Display: 	Callback Buffer Frame Size To Use:	  1024
[2026.02.13-11.14.07:984][123]LogAudioMixer: Display: 	Number of buffers to queue:			  2
[2026.02.13-11.14.07:984][123]LogAudioMixer: Display: 	Max Channels (voices):				  32
[2026.02.13-11.14.07:984][123]LogAudioMixer: Display: 	Number of Async Source Workers:		  0
[2026.02.13-11.14.07:984][123]LogAudio: Display: AudioDevice MaxSources: 32
[2026.02.13-11.14.07:985][123]LogAudio: Display: Audio Spatialization Plugin: None (built-in).
[2026.02.13-11.14.07:985][123]LogAudio: Display: Audio Reverb Plugin: None (built-in).
[2026.02.13-11.14.07:985][123]LogAudio: Display: Audio Occlusion Plugin: None (built-in).
[2026.02.13-11.14.07:985][123]LogAudioMixer: Display: Initializing audio mixer.
[2026.02.13-11.14.07:987][123]LogAudioMixer: Display: 0: FrontLeft
[2026.02.13-11.14.07:987][123]LogAudioMixer: Display: 1: FrontRight
[2026.02.13-11.14.07:994][123]LogAudioMixer: Display: Using Audio Device Speakers (USB Audio Device)
[2026.02.13-11.14.07:995][123]LogAudioMixer: Display: Initializing Sound Submixes...
[2026.02.13-11.14.07:995][123]LogAudioMixer: Display: Creating Master Submix 'MasterSubmixDefault'
[2026.02.13-11.14.07:995][123]LogAudioMixer: Display: Creating Master Submix 'MasterReverbSubmixDefault'
[2026.02.13-11.14.07:995][123]LogAudioMixer: Display: Creating Master Submix 'MasterEQSubmixDefault'
[2026.02.13-11.14.07:995][123]LogAudioMixer: FMixerPlatformXAudio2::StartAudioStream() called
[2026.02.13-11.14.07:995][123]LogAudioMixer: Display: Output buffers initialized: Frames=1024, Channels=2, Samples=2048
[2026.02.13-11.14.07:996][123]LogAudioMixer: Display: Starting AudioMixerPlatformInterface::RunInternal()
[2026.02.13-11.14.07:996][123]LogAudioMixer: Display: FMixerPlatformXAudio2::SubmitBuffer() called for the first time
[2026.02.13-11.14.07:996][123]LogInit: FAudioDevice initialized.
[2026.02.13-11.14.07:996][123]LogAudio: Display: Audio Device (ID: 28) registered with world 'Main'.
[2026.02.13-11.14.08:004][123]LogLoad: Game class is 'BP_GameMode_01_C'
[2026.02.13-11.14.08:005][123]LogWorld: Bringing World /Game/Levels/UEDPIE_0_Main.Main up for play (max tick rate 60) at 2026.02.13-12.14.08
[2026.02.13-11.14.08:006][123]LogWorld: Bringing up level for play took: 0.000888
[2026.02.13-11.14.08:006][123]LogOnline: OSS: Creating online subsystem instance for: :Context_41
[2026.02.13-11.14.08:008][123]PIE: Server logged in
[2026.02.13-11.14.08:008][123]PIE: Play in editor total start time 0,11 seconds.
[2026.02.13-11.14.08:223][136]LogBlueprintUserMessages: [Gun_DMG_TEST_2] 985.0
[2026.02.13-11.14.08:301][141]LogBlueprintUserMessages: [Gun_DMG_TEST_2] 970.0
[2026.02.13-11.14.09:287][200]LogBlueprintUserMessages: [BP_Spider_2] 85.0
[2026.02.13-11.14.09:369][205]LogBlueprintUserMessages: [Gun_DMG_TEST_2] 955.0
[2026.02.13-11.14.09:451][210]LogBlueprintUserMessages: [Gun_DMG_TEST_2] 940.0
[2026.02.13-11.14.09:701][225]LogBlueprintUserMessages: [BP_Spider_2] 70.0
[2026.02.13-11.14.09:785][230]LogBlueprintUserMessages: [BP_Spider_2] 55.0
[2026.02.13-11.14.09:868][235]LogBlueprintUserMessages: [Gun_DMG_TEST_2] 925.0
[2026.02.13-11.14.09:951][240]LogBlueprintUserMessages: [Gun_DMG_TEST_2] 910.0
[2026.02.13-11.14.11:102][309]LogBlueprintUserMessages: [BP_Spider_2] 40.0
[2026.02.13-11.14.11:169][313]LogBlueprintUserMessages: [BP_Spider_2] 25.0
[2026.02.13-11.14.11:251][318]LogBlueprintUserMessages: [BP_Spider_2] 10.0
[2026.02.13-11.14.11:335][323]LogBlueprintUserMessages: [BP_Spider_2] -5.0
[2026.02.13-11.14.16:086][607]LogBlueprintUserMessages: [BP_Spider_C_0] 85.0
[2026.02.13-11.14.16:254][617]LogBlueprintUserMessages: [Gun_DMG_TEST_2] 895.0
[2026.02.13-11.14.16:337][622]LogBlueprintUserMessages: [BP_Spider_C_0] 70.0
[2026.02.13-11.14.16:921][657]LogBlueprintUserMessages: [BP_Spider_C_0] 55.0
[2026.02.13-11.14.16:988][661]LogBlueprintUserMessages: [BP_Spider_C_0] 40.0
[2026.02.13-11.14.17:153][671]LogBlueprintUserMessages: [BP_Spider_C_0] 25.0
[2026.02.13-11.14.17:238][676]LogBlueprintUserMessages: [BP_Spider_C_0] 10.0
[2026.02.13-11.14.17:320][681]LogBlueprintUserMessages: [BP_Spider_C_0] -5.0
[2026.02.13-11.14.23:324][ 41]LogBlueprintUserMessages: [Gun_DMG_TEST_2] 880.0
[2026.02.13-11.14.23:405][ 46]LogBlueprintUserMessages: [Gun_DMG_TEST_2] 865.0
[2026.02.13-11.14.23:489][ 51]LogBlueprintUserMessages: [Gun_DMG_TEST_2] 850.0
[2026.02.13-11.14.23:571][ 56]LogBlueprintUserMessages: [Gun_DMG_TEST_2] 835.0
[2026.02.13-11.14.23:655][ 61]LogBlueprintUserMessages: [Gun_DMG_TEST_2] 820.0
[2026.02.13-11.14.23:722][ 65]LogBlueprintUserMessages: [Gun_DMG_TEST_2] 805.0
[2026.02.13-11.14.23:804][ 70]LogBlueprintUserMessages: [Gun_DMG_TEST_2] 790.0
[2026.02.13-11.14.24:288][ 99]LogBlueprintUserMessages: [BP_Spider_C_4] 85.0
[2026.02.13-11.14.24:371][104]LogBlueprintUserMessages: [BP_Spider_C_4] 70.0
[2026.02.13-11.14.24:455][109]LogBlueprintUserMessages: [BP_Spider_C_4] 55.0
[2026.02.13-11.14.24:522][113]LogBlueprintUserMessages: [BP_Spider_C_4] 40.0
[2026.02.13-11.14.24:605][118]LogBlueprintUserMessages: [BP_Spider_C_4] 25.0
[2026.02.13-11.14.24:689][123]LogBlueprintUserMessages: [BP_Spider_C_3] 85.0
[2026.02.13-11.14.24:771][128]LogBlueprintUserMessages: [BP_Spider_C_3] 70.0
[2026.02.13-11.14.24:854][133]LogBlueprintUserMessages: [BP_Spider_C_3] 55.0
[2026.02.13-11.14.24:922][137]LogBlueprintUserMessages: [BP_Spider_C_3] 40.0
[2026.02.13-11.14.25:004][142]LogBlueprintUserMessages: [BP_Spider_C_3] 25.0
[2026.02.13-11.14.25:088][147]LogBlueprintUserMessages: [BP_Spider_C_3] 10.0
[2026.02.13-11.14.25:171][152]LogBlueprintUserMessages: [BP_Spider_C_3] -5.0
[2026.02.13-11.14.25:254][157]LogBlueprintUserMessages: [BP_Spider_C_2] 85.0
[2026.02.13-11.14.25:322][161]LogBlueprintUserMessages: [BP_Spider_C_2] 70.0
[2026.02.13-11.14.25:405][166]LogBlueprintUserMessages: [BP_Spider_C_2] 55.0
[2026.02.13-11.14.25:489][171]LogBlueprintUserMessages: [BP_Spider_C_2] 40.0
[2026.02.13-11.14.25:572][176]LogBlueprintUserMessages: [BP_Spider_C_2] 25.0
[2026.02.13-11.14.25:656][181]LogBlueprintUserMessages: [BP_Spider_C_2] 10.0
[2026.02.13-11.14.25:722][185]LogBlueprintUserMessages: [BP_Spider_C_2] -5.0
[2026.02.13-11.14.27:243][274]LogSlate: Updating window title bar state: overlay mode, drag disabled, window buttons hidden, title bar hidden
[2026.02.13-11.14.27:243][274]LogWorld: BeginTearingDown for /Game/Levels/UEDPIE_0_Main
[2026.02.13-11.14.27:243][274]LogWorld: UWorld::CleanupWorld for Main, bSessionEnded=true, bCleanupResources=true
[2026.02.13-11.14.27:244][274]LogSlate: InvalidateAllWidgets triggered.  All widgets were invalidated
[2026.02.13-11.14.27:257][274]LogPlayLevel: Display: Shutting down PIE online subsystems
[2026.02.13-11.14.27:275][274]LogSlate: InvalidateAllWidgets triggered.  All widgets were invalidated
[2026.02.13-11.14.27:295][274]LogSlate: Updating window title bar state: overlay mode, drag disabled, window buttons hidden, title bar hidden
[2026.02.13-11.14.27:296][274]LogAudioMixer: FMixerPlatformXAudio2::StopAudioStream() called
[2026.02.13-11.14.27:297][274]LogAudioMixer: FMixerPlatformXAudio2::StopAudioStream() called
[2026.02.13-11.14.27:304][274]LogUObjectHash: Compacting FUObjectHashTables data took   3.65ms
[2026.02.13-11.14.27:335][275]LogPlayLevel: Display: Destroying online subsystem :Context_41
[2026.02.13-11.19.27:503][117]LogAssetEditorSubsystem: Opening Asset editor for Blueprint /Game/BluePrintClass/Gun_DMG_TEST.Gun_DMG_TEST
[2026.02.13-11.56.27:576][928]BlueprintLog: New page: Compile Gun_DMG_TEST
[2026.02.13-11.56.27:615][928]LogUObjectHash: Compacting FUObjectHashTables data took   1.62ms
[2026.02.13-11.56.30:241][ 84]LogTemp: Repeating last play command: Selected Viewport
[2026.02.13-11.56.30:245][ 84]LogPlayLevel: PlayLevel: No blueprints needed recompiling
[2026.02.13-11.56.30:245][ 84]PIE: New page: PIE session: Main (13 lut 2026, 13:56:30)
[2026.02.13-11.56.30:245][ 84]LogPlayLevel: Creating play world package: /Game/Levels/UEDPIE_0_Main
[2026.02.13-11.56.30:248][ 84]LogPlayLevel: PIE: StaticDuplicateObject took: (0.003233s)
[2026.02.13-11.56.30:249][ 84]LogAIModule: Creating AISystem for world Main
[2026.02.13-11.56.30:249][ 84]LogPlayLevel: PIE: World Init took: (0.000915s)
[2026.02.13-11.56.30:249][ 84]LogPlayLevel: PIE: Created PIE world by copying editor world from /Game/Levels/Main.Main to /Game/Levels/UEDPIE_0_Main.Main (0.004254s)
[2026.02.13-11.56.30:269][ 84]LogUObjectHash: Compacting FUObjectHashTables data took   1.71ms
[2026.02.13-11.56.30:270][ 84]LogAudio: Display: Creating Audio Device:                 Id: 29, Scope: Unique, Realtime: True
[2026.02.13-11.56.30:270][ 84]LogAudioMixer: Display: Audio Mixer Platform Settings:
[2026.02.13-11.56.30:270][ 84]LogAudioMixer: Display: 	Sample Rate:						  48000
[2026.02.13-11.56.30:270][ 84]LogAudioMixer: Display: 	Callback Buffer Frame Size Requested: 1024
[2026.02.13-11.56.30:270][ 84]LogAudioMixer: Display: 	Callback Buffer Frame Size To Use:	  1024
[2026.02.13-11.56.30:270][ 84]LogAudioMixer: Display: 	Number of buffers to queue:			  2
[2026.02.13-11.56.30:270][ 84]LogAudioMixer: Display: 	Max Channels (voices):				  32
[2026.02.13-11.56.30:270][ 84]LogAudioMixer: Display: 	Number of Async Source Workers:		  0
[2026.02.13-11.56.30:270][ 84]LogAudio: Display: AudioDevice MaxSources: 32
[2026.02.13-11.56.30:271][ 84]LogAudio: Display: Audio Spatialization Plugin: None (built-in).
[2026.02.13-11.56.30:271][ 84]LogAudio: Display: Audio Reverb Plugin: None (built-in).
[2026.02.13-11.56.30:271][ 84]LogAudio: Display: Audio Occlusion Plugin: None (built-in).
[2026.02.13-11.56.30:271][ 84]LogAudioMixer: Display: Initializing audio mixer.
[2026.02.13-11.56.30:274][ 84]LogAudioMixer: Display: 0: FrontLeft
[2026.02.13-11.56.30:274][ 84]LogAudioMixer: Display: 1: FrontRight
[2026.02.13-11.56.30:282][ 84]LogAudioMixer: Display: Using Audio Device Speakers (USB Audio Device)
[2026.02.13-11.56.30:282][ 84]LogAudioMixer: Display: Initializing Sound Submixes...
[2026.02.13-11.56.30:282][ 84]LogAudioMixer: Display: Creating Master Submix 'MasterSubmixDefault'
[2026.02.13-11.56.30:282][ 84]LogAudioMixer: Display: Creating Master Submix 'MasterReverbSubmixDefault'
[2026.02.13-11.56.30:283][ 84]LogAudioMixer: Display: Creating Master Submix 'MasterEQSubmixDefault'
[2026.02.13-11.56.30:283][ 84]LogAudioMixer: FMixerPlatformXAudio2::StartAudioStream() called
[2026.02.13-11.56.30:283][ 84]LogAudioMixer: Display: Output buffers initialized: Frames=1024, Channels=2, Samples=2048
[2026.02.13-11.56.30:284][ 84]LogAudioMixer: Display: Starting AudioMixerPlatformInterface::RunInternal()
[2026.02.13-11.56.30:284][ 84]LogAudioMixer: Display: FMixerPlatformXAudio2::SubmitBuffer() called for the first time
[2026.02.13-11.56.30:284][ 84]LogInit: FAudioDevice initialized.
[2026.02.13-11.56.30:284][ 84]LogAudio: Display: Audio Device (ID: 29) registered with world 'Main'.
[2026.02.13-11.56.30:292][ 84]LogLoad: Game class is 'BP_GameMode_01_C'
[2026.02.13-11.56.30:294][ 84]LogWorld: Bringing World /Game/Levels/UEDPIE_0_Main.Main up for play (max tick rate 60) at 2026.02.13-12.56.30
[2026.02.13-11.56.30:294][ 84]LogWorld: Bringing up level for play took: 0.000971
[2026.02.13-11.56.30:295][ 84]LogOnline: OSS: Creating online subsystem instance for: :Context_43
[2026.02.13-11.56.30:297][ 84]PIE: Server logged in
[2026.02.13-11.56.30:298][ 84]PIE: Play in editor total start time 0,053 seconds.
[2026.02.13-11.56.30:980][125]LogBlueprintUserMessages: [Gun_DMG_TEST_2] 985.0
[2026.02.13-11.56.31:058][130]LogBlueprintUserMessages: [Gun_DMG_TEST_2] 970.0
[2026.02.13-11.56.31:808][175]LogBlueprintUserMessages: [BP_Spider_2] 85.0
[2026.02.13-11.56.31:890][180]LogBlueprintUserMessages: [BP_Spider_2] 70.0
[2026.02.13-11.56.31:974][185]LogBlueprintUserMessages: [BP_Spider_2] 55.0
[2026.02.13-11.56.32:057][190]LogBlueprintUserMessages: [BP_Spider_2] 40.0
[2026.02.13-11.56.32:141][195]LogBlueprintUserMessages: [BP_Spider_2] 25.0
[2026.02.13-11.56.32:207][199]LogBlueprintUserMessages: [BP_Spider_2] 10.0
[2026.02.13-11.56.32:291][204]LogBlueprintUserMessages: [BP_Spider_2] -5.0
[2026.02.13-11.56.36:557][460]LogBlueprintUserMessages: [BP_Spider_C_0] 85.0
[2026.02.13-11.56.37:041][489]LogBlueprintUserMessages: [BP_Spider_C_0] 70.0
[2026.02.13-11.56.37:124][494]LogBlueprintUserMessages: [BP_Spider_C_0] 55.0
[2026.02.13-11.56.37:208][499]LogBlueprintUserMessages: [BP_Spider_C_0] 40.0
[2026.02.13-11.56.37:274][503]LogBlueprintUserMessages: [BP_Spider_C_0] 25.0
[2026.02.13-11.56.37:357][508]LogBlueprintUserMessages: [BP_Spider_C_0] 10.0
[2026.02.13-11.56.37:440][513]LogBlueprintUserMessages: [BP_Spider_C_0] -5.0
[2026.02.13-11.56.39:741][651]LogBlueprintUserMessages: [BP_Spider_C_1] 85.0
[2026.02.13-11.56.39:824][656]LogBlueprintUserMessages: [BP_Spider_C_1] 70.0
[2026.02.13-11.56.39:891][660]LogBlueprintUserMessages: [BP_Spider_C_1] 55.0
[2026.02.13-11.56.39:974][665]LogBlueprintUserMessages: [BP_Spider_C_1] 40.0
[2026.02.13-11.56.40:058][670]LogBlueprintUserMessages: [BP_Spider_C_1] 25.0
[2026.02.13-11.56.40:141][675]LogBlueprintUserMessages: [BP_Spider_C_1] 10.0
[2026.02.13-11.56.40:225][680]LogBlueprintUserMessages: [BP_Spider_C_1] -5.0
[2026.02.13-11.56.40:941][723]LogBlueprintUserMessages: [BP_Spider_C_2] 85.0
[2026.02.13-11.56.41:024][728]LogBlueprintUserMessages: [BP_Spider_C_2] 70.0
[2026.02.13-11.56.41:174][737]LogBlueprintUserMessages: [BP_Spider_C_2] 55.0
[2026.02.13-11.56.41:258][742]LogBlueprintUserMessages: [BP_Spider_C_2] 40.0
[2026.02.13-11.56.41:340][747]LogBlueprintUserMessages: [BP_Spider_C_2] 25.0
[2026.02.13-11.56.41:424][752]LogBlueprintUserMessages: [BP_Spider_C_2] 10.0
[2026.02.13-11.56.41:491][756]LogBlueprintUserMessages: [BP_Spider_C_2] -5.0
[2026.02.13-11.56.43:928][902]LogBlueprintUserMessages: [Gun_DMG_TEST_2] 955.0
[2026.02.13-11.56.44:408][931]LogBlueprintUserMessages: [BP_Spider_C_3] 85.0
[2026.02.13-11.56.44:491][936]LogBlueprintUserMessages: [BP_Spider_C_3] 70.0
[2026.02.13-11.56.44:575][941]LogBlueprintUserMessages: [BP_Spider_C_3] 55.0
[2026.02.13-11.56.44:658][946]LogBlueprintUserMessages: [BP_Spider_C_3] 40.0
[2026.02.13-11.56.44:725][950]LogBlueprintUserMessages: [BP_Spider_C_3] 25.0
[2026.02.13-11.56.44:808][955]LogBlueprintUserMessages: [BP_Spider_C_3] 10.0
[2026.02.13-11.56.44:890][960]LogBlueprintUserMessages: [BP_Spider_C_3] -5.0
[2026.02.13-11.56.46:892][ 80]LogBlueprintUserMessages: [Gun_DMG_TEST_2] 940.0
[2026.02.13-11.56.46:975][ 85]LogBlueprintUserMessages: [Gun_DMG_TEST_2] 925.0
[2026.02.13-11.56.47:542][119]LogBlueprintUserMessages: [BP_Spider_C_4] 85.0
[2026.02.13-11.56.47:608][123]LogBlueprintUserMessages: [BP_Spider_C_4] 70.0
[2026.02.13-11.56.47:692][128]LogBlueprintUserMessages: [BP_Spider_C_4] 55.0
[2026.02.13-11.56.47:775][133]LogBlueprintUserMessages: [BP_Spider_C_4] 40.0
[2026.02.13-11.56.47:858][138]LogBlueprintUserMessages: [BP_Spider_C_4] 25.0
[2026.02.13-11.56.47:941][143]LogBlueprintUserMessages: [BP_Spider_C_4] 10.0
[2026.02.13-11.56.48:008][147]LogBlueprintUserMessages: [BP_Spider_C_4] -5.0
[2026.02.13-11.56.51:975][385]LogBlueprintUserMessages: [BP_Spider_C_5] 85.0
[2026.02.13-11.56.52:777][433]LogBlueprintUserMessages: [BP_Spider_C_5] 70.0
[2026.02.13-11.56.52:858][438]LogBlueprintUserMessages: [BP_Spider_C_5] 55.0
[2026.02.13-11.56.53:008][447]LogBlueprintUserMessages: [Gun_DMG_TEST_2] 910.0
[2026.02.13-11.56.53:092][452]LogBlueprintUserMessages: [Gun_DMG_TEST_2] 895.0
[2026.02.13-11.56.53:258][462]LogBlueprintUserMessages: [BP_Spider_C_6] 85.0
[2026.02.13-11.56.53:340][467]LogBlueprintUserMessages: [BP_Spider_C_6] 70.0
[2026.02.13-11.56.53:409][471]LogBlueprintUserMessages: [BP_Spider_C_6] 55.0
[2026.02.13-11.56.53:492][476]LogBlueprintUserMessages: [BP_Spider_C_6] 40.0
[2026.02.13-11.56.53:575][481]LogBlueprintUserMessages: [BP_Spider_C_6] 25.0
[2026.02.13-11.56.53:658][486]LogBlueprintUserMessages: [BP_Spider_C_6] 10.0
[2026.02.13-11.56.53:742][491]LogBlueprintUserMessages: [BP_Spider_C_6] -5.0
[2026.02.13-11.56.54:058][510]LogBlueprintUserMessages: [Gun_DMG_TEST_2] 880.0
[2026.02.13-11.56.54:142][515]LogBlueprintUserMessages: [BP_Spider_C_5] 40.0
[2026.02.13-11.56.54:209][519]LogBlueprintUserMessages: [BP_Spider_C_5] 25.0
[2026.02.13-11.56.54:292][524]LogBlueprintUserMessages: [BP_Spider_C_5] 10.0
[2026.02.13-11.56.54:374][529]LogBlueprintUserMessages: [BP_Spider_C_5] -5.0
[2026.02.13-11.56.58:142][755]LogBlueprintUserMessages: [BP_Spider_C_7] 85.0
[2026.02.13-11.56.58:226][760]LogBlueprintUserMessages: [BP_Spider_C_7] 70.0
[2026.02.13-11.56.58:309][765]LogBlueprintUserMessages: [BP_Spider_C_7] 55.0
[2026.02.13-11.56.58:392][770]LogBlueprintUserMessages: [BP_Spider_C_7] 40.0
[2026.02.13-11.56.58:475][775]LogBlueprintUserMessages: [BP_Spider_C_7] 25.0
[2026.02.13-11.56.58:543][779]LogBlueprintUserMessages: [BP_Spider_C_7] 10.0
[2026.02.13-11.56.58:625][784]LogBlueprintUserMessages: [BP_Spider_C_7] -5.0
[2026.02.13-11.57.00:746][911]LogBlueprintUserMessages: [Gun_DMG_TEST_2] 865.0
[2026.02.13-11.57.00:826][916]LogBlueprintUserMessages: [Gun_DMG_TEST_2] 850.0
[2026.02.13-11.57.00:910][921]LogBlueprintUserMessages: [Gun_DMG_TEST_2] 835.0
[2026.02.13-11.57.00:994][926]LogBlueprintUserMessages: [BP_Spider_C_8] 85.0
[2026.02.13-11.57.01:077][931]LogBlueprintUserMessages: [BP_Spider_C_8] 70.0
[2026.02.13-11.57.01:143][935]LogBlueprintUserMessages: [BP_Spider_C_8] 55.0
[2026.02.13-11.57.01:227][940]LogBlueprintUserMessages: [BP_Spider_C_8] 40.0
[2026.02.13-11.57.01:310][945]LogBlueprintUserMessages: [BP_Spider_C_8] 25.0
[2026.02.13-11.57.01:393][950]LogBlueprintUserMessages: [BP_Spider_C_8] 10.0
[2026.02.13-11.57.01:477][955]LogBlueprintUserMessages: [BP_Spider_C_8] -5.0
[2026.02.13-11.57.01:793][974]LogBlueprintUserMessages: [Gun_DMG_TEST_2] 820.0
[2026.02.13-11.57.01:877][979]LogBlueprintUserMessages: [Gun_DMG_TEST_2] 805.0
[2026.02.13-11.57.02:193][998]LogBlueprintUserMessages: [BP_Spider_C_9] 85.0
[2026.02.13-11.57.02:276][  3]LogBlueprintUserMessages: [BP_Spider_C_9] 70.0
[2026.02.13-11.57.02:342][  7]LogBlueprintUserMessages: [BP_Spider_C_9] 55.0
[2026.02.13-11.57.02:427][ 12]LogBlueprintUserMessages: [BP_Spider_C_9] 40.0
[2026.02.13-11.57.02:510][ 17]LogBlueprintUserMessages: [BP_Spider_C_9] 25.0
[2026.02.13-11.57.02:593][ 22]LogBlueprintUserMessages: [BP_Spider_C_9] 10.0
[2026.02.13-11.57.02:677][ 27]LogBlueprintUserMessages: [BP_Spider_C_9] -5.0
[2026.02.13-11.57.04:614][143]LogBlueprintUserMessages: [Gun_DMG_TEST_2] 790.0
[2026.02.13-11.57.05:260][182]LogBlueprintUserMessages: [BP_Spider_C_10] 85.0
[2026.02.13-11.57.05:344][187]LogBlueprintUserMessages: [BP_Spider_C_10] 70.0
[2026.02.13-11.57.05:409][191]LogBlueprintUserMessages: [BP_Spider_C_10] 55.0
[2026.02.13-11.57.05:493][196]LogBlueprintUserMessages: [BP_Spider_C_10] 40.0
[2026.02.13-11.57.05:577][201]LogBlueprintUserMessages: [BP_Spider_C_10] 25.0
[2026.02.13-11.57.05:660][206]LogBlueprintUserMessages: [BP_Spider_C_10] 10.0
[2026.02.13-11.57.05:744][211]LogBlueprintUserMessages: [BP_Spider_C_10] -5.0
[2026.02.13-11.57.07:714][329]LogBlueprintUserMessages: [Gun_DMG_TEST_2] 775.0
[2026.02.13-11.57.07:794][334]LogBlueprintUserMessages: [Gun_DMG_TEST_2] 760.0
[2026.02.13-11.57.07:877][339]LogBlueprintUserMessages: [BP_Spider_C_11] 85.0
[2026.02.13-11.57.07:960][344]LogBlueprintUserMessages: [BP_Spider_C_11] 70.0
[2026.02.13-11.57.08:044][349]LogBlueprintUserMessages: [BP_Spider_C_11] 55.0
[2026.02.13-11.57.08:677][387]LogBlueprintUserMessages: [BP_Spider_C_11] 40.0
[2026.02.13-11.57.08:760][392]LogBlueprintUserMessages: [BP_Spider_C_11] 25.0
[2026.02.13-11.57.08:844][397]LogBlueprintUserMessages: [BP_Spider_C_11] 10.0
[2026.02.13-11.57.08:910][401]LogBlueprintUserMessages: [BP_Spider_C_11] -5.0
[2026.02.13-11.57.12:760][632]LogBlueprintUserMessages: [BP_Spider_C_12] 85.0
[2026.02.13-11.57.12:844][637]LogBlueprintUserMessages: [BP_Spider_C_12] 70.0
[2026.02.13-11.57.12:927][642]LogBlueprintUserMessages: [BP_Spider_C_12] 55.0
[2026.02.13-11.57.13:010][647]LogBlueprintUserMessages: [BP_Spider_C_12] 40.0
[2026.02.13-11.57.13:077][651]LogBlueprintUserMessages: [BP_Spider_C_12] 25.0
[2026.02.13-11.57.13:162][656]LogBlueprintUserMessages: [BP_Spider_C_12] 10.0
[2026.02.13-11.57.13:246][661]LogBlueprintUserMessages: [BP_Spider_C_12] -5.0
[2026.02.13-11.57.13:995][706]LogBlueprintUserMessages: [BP_Spider_C_13] 85.0
[2026.02.13-11.57.14:078][711]LogBlueprintUserMessages: [BP_Spider_C_13] 70.0
[2026.02.13-11.57.14:162][716]LogBlueprintUserMessages: [BP_Spider_C_13] 55.0
[2026.02.13-11.57.14:245][721]LogBlueprintUserMessages: [BP_Spider_C_13] 40.0
[2026.02.13-11.57.14:312][725]LogBlueprintUserMessages: [BP_Spider_C_13] 25.0
[2026.02.13-11.57.14:395][730]LogBlueprintUserMessages: [BP_Spider_C_13] 10.0
[2026.02.13-11.57.14:479][735]LogBlueprintUserMessages: [BP_Spider_C_13] -5.0
[2026.02.13-11.57.16:930][881]LogBlueprintUserMessages: [BP_Spider_C_14] 85.0
[2026.02.13-11.57.17:013][886]LogBlueprintUserMessages: [BP_Spider_C_14] 70.0
[2026.02.13-11.57.17:097][891]LogBlueprintUserMessages: [BP_Spider_C_14] 55.0
[2026.02.13-11.57.17:180][896]LogBlueprintUserMessages: [BP_Spider_C_14] 40.0
[2026.02.13-11.57.17:247][900]LogBlueprintUserMessages: [BP_Spider_C_14] 25.0
[2026.02.13-11.57.17:331][905]LogBlueprintUserMessages: [BP_Spider_C_14] 10.0
[2026.02.13-11.57.17:413][910]LogBlueprintUserMessages: [BP_Spider_C_14] -5.0
[2026.02.13-11.57.21:948][182]LogBlueprintUserMessages: [BP_Spider_C_15] 85.0
[2026.02.13-11.57.22:031][187]LogBlueprintUserMessages: [BP_Spider_C_15] 70.0
[2026.02.13-11.57.22:114][192]LogBlueprintUserMessages: [BP_Spider_C_15] 55.0
[2026.02.13-11.57.22:197][197]LogBlueprintUserMessages: [BP_Spider_C_15] 40.0
[2026.02.13-11.57.22:265][201]LogBlueprintUserMessages: [BP_Spider_C_15] 25.0
[2026.02.13-11.57.22:347][206]LogBlueprintUserMessages: [BP_Spider_C_15] 10.0
[2026.02.13-11.57.22:430][211]LogBlueprintUserMessages: [BP_Spider_C_15] -5.0
[2026.02.13-11.57.22:915][240]LogBlueprintUserMessages: [Gun_DMG_TEST_2] 745.0
[2026.02.13-11.57.22:997][245]LogBlueprintUserMessages: [Gun_DMG_TEST_2] 730.0
[2026.02.13-11.57.23:065][249]LogBlueprintUserMessages: [BP_Spider_C_16] 85.0
[2026.02.13-11.57.23:148][254]LogBlueprintUserMessages: [BP_Spider_C_16] 70.0
[2026.02.13-11.57.23:231][259]LogBlueprintUserMessages: [BP_Spider_C_16] 55.0
[2026.02.13-11.57.23:314][264]LogBlueprintUserMessages: [BP_Spider_C_16] 40.0
[2026.02.13-11.57.23:397][269]LogBlueprintUserMessages: [BP_Spider_C_16] 25.0
[2026.02.13-11.57.23:464][273]LogBlueprintUserMessages: [BP_Spider_C_16] 10.0
[2026.02.13-11.57.23:547][278]LogBlueprintUserMessages: [BP_Spider_C_16] -5.0
[2026.02.13-11.57.26:183][436]LogBlueprintUserMessages: [BP_Spider_C_17] 85.0
[2026.02.13-11.57.26:264][441]LogBlueprintUserMessages: [BP_Spider_C_17] 70.0
[2026.02.13-11.57.26:347][446]LogBlueprintUserMessages: [BP_Spider_C_17] 55.0
[2026.02.13-11.57.26:430][451]LogBlueprintUserMessages: [BP_Spider_C_17] 40.0
[2026.02.13-11.57.26:514][456]LogBlueprintUserMessages: [BP_Spider_C_17] 25.0
[2026.02.13-11.57.26:580][460]LogBlueprintUserMessages: [BP_Spider_C_17] 10.0
[2026.02.13-11.57.26:664][465]LogBlueprintUserMessages: [BP_Spider_C_17] -5.0
[2026.02.13-11.57.29:050][608]LogBlueprintUserMessages: [BP_Spider_C_18] 85.0
[2026.02.13-11.57.29:132][613]LogBlueprintUserMessages: [BP_Spider_C_18] 70.0
[2026.02.13-11.57.29:214][618]LogBlueprintUserMessages: [BP_Spider_C_18] 55.0
[2026.02.13-11.57.29:297][623]LogBlueprintUserMessages: [BP_Spider_C_18] 40.0
[2026.02.13-11.57.29:381][628]LogBlueprintUserMessages: [BP_Spider_C_18] 25.0
[2026.02.13-11.57.29:448][632]LogBlueprintUserMessages: [BP_Spider_C_18] 10.0
[2026.02.13-11.57.29:530][637]LogBlueprintUserMessages: [BP_Spider_C_18] -5.0
[2026.02.13-11.57.31:914][780]LogBlueprintUserMessages: [BP_Spider_C_19] 85.0
[2026.02.13-11.57.31:998][785]LogBlueprintUserMessages: [BP_Spider_C_19] 70.0
[2026.02.13-11.57.32:081][790]LogBlueprintUserMessages: [BP_Spider_C_19] 55.0
[2026.02.13-11.57.32:164][795]LogBlueprintUserMessages: [BP_Spider_C_19] 40.0
[2026.02.13-11.57.32:231][799]LogBlueprintUserMessages: [BP_Spider_C_19] 25.0
[2026.02.13-11.57.32:314][804]LogBlueprintUserMessages: [BP_Spider_C_19] 10.0
[2026.02.13-11.57.32:398][809]LogBlueprintUserMessages: [BP_Spider_C_19] -5.0
[2026.02.13-11.57.35:052][968]LogBlueprintUserMessages: [Gun_DMG_TEST_2] 715.0
[2026.02.13-11.57.35:134][973]LogBlueprintUserMessages: [BP_Spider_C_20] 85.0
[2026.02.13-11.57.35:216][978]LogBlueprintUserMessages: [BP_Spider_C_20] 70.0
[2026.02.13-11.57.35:300][983]LogBlueprintUserMessages: [BP_Spider_C_20] 55.0
[2026.02.13-11.57.35:384][988]LogBlueprintUserMessages: [BP_Spider_C_20] 40.0
[2026.02.13-11.57.35:450][992]LogBlueprintUserMessages: [BP_Spider_C_20] 25.0
[2026.02.13-11.57.35:533][997]LogBlueprintUserMessages: [BP_Spider_C_20] 10.0
[2026.02.13-11.57.35:617][  2]LogBlueprintUserMessages: [BP_Spider_C_20] -5.0
[2026.02.13-11.57.37:967][143]LogBlueprintUserMessages: [BP_Spider_C_21] 85.0
[2026.02.13-11.57.38:050][148]LogBlueprintUserMessages: [BP_Spider_C_21] 70.0
[2026.02.13-11.57.38:135][153]LogBlueprintUserMessages: [BP_Spider_C_21] 55.0
[2026.02.13-11.57.38:202][157]LogBlueprintUserMessages: [BP_Spider_C_21] 40.0
[2026.02.13-11.57.38:284][162]LogBlueprintUserMessages: [BP_Spider_C_21] 25.0
[2026.02.13-11.57.38:368][167]LogBlueprintUserMessages: [BP_Spider_C_21] 10.0
[2026.02.13-11.57.38:452][172]LogBlueprintUserMessages: [BP_Spider_C_21] -5.0
[2026.02.13-11.57.40:235][279]LogBlueprintUserMessages: [Gun_DMG_TEST_2] 700.0
[2026.02.13-11.57.40:319][284]LogBlueprintUserMessages: [Gun_DMG_TEST_2] 685.0
[2026.02.13-11.57.40:402][289]LogBlueprintUserMessages: [Gun_DMG_TEST_2] 670.0
[2026.02.13-11.57.40:485][294]LogBlueprintUserMessages: [Gun_DMG_TEST_2] 655.0
[2026.02.13-11.57.40:552][298]LogBlueprintUserMessages: [Gun_DMG_TEST_2] 640.0
[2026.02.13-11.57.40:635][303]LogBlueprintUserMessages: [Gun_DMG_TEST_2] 625.0
[2026.02.13-11.57.40:719][308]LogBlueprintUserMessages: [Gun_DMG_TEST_2] 610.0
[2026.02.13-11.57.41:002][325]LogBlueprintUserMessages: [BP_Spider_C_22] 85.0
[2026.02.13-11.57.41:086][330]LogBlueprintUserMessages: [BP_Spider_C_22] 70.0
[2026.02.13-11.57.41:168][335]LogBlueprintUserMessages: [BP_Spider_C_22] 55.0
[2026.02.13-11.57.41:252][340]LogBlueprintUserMessages: [BP_Spider_C_22] 40.0
[2026.02.13-11.57.41:319][344]LogBlueprintUserMessages: [BP_Spider_C_22] 25.0
[2026.02.13-11.57.41:402][349]LogBlueprintUserMessages: [BP_Spider_C_22] 10.0
[2026.02.13-11.57.41:485][354]LogBlueprintUserMessages: [BP_Spider_C_22] -5.0
[2026.02.13-11.57.42:055][388]LogBlueprintUserMessages: [Gun_DMG_TEST_2] 595.0
[2026.02.13-11.57.42:134][393]LogBlueprintUserMessages: [Gun_DMG_TEST_2] 580.0
[2026.02.13-11.57.42:219][398]LogBlueprintUserMessages: [Gun_DMG_TEST_2] 565.0
[2026.02.13-11.57.42:302][403]LogBlueprintUserMessages: [Gun_DMG_TEST_2] 550.0
[2026.02.13-11.57.42:386][408]LogBlueprintUserMessages: [Gun_DMG_TEST_2] 535.0
[2026.02.13-11.57.42:453][412]LogBlueprintUserMessages: [Gun_DMG_TEST_2] 520.0
[2026.02.13-11.57.42:535][417]LogBlueprintUserMessages: [Gun_DMG_TEST_2] 505.0
[2026.02.13-11.57.42:620][422]LogBlueprintUserMessages: [Gun_DMG_TEST_2] 490.0
[2026.02.13-11.57.42:702][427]LogBlueprintUserMessages: [Gun_DMG_TEST_2] 475.0
[2026.02.13-11.57.42:786][432]LogBlueprintUserMessages: [Gun_DMG_TEST_2] 460.0
[2026.02.13-11.57.42:852][436]LogBlueprintUserMessages: [Gun_DMG_TEST_2] 445.0
[2026.02.13-11.57.42:935][441]LogBlueprintUserMessages: [Gun_DMG_TEST_2] 430.0
[2026.02.13-11.57.43:019][446]LogBlueprintUserMessages: [Gun_DMG_TEST_2] 415.0
[2026.02.13-11.57.43:101][451]LogBlueprintUserMessages: [Gun_DMG_TEST_2] 400.0
[2026.02.13-11.57.43:185][456]LogBlueprintUserMessages: [Gun_DMG_TEST_2] 385.0
[2026.02.13-11.57.43:252][460]LogBlueprintUserMessages: [Gun_DMG_TEST_2] 370.0
[2026.02.13-11.57.43:335][465]LogBlueprintUserMessages: [Gun_DMG_TEST_2] 355.0
[2026.02.13-11.57.43:419][470]LogBlueprintUserMessages: [Gun_DMG_TEST_2] 340.0
[2026.02.13-11.57.43:502][475]LogBlueprintUserMessages: [Gun_DMG_TEST_2] 325.0
[2026.02.13-11.57.44:069][509]LogBlueprintUserMessages: [BP_Spider_C_23] 85.0
[2026.02.13-11.57.44:153][514]LogBlueprintUserMessages: [BP_Spider_C_23] 70.0
[2026.02.13-11.57.44:235][519]LogBlueprintUserMessages: [BP_Spider_C_23] 55.0
[2026.02.13-11.57.44:302][523]LogBlueprintUserMessages: [BP_Spider_C_23] 40.0
[2026.02.13-11.57.44:385][528]LogBlueprintUserMessages: [BP_Spider_C_23] 25.0
[2026.02.13-11.57.44:469][533]LogBlueprintUserMessages: [BP_Spider_C_23] 10.0
[2026.02.13-11.57.44:552][538]LogBlueprintUserMessages: [BP_Spider_C_23] -5.0
[2026.02.13-11.57.45:121][572]LogBlueprintUserMessages: [Gun_DMG_TEST_2] 310.0
[2026.02.13-11.57.45:202][577]LogBlueprintUserMessages: [Gun_DMG_TEST_2] 295.0
[2026.02.13-11.57.45:285][582]LogBlueprintUserMessages: [Gun_DMG_TEST_2] 280.0
[2026.02.13-11.57.45:369][587]LogBlueprintUserMessages: [Gun_DMG_TEST_2] 265.0
[2026.02.13-11.57.45:453][592]LogBlueprintUserMessages: [Gun_DMG_TEST_2] 250.0
[2026.02.13-11.57.45:519][596]LogBlueprintUserMessages: [Gun_DMG_TEST_2] 235.0
[2026.02.13-11.57.45:602][601]LogBlueprintUserMessages: [Gun_DMG_TEST_2] 220.0
[2026.02.13-11.57.45:685][606]LogBlueprintUserMessages: [Gun_DMG_TEST_2] 205.0
[2026.02.13-11.57.45:768][611]LogBlueprintUserMessages: [Gun_DMG_TEST_2] 190.0
[2026.02.13-11.57.45:852][616]LogBlueprintUserMessages: [Gun_DMG_TEST_2] 175.0
[2026.02.13-11.57.45:918][620]LogBlueprintUserMessages: [Gun_DMG_TEST_2] 160.0
[2026.02.13-11.57.46:002][625]LogBlueprintUserMessages: [Gun_DMG_TEST_2] 145.0
[2026.02.13-11.57.46:086][630]LogBlueprintUserMessages: [Gun_DMG_TEST_2] 130.0
[2026.02.13-11.57.46:169][635]LogBlueprintUserMessages: [Gun_DMG_TEST_2] 115.0
[2026.02.13-11.57.46:253][640]LogBlueprintUserMessages: [Gun_DMG_TEST_2] 100.0
[2026.02.13-11.57.46:319][644]LogBlueprintUserMessages: [Gun_DMG_TEST_2] 85.0
[2026.02.13-11.57.46:402][649]LogBlueprintUserMessages: [Gun_DMG_TEST_2] 70.0
[2026.02.13-11.57.46:486][654]LogBlueprintUserMessages: [Gun_DMG_TEST_2] 55.0
[2026.02.13-11.57.46:568][659]LogBlueprintUserMessages: [Gun_DMG_TEST_2] 40.0
[2026.02.13-11.57.46:652][664]LogBlueprintUserMessages: [Gun_DMG_TEST_2] 25.0
[2026.02.13-11.57.46:805][673]LogBlueprintUserMessages: [BP_Spider_C_24] 85.0
[2026.02.13-11.57.47:052][688]LogBlueprintUserMessages: [BP_Spider_C_24] 70.0
[2026.02.13-11.57.47:135][693]LogBlueprintUserMessages: [BP_Spider_C_24] 55.0
[2026.02.13-11.57.47:202][697]LogBlueprintUserMessages: [BP_Spider_C_24] 40.0
[2026.02.13-11.57.47:286][702]LogBlueprintUserMessages: [BP_Spider_C_24] 25.0
[2026.02.13-11.57.47:369][707]LogBlueprintUserMessages: [BP_Spider_C_24] 10.0
[2026.02.13-11.57.47:453][712]LogBlueprintUserMessages: [BP_Spider_C_24] -5.0
[2026.02.13-11.57.51:789][972]LogBlueprintUserMessages: [Gun_DMG_TEST_2] 10.0
[2026.02.13-11.57.51:871][977]LogBlueprintUserMessages: [Gun_DMG_TEST_2] -5.0
[2026.02.13-11.57.52:036][987]LogBlueprintUserMessages: [BP_Spider_C_25] 85.0
[2026.02.13-11.57.52:120][992]LogBlueprintUserMessages: [BP_Spider_C_25] 70.0
[2026.02.13-11.57.52:187][996]LogBlueprintUserMessages: [BP_Spider_C_25] 55.0
[2026.02.13-11.57.52:271][  1]LogBlueprintUserMessages: [BP_Spider_C_25] 40.0
[2026.02.13-11.57.52:353][  6]LogBlueprintUserMessages: [BP_Spider_C_25] 25.0
[2026.02.13-11.57.52:437][ 11]LogBlueprintUserMessages: [BP_Spider_C_25] 10.0
[2026.02.13-11.57.52:521][ 16]LogBlueprintUserMessages: [BP_Spider_C_25] -5.0
[2026.02.13-11.57.54:905][159]LogBlueprintUserMessages: [BP_Spider_C_26] 85.0
[2026.02.13-11.57.54:987][164]LogBlueprintUserMessages: [BP_Spider_C_26] 70.0
[2026.02.13-11.57.55:070][169]LogBlueprintUserMessages: [BP_Spider_C_26] 55.0
[2026.02.13-11.57.55:154][174]LogBlueprintUserMessages: [BP_Spider_C_26] 40.0
[2026.02.13-11.57.55:238][179]LogBlueprintUserMessages: [BP_Spider_C_26] 25.0
[2026.02.13-11.57.55:304][183]LogBlueprintUserMessages: [BP_Spider_C_26] 10.0
[2026.02.13-11.57.55:386][188]LogBlueprintUserMessages: [BP_Spider_C_26] -5.0
[2026.02.13-11.57.56:037][227]LogBlueprintUserMessages: [BP_Spider_C_27] 85.0
[2026.02.13-11.57.56:104][231]LogBlueprintUserMessages: [BP_Spider_C_27] 70.0
[2026.02.13-11.57.56:271][241]LogBlueprintUserMessages: [BP_Spider_C_27] 55.0
[2026.02.13-11.57.56:354][246]LogBlueprintUserMessages: [BP_Spider_C_27] 40.0
[2026.02.13-11.57.56:437][251]LogBlueprintUserMessages: [BP_Spider_C_27] 25.0
[2026.02.13-11.57.56:504][255]LogBlueprintUserMessages: [BP_Spider_C_27] 10.0
[2026.02.13-11.57.56:587][260]LogBlueprintUserMessages: [BP_Spider_C_27] -5.0
[2026.02.13-11.57.58:037][347]LogBlueprintUserMessages: [Gun_DMG_TEST_2] -20.0
[2026.02.13-11.57.58:105][351]LogBlueprintUserMessages: [Gun_DMG_TEST_2] -35.0
[2026.02.13-11.57.58:187][356]LogBlueprintUserMessages: [Gun_DMG_TEST_2] -50.0
[2026.02.13-11.57.58:270][361]LogBlueprintUserMessages: [Gun_DMG_TEST_2] -65.0
[2026.02.13-11.57.58:354][366]LogBlueprintUserMessages: [Gun_DMG_TEST_2] -80.0
[2026.02.13-11.57.58:437][371]LogBlueprintUserMessages: [Gun_DMG_TEST_2] -95.0
[2026.02.13-11.57.58:504][375]LogBlueprintUserMessages: [Gun_DMG_TEST_2] -110.0
[2026.02.13-11.57.58:588][380]LogBlueprintUserMessages: [Gun_DMG_TEST_2] -125.0
[2026.02.13-11.57.58:670][385]LogBlueprintUserMessages: [Gun_DMG_TEST_2] -140.0
[2026.02.13-11.57.59:155][414]LogBlueprintUserMessages: [BP_Spider_C_28] 85.0
[2026.02.13-11.57.59:238][419]LogBlueprintUserMessages: [BP_Spider_C_28] 70.0
[2026.02.13-11.57.59:304][423]LogBlueprintUserMessages: [BP_Spider_C_28] 55.0
[2026.02.13-11.57.59:387][428]LogBlueprintUserMessages: [BP_Spider_C_28] 40.0
[2026.02.13-11.57.59:471][433]LogBlueprintUserMessages: [BP_Spider_C_28] 25.0
[2026.02.13-11.57.59:555][438]LogBlueprintUserMessages: [BP_Spider_C_28] 10.0
[2026.02.13-11.57.59:638][443]LogBlueprintUserMessages: [BP_Spider_C_28] -5.0
[2026.02.13-11.58.00:839][515]LogBlueprintUserMessages: [Gun_DMG_TEST_2] -155.0
[2026.02.13-11.58.00:905][519]LogBlueprintUserMessages: [Gun_DMG_TEST_2] -170.0
[2026.02.13-11.58.00:988][524]LogBlueprintUserMessages: [Gun_DMG_TEST_2] -185.0
[2026.02.13-11.58.01:071][529]LogBlueprintUserMessages: [Gun_DMG_TEST_2] -200.0
[2026.02.13-11.58.01:154][534]LogBlueprintUserMessages: [Gun_DMG_TEST_2] -215.0
[2026.02.13-11.58.01:238][539]LogBlueprintUserMessages: [Gun_DMG_TEST_2] -230.0
[2026.02.13-11.58.01:305][543]LogBlueprintUserMessages: [Gun_DMG_TEST_2] -245.0
[2026.02.13-11.58.01:387][548]LogBlueprintUserMessages: [Gun_DMG_TEST_2] -260.0
[2026.02.13-11.58.01:471][553]LogBlueprintUserMessages: [Gun_DMG_TEST_2] -275.0
[2026.02.13-11.58.01:554][558]LogBlueprintUserMessages: [Gun_DMG_TEST_2] -290.0
[2026.02.13-11.58.01:638][563]LogBlueprintUserMessages: [Gun_DMG_TEST_2] -305.0
[2026.02.13-11.58.01:705][567]LogBlueprintUserMessages: [Gun_DMG_TEST_2] -320.0
[2026.02.13-11.58.01:787][572]LogBlueprintUserMessages: [Gun_DMG_TEST_2] -335.0
[2026.02.13-11.58.01:871][577]LogBlueprintUserMessages: [Gun_DMG_TEST_2] -350.0
[2026.02.13-11.58.01:954][582]LogBlueprintUserMessages: [Gun_DMG_TEST_2] -365.0
[2026.02.13-11.58.02:105][591]LogBlueprintUserMessages: [BP_Spider_C_29] 85.0
[2026.02.13-11.58.02:188][596]LogBlueprintUserMessages: [BP_Spider_C_29] 70.0
[2026.02.13-11.58.02:270][601]LogBlueprintUserMessages: [BP_Spider_C_29] 55.0
[2026.02.13-11.58.02:355][606]LogBlueprintUserMessages: [BP_Spider_C_29] 40.0
[2026.02.13-11.58.02:438][611]LogBlueprintUserMessages: [BP_Spider_C_29] 25.0
[2026.02.13-11.58.02:505][615]LogBlueprintUserMessages: [BP_Spider_C_29] 10.0
[2026.02.13-11.58.02:588][620]LogBlueprintUserMessages: [BP_Spider_C_29] -5.0
[2026.02.13-11.58.02:905][639]LogBlueprintUserMessages: [Gun_DMG_TEST_2] -380.0
[2026.02.13-11.58.02:987][644]LogBlueprintUserMessages: [Gun_DMG_TEST_2] -395.0
[2026.02.13-11.58.03:070][649]LogBlueprintUserMessages: [Gun_DMG_TEST_2] -410.0
[2026.02.13-11.58.03:155][654]LogBlueprintUserMessages: [Gun_DMG_TEST_2] -425.0
[2026.02.13-11.58.03:238][659]LogBlueprintUserMessages: [Gun_DMG_TEST_2] -440.0
[2026.02.13-11.58.03:304][663]LogBlueprintUserMessages: [Gun_DMG_TEST_2] -455.0
[2026.02.13-11.58.03:388][668]LogBlueprintUserMessages: [Gun_DMG_TEST_2] -470.0
[2026.02.13-11.58.03:471][673]LogBlueprintUserMessages: [Gun_DMG_TEST_2] -485.0
[2026.02.13-11.58.03:554][678]LogBlueprintUserMessages: [Gun_DMG_TEST_2] -500.0
[2026.02.13-11.58.03:638][683]LogBlueprintUserMessages: [Gun_DMG_TEST_2] -515.0
[2026.02.13-11.58.03:704][687]LogBlueprintUserMessages: [Gun_DMG_TEST_2] -530.0
[2026.02.13-11.58.03:787][692]LogBlueprintUserMessages: [Gun_DMG_TEST_2] -545.0
[2026.02.13-11.58.03:872][697]LogBlueprintUserMessages: [Gun_DMG_TEST_2] -560.0
[2026.02.13-11.58.03:955][702]LogBlueprintUserMessages: [Gun_DMG_TEST_2] -575.0
[2026.02.13-11.58.04:038][707]LogBlueprintUserMessages: [Gun_DMG_TEST_2] -590.0
[2026.02.13-11.58.04:104][711]LogBlueprintUserMessages: [Gun_DMG_TEST_2] -605.0
[2026.02.13-11.58.04:188][716]LogBlueprintUserMessages: [Gun_DMG_TEST_2] -620.0
[2026.02.13-11.58.04:271][721]LogBlueprintUserMessages: [Gun_DMG_TEST_2] -635.0
[2026.02.13-11.58.04:354][726]LogBlueprintUserMessages: [Gun_DMG_TEST_2] -650.0
[2026.02.13-11.58.04:438][731]LogBlueprintUserMessages: [Gun_DMG_TEST_2] -665.0
[2026.02.13-11.58.04:504][735]LogBlueprintUserMessages: [Gun_DMG_TEST_2] -680.0
[2026.02.13-11.58.04:588][740]LogBlueprintUserMessages: [Gun_DMG_TEST_2] -695.0
[2026.02.13-11.58.04:671][745]LogBlueprintUserMessages: [Gun_DMG_TEST_2] -710.0
[2026.02.13-11.58.04:755][750]LogBlueprintUserMessages: [Gun_DMG_TEST_2] -725.0
[2026.02.13-11.58.04:838][755]LogBlueprintUserMessages: [Gun_DMG_TEST_2] -740.0
[2026.02.13-11.58.04:904][759]LogBlueprintUserMessages: [Gun_DMG_TEST_2] -755.0
[2026.02.13-11.58.04:988][764]LogBlueprintUserMessages: [Gun_DMG_TEST_2] -770.0
[2026.02.13-11.58.05:154][774]LogBlueprintUserMessages: [BP_Spider_C_30] 85.0
[2026.02.13-11.58.05:239][779]LogBlueprintUserMessages: [BP_Spider_C_30] 70.0
[2026.02.13-11.58.05:305][783]LogBlueprintUserMessages: [BP_Spider_C_30] 55.0
[2026.02.13-11.58.05:387][788]LogBlueprintUserMessages: [BP_Spider_C_30] 40.0
[2026.02.13-11.58.05:471][793]LogBlueprintUserMessages: [BP_Spider_C_30] 25.0
[2026.02.13-11.58.05:555][798]LogBlueprintUserMessages: [BP_Spider_C_30] 10.0
[2026.02.13-11.58.05:639][803]LogBlueprintUserMessages: [BP_Spider_C_30] -5.0
[2026.02.13-11.58.07:885][935]LogSlate: Updating window title bar state: overlay mode, drag disabled, window buttons hidden, title bar hidden
[2026.02.13-11.58.07:885][935]LogWorld: BeginTearingDown for /Game/Levels/UEDPIE_0_Main
[2026.02.13-11.58.07:885][935]LogWorld: UWorld::CleanupWorld for Main, bSessionEnded=true, bCleanupResources=true
[2026.02.13-11.58.07:886][935]LogSlate: InvalidateAllWidgets triggered.  All widgets were invalidated
[2026.02.13-11.58.07:905][935]LogPlayLevel: Display: Shutting down PIE online subsystems
[2026.02.13-11.58.07:925][935]LogSlate: InvalidateAllWidgets triggered.  All widgets were invalidated
[2026.02.13-11.58.07:949][935]LogSlate: Updating window title bar state: overlay mode, drag disabled, window buttons hidden, title bar hidden
[2026.02.13-11.58.07:949][935]LogAudioMixer: FMixerPlatformXAudio2::StopAudioStream() called
[2026.02.13-11.58.07:950][935]LogAudioMixer: FMixerPlatformXAudio2::StopAudioStream() called
[2026.02.13-11.58.07:957][935]LogUObjectHash: Compacting FUObjectHashTables data took   1.80ms
[2026.02.13-11.58.07:978][936]LogPlayLevel: Display: Destroying online subsystem :Context_43
[2026.02.13-11.58.19:116][601]LogAssetEditorSubsystem: Opening Asset editor for Blueprint /Game/BluePrintClass/BP_GameMode_01.BP_GameMode_01
[2026.02.13-11.58.27:229][ 72]LogSlate: Prevented a slow task dialog from being summoned while a context menu was open
[2026.02.13-11.58.27:250][ 72]LogEditorClassViewer: Warning: Class /Engine/Tutorial/InWorldBlueprintEditing/TutorialAssets/IWBE_Blutility.IWBE_Blutility_C has parent /Script/Blutility.PlacedEditorUtilityBase, but this parent is not found. The Class will not be shown in ClassViewer.
[2026.02.13-11.59.55:147][329]LogUObjectHash: Compacting FUObjectHashTables data took   1.84ms
[2026.02.13-11.59.55:194][329]LogSavePackage: Moving '../../../../../Repozytoria/UE 4.27/KZ_TopDownShooter/TopDownAC/Saved/Main_Auto52C37D96044E409CA14A98192C3911094.tmp' to '../../../../../Repozytoria/UE 4.27/KZ_TopDownShooter/TopDownAC/Saved/Autosaves/Game/Levels/Main_Auto5.umap'
[2026.02.13-11.59.55:195][329]LogFileHelpers: Editor autosave (incl. external actors) for '/Game/Levels/Main' took 0.069
[2026.02.13-11.59.55:195][329]LogFileHelpers: Editor autosave (incl. sublevels & external actors) for all levels took 0.069
[2026.02.13-11.59.55:196][329]OBJ SavePackage: Generating thumbnails for [0] asset(s) in package [/Game/BluePrintClass/BP_GameMode_01] ([2] browsable assets)...
[2026.02.13-11.59.55:196][329]OBJ SavePackage: Finished generating thumbnails for package [/Game/BluePrintClass/BP_GameMode_01]
[2026.02.13-11.59.55:212][329]LogSavePackage: Moving '../../../../../Repozytoria/UE 4.27/KZ_TopDownShooter/TopDownAC/Saved/BP_GameMode_01_Auto5817E0CC94CA09B64CDF6F58B4D381B8C.tmp' to '../../../../../Repozytoria/UE 4.27/KZ_TopDownShooter/TopDownAC/Saved/Autosaves/Game/BluePrintClass/BP_GameMode_01_Auto5.uasset'
[2026.02.13-11.59.55:215][329]OBJ SavePackage: Generating thumbnails for [2] asset(s) in package [/Game/BluePrintClass/Gun_DMG_TEST] ([2] browsable assets)...
[2026.02.13-11.59.55:232][329]OBJ SavePackage:     Rendered thumbnail for [Blueprint /Game/BluePrintClass/Gun_DMG_TEST.Gun_DMG_TEST]
[2026.02.13-11.59.55:232][329]OBJ SavePackage: Finished generating thumbnails for package [/Game/BluePrintClass/Gun_DMG_TEST]
[2026.02.13-11.59.55:243][329]LogSavePackage: Moving '../../../../../Repozytoria/UE 4.27/KZ_TopDownShooter/TopDownAC/Saved/Gun_DMG_TEST_Auto532E7EB5546639458BF593D92B33B123E.tmp' to '../../../../../Repozytoria/UE 4.27/KZ_TopDownShooter/TopDownAC/Saved/Autosaves/Game/BluePrintClass/Gun_DMG_TEST_Auto5.uasset'
[2026.02.13-11.59.55:244][329]LogFileHelpers: Auto-saving content packages took 0.049
[2026.02.13-12.03.49:727][283]Cmd: OBJ SAVEPACKAGE PACKAGE="/Game/BluePrintClass/BP_GameMode_01" FILE="../../../../../Repozytoria/UE 4.27/KZ_TopDownShooter/TopDownAC/Content/BluePrintClass/BP_GameMode_01.uasset" SILENT=true
[2026.02.13-12.03.49:754][283]LogSavePackage: Moving '../../../../../Repozytoria/UE 4.27/KZ_TopDownShooter/TopDownAC/Saved/BP_GameMode_01AA414F4A4AE8B13D81E6A0B639486492.tmp' to '../../../../../Repozytoria/UE 4.27/KZ_TopDownShooter/TopDownAC/Content/BluePrintClass/BP_GameMode_01.uasset'
[2026.02.13-12.03.49:766][283]AssetCheck: New page: Asset Save: BP_GameMode_01
[2026.02.13-12.03.49:766][283]LogContentValidation: Display: Validating Blueprint /Game/BluePrintClass/BP_GameMode_01.BP_GameMode_01
[2026.02.13-12.03.52:438][443]LogUObjectHash: Compacting FUObjectHashTables data took   1.87ms
[2026.02.13-12.03.54:617][443]LogSlate: Window 'Save Content' being destroyed
[2026.02.13-12.03.54:669][443]Cmd: OBJ SAVEPACKAGE PACKAGE="/Game/BluePrintClass/BP_GameMode_01" FILE="../../../../../Repozytoria/UE 4.27/KZ_TopDownShooter/TopDownAC/Content/BluePrintClass/BP_GameMode_01.uasset" SILENT=true
[2026.02.13-12.03.54:686][443]LogSavePackage: Moving '../../../../../Repozytoria/UE 4.27/KZ_TopDownShooter/TopDownAC/Saved/BP_GameMode_0198CAA81C4C9D59DB04AF778F32E054BE.tmp' to '../../../../../Repozytoria/UE 4.27/KZ_TopDownShooter/TopDownAC/Content/BluePrintClass/BP_GameMode_01.uasset'
[2026.02.13-12.03.54:687][443]Cmd: OBJ SAVEPACKAGE PACKAGE="/Game/BluePrintClass/BP_PLAYER" FILE="../../../../../Repozytoria/UE 4.27/KZ_TopDownShooter/TopDownAC/Content/BluePrintClass/BP_PLAYER.uasset" SILENT=true
[2026.02.13-12.03.54:717][443]LogSavePackage: Moving '../../../../../Repozytoria/UE 4.27/KZ_TopDownShooter/TopDownAC/Saved/BP_PLAYER711081244D9C418F6CC8F4A38848565F.tmp' to '../../../../../Repozytoria/UE 4.27/KZ_TopDownShooter/TopDownAC/Content/BluePrintClass/BP_PLAYER.uasset'
[2026.02.13-12.03.54:718][443]Cmd: OBJ SAVEPACKAGE PACKAGE="/Game/BluePrintClass/BP_Spider" FILE="../../../../../Repozytoria/UE 4.27/KZ_TopDownShooter/TopDownAC/Content/BluePrintClass/BP_Spider.uasset" SILENT=true
[2026.02.13-12.03.54:743][443]LogSavePackage: Moving '../../../../../Repozytoria/UE 4.27/KZ_TopDownShooter/TopDownAC/Saved/BP_SpiderF8E1F62C4657DC46FD4EA5A5DEF2275B.tmp' to '../../../../../Repozytoria/UE 4.27/KZ_TopDownShooter/TopDownAC/Content/BluePrintClass/BP_Spider.uasset'
[2026.02.13-12.03.54:744][443]Cmd: OBJ SAVEPACKAGE PACKAGE="/Game/BluePrintClass/Gun_DMG_TEST" FILE="../../../../../Repozytoria/UE 4.27/KZ_TopDownShooter/TopDownAC/Content/BluePrintClass/Gun_DMG_TEST.uasset" SILENT=true
[2026.02.13-12.03.54:748][443]LogSavePackage: Moving '../../../../../Repozytoria/UE 4.27/KZ_TopDownShooter/TopDownAC/Saved/Gun_DMG_TEST4A98C0044841667179BCE68C8F51E443.tmp' to '../../../../../Repozytoria/UE 4.27/KZ_TopDownShooter/TopDownAC/Content/BluePrintClass/Gun_DMG_TEST.uasset'
[2026.02.13-12.03.54:749][443]Cmd: OBJ SAVEPACKAGE PACKAGE="/Game/Levels/Main" FILE="../../../../../Repozytoria/UE 4.27/KZ_TopDownShooter/TopDownAC/Content/Levels/Main.umap" SILENT=true AUTOSAVING=false KEEPDIRTY=false
[2026.02.13-12.03.54:761][443]LogUObjectHash: Compacting FUObjectHashTables data took   0.38ms
[2026.02.13-12.03.54:767][443]LogSavePackage: Moving '../../../../../Repozytoria/UE 4.27/KZ_TopDownShooter/TopDownAC/Saved/Main660082FE42BE55F72375719A23494DF2.tmp' to '../../../../../Repozytoria/UE 4.27/KZ_TopDownShooter/TopDownAC/Content/Levels/Main.umap'
[2026.02.13-12.03.54:785][443]LogFileHelpers: Saving map 'Main' took 0.036
[2026.02.13-12.03.54:785][443]Cmd: OBJ SAVEPACKAGE PACKAGE="/Game/BluePrintClass/W_PlayerHUD" FILE="../../../../../Repozytoria/UE 4.27/KZ_TopDownShooter/TopDownAC/Content/BluePrintClass/W_PlayerHUD.uasset" SILENT=true
[2026.02.13-12.03.54:793][443]LogSavePackage: Moving '../../../../../Repozytoria/UE 4.27/KZ_TopDownShooter/TopDownAC/Saved/W_PlayerHUD0A5336FA4C606F8E90F02AA5450B6707.tmp' to '../../../../../Repozytoria/UE 4.27/KZ_TopDownShooter/TopDownAC/Content/BluePrintClass/W_PlayerHUD.uasset'
[2026.02.13-12.03.54:817][443]LogWorld: UWorld::CleanupWorld for World_14, bSessionEnded=true, bCleanupResources=true
[2026.02.13-12.03.54:817][443]LogSlate: InvalidateAllWidgets triggered.  All widgets were invalidated
[2026.02.13-12.03.54:851][443]LogActorComponent: UnregisterComponent: (/Engine/Transient.EditorFloorComp) Not registered. Aborting.
[2026.02.13-12.03.54:851][443]LogWorld: UWorld::CleanupWorld for World_15, bSessionEnded=true, bCleanupResources=true
[2026.02.13-12.03.54:851][443]LogSlate: InvalidateAllWidgets triggered.  All widgets were invalidated
[2026.02.13-12.03.54:912][443]LogSlate: Window 'TopDownAC - Unreal Editor' being destroyed
[2026.02.13-12.03.55:029][443]AssetCheck: New page: Asset Save: multiple assets
[2026.02.13-12.03.55:029][443]LogContentValidation: Display: Validating Blueprint /Game/BluePrintClass/BP_PLAYER.BP_PLAYER
[2026.02.13-12.03.55:029][443]LogContentValidation: Display: Validating WidgetBlueprint /Game/BluePrintClass/W_PlayerHUD.W_PlayerHUD
[2026.02.13-12.03.55:029][443]LogContentValidation: Display: Validating Blueprint /Game/BluePrintClass/BP_GameMode_01.BP_GameMode_01
[2026.02.13-12.03.55:030][443]LogContentValidation: Display: Validating Blueprint /Game/BluePrintClass/BP_Spider.BP_Spider
[2026.02.13-12.03.55:030][443]LogContentValidation: Display: Validating World /Game/Levels/Main.Main
[2026.02.13-12.03.55:030][443]LogContentValidation: Display: Validating Blueprint /Game/BluePrintClass/Gun_DMG_TEST.Gun_DMG_TEST
[2026.02.13-12.03.55:031][444]Cmd: QUIT_EDITOR
[2026.02.13-12.03.55:031][444]LogCore: Engine exit requested (reason: UUnrealEdEngine::CloseEditor())
[2026.02.13-12.03.55:035][444]LogCore: Engine exit requested (reason: EngineExit() was called; note: exit was already requested)
[2026.02.13-12.03.55:462][444]LogAudio: Display: Beginning Audio Device Manager Shutdown (Module: AudioMixerXAudio2)...
[2026.02.13-12.03.55:462][444]LogAudio: Display: Destroying 1 Remaining Audio Device(s)...
[2026.02.13-12.03.55:462][444]LogAudio: Display: Audio Device unregistered from world 'Main'.
[2026.02.13-12.03.55:462][444]LogAudioMixer: FMixerPlatformXAudio2::StopAudioStream() called
[2026.02.13-12.03.55:464][444]LogAudioMixer: FMixerPlatformXAudio2::StopAudioStream() called
[2026.02.13-12.03.55:468][444]LogAudio: Display: Audio Device Manager Shutdown
[2026.02.13-12.03.55:477][444]LogExit: Preparing to exit.
[2026.02.13-12.03.55:983][444]LogUObjectHash: Compacting FUObjectHashTables data took   4.86ms
[2026.02.13-12.03.56:087][444]LogWorld: UWorld::CleanupWorld for World_6, bSessionEnded=true, bCleanupResources=true
[2026.02.13-12.03.56:091][444]LogWorld: UWorld::CleanupWorld for World_7, bSessionEnded=true, bCleanupResources=true
[2026.02.13-12.03.56:097][444]LogWorld: UWorld::CleanupWorld for World_0, bSessionEnded=true, bCleanupResources=true
[2026.02.13-12.03.56:101][444]LogWorld: UWorld::CleanupWorld for World_1, bSessionEnded=true, bCleanupResources=true
[2026.02.13-12.03.56:106][444]LogWorld: UWorld::CleanupWorld for World_13, bSessionEnded=true, bCleanupResources=true
[2026.02.13-12.03.56:110][444]LogWorld: UWorld::CleanupWorld for World_10, bSessionEnded=true, bCleanupResources=true
[2026.02.13-12.03.56:115][444]LogWorld: UWorld::CleanupWorld for World_9, bSessionEnded=true, bCleanupResources=true
[2026.02.13-12.03.56:119][444]LogWorld: UWorld::CleanupWorld for World_12, bSessionEnded=true, bCleanupResources=true
[2026.02.13-12.03.56:124][444]LogWorld: UWorld::CleanupWorld for World_11, bSessionEnded=true, bCleanupResources=true
[2026.02.13-12.03.56:216][444]LogDirectoryWatcher: Display: A directory notification failed, and we were unable to create a new request. GetLastError code [6] Handle [FFFFFFFFFFFFFFFF], Path [D:/Repozytoria/UE 4.27/KZ_TopDownShooter/TopDownAC/Content/] 
[2026.02.13-12.03.56:251][444]LogWorld: UWorld::CleanupWorld for None, bSessionEnded=true, bCleanupResources=true
[2026.02.13-12.03.56:251][444]LogExit: Editor shut down
[2026.02.13-12.03.56:289][444]LogDemo: Cleaned up 0 splitscreen connections with owner deletion
[2026.02.13-12.03.56:305][444]LogExit: Transaction tracking system shut down
[2026.02.13-12.03.56:872][444]LogExit: Object subsystem successfully closed.
[2026.02.13-12.03.57:117][444]LogShaderCompilers: Display: === FShaderJobCache stats ===
[2026.02.13-12.03.57:117][444]LogShaderCompilers: Display: Total job queries 0, among them cache hits 0 (0.00%)
[2026.02.13-12.03.57:117][444]LogShaderCompilers: Display: Tracking 0 distinct input hashes that result in 0 distinct outputs (0.00%)
[2026.02.13-12.03.57:117][444]LogShaderCompilers: Display: RAM used: 0.00 MB (0.00 GB) of 1638.40 MB (1.60 GB) budget. Usage: 0.00%
[2026.02.13-12.03.57:117][444]LogShaderCompilers: Display: ================================================
[2026.02.13-12.03.57:136][444]LogShaderCompilers: Display: Shaders left to compile 0
[2026.02.13-12.03.57:171][444]LogModuleManager: Shutting down and abandoning module SequencerWidgets (878)
[2026.02.13-12.03.57:171][444]LogModuleManager: Shutting down and abandoning module BlueprintGraph (876)
[2026.02.13-12.03.57:171][444]LogModuleManager: Shutting down and abandoning module MovieSceneCapture (874)
[2026.02.13-12.03.57:171][444]LogModuleManager: Shutting down and abandoning module Voice (872)
[2026.02.13-12.03.57:172][444]LogModuleManager: Shutting down and abandoning module HierarchicalLODOutliner (870)
[2026.02.13-12.03.57:172][444]LogModuleManager: Shutting down and abandoning module AddContentDialog (868)
[2026.02.13-12.03.57:173][444]LogModuleManager: Shutting down and abandoning module WidgetCarousel (867)
[2026.02.13-12.03.57:174][444]LogModuleManager: Shutting down and abandoning module EditorWidgets (864)
[2026.02.13-12.03.57:174][444]LogModuleManager: Shutting down and abandoning module SceneOutliner (862)
[2026.02.13-12.03.57:174][444]LogModuleManager: Shutting down and abandoning module StatsViewer (860)
[2026.02.13-12.03.57:174][444]LogModuleManager: Shutting down and abandoning module PIEPreviewDeviceProfileSelector (858)
[2026.02.13-12.03.57:174][444]LogModuleManager: Shutting down and abandoning module SequenceRecorderSections (856)
[2026.02.13-12.03.57:174][444]LogModuleManager: Shutting down and abandoning module AutomationWorker (854)
[2026.02.13-12.03.57:174][444]LogModuleManager: Shutting down and abandoning module SteamVREditor (852)
[2026.02.13-12.03.57:174][444]LogModuleManager: Shutting down and abandoning module OculusMR (850)
[2026.02.13-12.03.57:174][444]LogModuleManager: Shutting down and abandoning module TakeRecorderSources (848)
[2026.02.13-12.03.57:174][444]LogModuleManager: Shutting down and abandoning module TakeRecorder (847)
[2026.02.13-12.03.57:174][444]LogModuleManager: Shutting down and abandoning module TakeTrackRecorders (844)
[2026.02.13-12.03.57:174][444]LogModuleManager: Shutting down and abandoning module TakesCore (842)
[2026.02.13-12.03.57:174][444]LogModuleManager: Shutting down and abandoning module OpenXRInput (840)
[2026.02.13-12.03.57:174][444]LogModuleManager: Shutting down and abandoning module GooglePADEditor (838)
[2026.02.13-12.03.57:174][444]LogModuleManager: Shutting down and abandoning module AudioCaptureEditor (836)
[2026.02.13-12.03.57:174][444]LogModuleManager: Shutting down and abandoning module MediaPlayerEditor (834)
[2026.02.13-12.03.57:175][444]LogModuleManager: Shutting down and abandoning module TemplateSequenceEditor (832)
[2026.02.13-12.03.57:175][444]LogModuleManager: Shutting down and abandoning module WmfMediaFactory (830)
[2026.02.13-12.03.57:175][444]LogModuleManager: Shutting down and abandoning module WmfMediaEditor (828)
[2026.02.13-12.03.57:175][444]LogModuleManager: Shutting down and abandoning module LevelSequenceEditor (826)
[2026.02.13-12.03.57:175][444]LogModuleManager: Shutting down and abandoning module MatineeToLevelSequence (824)
[2026.02.13-12.03.57:175][444]LogModuleManager: Shutting down and abandoning module ActorSequenceEditor (822)
[2026.02.13-12.03.57:175][444]LogModuleManager: Shutting down and abandoning module WebMMediaFactory (820)
[2026.02.13-12.03.57:175][444]LogModuleManager: Shutting down and abandoning module WebMMediaEditor (818)
[2026.02.13-12.03.57:175][444]LogModuleManager: Shutting down and abandoning module WebMMedia (816)
[2026.02.13-12.03.57:175][444]LogModuleManager: Shutting down and abandoning module MagicLeapMediaCodecFactory (814)
[2026.02.13-12.03.57:175][444]LogModuleManager: Shutting down and abandoning module MagicLeapMediaFactory (812)
[2026.02.13-12.03.57:175][444]LogModuleManager: Shutting down and abandoning module MagicLeapMediaEditor (810)
[2026.02.13-12.03.57:175][444]LogModuleManager: Shutting down and abandoning module MediaCompositingEditor (808)
[2026.02.13-12.03.57:175][444]LogModuleManager: Shutting down and abandoning module SequenceRecorder (807)
[2026.02.13-12.03.57:175][444]LogModuleManager: Shutting down and abandoning module OpenExrWrapper (804)
[2026.02.13-12.03.57:175][444]LogModuleManager: Shutting down and abandoning module ImgMediaFactory (802)
[2026.02.13-12.03.57:175][444]LogModuleManager: Shutting down and abandoning module ImgMediaEditor (800)
[2026.02.13-12.03.57:175][444]LogModuleManager: Shutting down and abandoning module AvfMediaFactory (798)
[2026.02.13-12.03.57:175][444]LogModuleManager: Shutting down and abandoning module AvfMediaEditor (796)
[2026.02.13-12.03.57:175][444]LogModuleManager: Shutting down and abandoning module AndroidMediaFactory (794)
[2026.02.13-12.03.57:175][444]LogModuleManager: Shutting down and abandoning module AndroidMediaEditor (792)
[2026.02.13-12.03.57:175][444]LogModuleManager: Shutting down and abandoning module PlanarCut (790)
[2026.02.13-12.03.57:175][444]LogModuleManager: Shutting down and abandoning module CharacterAI (788)
[2026.02.13-12.03.57:175][444]LogModuleManager: Shutting down and abandoning module TextureAlignMode (786)
[2026.02.13-12.03.57:176][444]LogModuleManager: Shutting down and abandoning module BspMode (784)
[2026.02.13-12.03.57:176][444]LogModuleManager: Shutting down and abandoning module GeometryMode (782)
[2026.02.13-12.03.57:176][444]LogModuleManager: Shutting down and abandoning module CameraShakePreviewer (780)
[2026.02.13-12.03.57:176][444]LogModuleManager: Shutting down and abandoning module SmartSnapping (778)
[2026.02.13-12.03.57:176][444]LogModuleManager: Shutting down and abandoning module SessionServices (776)
[2026.02.13-12.03.57:176][444]LogModuleManager: Shutting down and abandoning module MeshPaint (774)
[2026.02.13-12.03.57:176][444]LogModuleManager: Shutting down and abandoning module VirtualTexturingEditor (772)
[2026.02.13-12.03.57:176][444]LogModuleManager: Shutting down and abandoning module FoliageEdit (770)
[2026.02.13-12.03.57:176][444]LogModuleManager: Shutting down and abandoning module LandscapeEditor (768)
[2026.02.13-12.03.57:176][444]LogModuleManager: Shutting down and abandoning module MeshPaintMode (766)
[2026.02.13-12.03.57:176][444]LogModuleManager: Shutting down and abandoning module SceneDepthPickerMode (764)
[2026.02.13-12.03.57:176][444]LogModuleManager: Shutting down and abandoning module ActorPickerMode (762)
[2026.02.13-12.03.57:176][444]LogModuleManager: Shutting down and abandoning module PlacementMode (760)
[2026.02.13-12.03.57:177][444]LogModuleManager: Shutting down and abandoning module ViewportSnapping (758)
[2026.02.13-12.03.57:177][444]LogModuleManager: Shutting down and abandoning module ViewportInteraction (756)
[2026.02.13-12.03.57:177][444]LogModuleManager: Shutting down and abandoning module ClothPainter (754)
[2026.02.13-12.03.57:177][444]LogModuleManager: Shutting down and abandoning module SkeletalMeshEditor (753)
[2026.02.13-12.03.57:177][444]LogModuleManager: Shutting down and abandoning module LogVisualizer (750)
[2026.02.13-12.03.57:178][444]LogModuleManager: Shutting down and abandoning module IntroTutorials (748)
[2026.02.13-12.03.57:178][444]LogModuleManager: Shutting down and abandoning module GameProjectGeneration (747)
[2026.02.13-12.03.57:178][444]LogModuleManager: Shutting down and abandoning module LuminPlatformEditor (744)
[2026.02.13-12.03.57:178][444]LogModuleManager: Shutting down and abandoning module IOSPlatformEditor (742)
[2026.02.13-12.03.57:178][444]LogModuleManager: Shutting down and abandoning module AndroidPlatformEditor (740)
[2026.02.13-12.03.57:178][444]LogModuleManager: Shutting down and abandoning module AndroidDeviceDetection (739)
[2026.02.13-12.03.58:411][444]LogModuleManager: Shutting down and abandoning module WindowsPlatformEditor (736)
[2026.02.13-12.03.58:411][444]LogModuleManager: Shutting down and abandoning module LuminRuntimeSettings (734)
[2026.02.13-12.03.58:411][444]LogModuleManager: Shutting down and abandoning module IOSRuntimeSettings (732)
[2026.02.13-12.03.58:411][444]LogModuleManager: Shutting down and abandoning module AndroidRuntimeSettings (730)
[2026.02.13-12.03.58:412][444]LogModuleManager: Shutting down and abandoning module TraceInsights (728)
[2026.02.13-12.03.58:412][444]MemoryProfiler: Shutdown
[2026.02.13-12.03.58:412][444]NetworkingProfiler: Shutdown
[2026.02.13-12.03.58:412][444]LoadingProfiler: Shutdown
[2026.02.13-12.03.58:412][444]TimingProfiler: Shutdown
[2026.02.13-12.03.58:412][444]LogModuleManager: Shutting down and abandoning module TraceServices (727)
[2026.02.13-12.03.58:412][444]LogModuleManager: Shutting down and abandoning module EditorInteractiveToolsFramework (724)
[2026.02.13-12.03.58:412][444]LogModuleManager: Shutting down and abandoning module TimeManagementEditor (722)
[2026.02.13-12.03.58:412][444]LogModuleManager: Shutting down and abandoning module InputBindingEditor (720)
[2026.02.13-12.03.58:412][444]LogModuleManager: Shutting down and abandoning module MergeActors (718)
[2026.02.13-12.03.58:412][444]LogModuleManager: Shutting down and abandoning module LocalizationDashboard (716)
[2026.02.13-12.03.58:412][444]LogModuleManager: Shutting down and abandoning module LocalizationService (715)
[2026.02.13-12.03.58:412][444]LogModuleManager: Shutting down and abandoning module HardwareTargeting (712)
[2026.02.13-12.03.58:412][444]LogModuleManager: Shutting down and abandoning module DeviceProfileEditor (710)
[2026.02.13-12.03.58:412][444]LogModuleManager: Shutting down and abandoning module UndoHistory (708)
[2026.02.13-12.03.58:413][444]LogModuleManager: Shutting down and abandoning module XmlParser (706)
[2026.02.13-12.03.58:413][444]LogModuleManager: Shutting down and abandoning module Blutility (704)
[2026.02.13-12.03.58:413][444]LogModuleManager: Shutting down and abandoning module ProjectSettingsViewer (702)
[2026.02.13-12.03.58:413][444]LogModuleManager: Shutting down and abandoning module ProjectTargetPlatformEditor (701)
[2026.02.13-12.03.58:413][444]LogModuleManager: Shutting down and abandoning module EditorSettingsViewer (698)
[2026.02.13-12.03.58:413][444]LogModuleManager: Shutting down and abandoning module InternationalizationSettings (697)
[2026.02.13-12.03.58:413][444]LogModuleManager: Shutting down and abandoning module SettingsEditor (694)
[2026.02.13-12.03.58:413][444]LogModuleManager: Shutting down and abandoning module ProjectLauncher (692)
[2026.02.13-12.03.58:413][444]LogModuleManager: Shutting down and abandoning module SessionFrontend (690)
[2026.02.13-12.03.58:413][444]LogModuleManager: Shutting down and abandoning module ProfilerClient (688)
[2026.02.13-12.03.58:413][444]LogModuleManager: Shutting down and abandoning module DeviceManager (686)
[2026.02.13-12.03.58:413][444]LogModuleManager: Shutting down and abandoning module TargetDeviceServices (685)
[2026.02.13-12.03.58:447][444]LogModuleManager: Shutting down and abandoning module AutomationController (682)
[2026.02.13-12.03.58:447][444]LogModuleManager: Shutting down and abandoning module AutomationWindow (680)
[2026.02.13-12.03.58:447][444]LogModuleManager: Shutting down and abandoning module Layers (678)
[2026.02.13-12.03.58:447][444]LogModuleManager: Shutting down and abandoning module ComponentVisualizers (676)
[2026.02.13-12.03.58:447][444]LogModuleManager: Shutting down and abandoning module DetailCustomizations (674)
[2026.02.13-12.03.58:447][444]LogModuleManager: Shutting down and abandoning module PackagesDialog (672)
[2026.02.13-12.03.58:448][444]LogModuleManager: Shutting down and abandoning module AnimationBlueprintEditor (670)
[2026.02.13-12.03.58:448][444]LogModuleManager: Shutting down and abandoning module Persona (668)
[2026.02.13-12.03.58:448][444]LogModuleManager: Shutting down and abandoning module AdvancedPreviewScene (667)
[2026.02.13-12.03.58:448][444]LogModuleManager: Shutting down and abandoning module AnimGraph (665)
[2026.02.13-12.03.58:448][444]LogModuleManager: Shutting down and abandoning module Kismet (662)
[2026.02.13-12.03.58:463][444]LogModuleManager: Shutting down and abandoning module KismetWidgets (661)
[2026.02.13-12.03.58:464][444]LogModuleManager: Shutting down and abandoning module GraphEditor (658)
[2026.02.13-12.03.58:464][444]LogModuleManager: Shutting down and abandoning module StructViewer (656)
[2026.02.13-12.03.58:464][444]LogModuleManager: Shutting down and abandoning module ClassViewer (654)
[2026.02.13-12.03.58:467][444]LogModuleManager: Shutting down and abandoning module Toolbox (652)
[2026.02.13-12.03.58:467][444]LogModuleManager: Shutting down and abandoning module ModuleUI (650)
[2026.02.13-12.03.58:467][444]LogModuleManager: Shutting down and abandoning module OutputLog (648)
[2026.02.13-12.03.58:469][444]LogModuleManager: Shutting down and abandoning module GammaUI (646)
[2026.02.13-12.03.58:469][444]LogModuleManager: Shutting down and abandoning module Documentation (644)
[2026.02.13-12.03.58:470][444]LogModuleManager: Shutting down and abandoning module LiveCoding (642)
[2026.02.13-12.03.58:470][444]LogModuleManager: Shutting down and abandoning module LevelSequence (640)
[2026.02.13-12.03.58:470][444]LogModuleManager: Shutting down and abandoning module MovieSceneTracks (638)
[2026.02.13-12.03.58:470][444]LogModuleManager: Shutting down and abandoning module MovieScene (636)
[2026.02.13-12.03.58:470][444]LogModuleManager: Shutting down and abandoning module StreamingPauseRendering (634)
[2026.02.13-12.03.58:470][444]LogModuleManager: Shutting down and abandoning module LauncherPlatform (632)
[2026.02.13-12.03.58:470][444]LogModuleManager: Shutting down and abandoning module AnalyticsET (630)
[2026.02.13-12.03.58:470][444]LogModuleManager: Shutting down and abandoning module PortalServices (628)
[2026.02.13-12.03.58:470][444]LogModuleManager: Shutting down and abandoning module PortalRpc (626)
[2026.02.13-12.03.58:470][444]LogModuleManager: Shutting down and abandoning module MessagingRpc (624)
[2026.02.13-12.03.58:470][444]LogModuleManager: Shutting down and abandoning module AudioMixerXAudio2 (622)
[2026.02.13-12.03.58:470][444]LogModuleManager: Shutting down and abandoning module AudioMixerCore (621)
[2026.02.13-12.03.58:470][444]LogModuleManager: Shutting down and abandoning module AIModule (618)
[2026.02.13-12.03.58:470][444]LogModuleManager: Shutting down and abandoning module GameplayDebugger (617)
[2026.02.13-12.03.58:470][444]LogModuleManager: Shutting down and abandoning module AITestSuite (615)
[2026.02.13-12.03.58:470][444]LogModuleManager: Shutting down and abandoning module NavigationSystem (613)
[2026.02.13-12.03.58:470][444]LogModuleManager: Shutting down and abandoning module ImageWriteQueue (610)
[2026.02.13-12.03.58:486][444]LogModuleManager: Shutting down and abandoning module ProfilerService (608)
[2026.02.13-12.03.58:730][444]LogModuleManager: Shutting down and abandoning module TaskGraph (606)
[2026.02.13-12.03.58:730][444]LogModuleManager: Shutting down and abandoning module AudioSynesthesiaEditor (604)
[2026.02.13-12.03.58:730][444]LogModuleManager: Shutting down and abandoning module OculusEditor (602)
[2026.02.13-12.03.58:730][444]LogModuleManager: Shutting down and abandoning module OculusInput (600)
[2026.02.13-12.03.58:730][444]LogModuleManager: Shutting down and abandoning module ContentBrowserAssetDataSource (598)
[2026.02.13-12.03.58:730][444]LogModuleManager: Shutting down and abandoning module ContentBrowserClassDataSource (596)
[2026.02.13-12.03.58:730][444]LogModuleManager: Shutting down and abandoning module CollectionManager (595)
[2026.02.13-12.03.58:731][444]LogModuleManager: Shutting down and abandoning module ContentBrowserFileDataSource (592)
[2026.02.13-12.03.58:731][444]LogModuleManager: Shutting down and abandoning module TakeSequencer (590)
[2026.02.13-12.03.58:731][444]LogModuleManager: Shutting down and abandoning module TakeMovieScene (588)
[2026.02.13-12.03.58:731][444]LogModuleManager: Shutting down and abandoning module VisualStudioSourceCodeAccess (586)
[2026.02.13-12.03.58:731][444]LogModuleManager: Shutting down and abandoning module VisualStudioCodeSourceCodeAccess (584)
[2026.02.13-12.03.58:731][444]LogModuleManager: Shutting down and abandoning module MobilePatchingUtils (582)
[2026.02.13-12.03.58:731][444]LogModuleManager: Shutting down and abandoning module SynthesisEditor (580)
[2026.02.13-12.03.58:731][444]LogModuleManager: Shutting down and abandoning module Synthesis (578)
[2026.02.13-12.03.58:731][444]LogModuleManager: Shutting down and abandoning module ProceduralMeshComponentEditor (576)
[2026.02.13-12.03.58:731][444]LogModuleManager: Shutting down and abandoning module ProceduralMeshComponent (574)
[2026.02.13-12.03.58:731][444]LogModuleManager: Shutting down and abandoning module ScreenshotTools (572)
[2026.02.13-12.03.58:731][444]LogModuleManager: Shutting down and abandoning module OpenXREditor (570)
[2026.02.13-12.03.58:731][444]LogModuleManager: Shutting down and abandoning module GooglePAD (568)
[2026.02.13-12.03.58:731][444]LogModuleManager: Shutting down and abandoning module CustomMeshComponent (566)
[2026.02.13-12.03.58:731][444]LogModuleManager: Shutting down and abandoning module EditableMesh (564)
[2026.02.13-12.03.58:731][444]LogModuleManager: Shutting down and abandoning module ArchVisCharacter (562)
[2026.02.13-12.03.58:731][444]LogModuleManager: Shutting down and abandoning module CableComponent (560)
[2026.02.13-12.03.58:731][444]LogModuleManager: Shutting down and abandoning module AppleImageUtilsBlueprintSupport (558)
[2026.02.13-12.03.58:731][444]LogModuleManager: Shutting down and abandoning module AppleImageUtils (556)
[2026.02.13-12.03.58:731][444]LogModuleManager: Shutting down and abandoning module AudioCapture (554)
[2026.02.13-12.03.58:731][444]LogModuleManager: Shutting down and abandoning module AudioCaptureRtAudio (553)
[2026.02.13-12.03.58:731][444]LogModuleManager: Shutting down and abandoning module AssetTags (550)
[2026.02.13-12.03.58:731][444]LogModuleManager: Shutting down and abandoning module AndroidPermission (548)
[2026.02.13-12.03.58:733][444]LogModuleManager: Shutting down and abandoning module ActorLayerUtilitiesEditor (546)
[2026.02.13-12.03.58:733][444]LogModuleManager: Shutting down and abandoning module ActorLayerUtilities (544)
[2026.02.13-12.03.58:733][444]LogModuleManager: Shutting down and abandoning module NiagaraEditorWidgets (542)
[2026.02.13-12.03.58:733][444]LogModuleManager: Shutting down and abandoning module OpenImageDenoise (540)
[2026.02.13-12.03.58:733][444]LogOpenImageDenoise: OIDN shutting down
[2026.02.13-12.03.58:733][444]LogModuleManager: Shutting down and abandoning module TemplateSequence (538)
[2026.02.13-12.03.58:733][444]LogModuleManager: Shutting down and abandoning module MediaCompositing (536)
[2026.02.13-12.03.58:733][444]LogModuleManager: Shutting down and abandoning module ImgMedia (534)
[2026.02.13-12.03.58:733][444]LogModuleManager: Shutting down and abandoning module MagicLeapSharedWorld (532)
[2026.02.13-12.03.58:733][444]LogModuleManager: Shutting down and abandoning module MagicLeapLightEstimation (530)
[2026.02.13-12.03.58:733][444]LogModuleManager: Shutting down and abandoning module SubversionSourceControl (528)
[2026.02.13-12.03.58:733][444]LogModuleManager: Shutting down and abandoning module RiderSourceCodeAccess (526)
[2026.02.13-12.03.58:733][444]LogModuleManager: Shutting down and abandoning module MagicLeapHelperVulkan (524)
[2026.02.13-12.03.58:733][444]LogModuleManager: Shutting down and abandoning module MagicLeapHelperOpenGL (522)
[2026.02.13-12.03.58:733][444]LogModuleManager: Shutting down and abandoning module MagicLeapAudio (520)
[2026.02.13-12.03.58:733][444]LogModuleManager: Shutting down and abandoning module UObjectPlugin (518)
[2026.02.13-12.03.58:733][444]LogModuleManager: Shutting down and abandoning module PluginUtils (516)
[2026.02.13-12.03.58:733][444]LogModuleManager: Shutting down and abandoning module PlasticSourceControl (514)
[2026.02.13-12.03.58:733][444]LogModuleManager: Shutting down and abandoning module PerforceSourceControl (512)
[2026.02.13-12.03.58:733][444]LogModuleManager: Shutting down and abandoning module CLionSourceCodeAccess (510)
[2026.02.13-12.03.58:733][444]LogModuleManager: Shutting down and abandoning module AnimationSharingEd (508)
[2026.02.13-12.03.58:733][444]LogModuleManager: Shutting down and abandoning module GitSourceControl (506)
[2026.02.13-12.03.58:733][444]LogModuleManager: Shutting down and abandoning module SourceControl (505)
[2026.02.13-12.03.58:733][444]LogModuleManager: Shutting down and abandoning module MotoSynthEditor (502)
[2026.02.13-12.03.58:734][444]LogModuleManager: Shutting down and abandoning module MotoSynth (500)
[2026.02.13-12.03.58:734][444]LogModuleManager: Shutting down and abandoning module VariantManagerContentEditor (498)
[2026.02.13-12.03.58:734][444]LogModuleManager: Shutting down and abandoning module MeshConversion (496)
[2026.02.13-12.03.58:734][444]LogModuleManager: Shutting down and abandoning module DynamicMesh (494)
[2026.02.13-12.03.58:734][444]LogModuleManager: Shutting down and abandoning module GeometryAlgorithms (492)
[2026.02.13-12.03.58:734][444]LogModuleManager: Shutting down and abandoning module GeometricObjects (490)
[2026.02.13-12.03.58:734][444]LogModuleManager: Shutting down and abandoning module GeometryCollectionTracks (488)
[2026.02.13-12.03.58:734][444]LogModuleManager: Shutting down and abandoning module GeometryCollectionSequencer (487)
[2026.02.13-12.03.58:734][444]LogModuleManager: Shutting down and abandoning module GeometryCollectionEditor (484)
[2026.02.13-12.03.58:734][444]LogModuleManager: Shutting down and abandoning module GeometryCacheTracks (482)
[2026.02.13-12.03.58:734][444]LogModuleManager: Shutting down and abandoning module GeometryCacheStreamer (480)
[2026.02.13-12.03.58:734][444]LogModuleManager: Shutting down and abandoning module GeometryCacheSequencer (478)
[2026.02.13-12.03.58:734][444]LogModuleManager: Shutting down and abandoning module DatasmithContentEditor (476)
[2026.02.13-12.03.58:734][444]LogModuleManager: Shutting down and abandoning module FractureEditor (474)
[2026.02.13-12.03.58:734][444]LogModuleManager: Shutting down and abandoning module ChaosSolverEditor (472)
[2026.02.13-12.03.58:734][444]LogModuleManager: Shutting down and abandoning module PluginBrowser (470)
[2026.02.13-12.03.58:734][444]LogModuleManager: Shutting down and abandoning module AlembicImporter (468)
[2026.02.13-12.03.58:734][444]LogModuleManager: Shutting down and abandoning module AlembicLibrary (467)
[2026.02.13-12.03.58:734][444]LogModuleManager: Shutting down and abandoning module GeometryCache (466)
[2026.02.13-12.03.58:734][444]LogModuleManager: Shutting down and abandoning module GeometryCacheEd (465)
[2026.02.13-12.03.58:734][444]LogModuleManager: Shutting down and abandoning module ChaosNiagara (460)
[2026.02.13-12.03.58:734][444]LogModuleManager: Shutting down and abandoning module FieldSystemEngine (459)
[2026.02.13-12.03.58:734][444]LogModuleManager: Shutting down and abandoning module ChaosClothEditor (456)
[2026.02.13-12.03.58:734][444]LogModuleManager: Shutting down and abandoning module AutomationUtilsEditor (454)
[2026.02.13-12.03.58:734][444]LogModuleManager: Shutting down and abandoning module AutomationUtils (452)
[2026.02.13-12.03.58:734][444]LogModuleManager: Shutting down and abandoning module BackChannel (450)
[2026.02.13-12.03.58:734][444]LogModuleManager: Shutting down and abandoning module SpeedTreeImporter (448)
[2026.02.13-12.03.58:734][444]LogModuleManager: Shutting down and abandoning module MobileLauncherProfileWizard (446)
[2026.02.13-12.03.58:734][444]LogModuleManager: Shutting down and abandoning module MaterialAnalyzer (444)
[2026.02.13-12.03.58:735][444]LogModuleManager: Shutting down and abandoning module OodleNetworkHandlerComponent (442)
[2026.02.13-12.03.58:735][444]LogModuleManager: Shutting down and abandoning module CryptoKeysOpenSSL (440)
[2026.02.13-12.03.58:735][444]LogModuleManager: Shutting down and abandoning module CryptoKeys (438)
[2026.02.13-12.03.58:735][444]LogModuleManager: Shutting down and abandoning module CurveEditorTools (436)
[2026.02.13-12.03.58:735][444]LogModuleManager: Shutting down and abandoning module LightPropagationVolumeEditor (434)
[2026.02.13-12.03.58:735][444]LogModuleManager: Shutting down and abandoning module LiveLinkSequencer (432)
[2026.02.13-12.03.58:735][444]LogModuleManager: Shutting down and abandoning module LiveLinkMovieScene (430)
[2026.02.13-12.03.58:735][444]LogModuleManager: Shutting down and abandoning module LiveLinkGraphNode (428)
[2026.02.13-12.03.58:735][444]LogModuleManager: Shutting down and abandoning module LiveLinkEditor (426)
[2026.02.13-12.03.58:735][444]LogModuleManager: Shutting down and abandoning module LiveLinkComponents (424)
[2026.02.13-12.03.58:735][444]LogModuleManager: Shutting down and abandoning module LiveLink (422)
[2026.02.13-12.03.59:565][444]LogModuleManager: Shutting down and abandoning module PaperTiledImporter (420)
[2026.02.13-12.03.59:565][444]LogModuleManager: Shutting down and abandoning module PaperSpriteSheetImporter (418)
[2026.02.13-12.03.59:565][444]LogModuleManager: Shutting down and abandoning module Paper2DEditor (416)
[2026.02.13-12.03.59:565][444]LogModuleManager: Shutting down and abandoning module MeshPaintingToolset (414)
[2026.02.13-12.03.59:565][444]LogModuleManager: Shutting down and abandoning module MeshPaintEditorMode (412)
[2026.02.13-12.03.59:565][444]LogModuleManager: Shutting down and abandoning module RuntimePhysXCooking (410)
[2026.02.13-12.03.59:565][444]LogModuleManager: Shutting down and abandoning module PropertyAccessEditor (408)
[2026.02.13-12.03.59:565][444]LogModuleManager: Shutting down and abandoning module SoundFields (406)
[2026.02.13-12.03.59:566][444]LogModuleManager: Shutting down and abandoning module SignificanceManager (404)
[2026.02.13-12.03.59:566][444]LogModuleManager: Shutting down and abandoning module PhysXVehiclesEditor (402)
[2026.02.13-12.03.59:566][444]LogModuleManager: Shutting down and abandoning module LocationServicesBPLibrary (398)
[2026.02.13-12.03.59:566][444]LogModuleManager: Shutting down and abandoning module AudioSynesthesia (396)
[2026.02.13-12.03.59:566][444]LogModuleManager: Shutting down and abandoning module AudioSynesthesiaCore (394)
[2026.02.13-12.03.59:566][444]LogModuleManager: Shutting down and abandoning module NiagaraAnimNotifies (392)
[2026.02.13-12.03.59:566][444]LogModuleManager: Shutting down and abandoning module Niagara (390)
[2026.02.13-12.03.59:566][444]LogModuleManager: Shutting down and abandoning module SignalProcessing (389)
[2026.02.13-12.03.59:566][444]LogModuleManager: Shutting down and abandoning module NiagaraEditor (387)
[2026.02.13-12.03.59:566][444]LogModuleManager: Shutting down and abandoning module NiagaraCore (384)
[2026.02.13-12.03.59:566][444]LogModuleManager: Shutting down and abandoning module ActorSequence (382)
[2026.02.13-12.03.59:566][444]LogModuleManager: Shutting down and abandoning module TcpMessaging (380)
[2026.02.13-12.03.59:667][444]LogModuleManager: Shutting down and abandoning module UdpMessaging (378)
[2026.02.13-12.03.59:768][444]LogModuleManager: Shutting down and abandoning module ImgMediaEngine (376)
[2026.02.13-12.03.59:768][444]LogModuleManager: Shutting down and abandoning module MagicLeapARPin (374)
[2026.02.13-12.03.59:768][444]LogModuleManager: Shutting down and abandoning module MagicLeapHandMeshing (372)
[2026.02.13-12.03.59:768][444]LogModuleManager: Shutting down and abandoning module MagicLeapSecureStorage (370)
[2026.02.13-12.03.59:768][444]LogModuleManager: Shutting down and abandoning module MagicLeapPrivileges (368)
[2026.02.13-12.03.59:768][444]LogModuleManager: Shutting down and abandoning module MagicLeapPlanes (366)
[2026.02.13-12.03.59:768][444]LogMagicLeapPlanes: Planes tracker already destroyed.
[2026.02.13-12.03.59:768][444]LogModuleManager: Shutting down and abandoning module MagicLeapImageTracker (364)
[2026.02.13-12.03.59:768][444]LogModuleManager: Shutting down and abandoning module MagicLeapIdentity (362)
[2026.02.13-12.03.59:768][444]LogModuleManager: Shutting down and abandoning module MagicLeapHandTracking (360)
[2026.02.13-12.03.59:768][444]LogModuleManager: Shutting down and abandoning module MagicLeapEyeTracker (358)
[2026.02.13-12.03.59:768][444]LogModuleManager: Shutting down and abandoning module MagicLeapController (356)
[2026.02.13-12.03.59:768][444]LogModuleManager: Shutting down and abandoning module MagicLeapARPinImpl (354)
[2026.02.13-12.03.59:768][444]LogModuleManager: Shutting down and abandoning module MagicLeapAR (352)
[2026.02.13-12.03.59:768][444]LogModuleManager: Shutting down and abandoning module PropertyAccessNode (350)
[2026.02.13-12.03.59:768][444]LogModuleManager: Shutting down and abandoning module AnimationSharing (348)
[2026.02.13-12.03.59:768][444]LogModuleManager: Shutting down and abandoning module PythonScriptPlugin (346)
[2026.02.13-12.03.59:768][444]LogModuleManager: Shutting down and abandoning module GameplayTagsEditor (344)
[2026.02.13-12.03.59:768][444]LogModuleManager: Shutting down and abandoning module DataValidation (342)
[2026.02.13-12.03.59:768][444]LogModuleManager: Shutting down and abandoning module FacialAnimationEditor (340)
[2026.02.13-12.03.59:768][444]LogModuleManager: Shutting down and abandoning module FacialAnimation (338)
[2026.02.13-12.03.59:768][444]LogModuleManager: Shutting down and abandoning module AssetManagerEditor (336)
[2026.02.13-12.03.59:769][444]LogModuleManager: Shutting down and abandoning module LevelEditor (335)
[2026.02.13-12.03.59:772][444]LogModuleManager: Shutting down and abandoning module PixelInspectorModule (334)
[2026.02.13-12.03.59:772][444]LogModuleManager: Shutting down and abandoning module CommonMenuExtensions (332)
[2026.02.13-12.03.59:773][444]LogModuleManager: Shutting down and abandoning module MainFrame (330)
[2026.02.13-12.03.59:773][444]LogModuleManager: Shutting down and abandoning module HotReload (329)
[2026.02.13-12.03.59:773][444]LogModuleManager: Shutting down and abandoning module ToolMenus (325)
[2026.02.13-12.03.59:773][444]LogModuleManager: Shutting down and abandoning module ContentBrowser (323)
[2026.02.13-12.03.59:773][444]LogModuleManager: Shutting down and abandoning module ContentBrowserData (322)
[2026.02.13-12.03.59:773][444]LogModuleManager: Shutting down and abandoning module TreeMap (319)
[2026.02.13-12.03.59:773][444]LogModuleManager: Shutting down and abandoning module GameplayCameras (316)
[2026.02.13-12.03.59:773][444]LogModuleManager: Shutting down and abandoning module LightPropagationVolumeRuntime (314)
[2026.02.13-12.03.59:773][444]LogModuleManager: Shutting down and abandoning module EnvironmentQueryEditor (312)
[2026.02.13-12.03.59:773][444]LogModuleManager: Shutting down and abandoning module Paper2D (310)
[2026.02.13-12.03.59:773][444]LogModuleManager: Shutting down and abandoning module WebMMoviePlayer (308)
[2026.02.13-12.03.59:774][444]LogModuleManager: Shutting down and abandoning module WindowsMoviePlayer (306)
[2026.02.13-12.03.59:785][444]LogModuleManager: Shutting down and abandoning module NetworkReplayStreaming (304)
[2026.02.13-12.03.59:785][444]LogModuleManager: Shutting down and abandoning module PacketHandler (302)
[2026.02.13-12.03.59:785][444]LogModuleManager: Shutting down and abandoning module ClothingSystemEditor (300)
[2026.02.13-12.03.59:785][444]LogModuleManager: Shutting down and abandoning module ClothingSystemRuntimeNv (298)
[2026.02.13-12.03.59:786][444]LogModuleManager: Shutting down and abandoning module MediaAssets (296)
[2026.02.13-12.03.59:786][444]LogModuleManager: Shutting down and abandoning module Overlay (294)
[2026.02.13-12.03.59:786][444]LogModuleManager: Shutting down and abandoning module OverlayEditor (293)
[2026.02.13-12.03.59:786][444]LogModuleManager: Shutting down and abandoning module VREditor (290)
[2026.02.13-12.03.59:786][444]LogModuleManager: Shutting down and abandoning module StringTableEditor (288)
[2026.02.13-12.03.59:786][444]LogModuleManager: Shutting down and abandoning module GameplayTasksEditor (286)
[2026.02.13-12.03.59:787][444]LogModuleManager: Shutting down and abandoning module BehaviorTreeEditor (284)
[2026.02.13-12.03.59:787][444]LogModuleManager: Shutting down and abandoning module FunctionalTesting (282)
[2026.02.13-12.03.59:787][444]LogModuleManager: Shutting down and abandoning module CollisionAnalyzer (280)
[2026.02.13-12.03.59:787][444]LogModuleManager: Shutting down and abandoning module WorkspaceMenuStructure (279)
[2026.02.13-12.03.59:787][444]LogModuleManager: Shutting down and abandoning module UMG (276)
[2026.02.13-12.03.59:787][444]LogModuleManager: Shutting down and abandoning module UMGEditor (275)
[2026.02.13-12.03.59:787][444]LogModuleManager: Shutting down and abandoning module MessageLog (273)
[2026.02.13-12.03.59:787][444]LogModuleManager: Shutting down and abandoning module SlateReflector (268)
[2026.02.13-12.03.59:787][444]LogModuleManager: Shutting down and abandoning module Slate (266)
[2026.02.13-12.03.59:787][444]LogModuleManager: Shutting down and abandoning module SlateCore (264)
[2026.02.13-12.03.59:791][444]LogModuleManager: Shutting down and abandoning module LandscapeEditorUtilities (262)
[2026.02.13-12.03.59:791][444]LogModuleManager: Shutting down and abandoning module UnrealEd (260)
[2026.02.13-12.03.59:791][444]LogModuleManager: Shutting down and abandoning module MRMesh (258)
[2026.02.13-12.03.59:791][444]LogModuleManager: Shutting down and abandoning module SourceCodeAccess (256)
[2026.02.13-12.03.59:791][444]LogModuleManager: Shutting down and abandoning module HeadMountedDisplay (254)
[2026.02.13-12.03.59:791][444]LogModuleManager: Shutting down and abandoning module XAudio2 (252)
[2026.02.13-12.03.59:791][444]LogModuleManager: Shutting down and abandoning module Networking (250)
[2026.02.13-12.03.59:791][444]LogModuleManager: Shutting down and abandoning module Core (248)
[2026.02.13-12.03.59:791][444]LogModuleManager: Shutting down and abandoning module MaterialEditor (246)
[2026.02.13-12.03.59:791][444]LogModuleManager: Shutting down and abandoning module MovieSceneTools (244)
[2026.02.13-12.03.59:791][444]LogModuleManager: Shutting down and abandoning module CurveEditor (243)
[2026.02.13-12.03.59:791][444]LogModuleManager: Shutting down and abandoning module Sequencer (241)
[2026.02.13-12.03.59:792][444]LogModuleManager: Shutting down and abandoning module EditorStyle (240)
[2026.02.13-12.03.59:796][444]LogModuleManager: Shutting down and abandoning module KismetCompiler (236)
[2026.02.13-12.03.59:796][444]LogModuleManager: Shutting down and abandoning module MeshBuilder (234)
[2026.02.13-12.03.59:796][444]LogModuleManager: Shutting down and abandoning module MeshUtilities (232)
[2026.02.13-12.03.59:796][444]LogModuleManager: Shutting down and abandoning module MeshMergeUtilities (231)
[2026.02.13-12.03.59:796][444]LogModuleManager: Shutting down and abandoning module MeshReductionInterface (230)
[2026.02.13-12.03.59:796][444]LogModuleManager: Shutting down and abandoning module MeshBoneReduction (229)
[2026.02.13-12.03.59:796][444]LogModuleManager: Shutting down and abandoning module SkeletalMeshReduction (227)
[2026.02.13-12.03.59:797][444]LogModuleManager: Shutting down and abandoning module ProxyLODMeshReduction (225)
[2026.02.13-12.03.59:797][444]LogModuleManager: Shutting down and abandoning module QuadricMeshReduction (223)
[2026.02.13-12.03.59:797][444]LogModuleManager: Shutting down and abandoning module MaterialBaking (219)
[2026.02.13-12.03.59:797][444]LogModuleManager: Shutting down and abandoning module NullInstallBundleManager (214)
[2026.02.13-12.03.59:797][444]LogModuleManager: Shutting down and abandoning module DerivedDataCache (212)
[2026.02.13-12.03.59:797][444]LogModuleManager: Shutting down and abandoning module TargetPlatform (210)
[2026.02.13-12.03.59:797][444]LogModuleManager: Shutting down and abandoning module VulkanShaderFormat (209)
[2026.02.13-12.03.59:798][444]LogModuleManager: Shutting down and abandoning module ShaderFormatVectorVM (207)
[2026.02.13-12.03.59:798][444]LogModuleManager: Shutting down and abandoning module ShaderFormatOpenGL (205)
[2026.02.13-12.03.59:798][444]LogModuleManager: Shutting down and abandoning module ShaderFormatD3D (203)
[2026.02.13-12.03.59:798][444]LogModuleManager: Shutting down and abandoning module MetalShaderFormat (201)
[2026.02.13-12.03.59:798][444]LogModuleManager: Shutting down and abandoning module TextureFormatOodle (199)
[2026.02.13-12.03.59:798][444]LogModuleManager: Shutting down and abandoning module TextureFormatUncompressed (197)
[2026.02.13-12.03.59:798][444]LogModuleManager: Shutting down and abandoning module TextureFormatPVR (195)
[2026.02.13-12.03.59:798][444]LogModuleManager: Shutting down and abandoning module TextureFormatETC2 (193)
[2026.02.13-12.03.59:798][444]LogModuleManager: Shutting down and abandoning module TextureFormatDXT (191)
[2026.02.13-12.03.59:798][444]LogModuleManager: Shutting down and abandoning module TextureFormatIntelISPCTexComp (189)
[2026.02.13-12.03.59:798][444]LogModuleManager: Shutting down and abandoning module TextureFormatASTC (187)
[2026.02.13-12.03.59:798][444]LogModuleManager: Shutting down and abandoning module ImageWrapper (186)
[2026.02.13-12.03.59:799][444]LogModuleManager: Shutting down and abandoning module AudioFormatOpus (183)
[2026.02.13-12.03.59:799][444]LogModuleManager: Shutting down and abandoning module AudioFormatOgg (181)
[2026.02.13-12.03.59:799][444]LogModuleManager: Shutting down and abandoning module AudioFormatADPCM (179)
[2026.02.13-12.03.59:799][444]LogModuleManager: Shutting down and abandoning module WindowsServerTargetPlatform (177)
[2026.02.13-12.03.59:799][444]LogModuleManager: Shutting down and abandoning module WindowsClientTargetPlatform (175)
[2026.02.13-12.03.59:799][444]LogModuleManager: Shutting down and abandoning module WindowsTargetPlatform (173)
[2026.02.13-12.03.59:799][444]LogModuleManager: Shutting down and abandoning module WindowsNoEditorTargetPlatform (171)
[2026.02.13-12.03.59:799][444]LogModuleManager: Shutting down and abandoning module TVOSTargetPlatform (169)
[2026.02.13-12.03.59:803][444]LogModuleManager: Shutting down and abandoning module MacServerTargetPlatform (167)
[2026.02.13-12.03.59:803][444]LogModuleManager: Shutting down and abandoning module MacClientTargetPlatform (165)
[2026.02.13-12.03.59:803][444]LogModuleManager: Shutting down and abandoning module MacTargetPlatform (163)
[2026.02.13-12.03.59:803][444]LogModuleManager: Shutting down and abandoning module MacNoEditorTargetPlatform (161)
[2026.02.13-12.03.59:803][444]LogModuleManager: Shutting down and abandoning module LuminTargetPlatform (159)
[2026.02.13-12.03.59:806][444]LogModuleManager: Shutting down and abandoning module LinuxAArch64ServerTargetPlatform (157)
[2026.02.13-12.03.59:806][444]LogModuleManager: Shutting down and abandoning module LinuxAArch64ClientTargetPlatform (155)
[2026.02.13-12.03.59:806][444]LogModuleManager: Shutting down and abandoning module LinuxAArch64NoEditorTargetPlatform (153)
[2026.02.13-12.03.59:806][444]LogModuleManager: Shutting down and abandoning module LinuxServerTargetPlatform (151)
[2026.02.13-12.03.59:806][444]LogModuleManager: Shutting down and abandoning module LinuxClientTargetPlatform (149)
[2026.02.13-12.03.59:807][444]LogModuleManager: Shutting down and abandoning module LinuxNoEditorTargetPlatform (147)
[2026.02.13-12.03.59:807][444]LogModuleManager: Shutting down and abandoning module LinuxTargetPlatform (145)
[2026.02.13-12.03.59:807][444]LogModuleManager: Shutting down and abandoning module Messaging (143)
[2026.02.13-12.03.59:807][444]LogModuleManager: Shutting down and abandoning module IOSTargetPlatform (141)
[2026.02.13-12.03.59:809][444]LogModuleManager: Shutting down and abandoning module AndroidTargetPlatform (139)
[2026.02.13-12.03.59:824][444]LogModuleManager: Shutting down and abandoning module AllDesktopTargetPlatform (137)
[2026.02.13-12.03.59:824][444]LogModuleManager: Shutting down and abandoning module D3D11RHI (134)
[2026.02.13-12.03.59:824][444]LogModuleManager: Shutting down and abandoning module InputCore (132)
[2026.02.13-12.03.59:824][444]LogModuleManager: Shutting down and abandoning module Settings (130)
[2026.02.13-12.03.59:824][444]LogModuleManager: Shutting down and abandoning module DirectoryWatcher (128)
[2026.02.13-12.03.59:824][444]LogModuleManager: Shutting down and abandoning module PhysXCooking (126)
[2026.02.13-12.03.59:825][444]LogModuleManager: Shutting down and abandoning module Chaos (124)
[2026.02.13-12.03.59:825][444]LogModuleManager: Shutting down and abandoning module WindowsPlatformFeatures (122)
[2026.02.13-12.03.59:825][444]LogModuleManager: Shutting down and abandoning module GameplayMediaEncoder (121)
[2026.02.13-12.03.59:825][444]LogModuleManager: Shutting down and abandoning module AVEncoder (120)
[2026.02.13-12.03.59:825][444]LogModuleManager: Shutting down and abandoning module SteamVRInputDevice (116)
[2026.02.13-12.03.59:825][444]LogModuleManager: Shutting down and abandoning module SteamVRInput (114)
[2026.02.13-12.03.59:825][444]LogModuleManager: Shutting down and abandoning module SteamVR (112)
[2026.02.13-12.03.59:825][444]LogHMD: Freeing OpenVRDLLHandle.
[2026.02.13-12.03.59:825][444]LogModuleManager: Shutting down and abandoning module OculusHMD (110)
[2026.02.13-12.03.59:825][444]LogModuleManager: Shutting down and abandoning module OpenXREyeTracker (108)
[2026.02.13-12.03.59:825][444]LogModuleManager: Shutting down and abandoning module OpenXRHandTracking (106)
[2026.02.13-12.03.59:825][444]LogSlate: Slate User Destroyed.  User Index 0, Is Virtual User: 0
[2026.02.13-12.03.59:826][444]LogModuleManager: Shutting down and abandoning module OpenXRAR (104)
[2026.02.13-12.03.59:826][444]LogModuleManager: Shutting down and abandoning module AugmentedReality (103)
[2026.02.13-12.03.59:826][444]LogModuleManager: Shutting down and abandoning module OpenXRHMD (100)
[2026.02.13-12.03.59:827][444]LogModuleManager: Shutting down and abandoning module ExampleDeviceProfileSelector (98)
[2026.02.13-12.03.59:827][444]LogModuleManager: Shutting down and abandoning module ChunkDownloader (96)
[2026.02.13-12.03.59:827][444]LogModuleManager: Shutting down and abandoning module NiagaraVertexFactories (94)
[2026.02.13-12.03.59:827][444]LogModuleManager: Shutting down and abandoning module NiagaraShader (92)
[2026.02.13-12.03.59:827][444]LogModuleManager: Shutting down and abandoning module OnlineBlueprintSupport (90)
[2026.02.13-12.03.59:827][444]LogModuleManager: Shutting down and abandoning module LauncherChunkInstaller (86)
[2026.02.13-12.03.59:827][444]LogModuleManager: Shutting down and abandoning module OnlineSubsystem (84)
[2026.02.13-12.03.59:828][444]LogModuleManager: Shutting down and abandoning module XMPP (79)
[2026.02.13-12.03.59:828][444]LogModuleManager: Shutting down and abandoning module WebSockets (78)
[2026.02.13-12.03.59:851][444]LogModuleManager: Shutting down and abandoning module HTTP (75)
[2026.02.13-12.03.59:851][444]LogHttp: Display: Http module shutting down, but needs to wait on 1 outstanding Http requests:
[2026.02.13-12.03.59:851][444]LogHttp: Display: 	verb=[POST] url=[https://datarouter.ol.epicgames.com/datarouter/api/v1/public/data?SessionID=%7B908D0E69-4462-3C90-281B-0381D6931648%7D&AppID=UEEditor.Rocket.Release&AppVersion=4.27.2-18319896%2B%2B%2BUE4%2BRelease-4.27&UserID=3eadeb334a09c138a68d60b593878835%7C8c0f7f1633984bb789070dad4917d369%7C97a2f4a2-b958-4fc7-b9dd-dc3998f53197&AppEnvironment=datacollector-binary&UploadType=eteventstream] refs=[1] status=Processing
[2026.02.13-12.03.59:851][444]LogHttp: Display: cleaning up 1 outstanding Http requests.
[2026.02.13-12.03.59:885][444]LogModuleManager: Shutting down and abandoning module SSL (74)
[2026.02.13-12.03.59:888][444]LogModuleManager: Shutting down and abandoning module WmfMedia (70)
[2026.02.13-12.03.59:891][444]LogModuleManager: Shutting down and abandoning module Media (69)
[2026.02.13-12.03.59:894][444]LogModuleManager: Shutting down and abandoning module MediaInfo (68)
[2026.02.13-12.03.59:894][444]LogModuleManager: Shutting down and abandoning module ExrReaderGpu (64)
[2026.02.13-12.03.59:894][444]LogModuleManager: Shutting down and abandoning module MLSDK (62)
[2026.02.13-12.03.59:894][444]LogModuleManager: Shutting down and abandoning module PixWinPlugin (60)
[2026.02.13-12.03.59:894][444]LogModuleManager: Shutting down and abandoning module MagicLeap (58)
[2026.02.13-12.03.59:894][444]LogModuleManager: Shutting down and abandoning module VariantManagerContent (56)
[2026.02.13-12.03.59:894][444]LogModuleManager: Shutting down and abandoning module DatasmithContent (54)
[2026.02.13-12.03.59:895][444]LogModuleManager: Shutting down and abandoning module ChaosCloth (52)
[2026.02.13-12.03.59:895][444]LogModuleManager: Shutting down and abandoning module AISupportModule (50)
[2026.02.13-12.03.59:895][444]LogModuleManager: Shutting down and abandoning module DesktopPlatform (48)
[2026.02.13-12.03.59:895][444]LogModuleManager: Shutting down and abandoning module PlatformCryptoOpenSSL (46)
[2026.02.13-12.03.59:895][444]LogModuleManager: Shutting down and abandoning module PlatformCryptoTypes (44)
[2026.02.13-12.03.59:895][444]LogModuleManager: Shutting down and abandoning module PlatformCrypto (42)
[2026.02.13-12.03.59:895][444]LogModuleManager: Shutting down and abandoning module PythonScriptPluginPreload (40)
[2026.02.13-12.03.59:895][444]LogModuleManager: Shutting down and abandoning module OodleDataCompressionFormat (38)
[2026.02.13-12.03.59:895][444]LogModuleManager: Shutting down and abandoning module XGEController (36)
[2026.02.13-12.03.59:895][444]LogModuleManager: Shutting down and abandoning module AnimationModifiers (34)
[2026.02.13-12.03.59:895][444]LogModuleManager: Shutting down and abandoning module AudioEditor (32)
[2026.02.13-12.03.59:896][444]LogModuleManager: Shutting down and abandoning module PropertyEditor (31)
[2026.02.13-12.03.59:896][444]LogModuleManager: Shutting down and abandoning module TextureCompressor (28)
[2026.02.13-12.03.59:896][444]LogModuleManager: Shutting down and abandoning module RenderCore (26)
[2026.02.13-12.03.59:896][444]LogModuleManager: Shutting down and abandoning module Landscape (24)
[2026.02.13-12.03.59:896][444]LogModuleManager: Shutting down and abandoning module SlateRHIRenderer (22)
[2026.02.13-12.03.59:899][444]LogModuleManager: Shutting down and abandoning module AnimGraphRuntime (20)
[2026.02.13-12.03.59:899][444]LogModuleManager: Shutting down and abandoning module Renderer (18)
[2026.02.13-12.03.59:899][444]LogModuleManager: Shutting down and abandoning module Engine (16)
[2026.02.13-12.03.59:899][444]LogModuleManager: Shutting down and abandoning module CoreUObject (14)
[2026.02.13-12.03.59:899][444]LogModuleManager: Shutting down and abandoning module NetworkFile (12)
[2026.02.13-12.03.59:899][444]LogModuleManager: Shutting down and abandoning module CookedIterativeFile (10)
[2026.02.13-12.03.59:899][444]LogModuleManager: Shutting down and abandoning module StreamingFile (8)
[2026.02.13-12.03.59:899][444]LogModuleManager: Shutting down and abandoning module SandboxFile (6)
[2026.02.13-12.03.59:899][444]LogModuleManager: Shutting down and abandoning module PakFile (4)
[2026.02.13-12.03.59:899][444]LogModuleManager: Shutting down and abandoning module RSA (3)
[2026.02.13-12.03.59:899][444]LogContentStreaming: Display: There are 1 unreleased StreamingManagers
[2026.02.13-12.03.59:995][444]LogD3D11RHI: Shutdown
[2026.02.13-12.03.59:995][444]LogD3D11RHI: CleanupD3DDevice
[2026.02.13-12.04.00:000][444]LogExit: Exiting.
[2026.02.13-12.04.00:018][444]Log file closed, 02/13/26 13:04:00
