Log file open, 05/26/25 19:22:43
LogWindows: Failed to load 'aqProf.dll' (GetLastError=126)
LogWindows: File 'aqProf.dll' does not exist
LogWindows: Failed to load 'VtuneApi.dll' (GetLastError=126)
LogWindows: File 'VtuneApi.dll' does not exist
LogWindows: Failed to load 'VtuneApi32e.dll' (GetLastError=126)
LogWindows: File 'VtuneApi32e.dll' does not exist
LogConsoleResponse: Display: Failed to find resolution value strings in scalability ini. Falling back to default.
LogConsoleResponse: Display: Failed to find resolution value strings in scalability ini. Falling back to default.
LogInit: Display: Running engine for game: TopDownAC
LogPlatformFile: Not using cached read wrapper
LogTaskGraph: Started task graph with 5 named threads and 59 total threads with 3 sets of task threads.
LogStats: Stats thread started at 0.243240
LogICUInternationalization: ICU TimeZone Detection - Raw Offset: +1:00, Platform Override: ''
LogInit: Display: Loading text-based GConfig....
LogPluginManager: Mounting plugin MeshPainting
LogPluginManager: Mounting plugin XGEController
LogPluginManager: Mounting plugin Paper2D
LogPluginManager: Mounting plugin AISupport
LogPluginManager: Mounting plugin EnvironmentQueryEditor
LogPluginManager: Mounting plugin LiveLink
LogPluginManager: Mounting plugin LightPropagationVolume
LogPluginManager: Mounting plugin OodleData
LogPluginManager: Mounting plugin OodleNetwork
LogPluginManager: Mounting plugin AssetManagerEditor
LogPluginManager: Mounting plugin CryptoKeys
LogPluginManager: Mounting plugin CurveEditorTools
LogPluginManager: Mounting plugin DataValidation
LogPluginManager: Mounting plugin FacialAnimation
LogPluginManager: Mounting plugin GameplayTagsEditor
LogPluginManager: Mounting plugin GeometryMode
LogPluginManager: Mounting plugin MacGraphicsSwitching
LogPluginManager: Mounting plugin MaterialAnalyzer
LogPluginManager: Mounting plugin MobileLauncherProfileWizard
LogPluginManager: Mounting plugin PluginBrowser
LogPluginManager: Mounting plugin SpeedTreeImporter
LogPluginManager: Mounting plugin DatasmithContent
LogPluginManager: Mounting plugin VariantManagerContent
LogPluginManager: Mounting plugin AnimationSharing
LogPluginManager: Mounting plugin CLionSourceCodeAccess
LogPluginManager: Mounting plugin CodeLiteSourceCodeAccess
LogPluginManager: Mounting plugin GitSourceControl
LogPluginManager: Mounting plugin KDevelopSourceCodeAccess
LogPluginManager: Mounting plugin NullSourceCodeAccess
LogPluginManager: Mounting plugin PerforceSourceControl
LogPluginManager: Mounting plugin PixWinPlugin
LogPluginManager: Mounting plugin PlasticSourceControl
LogPluginManager: Mounting plugin PluginUtils
LogPluginManager: Mounting plugin PropertyAccessNode
LogPluginManager: Mounting plugin RiderSourceCodeAccess
LogPluginManager: Mounting plugin SubversionSourceControl
LogPluginManager: Mounting plugin TextureFormatOodle
LogPluginManager: Mounting plugin UObjectPlugin
LogPluginManager: Mounting plugin VisualStudioCodeSourceCodeAccess
LogPluginManager: Mounting plugin VisualStudioSourceCodeAccess
LogPluginManager: Mounting plugin XCodeSourceCodeAccess
LogPluginManager: Mounting plugin AutomationUtils
LogPluginManager: Mounting plugin BackChannel
LogPluginManager: Mounting plugin AlembicImporter
LogPluginManager: Mounting plugin ChaosCloth
LogPluginManager: Mounting plugin ChaosClothEditor
LogPluginManager: Mounting plugin ChaosEditor
LogPluginManager: Mounting plugin ChaosNiagara
LogPluginManager: Mounting plugin ChaosSolverPlugin
LogPluginManager: Mounting plugin CharacterAI
LogPluginManager: Mounting plugin GeometryCache
LogPluginManager: Mounting plugin GeometryCollectionPlugin
LogPluginManager: Mounting plugin GeometryProcessing
LogPluginManager: Mounting plugin MotoSynth
LogPluginManager: Mounting plugin OpenImageDenoise
LogPluginManager: Mounting plugin PlanarCut
LogPluginManager: Mounting plugin ProxyLODPlugin
LogPluginManager: Mounting plugin PythonScriptPlugin
LogPluginManager: Mounting plugin PlatformCrypto
LogPluginManager: Mounting plugin SkeletalReduction
LogPluginManager: Mounting plugin CameraShakePreviewer
LogPluginManager: Mounting plugin GameplayCameras
LogPluginManager: Mounting plugin Niagara
LogPluginManager: Mounting plugin AndroidMedia
LogPluginManager: Mounting plugin AvfMedia
LogPluginManager: Mounting plugin ImgMedia
LogPluginManager: Mounting plugin MediaCompositing
LogPluginManager: Mounting plugin MediaPlayerEditor
LogPluginManager: Mounting plugin WebMMedia
LogPluginManager: Mounting plugin WmfMedia
LogPluginManager: Mounting plugin LuminPlatformFeatures
LogPluginManager: Mounting plugin MagicLeap
LogPluginManager: Mounting plugin MagicLeapLightEstimation
LogPluginManager: Mounting plugin MagicLeapMedia
LogPluginManager: Mounting plugin MagicLeapPassableWorld
LogPluginManager: Mounting plugin MLSDK
LogPluginManager: Mounting plugin UdpMessaging
LogPluginManager: Mounting plugin TcpMessaging
LogPluginManager: Mounting plugin OnlineSubsystem
LogPluginManager: Mounting plugin OnlineSubsystemNull
LogPluginManager: Mounting plugin ActorSequence
LogPluginManager: Mounting plugin OnlineSubsystemUtils
LogPluginManager: Mounting plugin MatineeToLevelSequence
LogPluginManager: Mounting plugin TemplateSequence
LogPluginManager: Mounting plugin ActorLayerUtilities
LogPluginManager: Mounting plugin AndroidDeviceProfileSelector
LogPluginManager: Mounting plugin LauncherChunkInstaller
LogPluginManager: Mounting plugin AndroidMoviePlayer
LogPluginManager: Mounting plugin AndroidPermission
LogPluginManager: Mounting plugin AppleImageUtils
LogPluginManager: Mounting plugin AssetTags
LogPluginManager: Mounting plugin AudioCapture
LogPluginManager: Mounting plugin ArchVisCharacter
LogPluginManager: Mounting plugin CableComponent
LogPluginManager: Mounting plugin AppleMoviePlayer
LogPluginManager: Mounting plugin ChunkDownloader
LogPluginManager: Mounting plugin AudioSynesthesia
LogPluginManager: Mounting plugin CustomMeshComponent
LogPluginManager: Mounting plugin EditableMesh
LogPluginManager: Mounting plugin ExampleDeviceProfileSelector
LogPluginManager: Mounting plugin GooglePAD
LogPluginManager: Mounting plugin GoogleCloudMessaging
LogPluginManager: Mounting plugin LinuxDeviceProfileSelector
LogPluginManager: Mounting plugin LocationServicesBPLibrary
LogPluginManager: Mounting plugin LevelSequenceEditor
LogPluginManager: Mounting plugin MobilePatchingUtils
LogPluginManager: Mounting plugin OpenXRHandTracking
LogPluginManager: Mounting plugin OpenXR
LogPluginManager: Mounting plugin IOSDeviceProfileSelector
LogPluginManager: Mounting plugin OpenXREyeTracker
LogPluginManager: Mounting plugin PhysXVehicles
LogPluginManager: Mounting plugin PostSplashScreen
LogPluginManager: Mounting plugin ScreenshotTools
LogPluginManager: Mounting plugin ProceduralMeshComponent
LogPluginManager: Mounting plugin PropertyAccessEditor
LogPluginManager: Mounting plugin RuntimePhysXCooking
LogPluginManager: Mounting plugin SoundFields
LogPluginManager: Mounting plugin SignificanceManager
LogPluginManager: Mounting plugin Synthesis
LogPluginManager: Mounting plugin WindowsMoviePlayer
LogPluginManager: Mounting plugin WebMMoviePlayer
LogPluginManager: Mounting plugin Takes
LogPluginManager: Mounting plugin ContentBrowserClassDataSource
LogPluginManager: Mounting plugin ContentBrowserFileDataSource
LogPluginManager: Mounting plugin ContentBrowserAssetDataSource
LogPluginManager: Mounting plugin OnlineSubsystemGooglePlay
LogPluginManager: Mounting plugin OnlineSubsystemIOS
LogPluginManager: Mounting plugin OculusVR
LogPluginManager: Mounting plugin SteamVR
PixWinPlugin: PIX capture plugin failed to initialize! Check that the process is launched from PIX.
LogInit: Using libcurl 7.55.1-DEV
LogInit:  - built for x86_64-pc-win32
LogInit:  - supports SSL with OpenSSL/1.1.1
LogInit:  - supports HTTP deflate (compression) using libz 1.2.8
LogInit:  - other features:
LogInit:      CURL_VERSION_SSL
LogInit:      CURL_VERSION_LIBZ
LogInit:      CURL_VERSION_IPV6
LogInit:      CURL_VERSION_ASYNCHDNS
LogInit:      CURL_VERSION_LARGEFILE
LogInit:      CURL_VERSION_IDN
LogInit:  CurlRequestOptions (configurable via config and command line):
LogInit:  - bVerifyPeer = true  - Libcurl will verify peer certificate
LogInit:  - bUseHttpProxy = false  - Libcurl will NOT use HTTP proxy
LogInit:  - bDontReuseConnections = false  - Libcurl will reuse connections
LogInit:  - MaxHostConnections = 16  - Libcurl will limit the number of connections to a host
LogInit:  - LocalHostAddr = Default
LogInit:  - BufferSize = 65536
LogOnline: OSS: Creating online subsystem instance for: NULL
LogInit: WinSock: version 1.1 (2.2), MaxSocks=32767, MaxUdp=65467
LogOnline: OSS: TryLoadSubsystemAndSetDefault: Loaded subsystem for module [NULL]
LogOculusPluginWrapper: OculusPlugin initialized successfully
LogHMD: Failed initializing OVRPlugin 1.59.0
LogInit: Build: ++UE4+Release-4.27-CL-18319896
LogInit: Engine Version: 4.27.2-18319896+++UE4+Release-4.27
LogInit: Compatible Engine Version: 4.27.0-17155196+++UE4+Release-4.27
LogInit: Net CL: 17155196
LogInit: OS: Windows 10 (Release 2009) (), CPU: 13th Gen Intel(R) Core(TM) i7-13650HX, GPU: Intel(R) UHD Graphics
LogInit: Compiled (64-bit): Nov 30 2021 07:12:08
LogInit: Compiled with Visual C++: 19.24.28315.00
LogInit: Build Configuration: Development
LogInit: Branch Name: ++UE4+Release-4.27
LogInit: Command Line:  -AUTH_LOGIN=unused -AUTH_PASSWORD=4b214b5f0c804d42a327bdd59148842d -AUTH_TYPE=exchangecode -epicapp=UE_4.27 -epicenv=Prod -EpicPortal -epicusername=Xotii -epicuserid=8c0f7f1633984bb789070dad4917d369 -epiclocale=pl -epicsandboxid=ue
LogInit: Base Directory: D:/Epic Games/UE_4.27/Engine/Binaries/Win64/
LogInit: Allocator: TBB
LogInit: Installed Engine Build: 1
LogDevObjectVersion: Number of dev versions registered: 29
LogDevObjectVersion:   Dev-Blueprints (B0D832E4-1F89-4F0D-ACCF-7EB736FD4AA2): 10
LogDevObjectVersion:   Dev-Build (E1C64328-A22C-4D53-A36C-8E866417BD8C): 0
LogDevObjectVersion:   Dev-Core (375EC13C-06E4-48FB-B500-84F0262A717E): 4
LogDevObjectVersion:   Dev-Editor (E4B068ED-F494-42E9-A231-DA0B2E46BB41): 40
LogDevObjectVersion:   Dev-Framework (CFFC743F-43B0-4480-9391-14DF171D2073): 37
LogDevObjectVersion:   Dev-Mobile (B02B49B5-BB20-44E9-A304-32B752E40360): 3
LogDevObjectVersion:   Dev-Networking (A4E4105C-59A1-49B5-A7C5-40C4547EDFEE): 0
LogDevObjectVersion:   Dev-Online (39C831C9-5AE6-47DC-9A44-9C173E1C8E7C): 0
LogDevObjectVersion:   Dev-Physics (78F01B33-EBEA-4F98-B9B4-84EACCB95AA2): 14
LogDevObjectVersion:   Dev-Platform (6631380F-2D4D-43E0-8009-CF276956A95A): 0
LogDevObjectVersion:   Dev-Rendering (12F88B9F-8875-4AFC-A67C-D90C383ABD29): 45
LogDevObjectVersion:   Dev-Sequencer (7B5AE74C-D270-4C10-A958-57980B212A5A): 13
LogDevObjectVersion:   Dev-VR (D7296918-1DD6-4BDD-9DE2-64A83CC13884): 3
LogDevObjectVersion:   Dev-LoadTimes (C2A15278-BFE7-4AFE-6C17-90FF531DF755): 1
LogDevObjectVersion:   Private-Geometry (6EACA3D4-40EC-4CC1-B786-8BED09428FC5): 3
LogDevObjectVersion:   Dev-AnimPhys (29E575DD-E0A3-4627-9D10-D276232CDCEA): 17
LogDevObjectVersion:   Dev-Anim (AF43A65D-7FD3-4947-9873-3E8ED9C1BB05): 15
LogDevObjectVersion:   Dev-ReflectionCapture (6B266CEC-1EC7-4B8F-A30B-E4D90942FC07): 1
LogDevObjectVersion:   Dev-Automation (0DF73D61-A23F-47EA-B727-89E90C41499A): 1
LogDevObjectVersion:   FortniteMain (601D1886-AC64-4F84-AA16-D3DE0DEAC7D6): 47
LogDevObjectVersion:   FortniteRelease (E7086368-6B23-4C58-8439-1B7016265E91): 1
LogDevObjectVersion:   Dev-Enterprise (9DFFBCD6-494F-0158-E221-12823C92A888): 10
LogDevObjectVersion:   Dev-Niagara (F2AED0AC-9AFE-416F-8664-AA7FFA26D6FC): 1
LogDevObjectVersion:   Dev-Destruction (174F1F0B-B4C6-45A5-B13F-2EE8D0FB917D): 10
LogDevObjectVersion:   Dev-Physics-Ext (35F94A83-E258-406C-A318-09F59610247C): 41
LogDevObjectVersion:   Dev-PhysicsMaterial-Chaos (B68FC16E-8B1B-42E2-B453-215C058844FE): 1
LogDevObjectVersion:   Dev-CineCamera (B2E18506-4273-CFC2-A54E-F4BB758BBA07): 1
LogDevObjectVersion:   Dev-VirtualProduction (64F58936-FD1B-42BA-BA96-7289D5D0FA4E): 1
LogDevObjectVersion:   Dev-MediaFramework (6F0ED827-A609-4895-9C91-998D90180EA4): 2
LogInit: Presizing for max 25165824 objects, including 0 objects not considered by GC, pre-allocating 0 bytes for permanent pool.
LogConfig: Applying CVar settings from Section [/Script/Engine.StreamingSettings] File [D:/Repozytoria/UE 4.27/KZ_TopDownShooter/TopDownAC/Saved/Config/Windows/Engine.ini]
LogConfig: Setting CVar [[s.MinBulkDataSizeForAsyncLoading:131072]]
LogConfig: Setting CVar [[s.AsyncLoadingThreadEnabled:0]]
LogConfig: Setting CVar [[s.EventDrivenLoaderEnabled:1]]
LogConfig: Setting CVar [[s.WarnIfTimeLimitExceeded:0]]
LogConfig: Setting CVar [[s.TimeLimitExceededMultiplier:1.5]]
LogConfig: Setting CVar [[s.TimeLimitExceededMinTime:0.005]]
LogConfig: Setting CVar [[s.UseBackgroundLevelStreaming:1]]
LogConfig: Setting CVar [[s.PriorityAsyncLoadingExtraTime:15.0]]
LogConfig: Setting CVar [[s.LevelStreamingActorsUpdateTimeLimit:5.0]]
LogConfig: Setting CVar [[s.PriorityLevelStreamingActorsUpdateExtraTime:5.0]]
LogConfig: Setting CVar [[s.LevelStreamingComponentsRegistrationGranularity:10]]
LogConfig: Setting CVar [[s.UnregisterComponentsTimeLimit:1.0]]
LogConfig: Setting CVar [[s.LevelStreamingComponentsUnregistrationGranularity:5]]
LogConfig: Setting CVar [[s.FlushStreamingOnExit:1]]
LogInit: Object subsystem initialized
LogConfig: Setting CVar [[con.DebugEarlyDefault:1]]
LogConfig: Setting CVar [[r.setres:1280x720]]
[2025.05.26-17.22.43:526][  0]LogConfig: Setting CVar [[r.VSync:0]]
[2025.05.26-17.22.43:526][  0]LogConfig: Setting CVar [[r.RHICmdBypass:0]]
[2025.05.26-17.22.43:526][  0]LogConfig: Applying CVar settings from Section [/Script/Engine.RendererSettings] File [D:/Repozytoria/UE 4.27/KZ_TopDownShooter/TopDownAC/Saved/Config/Windows/Engine.ini]
[2025.05.26-17.22.43:526][  0]LogConfig: Setting CVar [[r.GPUCrashDebugging:0]]
[2025.05.26-17.22.43:526][  0]LogConfig: Applying CVar settings from Section [/Script/Engine.RendererOverrideSettings] File [D:/Repozytoria/UE 4.27/KZ_TopDownShooter/TopDownAC/Saved/Config/Windows/Engine.ini]
[2025.05.26-17.22.43:526][  0]LogConfig: Applying CVar settings from Section [/Script/Engine.StreamingSettings] File [D:/Repozytoria/UE 4.27/KZ_TopDownShooter/TopDownAC/Saved/Config/Windows/Engine.ini]
[2025.05.26-17.22.43:526][  0]LogConfig: Setting CVar [[s.MinBulkDataSizeForAsyncLoading:131072]]
[2025.05.26-17.22.43:526][  0]LogConfig: Setting CVar [[s.AsyncLoadingThreadEnabled:0]]
[2025.05.26-17.22.43:526][  0]LogConfig: Setting CVar [[s.EventDrivenLoaderEnabled:1]]
[2025.05.26-17.22.43:526][  0]LogConfig: Setting CVar [[s.WarnIfTimeLimitExceeded:0]]
[2025.05.26-17.22.43:526][  0]LogConfig: Setting CVar [[s.TimeLimitExceededMultiplier:1.5]]
[2025.05.26-17.22.43:526][  0]LogConfig: Setting CVar [[s.TimeLimitExceededMinTime:0.005]]
[2025.05.26-17.22.43:526][  0]LogConfig: Setting CVar [[s.UseBackgroundLevelStreaming:1]]
[2025.05.26-17.22.43:526][  0]LogConfig: Setting CVar [[s.PriorityAsyncLoadingExtraTime:15.0]]
[2025.05.26-17.22.43:526][  0]LogConfig: Setting CVar [[s.LevelStreamingActorsUpdateTimeLimit:5.0]]
[2025.05.26-17.22.43:526][  0]LogConfig: Setting CVar [[s.PriorityLevelStreamingActorsUpdateExtraTime:5.0]]
[2025.05.26-17.22.43:526][  0]LogConfig: Setting CVar [[s.LevelStreamingComponentsRegistrationGranularity:10]]
[2025.05.26-17.22.43:526][  0]LogConfig: Setting CVar [[s.UnregisterComponentsTimeLimit:1.0]]
[2025.05.26-17.22.43:526][  0]LogConfig: Setting CVar [[s.LevelStreamingComponentsUnregistrationGranularity:5]]
[2025.05.26-17.22.43:526][  0]LogConfig: Setting CVar [[s.FlushStreamingOnExit:1]]
[2025.05.26-17.22.43:526][  0]LogConfig: Applying CVar settings from Section [/Script/Engine.GarbageCollectionSettings] File [D:/Repozytoria/UE 4.27/KZ_TopDownShooter/TopDownAC/Saved/Config/Windows/Engine.ini]
[2025.05.26-17.22.43:526][  0]LogConfig: Setting CVar [[gc.MaxObjectsNotConsideredByGC:1]]
[2025.05.26-17.22.43:526][  0]LogConfig: Setting CVar [[gc.SizeOfPermanentObjectPool:0]]
[2025.05.26-17.22.43:526][  0]LogConfig: Setting CVar [[gc.FlushStreamingOnGC:0]]
[2025.05.26-17.22.43:526][  0]LogConfig: Setting CVar [[gc.NumRetriesBeforeForcingGC:10]]
[2025.05.26-17.22.43:526][  0]LogConfig: Setting CVar [[gc.AllowParallelGC:1]]
[2025.05.26-17.22.43:526][  0]LogConfig: Setting CVar [[gc.TimeBetweenPurgingPendingKillObjects:61.1]]
[2025.05.26-17.22.43:526][  0]LogConfig: Setting CVar [[gc.MaxObjectsInEditor:25165824]]
[2025.05.26-17.22.43:526][  0]LogConfig: Setting CVar [[gc.IncrementalBeginDestroyEnabled:1]]
[2025.05.26-17.22.43:526][  0]LogConfig: Setting CVar [[gc.CreateGCClusters:1]]
[2025.05.26-17.22.43:526][  0]LogConfig: Setting CVar [[gc.MinGCClusterSize:5]]
[2025.05.26-17.22.43:526][  0]LogConfig: Setting CVar [[gc.ActorClusteringEnabled:0]]
[2025.05.26-17.22.43:526][  0]LogConfig: Setting CVar [[gc.BlueprintClusteringEnabled:0]]
[2025.05.26-17.22.43:526][  0]LogConfig: Setting CVar [[gc.UseDisregardForGCOnDedicatedServers:0]]
[2025.05.26-17.22.43:526][  0]LogConfig: Setting CVar [[gc.MultithreadedDestructionEnabled:1]]
[2025.05.26-17.22.43:526][  0]LogConfig: Applying CVar settings from Section [/Script/Engine.NetworkSettings] File [D:/Repozytoria/UE 4.27/KZ_TopDownShooter/TopDownAC/Saved/Config/Windows/Engine.ini]
[2025.05.26-17.22.43:526][  0]LogConfig: Applying CVar settings from Section [/Script/UnrealEd.CookerSettings] File [D:/Repozytoria/UE 4.27/KZ_TopDownShooter/TopDownAC/Saved/Config/Windows/Engine.ini]
[2025.05.26-17.22.43:537][  0]LogConfig: Applying CVar settings from Section [ViewDistanceQuality@3] File [D:/Repozytoria/UE 4.27/KZ_TopDownShooter/TopDownAC/Saved/Config/Windows/Scalability.ini]
[2025.05.26-17.22.43:537][  0]LogConfig: Setting CVar [[r.SkeletalMeshLODBias:0]]
[2025.05.26-17.22.43:537][  0]LogConfig: Setting CVar [[r.ViewDistanceScale:1.0]]
[2025.05.26-17.22.43:537][  0]LogConfig: Applying CVar settings from Section [AntiAliasingQuality@3] File [D:/Repozytoria/UE 4.27/KZ_TopDownShooter/TopDownAC/Saved/Config/Windows/Scalability.ini]
[2025.05.26-17.22.43:537][  0]LogConfig: Setting CVar [[r.PostProcessAAQuality:4]]
[2025.05.26-17.22.43:537][  0]LogConfig: Applying CVar settings from Section [ShadowQuality@3] File [D:/Repozytoria/UE 4.27/KZ_TopDownShooter/TopDownAC/Saved/Config/Windows/Scalability.ini]
[2025.05.26-17.22.43:537][  0]LogConfig: Setting CVar [[r.LightFunctionQuality:1]]
[2025.05.26-17.22.43:537][  0]LogConfig: Setting CVar [[r.ShadowQuality:5]]
[2025.05.26-17.22.43:537][  0]LogConfig: Setting CVar [[r.Shadow.CSM.MaxCascades:10]]
[2025.05.26-17.22.43:537][  0]LogConfig: Setting CVar [[r.Shadow.MaxResolution:2048]]
[2025.05.26-17.22.43:537][  0]LogConfig: Setting CVar [[r.Shadow.MaxCSMResolution:2048]]
[2025.05.26-17.22.43:537][  0]LogConfig: Setting CVar [[r.Shadow.RadiusThreshold:0.01]]
[2025.05.26-17.22.43:537][  0]LogConfig: Setting CVar [[r.Shadow.DistanceScale:1.0]]
[2025.05.26-17.22.43:537][  0]LogConfig: Setting CVar [[r.Shadow.CSM.TransitionScale:1.0]]
[2025.05.26-17.22.43:537][  0]LogConfig: Setting CVar [[r.Shadow.PreShadowResolutionFactor:1.0]]
[2025.05.26-17.22.43:537][  0]LogConfig: Setting CVar [[r.DistanceFieldShadowing:1]]
[2025.05.26-17.22.43:537][  0]LogConfig: Setting CVar [[r.DistanceFieldAO:1]]
[2025.05.26-17.22.43:537][  0]LogConfig: Setting CVar [[r.AOQuality:2]]
[2025.05.26-17.22.43:537][  0]LogConfig: Setting CVar [[r.VolumetricFog:1]]
[2025.05.26-17.22.43:537][  0]LogConfig: Setting CVar [[r.VolumetricFog.GridPixelSize:8]]
[2025.05.26-17.22.43:537][  0]LogConfig: Setting CVar [[r.VolumetricFog.GridSizeZ:128]]
[2025.05.26-17.22.43:537][  0]LogConfig: Setting CVar [[r.VolumetricFog.HistoryMissSupersampleCount:4]]
[2025.05.26-17.22.43:537][  0]LogConfig: Setting CVar [[r.LightMaxDrawDistanceScale:1]]
[2025.05.26-17.22.43:537][  0]LogConfig: Setting CVar [[r.CapsuleShadows:1]]
[2025.05.26-17.22.43:537][  0]LogConfig: Applying CVar settings from Section [PostProcessQuality@3] File [D:/Repozytoria/UE 4.27/KZ_TopDownShooter/TopDownAC/Saved/Config/Windows/Scalability.ini]
[2025.05.26-17.22.43:537][  0]LogConfig: Setting CVar [[r.MotionBlurQuality:4]]
[2025.05.26-17.22.43:537][  0]LogConfig: Setting CVar [[r.AmbientOcclusionMipLevelFactor:0.4]]
[2025.05.26-17.22.43:537][  0]LogConfig: Setting CVar [[r.AmbientOcclusionMaxQuality:100]]
[2025.05.26-17.22.43:537][  0]LogConfig: Setting CVar [[r.AmbientOcclusionLevels:-1]]
[2025.05.26-17.22.43:537][  0]LogConfig: Setting CVar [[r.AmbientOcclusionRadiusScale:1.0]]
[2025.05.26-17.22.43:537][  0]LogConfig: Setting CVar [[r.DepthOfFieldQuality:2]]
[2025.05.26-17.22.43:537][  0]LogConfig: Setting CVar [[r.RenderTargetPoolMin:400]]
[2025.05.26-17.22.43:537][  0]LogConfig: Setting CVar [[r.LensFlareQuality:2]]
[2025.05.26-17.22.43:537][  0]LogConfig: Setting CVar [[r.SceneColorFringeQuality:1]]
[2025.05.26-17.22.43:537][  0]LogConfig: Setting CVar [[r.EyeAdaptationQuality:2]]
[2025.05.26-17.22.43:537][  0]LogConfig: Setting CVar [[r.BloomQuality:5]]
[2025.05.26-17.22.43:537][  0]LogConfig: Setting CVar [[r.FastBlurThreshold:100]]
[2025.05.26-17.22.43:537][  0]LogConfig: Setting CVar [[r.Upscale.Quality:3]]
[2025.05.26-17.22.43:537][  0]LogConfig: Setting CVar [[r.Tonemapper.GrainQuantization:1]]
[2025.05.26-17.22.43:537][  0]LogConfig: Setting CVar [[r.LightShaftQuality:1]]
[2025.05.26-17.22.43:537][  0]LogConfig: Setting CVar [[r.Filter.SizeScale:1]]
[2025.05.26-17.22.43:537][  0]LogConfig: Setting CVar [[r.Tonemapper.Quality:5]]
[2025.05.26-17.22.43:537][  0]LogConfig: Setting CVar [[r.DOF.Gather.AccumulatorQuality:1        ; higher gathering accumulator quality]]
[2025.05.26-17.22.43:537][  0]LogConfig: Setting CVar [[r.DOF.Gather.PostfilterMethod:1          ; Median3x3 postfilering method]]
[2025.05.26-17.22.43:537][  0]LogConfig: Setting CVar [[r.DOF.Gather.EnableBokehSettings:0       ; no bokeh simulation when gathering]]
[2025.05.26-17.22.43:537][  0]LogConfig: Setting CVar [[r.DOF.Gather.RingCount:4                 ; medium number of samples when gathering]]
[2025.05.26-17.22.43:537][  0]LogConfig: Setting CVar [[r.DOF.Scatter.ForegroundCompositing:1    ; additive foreground scattering]]
[2025.05.26-17.22.43:537][  0]LogConfig: Setting CVar [[r.DOF.Scatter.BackgroundCompositing:2    ; additive background scattering]]
[2025.05.26-17.22.43:537][  0]LogConfig: Setting CVar [[r.DOF.Scatter.EnableBokehSettings:1      ; bokeh simulation when scattering]]
[2025.05.26-17.22.43:537][  0]LogConfig: Setting CVar [[r.DOF.Scatter.MaxSpriteRatio:0.1         ; only a maximum of 10% of scattered bokeh]]
[2025.05.26-17.22.43:537][  0]LogConfig: Setting CVar [[r.DOF.Recombine.Quality:1                ; cheap slight out of focus]]
[2025.05.26-17.22.43:537][  0]LogConfig: Setting CVar [[r.DOF.Recombine.EnableBokehSettings:0    ; no bokeh simulation on slight out of focus]]
[2025.05.26-17.22.43:537][  0]LogConfig: Setting CVar [[r.DOF.TemporalAAQuality:1                ; more stable temporal accumulation]]
[2025.05.26-17.22.43:537][  0]LogConfig: Setting CVar [[r.DOF.Kernel.MaxForegroundRadius:0.025]]
[2025.05.26-17.22.43:537][  0]LogConfig: Setting CVar [[r.DOF.Kernel.MaxBackgroundRadius:0.025]]
[2025.05.26-17.22.43:537][  0]LogConfig: Applying CVar settings from Section [TextureQuality@3] File [D:/Repozytoria/UE 4.27/KZ_TopDownShooter/TopDownAC/Saved/Config/Windows/Scalability.ini]
[2025.05.26-17.22.43:537][  0]LogConfig: Setting CVar [[r.Streaming.MipBias:0]]
[2025.05.26-17.22.43:537][  0]LogConfig: Setting CVar [[r.Streaming.AmortizeCPUToGPUCopy:0]]
[2025.05.26-17.22.43:537][  0]LogConfig: Setting CVar [[r.Streaming.MaxNumTexturesToStreamPerFrame:0]]
[2025.05.26-17.22.43:537][  0]LogConfig: Setting CVar [[r.Streaming.Boost:1]]
[2025.05.26-17.22.43:537][  0]LogConfig: Setting CVar [[r.MaxAnisotropy:8]]
[2025.05.26-17.22.43:537][  0]LogConfig: Setting CVar [[r.VT.MaxAnisotropy:8]]
[2025.05.26-17.22.43:537][  0]LogConfig: Setting CVar [[r.Streaming.LimitPoolSizeToVRAM:0]]
[2025.05.26-17.22.43:537][  0]LogConfig: Setting CVar [[r.Streaming.PoolSize:1000]]
[2025.05.26-17.22.43:537][  0]LogConfig: Setting CVar [[r.Streaming.MaxEffectiveScreenSize:0]]
[2025.05.26-17.22.43:537][  0]LogConfig: Applying CVar settings from Section [EffectsQuality@3] File [D:/Repozytoria/UE 4.27/KZ_TopDownShooter/TopDownAC/Saved/Config/Windows/Scalability.ini]
[2025.05.26-17.22.43:537][  0]LogConfig: Setting CVar [[r.TranslucencyLightingVolumeDim:64]]
[2025.05.26-17.22.43:537][  0]LogConfig: Setting CVar [[r.RefractionQuality:2]]
[2025.05.26-17.22.43:537][  0]LogConfig: Setting CVar [[r.SSR.Quality:3]]
[2025.05.26-17.22.43:537][  0]LogConfig: Setting CVar [[r.SSR.HalfResSceneColor:0]]
[2025.05.26-17.22.43:537][  0]LogConfig: Setting CVar [[r.SceneColorFormat:4]]
[2025.05.26-17.22.43:537][  0]LogConfig: Setting CVar [[r.DetailMode:2]]
[2025.05.26-17.22.43:537][  0]LogConfig: Setting CVar [[r.TranslucencyVolumeBlur:1]]
[2025.05.26-17.22.43:537][  0]LogConfig: Setting CVar [[r.MaterialQualityLevel:1 ; High quality]]
[2025.05.26-17.22.43:537][  0]LogConfig: Setting CVar [[r.AnisotropicMaterials:1]]
[2025.05.26-17.22.43:537][  0]LogConfig: Setting CVar [[r.SSS.Scale:1]]
[2025.05.26-17.22.43:537][  0]LogConfig: Setting CVar [[r.SSS.SampleSet:2]]
[2025.05.26-17.22.43:537][  0]LogConfig: Setting CVar [[r.SSS.Quality:1]]
[2025.05.26-17.22.43:537][  0]LogConfig: Setting CVar [[r.SSS.HalfRes:0]]
[2025.05.26-17.22.43:537][  0]LogConfig: Setting CVar [[r.SSGI.Quality:3]]
[2025.05.26-17.22.43:537][  0]LogConfig: Setting CVar [[r.EmitterSpawnRateScale:1.0]]
[2025.05.26-17.22.43:537][  0]LogConfig: Setting CVar [[r.ParticleLightQuality:2]]
[2025.05.26-17.22.43:537][  0]LogConfig: Setting CVar [[r.SkyAtmosphere.AerialPerspectiveLUT.FastApplyOnOpaque:1 ; Always have FastSkyLUT 1 in this case to avoid wrong sky]]
[2025.05.26-17.22.43:537][  0]LogConfig: Setting CVar [[r.SkyAtmosphere.AerialPerspectiveLUT.SampleCountMaxPerSlice:4]]
[2025.05.26-17.22.43:537][  0]LogConfig: Setting CVar [[r.SkyAtmosphere.AerialPerspectiveLUT.DepthResolution:16.0]]
[2025.05.26-17.22.43:537][  0]LogConfig: Setting CVar [[r.SkyAtmosphere.FastSkyLUT:1]]
[2025.05.26-17.22.43:537][  0]LogConfig: Setting CVar [[r.SkyAtmosphere.FastSkyLUT.SampleCountMin:4.0]]
[2025.05.26-17.22.43:537][  0]LogConfig: Setting CVar [[r.SkyAtmosphere.FastSkyLUT.SampleCountMax:128.0]]
[2025.05.26-17.22.43:537][  0]LogConfig: Setting CVar [[r.SkyAtmosphere.SampleCountMin:4.0]]
[2025.05.26-17.22.43:537][  0]LogConfig: Setting CVar [[r.SkyAtmosphere.SampleCountMax:128.0]]
[2025.05.26-17.22.43:537][  0]LogConfig: Setting CVar [[r.SkyAtmosphere.TransmittanceLUT.UseSmallFormat:0]]
[2025.05.26-17.22.43:537][  0]LogConfig: Setting CVar [[r.SkyAtmosphere.TransmittanceLUT.SampleCount:10.0]]
[2025.05.26-17.22.43:537][  0]LogConfig: Setting CVar [[r.SkyAtmosphere.MultiScatteringLUT.SampleCount:15.0]]
[2025.05.26-17.22.43:537][  0]LogConfig: Setting CVar [[r.SkyLight.RealTimeReflectionCapture:1]]
[2025.05.26-17.22.43:537][  0]LogConfig: Applying CVar settings from Section [FoliageQuality@3] File [D:/Repozytoria/UE 4.27/KZ_TopDownShooter/TopDownAC/Saved/Config/Windows/Scalability.ini]
[2025.05.26-17.22.43:537][  0]LogConfig: Setting CVar [[foliage.DensityScale:1.0]]
[2025.05.26-17.22.43:537][  0]LogConfig: Setting CVar [[grass.DensityScale:1.0]]
[2025.05.26-17.22.43:537][  0]LogConfig: Applying CVar settings from Section [ShadingQuality@3] File [D:/Repozytoria/UE 4.27/KZ_TopDownShooter/TopDownAC/Saved/Config/Windows/Scalability.ini]
[2025.05.26-17.22.43:537][  0]LogConfig: Setting CVar [[r.HairStrands.SkyLighting.IntegrationType:2]]
[2025.05.26-17.22.43:537][  0]LogConfig: Setting CVar [[r.HairStrands.SkyAO.SampleCount:4]]
[2025.05.26-17.22.43:537][  0]LogConfig: Setting CVar [[r.HairStrands.Visibility.MSAA.SamplePerPixel:4]]
[2025.05.26-17.22.43:537][  0]LogInit: Selected Device Profile: [Windows]
[2025.05.26-17.22.43:537][  0]LogInit: Applying CVar settings loaded from the selected device profile: [Windows]
[2025.05.26-17.22.43:537][  0]LogHAL: Display: Platform has ~ 32 GB [34007195648 / 34359738368 / 32], which maps to Largest [LargestMinGB=32, LargerMinGB=12, DefaultMinGB=8, SmallerMinGB=6, SmallestMinGB=0)
[2025.05.26-17.22.43:537][  0]LogInit: Going up to parent DeviceProfile []
[2025.05.26-17.22.43:537][  0]LogConfig: Applying CVar settings from Section [ViewDistanceQuality@3] File [D:/Repozytoria/UE 4.27/KZ_TopDownShooter/TopDownAC/Saved/Config/Windows/Scalability.ini]
[2025.05.26-17.22.43:537][  0]LogConfig: Setting CVar [[r.SkeletalMeshLODBias:0]]
[2025.05.26-17.22.43:537][  0]LogConfig: Setting CVar [[r.ViewDistanceScale:1.0]]
[2025.05.26-17.22.43:537][  0]LogConfig: Applying CVar settings from Section [AntiAliasingQuality@3] File [D:/Repozytoria/UE 4.27/KZ_TopDownShooter/TopDownAC/Saved/Config/Windows/Scalability.ini]
[2025.05.26-17.22.43:537][  0]LogConfig: Setting CVar [[r.PostProcessAAQuality:4]]
[2025.05.26-17.22.43:537][  0]LogConfig: Applying CVar settings from Section [ShadowQuality@3] File [D:/Repozytoria/UE 4.27/KZ_TopDownShooter/TopDownAC/Saved/Config/Windows/Scalability.ini]
[2025.05.26-17.22.43:537][  0]LogConfig: Setting CVar [[r.LightFunctionQuality:1]]
[2025.05.26-17.22.43:537][  0]LogConfig: Setting CVar [[r.ShadowQuality:5]]
[2025.05.26-17.22.43:537][  0]LogConfig: Setting CVar [[r.Shadow.CSM.MaxCascades:10]]
[2025.05.26-17.22.43:537][  0]LogConfig: Setting CVar [[r.Shadow.MaxResolution:2048]]
[2025.05.26-17.22.43:537][  0]LogConfig: Setting CVar [[r.Shadow.MaxCSMResolution:2048]]
[2025.05.26-17.22.43:537][  0]LogConfig: Setting CVar [[r.Shadow.RadiusThreshold:0.01]]
[2025.05.26-17.22.43:537][  0]LogConfig: Setting CVar [[r.Shadow.DistanceScale:1.0]]
[2025.05.26-17.22.43:537][  0]LogConfig: Setting CVar [[r.Shadow.CSM.TransitionScale:1.0]]
[2025.05.26-17.22.43:537][  0]LogConfig: Setting CVar [[r.Shadow.PreShadowResolutionFactor:1.0]]
[2025.05.26-17.22.43:537][  0]LogConfig: Setting CVar [[r.DistanceFieldShadowing:1]]
[2025.05.26-17.22.43:537][  0]LogConfig: Setting CVar [[r.DistanceFieldAO:1]]
[2025.05.26-17.22.43:537][  0]LogConfig: Setting CVar [[r.AOQuality:2]]
[2025.05.26-17.22.43:537][  0]LogConfig: Setting CVar [[r.VolumetricFog:1]]
[2025.05.26-17.22.43:537][  0]LogConfig: Setting CVar [[r.VolumetricFog.GridPixelSize:8]]
[2025.05.26-17.22.43:537][  0]LogConfig: Setting CVar [[r.VolumetricFog.GridSizeZ:128]]
[2025.05.26-17.22.43:537][  0]LogConfig: Setting CVar [[r.VolumetricFog.HistoryMissSupersampleCount:4]]
[2025.05.26-17.22.43:537][  0]LogConfig: Setting CVar [[r.LightMaxDrawDistanceScale:1]]
[2025.05.26-17.22.43:537][  0]LogConfig: Setting CVar [[r.CapsuleShadows:1]]
[2025.05.26-17.22.43:537][  0]LogConfig: Applying CVar settings from Section [PostProcessQuality@3] File [D:/Repozytoria/UE 4.27/KZ_TopDownShooter/TopDownAC/Saved/Config/Windows/Scalability.ini]
[2025.05.26-17.22.43:538][  0]LogConfig: Setting CVar [[r.MotionBlurQuality:4]]
[2025.05.26-17.22.43:538][  0]LogConfig: Setting CVar [[r.AmbientOcclusionMipLevelFactor:0.4]]
[2025.05.26-17.22.43:538][  0]LogConfig: Setting CVar [[r.AmbientOcclusionMaxQuality:100]]
[2025.05.26-17.22.43:538][  0]LogConfig: Setting CVar [[r.AmbientOcclusionLevels:-1]]
[2025.05.26-17.22.43:538][  0]LogConfig: Setting CVar [[r.AmbientOcclusionRadiusScale:1.0]]
[2025.05.26-17.22.43:538][  0]LogConfig: Setting CVar [[r.DepthOfFieldQuality:2]]
[2025.05.26-17.22.43:538][  0]LogConfig: Setting CVar [[r.RenderTargetPoolMin:400]]
[2025.05.26-17.22.43:538][  0]LogConfig: Setting CVar [[r.LensFlareQuality:2]]
[2025.05.26-17.22.43:538][  0]LogConfig: Setting CVar [[r.SceneColorFringeQuality:1]]
[2025.05.26-17.22.43:538][  0]LogConfig: Setting CVar [[r.EyeAdaptationQuality:2]]
[2025.05.26-17.22.43:538][  0]LogConfig: Setting CVar [[r.BloomQuality:5]]
[2025.05.26-17.22.43:538][  0]LogConfig: Setting CVar [[r.FastBlurThreshold:100]]
[2025.05.26-17.22.43:538][  0]LogConfig: Setting CVar [[r.Upscale.Quality:3]]
[2025.05.26-17.22.43:538][  0]LogConfig: Setting CVar [[r.Tonemapper.GrainQuantization:1]]
[2025.05.26-17.22.43:538][  0]LogConfig: Setting CVar [[r.LightShaftQuality:1]]
[2025.05.26-17.22.43:538][  0]LogConfig: Setting CVar [[r.Filter.SizeScale:1]]
[2025.05.26-17.22.43:538][  0]LogConfig: Setting CVar [[r.Tonemapper.Quality:5]]
[2025.05.26-17.22.43:538][  0]LogConfig: Setting CVar [[r.DOF.Gather.AccumulatorQuality:1        ; higher gathering accumulator quality]]
[2025.05.26-17.22.43:538][  0]LogConfig: Setting CVar [[r.DOF.Gather.PostfilterMethod:1          ; Median3x3 postfilering method]]
[2025.05.26-17.22.43:538][  0]LogConfig: Setting CVar [[r.DOF.Gather.EnableBokehSettings:0       ; no bokeh simulation when gathering]]
[2025.05.26-17.22.43:538][  0]LogConfig: Setting CVar [[r.DOF.Gather.RingCount:4                 ; medium number of samples when gathering]]
[2025.05.26-17.22.43:538][  0]LogConfig: Setting CVar [[r.DOF.Scatter.ForegroundCompositing:1    ; additive foreground scattering]]
[2025.05.26-17.22.43:538][  0]LogConfig: Setting CVar [[r.DOF.Scatter.BackgroundCompositing:2    ; additive background scattering]]
[2025.05.26-17.22.43:538][  0]LogConfig: Setting CVar [[r.DOF.Scatter.EnableBokehSettings:1      ; bokeh simulation when scattering]]
[2025.05.26-17.22.43:538][  0]LogConfig: Setting CVar [[r.DOF.Scatter.MaxSpriteRatio:0.1         ; only a maximum of 10% of scattered bokeh]]
[2025.05.26-17.22.43:538][  0]LogConfig: Setting CVar [[r.DOF.Recombine.Quality:1                ; cheap slight out of focus]]
[2025.05.26-17.22.43:538][  0]LogConfig: Setting CVar [[r.DOF.Recombine.EnableBokehSettings:0    ; no bokeh simulation on slight out of focus]]
[2025.05.26-17.22.43:538][  0]LogConfig: Setting CVar [[r.DOF.TemporalAAQuality:1                ; more stable temporal accumulation]]
[2025.05.26-17.22.43:538][  0]LogConfig: Setting CVar [[r.DOF.Kernel.MaxForegroundRadius:0.025]]
[2025.05.26-17.22.43:538][  0]LogConfig: Setting CVar [[r.DOF.Kernel.MaxBackgroundRadius:0.025]]
[2025.05.26-17.22.43:538][  0]LogConfig: Applying CVar settings from Section [TextureQuality@3] File [D:/Repozytoria/UE 4.27/KZ_TopDownShooter/TopDownAC/Saved/Config/Windows/Scalability.ini]
[2025.05.26-17.22.43:538][  0]LogConfig: Setting CVar [[r.Streaming.MipBias:0]]
[2025.05.26-17.22.43:538][  0]LogConfig: Setting CVar [[r.Streaming.AmortizeCPUToGPUCopy:0]]
[2025.05.26-17.22.43:538][  0]LogConfig: Setting CVar [[r.Streaming.MaxNumTexturesToStreamPerFrame:0]]
[2025.05.26-17.22.43:538][  0]LogConfig: Setting CVar [[r.Streaming.Boost:1]]
[2025.05.26-17.22.43:538][  0]LogConfig: Setting CVar [[r.MaxAnisotropy:8]]
[2025.05.26-17.22.43:538][  0]LogConfig: Setting CVar [[r.VT.MaxAnisotropy:8]]
[2025.05.26-17.22.43:538][  0]LogConfig: Setting CVar [[r.Streaming.LimitPoolSizeToVRAM:0]]
[2025.05.26-17.22.43:538][  0]LogConfig: Setting CVar [[r.Streaming.PoolSize:1000]]
[2025.05.26-17.22.43:538][  0]LogConfig: Setting CVar [[r.Streaming.MaxEffectiveScreenSize:0]]
[2025.05.26-17.22.43:538][  0]LogConfig: Applying CVar settings from Section [EffectsQuality@3] File [D:/Repozytoria/UE 4.27/KZ_TopDownShooter/TopDownAC/Saved/Config/Windows/Scalability.ini]
[2025.05.26-17.22.43:538][  0]LogConfig: Setting CVar [[r.TranslucencyLightingVolumeDim:64]]
[2025.05.26-17.22.43:538][  0]LogConfig: Setting CVar [[r.RefractionQuality:2]]
[2025.05.26-17.22.43:538][  0]LogConfig: Setting CVar [[r.SSR.Quality:3]]
[2025.05.26-17.22.43:538][  0]LogConfig: Setting CVar [[r.SSR.HalfResSceneColor:0]]
[2025.05.26-17.22.43:538][  0]LogConfig: Setting CVar [[r.SceneColorFormat:4]]
[2025.05.26-17.22.43:538][  0]LogConfig: Setting CVar [[r.DetailMode:2]]
[2025.05.26-17.22.43:538][  0]LogConfig: Setting CVar [[r.TranslucencyVolumeBlur:1]]
[2025.05.26-17.22.43:538][  0]LogConfig: Setting CVar [[r.MaterialQualityLevel:1 ; High quality]]
[2025.05.26-17.22.43:538][  0]LogConfig: Setting CVar [[r.AnisotropicMaterials:1]]
[2025.05.26-17.22.43:538][  0]LogConfig: Setting CVar [[r.SSS.Scale:1]]
[2025.05.26-17.22.43:538][  0]LogConfig: Setting CVar [[r.SSS.SampleSet:2]]
[2025.05.26-17.22.43:538][  0]LogConfig: Setting CVar [[r.SSS.Quality:1]]
[2025.05.26-17.22.43:538][  0]LogConfig: Setting CVar [[r.SSS.HalfRes:0]]
[2025.05.26-17.22.43:538][  0]LogConfig: Setting CVar [[r.SSGI.Quality:3]]
[2025.05.26-17.22.43:538][  0]LogConfig: Setting CVar [[r.EmitterSpawnRateScale:1.0]]
[2025.05.26-17.22.43:538][  0]LogConfig: Setting CVar [[r.ParticleLightQuality:2]]
[2025.05.26-17.22.43:538][  0]LogConfig: Setting CVar [[r.SkyAtmosphere.AerialPerspectiveLUT.FastApplyOnOpaque:1 ; Always have FastSkyLUT 1 in this case to avoid wrong sky]]
[2025.05.26-17.22.43:538][  0]LogConfig: Setting CVar [[r.SkyAtmosphere.AerialPerspectiveLUT.SampleCountMaxPerSlice:4]]
[2025.05.26-17.22.43:538][  0]LogConfig: Setting CVar [[r.SkyAtmosphere.AerialPerspectiveLUT.DepthResolution:16.0]]
[2025.05.26-17.22.43:538][  0]LogConfig: Setting CVar [[r.SkyAtmosphere.FastSkyLUT:1]]
[2025.05.26-17.22.43:538][  0]LogConfig: Setting CVar [[r.SkyAtmosphere.FastSkyLUT.SampleCountMin:4.0]]
[2025.05.26-17.22.43:538][  0]LogConfig: Setting CVar [[r.SkyAtmosphere.FastSkyLUT.SampleCountMax:128.0]]
[2025.05.26-17.22.43:538][  0]LogConfig: Setting CVar [[r.SkyAtmosphere.SampleCountMin:4.0]]
[2025.05.26-17.22.43:538][  0]LogConfig: Setting CVar [[r.SkyAtmosphere.SampleCountMax:128.0]]
[2025.05.26-17.22.43:538][  0]LogConfig: Setting CVar [[r.SkyAtmosphere.TransmittanceLUT.UseSmallFormat:0]]
[2025.05.26-17.22.43:538][  0]LogConfig: Setting CVar [[r.SkyAtmosphere.TransmittanceLUT.SampleCount:10.0]]
[2025.05.26-17.22.43:538][  0]LogConfig: Setting CVar [[r.SkyAtmosphere.MultiScatteringLUT.SampleCount:15.0]]
[2025.05.26-17.22.43:538][  0]LogConfig: Setting CVar [[r.SkyLight.RealTimeReflectionCapture:1]]
[2025.05.26-17.22.43:538][  0]LogConfig: Applying CVar settings from Section [FoliageQuality@3] File [D:/Repozytoria/UE 4.27/KZ_TopDownShooter/TopDownAC/Saved/Config/Windows/Scalability.ini]
[2025.05.26-17.22.43:538][  0]LogConfig: Setting CVar [[foliage.DensityScale:1.0]]
[2025.05.26-17.22.43:538][  0]LogConfig: Setting CVar [[grass.DensityScale:1.0]]
[2025.05.26-17.22.43:538][  0]LogConfig: Applying CVar settings from Section [ShadingQuality@3] File [D:/Repozytoria/UE 4.27/KZ_TopDownShooter/TopDownAC/Saved/Config/Windows/Scalability.ini]
[2025.05.26-17.22.43:538][  0]LogConfig: Setting CVar [[r.HairStrands.SkyLighting.IntegrationType:2]]
[2025.05.26-17.22.43:538][  0]LogConfig: Setting CVar [[r.HairStrands.SkyAO.SampleCount:4]]
[2025.05.26-17.22.43:538][  0]LogConfig: Setting CVar [[r.HairStrands.Visibility.MSAA.SamplePerPixel:4]]
[2025.05.26-17.22.43:538][  0]LogConfig: Applying CVar settings from Section [Startup] File [../../../Engine/Config/ConsoleVariables.ini]
[2025.05.26-17.22.43:538][  0]LogConfig: Setting CVar [[net.UseAdaptiveNetUpdateFrequency:0]]
[2025.05.26-17.22.43:538][  0]LogConfig: Setting CVar [[p.chaos.AllowCreatePhysxBodies:1]]
[2025.05.26-17.22.43:538][  0]LogConfig: Setting CVar [[fx.SkipVectorVMBackendOptimizations:1]]
[2025.05.26-17.22.43:538][  0]LogConfig: Applying CVar settings from Section [ConsoleVariables] File [D:/Repozytoria/UE 4.27/KZ_TopDownShooter/TopDownAC/Saved/Config/Windows/Engine.ini]
[2025.05.26-17.22.43:538][  0]LogConfig: Applying CVar settings from Section [ConsoleVariables] File [D:/Repozytoria/UE 4.27/KZ_TopDownShooter/TopDownAC/Saved/Config/Windows/Editor.ini]
[2025.05.26-17.22.43:538][  0]LogInit: Computer: LAPTOP-AN92MERF
[2025.05.26-17.22.43:538][  0]LogInit: User: harry
[2025.05.26-17.22.43:538][  0]LogInit: CPU Page size=4096, Cores=14
[2025.05.26-17.22.43:538][  0]LogInit: High frequency timer resolution =10.000000 MHz
[2025.05.26-17.22.43:538][  0]LogMemory: Memory total: Physical=31.7GB (32GB approx)
[2025.05.26-17.22.43:538][  0]LogMemory: Platform Memory Stats for Windows
[2025.05.26-17.22.43:538][  0]LogMemory: Process Physical Memory: 158.80 MB used, 158.80 MB peak
[2025.05.26-17.22.43:538][  0]LogMemory: Process Virtual Memory: 133.34 MB used, 133.34 MB peak
[2025.05.26-17.22.43:538][  0]LogMemory: Physical Memory: 11234.87 MB used,  21196.92 MB free, 32431.79 MB total
[2025.05.26-17.22.43:538][  0]LogMemory: Virtual Memory: 134195776.00 MB used,  21949.59 MB free, 134217728.00 MB total
[2025.05.26-17.22.43:542][  0]LogWindows: WindowsPlatformFeatures enabled
[2025.05.26-17.22.43:568][  0]LogInit: Physics initialised using underlying interface: PhysX
[2025.05.26-17.22.43:568][  0]LogInit: Using OS detected language (pl-PL).
[2025.05.26-17.22.43:568][  0]LogInit: Using OS detected locale (pl-PL).
[2025.05.26-17.22.43:569][  0]LogTextLocalizationManager: No specific localization for 'pl-PL' exists, so the 'pl' localization will be used.
[2025.05.26-17.22.43:569][  0]LogTextLocalizationResource: LocRes '../../../Engine/Content/Localization/Editor/pl/Editor.locres' could not be opened for reading!
[2025.05.26-17.22.43:569][  0]LogTextLocalizationResource: LocRes '../../../Engine/Content/Localization/EditorTutorials/pl/EditorTutorials.locres' could not be opened for reading!
[2025.05.26-17.22.43:569][  0]LogTextLocalizationResource: LocRes '../../../Engine/Content/Localization/Keywords/pl/Keywords.locres' could not be opened for reading!
[2025.05.26-17.22.43:569][  0]LogTextLocalizationResource: LocRes '../../../Engine/Content/Localization/Category/pl/Category.locres' could not be opened for reading!
[2025.05.26-17.22.43:569][  0]LogTextLocalizationResource: LocRes '../../../Engine/Content/Localization/ToolTips/pl/ToolTips.locres' could not be opened for reading!
[2025.05.26-17.22.43:569][  0]LogTextLocalizationResource: LocRes '../../../Engine/Content/Localization/PropertyNames/pl/PropertyNames.locres' could not be opened for reading!
[2025.05.26-17.22.43:569][  0]LogTextLocalizationResource: LocRes '../../../Engine/Content/Localization/Engine/pl/Engine.locres' could not be opened for reading!
[2025.05.26-17.22.43:569][  0]LogInit: Setting process to per monitor DPI aware
[2025.05.26-17.22.43:586][  0]LogWindowsTextInputMethodSystem: Display: IME system deactivated.
[2025.05.26-17.22.43:598][  0]LogSlate: New Slate User Created.  User Index 0, Is Virtual User: 0
[2025.05.26-17.22.43:598][  0]LogSlate: Slate User Registered.  User Index 0, Is Virtual User: 0
[2025.05.26-17.22.43:655][  0]LogD3D11RHI: Loaded GFSDK_Aftermath_Lib.x64.dll
[2025.05.26-17.22.43:694][  0]LogHMD: Failed to initialize OpenVR with code 110
[2025.05.26-17.22.43:694][  0]LogD3D11RHI: D3D11 min allowed feature level: 11_0
[2025.05.26-17.22.43:694][  0]LogD3D11RHI: D3D11 max allowed feature level: 11_0
[2025.05.26-17.22.43:694][  0]LogD3D11RHI: D3D11 adapters:
[2025.05.26-17.22.44:007][  0]LogD3D11RHI:    0. 'NVIDIA GeForce RTX 4060 Laptop GPU' (Feature Level 11_0)
[2025.05.26-17.22.44:007][  0]LogD3D11RHI:       7972/0/16215 MB DedicatedVideo/DedicatedSystem/SharedSystem, Outputs:2, VendorId:0x10de
[2025.05.26-17.22.44:027][  0]LogD3D11RHI:    1. 'Intel(R) UHD Graphics' (Feature Level 11_0)
[2025.05.26-17.22.44:027][  0]LogD3D11RHI:       128/0/16215 MB DedicatedVideo/DedicatedSystem/SharedSystem, Outputs:0, VendorId:0x8086
[2025.05.26-17.22.44:030][  0]LogD3D11RHI:    2. 'Microsoft Basic Render Driver' (Feature Level 11_0)
[2025.05.26-17.22.44:030][  0]LogD3D11RHI:       0/0/16215 MB DedicatedVideo/DedicatedSystem/SharedSystem, Outputs:0, VendorId:0x1414
[2025.05.26-17.22.44:030][  0]LogD3D11RHI: Chosen D3D11 Adapter:
[2025.05.26-17.22.44:030][  0]LogD3D11RHI:     Description : NVIDIA GeForce RTX 4060 Laptop GPU
[2025.05.26-17.22.44:030][  0]LogD3D11RHI:     VendorId    : 10de
[2025.05.26-17.22.44:030][  0]LogD3D11RHI:     DeviceId    : 28e0
[2025.05.26-17.22.44:030][  0]LogD3D11RHI:     SubSysId    : 96011458
[2025.05.26-17.22.44:030][  0]LogD3D11RHI:     Revision    : 00a1
[2025.05.26-17.22.44:030][  0]LogD3D11RHI:     DedicatedVideoMemory : 8359247872 bytes
[2025.05.26-17.22.44:032][  0]LogD3D11RHI:     DedicatedSystemMemory : 0 bytes
[2025.05.26-17.22.44:032][  0]LogD3D11RHI:     SharedSystemMemory : 17003597824 bytes
[2025.05.26-17.22.44:032][  0]LogD3D11RHI:     AdapterLuid : 0 87453
[2025.05.26-17.22.44:037][  0]LogD3D11RHI: Creating new Direct3DDevice
[2025.05.26-17.22.44:037][  0]LogD3D11RHI:     GPU DeviceId: 0x28e0 (for the marketing name, search the web for "GPU Device Id")
[2025.05.26-17.22.44:037][  0]LogWindows: EnumDisplayDevices:
[2025.05.26-17.22.44:037][  0]LogWindows:    0. 'Intel(R) UHD Graphics' (P:1 D:1)
[2025.05.26-17.22.44:037][  0]LogWindows:    1. 'Intel(R) UHD Graphics' (P:0 D:0)
[2025.05.26-17.22.44:037][  0]LogWindows:    2. 'Intel(R) UHD Graphics' (P:0 D:0)
[2025.05.26-17.22.44:037][  0]LogWindows:    3. 'Intel(R) UHD Graphics' (P:0 D:0)
[2025.05.26-17.22.44:037][  0]LogWindows:    4. 'NVIDIA GeForce RTX 4060 Laptop GPU' (P:0 D:1)
[2025.05.26-17.22.44:038][  0]LogWindows:    5. 'NVIDIA GeForce RTX 4060 Laptop GPU' (P:0 D:0)
[2025.05.26-17.22.44:038][  0]LogWindows:    6. 'NVIDIA GeForce RTX 4060 Laptop GPU' (P:0 D:0)
[2025.05.26-17.22.44:038][  0]LogWindows:    7. 'NVIDIA GeForce RTX 4060 Laptop GPU' (P:0 D:0)
[2025.05.26-17.22.44:038][  0]LogWindows: DebugString: PrimaryIsNotTheChoosenAdapter PrimaryIsNotTheChoosenAdapter PrimaryIsNotTheChoosenAdapter PrimaryIsNotTheChoosenAdapter FoundDriverCount:4 
[2025.05.26-17.22.44:038][  0]LogD3D11RHI:     Adapter Name: NVIDIA GeForce RTX 4060 Laptop GPU
[2025.05.26-17.22.44:038][  0]LogD3D11RHI:   Driver Version: 546.46 (internal:31.0.15.4646, unified:546.46)
[2025.05.26-17.22.44:038][  0]LogD3D11RHI:      Driver Date: 12-14-2023
[2025.05.26-17.22.44:038][  0]LogRHI: Texture pool is 5580 MB (70% of 7972 MB)
[2025.05.26-17.22.44:038][  0]LogD3D11RHI: Creating D3DDevice using adapter:
[2025.05.26-17.22.44:038][  0]LogD3D11RHI:     Description : NVIDIA GeForce RTX 4060 Laptop GPU
[2025.05.26-17.22.44:038][  0]LogD3D11RHI:     VendorId    : 10de
[2025.05.26-17.22.44:038][  0]LogD3D11RHI:     DeviceId    : 28e0
[2025.05.26-17.22.44:038][  0]LogD3D11RHI:     SubSysId    : 96011458
[2025.05.26-17.22.44:038][  0]LogD3D11RHI:     Revision    : 00a1
[2025.05.26-17.22.44:038][  0]LogD3D11RHI:     DedicatedVideoMemory : 8359247872 bytes
[2025.05.26-17.22.44:038][  0]LogD3D11RHI:     DedicatedSystemMemory : 0 bytes
[2025.05.26-17.22.44:038][  0]LogD3D11RHI:     SharedSystemMemory : 17003597824 bytes
[2025.05.26-17.22.44:038][  0]LogD3D11RHI:     AdapterLuid : 0 87453
[2025.05.26-17.22.44:118][  0]LogD3D11RHI: RHI has support for 64 bit atomics
[2025.05.26-17.22.44:119][  0]LogD3D11RHI: Async texture creation enabled
[2025.05.26-17.22.44:119][  0]LogD3D11RHI: Array index from any shader is supported
[2025.05.26-17.22.44:137][  0]LogD3D11RHI: GPU Timing Frequency: 1000.000000 (Debug: 2 2)
[2025.05.26-17.22.44:154][  0]LogRHI: GeForceNow SDK initialized: 1
[2025.05.26-17.22.44:357][  0]LogTargetPlatformManager: Display: Loaded TargetPlatform 'AllDesktop'
[2025.05.26-17.22.44:369][  0]LogTargetPlatformManager: Display: Loaded TargetPlatform 'Android'
[2025.05.26-17.22.44:369][  0]LogTargetPlatformManager: Display: Loaded TargetPlatform 'Android_ASTC'
[2025.05.26-17.22.44:369][  0]LogTargetPlatformManager: Display: Loaded TargetPlatform 'Android_DXT'
[2025.05.26-17.22.44:369][  0]LogTargetPlatformManager: Display: Loaded TargetPlatform 'Android_ETC2'
[2025.05.26-17.22.44:369][  0]LogTargetPlatformManager: Display: Loaded TargetPlatform 'AndroidClient'
[2025.05.26-17.22.44:369][  0]LogTargetPlatformManager: Display: Loaded TargetPlatform 'Android_ASTCClient'
[2025.05.26-17.22.44:369][  0]LogTargetPlatformManager: Display: Loaded TargetPlatform 'Android_DXTClient'
[2025.05.26-17.22.44:369][  0]LogTargetPlatformManager: Display: Loaded TargetPlatform 'Android_ETC2Client'
[2025.05.26-17.22.44:369][  0]LogTargetPlatformManager: Display: Loaded TargetPlatform 'Android_Multi'
[2025.05.26-17.22.44:369][  0]LogTargetPlatformManager: Display: Loaded TargetPlatform 'Android_MultiClient'
[2025.05.26-17.22.44:380][  0]LogTargetPlatformManager: Display: Loaded TargetPlatform 'IOSClient'
[2025.05.26-17.22.44:380][  0]LogTargetPlatformManager: Display: Loaded TargetPlatform 'IOS'
[2025.05.26-17.22.44:385][  0]LogTargetPlatformManager: Display: Loaded TargetPlatform 'Linux'
[2025.05.26-17.22.44:388][  0]LogTargetPlatformManager: Display: Loaded TargetPlatform 'LinuxNoEditor'
[2025.05.26-17.22.44:391][  0]LogTargetPlatformManager: Display: Loaded TargetPlatform 'LinuxClient'
[2025.05.26-17.22.44:394][  0]LogTargetPlatformManager: Display: Loaded TargetPlatform 'LinuxServer'
[2025.05.26-17.22.44:399][  0]LogTargetPlatformManager: Display: Loaded TargetPlatform 'LinuxAArch64NoEditor'
[2025.05.26-17.22.44:402][  0]LogTargetPlatformManager: Display: Loaded TargetPlatform 'LinuxAArch64Client'
[2025.05.26-17.22.44:405][  0]LogTargetPlatformManager: Display: Loaded TargetPlatform 'LinuxAArch64Server'
[2025.05.26-17.22.44:417][  0]LogTargetPlatformManager: Display: Loaded TargetPlatform 'Lumin'
[2025.05.26-17.22.44:417][  0]LogTargetPlatformManager: Display: Loaded TargetPlatform 'LuminClient'
[2025.05.26-17.22.44:421][  0]LogTargetPlatformManager: Display: Loaded TargetPlatform 'MacNoEditor'
[2025.05.26-17.22.44:424][  0]LogTargetPlatformManager: Display: Loaded TargetPlatform 'Mac'
[2025.05.26-17.22.44:427][  0]LogTargetPlatformManager: Display: Loaded TargetPlatform 'MacClient'
[2025.05.26-17.22.44:429][  0]LogTargetPlatformManager: Display: Loaded TargetPlatform 'MacServer'
[2025.05.26-17.22.44:435][  0]LogTargetPlatformManager: Display: Loaded TargetPlatform 'TVOSClient'
[2025.05.26-17.22.44:435][  0]LogTargetPlatformManager: Display: Loaded TargetPlatform 'TVOS'
[2025.05.26-17.22.44:440][  0]LogTargetPlatformManager: Display: Loaded TargetPlatform 'WindowsNoEditor'
[2025.05.26-17.22.44:443][  0]LogTargetPlatformManager: Display: Loaded TargetPlatform 'Windows'
[2025.05.26-17.22.44:446][  0]LogTargetPlatformManager: Display: Loaded TargetPlatform 'WindowsClient'
[2025.05.26-17.22.44:449][  0]LogTargetPlatformManager: Display: Loaded TargetPlatform 'WindowsServer'
[2025.05.26-17.22.44:449][  0]LogTargetPlatformManager: Display: Building Assets For Windows
[2025.05.26-17.22.44:453][  0]LogAudioDebug: Display: Lib vorbis DLL was dynamically loaded.
[2025.05.26-17.22.44:470][  0]LogTextureFormatOodle: Display: Oodle Texture 2.9.0 init RDO Off
[2025.05.26-17.22.44:489][  0]LogRendererCore: Ray tracing is disabled. Reason: r.RayTracing=0.
[2025.05.26-17.22.44:489][  0]LogShaderCompilers: Guid format shader working directory is -17 characters bigger than the processId version (../../../../../Repozytoria/UE 4.27/KZ_TopDownShooter/TopDownAC/Intermediate/Shaders/WorkingDirectory/28028/).
[2025.05.26-17.22.44:489][  0]LogShaderCompilers: Cleaned the shader compiler working directory 'C:/Users/harry/AppData/Local/Temp/UnrealShaderWorkingDir/2B1173304F10F4C10B9D8386D7893447/'.
[2025.05.26-17.22.44:489][  0]LogXGEController: Cannot use XGE Controller as Incredibuild is not installed on this machine.
[2025.05.26-17.22.44:489][  0]LogShaderCompilers: Cannot use XGE Shader Compiler as Incredibuild is not installed on this machine.
[2025.05.26-17.22.44:489][  0]LogShaderCompilers: Display: Using Local Shader Compiler.
[2025.05.26-17.22.44:972][  0]LogDerivedDataCache: Display: Max Cache Size: 512 MB
[2025.05.26-17.22.45:017][  0]LogDerivedDataCache: Loaded boot cache 0.04s 94MB C:/Users/harry/AppData/Local/UnrealEngine/4.27/DerivedDataCache/Boot.ddc.
[2025.05.26-17.22.45:017][  0]LogDerivedDataCache: Display: Loaded Boot cache: C:/Users/harry/AppData/Local/UnrealEngine/4.27/DerivedDataCache/Boot.ddc
[2025.05.26-17.22.45:017][  0]LogDerivedDataCache: FDerivedDataBackendGraph:  Pak pak cache file ../../../../../Repozytoria/UE 4.27/KZ_TopDownShooter/TopDownAC/DerivedDataCache/DDC.ddp not found, will not use a pak cache.
[2025.05.26-17.22.45:017][  0]LogDerivedDataCache: Unable to find inner node Pak for hierarchical cache Hierarchy.
[2025.05.26-17.22.45:017][  0]LogDerivedDataCache: FDerivedDataBackendGraph:  CompressedPak pak cache file ../../../../../Repozytoria/UE 4.27/KZ_TopDownShooter/TopDownAC/DerivedDataCache/Compressed.ddp not found, will not use a pak cache.
[2025.05.26-17.22.45:017][  0]LogDerivedDataCache: Unable to find inner node CompressedPak for hierarchical cache Hierarchy.
[2025.05.26-17.22.45:029][  0]LogDerivedDataCache: Display: Pak cache opened for reading ../../../Engine/DerivedDataCache/Compressed.ddp.
[2025.05.26-17.22.45:029][  0]LogDerivedDataCache: FDerivedDataBackendGraph:  EnterprisePak pak cache file ../../../Enterprise/DerivedDataCache/Compressed.ddp not found, will not use a pak cache.
[2025.05.26-17.22.45:029][  0]LogDerivedDataCache: Unable to find inner node EnterprisePak for hierarchical cache Hierarchy.
[2025.05.26-17.22.45:034][  0]LogDerivedDataCache: Speed tests for C:/Users/harry/AppData/Local/UnrealEngine/Common/DerivedDataCache took 0.01 seconds
[2025.05.26-17.22.45:034][  0]LogDerivedDataCache: Display: Performance to C:/Users/harry/AppData/Local/UnrealEngine/Common/DerivedDataCache: Latency=0.02ms. RandomReadSpeed=1803.47MBs, RandomWriteSpeed=202.34MBs. Assigned SpeedClass 'Local'
[2025.05.26-17.22.45:034][  0]LogDerivedDataCache: Using Local data cache path C:/Users/harry/AppData/Local/UnrealEngine/Common/DerivedDataCache: Writable
[2025.05.26-17.22.45:034][  0]LogDerivedDataCache: Shared data cache path not found in *engine.ini, will not use an Shared cache.
[2025.05.26-17.22.45:034][  0]LogDerivedDataCache: Unable to find inner node Shared for hierarchical cache Hierarchy.
[2025.05.26-17.22.45:062][  0]LogSlate: Using FreeType 2.10.0
[2025.05.26-17.22.45:063][  0]LogSlate: SlateFontServices - WITH_FREETYPE: 1, WITH_HARFBUZZ: 1
[2025.05.26-17.22.45:082][  0]LogAssetRegistry: FAssetRegistry took 0.0020 seconds to start up
[2025.05.26-17.22.45:212][  0]LogInit: Selected Device Profile: [Windows]
[2025.05.26-17.22.45:212][  0]LogInit: Active device profile: [0000026239478700][0000026230B9AE00 49] Windows
[2025.05.26-17.22.45:212][  0]LogInit: Profiles: [0000026239478700][0000026230B9AE00 49] Windows, [0000026239433700][00000262377A4F80 49] WindowsNoEditor, [000002623947B300][00000262377A9100 49] WindowsServer, [0000026239430F00][00000262377AD280 49] WindowsClient, [000002623947B500][0000026239A6D400 49] IOS, [000002623941FF00][0000026239A71580 49] iPadAir, [0000026239433B00][0000026239A75700 49] iPadAir2, [00000262393E8500][0000026239A7D9C0 49] IPadPro, [00000262393E8600][0000026239A79A00 49] iPadAir3, [000002623941C100][0000026239A81B80 49] iPadAir4, [00000262393EAC00][0000026239A84180 49] iPadMini2, [000002623941E500][0000026239A88300 49] iPadMini3, [00000262393EB400][0000026239A8C480 49] iPadMini4, [000002623941CF00][0000026239A90600 49] iPadMini5, [00000262393CFE00][0000026239A988C0 49] iPhone6, [00000262393CFF00][0000026239A94900 49] iPodTouch6, [000002623947B900][0000026239A9CB40 49] iPhone7, [000002623947A100][0000026230B9EB80 49] iPodTouch7, [00000262393CC400][0000026239AA0CC0 49] iPhone5S, [00000262393EBD00][0000026239AA8E40 49] iPhone6Plus, [000002623947B400][0000026239AACFC0 49] iPhone6S, [00000262393EA000][0000026239AB1140 49] iPhone6SPlus, [0000026239478900][0000026239AB52C0 49] iPhone7Plus, [00000262393E8E00][0000026239AB9440 49] iPhoneSE, [0000026239478200][0000026239ABD5C0 49] iPhone8, [00000262393EA400][0000026239AC1740 49] iPhone8Plus, [0000026239479E00][0000026239AC58C0 49] iPhoneX, [00000262393EBE00][0000026239AC9A40 49] iPhoneXS, [0000026239479600][0000026239ACDBC0 49] iPhoneXSMax, [00000262393EA500][0000026239AD01C0 49] iPhoneXR, [000002623947AA00][0000026239AD4340 49] iPhone11, [00000262393EBA00][0000026239AD84C0 49] iPhone11Pro, [0000026239478F00][0000026239ADC640 49] iPhone11ProMax, [00000262393EA300][0000026239AE07C0 49] iPhoneSE2, [000002623947A700][0000026239AE4940 49] iPhone12Mini, [00000262393E8700][0000026239AE8AC0 49] iPhone12, [000002623947B100][0000026239AA4C00 49] iPhone12Pro, [00000262393EB500][0000026239AECD40 49] iPhone12ProMax, [0000026239478800][0000026239AF0E80 49] iPadPro105, [00000262393E9C00][0000026239AF4FC0 49] iPadPro129, [0000026239478300][0000026239AFD140 49] iPadPro97, [00000262393E9D00][0000026239B012C0 49] iPadPro2_129, [0000026239478C00][0000026239B05440 49] iPad5, [00000262393EB000][0000026239B095C0 49] iPad6, [000002623947AC00][0000026239B0D740 49] iPad7, [00000262393EAE00][0000026239B118C0 49] iPad8, [0000026239479800][0000026239B15A40 49] iPadPro11, [00000262393E9B00][0000026239B19BC0 49] iPadPro2_11, [0000026239479500][0000026239B1C1C0 49] iPadPro3_129, [00000262393EA700][0000026239B20340 49] iPadPro4_129, [0000026239478100][0000026239B244C0 49] AppleTV, [00000262393EAB00][0000026239B28640 49] AppleTV4K, [0000026239479B00][0000026239B2C7C0 49] TVOS, [00000262393E8900][0000026239B30940 49] Mac, [0000026239479700][0000026239B34AC0 49] MacClient, [00000262393EAF00][0000026239B38C40 49] MacNoEditor, [0000026239478D00][0000026239AF8D80 49] MacServer, [00000262393E8300][0000026239B3CEC0 49] Linux, [000002623947AE00][0000026239B41000 49] LinuxAArch64, [00000262393E9500][0000026239B45140 49] LinuxNoEditor, [000002623947A400][0000026239B4D2C0 49] LinuxAArch64NoEditor, [00000262393E8200][0000026239B51440 49] LinuxClient, [000002623947AD00][0000026239B555C0 49] LinuxAArch64Client, [00000262393E8C00][0000026239B59740 49] LinuxServer, [0000026239478400][0000026239B5D8C0 49] LinuxAArch64Server, [00000262393E9000][0000026239B61A40 49] Android, [000002623941F900][0000026239B65BC0 49] Android_Low, [00000262393CDB00][0000026239B681C0 49] Android_Mid, [000002623941F000][0000026239B6C340 49] Android_High, [00000262393CE300][0000026239B704C0 49] Android_Default, [000002623941E000][0000026239B74640 49] Android_Adreno4xx, [00000262393CC100][0000026239B787C0 49] Android_Adreno5xx_Low, [000002623941CB00][0000026239B7C940 49] Android_Adreno5xx, [00000262393CD800][0000026239B80AC0 49] Android_Adreno6xx, [000002623941D100][0000026239B84C40 49] Android_Adreno6xx_Vulkan, [00000262393CC800][0000026239B88DC0 49] Android_Mali_T6xx, [000002623941F600][0000026239B8CF40 49] Android_Mali_T7xx, [00000262393CCD00][0000026239B49080 49] Android_Mali_T8xx, [000002623941FC00][0000026239B911C0 49] Android_Mali_G71, [00000262393CD500][0000026239B95300 49] Android_Mali_G72, [000002623941FE00][0000026239B9D480 49] Android_Mali_G72_Vulkan, [00000262393CFD00][0000026239BA1600 49] Android_Mali_G76, [000002623941FA00][0000026239BA5780 49] Android_Mali_G76_Vulkan, [00000262393CF600][0000026239BA9900 49] Android_Mali_G77, [000002623941E200][0000026239BADA80 49] Android_Mali_G77_Vulkan, [00000262393CD200][0000026239BB1C00 49] Android_Mali_G78, [000002623941CA00][0000026239BB4200 49] Android_Mali_G78_Vulkan, [00000262393CF000][0000026239BB8380 49] Android_Mali_G710, [000002623941D400][0000026239BBC500 49] Android_Mali_G710_Vulkan, [00000262393CC700][0000026239BD0680 49] Android_Vulkan_SM5, [000002623941D800][0000026239BD8800 49] Android_PowerVR_G6xxx, [00000262393CCE00][0000026239C4C980 49] Android_PowerVR_GT7xxx, [000002623941C200][0000026239C50B00 49] Android_PowerVR_GE8xxx, [00000262393CC600][0000026239C5CC80 49] Android_PowerVR_GM9xxx, [000002623941E600][0000026239C60E00 49] Android_PowerVR_GM9xxx_Vulkan, [00000262393E8F00][0000026239C64F80 49] Android_TegraK1, [000002623941EA00][0000026239C69100 49] Android_Unknown_Vulkan, [00000262393E8D00][0000026239B99240 49] Lumin, [000002623941D200][0000026239C6D380 49] Lumin_Desktop, [00000262393E8B00][0000026239C714C0 49] HoloLens, 
[2025.05.26-17.22.45:290][  0]LogMeshReduction: Using QuadricMeshReduction for automatic static mesh reduction
[2025.05.26-17.22.45:290][  0]LogMeshReduction: Using SimplygonMeshReduction for automatic skeletal mesh reduction
[2025.05.26-17.22.45:290][  0]LogMeshReduction: Using ProxyLODMeshReduction for automatic mesh merging
[2025.05.26-17.22.45:290][  0]LogMeshReduction: No distributed automatic mesh merging module available
[2025.05.26-17.22.45:290][  0]LogMeshMerging: No distributed automatic mesh merging module available
[2025.05.26-17.22.45:299][  0]LogNetVersion: TopDownAC 1.0.0, NetCL: 17155196, EngineNetVer: 17, GameNetVer: 0 (Checksum: 548030664)
[2025.05.26-17.22.45:533][  0]LogTexture: Default maximum texture size for cubemaps generated from long-lat sources has been changed from 512 to unlimited. In order to preserve old behaiour for '/Engine/MapTemplates/Sky/DaylightAmbientCubemap.DaylightAmbientCubemap', its maximum texture size has been explicitly set to 512.
[2025.05.26-17.22.45:571][  0]LogHMD: PokeAHoleMaterial loaded successfully
[2025.05.26-17.22.45:575][  0]LogUObjectArray: 17178 objects as part of root set at end of initial load.
[2025.05.26-17.22.45:575][  0]LogUObjectAllocator: 4302048 out of 0 bytes used by permanent object pool.
[2025.05.26-17.22.45:575][  0]LogUObjectArray: CloseDisregardForGC: 0/0 objects in disregard for GC pool
[2025.05.26-17.22.45:737][  0]LogPython: Using Python 3.7.7
[2025.05.26-17.22.46:037][  0]LogNiagaraDebuggerClient: Niagara Debugger Client Initialized | Session: D9CE15A14C2ECF2C1D2314904F06A644 | Instance: 7948381043BDF24F7B98DCAE2FE4C182 (LAPTOP-AN92MERF-28028).
[2025.05.26-17.22.46:130][  0]LogUdpMessaging: Initializing bridge on interface 0.0.0.0:0 to multicast group 230.0.0.1:6666.
[2025.05.26-17.22.46:136][  0]LogTcpMessaging: Initializing TcpMessaging bridge
[2025.05.26-17.22.46:278][  0]SourceControl: Source control is disabled
[2025.05.26-17.22.46:278][  0]SourceControl: Source control is disabled
[2025.05.26-17.22.46:280][  0]SourceControl: Source control is disabled
[2025.05.26-17.22.46:282][  0]SourceControl: Source control is disabled
[2025.05.26-17.22.46:287][  0]SourceControl: Source control is disabled
[2025.05.26-17.22.46:291][  0]LogUProjectInfo: Found projects:
[2025.05.26-17.22.46:296][  0]LogVSAccessor: Display: Unable to create Visual Studio setup instance: 80040154
[2025.05.26-17.22.46:297][  0]LogVSAccessor: Display: Unable to create Visual Studio setup instance: 80040154
[2025.05.26-17.22.46:297][  0]LogVSAccessor: Display: Unable to create Visual Studio setup instance: 80040154
[2025.05.26-17.22.46:378][  0]LogOpenImageDenoise: OIDN starting up
[2025.05.26-17.22.46:410][  0]LogAndroidPermission: UAndroidPermissionCallbackProxy::GetInstance
[2025.05.26-17.22.46:421][  0]LogAudioCaptureCore: Display: No Audio Capture implementations found. Audio input will be silent.
[2025.05.26-17.22.46:421][  0]LogAudioCaptureCore: Display: No Audio Capture implementations found. Audio input will be silent.
[2025.05.26-17.22.46:505][  0]LogCollectionManager: Loaded 0 collections in 0.000412 seconds
[2025.05.26-17.22.46:522][  0]LogFileCache: Scanning file cache for directory 'D:/Repozytoria/UE 4.27/KZ_TopDownShooter/TopDownAC/Saved/Collections/' took 0.00s
[2025.05.26-17.22.46:522][  0]LogFileCache: Scanning file cache for directory 'D:/Repozytoria/UE 4.27/KZ_TopDownShooter/TopDownAC/Content/Developers/harry/Collections/' took 0.00s
[2025.05.26-17.22.46:522][  0]LogFileCache: Scanning file cache for directory 'D:/Repozytoria/UE 4.27/KZ_TopDownShooter/TopDownAC/Content/Collections/' took 0.00s
[2025.05.26-17.22.46:522][  0]LogOcInput: OculusInput pre-init called
[2025.05.26-17.22.46:678][  0]LogEngine: Initializing Engine...
[2025.05.26-17.22.46:686][  0]LogHMD: Failed to enumerate extensions. Please check that you have a valid OpenXR runtime installed.
[2025.05.26-17.22.46:686][  0]LogHMD: Failed to initialize OpenVR with code 110
[2025.05.26-17.22.46:686][  0]LogMagicLeap: Warning: VR disabled because ZI is not enabled.  To enable, in the editor, Edit -> Project Settings -> Plugins -> Magic Leap Plugin -> Enable Zero Iteration
[2025.05.26-17.22.46:686][  0]LogStats: UGameplayTagsManager::InitializeManager -  0.000 s
[2025.05.26-17.22.46:778][  0]LogInit: Initializing FReadOnlyCVARCache
[2025.05.26-17.22.46:783][  0]LogAIModule: Creating AISystem for world Untitled
[2025.05.26-17.22.46:783][  0]LogAudio: Display: Initializing Audio Device Manager...
[2025.05.26-17.22.46:785][  0]LogAudio: Display: Loading Default Audio Settings Objects...
[2025.05.26-17.22.46:786][  0]LogAudio: Display: No default SoundConcurrencyObject specified (or failed to load).
[2025.05.26-17.22.46:786][  0]LogAudio: Display: Audio Device Manager Initialized
[2025.05.26-17.22.46:786][  0]LogAudio: Display: Creating Audio Device:                 Id: 1, Scope: Shared, Realtime: True
[2025.05.26-17.22.46:786][  0]LogAudioMixer: Display: Audio Mixer Platform Settings:
[2025.05.26-17.22.46:786][  0]LogAudioMixer: Display: 	Sample Rate:						  48000
[2025.05.26-17.22.46:786][  0]LogAudioMixer: Display: 	Callback Buffer Frame Size Requested: 1024
[2025.05.26-17.22.46:786][  0]LogAudioMixer: Display: 	Callback Buffer Frame Size To Use:	  1024
[2025.05.26-17.22.46:786][  0]LogAudioMixer: Display: 	Number of buffers to queue:			  2
[2025.05.26-17.22.46:786][  0]LogAudioMixer: Display: 	Max Channels (voices):				  32
[2025.05.26-17.22.46:786][  0]LogAudioMixer: Display: 	Number of Async Source Workers:		  0
[2025.05.26-17.22.46:786][  0]LogAudio: Display: AudioDevice MaxSources: 32
[2025.05.26-17.22.46:786][  0]LogAudio: Display: Audio Spatialization Plugin: None (built-in).
[2025.05.26-17.22.46:786][  0]LogAudio: Display: Audio Reverb Plugin: None (built-in).
[2025.05.26-17.22.46:786][  0]LogAudio: Display: Audio Occlusion Plugin: None (built-in).
[2025.05.26-17.22.46:786][  0]LogAudioMixer: Display: Initializing audio mixer.
[2025.05.26-17.22.46:794][  0]LogAudioMixer: Display: 0: FrontLeft
[2025.05.26-17.22.46:794][  0]LogAudioMixer: Display: 1: FrontRight
[2025.05.26-17.22.46:878][  0]LogAudioMixer: Display: Using Audio Device Speakers (Realtek(R) Audio)
[2025.05.26-17.22.46:881][  0]LogAudioMixer: Display: Initializing Sound Submixes...
[2025.05.26-17.22.46:882][  0]LogAudioMixer: Display: Creating Master Submix 'MasterSubmixDefault'
[2025.05.26-17.22.46:882][  0]LogAudioMixer: Display: Creating Master Submix 'MasterReverbSubmixDefault'
[2025.05.26-17.22.46:884][  0]LogAudioMixer: Display: Creating Master Submix 'MasterEQSubmixDefault'
[2025.05.26-17.22.46:884][  0]LogAudioMixer: FMixerPlatformXAudio2::StartAudioStream() called
[2025.05.26-17.22.46:884][  0]LogAudioMixer: Display: Output buffers initialized: Frames=1024, Channels=2, Samples=2048
[2025.05.26-17.22.46:885][  0]LogAudioMixer: Display: Starting AudioMixerPlatformInterface::RunInternal()
[2025.05.26-17.22.46:885][  0]LogAudioMixer: Display: FMixerPlatformXAudio2::SubmitBuffer() called for the first time
[2025.05.26-17.22.46:885][  0]LogInit: FAudioDevice initialized.
[2025.05.26-17.22.46:885][  0]LogAudio: Display: Audio Device (ID: 1) registered with world 'Untitled'.
[2025.05.26-17.22.46:885][  0]LogNetVersion: Set ProjectVersion to 1.0.0.0. Version Checksum will be recalculated on next use.
[2025.05.26-17.22.46:936][  0]LogDerivedDataCache: Saved boot cache 0.05s 94MB C:/Users/harry/AppData/Local/UnrealEngine/4.27/DerivedDataCache/Boot.ddc.
[2025.05.26-17.22.46:936][  0]LogInit: Texture streaming: Enabled
[2025.05.26-17.22.46:944][  0]LogAnalytics: Display: [UEEditor.Rocket.Release] APIServer = https://datarouter.ol.epicgames.com/. AppVersion = 4.27.2-18319896+++UE4+Release-4.27
[2025.05.26-17.22.46:946][  0]LogEngineSessionManager: EngineSessionManager initialized
[2025.05.26-17.22.46:946][  0]LogEditorSessionSummary: Verbose: Initializing EditorSessionSummaryWriter for editor session tracking
[2025.05.26-17.22.46:948][  0]LogEditorSessionSummary: EditorSessionSummaryWriter initialized
[2025.05.26-17.22.46:965][  0]LogInit: Transaction tracking system initialized
[2025.05.26-17.22.46:980][  0]BlueprintLog: New page: Editor Load
[2025.05.26-17.22.47:019][  0]LocalizationService: Localization service is disabled
[2025.05.26-17.22.47:039][  0]TimingProfiler: Initialize
[2025.05.26-17.22.47:039][  0]TimingProfiler: OnSessionChanged
[2025.05.26-17.22.47:039][  0]LoadingProfiler: Initialize
[2025.05.26-17.22.47:040][  0]LoadingProfiler: OnSessionChanged
[2025.05.26-17.22.47:040][  0]NetworkingProfiler: Initialize
[2025.05.26-17.22.47:040][  0]NetworkingProfiler: OnSessionChanged
[2025.05.26-17.22.47:040][  0]MemoryProfiler: Initialize
[2025.05.26-17.22.47:040][  0]MemoryProfiler: OnSessionChanged
[2025.05.26-17.22.47:079][  0]LogVSAccessor: Display: Unable to create Visual Studio setup instance: 80040154
[2025.05.26-17.22.47:079][  0]LogVSAccessor: Display: Unable to create Visual Studio setup instance: 80040154
[2025.05.26-17.22.47:079][  0]LogVSAccessor: Display: Unable to create Visual Studio setup instance: 80040154
[2025.05.26-17.22.47:156][  0]LogCook: Display: CookSettings for Memory: MemoryMaxUsedVirtual 0MiB, MemoryMaxUsedPhysical 16384MiB, MemoryMinFreeVirtual 0MiB, MemoryMinFreePhysical 1024MiB
[2025.05.26-17.22.47:156][  0]LogCook: Display: Mobile HDR setting 1
[2025.05.26-17.22.47:170][  0]LogFileCache: Scanning file cache for directory 'D:/Repozytoria/UE 4.27/KZ_TopDownShooter/TopDownAC/Content/' took 0.00s
[2025.05.26-17.22.47:388][  0]LogInit: Display: Engine is initialized. Leaving FEngineLoop::Init()
[2025.05.26-17.22.47:390][  0]SourceControl: Source control is disabled
[2025.05.26-17.22.47:390][  0]LogUnrealEdMisc: Loading editor; pre map load, took 4.525
[2025.05.26-17.22.47:391][  0]Cmd: MAP LOAD FILE="../../../../../Repozytoria/UE 4.27/KZ_TopDownShooter/TopDownAC/Content/Levels/Main.umap" TEMPLATE=0 SHOWPROGRESS=1 FEATURELEVEL=3
[2025.05.26-17.22.47:392][  0]LightingResults: New page: Lighting Build
[2025.05.26-17.22.47:393][  0]LogWorld: UWorld::CleanupWorld for Untitled, bSessionEnded=true, bCleanupResources=true
[2025.05.26-17.22.47:393][  0]LogSlate: InvalidateAllWidgets triggered.  All widgets were invalidated
[2025.05.26-17.22.47:393][  0]MapCheck: New page: Map Check
[2025.05.26-17.22.47:393][  0]LightingResults: New page: Lighting Build
[2025.05.26-17.22.47:396][  0]LogAudio: Display: Audio Device unregistered from world 'None'.
[2025.05.26-17.22.47:399][  0]LogUObjectHash: Compacting FUObjectHashTables data took   0.49ms
[2025.05.26-17.22.47:555][  0]LogAudio: Display: Audio Device (ID: 1) registered with world 'Main'.
[2025.05.26-17.22.47:556][  0]LogAIModule: Creating AISystem for world Main
[2025.05.26-17.22.47:562][  0]LogEditorServer: Finished looking for orphan Actors (0.000 secs)
[2025.05.26-17.22.47:567][  0]LogUObjectHash: Compacting FUObjectHashTables data took   0.51ms
[2025.05.26-17.22.47:568][  0]Cmd: MAP CHECKDEP NOCLEARLOG
[2025.05.26-17.22.47:568][  0]MapCheck: Map check complete: 0 Error(s), 0 Warning(s), took 0,065ms to complete.
[2025.05.26-17.22.47:568][  0]LogFileHelpers: Loading map 'Main' took 0.178
[2025.05.26-17.22.47:569][  0]LogUnrealEdMisc: Total Editor Startup Time, took 4.704
[2025.05.26-17.22.47:670][  0]LogSlate: Updating window title bar state: overlay mode, drag disabled, window buttons hidden, title bar hidden
[2025.05.26-17.22.47:675][  0]LogSlate: Updating window title bar state: overlay mode, drag disabled, window buttons hidden, title bar hidden
[2025.05.26-17.22.47:679][  0]LogSlate: Updating window title bar state: overlay mode, drag disabled, window buttons hidden, title bar hidden
[2025.05.26-17.22.47:682][  0]LogSlate: Updating window title bar state: overlay mode, drag disabled, window buttons hidden, title bar hidden
[2025.05.26-17.22.47:703][  0]LogNativeClassHierarchy: Verbose: Native class hierarchy populated in 0.0065 seconds. Added 3822 classes and 928 folders.
[2025.05.26-17.22.47:708][  0]LogNativeClassHierarchy: Verbose: Native class hierarchy updated for 'WidgetCarousel' in 0.0001 seconds. Added 0 classes and 0 folders.
[2025.05.26-17.22.47:716][  0]LogPakFile: PakFile PrimaryIndexSize=187
[2025.05.26-17.22.47:716][  0]LogPakFile: PakFile PathHashIndexSize=101
[2025.05.26-17.22.47:716][  0]LogPakFile: PakFile FullDirectoryIndexSize=148
[2025.05.26-17.22.47:716][  0]LogShaderLibrary: Display: ShaderCodeLibraryPakFileMountedCallback: PakFile 'D:/Epic Games/UE_4.27/FeaturePacks/FP_FirstPerson.upack' (chunk index -1, root 'root:/') mounted
[2025.05.26-17.22.47:716][  0]LogShaderLibrary: Display: ShaderCodeLibraryPakFileMountedCallback: pending pak file info (ChunkID:-1 Root:root:/ File:D:/Epic Games/UE_4.27/FeaturePacks/FP_FirstPerson.upack)
[2025.05.26-17.22.47:716][  0]LogPakFile: OnPakFileMounted2Time == 0.000039
[2025.05.26-17.22.47:717][  0]LogPakFile: PakFile PrimaryIndexSize=189
[2025.05.26-17.22.47:717][  0]LogPakFile: PakFile PathHashIndexSize=101
[2025.05.26-17.22.47:717][  0]LogPakFile: PakFile FullDirectoryIndexSize=152
[2025.05.26-17.22.47:717][  0]LogShaderLibrary: Display: ShaderCodeLibraryPakFileMountedCallback: PakFile 'D:/Epic Games/UE_4.27/FeaturePacks/FP_FirstPersonBP.upack' (chunk index -1, root 'root:/') mounted
[2025.05.26-17.22.47:717][  0]LogShaderLibrary: Display: ShaderCodeLibraryPakFileMountedCallback: pending pak file info (ChunkID:-1 Root:root:/ File:D:/Epic Games/UE_4.27/FeaturePacks/FP_FirstPersonBP.upack)
[2025.05.26-17.22.47:717][  0]LogPakFile: OnPakFileMounted2Time == 0.000022
[2025.05.26-17.22.47:718][  0]LogPakFile: PakFile PrimaryIndexSize=191
[2025.05.26-17.22.47:718][  0]LogPakFile: PakFile PathHashIndexSize=101
[2025.05.26-17.22.47:718][  0]LogPakFile: PakFile FullDirectoryIndexSize=160
[2025.05.26-17.22.47:718][  0]LogShaderLibrary: Display: ShaderCodeLibraryPakFileMountedCallback: PakFile 'D:/Epic Games/UE_4.27/FeaturePacks/MobileStarterContent.upack' (chunk index -1, root 'root:/') mounted
[2025.05.26-17.22.47:718][  0]LogShaderLibrary: Display: ShaderCodeLibraryPakFileMountedCallback: pending pak file info (ChunkID:-1 Root:root:/ File:D:/Epic Games/UE_4.27/FeaturePacks/MobileStarterContent.upack)
[2025.05.26-17.22.47:718][  0]LogPakFile: OnPakFileMounted2Time == 0.000022
[2025.05.26-17.22.47:720][  0]LogPakFile: PakFile PrimaryIndexSize=185
[2025.05.26-17.22.47:720][  0]LogPakFile: PakFile PathHashIndexSize=101
[2025.05.26-17.22.47:720][  0]LogPakFile: PakFile FullDirectoryIndexSize=148
[2025.05.26-17.22.47:720][  0]LogShaderLibrary: Display: ShaderCodeLibraryPakFileMountedCallback: PakFile 'D:/Epic Games/UE_4.27/FeaturePacks/StarterContent.upack' (chunk index -1, root 'root:/') mounted
[2025.05.26-17.22.47:720][  0]LogShaderLibrary: Display: ShaderCodeLibraryPakFileMountedCallback: pending pak file info (ChunkID:-1 Root:root:/ File:D:/Epic Games/UE_4.27/FeaturePacks/StarterContent.upack)
[2025.05.26-17.22.47:720][  0]LogPakFile: OnPakFileMounted2Time == 0.000021
[2025.05.26-17.22.47:721][  0]LogPakFile: PakFile PrimaryIndexSize=190
[2025.05.26-17.22.47:721][  0]LogPakFile: PakFile PathHashIndexSize=101
[2025.05.26-17.22.47:721][  0]LogPakFile: PakFile FullDirectoryIndexSize=154
[2025.05.26-17.22.47:721][  0]LogShaderLibrary: Display: ShaderCodeLibraryPakFileMountedCallback: PakFile 'D:/Epic Games/UE_4.27/FeaturePacks/TP_2DSideScroller.upack' (chunk index -1, root 'root:/') mounted
[2025.05.26-17.22.47:721][  0]LogShaderLibrary: Display: ShaderCodeLibraryPakFileMountedCallback: pending pak file info (ChunkID:-1 Root:root:/ File:D:/Epic Games/UE_4.27/FeaturePacks/TP_2DSideScroller.upack)
[2025.05.26-17.22.47:721][  0]LogPakFile: OnPakFileMounted2Time == 0.000020
[2025.05.26-17.22.47:722][  0]LogPakFile: PakFile PrimaryIndexSize=192
[2025.05.26-17.22.47:722][  0]LogPakFile: PakFile PathHashIndexSize=101
[2025.05.26-17.22.47:722][  0]LogPakFile: PakFile FullDirectoryIndexSize=158
[2025.05.26-17.22.47:722][  0]LogShaderLibrary: Display: ShaderCodeLibraryPakFileMountedCallback: PakFile 'D:/Epic Games/UE_4.27/FeaturePacks/TP_2DSideScrollerBP.upack' (chunk index -1, root 'root:/') mounted
[2025.05.26-17.22.47:722][  0]LogShaderLibrary: Display: ShaderCodeLibraryPakFileMountedCallback: pending pak file info (ChunkID:-1 Root:root:/ File:D:/Epic Games/UE_4.27/FeaturePacks/TP_2DSideScrollerBP.upack)
[2025.05.26-17.22.47:722][  0]LogPakFile: OnPakFileMounted2Time == 0.000021
[2025.05.26-17.22.47:724][  0]LogPakFile: PakFile PrimaryIndexSize=182
[2025.05.26-17.22.47:724][  0]LogPakFile: PakFile PathHashIndexSize=101
[2025.05.26-17.22.47:724][  0]LogPakFile: PakFile FullDirectoryIndexSize=138
[2025.05.26-17.22.47:724][  0]LogShaderLibrary: Display: ShaderCodeLibraryPakFileMountedCallback: PakFile 'D:/Epic Games/UE_4.27/FeaturePacks/TP_Flying.upack' (chunk index -1, root 'root:/') mounted
[2025.05.26-17.22.47:724][  0]LogShaderLibrary: Display: ShaderCodeLibraryPakFileMountedCallback: pending pak file info (ChunkID:-1 Root:root:/ File:D:/Epic Games/UE_4.27/FeaturePacks/TP_Flying.upack)
[2025.05.26-17.22.47:724][  0]LogPakFile: OnPakFileMounted2Time == 0.000018
[2025.05.26-17.22.47:725][  0]LogPakFile: PakFile PrimaryIndexSize=184
[2025.05.26-17.22.47:725][  0]LogPakFile: PakFile PathHashIndexSize=101
[2025.05.26-17.22.47:725][  0]LogPakFile: PakFile FullDirectoryIndexSize=142
[2025.05.26-17.22.47:725][  0]LogShaderLibrary: Display: ShaderCodeLibraryPakFileMountedCallback: PakFile 'D:/Epic Games/UE_4.27/FeaturePacks/TP_FlyingBP.upack' (chunk index -1, root 'root:/') mounted
[2025.05.26-17.22.47:725][  0]LogShaderLibrary: Display: ShaderCodeLibraryPakFileMountedCallback: pending pak file info (ChunkID:-1 Root:root:/ File:D:/Epic Games/UE_4.27/FeaturePacks/TP_FlyingBP.upack)
[2025.05.26-17.22.47:725][  0]LogPakFile: OnPakFileMounted2Time == 0.000018
[2025.05.26-17.22.47:727][  0]LogPakFile: PakFile PrimaryIndexSize=188
[2025.05.26-17.22.47:727][  0]LogPakFile: PakFile PathHashIndexSize=101
[2025.05.26-17.22.47:727][  0]LogPakFile: PakFile FullDirectoryIndexSize=150
[2025.05.26-17.22.47:727][  0]LogShaderLibrary: Display: ShaderCodeLibraryPakFileMountedCallback: PakFile 'D:/Epic Games/UE_4.27/FeaturePacks/TP_HandheldARBP.upack' (chunk index -1, root 'root:/') mounted
[2025.05.26-17.22.47:727][  0]LogShaderLibrary: Display: ShaderCodeLibraryPakFileMountedCallback: pending pak file info (ChunkID:-1 Root:root:/ File:D:/Epic Games/UE_4.27/FeaturePacks/TP_HandheldARBP.upack)
[2025.05.26-17.22.47:727][  0]LogPakFile: OnPakFileMounted2Time == 0.000021
[2025.05.26-17.22.47:729][  0]LogPakFile: PakFile PrimaryIndexSize=182
[2025.05.26-17.22.47:729][  0]LogPakFile: PakFile PathHashIndexSize=101
[2025.05.26-17.22.47:729][  0]LogPakFile: PakFile FullDirectoryIndexSize=138
[2025.05.26-17.22.47:729][  0]LogShaderLibrary: Display: ShaderCodeLibraryPakFileMountedCallback: PakFile 'D:/Epic Games/UE_4.27/FeaturePacks/TP_Puzzle.upack' (chunk index -1, root 'root:/') mounted
[2025.05.26-17.22.47:729][  0]LogShaderLibrary: Display: ShaderCodeLibraryPakFileMountedCallback: pending pak file info (ChunkID:-1 Root:root:/ File:D:/Epic Games/UE_4.27/FeaturePacks/TP_Puzzle.upack)
[2025.05.26-17.22.47:729][  0]LogPakFile: OnPakFileMounted2Time == 0.000025
[2025.05.26-17.22.47:730][  0]LogPakFile: PakFile PrimaryIndexSize=184
[2025.05.26-17.22.47:730][  0]LogPakFile: PakFile PathHashIndexSize=101
[2025.05.26-17.22.47:730][  0]LogPakFile: PakFile FullDirectoryIndexSize=142
[2025.05.26-17.22.47:730][  0]LogShaderLibrary: Display: ShaderCodeLibraryPakFileMountedCallback: PakFile 'D:/Epic Games/UE_4.27/FeaturePacks/TP_PuzzleBP.upack' (chunk index -1, root 'root:/') mounted
[2025.05.26-17.22.47:730][  0]LogShaderLibrary: Display: ShaderCodeLibraryPakFileMountedCallback: pending pak file info (ChunkID:-1 Root:root:/ File:D:/Epic Games/UE_4.27/FeaturePacks/TP_PuzzleBP.upack)
[2025.05.26-17.22.47:730][  0]LogPakFile: OnPakFileMounted2Time == 0.000020
[2025.05.26-17.22.47:732][  0]LogPakFile: PakFile PrimaryIndexSize=183
[2025.05.26-17.22.47:732][  0]LogPakFile: PakFile PathHashIndexSize=101
[2025.05.26-17.22.47:732][  0]LogPakFile: PakFile FullDirectoryIndexSize=140
[2025.05.26-17.22.47:732][  0]LogShaderLibrary: Display: ShaderCodeLibraryPakFileMountedCallback: PakFile 'D:/Epic Games/UE_4.27/FeaturePacks/TP_Rolling.upack' (chunk index -1, root 'root:/') mounted
[2025.05.26-17.22.47:732][  0]LogShaderLibrary: Display: ShaderCodeLibraryPakFileMountedCallback: pending pak file info (ChunkID:-1 Root:root:/ File:D:/Epic Games/UE_4.27/FeaturePacks/TP_Rolling.upack)
[2025.05.26-17.22.47:732][  0]LogPakFile: OnPakFileMounted2Time == 0.000021
[2025.05.26-17.22.47:734][  0]LogPakFile: PakFile PrimaryIndexSize=185
[2025.05.26-17.22.47:734][  0]LogPakFile: PakFile PathHashIndexSize=101
[2025.05.26-17.22.47:734][  0]LogPakFile: PakFile FullDirectoryIndexSize=144
[2025.05.26-17.22.47:734][  0]LogShaderLibrary: Display: ShaderCodeLibraryPakFileMountedCallback: PakFile 'D:/Epic Games/UE_4.27/FeaturePacks/TP_RollingBP.upack' (chunk index -1, root 'root:/') mounted
[2025.05.26-17.22.47:734][  0]LogShaderLibrary: Display: ShaderCodeLibraryPakFileMountedCallback: pending pak file info (ChunkID:-1 Root:root:/ File:D:/Epic Games/UE_4.27/FeaturePacks/TP_RollingBP.upack)
[2025.05.26-17.22.47:734][  0]LogPakFile: OnPakFileMounted2Time == 0.000020
[2025.05.26-17.22.47:735][  0]LogPakFile: PakFile PrimaryIndexSize=188
[2025.05.26-17.22.47:735][  0]LogPakFile: PakFile PathHashIndexSize=101
[2025.05.26-17.22.47:735][  0]LogPakFile: PakFile FullDirectoryIndexSize=150
[2025.05.26-17.22.47:735][  0]LogShaderLibrary: Display: ShaderCodeLibraryPakFileMountedCallback: PakFile 'D:/Epic Games/UE_4.27/FeaturePacks/TP_SideScroller.upack' (chunk index -1, root 'root:/') mounted
[2025.05.26-17.22.47:735][  0]LogShaderLibrary: Display: ShaderCodeLibraryPakFileMountedCallback: pending pak file info (ChunkID:-1 Root:root:/ File:D:/Epic Games/UE_4.27/FeaturePacks/TP_SideScroller.upack)
[2025.05.26-17.22.47:735][  0]LogPakFile: OnPakFileMounted2Time == 0.000020
[2025.05.26-17.22.47:737][  0]LogPakFile: PakFile PrimaryIndexSize=190
[2025.05.26-17.22.47:737][  0]LogPakFile: PakFile PathHashIndexSize=101
[2025.05.26-17.22.47:737][  0]LogPakFile: PakFile FullDirectoryIndexSize=154
[2025.05.26-17.22.47:737][  0]LogShaderLibrary: Display: ShaderCodeLibraryPakFileMountedCallback: PakFile 'D:/Epic Games/UE_4.27/FeaturePacks/TP_SideScrollerBP.upack' (chunk index -1, root 'root:/') mounted
[2025.05.26-17.22.47:737][  0]LogShaderLibrary: Display: ShaderCodeLibraryPakFileMountedCallback: pending pak file info (ChunkID:-1 Root:root:/ File:D:/Epic Games/UE_4.27/FeaturePacks/TP_SideScrollerBP.upack)
[2025.05.26-17.22.47:737][  0]LogPakFile: OnPakFileMounted2Time == 0.000020
[2025.05.26-17.22.47:740][  0]LogPakFile: PakFile PrimaryIndexSize=187
[2025.05.26-17.22.47:740][  0]LogPakFile: PakFile PathHashIndexSize=101
[2025.05.26-17.22.47:740][  0]LogPakFile: PakFile FullDirectoryIndexSize=148
[2025.05.26-17.22.47:740][  0]LogShaderLibrary: Display: ShaderCodeLibraryPakFileMountedCallback: PakFile 'D:/Epic Games/UE_4.27/FeaturePacks/TP_ThirdPerson.upack' (chunk index -1, root 'root:/') mounted
[2025.05.26-17.22.47:740][  0]LogShaderLibrary: Display: ShaderCodeLibraryPakFileMountedCallback: pending pak file info (ChunkID:-1 Root:root:/ File:D:/Epic Games/UE_4.27/FeaturePacks/TP_ThirdPerson.upack)
[2025.05.26-17.22.47:740][  0]LogPakFile: OnPakFileMounted2Time == 0.000021
[2025.05.26-17.22.47:742][  0]LogPakFile: PakFile PrimaryIndexSize=189
[2025.05.26-17.22.47:742][  0]LogPakFile: PakFile PathHashIndexSize=101
[2025.05.26-17.22.47:742][  0]LogPakFile: PakFile FullDirectoryIndexSize=152
[2025.05.26-17.22.47:742][  0]LogShaderLibrary: Display: ShaderCodeLibraryPakFileMountedCallback: PakFile 'D:/Epic Games/UE_4.27/FeaturePacks/TP_ThirdPersonBP.upack' (chunk index -1, root 'root:/') mounted
[2025.05.26-17.22.47:742][  0]LogShaderLibrary: Display: ShaderCodeLibraryPakFileMountedCallback: pending pak file info (ChunkID:-1 Root:root:/ File:D:/Epic Games/UE_4.27/FeaturePacks/TP_ThirdPersonBP.upack)
[2025.05.26-17.22.47:742][  0]LogPakFile: OnPakFileMounted2Time == 0.000022
[2025.05.26-17.22.47:744][  0]LogPakFile: PakFile PrimaryIndexSize=183
[2025.05.26-17.22.47:744][  0]LogPakFile: PakFile PathHashIndexSize=101
[2025.05.26-17.22.47:744][  0]LogPakFile: PakFile FullDirectoryIndexSize=140
[2025.05.26-17.22.47:744][  0]LogShaderLibrary: Display: ShaderCodeLibraryPakFileMountedCallback: PakFile 'D:/Epic Games/UE_4.27/FeaturePacks/TP_TopDown.upack' (chunk index -1, root 'root:/') mounted
[2025.05.26-17.22.47:744][  0]LogShaderLibrary: Display: ShaderCodeLibraryPakFileMountedCallback: pending pak file info (ChunkID:-1 Root:root:/ File:D:/Epic Games/UE_4.27/FeaturePacks/TP_TopDown.upack)
[2025.05.26-17.22.47:744][  0]LogPakFile: OnPakFileMounted2Time == 0.000030
[2025.05.26-17.22.47:745][  0]LogPakFile: PakFile PrimaryIndexSize=185
[2025.05.26-17.22.47:745][  0]LogPakFile: PakFile PathHashIndexSize=101
[2025.05.26-17.22.47:745][  0]LogPakFile: PakFile FullDirectoryIndexSize=144
[2025.05.26-17.22.47:745][  0]LogShaderLibrary: Display: ShaderCodeLibraryPakFileMountedCallback: PakFile 'D:/Epic Games/UE_4.27/FeaturePacks/TP_TopDownBP.upack' (chunk index -1, root 'root:/') mounted
[2025.05.26-17.22.47:745][  0]LogShaderLibrary: Display: ShaderCodeLibraryPakFileMountedCallback: pending pak file info (ChunkID:-1 Root:root:/ File:D:/Epic Games/UE_4.27/FeaturePacks/TP_TopDownBP.upack)
[2025.05.26-17.22.47:745][  0]LogPakFile: OnPakFileMounted2Time == 0.000021
[2025.05.26-17.22.47:747][  0]LogPakFile: PakFile PrimaryIndexSize=185
[2025.05.26-17.22.47:747][  0]LogPakFile: PakFile PathHashIndexSize=101
[2025.05.26-17.22.47:747][  0]LogPakFile: PakFile FullDirectoryIndexSize=144
[2025.05.26-17.22.47:747][  0]LogShaderLibrary: Display: ShaderCodeLibraryPakFileMountedCallback: PakFile 'D:/Epic Games/UE_4.27/FeaturePacks/TP_TwinStick.upack' (chunk index -1, root 'root:/') mounted
[2025.05.26-17.22.47:747][  0]LogShaderLibrary: Display: ShaderCodeLibraryPakFileMountedCallback: pending pak file info (ChunkID:-1 Root:root:/ File:D:/Epic Games/UE_4.27/FeaturePacks/TP_TwinStick.upack)
[2025.05.26-17.22.47:747][  0]LogPakFile: OnPakFileMounted2Time == 0.000022
[2025.05.26-17.22.47:748][  0]LogPakFile: PakFile PrimaryIndexSize=187
[2025.05.26-17.22.47:748][  0]LogPakFile: PakFile PathHashIndexSize=101
[2025.05.26-17.22.47:748][  0]LogPakFile: PakFile FullDirectoryIndexSize=148
[2025.05.26-17.22.47:748][  0]LogShaderLibrary: Display: ShaderCodeLibraryPakFileMountedCallback: PakFile 'D:/Epic Games/UE_4.27/FeaturePacks/TP_TwinStickBP.upack' (chunk index -1, root 'root:/') mounted
[2025.05.26-17.22.47:748][  0]LogShaderLibrary: Display: ShaderCodeLibraryPakFileMountedCallback: pending pak file info (ChunkID:-1 Root:root:/ File:D:/Epic Games/UE_4.27/FeaturePacks/TP_TwinStickBP.upack)
[2025.05.26-17.22.47:748][  0]LogPakFile: OnPakFileMounted2Time == 0.000021
[2025.05.26-17.22.47:749][  0]LogPakFile: PakFile PrimaryIndexSize=183
[2025.05.26-17.22.47:749][  0]LogPakFile: PakFile PathHashIndexSize=101
[2025.05.26-17.22.47:749][  0]LogPakFile: PakFile FullDirectoryIndexSize=140
[2025.05.26-17.22.47:749][  0]LogShaderLibrary: Display: ShaderCodeLibraryPakFileMountedCallback: PakFile 'D:/Epic Games/UE_4.27/FeaturePacks/TP_Vehicle.upack' (chunk index -1, root 'root:/') mounted
[2025.05.26-17.22.47:749][  0]LogShaderLibrary: Display: ShaderCodeLibraryPakFileMountedCallback: pending pak file info (ChunkID:-1 Root:root:/ File:D:/Epic Games/UE_4.27/FeaturePacks/TP_Vehicle.upack)
[2025.05.26-17.22.47:749][  0]LogPakFile: OnPakFileMounted2Time == 0.000026
[2025.05.26-17.22.47:751][  0]LogPakFile: PakFile PrimaryIndexSize=186
[2025.05.26-17.22.47:751][  0]LogPakFile: PakFile PathHashIndexSize=101
[2025.05.26-17.22.47:751][  0]LogPakFile: PakFile FullDirectoryIndexSize=146
[2025.05.26-17.22.47:751][  0]LogShaderLibrary: Display: ShaderCodeLibraryPakFileMountedCallback: PakFile 'D:/Epic Games/UE_4.27/FeaturePacks/TP_VehicleAdv.upack' (chunk index -1, root 'root:/') mounted
[2025.05.26-17.22.47:751][  0]LogShaderLibrary: Display: ShaderCodeLibraryPakFileMountedCallback: pending pak file info (ChunkID:-1 Root:root:/ File:D:/Epic Games/UE_4.27/FeaturePacks/TP_VehicleAdv.upack)
[2025.05.26-17.22.47:751][  0]LogPakFile: OnPakFileMounted2Time == 0.000021
[2025.05.26-17.22.47:752][  0]LogPakFile: PakFile PrimaryIndexSize=188
[2025.05.26-17.22.47:752][  0]LogPakFile: PakFile PathHashIndexSize=101
[2025.05.26-17.22.47:752][  0]LogPakFile: PakFile FullDirectoryIndexSize=150
[2025.05.26-17.22.47:752][  0]LogShaderLibrary: Display: ShaderCodeLibraryPakFileMountedCallback: PakFile 'D:/Epic Games/UE_4.27/FeaturePacks/TP_VehicleAdvBP.upack' (chunk index -1, root 'root:/') mounted
[2025.05.26-17.22.47:752][  0]LogShaderLibrary: Display: ShaderCodeLibraryPakFileMountedCallback: pending pak file info (ChunkID:-1 Root:root:/ File:D:/Epic Games/UE_4.27/FeaturePacks/TP_VehicleAdvBP.upack)
[2025.05.26-17.22.47:752][  0]LogPakFile: OnPakFileMounted2Time == 0.000020
[2025.05.26-17.22.47:754][  0]LogPakFile: PakFile PrimaryIndexSize=185
[2025.05.26-17.22.47:754][  0]LogPakFile: PakFile PathHashIndexSize=101
[2025.05.26-17.22.47:754][  0]LogPakFile: PakFile FullDirectoryIndexSize=144
[2025.05.26-17.22.47:754][  0]LogShaderLibrary: Display: ShaderCodeLibraryPakFileMountedCallback: PakFile 'D:/Epic Games/UE_4.27/FeaturePacks/TP_VehicleBP.upack' (chunk index -1, root 'root:/') mounted
[2025.05.26-17.22.47:754][  0]LogShaderLibrary: Display: ShaderCodeLibraryPakFileMountedCallback: pending pak file info (ChunkID:-1 Root:root:/ File:D:/Epic Games/UE_4.27/FeaturePacks/TP_VehicleBP.upack)
[2025.05.26-17.22.47:754][  0]LogPakFile: OnPakFileMounted2Time == 0.000019
[2025.05.26-17.22.47:756][  0]LogPakFile: PakFile PrimaryIndexSize=192
[2025.05.26-17.22.47:756][  0]LogPakFile: PakFile PathHashIndexSize=101
[2025.05.26-17.22.47:756][  0]LogPakFile: PakFile FullDirectoryIndexSize=158
[2025.05.26-17.22.47:756][  0]LogShaderLibrary: Display: ShaderCodeLibraryPakFileMountedCallback: PakFile 'D:/Epic Games/UE_4.27/FeaturePacks/TP_VirtualRealityBP.upack' (chunk index -1, root 'root:/') mounted
[2025.05.26-17.22.47:756][  0]LogShaderLibrary: Display: ShaderCodeLibraryPakFileMountedCallback: pending pak file info (ChunkID:-1 Root:root:/ File:D:/Epic Games/UE_4.27/FeaturePacks/TP_VirtualRealityBP.upack)
[2025.05.26-17.22.47:756][  0]LogPakFile: OnPakFileMounted2Time == 0.000023
[2025.05.26-17.22.47:865][  0]LogNativeClassHierarchy: Verbose: Native class hierarchy updated for 'AddContentDialog' in 0.0002 seconds. Added 0 classes and 0 folders.
[2025.05.26-17.22.47:868][  0]LogNativeClassHierarchy: Verbose: Native class hierarchy updated for 'SceneOutliner' in 0.0002 seconds. Added 2 classes and 0 folders.
[2025.05.26-17.22.47:974][  0]LogSlate: Took 0.000120 seconds to synchronously load lazily loaded font '../../../Engine/Content/Slate/Fonts/Roboto-Regular.ttf' (155K)
[2025.05.26-17.22.47:977][  0]LogSlate: Took 0.002598 seconds to synchronously load lazily loaded font '../../../Engine/Content/Editor/Slate/Fonts/FontAwesome.ttf' (139K)
[2025.05.26-17.22.47:977][  0]LogSlate: Took 0.000110 seconds to synchronously load lazily loaded font '../../../Engine/Content/Slate/Fonts/Roboto-Bold.ttf' (160K)
[2025.05.26-17.22.48:070][  0]LogRenderer: Reallocating scene render targets to support 920x560 Format 10 NumSamples 1 (Frame:1).
[2025.05.26-17.22.48:266][  0]LogNativeClassHierarchy: Verbose: Native class hierarchy updated for 'HierarchicalLODOutliner' in 0.0002 seconds. Added 0 classes and 0 folders.
[2025.05.26-17.22.48:266][  0]LogLoad: (Engine Initialization) Total time: 5.40 seconds
[2025.05.26-17.22.48:266][  0]LogLoad: (Engine Initialization) Total Blueprint compile time: 0.00 seconds
[2025.05.26-17.22.48:309][  0]LogAssetRegistry: Asset discovery search completed in 3.2288 seconds
[2025.05.26-17.22.48:312][  0]LogCollectionManager: Fixed up redirectors for 0 collections in 0.000003 seconds (updated 0 objects)
[2025.05.26-17.22.48:313][  0]LogContentStreaming: Texture pool size now 1000 MB
[2025.05.26-17.22.48:973][  2]LogSlate: Took 0.001531 seconds to synchronously load lazily loaded font '../../../Engine/Content/Slate/Fonts/Roboto-Light.ttf' (167K)
[2025.05.26-17.22.49:634][  4]LogSlate: Took 0.000146 seconds to synchronously load lazily loaded font '../../../Engine/Content/Slate/Fonts/Roboto-Light.ttf' (167K)
[2025.05.26-17.32.42:930][218]LogTemp: Repeating last play command: Selected Viewport
[2025.05.26-17.32.42:934][218]LogPlayLevel: PlayLevel: No blueprints needed recompiling
[2025.05.26-17.32.42:936][218]PIE: New page: PIE session: Main (26 maj 2025, 21:32:42)
[2025.05.26-17.32.42:938][218]LogOnline: OSS: Creating online subsystem instance for: NULL
[2025.05.26-17.32.42:939][218]LogOnline: OSS: TryLoadSubsystemAndSetDefault: Loaded subsystem for module [NULL]
[2025.05.26-17.32.42:941][218]LogPlayLevel: Creating play world package: /Game/Levels/UEDPIE_0_Main
[2025.05.26-17.32.42:944][218]LogPlayLevel: PIE: StaticDuplicateObject took: (0.002947s)
[2025.05.26-17.32.42:948][218]LogAIModule: Creating AISystem for world Main
[2025.05.26-17.32.42:948][218]LogPlayLevel: PIE: World Init took: (0.000919s)
[2025.05.26-17.32.42:948][218]LogPlayLevel: PIE: Created PIE world by copying editor world from /Game/Levels/Main.Main to /Game/Levels/UEDPIE_0_Main.Main (0.006597s)
[2025.05.26-17.32.42:956][218]LogUObjectHash: Compacting FUObjectHashTables data took   0.71ms
[2025.05.26-17.32.42:957][218]LogAudio: Display: Creating Audio Device:                 Id: 2, Scope: Unique, Realtime: True
[2025.05.26-17.32.42:957][218]LogAudioMixer: Display: Audio Mixer Platform Settings:
[2025.05.26-17.32.42:957][218]LogAudioMixer: Display: 	Sample Rate:						  48000
[2025.05.26-17.32.42:957][218]LogAudioMixer: Display: 	Callback Buffer Frame Size Requested: 1024
[2025.05.26-17.32.42:957][218]LogAudioMixer: Display: 	Callback Buffer Frame Size To Use:	  1024
[2025.05.26-17.32.42:957][218]LogAudioMixer: Display: 	Number of buffers to queue:			  2
[2025.05.26-17.32.42:957][218]LogAudioMixer: Display: 	Max Channels (voices):				  32
[2025.05.26-17.32.42:957][218]LogAudioMixer: Display: 	Number of Async Source Workers:		  0
[2025.05.26-17.32.42:957][218]LogAudio: Display: AudioDevice MaxSources: 32
[2025.05.26-17.32.42:958][218]LogAudio: Display: Audio Spatialization Plugin: None (built-in).
[2025.05.26-17.32.42:958][218]LogAudio: Display: Audio Reverb Plugin: None (built-in).
[2025.05.26-17.32.42:958][218]LogAudio: Display: Audio Occlusion Plugin: None (built-in).
[2025.05.26-17.32.42:958][218]LogAudioMixer: Display: Initializing audio mixer.
[2025.05.26-17.32.42:961][218]LogAudioMixer: Display: 0: FrontLeft
[2025.05.26-17.32.42:961][218]LogAudioMixer: Display: 1: FrontRight
[2025.05.26-17.32.42:974][218]LogAudioMixer: Display: Using Audio Device Speakers (Realtek(R) Audio)
[2025.05.26-17.32.42:974][218]LogAudioMixer: Display: Initializing Sound Submixes...
[2025.05.26-17.32.42:974][218]LogAudioMixer: Display: Creating Master Submix 'MasterSubmixDefault'
[2025.05.26-17.32.42:974][218]LogAudioMixer: Display: Creating Master Submix 'MasterReverbSubmixDefault'
[2025.05.26-17.32.42:975][218]LogAudioMixer: Display: Creating Master Submix 'MasterEQSubmixDefault'
[2025.05.26-17.32.42:975][218]LogAudioMixer: FMixerPlatformXAudio2::StartAudioStream() called
[2025.05.26-17.32.42:975][218]LogAudioMixer: Display: Output buffers initialized: Frames=1024, Channels=2, Samples=2048
[2025.05.26-17.32.42:976][218]LogAudioMixer: Display: Starting AudioMixerPlatformInterface::RunInternal()
[2025.05.26-17.32.42:976][218]LogAudioMixer: Display: FMixerPlatformXAudio2::SubmitBuffer() called for the first time
[2025.05.26-17.32.42:976][218]LogInit: FAudioDevice initialized.
[2025.05.26-17.32.42:976][218]LogAudio: Display: Audio Device (ID: 2) registered with world 'Main'.
[2025.05.26-17.32.42:982][218]LogLoad: Game class is 'BP_GameMode_01_C'
[2025.05.26-17.32.42:983][218]LogWorld: Bringing World /Game/Levels/UEDPIE_0_Main.Main up for play (max tick rate 60) at 2025.05.26-19.32.42
[2025.05.26-17.32.42:984][218]LogWorld: Bringing up level for play took: 0.001826
[2025.05.26-17.32.42:985][218]LogOnline: OSS: Creating online subsystem instance for: :Context_3
[2025.05.26-17.32.42:989][218]LogNativeClassHierarchy: Verbose: Native class hierarchy updated for 'MovieSceneCapture' in 0.0003 seconds. Added 20 classes and 0 folders.
[2025.05.26-17.32.42:992][218]PIE: Server logged in
[2025.05.26-17.32.42:993][218]PIE: Play in editor total start time 0,059 seconds.
[2025.05.26-17.32.50:308][655]LogSlate: Updating window title bar state: overlay mode, drag disabled, window buttons hidden, title bar hidden
[2025.05.26-17.32.50:309][655]LogWorld: BeginTearingDown for /Game/Levels/UEDPIE_0_Main
[2025.05.26-17.32.50:309][655]LogWorld: UWorld::CleanupWorld for Main, bSessionEnded=true, bCleanupResources=true
[2025.05.26-17.32.50:309][655]LogSlate: InvalidateAllWidgets triggered.  All widgets were invalidated
[2025.05.26-17.32.50:316][655]LogPlayLevel: Display: Shutting down PIE online subsystems
[2025.05.26-17.32.50:317][655]LogSlate: InvalidateAllWidgets triggered.  All widgets were invalidated
[2025.05.26-17.32.50:320][655]LogAudio: Display: Audio Device unregistered from world 'None'.
[2025.05.26-17.32.50:320][655]LogAudioMixer: FMixerPlatformXAudio2::StopAudioStream() called
[2025.05.26-17.32.50:321][655]LogAudioMixer: FMixerPlatformXAudio2::StopAudioStream() called
[2025.05.26-17.32.50:322][655]LogSlate: Updating window title bar state: overlay mode, drag disabled, window buttons hidden, title bar hidden
[2025.05.26-17.32.50:323][655]LogUObjectHash: Compacting FUObjectHashTables data took   0.42ms
[2025.05.26-17.32.50:376][658]LogPlayLevel: Display: Destroying online subsystem :Context_3
[2025.05.26-17.33.05:657][439]LogAssetEditorSubsystem: Opening Asset editor for Blueprint /Game/BluePrintClass/BP_PLAYER.BP_PLAYER
[2025.05.26-17.33.05:849][439]LogNativeClassHierarchy: Verbose: Native class hierarchy updated for 'BlueprintGraph' in 0.0005 seconds. Added 126 classes and 0 folders.
[2025.05.26-17.33.06:324][439]LogSlate: Took 0.000159 seconds to synchronously load lazily loaded font '../../../Engine/Content/Slate/Fonts/Roboto-BoldCondensed.ttf' (158K)
[2025.05.26-17.33.06:360][440]LogSlate: Took 0.001587 seconds to synchronously load lazily loaded font '../../../Engine/Content/Slate/Fonts/Roboto-Italic.ttf' (157K)
[2025.05.26-17.35.25:961][498]LogEditorClassViewer: Warning: Class /Engine/Tutorial/InWorldBlueprintEditing/TutorialAssets/IWBE_Blutility.IWBE_Blutility_C has parent /Script/Blutility.PlacedEditorUtilityBase, but this parent is not found. The Class will not be shown in ClassViewer.
[2025.05.26-17.35.49:287][895]LogAnimationCompression: Building Anim DDC data for AnimSequence /Game/Characters/Marine/Animations/Idle.Idle
[2025.05.26-17.35.55:985][143]LogRenderer: Reallocating scene render targets to support 1016x876 Format 10 NumSamples 1 (Frame:1).
[2025.05.26-17.36.38:108][783]BlueprintLog: New page: Compile BP_PLAYER
[2025.05.26-17.36.38:167][783]LogUObjectHash: Compacting FUObjectHashTables data took   1.92ms
[2025.05.26-17.36.49:162][265]LogSlate: Window 'Pick Parent Class' being destroyed
[2025.05.26-17.36.57:858][436]LogEditorClassViewer: Warning: Class /Engine/Tutorial/InWorldBlueprintEditing/TutorialAssets/IWBE_Blutility.IWBE_Blutility_C has parent /Script/Blutility.PlacedEditorUtilityBase, but this parent is not found. The Class will not be shown in ClassViewer.
[2025.05.26-17.36.57:860][436]LogSlate: Warning: Slate: Had to block on waiting for a draw buffer
[2025.05.26-17.36.57:874][436]LogContentBrowser: Verbose: The majority of assets in the view are of type: Skeleton
[2025.05.26-17.37.05:838][436]LogSlate: Window 'Create Animation Blueprint' being destroyed
[2025.05.26-17.37.05:860][436]LogContentBrowser: Deferred new asset file creation: NewAnimBlueprint
[2025.05.26-17.37.05:867][436]LogContentBrowser: Creating deferred item: NewAnimBlueprint
[2025.05.26-17.37.23:103][ 93]LogContentBrowser: Attempting asset rename: NewAnimBlueprint -> AB_Soldier
[2025.05.26-17.37.23:109][ 93]LogContentBrowser: End creating deferred item NewAnimBlueprint
[2025.05.26-17.37.32:403][630]LogContentBrowser: Attempting asset rename: AB_Soldier -> AB_Soldier_01
[2025.05.26-17.37.32:426][630]LogMetaData: Removing '/Game/Characters/Marine/Animations/AB_Soldier_01.AB_Soldier_01:AnimGraph.AnimGraphNode_Root_0' ref from Metadata '/Game/Characters/Marine/Animations/AB_Soldier.PackageMetaData'
[2025.05.26-17.37.32:426][630]LogMetaData: Removing '/Game/Characters/Marine/Animations/AB_Soldier_01.SKEL_AB_Soldier_01_C:AnimGraph' ref from Metadata '/Game/Characters/Marine/Animations/AB_Soldier.PackageMetaData'
[2025.05.26-17.37.32:426][630]LogMetaData: Removing '/Game/Characters/Marine/Animations/AB_Soldier_01.SKEL_AB_Soldier_01_C' ref from Metadata '/Game/Characters/Marine/Animations/AB_Soldier.PackageMetaData'
[2025.05.26-17.37.32:426][630]LogMetaData: Removing '/Game/Characters/Marine/Animations/AB_Soldier_01.AB_Soldier_01_C:AnimGraph' ref from Metadata '/Game/Characters/Marine/Animations/AB_Soldier.PackageMetaData'
[2025.05.26-17.37.32:426][630]LogMetaData: Removing '/Game/Characters/Marine/Animations/AB_Soldier_01.AB_Soldier_01_C' ref from Metadata '/Game/Characters/Marine/Animations/AB_Soldier.PackageMetaData'
[2025.05.26-17.37.32:426][630]LogMetaData: Removing '/Game/Characters/Marine/Animations/AB_Soldier_01.AB_Soldier_01:EventGraph.K2Node_Event_0' ref from Metadata '/Game/Characters/Marine/Animations/AB_Soldier.PackageMetaData'
[2025.05.26-17.37.32:426][630]LogMetaData: Removing '/Game/Characters/Marine/Animations/AB_Soldier_01.AB_Soldier_01:EventGraph.K2Node_CallFunction_0' ref from Metadata '/Game/Characters/Marine/Animations/AB_Soldier.PackageMetaData'
[2025.05.26-17.37.32:461][630]LogSavePackage: Moving '../../../../../Repozytoria/UE 4.27/KZ_TopDownShooter/TopDownAC/Saved/AB_Soldier_015D7AE5194DD12DD9A1450BA497A86CC4.tmp' to '../../../../../Repozytoria/UE 4.27/KZ_TopDownShooter/TopDownAC/Content/Characters/Marine/Animations/AB_Soldier_01.uasset'
[2025.05.26-17.37.32:528][630]LogUObjectHash: Compacting FUObjectHashTables data took   1.24ms
[2025.05.26-17.37.32:558][630]LogUObjectHash: Compacting FUObjectHashTables data took   0.98ms
[2025.05.26-17.37.32:571][630]LogUObjectHash: Compacting FUObjectHashTables data took   0.40ms
[2025.05.26-17.37.32:590][630]AssetCheck: New page: Asset Save: AB_Soldier_01
[2025.05.26-17.37.32:590][630]LogContentValidation: Display: Validating AnimBlueprint /Game/Characters/Marine/Animations/AB_Soldier_01.AB_Soldier_01
[2025.05.26-17.37.33:363][676]LogAssetEditorSubsystem: Opening Asset editor for AnimBlueprint /Game/Characters/Marine/Animations/AB_Soldier_01.AB_Soldier_01
[2025.05.26-17.37.33:375][676]LogNativeClassHierarchy: Verbose: Native class hierarchy updated for 'SkeletonEditor' in 0.0002 seconds. Added 1 classes and 2 folders.
[2025.05.26-17.37.33:379][676]LogTexture: Default maximum texture size for cubemaps generated from long-lat sources has been changed from 512 to unlimited. In order to preserve old behaiour for '/Engine/EditorMaterials/AssetViewer/EpicQuadPanorama_CC+EV1.EpicQuadPanorama_CC+EV1', its maximum texture size has been explicitly set to 512.
[2025.05.26-17.37.33:485][676]LogTexture: Default maximum texture size for cubemaps generated from long-lat sources has been changed from 512 to unlimited. In order to preserve old behaiour for '/Engine/MapTemplates/Sky/SunsetAmbientCubemap.SunsetAmbientCubemap', its maximum texture size has been explicitly set to 512.
[2025.05.26-17.37.33:546][676]LogActorComponent: RegisterComponentWithWorld: (/Engine/Transient.World_11:PersistentLevel.AnimationEditorPreviewActor_0.DebugSkelMeshComponent_0) Already registered. Aborting.
[2025.05.26-17.37.33:549][676]LogNativeClassHierarchy: Verbose: Native class hierarchy updated for 'PinnedCommandList' in 0.0002 seconds. Added 1 classes and 0 folders.
[2025.05.26-17.37.34:086][676]LogContentBrowser: Verbose: The majority of assets in the view are of type: AnimSequence
[2025.05.26-17.37.37:438][848]LogSlate: Window 'AB_Soldier_01' being destroyed
[2025.05.26-17.37.37:445][849]LogRenderer: Reallocating scene render targets to support 1380x876 Format 10 NumSamples 1 (Frame:4709).
[2025.05.26-17.38.02:026][231]LogSlate: Prevented a slow task dialog from being summoned while a context menu was open
[2025.05.26-17.38.02:039][231]LogEditorClassViewer: Warning: Class /Engine/Tutorial/InWorldBlueprintEditing/TutorialAssets/IWBE_Blutility.IWBE_Blutility_C has parent /Script/Blutility.PlacedEditorUtilityBase, but this parent is not found. The Class will not be shown in ClassViewer.
[2025.05.26-17.38.22:279][968]BlueprintLog: New page: Compile BP_PLAYER
[2025.05.26-17.38.22:339][968]LogUObjectHash: Compacting FUObjectHashTables data took   2.21ms
[2025.05.26-17.39.41:833][771]LogUObjectHash: Compacting FUObjectHashTables data took   2.15ms
[2025.05.26-17.39.41:834][771]LogFileHelpers: Editor autosave (incl. external actors) for '/Game/Levels/Main' took 0.021
[2025.05.26-17.39.41:872][771]OBJ SavePackage: Generating thumbnails for [2] asset(s) in package [/Game/BluePrintClass/BP_PLAYER] ([2] browsable assets)...
[2025.05.26-17.39.41:916][771]OBJ SavePackage:     Rendered thumbnail for [BlueprintGeneratedClass /Game/BluePrintClass/BP_PLAYER.BP_PLAYER_C]
[2025.05.26-17.39.41:958][771]OBJ SavePackage:     Rendered thumbnail for [Blueprint /Game/BluePrintClass/BP_PLAYER.BP_PLAYER]
[2025.05.26-17.39.41:958][771]OBJ SavePackage: Finished generating thumbnails for package [/Game/BluePrintClass/BP_PLAYER]
[2025.05.26-17.39.41:968][771]LogSavePackage: Moving '../../../../../Repozytoria/UE 4.27/KZ_TopDownShooter/TopDownAC/Saved/BP_PLAYER_Auto1E624C23A4DB10DADB6D364B8ED1436FB.tmp' to '../../../../../Repozytoria/UE 4.27/KZ_TopDownShooter/TopDownAC/Saved/Autosaves/Game/BluePrintClass/BP_PLAYER_Auto1.uasset'
[2025.05.26-17.39.41:971][771]OBJ SavePackage: Generating thumbnails for [2] asset(s) in package [/Game/Characters/Marine/Animations/AB_Soldier_01] ([2] browsable assets)...
[2025.05.26-17.39.42:007][771]OBJ SavePackage:     Rendered thumbnail for [AnimBlueprint /Game/Characters/Marine/Animations/AB_Soldier_01.AB_Soldier_01]
[2025.05.26-17.39.42:007][771]OBJ SavePackage: Finished generating thumbnails for package [/Game/Characters/Marine/Animations/AB_Soldier_01]
[2025.05.26-17.39.42:013][771]LogSavePackage: Moving '../../../../../Repozytoria/UE 4.27/KZ_TopDownShooter/TopDownAC/Saved/AB_Soldier_01_Auto1903D28A240BE062AF70B238649F9B7FA.tmp' to '../../../../../Repozytoria/UE 4.27/KZ_TopDownShooter/TopDownAC/Saved/Autosaves/Game/Characters/Marine/Animations/AB_Soldier_01_Auto1.uasset'
[2025.05.26-17.39.42:013][771]LogFileHelpers: Auto-saving content packages took 0.179
[2025.05.26-17.51.52:548][949]LogHttp: Warning: 00000262D6FADD00: invalid HTTP response code received. URL: https://datarouter.ol.epicgames.com/datarouter/api/v1/public/data?SessionID=%7BD3159BC2-4595-5CCF-C471-32A53134FB15%7D&AppID=UEEditor.Rocket.Release&AppVersion=4.27.2-18319896%2B%2B%2BUE4%2BRelease-4.27&UserID=3eadeb334a09c138a68d60b593878835%7C8c0f7f1633984bb789070dad4917d369%7C97a2f4a2-b958-4fc7-b9dd-dc3998f53197&AppEnvironment=datacollector-binary&UploadType=eteventstream, HTTP code: 0, content length: 0, actual payload size: 0
[2025.05.26-17.51.52:548][949]LogHttp: Warning: 00000262D6FADD00: request failed, libcurl error: 0 (No error)
[2025.05.26-17.51.52:548][949]LogHttp: Warning: 00000262D6FADD00: libcurl info message cache 0 (Found bundle for host datarouter.ol.epicgames.com: 0x2621c9e7eb0 [can pipeline])
[2025.05.26-17.51.52:548][949]LogHttp: Warning: 00000262D6FADD00: libcurl info message cache 1 (Re-using existing connection! (#2) with host datarouter.ol.epicgames.com)
[2025.05.26-17.51.52:548][949]LogHttp: Warning: 00000262D6FADD00: libcurl info message cache 2 (Connected to datarouter.ol.epicgames.com (34.195.87.143) port 443 (#2))
[2025.05.26-17.51.52:548][949]LogHttp: Warning: 00000262D6FADD00: libcurl info message cache 3 (TLSv1.3 (OUT), TLS Unknown, Unknown (23):)
[2025.05.26-17.51.52:548][949]LogHttp: Warning: 00000262D6FADD00: libcurl info message cache 4 (TLSv1.3 (OUT), TLS Unknown, Unknown (23):)
[2025.05.26-17.51.52:548][949]LogHttp: Warning: 00000262D6FADD00: libcurl info message cache 5 (We are completely uploaded and fine)
[2025.05.26-17.51.52:548][949]LogHttp: Warning: 00000262D6FADD00: libcurl info message cache 6 (TLSv1.3 (IN), TLS Unknown, Unknown (21):)
[2025.05.26-17.51.52:548][949]LogHttp: Warning: 00000262D6FADD00: libcurl info message cache 7 (TLSv1.3 (IN), TLS alert, Client hello (1):)
[2025.05.26-17.51.52:548][949]LogHttp: Warning: 00000262D6FADD00: libcurl info message cache 8 (Connection died, retrying a fresh connect)
[2025.05.26-17.51.52:548][949]LogHttp: Warning: 00000262D6FADD00: libcurl info message cache 9 (necessary data rewind wasn't possible)
[2025.05.26-17.51.52:549][949]LogHttp: Warning: 00000262D6FADD00: libcurl info message cache 10 (Closing connection 2)
[2025.05.26-17.51.52:549][949]LogHttp: Warning: 00000262D6FADD00: libcurl info message cache 11 (TLSv1.3 (OUT), TLS Unknown, Unknown (21):)
[2025.05.26-17.51.52:549][949]LogHttp: Warning: 00000262D6FADD00: libcurl info message cache 12 (TLSv1.3 (OUT), TLS alert, Client hello (1):)
[2025.05.26-17.51.52:882][950]LogHttp: Warning: Retry exhausted on https://datarouter.ol.epicgames.com/datarouter/api/v1/public/data?SessionID=%7BD3159BC2-4595-5CCF-C471-32A53134FB15%7D&AppID=UEEditor.Rocket.Release&AppVersion=4.27.2-18319896%2B%2B%2BUE4%2BRelease-4.27&UserID=3eadeb334a09c138a68d60b593878835%7C8c0f7f1633984bb789070dad4917d369%7C97a2f4a2-b958-4fc7-b9dd-dc3998f53197&AppEnvironment=datacollector-binary&UploadType=eteventstream
[2025.05.26-18.04.40:704][770]LogAnimationCompression: Building Anim DDC data for AnimSequence /Game/Characters/Marine/Animations/Run_Fwd.Run_Fwd
[2025.05.26-18.05.10:676][799]LogScript: Warning: Accessed None trying to read property CallFunc_TryGetPawnOwner_ReturnValue
	AB_Spider_01_C /Engine/Transient.World_14:PersistentLevel.SkeletalMeshActor_0.SkeletalMeshComponent0.AB_Spider_01_C_0
	Function /Game/Characters/Enemy_Great_Spider/Animations/AB_Spider_01.AB_Spider_01_C:ExecuteUbergraph_AB_Spider_01:0040
[2025.05.26-18.05.11:164][827]LogAssetEditorSubsystem: Opening Asset editor for AnimBlueprint /Game/Characters/Enemy_Great_Spider/Animations/AB_Spider_01.AB_Spider_01
[2025.05.26-18.05.11:168][827]LogActorComponent: RegisterComponentWithWorld: (/Engine/Transient.World_16:PersistentLevel.AnimationEditorPreviewActor_0.DebugSkelMeshComponent_0) Already registered. Aborting.
[2025.05.26-18.05.11:168][827]LogScript: Warning: Accessed None trying to read property CallFunc_TryGetPawnOwner_ReturnValue
	AB_Spider_01_C /Engine/Transient.World_16:PersistentLevel.AnimationEditorPreviewActor_0.DebugSkelMeshComponent_0.AB_Spider_01_C_0
	Function /Game/Characters/Enemy_Great_Spider/Animations/AB_Spider_01.AB_Spider_01_C:ExecuteUbergraph_AB_Spider_01:0040
[2025.05.26-18.05.11:474][827]LogScript: Warning: Accessed None trying to read property CallFunc_TryGetPawnOwner_ReturnValue
	AB_Spider_01_C /Engine/Transient.World_16:PersistentLevel.AnimationEditorPreviewActor_0.DebugSkelMeshComponent_0.AB_Spider_01_C_0
	Function /Game/Characters/Enemy_Great_Spider/Animations/AB_Spider_01.AB_Spider_01_C:ExecuteUbergraph_AB_Spider_01:0040
[2025.05.26-18.05.11:501][827]LogContentBrowser: Verbose: The majority of assets in the view are of type: AnimSequence
[2025.05.26-18.05.11:510][828]LogScript: Warning: Accessed None trying to read property CallFunc_TryGetPawnOwner_ReturnValue
	AB_Spider_01_C /Engine/Transient.World_16:PersistentLevel.AnimationEditorPreviewActor_0.DebugSkelMeshComponent_0.AB_Spider_01_C_0
	Function /Game/Characters/Enemy_Great_Spider/Animations/AB_Spider_01.AB_Spider_01_C:ExecuteUbergraph_AB_Spider_01:0040
[2025.05.26-18.05.11:526][829]LogScript: Warning: Accessed None trying to read property CallFunc_TryGetPawnOwner_ReturnValue
	AB_Spider_01_C /Engine/Transient.World_16:PersistentLevel.AnimationEditorPreviewActor_0.DebugSkelMeshComponent_0.AB_Spider_01_C_0
	Function /Game/Characters/Enemy_Great_Spider/Animations/AB_Spider_01.AB_Spider_01_C:ExecuteUbergraph_AB_Spider_01:0040
[2025.05.26-18.05.11:541][830]LogScript: Warning: Accessed None trying to read property CallFunc_TryGetPawnOwner_ReturnValue
	AB_Spider_01_C /Engine/Transient.World_16:PersistentLevel.AnimationEditorPreviewActor_0.DebugSkelMeshComponent_0.AB_Spider_01_C_0
	Function /Game/Characters/Enemy_Great_Spider/Animations/AB_Spider_01.AB_Spider_01_C:ExecuteUbergraph_AB_Spider_01:0040
[2025.05.26-18.05.11:559][831]LogScript: Warning: Accessed None trying to read property CallFunc_TryGetPawnOwner_ReturnValue
	AB_Spider_01_C /Engine/Transient.World_16:PersistentLevel.AnimationEditorPreviewActor_0.DebugSkelMeshComponent_0.AB_Spider_01_C_0
	Function /Game/Characters/Enemy_Great_Spider/Animations/AB_Spider_01.AB_Spider_01_C:ExecuteUbergraph_AB_Spider_01:0040
[2025.05.26-18.05.11:576][832]LogScript: Warning: Accessed None trying to read property CallFunc_TryGetPawnOwner_ReturnValue
	AB_Spider_01_C /Engine/Transient.World_16:PersistentLevel.AnimationEditorPreviewActor_0.DebugSkelMeshComponent_0.AB_Spider_01_C_0
	Function /Game/Characters/Enemy_Great_Spider/Animations/AB_Spider_01.AB_Spider_01_C:ExecuteUbergraph_AB_Spider_01:0040
[2025.05.26-18.05.11:592][833]LogScript: Warning: Accessed None trying to read property CallFunc_TryGetPawnOwner_ReturnValue
	AB_Spider_01_C /Engine/Transient.World_16:PersistentLevel.AnimationEditorPreviewActor_0.DebugSkelMeshComponent_0.AB_Spider_01_C_0
	Function /Game/Characters/Enemy_Great_Spider/Animations/AB_Spider_01.AB_Spider_01_C:ExecuteUbergraph_AB_Spider_01:0040
[2025.05.26-18.05.11:609][834]LogScript: Warning: Accessed None trying to read property CallFunc_TryGetPawnOwner_ReturnValue
	AB_Spider_01_C /Engine/Transient.World_16:PersistentLevel.AnimationEditorPreviewActor_0.DebugSkelMeshComponent_0.AB_Spider_01_C_0
	Function /Game/Characters/Enemy_Great_Spider/Animations/AB_Spider_01.AB_Spider_01_C:ExecuteUbergraph_AB_Spider_01:0040
[2025.05.26-18.05.11:626][835]LogScript: Warning: Accessed None trying to read property CallFunc_TryGetPawnOwner_ReturnValue
	AB_Spider_01_C /Engine/Transient.World_16:PersistentLevel.AnimationEditorPreviewActor_0.DebugSkelMeshComponent_0.AB_Spider_01_C_0
	Function /Game/Characters/Enemy_Great_Spider/Animations/AB_Spider_01.AB_Spider_01_C:ExecuteUbergraph_AB_Spider_01:0040
[2025.05.26-18.05.11:643][836]LogScript: Warning: Accessed None trying to read property CallFunc_TryGetPawnOwner_ReturnValue
	AB_Spider_01_C /Engine/Transient.World_16:PersistentLevel.AnimationEditorPreviewActor_0.DebugSkelMeshComponent_0.AB_Spider_01_C_0
	Function /Game/Characters/Enemy_Great_Spider/Animations/AB_Spider_01.AB_Spider_01_C:ExecuteUbergraph_AB_Spider_01:0040
[2025.05.26-18.05.11:659][837]LogScript: Warning: Accessed None trying to read property CallFunc_TryGetPawnOwner_ReturnValue
	AB_Spider_01_C /Engine/Transient.World_16:PersistentLevel.AnimationEditorPreviewActor_0.DebugSkelMeshComponent_0.AB_Spider_01_C_0
	Function /Game/Characters/Enemy_Great_Spider/Animations/AB_Spider_01.AB_Spider_01_C:ExecuteUbergraph_AB_Spider_01:0040
[2025.05.26-18.05.11:676][838]LogScript: Warning: Accessed None trying to read property CallFunc_TryGetPawnOwner_ReturnValue
	AB_Spider_01_C /Engine/Transient.World_16:PersistentLevel.AnimationEditorPreviewActor_0.DebugSkelMeshComponent_0.AB_Spider_01_C_0
	Function /Game/Characters/Enemy_Great_Spider/Animations/AB_Spider_01.AB_Spider_01_C:ExecuteUbergraph_AB_Spider_01:0040
[2025.05.26-18.05.11:691][839]LogScript: Warning: Accessed None trying to read property CallFunc_TryGetPawnOwner_ReturnValue
	AB_Spider_01_C /Engine/Transient.World_16:PersistentLevel.AnimationEditorPreviewActor_0.DebugSkelMeshComponent_0.AB_Spider_01_C_0
	Function /Game/Characters/Enemy_Great_Spider/Animations/AB_Spider_01.AB_Spider_01_C:ExecuteUbergraph_AB_Spider_01:0040
[2025.05.26-18.05.11:709][840]LogScript: Warning: Accessed None trying to read property CallFunc_TryGetPawnOwner_ReturnValue
	AB_Spider_01_C /Engine/Transient.World_16:PersistentLevel.AnimationEditorPreviewActor_0.DebugSkelMeshComponent_0.AB_Spider_01_C_0
	Function /Game/Characters/Enemy_Great_Spider/Animations/AB_Spider_01.AB_Spider_01_C:ExecuteUbergraph_AB_Spider_01:0040
[2025.05.26-18.06.00:595][711]BlueprintLog: New page: Compile AB_Soldier_01
[2025.05.26-18.06.00:596][711]LogBlueprint: Warning: [AssetLog] D:\Repozytoria\UE 4.27\KZ_TopDownShooter\TopDownAC\Content\Characters\Marine\Animations\AB_Soldier_01.uasset: [Compiler] Could not find a variable named "IsWalk" in 'AB_Soldier_01_C'.
Make sure 'AB_Soldier_01_C' has been compiled for  Set IsWalk
[2025.05.26-18.06.00:597][711]LogBlueprint: Warning: [AssetLog] D:\Repozytoria\UE 4.27\KZ_TopDownShooter\TopDownAC\Content\Characters\Marine\Animations\AB_Soldier_01.uasset: [Compiler] Could not find a variable named "IsWalk" in 'AB_Soldier_01_C'.
Make sure 'AB_Soldier_01_C' has been compiled for  Set IsWalk
[2025.05.26-18.06.00:597][711]LogBlueprint: Error: [AssetLog] D:\Repozytoria\UE 4.27\KZ_TopDownShooter\TopDownAC\Content\Characters\Marine\Animations\AB_Soldier_01.uasset: [Compiler] The property associated with  Is Walk  could not be found in '/Game/Characters/Marine/Animations/AB_Soldier_01.AB_Soldier_01_C'
[2025.05.26-18.06.00:638][711]LogUObjectHash: Compacting FUObjectHashTables data took   2.14ms
[2025.05.26-18.06.00:656][711]LogSlate: Took 0.001713 seconds to synchronously load lazily loaded font '../../../Engine/Content/Slate/Fonts/DroidSansMono.ttf' (77K)
[2025.05.26-18.07.05:682][589]BlueprintLog: New page: Compile AB_Soldier_01
[2025.05.26-18.07.05:697][589]LogScript: Warning: Accessed None trying to read property CallFunc_TryGetPawnOwner_ReturnValue
	AB_Soldier_01_C /Engine/Transient.World_8:PersistentLevel.SkeletalMeshActor_0.SkeletalMeshComponent0.AB_Soldier_01_C_2
	Function /Game/Characters/Marine/Animations/AB_Soldier_01.AB_Soldier_01_C:ExecuteUbergraph_AB_Soldier_01:0040
[2025.05.26-18.07.05:697][589]LogScript: Warning: Accessed None trying to read property CallFunc_TryGetPawnOwner_ReturnValue
	AB_Soldier_01_C /Engine/Transient.World_9:PersistentLevel.SkeletalMeshActor_0.SkeletalMeshComponent0.AB_Soldier_01_C_2
	Function /Game/Characters/Marine/Animations/AB_Soldier_01.AB_Soldier_01_C:ExecuteUbergraph_AB_Soldier_01:0040
[2025.05.26-18.07.05:697][589]LogScript: Warning: Accessed None trying to read property CallFunc_TryGetPawnOwner_ReturnValue
	AB_Soldier_01_C /Engine/Transient.World_11:PersistentLevel.AnimationEditorPreviewActor_0.DebugSkelMeshComponent_0.AB_Soldier_01_C_2
	Function /Game/Characters/Marine/Animations/AB_Soldier_01.AB_Soldier_01_C:ExecuteUbergraph_AB_Soldier_01:0040
[2025.05.26-18.07.05:717][589]LogUObjectHash: Compacting FUObjectHashTables data took   2.17ms
[2025.05.26-18.07.05:722][589]LogScript: Warning: Accessed None trying to read property CallFunc_TryGetPawnOwner_ReturnValue
	AB_Soldier_01_C /Engine/Transient.World_11:PersistentLevel.AnimationEditorPreviewActor_0.DebugSkelMeshComponent_0.AB_Soldier_01_C_2
	Function /Game/Characters/Marine/Animations/AB_Soldier_01.AB_Soldier_01_C:ExecuteUbergraph_AB_Soldier_01:0040
[2025.05.26-18.07.05:733][590]LogScript: Warning: Accessed None trying to read property CallFunc_TryGetPawnOwner_ReturnValue
	AB_Soldier_01_C /Engine/Transient.World_11:PersistentLevel.AnimationEditorPreviewActor_0.DebugSkelMeshComponent_0.AB_Soldier_01_C_2
	Function /Game/Characters/Marine/Animations/AB_Soldier_01.AB_Soldier_01_C:ExecuteUbergraph_AB_Soldier_01:0040
[2025.05.26-18.07.05:749][591]LogScript: Warning: Accessed None trying to read property CallFunc_TryGetPawnOwner_ReturnValue
	AB_Soldier_01_C /Engine/Transient.World_11:PersistentLevel.AnimationEditorPreviewActor_0.DebugSkelMeshComponent_0.AB_Soldier_01_C_2
	Function /Game/Characters/Marine/Animations/AB_Soldier_01.AB_Soldier_01_C:ExecuteUbergraph_AB_Soldier_01:0040
[2025.05.26-18.07.05:765][592]LogScript: Warning: Accessed None trying to read property CallFunc_TryGetPawnOwner_ReturnValue
	AB_Soldier_01_C /Engine/Transient.World_11:PersistentLevel.AnimationEditorPreviewActor_0.DebugSkelMeshComponent_0.AB_Soldier_01_C_2
	Function /Game/Characters/Marine/Animations/AB_Soldier_01.AB_Soldier_01_C:ExecuteUbergraph_AB_Soldier_01:0040
[2025.05.26-18.07.05:782][593]LogScript: Warning: Accessed None trying to read property CallFunc_TryGetPawnOwner_ReturnValue
	AB_Soldier_01_C /Engine/Transient.World_11:PersistentLevel.AnimationEditorPreviewActor_0.DebugSkelMeshComponent_0.AB_Soldier_01_C_2
	Function /Game/Characters/Marine/Animations/AB_Soldier_01.AB_Soldier_01_C:ExecuteUbergraph_AB_Soldier_01:0040
[2025.05.26-18.07.05:799][594]LogScript: Warning: Accessed None trying to read property CallFunc_TryGetPawnOwner_ReturnValue
	AB_Soldier_01_C /Engine/Transient.World_11:PersistentLevel.AnimationEditorPreviewActor_0.DebugSkelMeshComponent_0.AB_Soldier_01_C_2
	Function /Game/Characters/Marine/Animations/AB_Soldier_01.AB_Soldier_01_C:ExecuteUbergraph_AB_Soldier_01:0040
[2025.05.26-18.07.05:815][595]LogScript: Warning: Accessed None trying to read property CallFunc_TryGetPawnOwner_ReturnValue
	AB_Soldier_01_C /Engine/Transient.World_11:PersistentLevel.AnimationEditorPreviewActor_0.DebugSkelMeshComponent_0.AB_Soldier_01_C_2
	Function /Game/Characters/Marine/Animations/AB_Soldier_01.AB_Soldier_01_C:ExecuteUbergraph_AB_Soldier_01:0040
[2025.05.26-18.07.05:832][596]LogScript: Warning: Accessed None trying to read property CallFunc_TryGetPawnOwner_ReturnValue
	AB_Soldier_01_C /Engine/Transient.World_11:PersistentLevel.AnimationEditorPreviewActor_0.DebugSkelMeshComponent_0.AB_Soldier_01_C_2
	Function /Game/Characters/Marine/Animations/AB_Soldier_01.AB_Soldier_01_C:ExecuteUbergraph_AB_Soldier_01:0040
[2025.05.26-18.07.05:849][597]LogScript: Warning: Accessed None trying to read property CallFunc_TryGetPawnOwner_ReturnValue
	AB_Soldier_01_C /Engine/Transient.World_11:PersistentLevel.AnimationEditorPreviewActor_0.DebugSkelMeshComponent_0.AB_Soldier_01_C_2
	Function /Game/Characters/Marine/Animations/AB_Soldier_01.AB_Soldier_01_C:ExecuteUbergraph_AB_Soldier_01:0040
[2025.05.26-18.07.05:866][598]LogScript: Warning: Accessed None trying to read property CallFunc_TryGetPawnOwner_ReturnValue
	AB_Soldier_01_C /Engine/Transient.World_11:PersistentLevel.AnimationEditorPreviewActor_0.DebugSkelMeshComponent_0.AB_Soldier_01_C_2
	Function /Game/Characters/Marine/Animations/AB_Soldier_01.AB_Soldier_01_C:ExecuteUbergraph_AB_Soldier_01:0040
[2025.05.26-18.07.05:881][599]LogScript: Warning: Accessed None trying to read property CallFunc_TryGetPawnOwner_ReturnValue
	AB_Soldier_01_C /Engine/Transient.World_11:PersistentLevel.AnimationEditorPreviewActor_0.DebugSkelMeshComponent_0.AB_Soldier_01_C_2
	Function /Game/Characters/Marine/Animations/AB_Soldier_01.AB_Soldier_01_C:ExecuteUbergraph_AB_Soldier_01:0040
[2025.05.26-18.07.05:899][600]LogScript: Warning: Accessed None trying to read property CallFunc_TryGetPawnOwner_ReturnValue
	AB_Soldier_01_C /Engine/Transient.World_11:PersistentLevel.AnimationEditorPreviewActor_0.DebugSkelMeshComponent_0.AB_Soldier_01_C_2
	Function /Game/Characters/Marine/Animations/AB_Soldier_01.AB_Soldier_01_C:ExecuteUbergraph_AB_Soldier_01:0040
[2025.05.26-18.07.05:915][601]LogScript: Warning: Accessed None trying to read property CallFunc_TryGetPawnOwner_ReturnValue
	AB_Soldier_01_C /Engine/Transient.World_11:PersistentLevel.AnimationEditorPreviewActor_0.DebugSkelMeshComponent_0.AB_Soldier_01_C_2
	Function /Game/Characters/Marine/Animations/AB_Soldier_01.AB_Soldier_01_C:ExecuteUbergraph_AB_Soldier_01:0040
[2025.05.26-18.07.08:755][771]LogTemp: Repeating last play command: Selected Viewport
[2025.05.26-18.07.08:759][771]LogPlayLevel: PlayLevel: No blueprints needed recompiling
[2025.05.26-18.07.08:759][771]PIE: New page: PIE session: Main (26 maj 2025, 22:07:08)
[2025.05.26-18.07.08:759][771]LogPlayLevel: Creating play world package: /Game/Levels/UEDPIE_0_Main
[2025.05.26-18.07.08:762][771]LogPlayLevel: PIE: StaticDuplicateObject took: (0.002284s)
[2025.05.26-18.07.08:762][771]LogAIModule: Creating AISystem for world Main
[2025.05.26-18.07.08:763][771]LogPlayLevel: PIE: World Init took: (0.000965s)
[2025.05.26-18.07.08:763][771]LogPlayLevel: PIE: Created PIE world by copying editor world from /Game/Levels/Main.Main to /Game/Levels/UEDPIE_0_Main.Main (0.003340s)
[2025.05.26-18.07.08:785][771]LogUObjectHash: Compacting FUObjectHashTables data took   1.89ms
[2025.05.26-18.07.08:786][771]LogAudio: Display: Creating Audio Device:                 Id: 3, Scope: Unique, Realtime: True
[2025.05.26-18.07.08:786][771]LogAudioMixer: Display: Audio Mixer Platform Settings:
[2025.05.26-18.07.08:786][771]LogAudioMixer: Display: 	Sample Rate:						  48000
[2025.05.26-18.07.08:786][771]LogAudioMixer: Display: 	Callback Buffer Frame Size Requested: 1024
[2025.05.26-18.07.08:786][771]LogAudioMixer: Display: 	Callback Buffer Frame Size To Use:	  1024
[2025.05.26-18.07.08:786][771]LogAudioMixer: Display: 	Number of buffers to queue:			  2
[2025.05.26-18.07.08:786][771]LogAudioMixer: Display: 	Max Channels (voices):				  32
[2025.05.26-18.07.08:786][771]LogAudioMixer: Display: 	Number of Async Source Workers:		  0
[2025.05.26-18.07.08:786][771]LogAudio: Display: AudioDevice MaxSources: 32
[2025.05.26-18.07.08:786][771]LogAudio: Display: Audio Spatialization Plugin: None (built-in).
[2025.05.26-18.07.08:786][771]LogAudio: Display: Audio Reverb Plugin: None (built-in).
[2025.05.26-18.07.08:786][771]LogAudio: Display: Audio Occlusion Plugin: None (built-in).
[2025.05.26-18.07.08:786][771]LogAudioMixer: Display: Initializing audio mixer.
[2025.05.26-18.07.08:789][771]LogAudioMixer: Display: 0: FrontLeft
[2025.05.26-18.07.08:789][771]LogAudioMixer: Display: 1: FrontRight
[2025.05.26-18.07.08:799][771]LogAudioMixer: Display: Using Audio Device Speakers (Realtek(R) Audio)
[2025.05.26-18.07.08:799][771]LogAudioMixer: Display: Initializing Sound Submixes...
[2025.05.26-18.07.08:799][771]LogAudioMixer: Display: Creating Master Submix 'MasterSubmixDefault'
[2025.05.26-18.07.08:799][771]LogAudioMixer: Display: Creating Master Submix 'MasterReverbSubmixDefault'
[2025.05.26-18.07.08:799][771]LogAudioMixer: Display: Creating Master Submix 'MasterEQSubmixDefault'
[2025.05.26-18.07.08:799][771]LogAudioMixer: FMixerPlatformXAudio2::StartAudioStream() called
[2025.05.26-18.07.08:799][771]LogAudioMixer: Display: Output buffers initialized: Frames=1024, Channels=2, Samples=2048
[2025.05.26-18.07.08:801][771]LogAudioMixer: Display: Starting AudioMixerPlatformInterface::RunInternal()
[2025.05.26-18.07.08:801][771]LogAudioMixer: Display: FMixerPlatformXAudio2::SubmitBuffer() called for the first time
[2025.05.26-18.07.08:801][771]LogInit: FAudioDevice initialized.
[2025.05.26-18.07.08:801][771]LogAudio: Display: Audio Device (ID: 3) registered with world 'Main'.
[2025.05.26-18.07.08:808][771]LogLoad: Game class is 'BP_GameMode_01_C'
[2025.05.26-18.07.08:809][771]LogWorld: Bringing World /Game/Levels/UEDPIE_0_Main.Main up for play (max tick rate 60) at 2025.05.26-20.07.08
[2025.05.26-18.07.08:810][771]LogWorld: Bringing up level for play took: 0.001058
[2025.05.26-18.07.08:810][771]LogOnline: OSS: Creating online subsystem instance for: :Context_20
[2025.05.26-18.07.08:812][771]PIE: Server logged in
[2025.05.26-18.07.08:812][771]PIE: Play in editor total start time 0,053 seconds.
[2025.05.26-18.07.12:276][977]LogSlate: Updating window title bar state: overlay mode, drag disabled, window buttons hidden, title bar hidden
[2025.05.26-18.07.12:276][977]LogWorld: BeginTearingDown for /Game/Levels/UEDPIE_0_Main
[2025.05.26-18.07.12:277][977]LogWorld: UWorld::CleanupWorld for Main, bSessionEnded=true, bCleanupResources=true
[2025.05.26-18.07.12:277][977]LogSlate: InvalidateAllWidgets triggered.  All widgets were invalidated
[2025.05.26-18.07.12:293][977]LogPlayLevel: Display: Shutting down PIE online subsystems
[2025.05.26-18.07.12:296][977]LogSlate: InvalidateAllWidgets triggered.  All widgets were invalidated
[2025.05.26-18.07.12:321][977]LogAudio: Display: Audio Device unregistered from world 'None'.
[2025.05.26-18.07.12:321][977]LogAudioMixer: FMixerPlatformXAudio2::StopAudioStream() called
[2025.05.26-18.07.12:323][977]LogAudioMixer: FMixerPlatformXAudio2::StopAudioStream() called
[2025.05.26-18.07.12:324][977]LogSlate: Updating window title bar state: overlay mode, drag disabled, window buttons hidden, title bar hidden
[2025.05.26-18.07.12:326][977]LogUObjectHash: Compacting FUObjectHashTables data took   1.66ms
[2025.05.26-18.07.12:343][978]LogPlayLevel: Display: Destroying online subsystem :Context_20
[2025.05.26-18.07.42:993][804]BlueprintLog: New page: Compile AB_Soldier_01
[2025.05.26-18.07.43:008][804]LogScript: Warning: Accessed None trying to read property CallFunc_TryGetPawnOwner_ReturnValue
	AB_Soldier_01_C /Engine/Transient.World_11:PersistentLevel.AnimationEditorPreviewActor_0.DebugSkelMeshComponent_0.AB_Soldier_01_C_3
	Function /Game/Characters/Marine/Animations/AB_Soldier_01.AB_Soldier_01_C:ExecuteUbergraph_AB_Soldier_01:0040
[2025.05.26-18.07.43:009][804]LogScript: Warning: Accessed None trying to read property CallFunc_TryGetPawnOwner_ReturnValue
	AB_Soldier_01_C /Engine/Transient.World_9:PersistentLevel.SkeletalMeshActor_0.SkeletalMeshComponent0.AB_Soldier_01_C_3
	Function /Game/Characters/Marine/Animations/AB_Soldier_01.AB_Soldier_01_C:ExecuteUbergraph_AB_Soldier_01:0040
[2025.05.26-18.07.43:009][804]LogScript: Warning: Accessed None trying to read property CallFunc_TryGetPawnOwner_ReturnValue
	AB_Soldier_01_C /Engine/Transient.World_8:PersistentLevel.SkeletalMeshActor_0.SkeletalMeshComponent0.AB_Soldier_01_C_3
	Function /Game/Characters/Marine/Animations/AB_Soldier_01.AB_Soldier_01_C:ExecuteUbergraph_AB_Soldier_01:0040
[2025.05.26-18.07.43:032][804]LogUObjectHash: Compacting FUObjectHashTables data took   2.30ms
[2025.05.26-18.07.43:036][804]LogScript: Warning: Accessed None trying to read property CallFunc_TryGetPawnOwner_ReturnValue
	AB_Soldier_01_C /Engine/Transient.World_11:PersistentLevel.AnimationEditorPreviewActor_0.DebugSkelMeshComponent_0.AB_Soldier_01_C_3
	Function /Game/Characters/Marine/Animations/AB_Soldier_01.AB_Soldier_01_C:ExecuteUbergraph_AB_Soldier_01:0040
[2025.05.26-18.07.43:049][805]LogScript: Warning: Accessed None trying to read property CallFunc_TryGetPawnOwner_ReturnValue
	AB_Soldier_01_C /Engine/Transient.World_11:PersistentLevel.AnimationEditorPreviewActor_0.DebugSkelMeshComponent_0.AB_Soldier_01_C_3
	Function /Game/Characters/Marine/Animations/AB_Soldier_01.AB_Soldier_01_C:ExecuteUbergraph_AB_Soldier_01:0040
[2025.05.26-18.07.43:066][806]LogScript: Warning: Accessed None trying to read property CallFunc_TryGetPawnOwner_ReturnValue
	AB_Soldier_01_C /Engine/Transient.World_11:PersistentLevel.AnimationEditorPreviewActor_0.DebugSkelMeshComponent_0.AB_Soldier_01_C_3
	Function /Game/Characters/Marine/Animations/AB_Soldier_01.AB_Soldier_01_C:ExecuteUbergraph_AB_Soldier_01:0040
[2025.05.26-18.07.43:083][807]LogScript: Warning: Accessed None trying to read property CallFunc_TryGetPawnOwner_ReturnValue
	AB_Soldier_01_C /Engine/Transient.World_11:PersistentLevel.AnimationEditorPreviewActor_0.DebugSkelMeshComponent_0.AB_Soldier_01_C_3
	Function /Game/Characters/Marine/Animations/AB_Soldier_01.AB_Soldier_01_C:ExecuteUbergraph_AB_Soldier_01:0040
[2025.05.26-18.07.43:099][808]LogScript: Warning: Accessed None trying to read property CallFunc_TryGetPawnOwner_ReturnValue
	AB_Soldier_01_C /Engine/Transient.World_11:PersistentLevel.AnimationEditorPreviewActor_0.DebugSkelMeshComponent_0.AB_Soldier_01_C_3
	Function /Game/Characters/Marine/Animations/AB_Soldier_01.AB_Soldier_01_C:ExecuteUbergraph_AB_Soldier_01:0040
[2025.05.26-18.07.43:116][809]LogScript: Warning: Accessed None trying to read property CallFunc_TryGetPawnOwner_ReturnValue
	AB_Soldier_01_C /Engine/Transient.World_11:PersistentLevel.AnimationEditorPreviewActor_0.DebugSkelMeshComponent_0.AB_Soldier_01_C_3
	Function /Game/Characters/Marine/Animations/AB_Soldier_01.AB_Soldier_01_C:ExecuteUbergraph_AB_Soldier_01:0040
[2025.05.26-18.07.43:131][810]LogScript: Warning: Accessed None trying to read property CallFunc_TryGetPawnOwner_ReturnValue
	AB_Soldier_01_C /Engine/Transient.World_11:PersistentLevel.AnimationEditorPreviewActor_0.DebugSkelMeshComponent_0.AB_Soldier_01_C_3
	Function /Game/Characters/Marine/Animations/AB_Soldier_01.AB_Soldier_01_C:ExecuteUbergraph_AB_Soldier_01:0040
[2025.05.26-18.07.43:149][811]LogScript: Warning: Accessed None trying to read property CallFunc_TryGetPawnOwner_ReturnValue
	AB_Soldier_01_C /Engine/Transient.World_11:PersistentLevel.AnimationEditorPreviewActor_0.DebugSkelMeshComponent_0.AB_Soldier_01_C_3
	Function /Game/Characters/Marine/Animations/AB_Soldier_01.AB_Soldier_01_C:ExecuteUbergraph_AB_Soldier_01:0040
[2025.05.26-18.07.43:166][812]LogScript: Warning: Accessed None trying to read property CallFunc_TryGetPawnOwner_ReturnValue
	AB_Soldier_01_C /Engine/Transient.World_11:PersistentLevel.AnimationEditorPreviewActor_0.DebugSkelMeshComponent_0.AB_Soldier_01_C_3
	Function /Game/Characters/Marine/Animations/AB_Soldier_01.AB_Soldier_01_C:ExecuteUbergraph_AB_Soldier_01:0040
[2025.05.26-18.07.43:183][813]LogScript: Warning: Accessed None trying to read property CallFunc_TryGetPawnOwner_ReturnValue
	AB_Soldier_01_C /Engine/Transient.World_11:PersistentLevel.AnimationEditorPreviewActor_0.DebugSkelMeshComponent_0.AB_Soldier_01_C_3
	Function /Game/Characters/Marine/Animations/AB_Soldier_01.AB_Soldier_01_C:ExecuteUbergraph_AB_Soldier_01:0040
[2025.05.26-18.07.43:199][814]LogScript: Warning: Accessed None trying to read property CallFunc_TryGetPawnOwner_ReturnValue
	AB_Soldier_01_C /Engine/Transient.World_11:PersistentLevel.AnimationEditorPreviewActor_0.DebugSkelMeshComponent_0.AB_Soldier_01_C_3
	Function /Game/Characters/Marine/Animations/AB_Soldier_01.AB_Soldier_01_C:ExecuteUbergraph_AB_Soldier_01:0040
[2025.05.26-18.07.43:216][815]LogScript: Warning: Accessed None trying to read property CallFunc_TryGetPawnOwner_ReturnValue
	AB_Soldier_01_C /Engine/Transient.World_11:PersistentLevel.AnimationEditorPreviewActor_0.DebugSkelMeshComponent_0.AB_Soldier_01_C_3
	Function /Game/Characters/Marine/Animations/AB_Soldier_01.AB_Soldier_01_C:ExecuteUbergraph_AB_Soldier_01:0040
[2025.05.26-18.07.43:233][816]LogScript: Warning: Accessed None trying to read property CallFunc_TryGetPawnOwner_ReturnValue
	AB_Soldier_01_C /Engine/Transient.World_11:PersistentLevel.AnimationEditorPreviewActor_0.DebugSkelMeshComponent_0.AB_Soldier_01_C_3
	Function /Game/Characters/Marine/Animations/AB_Soldier_01.AB_Soldier_01_C:ExecuteUbergraph_AB_Soldier_01:0040
[2025.05.26-18.07.44:854][913]LogTemp: Repeating last play command: Selected Viewport
[2025.05.26-18.07.44:859][913]LogPlayLevel: PlayLevel: No blueprints needed recompiling
[2025.05.26-18.07.44:859][913]PIE: New page: PIE session: Main (26 maj 2025, 22:07:44)
[2025.05.26-18.07.44:859][913]LogPlayLevel: Creating play world package: /Game/Levels/UEDPIE_0_Main
[2025.05.26-18.07.44:861][913]LogPlayLevel: PIE: StaticDuplicateObject took: (0.002107s)
[2025.05.26-18.07.44:862][913]LogAIModule: Creating AISystem for world Main
[2025.05.26-18.07.44:863][913]LogPlayLevel: PIE: World Init took: (0.001081s)
[2025.05.26-18.07.44:863][913]LogPlayLevel: PIE: Created PIE world by copying editor world from /Game/Levels/Main.Main to /Game/Levels/UEDPIE_0_Main.Main (0.003300s)
[2025.05.26-18.07.44:887][913]LogUObjectHash: Compacting FUObjectHashTables data took   2.12ms
[2025.05.26-18.07.44:888][913]LogAudio: Display: Creating Audio Device:                 Id: 4, Scope: Unique, Realtime: True
[2025.05.26-18.07.44:888][913]LogAudioMixer: Display: Audio Mixer Platform Settings:
[2025.05.26-18.07.44:888][913]LogAudioMixer: Display: 	Sample Rate:						  48000
[2025.05.26-18.07.44:888][913]LogAudioMixer: Display: 	Callback Buffer Frame Size Requested: 1024
[2025.05.26-18.07.44:888][913]LogAudioMixer: Display: 	Callback Buffer Frame Size To Use:	  1024
[2025.05.26-18.07.44:888][913]LogAudioMixer: Display: 	Number of buffers to queue:			  2
[2025.05.26-18.07.44:888][913]LogAudioMixer: Display: 	Max Channels (voices):				  32
[2025.05.26-18.07.44:888][913]LogAudioMixer: Display: 	Number of Async Source Workers:		  0
[2025.05.26-18.07.44:888][913]LogAudio: Display: AudioDevice MaxSources: 32
[2025.05.26-18.07.44:888][913]LogAudio: Display: Audio Spatialization Plugin: None (built-in).
[2025.05.26-18.07.44:888][913]LogAudio: Display: Audio Reverb Plugin: None (built-in).
[2025.05.26-18.07.44:888][913]LogAudio: Display: Audio Occlusion Plugin: None (built-in).
[2025.05.26-18.07.44:888][913]LogAudioMixer: Display: Initializing audio mixer.
[2025.05.26-18.07.44:890][913]LogAudioMixer: Display: 0: FrontLeft
[2025.05.26-18.07.44:890][913]LogAudioMixer: Display: 1: FrontRight
[2025.05.26-18.07.44:900][913]LogAudioMixer: Display: Using Audio Device Speakers (Realtek(R) Audio)
[2025.05.26-18.07.44:901][913]LogAudioMixer: Display: Initializing Sound Submixes...
[2025.05.26-18.07.44:901][913]LogAudioMixer: Display: Creating Master Submix 'MasterSubmixDefault'
[2025.05.26-18.07.44:901][913]LogAudioMixer: Display: Creating Master Submix 'MasterReverbSubmixDefault'
[2025.05.26-18.07.44:901][913]LogAudioMixer: Display: Creating Master Submix 'MasterEQSubmixDefault'
[2025.05.26-18.07.44:901][913]LogAudioMixer: FMixerPlatformXAudio2::StartAudioStream() called
[2025.05.26-18.07.44:901][913]LogAudioMixer: Display: Output buffers initialized: Frames=1024, Channels=2, Samples=2048
[2025.05.26-18.07.44:902][913]LogAudioMixer: Display: Starting AudioMixerPlatformInterface::RunInternal()
[2025.05.26-18.07.44:902][913]LogAudioMixer: Display: FMixerPlatformXAudio2::SubmitBuffer() called for the first time
[2025.05.26-18.07.44:902][913]LogInit: FAudioDevice initialized.
[2025.05.26-18.07.44:902][913]LogAudio: Display: Audio Device (ID: 4) registered with world 'Main'.
[2025.05.26-18.07.44:917][913]LogLoad: Game class is 'BP_GameMode_01_C'
[2025.05.26-18.07.44:917][913]LogWorld: Bringing World /Game/Levels/UEDPIE_0_Main.Main up for play (max tick rate 60) at 2025.05.26-20.07.44
[2025.05.26-18.07.44:918][913]LogWorld: Bringing up level for play took: 0.000769
[2025.05.26-18.07.44:918][913]LogOnline: OSS: Creating online subsystem instance for: :Context_21
[2025.05.26-18.07.44:920][913]PIE: Server logged in
[2025.05.26-18.07.44:920][913]PIE: Play in editor total start time 0,062 seconds.
[2025.05.26-18.07.47:415][ 61]LogSlate: Updating window title bar state: overlay mode, drag disabled, window buttons hidden, title bar hidden
[2025.05.26-18.07.47:416][ 61]LogWorld: BeginTearingDown for /Game/Levels/UEDPIE_0_Main
[2025.05.26-18.07.47:416][ 61]LogWorld: UWorld::CleanupWorld for Main, bSessionEnded=true, bCleanupResources=true
[2025.05.26-18.07.47:416][ 61]LogSlate: InvalidateAllWidgets triggered.  All widgets were invalidated
[2025.05.26-18.07.47:430][ 61]LogPlayLevel: Display: Shutting down PIE online subsystems
[2025.05.26-18.07.47:435][ 61]LogSlate: InvalidateAllWidgets triggered.  All widgets were invalidated
[2025.05.26-18.07.47:461][ 61]LogAudio: Display: Audio Device unregistered from world 'None'.
[2025.05.26-18.07.47:461][ 61]LogAudioMixer: FMixerPlatformXAudio2::StopAudioStream() called
[2025.05.26-18.07.47:462][ 61]LogAudioMixer: FMixerPlatformXAudio2::StopAudioStream() called
[2025.05.26-18.07.47:463][ 61]LogSlate: Updating window title bar state: overlay mode, drag disabled, window buttons hidden, title bar hidden
[2025.05.26-18.07.47:466][ 61]LogUObjectHash: Compacting FUObjectHashTables data took   1.74ms
[2025.05.26-18.07.47:480][ 62]LogWindows: LaunchURL https://docs.unrealengine.com/4.27/pl//index.html?utm_source=editor&utm_medium=docs&utm_campaign=help_menu
[2025.05.26-18.07.47:513][ 63]LogPlayLevel: Display: Destroying online subsystem :Context_21
[2025.05.26-18.07.50:258][131]LogUObjectHash: Compacting FUObjectHashTables data took   1.76ms
[2025.05.26-18.07.52:103][131]LogSlate: Window 'Save Content' being destroyed
[2025.05.26-18.07.52:181][131]LogSavePackage: Moving '../../../../../Repozytoria/UE 4.27/KZ_TopDownShooter/TopDownAC/Saved/AB_Soldier_01A9E54C86417C3D0EBC368890E9B140C8.tmp' to '../../../../../Repozytoria/UE 4.27/KZ_TopDownShooter/TopDownAC/Content/Characters/Marine/Animations/AB_Soldier_01.uasset'
[2025.05.26-18.07.52:182][131]Cmd: OBJ SAVEPACKAGE PACKAGE="/Game/BluePrintClass/BP_PLAYER" FILE="../../../../../Repozytoria/UE 4.27/KZ_TopDownShooter/TopDownAC/Content/BluePrintClass/BP_PLAYER.uasset" SILENT=true
[2025.05.26-18.07.52:185][131]LogSavePackage: Moving '../../../../../Repozytoria/UE 4.27/KZ_TopDownShooter/TopDownAC/Saved/BP_PLAYER146DCBD647390A62CC8D7C9A0FCDEBFE.tmp' to '../../../../../Repozytoria/UE 4.27/KZ_TopDownShooter/TopDownAC/Content/BluePrintClass/BP_PLAYER.uasset'
[2025.05.26-18.07.52:207][131]LogWorld: UWorld::CleanupWorld for World_4, bSessionEnded=true, bCleanupResources=true
[2025.05.26-18.07.52:207][131]LogSlate: InvalidateAllWidgets triggered.  All widgets were invalidated
[2025.05.26-18.07.52:273][131]LogWorld: UWorld::CleanupWorld for World_12, bSessionEnded=true, bCleanupResources=true
[2025.05.26-18.07.52:273][131]LogSlate: InvalidateAllWidgets triggered.  All widgets were invalidated
[2025.05.26-18.07.52:301][131]LogWorld: UWorld::CleanupWorld for World_11, bSessionEnded=true, bCleanupResources=true
[2025.05.26-18.07.52:301][131]LogSlate: InvalidateAllWidgets triggered.  All widgets were invalidated
[2025.05.26-18.07.52:313][131]LogWorld: UWorld::CleanupWorld for World_10, bSessionEnded=true, bCleanupResources=true
[2025.05.26-18.07.52:313][131]LogSlate: InvalidateAllWidgets triggered.  All widgets were invalidated
[2025.05.26-18.07.52:363][131]LogWorld: UWorld::CleanupWorld for World_17, bSessionEnded=true, bCleanupResources=true
[2025.05.26-18.07.52:363][131]LogSlate: InvalidateAllWidgets triggered.  All widgets were invalidated
[2025.05.26-18.07.52:386][131]LogWorld: UWorld::CleanupWorld for World_16, bSessionEnded=true, bCleanupResources=true
[2025.05.26-18.07.52:386][131]LogSlate: InvalidateAllWidgets triggered.  All widgets were invalidated
[2025.05.26-18.07.52:394][131]LogWorld: UWorld::CleanupWorld for World_15, bSessionEnded=true, bCleanupResources=true
[2025.05.26-18.07.52:394][131]LogSlate: InvalidateAllWidgets triggered.  All widgets were invalidated
[2025.05.26-18.07.52:451][131]LogSlate: Window 'TopDownAC - Unreal Editor' being destroyed
[2025.05.26-18.07.52:563][131]AssetCheck: New page: Asset Save: multiple assets
[2025.05.26-18.07.52:563][131]LogContentValidation: Display: Validating Blueprint /Game/BluePrintClass/BP_PLAYER.BP_PLAYER
[2025.05.26-18.07.52:563][131]LogContentValidation: Display: Validating AnimBlueprint /Game/Characters/Marine/Animations/AB_Soldier_01.AB_Soldier_01
[2025.05.26-18.07.52:564][132]Cmd: QUIT_EDITOR
[2025.05.26-18.07.52:564][132]LogCore: Engine exit requested (reason: UUnrealEdEngine::CloseEditor())
[2025.05.26-18.07.52:569][132]LogCore: Engine exit requested (reason: EngineExit() was called; note: exit was already requested)
[2025.05.26-18.07.53:311][132]LogAudio: Display: Beginning Audio Device Manager Shutdown (Module: AudioMixerXAudio2)...
[2025.05.26-18.07.53:311][132]LogAudio: Display: Destroying 1 Remaining Audio Device(s)...
[2025.05.26-18.07.53:311][132]LogAudio: Display: Audio Device unregistered from world 'Main'.
[2025.05.26-18.07.53:311][132]LogAudioMixer: FMixerPlatformXAudio2::StopAudioStream() called
[2025.05.26-18.07.53:312][132]LogAudioMixer: FMixerPlatformXAudio2::StopAudioStream() called
[2025.05.26-18.07.53:314][132]LogAudio: Display: Audio Device Manager Shutdown
[2025.05.26-18.07.53:318][132]LogExit: Preparing to exit.
[2025.05.26-18.07.54:383][132]LogUObjectHash: Compacting FUObjectHashTables data took   6.46ms
[2025.05.26-18.07.54:501][132]LogWorld: UWorld::CleanupWorld for World_13, bSessionEnded=true, bCleanupResources=true
[2025.05.26-18.07.54:507][132]LogWorld: UWorld::CleanupWorld for World_2, bSessionEnded=true, bCleanupResources=true
[2025.05.26-18.07.54:514][132]LogWorld: UWorld::CleanupWorld for World_3, bSessionEnded=true, bCleanupResources=true
[2025.05.26-18.07.54:520][132]LogWorld: UWorld::CleanupWorld for World_6, bSessionEnded=true, bCleanupResources=true
[2025.05.26-18.07.54:526][132]LogWorld: UWorld::CleanupWorld for World_5, bSessionEnded=true, bCleanupResources=true
[2025.05.26-18.07.54:532][132]LogWorld: UWorld::CleanupWorld for World_1, bSessionEnded=true, bCleanupResources=true
[2025.05.26-18.07.54:537][132]LogWorld: UWorld::CleanupWorld for World_7, bSessionEnded=true, bCleanupResources=true
[2025.05.26-18.07.54:543][132]LogWorld: UWorld::CleanupWorld for World_8, bSessionEnded=true, bCleanupResources=true
[2025.05.26-18.07.54:549][132]LogWorld: UWorld::CleanupWorld for World_9, bSessionEnded=true, bCleanupResources=true
[2025.05.26-18.07.54:556][132]LogWorld: UWorld::CleanupWorld for World_14, bSessionEnded=true, bCleanupResources=true
[2025.05.26-18.07.54:562][132]LogWorld: UWorld::CleanupWorld for World_0, bSessionEnded=true, bCleanupResources=true
[2025.05.26-18.07.54:580][132]LogDirectoryWatcher: Display: A directory notification failed, and we were unable to create a new request. GetLastError code [6] Handle [FFFFFFFFFFFFFFFF], Path [D:/Repozytoria/UE 4.27/KZ_TopDownShooter/TopDownAC/Content/] 
[2025.05.26-18.07.54:670][132]LogDemo: Cleaned up 0 splitscreen connections with owner deletion
[2025.05.26-18.07.54:688][132]LogWorld: UWorld::CleanupWorld for None, bSessionEnded=true, bCleanupResources=true
[2025.05.26-18.07.54:689][132]LogExit: Editor shut down
[2025.05.26-18.07.54:690][132]LogExit: Transaction tracking system shut down
[2025.05.26-18.07.55:174][132]LogExit: Object subsystem successfully closed.
[2025.05.26-18.07.55:257][132]LogShaderCompilers: Display: === FShaderJobCache stats ===
[2025.05.26-18.07.55:257][132]LogShaderCompilers: Display: Total job queries 0, among them cache hits 0 (0.00%)
[2025.05.26-18.07.55:258][132]LogShaderCompilers: Display: Tracking 0 distinct input hashes that result in 0 distinct outputs (0.00%)
[2025.05.26-18.07.55:258][132]LogShaderCompilers: Display: RAM used: 0.00 MB (0.00 GB) of 1638.40 MB (1.60 GB) budget. Usage: 0.00%
[2025.05.26-18.07.55:258][132]LogShaderCompilers: Display: ================================================
[2025.05.26-18.07.55:273][132]LogShaderCompilers: Display: Shaders left to compile 0
[2025.05.26-18.07.55:304][132]LogModuleManager: Shutting down and abandoning module PinnedCommandList (880)
[2025.05.26-18.07.55:304][132]LogModuleManager: Shutting down and abandoning module SkeletonEditor (878)
[2025.05.26-18.07.55:304][132]LogModuleManager: Shutting down and abandoning module BlueprintGraph (876)
[2025.05.26-18.07.55:305][132]LogModuleManager: Shutting down and abandoning module MovieSceneCapture (874)
[2025.05.26-18.07.55:305][132]LogModuleManager: Shutting down and abandoning module Voice (872)
[2025.05.26-18.07.55:305][132]LogModuleManager: Shutting down and abandoning module HierarchicalLODOutliner (870)
[2025.05.26-18.07.55:305][132]LogModuleManager: Shutting down and abandoning module SceneOutliner (868)
[2025.05.26-18.07.55:305][132]LogModuleManager: Shutting down and abandoning module AddContentDialog (866)
[2025.05.26-18.07.55:305][132]LogModuleManager: Shutting down and abandoning module WidgetCarousel (865)
[2025.05.26-18.07.55:305][132]LogModuleManager: Shutting down and abandoning module EditorWidgets (862)
[2025.05.26-18.07.55:305][132]LogModuleManager: Shutting down and abandoning module StatsViewer (860)
[2025.05.26-18.07.55:305][132]LogModuleManager: Shutting down and abandoning module PIEPreviewDeviceProfileSelector (858)
[2025.05.26-18.07.55:306][132]LogModuleManager: Shutting down and abandoning module SequenceRecorderSections (856)
[2025.05.26-18.07.55:306][132]LogModuleManager: Shutting down and abandoning module AutomationWorker (854)
[2025.05.26-18.07.55:306][132]LogModuleManager: Shutting down and abandoning module SteamVREditor (852)
[2025.05.26-18.07.55:306][132]LogModuleManager: Shutting down and abandoning module OculusMR (850)
[2025.05.26-18.07.55:306][132]LogModuleManager: Shutting down and abandoning module TakeRecorderSources (848)
[2025.05.26-18.07.55:306][132]LogModuleManager: Shutting down and abandoning module TakeRecorder (847)
[2025.05.26-18.07.55:306][132]LogModuleManager: Shutting down and abandoning module TakeTrackRecorders (844)
[2025.05.26-18.07.55:306][132]LogModuleManager: Shutting down and abandoning module TakesCore (842)
[2025.05.26-18.07.55:306][132]LogModuleManager: Shutting down and abandoning module OpenXRInput (840)
[2025.05.26-18.07.55:306][132]LogModuleManager: Shutting down and abandoning module LevelSequenceEditor (838)
[2025.05.26-18.07.55:306][132]LogModuleManager: Shutting down and abandoning module GooglePADEditor (836)
[2025.05.26-18.07.55:306][132]LogModuleManager: Shutting down and abandoning module AudioCaptureEditor (834)
[2025.05.26-18.07.55:306][132]LogModuleManager: Shutting down and abandoning module TemplateSequenceEditor (832)
[2025.05.26-18.07.55:306][132]LogModuleManager: Shutting down and abandoning module MatineeToLevelSequence (830)
[2025.05.26-18.07.55:306][132]LogModuleManager: Shutting down and abandoning module ActorSequenceEditor (828)
[2025.05.26-18.07.55:306][132]LogModuleManager: Shutting down and abandoning module MagicLeapMediaCodecFactory (826)
[2025.05.26-18.07.55:307][132]LogModuleManager: Shutting down and abandoning module MagicLeapMediaFactory (824)
[2025.05.26-18.07.55:307][132]LogModuleManager: Shutting down and abandoning module MagicLeapMediaEditor (822)
[2025.05.26-18.07.55:307][132]LogModuleManager: Shutting down and abandoning module WmfMediaFactory (820)
[2025.05.26-18.07.55:307][132]LogModuleManager: Shutting down and abandoning module WmfMediaEditor (818)
[2025.05.26-18.07.55:307][132]LogModuleManager: Shutting down and abandoning module WebMMediaFactory (816)
[2025.05.26-18.07.55:307][132]LogModuleManager: Shutting down and abandoning module WebMMediaEditor (814)
[2025.05.26-18.07.55:307][132]LogModuleManager: Shutting down and abandoning module WebMMedia (812)
[2025.05.26-18.07.55:307][132]LogModuleManager: Shutting down and abandoning module MediaPlayerEditor (810)
[2025.05.26-18.07.55:307][132]LogModuleManager: Shutting down and abandoning module MediaCompositingEditor (808)
[2025.05.26-18.07.55:307][132]LogModuleManager: Shutting down and abandoning module SequenceRecorder (807)
[2025.05.26-18.07.55:307][132]LogModuleManager: Shutting down and abandoning module OpenExrWrapper (804)
[2025.05.26-18.07.55:307][132]LogModuleManager: Shutting down and abandoning module ImgMediaFactory (802)
[2025.05.26-18.07.55:307][132]LogModuleManager: Shutting down and abandoning module ImgMediaEditor (800)
[2025.05.26-18.07.55:307][132]LogModuleManager: Shutting down and abandoning module AvfMediaFactory (798)
[2025.05.26-18.07.55:307][132]LogModuleManager: Shutting down and abandoning module AvfMediaEditor (796)
[2025.05.26-18.07.55:307][132]LogModuleManager: Shutting down and abandoning module AndroidMediaFactory (794)
[2025.05.26-18.07.55:307][132]LogModuleManager: Shutting down and abandoning module AndroidMediaEditor (792)
[2025.05.26-18.07.55:307][132]LogModuleManager: Shutting down and abandoning module CameraShakePreviewer (790)
[2025.05.26-18.07.55:308][132]LogModuleManager: Shutting down and abandoning module PlanarCut (788)
[2025.05.26-18.07.55:308][132]LogModuleManager: Shutting down and abandoning module CharacterAI (786)
[2025.05.26-18.07.55:308][132]LogModuleManager: Shutting down and abandoning module TextureAlignMode (784)
[2025.05.26-18.07.55:308][132]LogModuleManager: Shutting down and abandoning module BspMode (782)
[2025.05.26-18.07.55:308][132]LogModuleManager: Shutting down and abandoning module GeometryMode (780)
[2025.05.26-18.07.55:308][132]LogModuleManager: Shutting down and abandoning module SmartSnapping (778)
[2025.05.26-18.07.55:308][132]LogModuleManager: Shutting down and abandoning module SessionServices (776)
[2025.05.26-18.07.55:308][132]LogModuleManager: Shutting down and abandoning module MeshPaint (774)
[2025.05.26-18.07.55:308][132]LogModuleManager: Shutting down and abandoning module VirtualTexturingEditor (772)
[2025.05.26-18.07.55:308][132]LogModuleManager: Shutting down and abandoning module FoliageEdit (770)
[2025.05.26-18.07.55:308][132]LogModuleManager: Shutting down and abandoning module LandscapeEditor (768)
[2025.05.26-18.07.55:308][132]LogModuleManager: Shutting down and abandoning module MeshPaintMode (766)
[2025.05.26-18.07.55:309][132]LogModuleManager: Shutting down and abandoning module SceneDepthPickerMode (764)
[2025.05.26-18.07.55:309][132]LogModuleManager: Shutting down and abandoning module ActorPickerMode (762)
[2025.05.26-18.07.55:309][132]LogModuleManager: Shutting down and abandoning module PlacementMode (760)
[2025.05.26-18.07.55:309][132]LogModuleManager: Shutting down and abandoning module ViewportSnapping (758)
[2025.05.26-18.07.55:309][132]LogModuleManager: Shutting down and abandoning module ViewportInteraction (756)
[2025.05.26-18.07.55:309][132]LogModuleManager: Shutting down and abandoning module ClothPainter (754)
[2025.05.26-18.07.55:309][132]LogModuleManager: Shutting down and abandoning module SkeletalMeshEditor (753)
[2025.05.26-18.07.55:309][132]LogModuleManager: Shutting down and abandoning module LogVisualizer (750)
[2025.05.26-18.07.55:309][132]LogModuleManager: Shutting down and abandoning module IntroTutorials (748)
[2025.05.26-18.07.55:309][132]LogModuleManager: Shutting down and abandoning module GameProjectGeneration (747)
[2025.05.26-18.07.55:309][132]LogModuleManager: Shutting down and abandoning module LuminPlatformEditor (744)
[2025.05.26-18.07.55:309][132]LogModuleManager: Shutting down and abandoning module IOSPlatformEditor (742)
[2025.05.26-18.07.55:309][132]LogModuleManager: Shutting down and abandoning module AndroidPlatformEditor (740)
[2025.05.26-18.07.55:310][132]LogModuleManager: Shutting down and abandoning module AndroidDeviceDetection (739)
[2025.05.26-18.07.55:352][132]LogModuleManager: Shutting down and abandoning module WindowsPlatformEditor (736)
[2025.05.26-18.07.55:353][132]LogModuleManager: Shutting down and abandoning module LuminRuntimeSettings (734)
[2025.05.26-18.07.55:353][132]LogModuleManager: Shutting down and abandoning module IOSRuntimeSettings (732)
[2025.05.26-18.07.55:353][132]LogModuleManager: Shutting down and abandoning module AndroidRuntimeSettings (730)
[2025.05.26-18.07.55:353][132]LogModuleManager: Shutting down and abandoning module TraceInsights (728)
[2025.05.26-18.07.55:353][132]MemoryProfiler: Shutdown
[2025.05.26-18.07.55:353][132]NetworkingProfiler: Shutdown
[2025.05.26-18.07.55:353][132]LoadingProfiler: Shutdown
[2025.05.26-18.07.55:353][132]TimingProfiler: Shutdown
[2025.05.26-18.07.55:354][132]LogModuleManager: Shutting down and abandoning module TraceServices (727)
[2025.05.26-18.07.55:354][132]LogModuleManager: Shutting down and abandoning module EditorInteractiveToolsFramework (724)
[2025.05.26-18.07.55:354][132]LogModuleManager: Shutting down and abandoning module TimeManagementEditor (722)
[2025.05.26-18.07.55:354][132]LogModuleManager: Shutting down and abandoning module InputBindingEditor (720)
[2025.05.26-18.07.55:354][132]LogModuleManager: Shutting down and abandoning module MergeActors (718)
[2025.05.26-18.07.55:354][132]LogModuleManager: Shutting down and abandoning module LocalizationDashboard (716)
[2025.05.26-18.07.55:354][132]LogModuleManager: Shutting down and abandoning module LocalizationService (715)
[2025.05.26-18.07.55:354][132]LogModuleManager: Shutting down and abandoning module HardwareTargeting (712)
[2025.05.26-18.07.55:354][132]LogModuleManager: Shutting down and abandoning module DeviceProfileEditor (710)
[2025.05.26-18.07.55:354][132]LogModuleManager: Shutting down and abandoning module UndoHistory (708)
[2025.05.26-18.07.55:354][132]LogModuleManager: Shutting down and abandoning module XmlParser (706)
[2025.05.26-18.07.55:354][132]LogModuleManager: Shutting down and abandoning module Blutility (704)
[2025.05.26-18.07.55:355][132]LogModuleManager: Shutting down and abandoning module ProjectSettingsViewer (702)
[2025.05.26-18.07.55:355][132]LogModuleManager: Shutting down and abandoning module ProjectTargetPlatformEditor (701)
[2025.05.26-18.07.55:355][132]LogModuleManager: Shutting down and abandoning module EditorSettingsViewer (698)
[2025.05.26-18.07.55:355][132]LogModuleManager: Shutting down and abandoning module InternationalizationSettings (697)
[2025.05.26-18.07.55:355][132]LogModuleManager: Shutting down and abandoning module SettingsEditor (694)
[2025.05.26-18.07.55:355][132]LogModuleManager: Shutting down and abandoning module ProjectLauncher (692)
[2025.05.26-18.07.55:355][132]LogModuleManager: Shutting down and abandoning module SessionFrontend (690)
[2025.05.26-18.07.55:355][132]LogModuleManager: Shutting down and abandoning module ProfilerClient (688)
[2025.05.26-18.07.55:355][132]LogModuleManager: Shutting down and abandoning module DeviceManager (686)
[2025.05.26-18.07.55:355][132]LogModuleManager: Shutting down and abandoning module TargetDeviceServices (685)
[2025.05.26-18.07.55:389][132]LogModuleManager: Shutting down and abandoning module AutomationController (682)
[2025.05.26-18.07.55:389][132]LogModuleManager: Shutting down and abandoning module AutomationWindow (680)
[2025.05.26-18.07.55:389][132]LogModuleManager: Shutting down and abandoning module Layers (678)
[2025.05.26-18.07.55:389][132]LogModuleManager: Shutting down and abandoning module ComponentVisualizers (676)
[2025.05.26-18.07.55:389][132]LogModuleManager: Shutting down and abandoning module DetailCustomizations (674)
[2025.05.26-18.07.55:389][132]LogModuleManager: Shutting down and abandoning module PackagesDialog (672)
[2025.05.26-18.07.55:389][132]LogModuleManager: Shutting down and abandoning module AnimationBlueprintEditor (670)
[2025.05.26-18.07.55:389][132]LogModuleManager: Shutting down and abandoning module Persona (668)
[2025.05.26-18.07.55:389][132]LogModuleManager: Shutting down and abandoning module AdvancedPreviewScene (667)
[2025.05.26-18.07.55:389][132]LogModuleManager: Shutting down and abandoning module AnimGraph (665)
[2025.05.26-18.07.55:389][132]LogModuleManager: Shutting down and abandoning module Kismet (662)
[2025.05.26-18.07.55:415][132]LogModuleManager: Shutting down and abandoning module KismetWidgets (661)
[2025.05.26-18.07.55:415][132]LogModuleManager: Shutting down and abandoning module GraphEditor (658)
[2025.05.26-18.07.55:415][132]LogModuleManager: Shutting down and abandoning module StructViewer (656)
[2025.05.26-18.07.55:416][132]LogModuleManager: Shutting down and abandoning module ClassViewer (654)
[2025.05.26-18.07.55:418][132]LogModuleManager: Shutting down and abandoning module Toolbox (652)
[2025.05.26-18.07.55:418][132]LogModuleManager: Shutting down and abandoning module ModuleUI (650)
[2025.05.26-18.07.55:418][132]LogModuleManager: Shutting down and abandoning module OutputLog (648)
[2025.05.26-18.07.55:419][132]LogModuleManager: Shutting down and abandoning module GammaUI (646)
[2025.05.26-18.07.55:419][132]LogModuleManager: Shutting down and abandoning module Documentation (644)
[2025.05.26-18.07.55:419][132]LogModuleManager: Shutting down and abandoning module LiveCoding (642)
[2025.05.26-18.07.55:419][132]LogModuleManager: Shutting down and abandoning module LevelSequence (640)
[2025.05.26-18.07.55:419][132]LogModuleManager: Shutting down and abandoning module MovieSceneTracks (638)
[2025.05.26-18.07.55:419][132]LogModuleManager: Shutting down and abandoning module MovieScene (636)
[2025.05.26-18.07.55:419][132]LogModuleManager: Shutting down and abandoning module StreamingPauseRendering (634)
[2025.05.26-18.07.55:419][132]LogModuleManager: Shutting down and abandoning module LauncherPlatform (632)
[2025.05.26-18.07.55:420][132]LogModuleManager: Shutting down and abandoning module AnalyticsET (630)
[2025.05.26-18.07.55:420][132]LogModuleManager: Shutting down and abandoning module PortalServices (628)
[2025.05.26-18.07.55:420][132]LogModuleManager: Shutting down and abandoning module PortalRpc (626)
[2025.05.26-18.07.55:420][132]LogModuleManager: Shutting down and abandoning module MessagingRpc (624)
[2025.05.26-18.07.55:420][132]LogModuleManager: Shutting down and abandoning module AudioMixerXAudio2 (622)
[2025.05.26-18.07.55:420][132]LogModuleManager: Shutting down and abandoning module AudioMixerCore (621)
[2025.05.26-18.07.55:420][132]LogModuleManager: Shutting down and abandoning module AIModule (618)
[2025.05.26-18.07.55:420][132]LogModuleManager: Shutting down and abandoning module GameplayDebugger (617)
[2025.05.26-18.07.55:420][132]LogModuleManager: Shutting down and abandoning module AITestSuite (615)
[2025.05.26-18.07.55:420][132]LogModuleManager: Shutting down and abandoning module NavigationSystem (613)
[2025.05.26-18.07.55:420][132]LogModuleManager: Shutting down and abandoning module ImageWriteQueue (610)
[2025.05.26-18.07.55:429][132]LogModuleManager: Shutting down and abandoning module ProfilerService (608)
[2025.05.26-18.07.55:646][132]LogModuleManager: Shutting down and abandoning module TaskGraph (606)
[2025.05.26-18.07.55:646][132]LogModuleManager: Shutting down and abandoning module AudioSynesthesiaEditor (604)
[2025.05.26-18.07.55:646][132]LogModuleManager: Shutting down and abandoning module OculusEditor (602)
[2025.05.26-18.07.55:647][132]LogModuleManager: Shutting down and abandoning module OculusInput (600)
[2025.05.26-18.07.55:647][132]LogModuleManager: Shutting down and abandoning module ContentBrowserAssetDataSource (598)
[2025.05.26-18.07.55:647][132]LogModuleManager: Shutting down and abandoning module ContentBrowserFileDataSource (596)
[2025.05.26-18.07.55:647][132]LogModuleManager: Shutting down and abandoning module ContentBrowserClassDataSource (594)
[2025.05.26-18.07.55:647][132]LogModuleManager: Shutting down and abandoning module CollectionManager (593)
[2025.05.26-18.07.55:648][132]LogModuleManager: Shutting down and abandoning module TakeSequencer (590)
[2025.05.26-18.07.55:648][132]LogModuleManager: Shutting down and abandoning module TakeMovieScene (588)
[2025.05.26-18.07.55:648][132]LogModuleManager: Shutting down and abandoning module SynthesisEditor (586)
[2025.05.26-18.07.55:648][132]LogModuleManager: Shutting down and abandoning module Synthesis (584)
[2025.05.26-18.07.55:648][132]LogModuleManager: Shutting down and abandoning module ProceduralMeshComponentEditor (582)
[2025.05.26-18.07.55:648][132]LogModuleManager: Shutting down and abandoning module ProceduralMeshComponent (580)
[2025.05.26-18.07.55:648][132]LogModuleManager: Shutting down and abandoning module ScreenshotTools (578)
[2025.05.26-18.07.55:648][132]LogModuleManager: Shutting down and abandoning module OpenXREditor (576)
[2025.05.26-18.07.55:648][132]LogModuleManager: Shutting down and abandoning module MobilePatchingUtils (574)
[2025.05.26-18.07.55:648][132]LogModuleManager: Shutting down and abandoning module GooglePAD (572)
[2025.05.26-18.07.55:648][132]LogModuleManager: Shutting down and abandoning module EditableMesh (570)
[2025.05.26-18.07.55:648][132]LogModuleManager: Shutting down and abandoning module CustomMeshComponent (568)
[2025.05.26-18.07.55:648][132]LogModuleManager: Shutting down and abandoning module CableComponent (566)
[2025.05.26-18.07.55:648][132]LogModuleManager: Shutting down and abandoning module ArchVisCharacter (564)
[2025.05.26-18.07.55:648][132]LogModuleManager: Shutting down and abandoning module AudioCapture (562)
[2025.05.26-18.07.55:649][132]LogModuleManager: Shutting down and abandoning module AudioCaptureRtAudio (561)
[2025.05.26-18.07.55:649][132]LogModuleManager: Shutting down and abandoning module AssetTags (558)
[2025.05.26-18.07.55:649][132]LogModuleManager: Shutting down and abandoning module AppleImageUtilsBlueprintSupport (556)
[2025.05.26-18.07.55:649][132]LogModuleManager: Shutting down and abandoning module AppleImageUtils (554)
[2025.05.26-18.07.55:649][132]LogModuleManager: Shutting down and abandoning module AndroidPermission (552)
[2025.05.26-18.07.55:649][132]LogModuleManager: Shutting down and abandoning module ActorLayerUtilitiesEditor (550)
[2025.05.26-18.07.55:649][132]LogModuleManager: Shutting down and abandoning module ActorLayerUtilities (548)
[2025.05.26-18.07.55:649][132]LogModuleManager: Shutting down and abandoning module TemplateSequence (546)
[2025.05.26-18.07.55:649][132]LogModuleManager: Shutting down and abandoning module MagicLeapSharedWorld (544)
[2025.05.26-18.07.55:649][132]LogModuleManager: Shutting down and abandoning module MagicLeapLightEstimation (542)
[2025.05.26-18.07.55:649][132]LogModuleManager: Shutting down and abandoning module MagicLeapHelperVulkan (540)
[2025.05.26-18.07.55:649][132]LogModuleManager: Shutting down and abandoning module MagicLeapHelperOpenGL (538)
[2025.05.26-18.07.55:649][132]LogModuleManager: Shutting down and abandoning module MagicLeapAudio (536)
[2025.05.26-18.07.55:649][132]LogModuleManager: Shutting down and abandoning module MediaCompositing (534)
[2025.05.26-18.07.55:649][132]LogModuleManager: Shutting down and abandoning module ImgMedia (532)
[2025.05.26-18.07.55:649][132]LogModuleManager: Shutting down and abandoning module NiagaraEditorWidgets (530)
[2025.05.26-18.07.55:649][132]LogModuleManager: Shutting down and abandoning module OpenImageDenoise (528)
[2025.05.26-18.07.55:649][132]LogOpenImageDenoise: OIDN shutting down
[2025.05.26-18.07.55:649][132]LogModuleManager: Shutting down and abandoning module MotoSynthEditor (526)
[2025.05.26-18.07.55:649][132]LogModuleManager: Shutting down and abandoning module MotoSynth (524)
[2025.05.26-18.07.55:649][132]LogModuleManager: Shutting down and abandoning module MeshConversion (522)
[2025.05.26-18.07.55:649][132]LogModuleManager: Shutting down and abandoning module DynamicMesh (520)
[2025.05.26-18.07.55:649][132]LogModuleManager: Shutting down and abandoning module GeometryAlgorithms (518)
[2025.05.26-18.07.55:649][132]LogModuleManager: Shutting down and abandoning module GeometricObjects (516)
[2025.05.26-18.07.55:649][132]LogModuleManager: Shutting down and abandoning module GeometryCollectionTracks (514)
[2025.05.26-18.07.55:649][132]LogModuleManager: Shutting down and abandoning module GeometryCollectionSequencer (513)
[2025.05.26-18.07.55:649][132]LogModuleManager: Shutting down and abandoning module GeometryCollectionEditor (510)
[2025.05.26-18.07.55:650][132]LogModuleManager: Shutting down and abandoning module GeometryCacheTracks (508)
[2025.05.26-18.07.55:650][132]LogModuleManager: Shutting down and abandoning module GeometryCacheStreamer (506)
[2025.05.26-18.07.55:650][132]LogModuleManager: Shutting down and abandoning module GeometryCacheSequencer (504)
[2025.05.26-18.07.55:650][132]LogModuleManager: Shutting down and abandoning module ChaosSolverEditor (502)
[2025.05.26-18.07.55:650][132]LogModuleManager: Shutting down and abandoning module ChaosNiagara (500)
[2025.05.26-18.07.55:650][132]LogModuleManager: Shutting down and abandoning module FractureEditor (498)
[2025.05.26-18.07.55:650][132]LogModuleManager: Shutting down and abandoning module FieldSystemEngine (497)
[2025.05.26-18.07.55:650][132]LogModuleManager: Shutting down and abandoning module ChaosClothEditor (494)
[2025.05.26-18.07.55:650][132]LogModuleManager: Shutting down and abandoning module AlembicImporter (492)
[2025.05.26-18.07.55:650][132]LogModuleManager: Shutting down and abandoning module AlembicLibrary (491)
[2025.05.26-18.07.55:650][132]LogModuleManager: Shutting down and abandoning module GeometryCache (490)
[2025.05.26-18.07.55:650][132]LogModuleManager: Shutting down and abandoning module GeometryCacheEd (489)
[2025.05.26-18.07.55:650][132]LogModuleManager: Shutting down and abandoning module BackChannel (484)
[2025.05.26-18.07.55:650][132]LogModuleManager: Shutting down and abandoning module AutomationUtilsEditor (482)
[2025.05.26-18.07.55:650][132]LogModuleManager: Shutting down and abandoning module AutomationUtils (480)
[2025.05.26-18.07.55:650][132]LogModuleManager: Shutting down and abandoning module VisualStudioSourceCodeAccess (478)
[2025.05.26-18.07.55:650][132]LogModuleManager: Shutting down and abandoning module VisualStudioCodeSourceCodeAccess (476)
[2025.05.26-18.07.55:650][132]LogModuleManager: Shutting down and abandoning module UObjectPlugin (474)
[2025.05.26-18.07.55:650][132]LogModuleManager: Shutting down and abandoning module SubversionSourceControl (472)
[2025.05.26-18.07.55:651][132]LogModuleManager: Shutting down and abandoning module RiderSourceCodeAccess (470)
[2025.05.26-18.07.55:651][132]LogModuleManager: Shutting down and abandoning module PluginUtils (468)
[2025.05.26-18.07.55:651][132]LogModuleManager: Shutting down and abandoning module PlasticSourceControl (466)
[2025.05.26-18.07.55:651][132]LogModuleManager: Shutting down and abandoning module PerforceSourceControl (464)
[2025.05.26-18.07.55:651][132]LogModuleManager: Shutting down and abandoning module GitSourceControl (462)
[2025.05.26-18.07.55:651][132]LogModuleManager: Shutting down and abandoning module SourceControl (461)
[2025.05.26-18.07.55:651][132]LogModuleManager: Shutting down and abandoning module CLionSourceCodeAccess (458)
[2025.05.26-18.07.55:651][132]LogModuleManager: Shutting down and abandoning module AnimationSharingEd (456)
[2025.05.26-18.07.55:651][132]LogModuleManager: Shutting down and abandoning module VariantManagerContentEditor (454)
[2025.05.26-18.07.55:651][132]LogModuleManager: Shutting down and abandoning module DatasmithContentEditor (452)
[2025.05.26-18.07.55:651][132]LogModuleManager: Shutting down and abandoning module SpeedTreeImporter (450)
[2025.05.26-18.07.55:651][132]LogModuleManager: Shutting down and abandoning module PluginBrowser (448)
[2025.05.26-18.07.55:651][132]LogModuleManager: Shutting down and abandoning module MobileLauncherProfileWizard (446)
[2025.05.26-18.07.55:653][132]LogModuleManager: Shutting down and abandoning module MaterialAnalyzer (444)
[2025.05.26-18.07.55:653][132]LogModuleManager: Shutting down and abandoning module CurveEditorTools (442)
[2025.05.26-18.07.55:653][132]LogModuleManager: Shutting down and abandoning module CryptoKeysOpenSSL (440)
[2025.05.26-18.07.55:653][132]LogModuleManager: Shutting down and abandoning module CryptoKeys (438)
[2025.05.26-18.07.55:653][132]LogModuleManager: Shutting down and abandoning module OodleNetworkHandlerComponent (436)
[2025.05.26-18.07.55:653][132]LogModuleManager: Shutting down and abandoning module LightPropagationVolumeEditor (434)
[2025.05.26-18.07.55:653][132]LogModuleManager: Shutting down and abandoning module LiveLinkSequencer (432)
[2025.05.26-18.07.55:653][132]LogModuleManager: Shutting down and abandoning module LiveLinkMovieScene (430)
[2025.05.26-18.07.55:653][132]LogModuleManager: Shutting down and abandoning module LiveLinkGraphNode (428)
[2025.05.26-18.07.55:653][132]LogModuleManager: Shutting down and abandoning module LiveLinkEditor (426)
[2025.05.26-18.07.55:653][132]LogModuleManager: Shutting down and abandoning module LiveLinkComponents (424)
[2025.05.26-18.07.55:653][132]LogModuleManager: Shutting down and abandoning module LiveLink (422)
[2025.05.26-18.07.56:510][132]LogModuleManager: Shutting down and abandoning module PaperTiledImporter (420)
[2025.05.26-18.07.56:510][132]LogModuleManager: Shutting down and abandoning module PaperSpriteSheetImporter (418)
[2025.05.26-18.07.56:510][132]LogModuleManager: Shutting down and abandoning module Paper2DEditor (416)
[2025.05.26-18.07.56:510][132]LogModuleManager: Shutting down and abandoning module MeshPaintingToolset (414)
[2025.05.26-18.07.56:510][132]LogModuleManager: Shutting down and abandoning module MeshPaintEditorMode (412)
[2025.05.26-18.07.56:510][132]LogModuleManager: Shutting down and abandoning module SignificanceManager (410)
[2025.05.26-18.07.56:510][132]LogModuleManager: Shutting down and abandoning module SoundFields (408)
[2025.05.26-18.07.56:510][132]LogModuleManager: Shutting down and abandoning module RuntimePhysXCooking (406)
[2025.05.26-18.07.56:510][132]LogModuleManager: Shutting down and abandoning module PropertyAccessEditor (404)
[2025.05.26-18.07.56:510][132]LogModuleManager: Shutting down and abandoning module PhysXVehiclesEditor (402)
[2025.05.26-18.07.56:510][132]LogModuleManager: Shutting down and abandoning module LocationServicesBPLibrary (398)
[2025.05.26-18.07.56:510][132]LogModuleManager: Shutting down and abandoning module AudioSynesthesia (396)
[2025.05.26-18.07.56:510][132]LogModuleManager: Shutting down and abandoning module AudioSynesthesiaCore (394)
[2025.05.26-18.07.56:510][132]LogModuleManager: Shutting down and abandoning module ActorSequence (392)
[2025.05.26-18.07.56:510][132]LogModuleManager: Shutting down and abandoning module TcpMessaging (390)
[2025.05.26-18.07.56:610][132]LogModuleManager: Shutting down and abandoning module UdpMessaging (388)
[2025.05.26-18.07.56:711][132]LogModuleManager: Shutting down and abandoning module MagicLeapARPin (386)
[2025.05.26-18.07.56:711][132]LogModuleManager: Shutting down and abandoning module MagicLeapHandMeshing (384)
[2025.05.26-18.07.56:711][132]LogModuleManager: Shutting down and abandoning module MagicLeapSecureStorage (382)
[2025.05.26-18.07.56:711][132]LogModuleManager: Shutting down and abandoning module MagicLeapPrivileges (380)
[2025.05.26-18.07.56:711][132]LogModuleManager: Shutting down and abandoning module MagicLeapPlanes (378)
[2025.05.26-18.07.56:711][132]LogMagicLeapPlanes: Planes tracker already destroyed.
[2025.05.26-18.07.56:711][132]LogModuleManager: Shutting down and abandoning module MagicLeapImageTracker (376)
[2025.05.26-18.07.56:711][132]LogModuleManager: Shutting down and abandoning module MagicLeapIdentity (374)
[2025.05.26-18.07.56:711][132]LogModuleManager: Shutting down and abandoning module MagicLeapHandTracking (372)
[2025.05.26-18.07.56:711][132]LogModuleManager: Shutting down and abandoning module MagicLeapEyeTracker (370)
[2025.05.26-18.07.56:711][132]LogModuleManager: Shutting down and abandoning module MagicLeapController (368)
[2025.05.26-18.07.56:711][132]LogModuleManager: Shutting down and abandoning module MagicLeapARPinImpl (366)
[2025.05.26-18.07.56:711][132]LogModuleManager: Shutting down and abandoning module MagicLeapAR (364)
[2025.05.26-18.07.56:711][132]LogModuleManager: Shutting down and abandoning module ImgMediaEngine (362)
[2025.05.26-18.07.56:711][132]LogModuleManager: Shutting down and abandoning module NiagaraAnimNotifies (360)
[2025.05.26-18.07.56:711][132]LogModuleManager: Shutting down and abandoning module Niagara (358)
[2025.05.26-18.07.56:711][132]LogModuleManager: Shutting down and abandoning module SignalProcessing (357)
[2025.05.26-18.07.56:711][132]LogModuleManager: Shutting down and abandoning module NiagaraEditor (355)
[2025.05.26-18.07.56:712][132]LogModuleManager: Shutting down and abandoning module NiagaraCore (352)
[2025.05.26-18.07.56:712][132]LogModuleManager: Shutting down and abandoning module GameplayCameras (350)
[2025.05.26-18.07.56:712][132]LogModuleManager: Shutting down and abandoning module PythonScriptPlugin (348)
[2025.05.26-18.07.56:712][132]LogModuleManager: Shutting down and abandoning module PropertyAccessNode (346)
[2025.05.26-18.07.56:712][132]LogModuleManager: Shutting down and abandoning module AnimationSharing (344)
[2025.05.26-18.07.56:712][132]LogModuleManager: Shutting down and abandoning module GameplayTagsEditor (342)
[2025.05.26-18.07.56:712][132]LogModuleManager: Shutting down and abandoning module FacialAnimationEditor (340)
[2025.05.26-18.07.56:712][132]LogModuleManager: Shutting down and abandoning module FacialAnimation (338)
[2025.05.26-18.07.56:712][132]LogModuleManager: Shutting down and abandoning module DataValidation (336)
[2025.05.26-18.07.56:712][132]LogModuleManager: Shutting down and abandoning module AssetManagerEditor (334)
[2025.05.26-18.07.56:712][132]LogModuleManager: Shutting down and abandoning module LevelEditor (333)
[2025.05.26-18.07.56:713][132]LogModuleManager: Shutting down and abandoning module PixelInspectorModule (332)
[2025.05.26-18.07.56:713][132]LogModuleManager: Shutting down and abandoning module CommonMenuExtensions (330)
[2025.05.26-18.07.56:714][132]LogModuleManager: Shutting down and abandoning module MainFrame (328)
[2025.05.26-18.07.56:714][132]LogModuleManager: Shutting down and abandoning module HotReload (327)
[2025.05.26-18.07.56:714][132]LogModuleManager: Shutting down and abandoning module ToolMenus (323)
[2025.05.26-18.07.56:714][132]LogModuleManager: Shutting down and abandoning module ContentBrowser (321)
[2025.05.26-18.07.56:714][132]LogModuleManager: Shutting down and abandoning module ContentBrowserData (320)
[2025.05.26-18.07.56:714][132]LogModuleManager: Shutting down and abandoning module TreeMap (317)
[2025.05.26-18.07.56:714][132]LogModuleManager: Shutting down and abandoning module LightPropagationVolumeRuntime (314)
[2025.05.26-18.07.56:714][132]LogModuleManager: Shutting down and abandoning module EnvironmentQueryEditor (312)
[2025.05.26-18.07.56:714][132]LogModuleManager: Shutting down and abandoning module Paper2D (310)
[2025.05.26-18.07.56:714][132]LogModuleManager: Shutting down and abandoning module WebMMoviePlayer (308)
[2025.05.26-18.07.56:714][132]LogModuleManager: Shutting down and abandoning module WindowsMoviePlayer (306)
[2025.05.26-18.07.56:715][132]LogModuleManager: Shutting down and abandoning module NetworkReplayStreaming (304)
[2025.05.26-18.07.56:715][132]LogModuleManager: Shutting down and abandoning module PacketHandler (302)
[2025.05.26-18.07.56:715][132]LogModuleManager: Shutting down and abandoning module ClothingSystemEditor (300)
[2025.05.26-18.07.56:715][132]LogModuleManager: Shutting down and abandoning module ClothingSystemRuntimeNv (298)
[2025.05.26-18.07.56:715][132]LogModuleManager: Shutting down and abandoning module MediaAssets (296)
[2025.05.26-18.07.56:715][132]LogModuleManager: Shutting down and abandoning module Overlay (294)
[2025.05.26-18.07.56:715][132]LogModuleManager: Shutting down and abandoning module OverlayEditor (293)
[2025.05.26-18.07.56:715][132]LogModuleManager: Shutting down and abandoning module VREditor (290)
[2025.05.26-18.07.56:715][132]LogModuleManager: Shutting down and abandoning module StringTableEditor (288)
[2025.05.26-18.07.56:715][132]LogModuleManager: Shutting down and abandoning module GameplayTasksEditor (286)
[2025.05.26-18.07.56:715][132]LogModuleManager: Shutting down and abandoning module BehaviorTreeEditor (284)
[2025.05.26-18.07.56:715][132]LogModuleManager: Shutting down and abandoning module FunctionalTesting (282)
[2025.05.26-18.07.56:716][132]LogModuleManager: Shutting down and abandoning module CollisionAnalyzer (280)
[2025.05.26-18.07.56:716][132]LogModuleManager: Shutting down and abandoning module WorkspaceMenuStructure (279)
[2025.05.26-18.07.56:716][132]LogModuleManager: Shutting down and abandoning module UMG (276)
[2025.05.26-18.07.56:716][132]LogModuleManager: Shutting down and abandoning module UMGEditor (275)
[2025.05.26-18.07.56:716][132]LogModuleManager: Shutting down and abandoning module MessageLog (273)
[2025.05.26-18.07.56:716][132]LogModuleManager: Shutting down and abandoning module SlateReflector (268)
[2025.05.26-18.07.56:716][132]LogModuleManager: Shutting down and abandoning module Slate (266)
[2025.05.26-18.07.56:716][132]LogModuleManager: Shutting down and abandoning module SlateCore (264)
[2025.05.26-18.07.56:718][132]LogModuleManager: Shutting down and abandoning module LandscapeEditorUtilities (262)
[2025.05.26-18.07.56:718][132]LogModuleManager: Shutting down and abandoning module UnrealEd (260)
[2025.05.26-18.07.56:718][132]LogModuleManager: Shutting down and abandoning module MRMesh (258)
[2025.05.26-18.07.56:718][132]LogModuleManager: Shutting down and abandoning module SourceCodeAccess (256)
[2025.05.26-18.07.56:718][132]LogModuleManager: Shutting down and abandoning module HeadMountedDisplay (254)
[2025.05.26-18.07.56:718][132]LogModuleManager: Shutting down and abandoning module XAudio2 (252)
[2025.05.26-18.07.56:718][132]LogModuleManager: Shutting down and abandoning module Networking (250)
[2025.05.26-18.07.56:718][132]LogModuleManager: Shutting down and abandoning module Core (248)
[2025.05.26-18.07.56:718][132]LogModuleManager: Shutting down and abandoning module MaterialEditor (246)
[2025.05.26-18.07.56:719][132]LogModuleManager: Shutting down and abandoning module MovieSceneTools (244)
[2025.05.26-18.07.56:719][132]LogModuleManager: Shutting down and abandoning module CurveEditor (243)
[2025.05.26-18.07.56:719][132]LogModuleManager: Shutting down and abandoning module Sequencer (241)
[2025.05.26-18.07.56:719][132]LogModuleManager: Shutting down and abandoning module EditorStyle (240)
[2025.05.26-18.07.56:721][132]LogModuleManager: Shutting down and abandoning module KismetCompiler (236)
[2025.05.26-18.07.56:721][132]LogModuleManager: Shutting down and abandoning module MeshBuilder (234)
[2025.05.26-18.07.56:721][132]LogModuleManager: Shutting down and abandoning module MeshUtilities (232)
[2025.05.26-18.07.56:721][132]LogModuleManager: Shutting down and abandoning module MeshMergeUtilities (231)
[2025.05.26-18.07.56:721][132]LogModuleManager: Shutting down and abandoning module MeshReductionInterface (230)
[2025.05.26-18.07.56:721][132]LogModuleManager: Shutting down and abandoning module MeshBoneReduction (229)
[2025.05.26-18.07.56:721][132]LogModuleManager: Shutting down and abandoning module SkeletalMeshReduction (227)
[2025.05.26-18.07.56:721][132]LogModuleManager: Shutting down and abandoning module ProxyLODMeshReduction (225)
[2025.05.26-18.07.56:721][132]LogModuleManager: Shutting down and abandoning module QuadricMeshReduction (223)
[2025.05.26-18.07.56:721][132]LogModuleManager: Shutting down and abandoning module MaterialBaking (219)
[2025.05.26-18.07.56:721][132]LogModuleManager: Shutting down and abandoning module NullInstallBundleManager (214)
[2025.05.26-18.07.56:721][132]LogModuleManager: Shutting down and abandoning module DerivedDataCache (212)
[2025.05.26-18.07.56:721][132]LogModuleManager: Shutting down and abandoning module TargetPlatform (210)
[2025.05.26-18.07.56:721][132]LogModuleManager: Shutting down and abandoning module VulkanShaderFormat (209)
[2025.05.26-18.07.56:722][132]LogModuleManager: Shutting down and abandoning module ShaderFormatVectorVM (207)
[2025.05.26-18.07.56:722][132]LogModuleManager: Shutting down and abandoning module ShaderFormatOpenGL (205)
[2025.05.26-18.07.56:722][132]LogModuleManager: Shutting down and abandoning module ShaderFormatD3D (203)
[2025.05.26-18.07.56:722][132]LogModuleManager: Shutting down and abandoning module MetalShaderFormat (201)
[2025.05.26-18.07.56:722][132]LogModuleManager: Shutting down and abandoning module TextureFormatOodle (199)
[2025.05.26-18.07.56:722][132]LogModuleManager: Shutting down and abandoning module TextureFormatUncompressed (197)
[2025.05.26-18.07.56:722][132]LogModuleManager: Shutting down and abandoning module TextureFormatPVR (195)
[2025.05.26-18.07.56:722][132]LogModuleManager: Shutting down and abandoning module TextureFormatETC2 (193)
[2025.05.26-18.07.56:722][132]LogModuleManager: Shutting down and abandoning module TextureFormatDXT (191)
[2025.05.26-18.07.56:722][132]LogModuleManager: Shutting down and abandoning module TextureFormatIntelISPCTexComp (189)
[2025.05.26-18.07.56:722][132]LogModuleManager: Shutting down and abandoning module TextureFormatASTC (187)
[2025.05.26-18.07.56:722][132]LogModuleManager: Shutting down and abandoning module ImageWrapper (186)
[2025.05.26-18.07.56:722][132]LogModuleManager: Shutting down and abandoning module AudioFormatOpus (183)
[2025.05.26-18.07.56:722][132]LogModuleManager: Shutting down and abandoning module AudioFormatOgg (181)
[2025.05.26-18.07.56:722][132]LogModuleManager: Shutting down and abandoning module AudioFormatADPCM (179)
[2025.05.26-18.07.56:722][132]LogModuleManager: Shutting down and abandoning module WindowsServerTargetPlatform (177)
[2025.05.26-18.07.56:722][132]LogModuleManager: Shutting down and abandoning module WindowsClientTargetPlatform (175)
[2025.05.26-18.07.56:722][132]LogModuleManager: Shutting down and abandoning module WindowsTargetPlatform (173)
[2025.05.26-18.07.56:722][132]LogModuleManager: Shutting down and abandoning module WindowsNoEditorTargetPlatform (171)
[2025.05.26-18.07.56:722][132]LogModuleManager: Shutting down and abandoning module TVOSTargetPlatform (169)
[2025.05.26-18.07.56:723][132]LogModuleManager: Shutting down and abandoning module MacServerTargetPlatform (167)
[2025.05.26-18.07.56:723][132]LogModuleManager: Shutting down and abandoning module MacClientTargetPlatform (165)
[2025.05.26-18.07.56:723][132]LogModuleManager: Shutting down and abandoning module MacTargetPlatform (163)
[2025.05.26-18.07.56:723][132]LogModuleManager: Shutting down and abandoning module MacNoEditorTargetPlatform (161)
[2025.05.26-18.07.56:723][132]LogModuleManager: Shutting down and abandoning module LuminTargetPlatform (159)
[2025.05.26-18.07.56:724][132]LogModuleManager: Shutting down and abandoning module LinuxAArch64ServerTargetPlatform (157)
[2025.05.26-18.07.56:724][132]LogModuleManager: Shutting down and abandoning module LinuxAArch64ClientTargetPlatform (155)
[2025.05.26-18.07.56:724][132]LogModuleManager: Shutting down and abandoning module LinuxAArch64NoEditorTargetPlatform (153)
[2025.05.26-18.07.56:724][132]LogModuleManager: Shutting down and abandoning module LinuxServerTargetPlatform (151)
[2025.05.26-18.07.56:724][132]LogModuleManager: Shutting down and abandoning module LinuxClientTargetPlatform (149)
[2025.05.26-18.07.56:724][132]LogModuleManager: Shutting down and abandoning module LinuxNoEditorTargetPlatform (147)
[2025.05.26-18.07.56:724][132]LogModuleManager: Shutting down and abandoning module LinuxTargetPlatform (145)
[2025.05.26-18.07.56:724][132]LogModuleManager: Shutting down and abandoning module Messaging (143)
[2025.05.26-18.07.56:724][132]LogModuleManager: Shutting down and abandoning module IOSTargetPlatform (141)
[2025.05.26-18.07.56:726][132]LogModuleManager: Shutting down and abandoning module AndroidTargetPlatform (139)
[2025.05.26-18.07.56:731][132]LogModuleManager: Shutting down and abandoning module AllDesktopTargetPlatform (137)
[2025.05.26-18.07.56:731][132]LogModuleManager: Shutting down and abandoning module D3D11RHI (134)
[2025.05.26-18.07.56:731][132]LogModuleManager: Shutting down and abandoning module InputCore (132)
[2025.05.26-18.07.56:731][132]LogModuleManager: Shutting down and abandoning module Settings (130)
[2025.05.26-18.07.56:731][132]LogModuleManager: Shutting down and abandoning module DirectoryWatcher (128)
[2025.05.26-18.07.56:732][132]LogModuleManager: Shutting down and abandoning module PhysXCooking (126)
[2025.05.26-18.07.56:732][132]LogModuleManager: Shutting down and abandoning module Chaos (124)
[2025.05.26-18.07.56:732][132]LogModuleManager: Shutting down and abandoning module WindowsPlatformFeatures (122)
[2025.05.26-18.07.56:732][132]LogModuleManager: Shutting down and abandoning module GameplayMediaEncoder (121)
[2025.05.26-18.07.56:732][132]LogModuleManager: Shutting down and abandoning module AVEncoder (120)
[2025.05.26-18.07.56:732][132]LogModuleManager: Shutting down and abandoning module SteamVRInputDevice (116)
[2025.05.26-18.07.56:732][132]LogModuleManager: Shutting down and abandoning module SteamVRInput (114)
[2025.05.26-18.07.56:732][132]LogModuleManager: Shutting down and abandoning module SteamVR (112)
[2025.05.26-18.07.56:732][132]LogHMD: Freeing OpenVRDLLHandle.
[2025.05.26-18.07.56:732][132]LogModuleManager: Shutting down and abandoning module OculusHMD (110)
[2025.05.26-18.07.56:732][132]LogModuleManager: Shutting down and abandoning module OpenXREyeTracker (108)
[2025.05.26-18.07.56:732][132]LogModuleManager: Shutting down and abandoning module OpenXRAR (106)
[2025.05.26-18.07.56:732][132]LogModuleManager: Shutting down and abandoning module AugmentedReality (105)
[2025.05.26-18.07.56:732][132]LogModuleManager: Shutting down and abandoning module OpenXRHandTracking (102)
[2025.05.26-18.07.56:732][132]LogSlate: Slate User Destroyed.  User Index 0, Is Virtual User: 0
[2025.05.26-18.07.56:732][132]LogModuleManager: Shutting down and abandoning module OpenXRHMD (101)
[2025.05.26-18.07.56:733][132]LogModuleManager: Shutting down and abandoning module ExampleDeviceProfileSelector (98)
[2025.05.26-18.07.56:733][132]LogModuleManager: Shutting down and abandoning module ChunkDownloader (96)
[2025.05.26-18.07.56:733][132]LogModuleManager: Shutting down and abandoning module LauncherChunkInstaller (94)
[2025.05.26-18.07.56:733][132]LogModuleManager: Shutting down and abandoning module OnlineBlueprintSupport (92)
[2025.05.26-18.07.56:733][132]LogModuleManager: Shutting down and abandoning module OnlineSubsystem (88)
[2025.05.26-18.07.56:734][132]LogModuleManager: Shutting down and abandoning module XMPP (83)
[2025.05.26-18.07.56:734][132]LogModuleManager: Shutting down and abandoning module WebSockets (82)
[2025.05.26-18.07.56:736][132]LogModuleManager: Shutting down and abandoning module HTTP (79)
[2025.05.26-18.07.56:737][132]LogHttp: Display: Http module shutting down, but needs to wait on 1 outstanding Http requests:
[2025.05.26-18.07.56:737][132]LogHttp: Display: 	verb=[POST] url=[https://datarouter.ol.epicgames.com/datarouter/api/v1/public/data?SessionID=%7BD3159BC2-4595-5CCF-C471-32A53134FB15%7D&AppID=UEEditor.Rocket.Release&AppVersion=4.27.2-18319896%2B%2B%2BUE4%2BRelease-4.27&UserID=3eadeb334a09c138a68d60b593878835%7C8c0f7f1633984bb789070dad4917d369%7C97a2f4a2-b958-4fc7-b9dd-dc3998f53197&AppEnvironment=datacollector-binary&UploadType=eteventstream] refs=[1] status=Processing
[2025.05.26-18.07.56:737][132]LogHttp: Display: cleaning up 1 outstanding Http requests.
[2025.05.26-18.07.56:761][132]LogModuleManager: Shutting down and abandoning module SSL (78)
[2025.05.26-18.07.56:764][132]LogModuleManager: Shutting down and abandoning module MLSDK (74)
[2025.05.26-18.07.56:764][132]LogModuleManager: Shutting down and abandoning module MagicLeap (72)
[2025.05.26-18.07.56:764][132]LogModuleManager: Shutting down and abandoning module WmfMedia (70)
[2025.05.26-18.07.56:769][132]LogModuleManager: Shutting down and abandoning module Media (69)
[2025.05.26-18.07.56:769][132]LogModuleManager: Shutting down and abandoning module MediaInfo (68)
[2025.05.26-18.07.56:769][132]LogModuleManager: Shutting down and abandoning module ExrReaderGpu (64)
[2025.05.26-18.07.56:769][132]LogModuleManager: Shutting down and abandoning module NiagaraVertexFactories (62)
[2025.05.26-18.07.56:769][132]LogModuleManager: Shutting down and abandoning module NiagaraShader (60)
[2025.05.26-18.07.56:769][132]LogModuleManager: Shutting down and abandoning module ChaosCloth (58)
[2025.05.26-18.07.56:769][132]LogModuleManager: Shutting down and abandoning module PixWinPlugin (56)
[2025.05.26-18.07.56:769][132]LogModuleManager: Shutting down and abandoning module VariantManagerContent (54)
[2025.05.26-18.07.56:769][132]LogModuleManager: Shutting down and abandoning module DatasmithContent (52)
[2025.05.26-18.07.56:770][132]LogModuleManager: Shutting down and abandoning module AISupportModule (50)
[2025.05.26-18.07.56:770][132]LogModuleManager: Shutting down and abandoning module DesktopPlatform (48)
[2025.05.26-18.07.56:770][132]LogModuleManager: Shutting down and abandoning module PlatformCryptoOpenSSL (46)
[2025.05.26-18.07.56:770][132]LogModuleManager: Shutting down and abandoning module PlatformCryptoTypes (44)
[2025.05.26-18.07.56:770][132]LogModuleManager: Shutting down and abandoning module PlatformCrypto (42)
[2025.05.26-18.07.56:770][132]LogModuleManager: Shutting down and abandoning module PythonScriptPluginPreload (40)
[2025.05.26-18.07.56:770][132]LogModuleManager: Shutting down and abandoning module OodleDataCompressionFormat (38)
[2025.05.26-18.07.56:770][132]LogModuleManager: Shutting down and abandoning module XGEController (36)
[2025.05.26-18.07.56:770][132]LogModuleManager: Shutting down and abandoning module AnimationModifiers (34)
[2025.05.26-18.07.56:770][132]LogModuleManager: Shutting down and abandoning module AudioEditor (32)
[2025.05.26-18.07.56:770][132]LogModuleManager: Shutting down and abandoning module PropertyEditor (31)
[2025.05.26-18.07.56:771][132]LogModuleManager: Shutting down and abandoning module TextureCompressor (28)
[2025.05.26-18.07.56:771][132]LogModuleManager: Shutting down and abandoning module RenderCore (26)
[2025.05.26-18.07.56:771][132]LogModuleManager: Shutting down and abandoning module Landscape (24)
[2025.05.26-18.07.56:771][132]LogModuleManager: Shutting down and abandoning module SlateRHIRenderer (22)
[2025.05.26-18.07.56:773][132]LogModuleManager: Shutting down and abandoning module AnimGraphRuntime (20)
[2025.05.26-18.07.56:773][132]LogModuleManager: Shutting down and abandoning module Renderer (18)
[2025.05.26-18.07.56:773][132]LogModuleManager: Shutting down and abandoning module Engine (16)
[2025.05.26-18.07.56:773][132]LogModuleManager: Shutting down and abandoning module CoreUObject (14)
[2025.05.26-18.07.56:773][132]LogModuleManager: Shutting down and abandoning module NetworkFile (12)
[2025.05.26-18.07.56:773][132]LogModuleManager: Shutting down and abandoning module CookedIterativeFile (10)
[2025.05.26-18.07.56:773][132]LogModuleManager: Shutting down and abandoning module StreamingFile (8)
[2025.05.26-18.07.56:773][132]LogModuleManager: Shutting down and abandoning module SandboxFile (6)
[2025.05.26-18.07.56:773][132]LogModuleManager: Shutting down and abandoning module PakFile (4)
[2025.05.26-18.07.56:773][132]LogModuleManager: Shutting down and abandoning module RSA (3)
[2025.05.26-18.07.56:773][132]LogContentStreaming: Display: There are 1 unreleased StreamingManagers
[2025.05.26-18.07.56:869][132]LogD3D11RHI: Shutdown
[2025.05.26-18.07.56:869][132]LogD3D11RHI: CleanupD3DDevice
[2025.05.26-18.07.56:875][132]LogExit: Exiting.
[2025.05.26-18.07.56:886][132]Log file closed, 05/26/25 20:07:56
