Log file open, 02/04/26 22:30:36
LogWindows: Failed to load 'aqProf.dll' (GetLastError=126)
LogWindows: File 'aqProf.dll' does not exist
LogWindows: Failed to load 'VtuneApi.dll' (GetLastError=126)
LogWindows: File 'VtuneApi.dll' does not exist
LogWindows: Failed to load 'VtuneApi32e.dll' (GetLastError=126)
LogWindows: File 'VtuneApi32e.dll' does not exist
LogConsoleResponse: Display: Failed to find resolution value strings in scalability ini. Falling back to default.
LogConsoleResponse: Display: Failed to find resolution value strings in scalability ini. Falling back to default.
LogInit: Display: Running engine for game: TopDownAC
LogPlatformFile: Not using cached read wrapper
LogTaskGraph: Started task graph with 5 named threads and 59 total threads with 3 sets of task threads.
LogStats: Stats thread started at 0.275382
LogICUInternationalization: ICU TimeZone Detection - Raw Offset: +1:00, Platform Override: ''
LogInit: Display: Loading text-based GConfig....
LogPluginManager: Mounting plugin MeshPainting
LogPluginManager: Mounting plugin XGEController
LogPluginManager: Mounting plugin Paper2D
LogPluginManager: Mounting plugin AISupport
LogPluginManager: Mounting plugin EnvironmentQueryEditor
LogPluginManager: Mounting plugin LiveLink
LogPluginManager: Mounting plugin LightPropagationVolume
LogPluginManager: Mounting plugin CameraShakePreviewer
LogPluginManager: Mounting plugin GameplayCameras
LogPluginManager: Mounting plugin OodleData
LogPluginManager: Mounting plugin OodleNetwork
LogPluginManager: Mounting plugin AnimationSharing
LogPluginManager: Mounting plugin CLionSourceCodeAccess
LogPluginManager: Mounting plugin GitSourceControl
LogPluginManager: Mounting plugin CodeLiteSourceCodeAccess
LogPluginManager: Mounting plugin KDevelopSourceCodeAccess
LogPluginManager: Mounting plugin NullSourceCodeAccess
LogPluginManager: Mounting plugin PlasticSourceControl
LogPluginManager: Mounting plugin PixWinPlugin
LogPluginManager: Mounting plugin PluginUtils
LogPluginManager: Mounting plugin PropertyAccessNode
LogPluginManager: Mounting plugin RiderSourceCodeAccess
LogPluginManager: Mounting plugin TextureFormatOodle
LogPluginManager: Mounting plugin SubversionSourceControl
LogPluginManager: Mounting plugin UObjectPlugin
LogPluginManager: Mounting plugin PerforceSourceControl
LogPluginManager: Mounting plugin VisualStudioCodeSourceCodeAccess
LogPluginManager: Mounting plugin VisualStudioSourceCodeAccess
LogPluginManager: Mounting plugin DatasmithContent
LogPluginManager: Mounting plugin AssetManagerEditor
LogPluginManager: Mounting plugin VariantManagerContent
LogPluginManager: Mounting plugin XCodeSourceCodeAccess
LogPluginManager: Mounting plugin AlembicImporter
LogPluginManager: Mounting plugin AutomationUtils
LogPluginManager: Mounting plugin BackChannel
LogPluginManager: Mounting plugin ChaosClothEditor
LogPluginManager: Mounting plugin ChaosEditor
LogPluginManager: Mounting plugin ChaosNiagara
LogPluginManager: Mounting plugin ChaosSolverPlugin
LogPluginManager: Mounting plugin CharacterAI
LogPluginManager: Mounting plugin CurveEditorTools
LogPluginManager: Mounting plugin DataValidation
LogPluginManager: Mounting plugin FacialAnimation
LogPluginManager: Mounting plugin ChaosCloth
LogPluginManager: Mounting plugin GameplayTagsEditor
LogPluginManager: Mounting plugin GeometryMode
LogPluginManager: Mounting plugin CryptoKeys
LogPluginManager: Mounting plugin MacGraphicsSwitching
LogPluginManager: Mounting plugin MaterialAnalyzer
LogPluginManager: Mounting plugin MobileLauncherProfileWizard
LogPluginManager: Mounting plugin SpeedTreeImporter
LogPluginManager: Mounting plugin PluginBrowser
LogPluginManager: Mounting plugin GeometryCollectionPlugin
LogPluginManager: Mounting plugin GeometryProcessing
LogPluginManager: Mounting plugin MotoSynth
LogPluginManager: Mounting plugin GeometryCache
LogPluginManager: Mounting plugin OpenImageDenoise
LogPluginManager: Mounting plugin PlanarCut
LogPluginManager: Mounting plugin PlatformCrypto
LogPluginManager: Mounting plugin PythonScriptPlugin
LogPluginManager: Mounting plugin ProxyLODPlugin
LogPluginManager: Mounting plugin SkeletalReduction
LogPluginManager: Mounting plugin Niagara
LogPluginManager: Mounting plugin LuminPlatformFeatures
LogPluginManager: Mounting plugin MagicLeap
LogPluginManager: Mounting plugin MLSDK
LogPluginManager: Mounting plugin MagicLeapMedia
LogPluginManager: Mounting plugin MagicLeapPassableWorld
LogPluginManager: Mounting plugin AndroidMedia
LogPluginManager: Mounting plugin AvfMedia
LogPluginManager: Mounting plugin ImgMedia
LogPluginManager: Mounting plugin MediaCompositing
LogPluginManager: Mounting plugin MediaPlayerEditor
LogPluginManager: Mounting plugin WebMMedia
LogPluginManager: Mounting plugin WmfMedia
LogPluginManager: Mounting plugin UdpMessaging
LogPluginManager: Mounting plugin ActorSequence
LogPluginManager: Mounting plugin TcpMessaging
LogPluginManager: Mounting plugin LevelSequenceEditor
LogPluginManager: Mounting plugin MatineeToLevelSequence
LogPluginManager: Mounting plugin TemplateSequence
LogPluginManager: Mounting plugin OnlineSubsystem
LogPluginManager: Mounting plugin OnlineSubsystemUtils
LogPluginManager: Mounting plugin LauncherChunkInstaller
LogPluginManager: Mounting plugin ActorLayerUtilities
LogPluginManager: Mounting plugin AndroidMoviePlayer
LogPluginManager: Mounting plugin OnlineSubsystemNull
LogPluginManager: Mounting plugin AndroidDeviceProfileSelector
LogPluginManager: Mounting plugin AndroidPermission
LogPluginManager: Mounting plugin AppleImageUtils
LogPluginManager: Mounting plugin AppleMoviePlayer
LogPluginManager: Mounting plugin MagicLeapLightEstimation
LogPluginManager: Mounting plugin AudioCapture
LogPluginManager: Mounting plugin AudioSynesthesia
LogPluginManager: Mounting plugin CableComponent
LogPluginManager: Mounting plugin ChunkDownloader
LogPluginManager: Mounting plugin ArchVisCharacter
LogPluginManager: Mounting plugin CustomMeshComponent
LogPluginManager: Mounting plugin EditableMesh
LogPluginManager: Mounting plugin ExampleDeviceProfileSelector
LogPluginManager: Mounting plugin GoogleCloudMessaging
LogPluginManager: Mounting plugin GooglePAD
LogPluginManager: Mounting plugin IOSDeviceProfileSelector
LogPluginManager: Mounting plugin LinuxDeviceProfileSelector
LogPluginManager: Mounting plugin LocationServicesBPLibrary
LogPluginManager: Mounting plugin MobilePatchingUtils
LogPluginManager: Mounting plugin OpenXREyeTracker
LogPluginManager: Mounting plugin OpenXR
LogPluginManager: Mounting plugin PhysXVehicles
LogPluginManager: Mounting plugin RuntimePhysXCooking
LogPluginManager: Mounting plugin PropertyAccessEditor
LogPluginManager: Mounting plugin SoundFields
LogPluginManager: Mounting plugin PostSplashScreen
LogPluginManager: Mounting plugin Synthesis
LogPluginManager: Mounting plugin AssetTags
LogPluginManager: Mounting plugin WebMMoviePlayer
LogPluginManager: Mounting plugin ProceduralMeshComponent
LogPluginManager: Mounting plugin WindowsMoviePlayer
LogPluginManager: Mounting plugin OpenXRHandTracking
LogPluginManager: Mounting plugin ScreenshotTools
LogPluginManager: Mounting plugin Takes
LogPluginManager: Mounting plugin SignificanceManager
LogPluginManager: Mounting plugin ContentBrowserAssetDataSource
LogPluginManager: Mounting plugin ContentBrowserClassDataSource
LogPluginManager: Mounting plugin ContentBrowserFileDataSource
LogPluginManager: Mounting plugin OnlineSubsystemGooglePlay
LogPluginManager: Mounting plugin OnlineSubsystemIOS
LogPluginManager: Mounting plugin OculusVR
LogPluginManager: Mounting plugin SteamVR
PixWinPlugin: PIX capture plugin failed to initialize! Check that the process is launched from PIX.
LogInit: Using libcurl 7.55.1-DEV
LogInit:  - built for x86_64-pc-win32
LogInit:  - supports SSL with OpenSSL/1.1.1
LogInit:  - supports HTTP deflate (compression) using libz 1.2.8
LogInit:  - other features:
LogInit:      CURL_VERSION_SSL
LogInit:      CURL_VERSION_LIBZ
LogInit:      CURL_VERSION_IPV6
LogInit:      CURL_VERSION_ASYNCHDNS
LogInit:      CURL_VERSION_LARGEFILE
LogInit:      CURL_VERSION_IDN
LogInit:  CurlRequestOptions (configurable via config and command line):
LogInit:  - bVerifyPeer = true  - Libcurl will verify peer certificate
LogInit:  - bUseHttpProxy = false  - Libcurl will NOT use HTTP proxy
LogInit:  - bDontReuseConnections = false  - Libcurl will reuse connections
LogInit:  - MaxHostConnections = 16  - Libcurl will limit the number of connections to a host
LogInit:  - LocalHostAddr = Default
LogInit:  - BufferSize = 65536
LogOnline: OSS: Creating online subsystem instance for: NULL
LogInit: WinSock: version 1.1 (2.2), MaxSocks=32767, MaxUdp=65467
LogOnline: OSS: TryLoadSubsystemAndSetDefault: Loaded subsystem for module [NULL]
LogOculusPluginWrapper: OculusPlugin initialized successfully
LogHMD: Failed initializing OVRPlugin 1.59.0
LogInit: Build: ++UE4+Release-4.27-CL-18319896
LogInit: Engine Version: 4.27.2-18319896+++UE4+Release-4.27
LogInit: Compatible Engine Version: 4.27.0-17155196+++UE4+Release-4.27
LogInit: Net CL: 17155196
LogInit: OS: Windows 10 (Release 2009) (), CPU: 13th Gen Intel(R) Core(TM) i7-13650HX, GPU: Intel(R) UHD Graphics
LogInit: Compiled (64-bit): Nov 30 2021 07:12:08
LogInit: Compiled with Visual C++: 19.24.28315.00
LogInit: Build Configuration: Development
LogInit: Branch Name: ++UE4+Release-4.27
LogInit: Command Line:  -AUTH_LOGIN=unused -AUTH_PASSWORD=61015d10e66b4293a2ed96a68de3254a -AUTH_TYPE=exchangecode -epicapp=UE_4.27 -epicenv=Prod -EpicPortal -epicusername=Xotii -epicuserid=8c0f7f1633984bb789070dad4917d369 -epiclocale=pl -epicsandboxid=ue
LogInit: Base Directory: D:/Epic Games/UE_4.27/Engine/Binaries/Win64/
LogInit: Allocator: TBB
LogInit: Installed Engine Build: 1
LogDevObjectVersion: Number of dev versions registered: 29
LogDevObjectVersion:   Dev-Blueprints (B0D832E4-1F89-4F0D-ACCF-7EB736FD4AA2): 10
LogDevObjectVersion:   Dev-Build (E1C64328-A22C-4D53-A36C-8E866417BD8C): 0
LogDevObjectVersion:   Dev-Core (375EC13C-06E4-48FB-B500-84F0262A717E): 4
LogDevObjectVersion:   Dev-Editor (E4B068ED-F494-42E9-A231-DA0B2E46BB41): 40
LogDevObjectVersion:   Dev-Framework (CFFC743F-43B0-4480-9391-14DF171D2073): 37
LogDevObjectVersion:   Dev-Mobile (B02B49B5-BB20-44E9-A304-32B752E40360): 3
LogDevObjectVersion:   Dev-Networking (A4E4105C-59A1-49B5-A7C5-40C4547EDFEE): 0
LogDevObjectVersion:   Dev-Online (39C831C9-5AE6-47DC-9A44-9C173E1C8E7C): 0
LogDevObjectVersion:   Dev-Physics (78F01B33-EBEA-4F98-B9B4-84EACCB95AA2): 14
LogDevObjectVersion:   Dev-Platform (6631380F-2D4D-43E0-8009-CF276956A95A): 0
LogDevObjectVersion:   Dev-Rendering (12F88B9F-8875-4AFC-A67C-D90C383ABD29): 45
LogDevObjectVersion:   Dev-Sequencer (7B5AE74C-D270-4C10-A958-57980B212A5A): 13
LogDevObjectVersion:   Dev-VR (D7296918-1DD6-4BDD-9DE2-64A83CC13884): 3
LogDevObjectVersion:   Dev-LoadTimes (C2A15278-BFE7-4AFE-6C17-90FF531DF755): 1
LogDevObjectVersion:   Private-Geometry (6EACA3D4-40EC-4CC1-B786-8BED09428FC5): 3
LogDevObjectVersion:   Dev-AnimPhys (29E575DD-E0A3-4627-9D10-D276232CDCEA): 17
LogDevObjectVersion:   Dev-Anim (AF43A65D-7FD3-4947-9873-3E8ED9C1BB05): 15
LogDevObjectVersion:   Dev-ReflectionCapture (6B266CEC-1EC7-4B8F-A30B-E4D90942FC07): 1
LogDevObjectVersion:   Dev-Automation (0DF73D61-A23F-47EA-B727-89E90C41499A): 1
LogDevObjectVersion:   FortniteMain (601D1886-AC64-4F84-AA16-D3DE0DEAC7D6): 47
LogDevObjectVersion:   FortniteRelease (E7086368-6B23-4C58-8439-1B7016265E91): 1
LogDevObjectVersion:   Dev-Enterprise (9DFFBCD6-494F-0158-E221-12823C92A888): 10
LogDevObjectVersion:   Dev-Niagara (F2AED0AC-9AFE-416F-8664-AA7FFA26D6FC): 1
LogDevObjectVersion:   Dev-Destruction (174F1F0B-B4C6-45A5-B13F-2EE8D0FB917D): 10
LogDevObjectVersion:   Dev-Physics-Ext (35F94A83-E258-406C-A318-09F59610247C): 41
LogDevObjectVersion:   Dev-PhysicsMaterial-Chaos (B68FC16E-8B1B-42E2-B453-215C058844FE): 1
LogDevObjectVersion:   Dev-CineCamera (B2E18506-4273-CFC2-A54E-F4BB758BBA07): 1
LogDevObjectVersion:   Dev-VirtualProduction (64F58936-FD1B-42BA-BA96-7289D5D0FA4E): 1
LogDevObjectVersion:   Dev-MediaFramework (6F0ED827-A609-4895-9C91-998D90180EA4): 2
LogInit: Presizing for max 25165824 objects, including 0 objects not considered by GC, pre-allocating 0 bytes for permanent pool.
LogConfig: Applying CVar settings from Section [/Script/Engine.StreamingSettings] File [D:/Repozytoria/UE 4.27/KZ_TopDownShooter/TopDownAC/Saved/Config/Windows/Engine.ini]
LogConfig: Setting CVar [[s.MinBulkDataSizeForAsyncLoading:131072]]
LogConfig: Setting CVar [[s.AsyncLoadingThreadEnabled:0]]
LogConfig: Setting CVar [[s.EventDrivenLoaderEnabled:1]]
LogConfig: Setting CVar [[s.WarnIfTimeLimitExceeded:0]]
LogConfig: Setting CVar [[s.TimeLimitExceededMultiplier:1.5]]
LogConfig: Setting CVar [[s.TimeLimitExceededMinTime:0.005]]
LogConfig: Setting CVar [[s.UseBackgroundLevelStreaming:1]]
LogConfig: Setting CVar [[s.PriorityAsyncLoadingExtraTime:15.0]]
LogConfig: Setting CVar [[s.LevelStreamingActorsUpdateTimeLimit:5.0]]
LogConfig: Setting CVar [[s.PriorityLevelStreamingActorsUpdateExtraTime:5.0]]
LogConfig: Setting CVar [[s.LevelStreamingComponentsRegistrationGranularity:10]]
LogConfig: Setting CVar [[s.UnregisterComponentsTimeLimit:1.0]]
LogConfig: Setting CVar [[s.LevelStreamingComponentsUnregistrationGranularity:5]]
LogConfig: Setting CVar [[s.FlushStreamingOnExit:1]]
LogInit: Object subsystem initialized
LogConfig: Setting CVar [[con.DebugEarlyDefault:1]]
LogConfig: Setting CVar [[r.setres:1280x720]]
[2026.02.04-21.30.37:285][  0]LogConfig: Setting CVar [[r.VSync:0]]
[2026.02.04-21.30.37:285][  0]LogConfig: Setting CVar [[r.RHICmdBypass:0]]
[2026.02.04-21.30.37:285][  0]LogConfig: Applying CVar settings from Section [/Script/Engine.RendererSettings] File [D:/Repozytoria/UE 4.27/KZ_TopDownShooter/TopDownAC/Saved/Config/Windows/Engine.ini]
[2026.02.04-21.30.37:285][  0]LogConfig: Setting CVar [[r.GPUCrashDebugging:0]]
[2026.02.04-21.30.37:285][  0]LogConfig: Applying CVar settings from Section [/Script/Engine.RendererOverrideSettings] File [D:/Repozytoria/UE 4.27/KZ_TopDownShooter/TopDownAC/Saved/Config/Windows/Engine.ini]
[2026.02.04-21.30.37:285][  0]LogConfig: Applying CVar settings from Section [/Script/Engine.StreamingSettings] File [D:/Repozytoria/UE 4.27/KZ_TopDownShooter/TopDownAC/Saved/Config/Windows/Engine.ini]
[2026.02.04-21.30.37:285][  0]LogConfig: Setting CVar [[s.MinBulkDataSizeForAsyncLoading:131072]]
[2026.02.04-21.30.37:285][  0]LogConfig: Setting CVar [[s.AsyncLoadingThreadEnabled:0]]
[2026.02.04-21.30.37:285][  0]LogConfig: Setting CVar [[s.EventDrivenLoaderEnabled:1]]
[2026.02.04-21.30.37:285][  0]LogConfig: Setting CVar [[s.WarnIfTimeLimitExceeded:0]]
[2026.02.04-21.30.37:285][  0]LogConfig: Setting CVar [[s.TimeLimitExceededMultiplier:1.5]]
[2026.02.04-21.30.37:285][  0]LogConfig: Setting CVar [[s.TimeLimitExceededMinTime:0.005]]
[2026.02.04-21.30.37:285][  0]LogConfig: Setting CVar [[s.UseBackgroundLevelStreaming:1]]
[2026.02.04-21.30.37:285][  0]LogConfig: Setting CVar [[s.PriorityAsyncLoadingExtraTime:15.0]]
[2026.02.04-21.30.37:285][  0]LogConfig: Setting CVar [[s.LevelStreamingActorsUpdateTimeLimit:5.0]]
[2026.02.04-21.30.37:285][  0]LogConfig: Setting CVar [[s.PriorityLevelStreamingActorsUpdateExtraTime:5.0]]
[2026.02.04-21.30.37:285][  0]LogConfig: Setting CVar [[s.LevelStreamingComponentsRegistrationGranularity:10]]
[2026.02.04-21.30.37:285][  0]LogConfig: Setting CVar [[s.UnregisterComponentsTimeLimit:1.0]]
[2026.02.04-21.30.37:285][  0]LogConfig: Setting CVar [[s.LevelStreamingComponentsUnregistrationGranularity:5]]
[2026.02.04-21.30.37:285][  0]LogConfig: Setting CVar [[s.FlushStreamingOnExit:1]]
[2026.02.04-21.30.37:285][  0]LogConfig: Applying CVar settings from Section [/Script/Engine.GarbageCollectionSettings] File [D:/Repozytoria/UE 4.27/KZ_TopDownShooter/TopDownAC/Saved/Config/Windows/Engine.ini]
[2026.02.04-21.30.37:285][  0]LogConfig: Setting CVar [[gc.MaxObjectsNotConsideredByGC:1]]
[2026.02.04-21.30.37:285][  0]LogConfig: Setting CVar [[gc.SizeOfPermanentObjectPool:0]]
[2026.02.04-21.30.37:285][  0]LogConfig: Setting CVar [[gc.FlushStreamingOnGC:0]]
[2026.02.04-21.30.37:285][  0]LogConfig: Setting CVar [[gc.NumRetriesBeforeForcingGC:10]]
[2026.02.04-21.30.37:285][  0]LogConfig: Setting CVar [[gc.AllowParallelGC:1]]
[2026.02.04-21.30.37:285][  0]LogConfig: Setting CVar [[gc.TimeBetweenPurgingPendingKillObjects:61.1]]
[2026.02.04-21.30.37:285][  0]LogConfig: Setting CVar [[gc.MaxObjectsInEditor:25165824]]
[2026.02.04-21.30.37:285][  0]LogConfig: Setting CVar [[gc.IncrementalBeginDestroyEnabled:1]]
[2026.02.04-21.30.37:285][  0]LogConfig: Setting CVar [[gc.CreateGCClusters:1]]
[2026.02.04-21.30.37:285][  0]LogConfig: Setting CVar [[gc.MinGCClusterSize:5]]
[2026.02.04-21.30.37:285][  0]LogConfig: Setting CVar [[gc.ActorClusteringEnabled:0]]
[2026.02.04-21.30.37:285][  0]LogConfig: Setting CVar [[gc.BlueprintClusteringEnabled:0]]
[2026.02.04-21.30.37:285][  0]LogConfig: Setting CVar [[gc.UseDisregardForGCOnDedicatedServers:0]]
[2026.02.04-21.30.37:286][  0]LogConfig: Setting CVar [[gc.MultithreadedDestructionEnabled:1]]
[2026.02.04-21.30.37:286][  0]LogConfig: Applying CVar settings from Section [/Script/Engine.NetworkSettings] File [D:/Repozytoria/UE 4.27/KZ_TopDownShooter/TopDownAC/Saved/Config/Windows/Engine.ini]
[2026.02.04-21.30.37:286][  0]LogConfig: Applying CVar settings from Section [/Script/UnrealEd.CookerSettings] File [D:/Repozytoria/UE 4.27/KZ_TopDownShooter/TopDownAC/Saved/Config/Windows/Engine.ini]
[2026.02.04-21.30.37:307][  0]LogConfig: Applying CVar settings from Section [ViewDistanceQuality@3] File [D:/Repozytoria/UE 4.27/KZ_TopDownShooter/TopDownAC/Saved/Config/Windows/Scalability.ini]
[2026.02.04-21.30.37:307][  0]LogConfig: Setting CVar [[r.SkeletalMeshLODBias:0]]
[2026.02.04-21.30.37:307][  0]LogConfig: Setting CVar [[r.ViewDistanceScale:1.0]]
[2026.02.04-21.30.37:307][  0]LogConfig: Applying CVar settings from Section [AntiAliasingQuality@3] File [D:/Repozytoria/UE 4.27/KZ_TopDownShooter/TopDownAC/Saved/Config/Windows/Scalability.ini]
[2026.02.04-21.30.37:307][  0]LogConfig: Setting CVar [[r.PostProcessAAQuality:4]]
[2026.02.04-21.30.37:307][  0]LogConfig: Applying CVar settings from Section [ShadowQuality@3] File [D:/Repozytoria/UE 4.27/KZ_TopDownShooter/TopDownAC/Saved/Config/Windows/Scalability.ini]
[2026.02.04-21.30.37:307][  0]LogConfig: Setting CVar [[r.LightFunctionQuality:1]]
[2026.02.04-21.30.37:307][  0]LogConfig: Setting CVar [[r.ShadowQuality:5]]
[2026.02.04-21.30.37:307][  0]LogConfig: Setting CVar [[r.Shadow.CSM.MaxCascades:10]]
[2026.02.04-21.30.37:307][  0]LogConfig: Setting CVar [[r.Shadow.MaxResolution:2048]]
[2026.02.04-21.30.37:307][  0]LogConfig: Setting CVar [[r.Shadow.MaxCSMResolution:2048]]
[2026.02.04-21.30.37:307][  0]LogConfig: Setting CVar [[r.Shadow.RadiusThreshold:0.01]]
[2026.02.04-21.30.37:307][  0]LogConfig: Setting CVar [[r.Shadow.DistanceScale:1.0]]
[2026.02.04-21.30.37:307][  0]LogConfig: Setting CVar [[r.Shadow.CSM.TransitionScale:1.0]]
[2026.02.04-21.30.37:307][  0]LogConfig: Setting CVar [[r.Shadow.PreShadowResolutionFactor:1.0]]
[2026.02.04-21.30.37:307][  0]LogConfig: Setting CVar [[r.DistanceFieldShadowing:1]]
[2026.02.04-21.30.37:307][  0]LogConfig: Setting CVar [[r.DistanceFieldAO:1]]
[2026.02.04-21.30.37:307][  0]LogConfig: Setting CVar [[r.AOQuality:2]]
[2026.02.04-21.30.37:307][  0]LogConfig: Setting CVar [[r.VolumetricFog:1]]
[2026.02.04-21.30.37:307][  0]LogConfig: Setting CVar [[r.VolumetricFog.GridPixelSize:8]]
[2026.02.04-21.30.37:307][  0]LogConfig: Setting CVar [[r.VolumetricFog.GridSizeZ:128]]
[2026.02.04-21.30.37:307][  0]LogConfig: Setting CVar [[r.VolumetricFog.HistoryMissSupersampleCount:4]]
[2026.02.04-21.30.37:307][  0]LogConfig: Setting CVar [[r.LightMaxDrawDistanceScale:1]]
[2026.02.04-21.30.37:307][  0]LogConfig: Setting CVar [[r.CapsuleShadows:1]]
[2026.02.04-21.30.37:307][  0]LogConfig: Applying CVar settings from Section [PostProcessQuality@3] File [D:/Repozytoria/UE 4.27/KZ_TopDownShooter/TopDownAC/Saved/Config/Windows/Scalability.ini]
[2026.02.04-21.30.37:307][  0]LogConfig: Setting CVar [[r.MotionBlurQuality:4]]
[2026.02.04-21.30.37:307][  0]LogConfig: Setting CVar [[r.AmbientOcclusionMipLevelFactor:0.4]]
[2026.02.04-21.30.37:307][  0]LogConfig: Setting CVar [[r.AmbientOcclusionMaxQuality:100]]
[2026.02.04-21.30.37:307][  0]LogConfig: Setting CVar [[r.AmbientOcclusionLevels:-1]]
[2026.02.04-21.30.37:307][  0]LogConfig: Setting CVar [[r.AmbientOcclusionRadiusScale:1.0]]
[2026.02.04-21.30.37:308][  0]LogConfig: Setting CVar [[r.DepthOfFieldQuality:2]]
[2026.02.04-21.30.37:308][  0]LogConfig: Setting CVar [[r.RenderTargetPoolMin:400]]
[2026.02.04-21.30.37:308][  0]LogConfig: Setting CVar [[r.LensFlareQuality:2]]
[2026.02.04-21.30.37:308][  0]LogConfig: Setting CVar [[r.SceneColorFringeQuality:1]]
[2026.02.04-21.30.37:308][  0]LogConfig: Setting CVar [[r.EyeAdaptationQuality:2]]
[2026.02.04-21.30.37:308][  0]LogConfig: Setting CVar [[r.BloomQuality:5]]
[2026.02.04-21.30.37:308][  0]LogConfig: Setting CVar [[r.FastBlurThreshold:100]]
[2026.02.04-21.30.37:308][  0]LogConfig: Setting CVar [[r.Upscale.Quality:3]]
[2026.02.04-21.30.37:308][  0]LogConfig: Setting CVar [[r.Tonemapper.GrainQuantization:1]]
[2026.02.04-21.30.37:308][  0]LogConfig: Setting CVar [[r.LightShaftQuality:1]]
[2026.02.04-21.30.37:308][  0]LogConfig: Setting CVar [[r.Filter.SizeScale:1]]
[2026.02.04-21.30.37:308][  0]LogConfig: Setting CVar [[r.Tonemapper.Quality:5]]
[2026.02.04-21.30.37:308][  0]LogConfig: Setting CVar [[r.DOF.Gather.AccumulatorQuality:1        ; higher gathering accumulator quality]]
[2026.02.04-21.30.37:308][  0]LogConfig: Setting CVar [[r.DOF.Gather.PostfilterMethod:1          ; Median3x3 postfilering method]]
[2026.02.04-21.30.37:308][  0]LogConfig: Setting CVar [[r.DOF.Gather.EnableBokehSettings:0       ; no bokeh simulation when gathering]]
[2026.02.04-21.30.37:308][  0]LogConfig: Setting CVar [[r.DOF.Gather.RingCount:4                 ; medium number of samples when gathering]]
[2026.02.04-21.30.37:308][  0]LogConfig: Setting CVar [[r.DOF.Scatter.ForegroundCompositing:1    ; additive foreground scattering]]
[2026.02.04-21.30.37:308][  0]LogConfig: Setting CVar [[r.DOF.Scatter.BackgroundCompositing:2    ; additive background scattering]]
[2026.02.04-21.30.37:308][  0]LogConfig: Setting CVar [[r.DOF.Scatter.EnableBokehSettings:1      ; bokeh simulation when scattering]]
[2026.02.04-21.30.37:308][  0]LogConfig: Setting CVar [[r.DOF.Scatter.MaxSpriteRatio:0.1         ; only a maximum of 10% of scattered bokeh]]
[2026.02.04-21.30.37:308][  0]LogConfig: Setting CVar [[r.DOF.Recombine.Quality:1                ; cheap slight out of focus]]
[2026.02.04-21.30.37:308][  0]LogConfig: Setting CVar [[r.DOF.Recombine.EnableBokehSettings:0    ; no bokeh simulation on slight out of focus]]
[2026.02.04-21.30.37:308][  0]LogConfig: Setting CVar [[r.DOF.TemporalAAQuality:1                ; more stable temporal accumulation]]
[2026.02.04-21.30.37:308][  0]LogConfig: Setting CVar [[r.DOF.Kernel.MaxForegroundRadius:0.025]]
[2026.02.04-21.30.37:308][  0]LogConfig: Setting CVar [[r.DOF.Kernel.MaxBackgroundRadius:0.025]]
[2026.02.04-21.30.37:308][  0]LogConfig: Applying CVar settings from Section [TextureQuality@3] File [D:/Repozytoria/UE 4.27/KZ_TopDownShooter/TopDownAC/Saved/Config/Windows/Scalability.ini]
[2026.02.04-21.30.37:308][  0]LogConfig: Setting CVar [[r.Streaming.MipBias:0]]
[2026.02.04-21.30.37:308][  0]LogConfig: Setting CVar [[r.Streaming.AmortizeCPUToGPUCopy:0]]
[2026.02.04-21.30.37:308][  0]LogConfig: Setting CVar [[r.Streaming.MaxNumTexturesToStreamPerFrame:0]]
[2026.02.04-21.30.37:308][  0]LogConfig: Setting CVar [[r.Streaming.Boost:1]]
[2026.02.04-21.30.37:308][  0]LogConfig: Setting CVar [[r.MaxAnisotropy:8]]
[2026.02.04-21.30.37:308][  0]LogConfig: Setting CVar [[r.VT.MaxAnisotropy:8]]
[2026.02.04-21.30.37:308][  0]LogConfig: Setting CVar [[r.Streaming.LimitPoolSizeToVRAM:0]]
[2026.02.04-21.30.37:308][  0]LogConfig: Setting CVar [[r.Streaming.PoolSize:1000]]
[2026.02.04-21.30.37:308][  0]LogConfig: Setting CVar [[r.Streaming.MaxEffectiveScreenSize:0]]
[2026.02.04-21.30.37:308][  0]LogConfig: Applying CVar settings from Section [EffectsQuality@3] File [D:/Repozytoria/UE 4.27/KZ_TopDownShooter/TopDownAC/Saved/Config/Windows/Scalability.ini]
[2026.02.04-21.30.37:308][  0]LogConfig: Setting CVar [[r.TranslucencyLightingVolumeDim:64]]
[2026.02.04-21.30.37:308][  0]LogConfig: Setting CVar [[r.RefractionQuality:2]]
[2026.02.04-21.30.37:308][  0]LogConfig: Setting CVar [[r.SSR.Quality:3]]
[2026.02.04-21.30.37:308][  0]LogConfig: Setting CVar [[r.SSR.HalfResSceneColor:0]]
[2026.02.04-21.30.37:308][  0]LogConfig: Setting CVar [[r.SceneColorFormat:4]]
[2026.02.04-21.30.37:308][  0]LogConfig: Setting CVar [[r.DetailMode:2]]
[2026.02.04-21.30.37:308][  0]LogConfig: Setting CVar [[r.TranslucencyVolumeBlur:1]]
[2026.02.04-21.30.37:308][  0]LogConfig: Setting CVar [[r.MaterialQualityLevel:1 ; High quality]]
[2026.02.04-21.30.37:308][  0]LogConfig: Setting CVar [[r.AnisotropicMaterials:1]]
[2026.02.04-21.30.37:308][  0]LogConfig: Setting CVar [[r.SSS.Scale:1]]
[2026.02.04-21.30.37:308][  0]LogConfig: Setting CVar [[r.SSS.SampleSet:2]]
[2026.02.04-21.30.37:308][  0]LogConfig: Setting CVar [[r.SSS.Quality:1]]
[2026.02.04-21.30.37:308][  0]LogConfig: Setting CVar [[r.SSS.HalfRes:0]]
[2026.02.04-21.30.37:308][  0]LogConfig: Setting CVar [[r.SSGI.Quality:3]]
[2026.02.04-21.30.37:308][  0]LogConfig: Setting CVar [[r.EmitterSpawnRateScale:1.0]]
[2026.02.04-21.30.37:308][  0]LogConfig: Setting CVar [[r.ParticleLightQuality:2]]
[2026.02.04-21.30.37:308][  0]LogConfig: Setting CVar [[r.SkyAtmosphere.AerialPerspectiveLUT.FastApplyOnOpaque:1 ; Always have FastSkyLUT 1 in this case to avoid wrong sky]]
[2026.02.04-21.30.37:308][  0]LogConfig: Setting CVar [[r.SkyAtmosphere.AerialPerspectiveLUT.SampleCountMaxPerSlice:4]]
[2026.02.04-21.30.37:308][  0]LogConfig: Setting CVar [[r.SkyAtmosphere.AerialPerspectiveLUT.DepthResolution:16.0]]
[2026.02.04-21.30.37:308][  0]LogConfig: Setting CVar [[r.SkyAtmosphere.FastSkyLUT:1]]
[2026.02.04-21.30.37:308][  0]LogConfig: Setting CVar [[r.SkyAtmosphere.FastSkyLUT.SampleCountMin:4.0]]
[2026.02.04-21.30.37:308][  0]LogConfig: Setting CVar [[r.SkyAtmosphere.FastSkyLUT.SampleCountMax:128.0]]
[2026.02.04-21.30.37:308][  0]LogConfig: Setting CVar [[r.SkyAtmosphere.SampleCountMin:4.0]]
[2026.02.04-21.30.37:308][  0]LogConfig: Setting CVar [[r.SkyAtmosphere.SampleCountMax:128.0]]
[2026.02.04-21.30.37:308][  0]LogConfig: Setting CVar [[r.SkyAtmosphere.TransmittanceLUT.UseSmallFormat:0]]
[2026.02.04-21.30.37:308][  0]LogConfig: Setting CVar [[r.SkyAtmosphere.TransmittanceLUT.SampleCount:10.0]]
[2026.02.04-21.30.37:308][  0]LogConfig: Setting CVar [[r.SkyAtmosphere.MultiScatteringLUT.SampleCount:15.0]]
[2026.02.04-21.30.37:308][  0]LogConfig: Setting CVar [[r.SkyLight.RealTimeReflectionCapture:1]]
[2026.02.04-21.30.37:308][  0]LogConfig: Applying CVar settings from Section [FoliageQuality@3] File [D:/Repozytoria/UE 4.27/KZ_TopDownShooter/TopDownAC/Saved/Config/Windows/Scalability.ini]
[2026.02.04-21.30.37:308][  0]LogConfig: Setting CVar [[foliage.DensityScale:1.0]]
[2026.02.04-21.30.37:308][  0]LogConfig: Setting CVar [[grass.DensityScale:1.0]]
[2026.02.04-21.30.37:308][  0]LogConfig: Applying CVar settings from Section [ShadingQuality@3] File [D:/Repozytoria/UE 4.27/KZ_TopDownShooter/TopDownAC/Saved/Config/Windows/Scalability.ini]
[2026.02.04-21.30.37:308][  0]LogConfig: Setting CVar [[r.HairStrands.SkyLighting.IntegrationType:2]]
[2026.02.04-21.30.37:308][  0]LogConfig: Setting CVar [[r.HairStrands.SkyAO.SampleCount:4]]
[2026.02.04-21.30.37:309][  0]LogConfig: Setting CVar [[r.HairStrands.Visibility.MSAA.SamplePerPixel:4]]
[2026.02.04-21.30.37:309][  0]LogInit: Selected Device Profile: [Windows]
[2026.02.04-21.30.37:309][  0]LogInit: Applying CVar settings loaded from the selected device profile: [Windows]
[2026.02.04-21.30.37:309][  0]LogHAL: Display: Platform has ~ 32 GB [34007195648 / 34359738368 / 32], which maps to Largest [LargestMinGB=32, LargerMinGB=12, DefaultMinGB=8, SmallerMinGB=6, SmallestMinGB=0)
[2026.02.04-21.30.37:309][  0]LogInit: Going up to parent DeviceProfile []
[2026.02.04-21.30.37:309][  0]LogConfig: Applying CVar settings from Section [ViewDistanceQuality@3] File [D:/Repozytoria/UE 4.27/KZ_TopDownShooter/TopDownAC/Saved/Config/Windows/Scalability.ini]
[2026.02.04-21.30.37:309][  0]LogConfig: Setting CVar [[r.SkeletalMeshLODBias:0]]
[2026.02.04-21.30.37:309][  0]LogConfig: Setting CVar [[r.ViewDistanceScale:1.0]]
[2026.02.04-21.30.37:309][  0]LogConfig: Applying CVar settings from Section [AntiAliasingQuality@3] File [D:/Repozytoria/UE 4.27/KZ_TopDownShooter/TopDownAC/Saved/Config/Windows/Scalability.ini]
[2026.02.04-21.30.37:309][  0]LogConfig: Setting CVar [[r.PostProcessAAQuality:4]]
[2026.02.04-21.30.37:309][  0]LogConfig: Applying CVar settings from Section [ShadowQuality@3] File [D:/Repozytoria/UE 4.27/KZ_TopDownShooter/TopDownAC/Saved/Config/Windows/Scalability.ini]
[2026.02.04-21.30.37:309][  0]LogConfig: Setting CVar [[r.LightFunctionQuality:1]]
[2026.02.04-21.30.37:309][  0]LogConfig: Setting CVar [[r.ShadowQuality:5]]
[2026.02.04-21.30.37:309][  0]LogConfig: Setting CVar [[r.Shadow.CSM.MaxCascades:10]]
[2026.02.04-21.30.37:309][  0]LogConfig: Setting CVar [[r.Shadow.MaxResolution:2048]]
[2026.02.04-21.30.37:309][  0]LogConfig: Setting CVar [[r.Shadow.MaxCSMResolution:2048]]
[2026.02.04-21.30.37:309][  0]LogConfig: Setting CVar [[r.Shadow.RadiusThreshold:0.01]]
[2026.02.04-21.30.37:309][  0]LogConfig: Setting CVar [[r.Shadow.DistanceScale:1.0]]
[2026.02.04-21.30.37:309][  0]LogConfig: Setting CVar [[r.Shadow.CSM.TransitionScale:1.0]]
[2026.02.04-21.30.37:309][  0]LogConfig: Setting CVar [[r.Shadow.PreShadowResolutionFactor:1.0]]
[2026.02.04-21.30.37:309][  0]LogConfig: Setting CVar [[r.DistanceFieldShadowing:1]]
[2026.02.04-21.30.37:309][  0]LogConfig: Setting CVar [[r.DistanceFieldAO:1]]
[2026.02.04-21.30.37:309][  0]LogConfig: Setting CVar [[r.AOQuality:2]]
[2026.02.04-21.30.37:309][  0]LogConfig: Setting CVar [[r.VolumetricFog:1]]
[2026.02.04-21.30.37:309][  0]LogConfig: Setting CVar [[r.VolumetricFog.GridPixelSize:8]]
[2026.02.04-21.30.37:309][  0]LogConfig: Setting CVar [[r.VolumetricFog.GridSizeZ:128]]
[2026.02.04-21.30.37:309][  0]LogConfig: Setting CVar [[r.VolumetricFog.HistoryMissSupersampleCount:4]]
[2026.02.04-21.30.37:309][  0]LogConfig: Setting CVar [[r.LightMaxDrawDistanceScale:1]]
[2026.02.04-21.30.37:309][  0]LogConfig: Setting CVar [[r.CapsuleShadows:1]]
[2026.02.04-21.30.37:309][  0]LogConfig: Applying CVar settings from Section [PostProcessQuality@3] File [D:/Repozytoria/UE 4.27/KZ_TopDownShooter/TopDownAC/Saved/Config/Windows/Scalability.ini]
[2026.02.04-21.30.37:309][  0]LogConfig: Setting CVar [[r.MotionBlurQuality:4]]
[2026.02.04-21.30.37:309][  0]LogConfig: Setting CVar [[r.AmbientOcclusionMipLevelFactor:0.4]]
[2026.02.04-21.30.37:309][  0]LogConfig: Setting CVar [[r.AmbientOcclusionMaxQuality:100]]
[2026.02.04-21.30.37:309][  0]LogConfig: Setting CVar [[r.AmbientOcclusionLevels:-1]]
[2026.02.04-21.30.37:309][  0]LogConfig: Setting CVar [[r.AmbientOcclusionRadiusScale:1.0]]
[2026.02.04-21.30.37:309][  0]LogConfig: Setting CVar [[r.DepthOfFieldQuality:2]]
[2026.02.04-21.30.37:309][  0]LogConfig: Setting CVar [[r.RenderTargetPoolMin:400]]
[2026.02.04-21.30.37:309][  0]LogConfig: Setting CVar [[r.LensFlareQuality:2]]
[2026.02.04-21.30.37:309][  0]LogConfig: Setting CVar [[r.SceneColorFringeQuality:1]]
[2026.02.04-21.30.37:309][  0]LogConfig: Setting CVar [[r.EyeAdaptationQuality:2]]
[2026.02.04-21.30.37:309][  0]LogConfig: Setting CVar [[r.BloomQuality:5]]
[2026.02.04-21.30.37:309][  0]LogConfig: Setting CVar [[r.FastBlurThreshold:100]]
[2026.02.04-21.30.37:309][  0]LogConfig: Setting CVar [[r.Upscale.Quality:3]]
[2026.02.04-21.30.37:309][  0]LogConfig: Setting CVar [[r.Tonemapper.GrainQuantization:1]]
[2026.02.04-21.30.37:309][  0]LogConfig: Setting CVar [[r.LightShaftQuality:1]]
[2026.02.04-21.30.37:309][  0]LogConfig: Setting CVar [[r.Filter.SizeScale:1]]
[2026.02.04-21.30.37:309][  0]LogConfig: Setting CVar [[r.Tonemapper.Quality:5]]
[2026.02.04-21.30.37:309][  0]LogConfig: Setting CVar [[r.DOF.Gather.AccumulatorQuality:1        ; higher gathering accumulator quality]]
[2026.02.04-21.30.37:309][  0]LogConfig: Setting CVar [[r.DOF.Gather.PostfilterMethod:1          ; Median3x3 postfilering method]]
[2026.02.04-21.30.37:309][  0]LogConfig: Setting CVar [[r.DOF.Gather.EnableBokehSettings:0       ; no bokeh simulation when gathering]]
[2026.02.04-21.30.37:309][  0]LogConfig: Setting CVar [[r.DOF.Gather.RingCount:4                 ; medium number of samples when gathering]]
[2026.02.04-21.30.37:309][  0]LogConfig: Setting CVar [[r.DOF.Scatter.ForegroundCompositing:1    ; additive foreground scattering]]
[2026.02.04-21.30.37:309][  0]LogConfig: Setting CVar [[r.DOF.Scatter.BackgroundCompositing:2    ; additive background scattering]]
[2026.02.04-21.30.37:309][  0]LogConfig: Setting CVar [[r.DOF.Scatter.EnableBokehSettings:1      ; bokeh simulation when scattering]]
[2026.02.04-21.30.37:309][  0]LogConfig: Setting CVar [[r.DOF.Scatter.MaxSpriteRatio:0.1         ; only a maximum of 10% of scattered bokeh]]
[2026.02.04-21.30.37:309][  0]LogConfig: Setting CVar [[r.DOF.Recombine.Quality:1                ; cheap slight out of focus]]
[2026.02.04-21.30.37:309][  0]LogConfig: Setting CVar [[r.DOF.Recombine.EnableBokehSettings:0    ; no bokeh simulation on slight out of focus]]
[2026.02.04-21.30.37:309][  0]LogConfig: Setting CVar [[r.DOF.TemporalAAQuality:1                ; more stable temporal accumulation]]
[2026.02.04-21.30.37:309][  0]LogConfig: Setting CVar [[r.DOF.Kernel.MaxForegroundRadius:0.025]]
[2026.02.04-21.30.37:309][  0]LogConfig: Setting CVar [[r.DOF.Kernel.MaxBackgroundRadius:0.025]]
[2026.02.04-21.30.37:309][  0]LogConfig: Applying CVar settings from Section [TextureQuality@3] File [D:/Repozytoria/UE 4.27/KZ_TopDownShooter/TopDownAC/Saved/Config/Windows/Scalability.ini]
[2026.02.04-21.30.37:309][  0]LogConfig: Setting CVar [[r.Streaming.MipBias:0]]
[2026.02.04-21.30.37:309][  0]LogConfig: Setting CVar [[r.Streaming.AmortizeCPUToGPUCopy:0]]
[2026.02.04-21.30.37:309][  0]LogConfig: Setting CVar [[r.Streaming.MaxNumTexturesToStreamPerFrame:0]]
[2026.02.04-21.30.37:309][  0]LogConfig: Setting CVar [[r.Streaming.Boost:1]]
[2026.02.04-21.30.37:309][  0]LogConfig: Setting CVar [[r.MaxAnisotropy:8]]
[2026.02.04-21.30.37:309][  0]LogConfig: Setting CVar [[r.VT.MaxAnisotropy:8]]
[2026.02.04-21.30.37:309][  0]LogConfig: Setting CVar [[r.Streaming.LimitPoolSizeToVRAM:0]]
[2026.02.04-21.30.37:309][  0]LogConfig: Setting CVar [[r.Streaming.PoolSize:1000]]
[2026.02.04-21.30.37:309][  0]LogConfig: Setting CVar [[r.Streaming.MaxEffectiveScreenSize:0]]
[2026.02.04-21.30.37:309][  0]LogConfig: Applying CVar settings from Section [EffectsQuality@3] File [D:/Repozytoria/UE 4.27/KZ_TopDownShooter/TopDownAC/Saved/Config/Windows/Scalability.ini]
[2026.02.04-21.30.37:309][  0]LogConfig: Setting CVar [[r.TranslucencyLightingVolumeDim:64]]
[2026.02.04-21.30.37:309][  0]LogConfig: Setting CVar [[r.RefractionQuality:2]]
[2026.02.04-21.30.37:309][  0]LogConfig: Setting CVar [[r.SSR.Quality:3]]
[2026.02.04-21.30.37:309][  0]LogConfig: Setting CVar [[r.SSR.HalfResSceneColor:0]]
[2026.02.04-21.30.37:309][  0]LogConfig: Setting CVar [[r.SceneColorFormat:4]]
[2026.02.04-21.30.37:309][  0]LogConfig: Setting CVar [[r.DetailMode:2]]
[2026.02.04-21.30.37:309][  0]LogConfig: Setting CVar [[r.TranslucencyVolumeBlur:1]]
[2026.02.04-21.30.37:309][  0]LogConfig: Setting CVar [[r.MaterialQualityLevel:1 ; High quality]]
[2026.02.04-21.30.37:309][  0]LogConfig: Setting CVar [[r.AnisotropicMaterials:1]]
[2026.02.04-21.30.37:309][  0]LogConfig: Setting CVar [[r.SSS.Scale:1]]
[2026.02.04-21.30.37:309][  0]LogConfig: Setting CVar [[r.SSS.SampleSet:2]]
[2026.02.04-21.30.37:309][  0]LogConfig: Setting CVar [[r.SSS.Quality:1]]
[2026.02.04-21.30.37:309][  0]LogConfig: Setting CVar [[r.SSS.HalfRes:0]]
[2026.02.04-21.30.37:309][  0]LogConfig: Setting CVar [[r.SSGI.Quality:3]]
[2026.02.04-21.30.37:309][  0]LogConfig: Setting CVar [[r.EmitterSpawnRateScale:1.0]]
[2026.02.04-21.30.37:309][  0]LogConfig: Setting CVar [[r.ParticleLightQuality:2]]
[2026.02.04-21.30.37:309][  0]LogConfig: Setting CVar [[r.SkyAtmosphere.AerialPerspectiveLUT.FastApplyOnOpaque:1 ; Always have FastSkyLUT 1 in this case to avoid wrong sky]]
[2026.02.04-21.30.37:309][  0]LogConfig: Setting CVar [[r.SkyAtmosphere.AerialPerspectiveLUT.SampleCountMaxPerSlice:4]]
[2026.02.04-21.30.37:309][  0]LogConfig: Setting CVar [[r.SkyAtmosphere.AerialPerspectiveLUT.DepthResolution:16.0]]
[2026.02.04-21.30.37:309][  0]LogConfig: Setting CVar [[r.SkyAtmosphere.FastSkyLUT:1]]
[2026.02.04-21.30.37:309][  0]LogConfig: Setting CVar [[r.SkyAtmosphere.FastSkyLUT.SampleCountMin:4.0]]
[2026.02.04-21.30.37:309][  0]LogConfig: Setting CVar [[r.SkyAtmosphere.FastSkyLUT.SampleCountMax:128.0]]
[2026.02.04-21.30.37:309][  0]LogConfig: Setting CVar [[r.SkyAtmosphere.SampleCountMin:4.0]]
[2026.02.04-21.30.37:309][  0]LogConfig: Setting CVar [[r.SkyAtmosphere.SampleCountMax:128.0]]
[2026.02.04-21.30.37:309][  0]LogConfig: Setting CVar [[r.SkyAtmosphere.TransmittanceLUT.UseSmallFormat:0]]
[2026.02.04-21.30.37:309][  0]LogConfig: Setting CVar [[r.SkyAtmosphere.TransmittanceLUT.SampleCount:10.0]]
[2026.02.04-21.30.37:309][  0]LogConfig: Setting CVar [[r.SkyAtmosphere.MultiScatteringLUT.SampleCount:15.0]]
[2026.02.04-21.30.37:309][  0]LogConfig: Setting CVar [[r.SkyLight.RealTimeReflectionCapture:1]]
[2026.02.04-21.30.37:309][  0]LogConfig: Applying CVar settings from Section [FoliageQuality@3] File [D:/Repozytoria/UE 4.27/KZ_TopDownShooter/TopDownAC/Saved/Config/Windows/Scalability.ini]
[2026.02.04-21.30.37:309][  0]LogConfig: Setting CVar [[foliage.DensityScale:1.0]]
[2026.02.04-21.30.37:309][  0]LogConfig: Setting CVar [[grass.DensityScale:1.0]]
[2026.02.04-21.30.37:309][  0]LogConfig: Applying CVar settings from Section [ShadingQuality@3] File [D:/Repozytoria/UE 4.27/KZ_TopDownShooter/TopDownAC/Saved/Config/Windows/Scalability.ini]
[2026.02.04-21.30.37:309][  0]LogConfig: Setting CVar [[r.HairStrands.SkyLighting.IntegrationType:2]]
[2026.02.04-21.30.37:309][  0]LogConfig: Setting CVar [[r.HairStrands.SkyAO.SampleCount:4]]
[2026.02.04-21.30.37:309][  0]LogConfig: Setting CVar [[r.HairStrands.Visibility.MSAA.SamplePerPixel:4]]
[2026.02.04-21.30.37:309][  0]LogConfig: Applying CVar settings from Section [Startup] File [../../../Engine/Config/ConsoleVariables.ini]
[2026.02.04-21.30.37:314][  0]LogConfig: Setting CVar [[net.UseAdaptiveNetUpdateFrequency:0]]
[2026.02.04-21.30.37:314][  0]LogConfig: Setting CVar [[p.chaos.AllowCreatePhysxBodies:1]]
[2026.02.04-21.30.37:314][  0]LogConfig: Setting CVar [[fx.SkipVectorVMBackendOptimizations:1]]
[2026.02.04-21.30.37:314][  0]LogConfig: Applying CVar settings from Section [ConsoleVariables] File [D:/Repozytoria/UE 4.27/KZ_TopDownShooter/TopDownAC/Saved/Config/Windows/Engine.ini]
[2026.02.04-21.30.37:314][  0]LogConfig: Applying CVar settings from Section [ConsoleVariables] File [D:/Repozytoria/UE 4.27/KZ_TopDownShooter/TopDownAC/Saved/Config/Windows/Editor.ini]
[2026.02.04-21.30.37:314][  0]LogInit: Computer: LAPTOP-AN92MERF
[2026.02.04-21.30.37:314][  0]LogInit: User: harry
[2026.02.04-21.30.37:314][  0]LogInit: CPU Page size=4096, Cores=14
[2026.02.04-21.30.37:314][  0]LogInit: High frequency timer resolution =10.000000 MHz
[2026.02.04-21.30.37:314][  0]LogMemory: Memory total: Physical=31.7GB (32GB approx)
[2026.02.04-21.30.37:314][  0]LogMemory: Platform Memory Stats for Windows
[2026.02.04-21.30.37:314][  0]LogMemory: Process Physical Memory: 155.22 MB used, 155.22 MB peak
[2026.02.04-21.30.37:314][  0]LogMemory: Process Virtual Memory: 135.37 MB used, 135.37 MB peak
[2026.02.04-21.30.37:314][  0]LogMemory: Physical Memory: 12083.07 MB used,  20348.71 MB free, 32431.79 MB total
[2026.02.04-21.30.37:314][  0]LogMemory: Virtual Memory: 134195168.00 MB used,  22556.34 MB free, 134217728.00 MB total
[2026.02.04-21.30.37:327][  0]LogWindows: WindowsPlatformFeatures enabled
[2026.02.04-21.30.37:429][  0]LogInit: Physics initialised using underlying interface: PhysX
[2026.02.04-21.30.37:430][  0]LogInit: Using OS detected language (pl-PL).
[2026.02.04-21.30.37:430][  0]LogInit: Using OS detected locale (pl-PL).
[2026.02.04-21.30.37:431][  0]LogTextLocalizationManager: No specific localization for 'pl-PL' exists, so the 'pl' localization will be used.
[2026.02.04-21.30.37:432][  0]LogTextLocalizationResource: LocRes '../../../Engine/Content/Localization/Editor/pl/Editor.locres' could not be opened for reading!
[2026.02.04-21.30.37:432][  0]LogTextLocalizationResource: LocRes '../../../Engine/Content/Localization/EditorTutorials/pl/EditorTutorials.locres' could not be opened for reading!
[2026.02.04-21.30.37:432][  0]LogTextLocalizationResource: LocRes '../../../Engine/Content/Localization/Keywords/pl/Keywords.locres' could not be opened for reading!
[2026.02.04-21.30.37:432][  0]LogTextLocalizationResource: LocRes '../../../Engine/Content/Localization/Category/pl/Category.locres' could not be opened for reading!
[2026.02.04-21.30.37:432][  0]LogTextLocalizationResource: LocRes '../../../Engine/Content/Localization/ToolTips/pl/ToolTips.locres' could not be opened for reading!
[2026.02.04-21.30.37:432][  0]LogTextLocalizationResource: LocRes '../../../Engine/Content/Localization/PropertyNames/pl/PropertyNames.locres' could not be opened for reading!
[2026.02.04-21.30.37:432][  0]LogTextLocalizationResource: LocRes '../../../Engine/Content/Localization/Engine/pl/Engine.locres' could not be opened for reading!
[2026.02.04-21.30.37:444][  0]LogInit: Setting process to per monitor DPI aware
[2026.02.04-21.30.37:476][  0]LogWindowsTextInputMethodSystem: Display: IME system deactivated.
[2026.02.04-21.30.37:510][  0]LogSlate: New Slate User Created.  User Index 0, Is Virtual User: 0
[2026.02.04-21.30.37:510][  0]LogSlate: Slate User Registered.  User Index 0, Is Virtual User: 0
[2026.02.04-21.30.38:635][  0]LogD3D11RHI: Loaded GFSDK_Aftermath_Lib.x64.dll
[2026.02.04-21.30.38:783][  0]LogHMD: Failed to initialize OpenVR with code 110
[2026.02.04-21.30.38:783][  0]LogD3D11RHI: D3D11 min allowed feature level: 11_0
[2026.02.04-21.30.38:783][  0]LogD3D11RHI: D3D11 max allowed feature level: 11_0
[2026.02.04-21.30.38:783][  0]LogD3D11RHI: D3D11 adapters:
[2026.02.04-21.30.39:417][  0]LogD3D11RHI:    0. 'NVIDIA GeForce RTX 4060 Laptop GPU' (Feature Level 11_0)
[2026.02.04-21.30.39:417][  0]LogD3D11RHI:       7957/0/16215 MB DedicatedVideo/DedicatedSystem/SharedSystem, Outputs:1, VendorId:0x10de
[2026.02.04-21.30.39:477][  0]LogD3D11RHI:    1. 'Intel(R) UHD Graphics' (Feature Level 11_0)
[2026.02.04-21.30.39:477][  0]LogD3D11RHI:       128/0/16215 MB DedicatedVideo/DedicatedSystem/SharedSystem, Outputs:0, VendorId:0x8086
[2026.02.04-21.30.39:484][  0]LogD3D11RHI:    2. 'Microsoft Basic Render Driver' (Feature Level 11_0)
[2026.02.04-21.30.39:484][  0]LogD3D11RHI:       0/0/16215 MB DedicatedVideo/DedicatedSystem/SharedSystem, Outputs:0, VendorId:0x1414
[2026.02.04-21.30.39:484][  0]LogD3D11RHI: Chosen D3D11 Adapter:
[2026.02.04-21.30.39:484][  0]LogD3D11RHI:     Description : NVIDIA GeForce RTX 4060 Laptop GPU
[2026.02.04-21.30.39:484][  0]LogD3D11RHI:     VendorId    : 10de
[2026.02.04-21.30.39:484][  0]LogD3D11RHI:     DeviceId    : 28e0
[2026.02.04-21.30.39:484][  0]LogD3D11RHI:     SubSysId    : 96011458
[2026.02.04-21.30.39:484][  0]LogD3D11RHI:     Revision    : 00a1
[2026.02.04-21.30.39:484][  0]LogD3D11RHI:     DedicatedVideoMemory : 8343519232 bytes
[2026.02.04-21.30.39:484][  0]LogD3D11RHI:     DedicatedSystemMemory : 0 bytes
[2026.02.04-21.30.39:484][  0]LogD3D11RHI:     SharedSystemMemory : 17003597824 bytes
[2026.02.04-21.30.39:484][  0]LogD3D11RHI:     AdapterLuid : 0 80146
[2026.02.04-21.30.39:497][  0]LogD3D11RHI: Creating new Direct3DDevice
[2026.02.04-21.30.39:497][  0]LogD3D11RHI:     GPU DeviceId: 0x28e0 (for the marketing name, search the web for "GPU Device Id")
[2026.02.04-21.30.39:497][  0]LogWindows: EnumDisplayDevices:
[2026.02.04-21.30.39:497][  0]LogWindows:    0. 'Intel(R) UHD Graphics' (P:1 D:1)
[2026.02.04-21.30.39:498][  0]LogWindows:    1. 'Intel(R) UHD Graphics' (P:0 D:0)
[2026.02.04-21.30.39:498][  0]LogWindows:    2. 'Intel(R) UHD Graphics' (P:0 D:0)
[2026.02.04-21.30.39:499][  0]LogWindows:    3. 'Intel(R) UHD Graphics' (P:0 D:0)
[2026.02.04-21.30.39:499][  0]LogWindows:    4. 'NVIDIA GeForce RTX 4060 Laptop GPU' (P:0 D:0)
[2026.02.04-21.30.39:499][  0]LogWindows:    5. 'NVIDIA GeForce RTX 4060 Laptop GPU' (P:0 D:0)
[2026.02.04-21.30.39:500][  0]LogWindows:    6. 'NVIDIA GeForce RTX 4060 Laptop GPU' (P:0 D:0)
[2026.02.04-21.30.39:500][  0]LogWindows:    7. 'NVIDIA GeForce RTX 4060 Laptop GPU' (P:0 D:0)
[2026.02.04-21.30.39:501][  0]LogWindows: DebugString: PrimaryIsNotTheChoosenAdapter PrimaryIsNotTheChoosenAdapter PrimaryIsNotTheChoosenAdapter PrimaryIsNotTheChoosenAdapter FoundDriverCount:4 
[2026.02.04-21.30.39:501][  0]LogD3D11RHI:     Adapter Name: NVIDIA GeForce RTX 4060 Laptop GPU
[2026.02.04-21.30.39:501][  0]LogD3D11RHI:   Driver Version: 581.60 (internal:32.0.15.8160, unified:581.60)
[2026.02.04-21.30.39:501][  0]LogD3D11RHI:      Driver Date: 10-12-2025
[2026.02.04-21.30.39:501][  0]LogRHI: Texture pool is 5569 MB (70% of 7957 MB)
[2026.02.04-21.30.39:501][  0]LogD3D11RHI: Creating D3DDevice using adapter:
[2026.02.04-21.30.39:501][  0]LogD3D11RHI:     Description : NVIDIA GeForce RTX 4060 Laptop GPU
[2026.02.04-21.30.39:501][  0]LogD3D11RHI:     VendorId    : 10de
[2026.02.04-21.30.39:501][  0]LogD3D11RHI:     DeviceId    : 28e0
[2026.02.04-21.30.39:501][  0]LogD3D11RHI:     SubSysId    : 96011458
[2026.02.04-21.30.39:501][  0]LogD3D11RHI:     Revision    : 00a1
[2026.02.04-21.30.39:501][  0]LogD3D11RHI:     DedicatedVideoMemory : 8343519232 bytes
[2026.02.04-21.30.39:501][  0]LogD3D11RHI:     DedicatedSystemMemory : 0 bytes
[2026.02.04-21.30.39:501][  0]LogD3D11RHI:     SharedSystemMemory : 17003597824 bytes
[2026.02.04-21.30.39:501][  0]LogD3D11RHI:     AdapterLuid : 0 80146
[2026.02.04-21.30.39:934][  0]LogD3D11RHI: RHI has support for 64 bit atomics
[2026.02.04-21.30.39:935][  0]LogD3D11RHI: Async texture creation enabled
[2026.02.04-21.30.39:935][  0]LogD3D11RHI: Array index from any shader is supported
[2026.02.04-21.30.39:977][  0]LogD3D11RHI: GPU Timing Frequency: 1000.000000 (Debug: 2 2)
[2026.02.04-21.30.40:095][  0]LogRHI: GeForceNow SDK initialized: 1
[2026.02.04-21.30.40:514][  0]LogTargetPlatformManager: Display: Loaded TargetPlatform 'AllDesktop'
[2026.02.04-21.30.40:554][  0]LogTargetPlatformManager: Display: Loaded TargetPlatform 'Android'
[2026.02.04-21.30.40:554][  0]LogTargetPlatformManager: Display: Loaded TargetPlatform 'Android_ASTC'
[2026.02.04-21.30.40:554][  0]LogTargetPlatformManager: Display: Loaded TargetPlatform 'Android_DXT'
[2026.02.04-21.30.40:554][  0]LogTargetPlatformManager: Display: Loaded TargetPlatform 'Android_ETC2'
[2026.02.04-21.30.40:554][  0]LogTargetPlatformManager: Display: Loaded TargetPlatform 'AndroidClient'
[2026.02.04-21.30.40:554][  0]LogTargetPlatformManager: Display: Loaded TargetPlatform 'Android_ASTCClient'
[2026.02.04-21.30.40:554][  0]LogTargetPlatformManager: Display: Loaded TargetPlatform 'Android_DXTClient'
[2026.02.04-21.30.40:554][  0]LogTargetPlatformManager: Display: Loaded TargetPlatform 'Android_ETC2Client'
[2026.02.04-21.30.40:554][  0]LogTargetPlatformManager: Display: Loaded TargetPlatform 'Android_Multi'
[2026.02.04-21.30.40:554][  0]LogTargetPlatformManager: Display: Loaded TargetPlatform 'Android_MultiClient'
[2026.02.04-21.30.40:595][  0]LogTargetPlatformManager: Display: Loaded TargetPlatform 'IOSClient'
[2026.02.04-21.30.40:595][  0]LogTargetPlatformManager: Display: Loaded TargetPlatform 'IOS'
[2026.02.04-21.30.40:618][  0]LogTargetPlatformManager: Display: Loaded TargetPlatform 'Linux'
[2026.02.04-21.30.40:629][  0]LogTargetPlatformManager: Display: Loaded TargetPlatform 'LinuxNoEditor'
[2026.02.04-21.30.40:639][  0]LogTargetPlatformManager: Display: Loaded TargetPlatform 'LinuxClient'
[2026.02.04-21.30.40:651][  0]LogTargetPlatformManager: Display: Loaded TargetPlatform 'LinuxServer'
[2026.02.04-21.30.40:673][  0]LogTargetPlatformManager: Display: Loaded TargetPlatform 'LinuxAArch64NoEditor'
[2026.02.04-21.30.40:686][  0]LogTargetPlatformManager: Display: Loaded TargetPlatform 'LinuxAArch64Client'
[2026.02.04-21.30.40:699][  0]LogTargetPlatformManager: Display: Loaded TargetPlatform 'LinuxAArch64Server'
[2026.02.04-21.30.40:759][  0]LogTargetPlatformManager: Display: Loaded TargetPlatform 'Lumin'
[2026.02.04-21.30.40:759][  0]LogTargetPlatformManager: Display: Loaded TargetPlatform 'LuminClient'
[2026.02.04-21.30.40:784][  0]LogTargetPlatformManager: Display: Loaded TargetPlatform 'MacNoEditor'
[2026.02.04-21.30.40:793][  0]LogTargetPlatformManager: Display: Loaded TargetPlatform 'Mac'
[2026.02.04-21.30.40:801][  0]LogTargetPlatformManager: Display: Loaded TargetPlatform 'MacClient'
[2026.02.04-21.30.40:811][  0]LogTargetPlatformManager: Display: Loaded TargetPlatform 'MacServer'
[2026.02.04-21.30.40:835][  0]LogTargetPlatformManager: Display: Loaded TargetPlatform 'TVOSClient'
[2026.02.04-21.30.40:835][  0]LogTargetPlatformManager: Display: Loaded TargetPlatform 'TVOS'
[2026.02.04-21.30.40:854][  0]LogTargetPlatformManager: Display: Loaded TargetPlatform 'WindowsNoEditor'
[2026.02.04-21.30.40:864][  0]LogTargetPlatformManager: Display: Loaded TargetPlatform 'Windows'
[2026.02.04-21.30.40:873][  0]LogTargetPlatformManager: Display: Loaded TargetPlatform 'WindowsClient'
[2026.02.04-21.30.40:883][  0]LogTargetPlatformManager: Display: Loaded TargetPlatform 'WindowsServer'
[2026.02.04-21.30.40:883][  0]LogTargetPlatformManager: Display: Building Assets For Windows
[2026.02.04-21.30.40:899][  0]LogAudioDebug: Display: Lib vorbis DLL was dynamically loaded.
[2026.02.04-21.30.40:968][  0]LogTextureFormatOodle: Display: Oodle Texture 2.9.0 init RDO Off
[2026.02.04-21.30.41:059][  0]LogRendererCore: Ray tracing is disabled. Reason: r.RayTracing=0.
[2026.02.04-21.30.41:059][  0]LogShaderCompilers: Guid format shader working directory is -17 characters bigger than the processId version (../../../../../Repozytoria/UE 4.27/KZ_TopDownShooter/TopDownAC/Intermediate/Shaders/WorkingDirectory/27968/).
[2026.02.04-21.30.41:060][  0]LogShaderCompilers: Cleaned the shader compiler working directory 'C:/Users/harry/AppData/Local/Temp/UnrealShaderWorkingDir/A8AA92DF497AAEDA5AAA6DA79CBF64E8/'.
[2026.02.04-21.30.41:060][  0]LogXGEController: Cannot use XGE Controller as Incredibuild is not installed on this machine.
[2026.02.04-21.30.41:060][  0]LogShaderCompilers: Cannot use XGE Shader Compiler as Incredibuild is not installed on this machine.
[2026.02.04-21.30.41:060][  0]LogShaderCompilers: Display: Using Local Shader Compiler.
[2026.02.04-21.30.43:608][  0]LogDerivedDataCache: Display: Max Cache Size: 512 MB
[2026.02.04-21.30.43:727][  0]LogDerivedDataCache: Loaded boot cache 0.12s 94MB C:/Users/harry/AppData/Local/UnrealEngine/4.27/DerivedDataCache/Boot.ddc.
[2026.02.04-21.30.43:727][  0]LogDerivedDataCache: Display: Loaded Boot cache: C:/Users/harry/AppData/Local/UnrealEngine/4.27/DerivedDataCache/Boot.ddc
[2026.02.04-21.30.43:727][  0]LogDerivedDataCache: FDerivedDataBackendGraph:  Pak pak cache file ../../../../../Repozytoria/UE 4.27/KZ_TopDownShooter/TopDownAC/DerivedDataCache/DDC.ddp not found, will not use a pak cache.
[2026.02.04-21.30.43:727][  0]LogDerivedDataCache: Unable to find inner node Pak for hierarchical cache Hierarchy.
[2026.02.04-21.30.43:727][  0]LogDerivedDataCache: FDerivedDataBackendGraph:  CompressedPak pak cache file ../../../../../Repozytoria/UE 4.27/KZ_TopDownShooter/TopDownAC/DerivedDataCache/Compressed.ddp not found, will not use a pak cache.
[2026.02.04-21.30.43:727][  0]LogDerivedDataCache: Unable to find inner node CompressedPak for hierarchical cache Hierarchy.
[2026.02.04-21.30.43:763][  0]LogDerivedDataCache: Display: Pak cache opened for reading ../../../Engine/DerivedDataCache/Compressed.ddp.
[2026.02.04-21.30.43:763][  0]LogDerivedDataCache: FDerivedDataBackendGraph:  EnterprisePak pak cache file ../../../Enterprise/DerivedDataCache/Compressed.ddp not found, will not use a pak cache.
[2026.02.04-21.30.43:763][  0]LogDerivedDataCache: Unable to find inner node EnterprisePak for hierarchical cache Hierarchy.
[2026.02.04-21.30.43:782][  0]LogDerivedDataCache: Speed tests for C:/Users/harry/AppData/Local/UnrealEngine/Common/DerivedDataCache took 0.02 seconds
[2026.02.04-21.30.43:783][  0]LogDerivedDataCache: Display: Performance to C:/Users/harry/AppData/Local/UnrealEngine/Common/DerivedDataCache: Latency=0.08ms. RandomReadSpeed=410.06MBs, RandomWriteSpeed=57.89MBs. Assigned SpeedClass 'Local'
[2026.02.04-21.30.43:784][  0]LogDerivedDataCache: Using Local data cache path C:/Users/harry/AppData/Local/UnrealEngine/Common/DerivedDataCache: Writable
[2026.02.04-21.30.43:784][  0]LogDerivedDataCache: Shared data cache path not found in *engine.ini, will not use an Shared cache.
[2026.02.04-21.30.43:784][  0]LogDerivedDataCache: Unable to find inner node Shared for hierarchical cache Hierarchy.
[2026.02.04-21.30.43:904][  0]LogSlate: Using FreeType 2.10.0
[2026.02.04-21.30.43:905][  0]LogSlate: SlateFontServices - WITH_FREETYPE: 1, WITH_HARFBUZZ: 1
[2026.02.04-21.30.43:971][  0]LogAssetRegistry: FAssetRegistry took 0.0068 seconds to start up
[2026.02.04-21.30.44:532][  0]LogInit: Selected Device Profile: [Windows]
[2026.02.04-21.30.44:532][  0]LogInit: Active device profile: [00000216F8584700][00000216F1E66640 49] Windows
[2026.02.04-21.30.44:532][  0]LogInit: Profiles: [00000216F8584700][00000216F1E66640 49] Windows, [00000216F8543700][00000216F1E6A780 49] WindowsNoEditor, [00000216F8587300][00000216F79E28C0 49] WindowsServer, [00000216F8540F00][00000216F985CA00 49] WindowsClient, [00000216F8587500][00000216F78E8B40 49] IOS, [00000216F852FF00][00000216F8FE2CC0 49] iPadAir, [00000216F8543B00][00000216F8FE6E40 49] iPadAir2, [00000216F84EC500][00000216F8FEF100 49] IPadPro, [00000216F84EC600][00000216F8FEB140 49] iPadAir3, [00000216F852C100][00000216F8F8F2C0 49] iPadAir4, [00000216F84EEC00][00000216F8F93440 49] iPadMini2, [00000216F852E500][00000216F8F975C0 49] iPadMini3, [00000216F84EF400][00000216F8F9B740 49] iPadMini4, [00000216F852CF00][00000216F8F9F8C0 49] iPadMini5, [00000216F84EBE00][00000216F8FA7B80 49] iPhone6, [00000216F84EBF00][00000216F8FA3BC0 49] iPodTouch6, [00000216F8587900][00000216F8FAE300 49] iPhone7, [00000216F8586100][00000216F8FAA340 49] iPodTouch7, [00000216F84E8400][00000216F8FB24C0 49] iPhone5S, [00000216F84EFD00][00000216F8FB6640 49] iPhone6Plus, [00000216F8587400][00000216F8FBA7C0 49] iPhone6S, [00000216F84EE000][00000216F9480940 49] iPhone6SPlus, [00000216F8584900][00000216F8FDEA80 49] iPhone7Plus, [00000216F84ECE00][00000216F9484BC0 49] iPhoneSE, [00000216F8584200][00000216F9488D00 49] iPhone8, [00000216F84EE400][00000216F9490E80 49] iPhone8Plus, [00000216F8585E00][00000216F9495000 49] iPhoneX, [00000216F84EFE00][00000216F9499180 49] iPhoneXS, [00000216F8585600][00000216F949D300 49] iPhoneXSMax, [00000216F84EE500][00000216F94A1480 49] iPhoneXR, [00000216F8586A00][00000216F94A5600 49] iPhone11, [00000216F84EFA00][00000216F94A9780 49] iPhone11Pro, [00000216F8584F00][00000216F94AD900 49] iPhone11ProMax, [00000216F84EE300][00000216F94B1A80 49] iPhoneSE2, [00000216F8586700][00000216F94B5C00 49] iPhone12Mini, [00000216F84EC700][00000216F94B8200 49] iPhone12, [00000216F8587100][00000216F94BC380 49] iPhone12Pro, [00000216F84EF500][00000216F94C0500 49] iPhone12ProMax, [00000216F8584800][00000216F94C4680 49] iPadPro105, [00000216F84EDC00][00000216F94C8800 49] iPadPro129, [00000216F8584300][00000216F94CC980 49] iPadPro97, [00000216F84EDD00][00000216F94D0B00 49] iPadPro2_129, [00000216F8584C00][00000216F948CC40 49] iPad5, [00000216F84EF000][00000216F94D4D80 49] iPad6, [00000216F8586C00][00000216F94D8EC0 49] iPad7, [00000216F84EEE00][00000216F94E1040 49] iPad8, [00000216F8585800][00000216F94E51C0 49] iPadPro11, [00000216F84EDB00][00000216F94E9340 49] iPadPro2_11, [00000216F8585500][00000216F94ED4C0 49] iPadPro3_129, [00000216F84EE700][00000216F94F1640 49] iPadPro4_129, [00000216F8584100][00000216F94F57C0 49] AppleTV, [00000216F84EEB00][00000216F94F9940 49] AppleTV4K, [00000216F8585B00][00000216F94FDAC0 49] TVOS, [00000216F84EC900][00000216F95000C0 49] Mac, [00000216F8585700][00000216F9504240 49] MacClient, [00000216F84EEF00][00000216F95083C0 49] MacNoEditor, [00000216F8584D00][00000216F950C540 49] MacServer, [00000216F84EC300][00000216F95106C0 49] Linux, [00000216F8586E00][00000216F9514840 49] LinuxAArch64, [00000216F84ED500][00000216F95189C0 49] LinuxNoEditor, [00000216F8586400][00000216F951CB40 49] LinuxAArch64NoEditor, [00000216F84EC200][00000216F9520CC0 49] LinuxClient, [00000216F8586D00][00000216F94DCE00 49] LinuxAArch64Client, [00000216F84ECC00][00000216F9524F40 49] LinuxServer, [00000216F8584400][00000216F9529080 49] LinuxAArch64Server, [00000216F84ED000][00000216F95391C0 49] Android, [00000216F852F900][00000216F9541340 49] Android_Low, [00000216F84E9B00][00000216F95454C0 49] Android_Mid, [00000216F852F000][00000216F9549640 49] Android_High, [00000216F84EA300][00000216F954D7C0 49] Android_Default, [00000216F852E000][00000216F9551940 49] Android_Adreno4xx, [00000216F84E8100][00000216F9555AC0 49] Android_Adreno5xx_Low, [00000216F852CB00][00000216F95580C0 49] Android_Adreno5xx, [00000216F84E9800][00000216F955C240 49] Android_Adreno6xx, [00000216F852D100][00000216F95603C0 49] Android_Adreno6xx_Vulkan, [00000216F84E8800][00000216F9564540 49] Android_Mali_T6xx, [00000216F852F600][00000216F95686C0 49] Android_Mali_T7xx, [00000216F84E8D00][00000216F956C840 49] Android_Mali_T8xx, [00000216F852FC00][00000216F95709C0 49] Android_Mali_G71, [00000216F84E9500][00000216F9574B40 49] Android_Mali_G72, [00000216F852FE00][00000216F9578CC0 49] Android_Mali_G72_Vulkan, [00000216F84EBD00][00000216F957CE40 49] Android_Mali_G76, [00000216F852FA00][00000216F953CF80 49] Android_Mali_G76_Vulkan, [00000216F84EB600][00000216F95810C0 49] Android_Mali_G77, [00000216F852E200][00000216F9585200 49] Android_Mali_G77_Vulkan, [00000216F84E9200][00000216F9589340 49] Android_Mali_G78, [00000216F852CA00][00000216F95914C0 49] Android_Mali_G78_Vulkan, [00000216F84EB000][00000216F9595640 49] Android_Mali_G710, [00000216F852D400][00000216F95997C0 49] Android_Mali_G710_Vulkan, [00000216F84E8700][00000216F959D940 49] Android_Vulkan_SM5, [00000216F852D800][00000216F95A1AC0 49] Android_PowerVR_G6xxx, [00000216F84E8E00][00000216F95A40C0 49] Android_PowerVR_GT7xxx, [00000216F852C200][00000216F95A8240 49] Android_PowerVR_GE8xxx, [00000216F84E8600][00000216F95AC3C0 49] Android_PowerVR_GM9xxx, [00000216F852E600][00000216F95B0540 49] Android_PowerVR_GM9xxx_Vulkan, [00000216F84ECF00][00000216F95B46C0 49] Android_TegraK1, [00000216F852EA00][00000216F95B8840 49] Android_Unknown_Vulkan, [00000216F84ECD00][00000216F95BC9C0 49] Lumin, [00000216F852D200][00000216F95C0B40 49] Lumin_Desktop, [00000216F84ECB00][00000216F95C4CC0 49] HoloLens, 
[2026.02.04-21.30.44:842][  0]LogMeshReduction: Using QuadricMeshReduction for automatic static mesh reduction
[2026.02.04-21.30.44:842][  0]LogMeshReduction: Using SimplygonMeshReduction for automatic skeletal mesh reduction
[2026.02.04-21.30.44:842][  0]LogMeshReduction: Using ProxyLODMeshReduction for automatic mesh merging
[2026.02.04-21.30.44:842][  0]LogMeshReduction: No distributed automatic mesh merging module available
[2026.02.04-21.30.44:842][  0]LogMeshMerging: No distributed automatic mesh merging module available
[2026.02.04-21.30.44:877][  0]LogNetVersion: TopDownAC 1.0.0, NetCL: 17155196, EngineNetVer: 17, GameNetVer: 0 (Checksum: 548030664)
[2026.02.04-21.30.45:744][  0]LogTexture: Default maximum texture size for cubemaps generated from long-lat sources has been changed from 512 to unlimited. In order to preserve old behaiour for '/Engine/MapTemplates/Sky/DaylightAmbientCubemap.DaylightAmbientCubemap', its maximum texture size has been explicitly set to 512.
[2026.02.04-21.30.45:867][  0]LogHMD: PokeAHoleMaterial loaded successfully
[2026.02.04-21.30.45:879][  0]LogUObjectArray: 17179 objects as part of root set at end of initial load.
[2026.02.04-21.30.45:879][  0]LogUObjectAllocator: 4302256 out of 0 bytes used by permanent object pool.
[2026.02.04-21.30.45:879][  0]LogUObjectArray: CloseDisregardForGC: 0/0 objects in disregard for GC pool
[2026.02.04-21.30.46:366][  0]LogPython: Using Python 3.7.7
[2026.02.04-21.30.47:683][  0]LogNiagaraDebuggerClient: Niagara Debugger Client Initialized | Session: E7E8D3384EDD1C4467E5DF8C0EF143D6 | Instance: 617D59B54860CD4D29F06DA0FB576556 (LAPTOP-AN92MERF-27968).
[2026.02.04-21.30.48:019][  0]LogUdpMessaging: Initializing bridge on interface 0.0.0.0:0 to multicast group 230.0.0.1:6666.
[2026.02.04-21.30.48:037][  0]LogTcpMessaging: Initializing TcpMessaging bridge
[2026.02.04-21.30.48:309][  0]SourceControl: Source control is disabled
[2026.02.04-21.30.48:309][  0]SourceControl: Source control is disabled
[2026.02.04-21.30.48:315][  0]SourceControl: Source control is disabled
[2026.02.04-21.30.48:337][  0]SourceControl: Source control is disabled
[2026.02.04-21.30.48:348][  0]SourceControl: Source control is disabled
[2026.02.04-21.30.48:353][  0]LogUProjectInfo: Found projects:
[2026.02.04-21.30.48:364][  0]LogVSAccessor: Display: Unable to create Visual Studio setup instance: 80040154
[2026.02.04-21.30.48:367][  0]LogVSAccessor: Display: Unable to create Visual Studio setup instance: 80040154
[2026.02.04-21.30.48:370][  0]LogVSAccessor: Display: Unable to create Visual Studio setup instance: 80040154
[2026.02.04-21.30.48:768][  0]LogOpenImageDenoise: OIDN starting up
[2026.02.04-21.30.48:849][  0]LogAndroidPermission: UAndroidPermissionCallbackProxy::GetInstance
[2026.02.04-21.30.48:881][  0]LogAudioCaptureCore: Display: No Audio Capture implementations found. Audio input will be silent.
[2026.02.04-21.30.48:882][  0]LogAudioCaptureCore: Display: No Audio Capture implementations found. Audio input will be silent.
[2026.02.04-21.30.49:178][  0]LogCollectionManager: Loaded 0 collections in 0.001937 seconds
[2026.02.04-21.30.49:232][  0]LogFileCache: Scanning file cache for directory 'D:/Repozytoria/UE 4.27/KZ_TopDownShooter/TopDownAC/Saved/Collections/' took 0.00s
[2026.02.04-21.30.49:232][  0]LogFileCache: Scanning file cache for directory 'D:/Repozytoria/UE 4.27/KZ_TopDownShooter/TopDownAC/Content/Developers/harry/Collections/' took 0.00s
[2026.02.04-21.30.49:232][  0]LogFileCache: Scanning file cache for directory 'D:/Repozytoria/UE 4.27/KZ_TopDownShooter/TopDownAC/Content/Collections/' took 0.00s
[2026.02.04-21.30.49:232][  0]LogOcInput: OculusInput pre-init called
[2026.02.04-21.30.49:783][  0]LogEngine: Initializing Engine...
[2026.02.04-21.30.49:801][  0]LogHMD: Failed to enumerate extensions. Please check that you have a valid OpenXR runtime installed.
[2026.02.04-21.30.49:802][  0]LogHMD: Failed to initialize OpenVR with code 110
[2026.02.04-21.30.49:803][  0]LogMagicLeap: Warning: VR disabled because ZI is not enabled.  To enable, in the editor, Edit -> Project Settings -> Plugins -> Magic Leap Plugin -> Enable Zero Iteration
[2026.02.04-21.30.49:806][  0]LogStats: UGameplayTagsManager::InitializeManager -  0.000 s
[2026.02.04-21.30.50:123][  0]LogInit: Initializing FReadOnlyCVARCache
[2026.02.04-21.30.50:151][  0]LogAIModule: Creating AISystem for world Untitled
[2026.02.04-21.30.50:153][  0]LogAudio: Display: Initializing Audio Device Manager...
[2026.02.04-21.30.50:159][  0]LogAudio: Display: Loading Default Audio Settings Objects...
[2026.02.04-21.30.50:161][  0]LogAudio: Display: No default SoundConcurrencyObject specified (or failed to load).
[2026.02.04-21.30.50:162][  0]LogAudio: Display: Audio Device Manager Initialized
[2026.02.04-21.30.50:162][  0]LogAudio: Display: Creating Audio Device:                 Id: 1, Scope: Shared, Realtime: True
[2026.02.04-21.30.50:162][  0]LogAudioMixer: Display: Audio Mixer Platform Settings:
[2026.02.04-21.30.50:162][  0]LogAudioMixer: Display: 	Sample Rate:						  48000
[2026.02.04-21.30.50:162][  0]LogAudioMixer: Display: 	Callback Buffer Frame Size Requested: 1024
[2026.02.04-21.30.50:162][  0]LogAudioMixer: Display: 	Callback Buffer Frame Size To Use:	  1024
[2026.02.04-21.30.50:162][  0]LogAudioMixer: Display: 	Number of buffers to queue:			  2
[2026.02.04-21.30.50:162][  0]LogAudioMixer: Display: 	Max Channels (voices):				  32
[2026.02.04-21.30.50:162][  0]LogAudioMixer: Display: 	Number of Async Source Workers:		  0
[2026.02.04-21.30.50:162][  0]LogAudio: Display: AudioDevice MaxSources: 32
[2026.02.04-21.30.50:163][  0]LogAudio: Display: Audio Spatialization Plugin: None (built-in).
[2026.02.04-21.30.50:163][  0]LogAudio: Display: Audio Reverb Plugin: None (built-in).
[2026.02.04-21.30.50:163][  0]LogAudio: Display: Audio Occlusion Plugin: None (built-in).
[2026.02.04-21.30.50:163][  0]LogAudioMixer: Display: Initializing audio mixer.
[2026.02.04-21.30.50:198][  0]LogAudioMixer: Display: 0: FrontLeft
[2026.02.04-21.30.50:199][  0]LogAudioMixer: Display: 1: FrontRight
[2026.02.04-21.30.50:246][  0]LogAudioMixer: Display: Using Audio Device Speakers (USB Audio Device)
[2026.02.04-21.30.50:252][  0]LogAudioMixer: Display: Initializing Sound Submixes...
[2026.02.04-21.30.50:255][  0]LogAudioMixer: Display: Creating Master Submix 'MasterSubmixDefault'
[2026.02.04-21.30.50:256][  0]LogAudioMixer: Display: Creating Master Submix 'MasterReverbSubmixDefault'
[2026.02.04-21.30.50:257][  0]LogAudioMixer: Display: Creating Master Submix 'MasterEQSubmixDefault'
[2026.02.04-21.30.50:257][  0]LogAudioMixer: FMixerPlatformXAudio2::StartAudioStream() called
[2026.02.04-21.30.50:257][  0]LogAudioMixer: Display: Output buffers initialized: Frames=1024, Channels=2, Samples=2048
[2026.02.04-21.30.50:258][  0]LogAudioMixer: Display: Starting AudioMixerPlatformInterface::RunInternal()
[2026.02.04-21.30.50:258][  0]LogAudioMixer: Display: FMixerPlatformXAudio2::SubmitBuffer() called for the first time
[2026.02.04-21.30.50:258][  0]LogInit: FAudioDevice initialized.
[2026.02.04-21.30.50:258][  0]LogAudio: Display: Audio Device (ID: 1) registered with world 'Untitled'.
[2026.02.04-21.30.50:258][  0]LogNetVersion: Set ProjectVersion to 1.0.0.0. Version Checksum will be recalculated on next use.
[2026.02.04-21.30.50:324][  0]LogDerivedDataCache: Saved boot cache 0.07s 94MB C:/Users/harry/AppData/Local/UnrealEngine/4.27/DerivedDataCache/Boot.ddc.
[2026.02.04-21.30.50:325][  0]LogInit: Texture streaming: Enabled
[2026.02.04-21.30.50:341][  0]LogAnalytics: Display: [UEEditor.Rocket.Release] APIServer = https://datarouter.ol.epicgames.com/. AppVersion = 4.27.2-18319896+++UE4+Release-4.27
[2026.02.04-21.30.50:345][  0]LogEngineSessionManager: EngineSessionManager initialized
[2026.02.04-21.30.50:345][  0]LogEditorSessionSummary: Verbose: Initializing EditorSessionSummaryWriter for editor session tracking
[2026.02.04-21.30.50:346][  0]LogEditorSessionSummary: EditorSessionSummaryWriter initialized
[2026.02.04-21.30.50:374][  0]LogInit: Transaction tracking system initialized
[2026.02.04-21.30.50:394][  0]BlueprintLog: New page: Editor Load
[2026.02.04-21.30.50:451][  0]LocalizationService: Localization service is disabled
[2026.02.04-21.30.50:471][  0]TimingProfiler: Initialize
[2026.02.04-21.30.50:472][  0]TimingProfiler: OnSessionChanged
[2026.02.04-21.30.50:472][  0]LoadingProfiler: Initialize
[2026.02.04-21.30.50:472][  0]LoadingProfiler: OnSessionChanged
[2026.02.04-21.30.50:472][  0]NetworkingProfiler: Initialize
[2026.02.04-21.30.50:472][  0]NetworkingProfiler: OnSessionChanged
[2026.02.04-21.30.50:472][  0]MemoryProfiler: Initialize
[2026.02.04-21.30.50:472][  0]MemoryProfiler: OnSessionChanged
[2026.02.04-21.30.50:516][  0]LogVSAccessor: Display: Unable to create Visual Studio setup instance: 80040154
[2026.02.04-21.30.50:517][  0]LogVSAccessor: Display: Unable to create Visual Studio setup instance: 80040154
[2026.02.04-21.30.50:517][  0]LogVSAccessor: Display: Unable to create Visual Studio setup instance: 80040154
[2026.02.04-21.30.50:661][  0]LogCook: Display: CookSettings for Memory: MemoryMaxUsedVirtual 0MiB, MemoryMaxUsedPhysical 16384MiB, MemoryMinFreeVirtual 0MiB, MemoryMinFreePhysical 1024MiB
[2026.02.04-21.30.50:661][  0]LogCook: Display: Mobile HDR setting 1
[2026.02.04-21.30.50:838][  0]LogFileCache: Scanning file cache for directory 'D:/Repozytoria/UE 4.27/KZ_TopDownShooter/TopDownAC/Content/' took 0.00s
[2026.02.04-21.30.51:080][  0]LogInit: Display: Engine is initialized. Leaving FEngineLoop::Init()
[2026.02.04-21.30.51:082][  0]SourceControl: Source control is disabled
[2026.02.04-21.30.51:082][  0]LogUnrealEdMisc: Loading editor; pre map load, took 15.394
[2026.02.04-21.30.51:082][  0]Cmd: MAP LOAD FILE="../../../../../Repozytoria/UE 4.27/KZ_TopDownShooter/TopDownAC/Content/Levels/Main.umap" TEMPLATE=0 SHOWPROGRESS=1 FEATURELEVEL=3
[2026.02.04-21.30.51:083][  0]LightingResults: New page: Lighting Build
[2026.02.04-21.30.51:084][  0]LogWorld: UWorld::CleanupWorld for Untitled, bSessionEnded=true, bCleanupResources=true
[2026.02.04-21.30.51:084][  0]LogSlate: InvalidateAllWidgets triggered.  All widgets were invalidated
[2026.02.04-21.30.51:084][  0]MapCheck: New page: Map Check
[2026.02.04-21.30.51:084][  0]LightingResults: New page: Lighting Build
[2026.02.04-21.30.51:089][  0]LogAudio: Display: Audio Device unregistered from world 'None'.
[2026.02.04-21.30.51:092][  0]LogUObjectHash: Compacting FUObjectHashTables data took   0.47ms
[2026.02.04-21.30.51:129][  0]LogLinker: Warning: [AssetLog] D:\Repozytoria\UE 4.27\KZ_TopDownShooter\TopDownAC\Content\Weapons\Weapons\Rifle.uasset: Failed to load '/Game/Weapons/Materials/MagGun_MatA_Inst3': Can't find file.
[2026.02.04-21.30.51:129][  0]LoadErrors: Failed to load /Game/Weapons/Weapons/Rifle.Rifle Referenced by SkeletalMesh_GEN_VARIABLE
[2026.02.04-21.30.51:129][  0]LogLinker: Warning: [AssetLog] D:\Repozytoria\UE 4.27\KZ_TopDownShooter\TopDownAC\Content\Weapons\Weapons\Rifle.uasset: Failed to load '/Game/Weapons/Materials/MagGun_MatA_Inst3': Can't find file.
[2026.02.04-21.30.51:129][  0]LoadErrors: Failed to load /Game/Weapons/Weapons/Rifle.Rifle Referenced by SkeletalMesh_GEN_VARIABLE
[2026.02.04-21.30.51:129][  0]LogLinker: Warning: [AssetLog] D:\Repozytoria\UE 4.27\KZ_TopDownShooter\TopDownAC\Content\Weapons\Weapons\Rifle.uasset: Failed to load '/Game/Weapons/Materials/MagGun_MatB_Inst2': Can't find file.
[2026.02.04-21.30.51:129][  0]LoadErrors: Failed to load /Game/Weapons/Weapons/Rifle.Rifle Referenced by SkeletalMesh_GEN_VARIABLE
[2026.02.04-21.30.51:129][  0]LogLinker: Warning: [AssetLog] D:\Repozytoria\UE 4.27\KZ_TopDownShooter\TopDownAC\Content\Weapons\Weapons\Rifle.uasset: Failed to load '/Game/Weapons/Materials/MagGun_MatB_Inst2': Can't find file.
[2026.02.04-21.30.51:129][  0]LoadErrors: Failed to load /Game/Weapons/Weapons/Rifle.Rifle Referenced by SkeletalMesh_GEN_VARIABLE
[2026.02.04-21.30.51:129][  0]LogLinker: Warning: [AssetLog] D:\Repozytoria\UE 4.27\KZ_TopDownShooter\TopDownAC\Content\Weapons\Weapons\Rifle.uasset: Failed to load '/Game/Weapons/Materials/MagGun_SightLens_Mat_Inst': Can't find file.
[2026.02.04-21.30.51:129][  0]LoadErrors: Failed to load /Game/Weapons/Weapons/Rifle.Rifle Referenced by SkeletalMesh_GEN_VARIABLE
[2026.02.04-21.30.51:129][  0]LogLinker: Warning: [AssetLog] D:\Repozytoria\UE 4.27\KZ_TopDownShooter\TopDownAC\Content\Weapons\Weapons\Rifle.uasset: Failed to load '/Game/Weapons/Materials/MagGun_SightLens_Mat_Inst': Can't find file.
[2026.02.04-21.30.51:129][  0]LoadErrors: Failed to load /Game/Weapons/Weapons/Rifle.Rifle Referenced by SkeletalMesh_GEN_VARIABLE
[2026.02.04-21.30.51:129][  0]LogLinker: Warning: [AssetLog] D:\Repozytoria\UE 4.27\KZ_TopDownShooter\TopDownAC\Content\Weapons\Weapons\Rifle.uasset: Failed to load '/Game/Weapons/Materials/MagGun_MatA_Inst3': Can't find file.
[2026.02.04-21.30.51:129][  0]LoadErrors: Failed to load /Game/Weapons/Weapons/Rifle.Rifle Referenced by SkeletalMesh_GEN_VARIABLE
[2026.02.04-21.30.51:129][  0]LogLinker: Warning: [AssetLog] D:\Repozytoria\UE 4.27\KZ_TopDownShooter\TopDownAC\Content\Weapons\Weapons\Rifle.uasset: Failed to load '/Game/Weapons/Materials/MagGun_MatB_Inst2': Can't find file.
[2026.02.04-21.30.51:129][  0]LoadErrors: Failed to load /Game/Weapons/Weapons/Rifle.Rifle Referenced by SkeletalMesh_GEN_VARIABLE
[2026.02.04-21.30.51:130][  0]LogLinker: Warning: [AssetLog] D:\Repozytoria\UE 4.27\KZ_TopDownShooter\TopDownAC\Content\Weapons\Weapons\Rifle.uasset: Failed to load '/Game/Weapons/Materials/MagGun_SightLens_Mat_Inst': Can't find file.
[2026.02.04-21.30.51:130][  0]LoadErrors: Failed to load /Game/Weapons/Weapons/Rifle.Rifle Referenced by SkeletalMesh_GEN_VARIABLE
[2026.02.04-21.30.51:130][  0]LogLinker: Warning: [AssetLog] D:\Repozytoria\UE 4.27\KZ_TopDownShooter\TopDownAC\Content\Weapons\Weapons\Rifle.uasset: Failed to load '/Game/Weapons/Rifle_Skeleton': Can't find file.
[2026.02.04-21.30.51:130][  0]LoadErrors: Failed to load /Game/Weapons/Weapons/Rifle.Rifle Referenced by SkeletalMesh_GEN_VARIABLE
[2026.02.04-21.30.51:130][  0]LogLinker: Warning: [AssetLog] D:\Repozytoria\UE 4.27\KZ_TopDownShooter\TopDownAC\Content\Weapons\Weapons\Rifle.uasset: Failed to load '/Game/Weapons/Rifle_Skeleton': Can't find file.
[2026.02.04-21.30.51:130][  0]LoadErrors: Failed to load /Game/Weapons/Weapons/Rifle.Rifle Referenced by SkeletalMesh_GEN_VARIABLE
[2026.02.04-21.30.51:130][  0]LogLinker: Warning: [AssetLog] D:\Repozytoria\UE 4.27\KZ_TopDownShooter\TopDownAC\Content\Weapons\Weapons\Rifle.uasset: Failed to load '/Game/Weapons/Rifle_Skeleton': Can't find file.
[2026.02.04-21.30.51:130][  0]LoadErrors: Failed to load /Game/Weapons/Weapons/Rifle.Rifle Referenced by SkeletalMesh_GEN_VARIABLE
[2026.02.04-21.30.51:209][  0]LogBlueprint: Error: [AssetLog] D:\Repozytoria\UE 4.27\KZ_TopDownShooter\TopDownAC\Content\BluePrintClass\BP_PLAYER.uasset: [Compiler] This blueprint (self) is not a AudioComponent, therefore ' Target ' must have a connection.
[2026.02.04-21.30.51:389][  0]LogLinker: Warning: [AssetLog] D:\Repozytoria\UE 4.27\KZ_TopDownShooter\TopDownAC\Content\Weapons\Weapons\Rifle.uasset: Failed to load '/Game/Weapons/Rifle_Skeleton': Can't find file.
[2026.02.04-21.30.51:389][  0]LoadErrors: Failed to load /Game/Weapons/Rifle_Skeleton.Rifle_Skeleton Referenced by Rifle
[2026.02.04-21.30.51:390][  0]LogLinker: Warning: [AssetLog] D:\Repozytoria\UE 4.27\KZ_TopDownShooter\TopDownAC\Content\Weapons\Weapons\Rifle.uasset: Failed to load '/Game/Weapons/Materials/MagGun_MatA_Inst3': Can't find file.
[2026.02.04-21.30.51:390][  0]LoadErrors: Failed to load /Game/Weapons/Materials/MagGun_MatA_Inst3.MagGun_MatA_Inst3 Referenced by Rifle
[2026.02.04-21.30.51:390][  0]LogLinker: Warning: [AssetLog] D:\Repozytoria\UE 4.27\KZ_TopDownShooter\TopDownAC\Content\Weapons\Weapons\Rifle.uasset: Failed to load '/Game/Weapons/Materials/MagGun_MatB_Inst2': Can't find file.
[2026.02.04-21.30.51:390][  0]LoadErrors: Failed to load /Game/Weapons/Materials/MagGun_MatB_Inst2.MagGun_MatB_Inst2 Referenced by Rifle
[2026.02.04-21.30.51:390][  0]LogLinker: Warning: [AssetLog] D:\Repozytoria\UE 4.27\KZ_TopDownShooter\TopDownAC\Content\Weapons\Weapons\Rifle.uasset: Failed to load '/Game/Weapons/Materials/MagGun_SightLens_Mat_Inst': Can't find file.
[2026.02.04-21.30.51:390][  0]LoadErrors: Failed to load /Game/Weapons/Materials/MagGun_SightLens_Mat_Inst.MagGun_SightLens_Mat_Inst Referenced by Rifle
[2026.02.04-21.30.51:500][  0]LogSkeletalMesh: Display: [AssetLog] D:\Repozytoria\UE 4.27\KZ_TopDownShooter\TopDownAC\Content\Weapons\Weapons\Rifle.uasset: Find and fix some bad tangent! please re-import this skeletal mesh asset to fix the issue. The shading of the skeletal mesh will be bad and faceted.
[2026.02.04-21.30.51:514][  0]LogAudio: Display: Audio Device (ID: 1) registered with world 'Main'.
[2026.02.04-21.30.51:515][  0]LogAIModule: Creating AISystem for world Main
[2026.02.04-21.30.51:524][  0]LogEditorServer: Finished looking for orphan Actors (0.000 secs)
[2026.02.04-21.30.51:537][  0]LogUObjectHash: Compacting FUObjectHashTables data took   0.90ms
[2026.02.04-21.30.51:537][  0]Cmd: MAP CHECKDEP NOCLEARLOG
[2026.02.04-21.30.51:537][  0]MapCheck: Map check complete: 0 Error(s), 0 Warning(s), took 0,128ms to complete.
[2026.02.04-21.30.51:537][  0]LogFileHelpers: Loading map 'Main' took 0.456
[2026.02.04-21.30.51:540][  0]LogUnrealEdMisc: Total Editor Startup Time, took 15.853
[2026.02.04-21.30.51:713][  0]LogSlate: Updating window title bar state: overlay mode, drag disabled, window buttons hidden, title bar hidden
[2026.02.04-21.30.51:719][  0]LogSlate: Updating window title bar state: overlay mode, drag disabled, window buttons hidden, title bar hidden
[2026.02.04-21.30.51:724][  0]LogSlate: Updating window title bar state: overlay mode, drag disabled, window buttons hidden, title bar hidden
[2026.02.04-21.30.51:728][  0]LogSlate: Updating window title bar state: overlay mode, drag disabled, window buttons hidden, title bar hidden
[2026.02.04-21.30.51:756][  0]LogNativeClassHierarchy: Verbose: Native class hierarchy populated in 0.0077 seconds. Added 3822 classes and 928 folders.
[2026.02.04-21.30.51:763][  0]LogNativeClassHierarchy: Verbose: Native class hierarchy updated for 'WidgetCarousel' in 0.0003 seconds. Added 0 classes and 0 folders.
[2026.02.04-21.30.51:772][  0]LogPakFile: PakFile PrimaryIndexSize=187
[2026.02.04-21.30.51:772][  0]LogPakFile: PakFile PathHashIndexSize=101
[2026.02.04-21.30.51:772][  0]LogPakFile: PakFile FullDirectoryIndexSize=148
[2026.02.04-21.30.51:772][  0]LogShaderLibrary: Display: ShaderCodeLibraryPakFileMountedCallback: PakFile 'D:/Epic Games/UE_4.27/FeaturePacks/FP_FirstPerson.upack' (chunk index -1, root 'root:/') mounted
[2026.02.04-21.30.51:773][  0]LogShaderLibrary: Display: ShaderCodeLibraryPakFileMountedCallback: pending pak file info (ChunkID:-1 Root:root:/ File:D:/Epic Games/UE_4.27/FeaturePacks/FP_FirstPerson.upack)
[2026.02.04-21.30.51:773][  0]LogPakFile: OnPakFileMounted2Time == 0.000096
[2026.02.04-21.30.51:776][  0]LogPakFile: PakFile PrimaryIndexSize=189
[2026.02.04-21.30.51:776][  0]LogPakFile: PakFile PathHashIndexSize=101
[2026.02.04-21.30.51:776][  0]LogPakFile: PakFile FullDirectoryIndexSize=152
[2026.02.04-21.30.51:776][  0]LogShaderLibrary: Display: ShaderCodeLibraryPakFileMountedCallback: PakFile 'D:/Epic Games/UE_4.27/FeaturePacks/FP_FirstPersonBP.upack' (chunk index -1, root 'root:/') mounted
[2026.02.04-21.30.51:776][  0]LogShaderLibrary: Display: ShaderCodeLibraryPakFileMountedCallback: pending pak file info (ChunkID:-1 Root:root:/ File:D:/Epic Games/UE_4.27/FeaturePacks/FP_FirstPersonBP.upack)
[2026.02.04-21.30.51:776][  0]LogPakFile: OnPakFileMounted2Time == 0.000041
[2026.02.04-21.30.51:778][  0]LogPakFile: PakFile PrimaryIndexSize=191
[2026.02.04-21.30.51:778][  0]LogPakFile: PakFile PathHashIndexSize=101
[2026.02.04-21.30.51:778][  0]LogPakFile: PakFile FullDirectoryIndexSize=160
[2026.02.04-21.30.51:778][  0]LogShaderLibrary: Display: ShaderCodeLibraryPakFileMountedCallback: PakFile 'D:/Epic Games/UE_4.27/FeaturePacks/MobileStarterContent.upack' (chunk index -1, root 'root:/') mounted
[2026.02.04-21.30.51:778][  0]LogShaderLibrary: Display: ShaderCodeLibraryPakFileMountedCallback: pending pak file info (ChunkID:-1 Root:root:/ File:D:/Epic Games/UE_4.27/FeaturePacks/MobileStarterContent.upack)
[2026.02.04-21.30.51:778][  0]LogPakFile: OnPakFileMounted2Time == 0.000040
[2026.02.04-21.30.51:780][  0]LogPakFile: PakFile PrimaryIndexSize=185
[2026.02.04-21.30.51:780][  0]LogPakFile: PakFile PathHashIndexSize=101
[2026.02.04-21.30.51:780][  0]LogPakFile: PakFile FullDirectoryIndexSize=148
[2026.02.04-21.30.51:780][  0]LogShaderLibrary: Display: ShaderCodeLibraryPakFileMountedCallback: PakFile 'D:/Epic Games/UE_4.27/FeaturePacks/StarterContent.upack' (chunk index -1, root 'root:/') mounted
[2026.02.04-21.30.51:780][  0]LogShaderLibrary: Display: ShaderCodeLibraryPakFileMountedCallback: pending pak file info (ChunkID:-1 Root:root:/ File:D:/Epic Games/UE_4.27/FeaturePacks/StarterContent.upack)
[2026.02.04-21.30.51:780][  0]LogPakFile: OnPakFileMounted2Time == 0.000033
[2026.02.04-21.30.51:781][  0]LogPakFile: PakFile PrimaryIndexSize=190
[2026.02.04-21.30.51:781][  0]LogPakFile: PakFile PathHashIndexSize=101
[2026.02.04-21.30.51:781][  0]LogPakFile: PakFile FullDirectoryIndexSize=154
[2026.02.04-21.30.51:781][  0]LogShaderLibrary: Display: ShaderCodeLibraryPakFileMountedCallback: PakFile 'D:/Epic Games/UE_4.27/FeaturePacks/TP_2DSideScroller.upack' (chunk index -1, root 'root:/') mounted
[2026.02.04-21.30.51:781][  0]LogShaderLibrary: Display: ShaderCodeLibraryPakFileMountedCallback: pending pak file info (ChunkID:-1 Root:root:/ File:D:/Epic Games/UE_4.27/FeaturePacks/TP_2DSideScroller.upack)
[2026.02.04-21.30.51:781][  0]LogPakFile: OnPakFileMounted2Time == 0.000045
[2026.02.04-21.30.51:784][  0]LogPakFile: PakFile PrimaryIndexSize=192
[2026.02.04-21.30.51:784][  0]LogPakFile: PakFile PathHashIndexSize=101
[2026.02.04-21.30.51:784][  0]LogPakFile: PakFile FullDirectoryIndexSize=158
[2026.02.04-21.30.51:784][  0]LogShaderLibrary: Display: ShaderCodeLibraryPakFileMountedCallback: PakFile 'D:/Epic Games/UE_4.27/FeaturePacks/TP_2DSideScrollerBP.upack' (chunk index -1, root 'root:/') mounted
[2026.02.04-21.30.51:784][  0]LogShaderLibrary: Display: ShaderCodeLibraryPakFileMountedCallback: pending pak file info (ChunkID:-1 Root:root:/ File:D:/Epic Games/UE_4.27/FeaturePacks/TP_2DSideScrollerBP.upack)
[2026.02.04-21.30.51:784][  0]LogPakFile: OnPakFileMounted2Time == 0.000045
[2026.02.04-21.30.51:786][  0]LogPakFile: PakFile PrimaryIndexSize=182
[2026.02.04-21.30.51:786][  0]LogPakFile: PakFile PathHashIndexSize=101
[2026.02.04-21.30.51:786][  0]LogPakFile: PakFile FullDirectoryIndexSize=138
[2026.02.04-21.30.51:786][  0]LogShaderLibrary: Display: ShaderCodeLibraryPakFileMountedCallback: PakFile 'D:/Epic Games/UE_4.27/FeaturePacks/TP_Flying.upack' (chunk index -1, root 'root:/') mounted
[2026.02.04-21.30.51:786][  0]LogShaderLibrary: Display: ShaderCodeLibraryPakFileMountedCallback: pending pak file info (ChunkID:-1 Root:root:/ File:D:/Epic Games/UE_4.27/FeaturePacks/TP_Flying.upack)
[2026.02.04-21.30.51:786][  0]LogPakFile: OnPakFileMounted2Time == 0.000031
[2026.02.04-21.30.51:788][  0]LogPakFile: PakFile PrimaryIndexSize=184
[2026.02.04-21.30.51:788][  0]LogPakFile: PakFile PathHashIndexSize=101
[2026.02.04-21.30.51:788][  0]LogPakFile: PakFile FullDirectoryIndexSize=142
[2026.02.04-21.30.51:788][  0]LogShaderLibrary: Display: ShaderCodeLibraryPakFileMountedCallback: PakFile 'D:/Epic Games/UE_4.27/FeaturePacks/TP_FlyingBP.upack' (chunk index -1, root 'root:/') mounted
[2026.02.04-21.30.51:788][  0]LogShaderLibrary: Display: ShaderCodeLibraryPakFileMountedCallback: pending pak file info (ChunkID:-1 Root:root:/ File:D:/Epic Games/UE_4.27/FeaturePacks/TP_FlyingBP.upack)
[2026.02.04-21.30.51:788][  0]LogPakFile: OnPakFileMounted2Time == 0.000040
[2026.02.04-21.30.51:791][  0]LogPakFile: PakFile PrimaryIndexSize=188
[2026.02.04-21.30.51:791][  0]LogPakFile: PakFile PathHashIndexSize=101
[2026.02.04-21.30.51:791][  0]LogPakFile: PakFile FullDirectoryIndexSize=150
[2026.02.04-21.30.51:791][  0]LogShaderLibrary: Display: ShaderCodeLibraryPakFileMountedCallback: PakFile 'D:/Epic Games/UE_4.27/FeaturePacks/TP_HandheldARBP.upack' (chunk index -1, root 'root:/') mounted
[2026.02.04-21.30.51:791][  0]LogShaderLibrary: Display: ShaderCodeLibraryPakFileMountedCallback: pending pak file info (ChunkID:-1 Root:root:/ File:D:/Epic Games/UE_4.27/FeaturePacks/TP_HandheldARBP.upack)
[2026.02.04-21.30.51:791][  0]LogPakFile: OnPakFileMounted2Time == 0.000031
[2026.02.04-21.30.51:795][  0]LogPakFile: PakFile PrimaryIndexSize=182
[2026.02.04-21.30.51:795][  0]LogPakFile: PakFile PathHashIndexSize=101
[2026.02.04-21.30.51:795][  0]LogPakFile: PakFile FullDirectoryIndexSize=138
[2026.02.04-21.30.51:795][  0]LogShaderLibrary: Display: ShaderCodeLibraryPakFileMountedCallback: PakFile 'D:/Epic Games/UE_4.27/FeaturePacks/TP_Puzzle.upack' (chunk index -1, root 'root:/') mounted
[2026.02.04-21.30.51:795][  0]LogShaderLibrary: Display: ShaderCodeLibraryPakFileMountedCallback: pending pak file info (ChunkID:-1 Root:root:/ File:D:/Epic Games/UE_4.27/FeaturePacks/TP_Puzzle.upack)
[2026.02.04-21.30.51:795][  0]LogPakFile: OnPakFileMounted2Time == 0.000033
[2026.02.04-21.30.51:798][  0]LogPakFile: PakFile PrimaryIndexSize=184
[2026.02.04-21.30.51:798][  0]LogPakFile: PakFile PathHashIndexSize=101
[2026.02.04-21.30.51:798][  0]LogPakFile: PakFile FullDirectoryIndexSize=142
[2026.02.04-21.30.51:798][  0]LogShaderLibrary: Display: ShaderCodeLibraryPakFileMountedCallback: PakFile 'D:/Epic Games/UE_4.27/FeaturePacks/TP_PuzzleBP.upack' (chunk index -1, root 'root:/') mounted
[2026.02.04-21.30.51:798][  0]LogShaderLibrary: Display: ShaderCodeLibraryPakFileMountedCallback: pending pak file info (ChunkID:-1 Root:root:/ File:D:/Epic Games/UE_4.27/FeaturePacks/TP_PuzzleBP.upack)
[2026.02.04-21.30.51:798][  0]LogPakFile: OnPakFileMounted2Time == 0.000031
[2026.02.04-21.30.51:800][  0]LogPakFile: PakFile PrimaryIndexSize=183
[2026.02.04-21.30.51:800][  0]LogPakFile: PakFile PathHashIndexSize=101
[2026.02.04-21.30.51:800][  0]LogPakFile: PakFile FullDirectoryIndexSize=140
[2026.02.04-21.30.51:800][  0]LogShaderLibrary: Display: ShaderCodeLibraryPakFileMountedCallback: PakFile 'D:/Epic Games/UE_4.27/FeaturePacks/TP_Rolling.upack' (chunk index -1, root 'root:/') mounted
[2026.02.04-21.30.51:800][  0]LogShaderLibrary: Display: ShaderCodeLibraryPakFileMountedCallback: pending pak file info (ChunkID:-1 Root:root:/ File:D:/Epic Games/UE_4.27/FeaturePacks/TP_Rolling.upack)
[2026.02.04-21.30.51:800][  0]LogPakFile: OnPakFileMounted2Time == 0.000028
[2026.02.04-21.30.51:803][  0]LogPakFile: PakFile PrimaryIndexSize=185
[2026.02.04-21.30.51:803][  0]LogPakFile: PakFile PathHashIndexSize=101
[2026.02.04-21.30.51:803][  0]LogPakFile: PakFile FullDirectoryIndexSize=144
[2026.02.04-21.30.51:803][  0]LogShaderLibrary: Display: ShaderCodeLibraryPakFileMountedCallback: PakFile 'D:/Epic Games/UE_4.27/FeaturePacks/TP_RollingBP.upack' (chunk index -1, root 'root:/') mounted
[2026.02.04-21.30.51:803][  0]LogShaderLibrary: Display: ShaderCodeLibraryPakFileMountedCallback: pending pak file info (ChunkID:-1 Root:root:/ File:D:/Epic Games/UE_4.27/FeaturePacks/TP_RollingBP.upack)
[2026.02.04-21.30.51:803][  0]LogPakFile: OnPakFileMounted2Time == 0.000039
[2026.02.04-21.30.51:805][  0]LogPakFile: PakFile PrimaryIndexSize=188
[2026.02.04-21.30.51:805][  0]LogPakFile: PakFile PathHashIndexSize=101
[2026.02.04-21.30.51:805][  0]LogPakFile: PakFile FullDirectoryIndexSize=150
[2026.02.04-21.30.51:805][  0]LogShaderLibrary: Display: ShaderCodeLibraryPakFileMountedCallback: PakFile 'D:/Epic Games/UE_4.27/FeaturePacks/TP_SideScroller.upack' (chunk index -1, root 'root:/') mounted
[2026.02.04-21.30.51:805][  0]LogShaderLibrary: Display: ShaderCodeLibraryPakFileMountedCallback: pending pak file info (ChunkID:-1 Root:root:/ File:D:/Epic Games/UE_4.27/FeaturePacks/TP_SideScroller.upack)
[2026.02.04-21.30.51:805][  0]LogPakFile: OnPakFileMounted2Time == 0.000042
[2026.02.04-21.30.51:807][  0]LogPakFile: PakFile PrimaryIndexSize=190
[2026.02.04-21.30.51:807][  0]LogPakFile: PakFile PathHashIndexSize=101
[2026.02.04-21.30.51:807][  0]LogPakFile: PakFile FullDirectoryIndexSize=154
[2026.02.04-21.30.51:807][  0]LogShaderLibrary: Display: ShaderCodeLibraryPakFileMountedCallback: PakFile 'D:/Epic Games/UE_4.27/FeaturePacks/TP_SideScrollerBP.upack' (chunk index -1, root 'root:/') mounted
[2026.02.04-21.30.51:807][  0]LogShaderLibrary: Display: ShaderCodeLibraryPakFileMountedCallback: pending pak file info (ChunkID:-1 Root:root:/ File:D:/Epic Games/UE_4.27/FeaturePacks/TP_SideScrollerBP.upack)
[2026.02.04-21.30.51:807][  0]LogPakFile: OnPakFileMounted2Time == 0.000037
[2026.02.04-21.30.51:810][  0]LogPakFile: PakFile PrimaryIndexSize=187
[2026.02.04-21.30.51:810][  0]LogPakFile: PakFile PathHashIndexSize=101
[2026.02.04-21.30.51:810][  0]LogPakFile: PakFile FullDirectoryIndexSize=148
[2026.02.04-21.30.51:810][  0]LogShaderLibrary: Display: ShaderCodeLibraryPakFileMountedCallback: PakFile 'D:/Epic Games/UE_4.27/FeaturePacks/TP_ThirdPerson.upack' (chunk index -1, root 'root:/') mounted
[2026.02.04-21.30.51:810][  0]LogShaderLibrary: Display: ShaderCodeLibraryPakFileMountedCallback: pending pak file info (ChunkID:-1 Root:root:/ File:D:/Epic Games/UE_4.27/FeaturePacks/TP_ThirdPerson.upack)
[2026.02.04-21.30.51:810][  0]LogPakFile: OnPakFileMounted2Time == 0.000032
[2026.02.04-21.30.51:813][  0]LogPakFile: PakFile PrimaryIndexSize=189
[2026.02.04-21.30.51:813][  0]LogPakFile: PakFile PathHashIndexSize=101
[2026.02.04-21.30.51:813][  0]LogPakFile: PakFile FullDirectoryIndexSize=152
[2026.02.04-21.30.51:813][  0]LogShaderLibrary: Display: ShaderCodeLibraryPakFileMountedCallback: PakFile 'D:/Epic Games/UE_4.27/FeaturePacks/TP_ThirdPersonBP.upack' (chunk index -1, root 'root:/') mounted
[2026.02.04-21.30.51:813][  0]LogShaderLibrary: Display: ShaderCodeLibraryPakFileMountedCallback: pending pak file info (ChunkID:-1 Root:root:/ File:D:/Epic Games/UE_4.27/FeaturePacks/TP_ThirdPersonBP.upack)
[2026.02.04-21.30.51:813][  0]LogPakFile: OnPakFileMounted2Time == 0.000034
[2026.02.04-21.30.51:817][  0]LogPakFile: PakFile PrimaryIndexSize=183
[2026.02.04-21.30.51:817][  0]LogPakFile: PakFile PathHashIndexSize=101
[2026.02.04-21.30.51:817][  0]LogPakFile: PakFile FullDirectoryIndexSize=140
[2026.02.04-21.30.51:817][  0]LogShaderLibrary: Display: ShaderCodeLibraryPakFileMountedCallback: PakFile 'D:/Epic Games/UE_4.27/FeaturePacks/TP_TopDown.upack' (chunk index -1, root 'root:/') mounted
[2026.02.04-21.30.51:817][  0]LogShaderLibrary: Display: ShaderCodeLibraryPakFileMountedCallback: pending pak file info (ChunkID:-1 Root:root:/ File:D:/Epic Games/UE_4.27/FeaturePacks/TP_TopDown.upack)
[2026.02.04-21.30.51:817][  0]LogPakFile: OnPakFileMounted2Time == 0.000045
[2026.02.04-21.30.51:820][  0]LogPakFile: PakFile PrimaryIndexSize=185
[2026.02.04-21.30.51:820][  0]LogPakFile: PakFile PathHashIndexSize=101
[2026.02.04-21.30.51:820][  0]LogPakFile: PakFile FullDirectoryIndexSize=144
[2026.02.04-21.30.51:820][  0]LogShaderLibrary: Display: ShaderCodeLibraryPakFileMountedCallback: PakFile 'D:/Epic Games/UE_4.27/FeaturePacks/TP_TopDownBP.upack' (chunk index -1, root 'root:/') mounted
[2026.02.04-21.30.51:820][  0]LogShaderLibrary: Display: ShaderCodeLibraryPakFileMountedCallback: pending pak file info (ChunkID:-1 Root:root:/ File:D:/Epic Games/UE_4.27/FeaturePacks/TP_TopDownBP.upack)
[2026.02.04-21.30.51:820][  0]LogPakFile: OnPakFileMounted2Time == 0.000040
[2026.02.04-21.30.51:823][  0]LogPakFile: PakFile PrimaryIndexSize=185
[2026.02.04-21.30.51:823][  0]LogPakFile: PakFile PathHashIndexSize=101
[2026.02.04-21.30.51:823][  0]LogPakFile: PakFile FullDirectoryIndexSize=144
[2026.02.04-21.30.51:823][  0]LogShaderLibrary: Display: ShaderCodeLibraryPakFileMountedCallback: PakFile 'D:/Epic Games/UE_4.27/FeaturePacks/TP_TwinStick.upack' (chunk index -1, root 'root:/') mounted
[2026.02.04-21.30.51:823][  0]LogShaderLibrary: Display: ShaderCodeLibraryPakFileMountedCallback: pending pak file info (ChunkID:-1 Root:root:/ File:D:/Epic Games/UE_4.27/FeaturePacks/TP_TwinStick.upack)
[2026.02.04-21.30.51:823][  0]LogPakFile: OnPakFileMounted2Time == 0.000035
[2026.02.04-21.30.51:825][  0]LogPakFile: PakFile PrimaryIndexSize=187
[2026.02.04-21.30.51:825][  0]LogPakFile: PakFile PathHashIndexSize=101
[2026.02.04-21.30.51:825][  0]LogPakFile: PakFile FullDirectoryIndexSize=148
[2026.02.04-21.30.51:825][  0]LogShaderLibrary: Display: ShaderCodeLibraryPakFileMountedCallback: PakFile 'D:/Epic Games/UE_4.27/FeaturePacks/TP_TwinStickBP.upack' (chunk index -1, root 'root:/') mounted
[2026.02.04-21.30.51:825][  0]LogShaderLibrary: Display: ShaderCodeLibraryPakFileMountedCallback: pending pak file info (ChunkID:-1 Root:root:/ File:D:/Epic Games/UE_4.27/FeaturePacks/TP_TwinStickBP.upack)
[2026.02.04-21.30.51:825][  0]LogPakFile: OnPakFileMounted2Time == 0.000032
[2026.02.04-21.30.51:828][  0]LogPakFile: PakFile PrimaryIndexSize=183
[2026.02.04-21.30.51:828][  0]LogPakFile: PakFile PathHashIndexSize=101
[2026.02.04-21.30.51:828][  0]LogPakFile: PakFile FullDirectoryIndexSize=140
[2026.02.04-21.30.51:828][  0]LogShaderLibrary: Display: ShaderCodeLibraryPakFileMountedCallback: PakFile 'D:/Epic Games/UE_4.27/FeaturePacks/TP_Vehicle.upack' (chunk index -1, root 'root:/') mounted
[2026.02.04-21.30.51:828][  0]LogShaderLibrary: Display: ShaderCodeLibraryPakFileMountedCallback: pending pak file info (ChunkID:-1 Root:root:/ File:D:/Epic Games/UE_4.27/FeaturePacks/TP_Vehicle.upack)
[2026.02.04-21.30.51:828][  0]LogPakFile: OnPakFileMounted2Time == 0.000027
[2026.02.04-21.30.51:832][  0]LogPakFile: PakFile PrimaryIndexSize=186
[2026.02.04-21.30.51:832][  0]LogPakFile: PakFile PathHashIndexSize=101
[2026.02.04-21.30.51:832][  0]LogPakFile: PakFile FullDirectoryIndexSize=146
[2026.02.04-21.30.51:832][  0]LogShaderLibrary: Display: ShaderCodeLibraryPakFileMountedCallback: PakFile 'D:/Epic Games/UE_4.27/FeaturePacks/TP_VehicleAdv.upack' (chunk index -1, root 'root:/') mounted
[2026.02.04-21.30.51:832][  0]LogShaderLibrary: Display: ShaderCodeLibraryPakFileMountedCallback: pending pak file info (ChunkID:-1 Root:root:/ File:D:/Epic Games/UE_4.27/FeaturePacks/TP_VehicleAdv.upack)
[2026.02.04-21.30.51:832][  0]LogPakFile: OnPakFileMounted2Time == 0.000029
[2026.02.04-21.30.51:834][  0]LogPakFile: PakFile PrimaryIndexSize=188
[2026.02.04-21.30.51:834][  0]LogPakFile: PakFile PathHashIndexSize=101
[2026.02.04-21.30.51:834][  0]LogPakFile: PakFile FullDirectoryIndexSize=150
[2026.02.04-21.30.51:834][  0]LogShaderLibrary: Display: ShaderCodeLibraryPakFileMountedCallback: PakFile 'D:/Epic Games/UE_4.27/FeaturePacks/TP_VehicleAdvBP.upack' (chunk index -1, root 'root:/') mounted
[2026.02.04-21.30.51:834][  0]LogShaderLibrary: Display: ShaderCodeLibraryPakFileMountedCallback: pending pak file info (ChunkID:-1 Root:root:/ File:D:/Epic Games/UE_4.27/FeaturePacks/TP_VehicleAdvBP.upack)
[2026.02.04-21.30.51:834][  0]LogPakFile: OnPakFileMounted2Time == 0.000035
[2026.02.04-21.30.51:837][  0]LogPakFile: PakFile PrimaryIndexSize=185
[2026.02.04-21.30.51:837][  0]LogPakFile: PakFile PathHashIndexSize=101
[2026.02.04-21.30.51:837][  0]LogPakFile: PakFile FullDirectoryIndexSize=144
[2026.02.04-21.30.51:837][  0]LogShaderLibrary: Display: ShaderCodeLibraryPakFileMountedCallback: PakFile 'D:/Epic Games/UE_4.27/FeaturePacks/TP_VehicleBP.upack' (chunk index -1, root 'root:/') mounted
[2026.02.04-21.30.51:837][  0]LogShaderLibrary: Display: ShaderCodeLibraryPakFileMountedCallback: pending pak file info (ChunkID:-1 Root:root:/ File:D:/Epic Games/UE_4.27/FeaturePacks/TP_VehicleBP.upack)
[2026.02.04-21.30.51:837][  0]LogPakFile: OnPakFileMounted2Time == 0.000086
[2026.02.04-21.30.51:840][  0]LogPakFile: PakFile PrimaryIndexSize=192
[2026.02.04-21.30.51:840][  0]LogPakFile: PakFile PathHashIndexSize=101
[2026.02.04-21.30.51:840][  0]LogPakFile: PakFile FullDirectoryIndexSize=158
[2026.02.04-21.30.51:840][  0]LogShaderLibrary: Display: ShaderCodeLibraryPakFileMountedCallback: PakFile 'D:/Epic Games/UE_4.27/FeaturePacks/TP_VirtualRealityBP.upack' (chunk index -1, root 'root:/') mounted
[2026.02.04-21.30.51:840][  0]LogShaderLibrary: Display: ShaderCodeLibraryPakFileMountedCallback: pending pak file info (ChunkID:-1 Root:root:/ File:D:/Epic Games/UE_4.27/FeaturePacks/TP_VirtualRealityBP.upack)
[2026.02.04-21.30.51:840][  0]LogPakFile: OnPakFileMounted2Time == 0.000024
[2026.02.04-21.30.51:997][  0]LogNativeClassHierarchy: Verbose: Native class hierarchy updated for 'AddContentDialog' in 0.0002 seconds. Added 0 classes and 0 folders.
[2026.02.04-21.30.52:000][  0]LogNativeClassHierarchy: Verbose: Native class hierarchy updated for 'SceneOutliner' in 0.0003 seconds. Added 2 classes and 0 folders.
[2026.02.04-21.30.52:148][  0]LogSlate: Took 0.000342 seconds to synchronously load lazily loaded font '../../../Engine/Content/Slate/Fonts/Roboto-Regular.ttf' (155K)
[2026.02.04-21.30.52:151][  0]LogSlate: Took 0.001707 seconds to synchronously load lazily loaded font '../../../Engine/Content/Editor/Slate/Fonts/FontAwesome.ttf' (139K)
[2026.02.04-21.30.52:152][  0]LogSlate: Took 0.000113 seconds to synchronously load lazily loaded font '../../../Engine/Content/Slate/Fonts/Roboto-Bold.ttf' (160K)
[2026.02.04-21.30.52:240][  0]LogRenderer: Reallocating scene render targets to support 808x464 Format 10 NumSamples 1 (Frame:1).
[2026.02.04-21.30.52:453][  0]LogNativeClassHierarchy: Verbose: Native class hierarchy updated for 'HierarchicalLODOutliner' in 0.0003 seconds. Added 0 classes and 0 folders.
[2026.02.04-21.30.52:453][  0]LogLoad: (Engine Initialization) Total time: 16.77 seconds
[2026.02.04-21.30.52:453][  0]LogLoad: (Engine Initialization) Total Blueprint compile time: 0.00 seconds
[2026.02.04-21.30.52:501][  0]LogAssetRegistry: Asset discovery search completed in 8.5332 seconds
[2026.02.04-21.30.52:505][  0]LogCollectionManager: Fixed up redirectors for 0 collections in 0.000005 seconds (updated 0 objects)
[2026.02.04-21.30.52:507][  0]LogContentStreaming: Texture pool size now 1000 MB
[2026.02.04-21.30.52:652][  0]LogRenderer: Reallocating scene render targets to support 808x480 Format 10 NumSamples 1 (Frame:2).
[2026.02.04-21.30.52:652][  0]LogSlate: Took 0.001554 seconds to synchronously load lazily loaded font '../../../Engine/Content/Slate/Fonts/DroidSansMono.ttf' (77K)
[2026.02.04-21.30.53:162][  2]LogSlate: Took 0.002321 seconds to synchronously load lazily loaded font '../../../Engine/Content/Slate/Fonts/Roboto-Light.ttf' (167K)
[2026.02.04-21.30.53:608][  4]LogSlate: Took 0.000197 seconds to synchronously load lazily loaded font '../../../Engine/Content/Slate/Fonts/Roboto-Light.ttf' (167K)
[2026.02.04-21.30.55:400][ 83]LogSlate: Window 'Message Log' being destroyed
[2026.02.04-21.30.55:444][ 83]LogSlate: Window 'Message Log' being destroyed
[2026.02.04-21.30.57:418][163]LogTemp: Repeating last play command: Selected Viewport
[2026.02.04-21.30.57:430][163]LogPlayLevel: PlayLevel: No blueprints needed recompiling
[2026.02.04-21.30.57:430][163]BlueprintLog: Warning: Blueprint failed to compile:  BP_PLAYER
[2026.02.04-21.30.57:430][163]LogCustomDialog: Dialog displayed:
[2026.02.04-21.31.00:595][163]LogSlate: Window 'Blueprint Compilation Errors' being destroyed
[2026.02.04-21.31.03:389][271]LogSlate: Window 'Message Log' being destroyed
[2026.02.04-21.31.03:438][271]LogSlate: Window 'Message Log' being destroyed
[2026.02.04-21.52.13:055][901]LogUdpMessaging: Warning: UDP messaging encountered an error. Auto repair routine started for reinitialization
[2026.02.04-21.52.14:829][907]FUdpSocketBuilder: Failed to subscribe UdpMessageMulticastSocket to multicast group 230.0.0.1 on interface 0.0.0.0
[2026.02.04-21.52.14:829][907]FUdpSocketBuilder: Failed to create and initialize socket UdpMessageMulticastSocket (last error: 0)
[2026.02.04-21.52.14:829][907]LogUdpMessaging: Warning: StartTransport failed to create multicast socket on 0.0.0.0:0, joined to 230.0.0.1:6666 with TTL 1
[2026.02.04-21.52.15:068][907]LogUdpMessaging: Warning: UDP messaging encountered an error. Auto repair routine started for reinitialization
[2026.02.04-21.52.16:950][913]FUdpSocketBuilder: Failed to subscribe UdpMessageMulticastSocket to multicast group 230.0.0.1 on interface 0.0.0.0
[2026.02.04-21.52.16:950][913]FUdpSocketBuilder: Failed to create and initialize socket UdpMessageMulticastSocket (last error: 0)
[2026.02.04-21.52.16:950][913]LogUdpMessaging: Warning: StartTransport failed to create multicast socket on 0.0.0.0:0, joined to 230.0.0.1:6666 with TTL 1
[2026.02.04-21.52.17:084][913]LogUdpMessaging: Warning: UDP messaging encountered an error. Auto repair routine started for reinitialization
[2026.02.04-21.52.18:963][919]FUdpSocketBuilder: Failed to subscribe UdpMessageMulticastSocket to multicast group 230.0.0.1 on interface 0.0.0.0
[2026.02.04-21.52.18:963][919]FUdpSocketBuilder: Failed to create and initialize socket UdpMessageMulticastSocket (last error: 0)
[2026.02.04-21.52.18:963][919]LogUdpMessaging: Warning: StartTransport failed to create multicast socket on 0.0.0.0:0, joined to 230.0.0.1:6666 with TTL 1
[2026.02.04-21.52.19:095][919]LogUdpMessaging: Warning: UDP messaging encountered an error. Auto repair routine started for reinitialization
[2026.02.04-21.52.20:983][925]FUdpSocketBuilder: Failed to subscribe UdpMessageMulticastSocket to multicast group 230.0.0.1 on interface 0.0.0.0
[2026.02.04-21.52.20:983][925]FUdpSocketBuilder: Failed to create and initialize socket UdpMessageMulticastSocket (last error: 0)
[2026.02.04-21.52.20:983][925]LogUdpMessaging: Warning: StartTransport failed to create multicast socket on 0.0.0.0:0, joined to 230.0.0.1:6666 with TTL 1
[2026.02.04-21.52.21:116][925]LogUdpMessaging: Warning: UDP messaging encountered an error. Auto repair routine started for reinitialization
[2026.02.04-21.52.22:998][931]FUdpSocketBuilder: Failed to subscribe UdpMessageMulticastSocket to multicast group 230.0.0.1 on interface 0.0.0.0
[2026.02.04-21.52.22:998][931]FUdpSocketBuilder: Failed to create and initialize socket UdpMessageMulticastSocket (last error: 0)
[2026.02.04-21.52.22:998][931]LogUdpMessaging: Warning: StartTransport failed to create multicast socket on 0.0.0.0:0, joined to 230.0.0.1:6666 with TTL 1
[2026.02.04-21.52.23:137][931]LogUdpMessaging: Warning: UDP messaging encountered an error. Auto repair routine started for reinitialization
[2026.02.04-21.52.24:916][937]FUdpSocketBuilder: Failed to subscribe UdpMessageMulticastSocket to multicast group 230.0.0.1 on interface 0.0.0.0
[2026.02.04-21.52.24:916][937]FUdpSocketBuilder: Failed to create and initialize socket UdpMessageMulticastSocket (last error: 0)
[2026.02.04-21.52.24:916][937]LogUdpMessaging: Warning: StartTransport failed to create multicast socket on 0.0.0.0:0, joined to 230.0.0.1:6666 with TTL 1
[2026.02.04-21.52.25:142][937]LogUdpMessaging: Warning: UDP messaging encountered an error. Auto repair routine started for reinitialization
[2026.02.04-21.52.26:934][943]FUdpSocketBuilder: Failed to subscribe UdpMessageMulticastSocket to multicast group 230.0.0.1 on interface 0.0.0.0
[2026.02.04-21.52.26:934][943]FUdpSocketBuilder: Failed to create and initialize socket UdpMessageMulticastSocket (last error: 0)
[2026.02.04-21.52.26:934][943]LogUdpMessaging: Warning: StartTransport failed to create multicast socket on 0.0.0.0:0, joined to 230.0.0.1:6666 with TTL 1
[2026.02.04-21.52.27:163][943]LogUdpMessaging: Warning: UDP messaging encountered an error. Auto repair routine started for reinitialization
[2026.02.04-21.52.28:955][949]FUdpSocketBuilder: Failed to subscribe UdpMessageMulticastSocket to multicast group 230.0.0.1 on interface 0.0.0.0
[2026.02.04-21.52.28:955][949]FUdpSocketBuilder: Failed to create and initialize socket UdpMessageMulticastSocket (last error: 0)
[2026.02.04-21.52.28:955][949]LogUdpMessaging: Warning: StartTransport failed to create multicast socket on 0.0.0.0:0, joined to 230.0.0.1:6666 with TTL 1
[2026.02.04-21.52.29:173][949]LogUdpMessaging: Warning: UDP messaging encountered an error. Auto repair routine started for reinitialization
[2026.02.04-21.52.30:974][955]FUdpSocketBuilder: Failed to subscribe UdpMessageMulticastSocket to multicast group 230.0.0.1 on interface 0.0.0.0
[2026.02.04-21.52.30:974][955]FUdpSocketBuilder: Failed to create and initialize socket UdpMessageMulticastSocket (last error: 0)
[2026.02.04-21.52.30:974][955]LogUdpMessaging: Warning: StartTransport failed to create multicast socket on 0.0.0.0:0, joined to 230.0.0.1:6666 with TTL 1
[2026.02.04-21.52.31:185][955]LogUdpMessaging: Warning: UDP messaging encountered an error. Auto repair routine started for reinitialization
[2026.02.04-21.52.32:989][961]FUdpSocketBuilder: Failed to subscribe UdpMessageMulticastSocket to multicast group 230.0.0.1 on interface 0.0.0.0
[2026.02.04-21.52.32:989][961]FUdpSocketBuilder: Failed to create and initialize socket UdpMessageMulticastSocket (last error: 0)
[2026.02.04-21.52.32:990][961]LogUdpMessaging: Warning: StartTransport failed to create multicast socket on 0.0.0.0:0, joined to 230.0.0.1:6666 with TTL 1
[2026.02.04-21.52.33:196][961]LogUdpMessaging: Warning: UDP messaging encountered an error. Auto repair routine started for reinitialization
[2026.02.04-21.52.35:004][967]FUdpSocketBuilder: Failed to subscribe UdpMessageMulticastSocket to multicast group 230.0.0.1 on interface 0.0.0.0
[2026.02.04-21.52.35:004][967]FUdpSocketBuilder: Failed to create and initialize socket UdpMessageMulticastSocket (last error: 0)
[2026.02.04-21.52.35:004][967]LogUdpMessaging: Warning: StartTransport failed to create multicast socket on 0.0.0.0:0, joined to 230.0.0.1:6666 with TTL 1
[2026.02.04-21.52.35:207][967]LogUdpMessaging: Warning: UDP messaging encountered an error. Auto repair routine started for reinitialization
[2026.02.04-21.52.37:017][973]FUdpSocketBuilder: Failed to subscribe UdpMessageMulticastSocket to multicast group 230.0.0.1 on interface 0.0.0.0
[2026.02.04-21.52.37:017][973]FUdpSocketBuilder: Failed to create and initialize socket UdpMessageMulticastSocket (last error: 0)
[2026.02.04-21.52.37:017][973]LogUdpMessaging: Warning: StartTransport failed to create multicast socket on 0.0.0.0:0, joined to 230.0.0.1:6666 with TTL 1
[2026.02.04-21.52.37:214][973]LogUdpMessaging: Warning: UDP messaging encountered an error. Auto repair routine started for reinitialization
[2026.02.04-21.52.39:037][979]FUdpSocketBuilder: Failed to subscribe UdpMessageMulticastSocket to multicast group 230.0.0.1 on interface 0.0.0.0
[2026.02.04-21.52.39:037][979]FUdpSocketBuilder: Failed to create and initialize socket UdpMessageMulticastSocket (last error: 0)
[2026.02.04-21.52.39:037][979]LogUdpMessaging: Warning: StartTransport failed to create multicast socket on 0.0.0.0:0, joined to 230.0.0.1:6666 with TTL 1
[2026.02.04-21.52.39:221][979]LogUdpMessaging: Warning: UDP messaging encountered an error. Auto repair routine started for reinitialization
[2026.02.04-21.52.41:054][985]FUdpSocketBuilder: Failed to subscribe UdpMessageMulticastSocket to multicast group 230.0.0.1 on interface 0.0.0.0
[2026.02.04-21.52.41:054][985]FUdpSocketBuilder: Failed to create and initialize socket UdpMessageMulticastSocket (last error: 0)
[2026.02.04-21.52.41:054][985]LogUdpMessaging: Warning: StartTransport failed to create multicast socket on 0.0.0.0:0, joined to 230.0.0.1:6666 with TTL 1
[2026.02.04-21.52.41:224][985]LogUdpMessaging: Warning: UDP messaging encountered an error. Auto repair routine started for reinitialization
[2026.02.04-21.52.43:065][991]FUdpSocketBuilder: Failed to subscribe UdpMessageMulticastSocket to multicast group 230.0.0.1 on interface 0.0.0.0
[2026.02.04-21.52.43:065][991]FUdpSocketBuilder: Failed to create and initialize socket UdpMessageMulticastSocket (last error: 0)
[2026.02.04-21.52.43:065][991]LogUdpMessaging: Warning: StartTransport failed to create multicast socket on 0.0.0.0:0, joined to 230.0.0.1:6666 with TTL 1
[2026.02.04-21.52.43:243][991]LogUdpMessaging: Warning: UDP messaging encountered an error. Auto repair routine started for reinitialization
[2026.02.04-21.52.45:085][997]FUdpSocketBuilder: Failed to subscribe UdpMessageMulticastSocket to multicast group 230.0.0.1 on interface 0.0.0.0
[2026.02.04-21.52.45:085][997]FUdpSocketBuilder: Failed to create and initialize socket UdpMessageMulticastSocket (last error: 0)
[2026.02.04-21.52.45:085][997]LogUdpMessaging: Warning: StartTransport failed to create multicast socket on 0.0.0.0:0, joined to 230.0.0.1:6666 with TTL 1
[2026.02.04-21.52.45:244][997]LogUdpMessaging: Warning: UDP messaging encountered an error. Auto repair routine started for reinitialization
[2026.02.04-21.52.47:100][  3]FUdpSocketBuilder: Failed to subscribe UdpMessageMulticastSocket to multicast group 230.0.0.1 on interface 0.0.0.0
[2026.02.04-21.52.47:100][  3]FUdpSocketBuilder: Failed to create and initialize socket UdpMessageMulticastSocket (last error: 0)
[2026.02.04-21.52.47:100][  3]LogUdpMessaging: Warning: StartTransport failed to create multicast socket on 0.0.0.0:0, joined to 230.0.0.1:6666 with TTL 1
[2026.02.04-21.52.47:257][  3]LogUdpMessaging: Warning: UDP messaging encountered an error. Auto repair routine started for reinitialization
[2026.02.04-21.52.49:117][  9]FUdpSocketBuilder: Failed to subscribe UdpMessageMulticastSocket to multicast group 230.0.0.1 on interface 0.0.0.0
[2026.02.04-21.52.49:117][  9]FUdpSocketBuilder: Failed to create and initialize socket UdpMessageMulticastSocket (last error: 0)
[2026.02.04-21.52.49:117][  9]LogUdpMessaging: Warning: StartTransport failed to create multicast socket on 0.0.0.0:0, joined to 230.0.0.1:6666 with TTL 1
[2026.02.04-21.52.49:275][  9]LogUdpMessaging: Warning: UDP messaging encountered an error. Auto repair routine started for reinitialization
[2026.02.04-21.52.51:133][ 15]FUdpSocketBuilder: Failed to subscribe UdpMessageMulticastSocket to multicast group 230.0.0.1 on interface 0.0.0.0
[2026.02.04-21.52.51:133][ 15]FUdpSocketBuilder: Failed to create and initialize socket UdpMessageMulticastSocket (last error: 0)
[2026.02.04-21.52.51:133][ 15]LogUdpMessaging: Warning: StartTransport failed to create multicast socket on 0.0.0.0:0, joined to 230.0.0.1:6666 with TTL 1
[2026.02.04-21.52.51:294][ 15]LogUdpMessaging: Warning: UDP messaging encountered an error. Auto repair routine started for reinitialization
[2026.02.04-21.52.53:149][ 21]FUdpSocketBuilder: Failed to subscribe UdpMessageMulticastSocket to multicast group 230.0.0.1 on interface 0.0.0.0
[2026.02.04-21.52.53:149][ 21]FUdpSocketBuilder: Failed to create and initialize socket UdpMessageMulticastSocket (last error: 0)
[2026.02.04-21.52.53:149][ 21]LogUdpMessaging: Warning: StartTransport failed to create multicast socket on 0.0.0.0:0, joined to 230.0.0.1:6666 with TTL 1
[2026.02.04-21.52.53:307][ 21]LogUdpMessaging: Warning: UDP messaging encountered an error. Auto repair routine started for reinitialization
[2026.02.04-21.52.55:166][ 27]FUdpSocketBuilder: Failed to subscribe UdpMessageMulticastSocket to multicast group 230.0.0.1 on interface 0.0.0.0
[2026.02.04-21.52.55:166][ 27]FUdpSocketBuilder: Failed to create and initialize socket UdpMessageMulticastSocket (last error: 0)
[2026.02.04-21.52.55:166][ 27]LogUdpMessaging: Warning: StartTransport failed to create multicast socket on 0.0.0.0:0, joined to 230.0.0.1:6666 with TTL 1
[2026.02.04-21.52.55:314][ 27]LogUdpMessaging: Warning: UDP messaging encountered an error. Auto repair routine started for reinitialization
[2026.02.04-21.52.57:182][ 33]FUdpSocketBuilder: Failed to subscribe UdpMessageMulticastSocket to multicast group 230.0.0.1 on interface 0.0.0.0
[2026.02.04-21.52.57:182][ 33]FUdpSocketBuilder: Failed to create and initialize socket UdpMessageMulticastSocket (last error: 0)
[2026.02.04-21.52.57:182][ 33]LogUdpMessaging: Warning: StartTransport failed to create multicast socket on 0.0.0.0:0, joined to 230.0.0.1:6666 with TTL 1
[2026.02.04-21.52.57:332][ 33]LogUdpMessaging: Warning: UDP messaging encountered an error. Auto repair routine started for reinitialization
[2026.02.04-21.52.59:202][ 39]FUdpSocketBuilder: Failed to subscribe UdpMessageMulticastSocket to multicast group 230.0.0.1 on interface 0.0.0.0
[2026.02.04-21.52.59:202][ 39]FUdpSocketBuilder: Failed to create and initialize socket UdpMessageMulticastSocket (last error: 0)
[2026.02.04-21.52.59:202][ 39]LogUdpMessaging: Warning: StartTransport failed to create multicast socket on 0.0.0.0:0, joined to 230.0.0.1:6666 with TTL 1
[2026.02.04-21.52.59:332][ 39]LogUdpMessaging: Warning: UDP messaging encountered an error. Auto repair routine started for reinitialization
[2026.02.04-21.53.01:219][ 45]FUdpSocketBuilder: Failed to subscribe UdpMessageMulticastSocket to multicast group 230.0.0.1 on interface 0.0.0.0
[2026.02.04-21.53.01:219][ 45]FUdpSocketBuilder: Failed to create and initialize socket UdpMessageMulticastSocket (last error: 0)
[2026.02.04-21.53.01:219][ 45]LogUdpMessaging: Warning: StartTransport failed to create multicast socket on 0.0.0.0:0, joined to 230.0.0.1:6666 with TTL 1
[2026.02.04-21.53.01:350][ 45]LogUdpMessaging: Warning: UDP messaging encountered an error. Auto repair routine started for reinitialization
[2026.02.04-21.53.03:233][ 51]FUdpSocketBuilder: Failed to subscribe UdpMessageMulticastSocket to multicast group 230.0.0.1 on interface 0.0.0.0
[2026.02.04-21.53.03:234][ 51]FUdpSocketBuilder: Failed to create and initialize socket UdpMessageMulticastSocket (last error: 0)
[2026.02.04-21.53.03:234][ 51]LogUdpMessaging: Warning: StartTransport failed to create multicast socket on 0.0.0.0:0, joined to 230.0.0.1:6666 with TTL 1
[2026.02.04-21.53.03:367][ 51]LogUdpMessaging: Warning: UDP messaging encountered an error. Auto repair routine started for reinitialization
[2026.02.04-21.53.05:247][ 57]FUdpSocketBuilder: Failed to subscribe UdpMessageMulticastSocket to multicast group 230.0.0.1 on interface 0.0.0.0
[2026.02.04-21.53.05:248][ 57]FUdpSocketBuilder: Failed to create and initialize socket UdpMessageMulticastSocket (last error: 0)
[2026.02.04-21.53.05:248][ 57]LogUdpMessaging: Warning: StartTransport failed to create multicast socket on 0.0.0.0:0, joined to 230.0.0.1:6666 with TTL 1
[2026.02.04-21.53.05:386][ 57]LogUdpMessaging: Warning: UDP messaging encountered an error. Auto repair routine started for reinitialization
[2026.02.04-21.53.07:264][ 63]FUdpSocketBuilder: Failed to subscribe UdpMessageMulticastSocket to multicast group 230.0.0.1 on interface 0.0.0.0
[2026.02.04-21.53.07:264][ 63]FUdpSocketBuilder: Failed to create and initialize socket UdpMessageMulticastSocket (last error: 0)
[2026.02.04-21.53.07:264][ 63]LogUdpMessaging: Warning: StartTransport failed to create multicast socket on 0.0.0.0:0, joined to 230.0.0.1:6666 with TTL 1
[2026.02.04-21.53.07:399][ 63]LogUdpMessaging: Warning: UDP messaging encountered an error. Auto repair routine started for reinitialization
[2026.02.04-21.53.09:280][ 69]FUdpSocketBuilder: Failed to subscribe UdpMessageMulticastSocket to multicast group 230.0.0.1 on interface 0.0.0.0
[2026.02.04-21.53.09:280][ 69]FUdpSocketBuilder: Failed to create and initialize socket UdpMessageMulticastSocket (last error: 0)
[2026.02.04-21.53.09:280][ 69]LogUdpMessaging: Warning: StartTransport failed to create multicast socket on 0.0.0.0:0, joined to 230.0.0.1:6666 with TTL 1
[2026.02.04-21.53.09:403][ 69]LogUdpMessaging: Warning: UDP messaging encountered an error. Auto repair routine started for reinitialization
[2026.02.04-21.53.11:197][ 75]FUdpSocketBuilder: Failed to subscribe UdpMessageMulticastSocket to multicast group 230.0.0.1 on interface 0.0.0.0
[2026.02.04-21.53.11:197][ 75]FUdpSocketBuilder: Failed to create and initialize socket UdpMessageMulticastSocket (last error: 0)
[2026.02.04-21.53.11:197][ 75]LogUdpMessaging: Warning: StartTransport failed to create multicast socket on 0.0.0.0:0, joined to 230.0.0.1:6666 with TTL 1
[2026.02.04-21.53.11:404][ 75]LogUdpMessaging: Warning: UDP messaging encountered an error. Auto repair routine started for reinitialization
[2026.02.04-21.53.13:215][ 81]FUdpSocketBuilder: Failed to subscribe UdpMessageMulticastSocket to multicast group 230.0.0.1 on interface 0.0.0.0
[2026.02.04-21.53.13:215][ 81]FUdpSocketBuilder: Failed to create and initialize socket UdpMessageMulticastSocket (last error: 0)
[2026.02.04-21.53.13:215][ 81]LogUdpMessaging: Warning: StartTransport failed to create multicast socket on 0.0.0.0:0, joined to 230.0.0.1:6666 with TTL 1
[2026.02.04-21.53.13:411][ 81]LogUdpMessaging: Warning: UDP messaging encountered an error. Auto repair routine started for reinitialization
[2026.02.04-21.53.15:230][ 87]FUdpSocketBuilder: Failed to subscribe UdpMessageMulticastSocket to multicast group 230.0.0.1 on interface 0.0.0.0
[2026.02.04-21.53.15:230][ 87]FUdpSocketBuilder: Failed to create and initialize socket UdpMessageMulticastSocket (last error: 0)
[2026.02.04-21.53.15:230][ 87]LogUdpMessaging: Warning: StartTransport failed to create multicast socket on 0.0.0.0:0, joined to 230.0.0.1:6666 with TTL 1
[2026.02.04-21.53.15:421][ 87]LogUdpMessaging: Warning: UDP messaging encountered an error. Auto repair routine started for reinitialization
[2026.02.04-21.53.17:245][ 93]FUdpSocketBuilder: Failed to subscribe UdpMessageMulticastSocket to multicast group 230.0.0.1 on interface 0.0.0.0
[2026.02.04-21.53.17:245][ 93]FUdpSocketBuilder: Failed to create and initialize socket UdpMessageMulticastSocket (last error: 0)
[2026.02.04-21.53.17:245][ 93]LogUdpMessaging: Warning: StartTransport failed to create multicast socket on 0.0.0.0:0, joined to 230.0.0.1:6666 with TTL 1
[2026.02.04-21.53.17:442][ 93]LogUdpMessaging: Warning: UDP messaging encountered an error. Auto repair routine started for reinitialization
[2026.02.04-21.53.19:259][ 99]FUdpSocketBuilder: Failed to subscribe UdpMessageMulticastSocket to multicast group 230.0.0.1 on interface 0.0.0.0
[2026.02.04-21.53.19:259][ 99]FUdpSocketBuilder: Failed to create and initialize socket UdpMessageMulticastSocket (last error: 0)
[2026.02.04-21.53.19:259][ 99]LogUdpMessaging: Warning: StartTransport failed to create multicast socket on 0.0.0.0:0, joined to 230.0.0.1:6666 with TTL 1
[2026.02.04-21.53.19:463][ 99]LogUdpMessaging: Warning: UDP messaging encountered an error. Auto repair routine started for reinitialization
[2026.02.04-21.53.21:272][105]FUdpSocketBuilder: Failed to subscribe UdpMessageMulticastSocket to multicast group 230.0.0.1 on interface 0.0.0.0
[2026.02.04-21.53.21:272][105]FUdpSocketBuilder: Failed to create and initialize socket UdpMessageMulticastSocket (last error: 0)
[2026.02.04-21.53.21:272][105]LogUdpMessaging: Warning: StartTransport failed to create multicast socket on 0.0.0.0:0, joined to 230.0.0.1:6666 with TTL 1
[2026.02.04-21.53.21:478][105]LogUdpMessaging: Warning: UDP messaging encountered an error. Auto repair routine started for reinitialization
[2026.02.04-21.53.23:288][111]FUdpSocketBuilder: Failed to subscribe UdpMessageMulticastSocket to multicast group 230.0.0.1 on interface 0.0.0.0
[2026.02.04-21.53.23:288][111]FUdpSocketBuilder: Failed to create and initialize socket UdpMessageMulticastSocket (last error: 0)
[2026.02.04-21.53.23:288][111]LogUdpMessaging: Warning: StartTransport failed to create multicast socket on 0.0.0.0:0, joined to 230.0.0.1:6666 with TTL 1
[2026.02.04-21.53.23:494][111]LogUdpMessaging: Warning: UDP messaging encountered an error. Auto repair routine started for reinitialization
[2026.02.04-21.53.25:301][117]FUdpSocketBuilder: Failed to subscribe UdpMessageMulticastSocket to multicast group 230.0.0.1 on interface 0.0.0.0
[2026.02.04-21.53.25:301][117]FUdpSocketBuilder: Failed to create and initialize socket UdpMessageMulticastSocket (last error: 0)
[2026.02.04-21.53.25:301][117]LogUdpMessaging: Warning: StartTransport failed to create multicast socket on 0.0.0.0:0, joined to 230.0.0.1:6666 with TTL 1
[2026.02.04-21.53.25:499][117]LogUdpMessaging: Warning: UDP messaging encountered an error. Auto repair routine started for reinitialization
[2026.02.04-21.53.27:318][142]FUdpSocketBuilder: Failed to subscribe UdpMessageMulticastSocket to multicast group 230.0.0.1 on interface 0.0.0.0
[2026.02.04-21.53.27:318][142]FUdpSocketBuilder: Failed to create and initialize socket UdpMessageMulticastSocket (last error: 0)
[2026.02.04-21.53.27:318][142]LogUdpMessaging: Warning: StartTransport failed to create multicast socket on 0.0.0.0:0, joined to 230.0.0.1:6666 with TTL 1
[2026.02.04-21.53.27:332][143]LogUdpMessaging: Warning: UDP messaging encountered an error. Auto repair routine started for reinitialization
[2026.02.04-21.53.27:343][143]LogSlate: Took 0.000359 seconds to synchronously load lazily loaded font '../../../Engine/Content/Slate/Fonts/Roboto-Italic.ttf' (157K)
[2026.02.04-21.53.29:336][254]FUdpSocketBuilder: Failed to subscribe UdpMessageMulticastSocket to multicast group 230.0.0.1 on interface 0.0.0.0
[2026.02.04-21.53.29:336][254]FUdpSocketBuilder: Failed to create and initialize socket UdpMessageMulticastSocket (last error: 0)
[2026.02.04-21.53.29:336][254]LogUdpMessaging: Warning: StartTransport failed to create multicast socket on 0.0.0.0:0, joined to 230.0.0.1:6666 with TTL 1
[2026.02.04-21.53.29:356][255]LogUdpMessaging: Warning: UDP messaging encountered an error. Auto repair routine started for reinitialization
[2026.02.04-21.53.31:451][375]FUdpSocketBuilder: Failed to subscribe UdpMessageMulticastSocket to multicast group 230.0.0.1 on interface 0.0.0.0
[2026.02.04-21.53.31:451][375]FUdpSocketBuilder: Failed to create and initialize socket UdpMessageMulticastSocket (last error: 0)
[2026.02.04-21.53.31:451][375]LogUdpMessaging: Warning: StartTransport failed to create multicast socket on 0.0.0.0:0, joined to 230.0.0.1:6666 with TTL 1
[2026.02.04-21.53.31:473][376]LogUdpMessaging: Warning: UDP messaging encountered an error. Auto repair routine started for reinitialization
[2026.02.04-21.53.33:565][496]FUdpSocketBuilder: Failed to subscribe UdpMessageMulticastSocket to multicast group 230.0.0.1 on interface 0.0.0.0
[2026.02.04-21.53.33:565][496]FUdpSocketBuilder: Failed to create and initialize socket UdpMessageMulticastSocket (last error: 0)
[2026.02.04-21.53.33:565][496]LogUdpMessaging: Warning: StartTransport failed to create multicast socket on 0.0.0.0:0, joined to 230.0.0.1:6666 with TTL 1
[2026.02.04-21.53.33:585][497]LogUdpMessaging: Warning: UDP messaging encountered an error. Auto repair routine started for reinitialization
[2026.02.04-21.53.34:775][541]FUdpSocketBuilder: Failed to subscribe UdpMessageMulticastSocket to multicast group 230.0.0.1 on interface 0.0.0.0
[2026.02.04-21.53.34:775][541]FUdpSocketBuilder: Failed to create and initialize socket UdpMessageMulticastSocket (last error: 0)
[2026.02.04-21.53.34:775][541]LogUdpMessaging: Warning: StartTransport failed to create multicast socket on 0.0.0.0:0, joined to 230.0.0.1:6666 with TTL 1
[2026.02.04-21.53.34:964][541]LogUdpMessaging: Warning: UDP messaging encountered an error. Auto repair routine started for reinitialization
[2026.02.04-21.53.36:791][547]FUdpSocketBuilder: Failed to subscribe UdpMessageMulticastSocket to multicast group 230.0.0.1 on interface 0.0.0.0
[2026.02.04-21.53.36:791][547]FUdpSocketBuilder: Failed to create and initialize socket UdpMessageMulticastSocket (last error: 0)
[2026.02.04-21.53.36:792][547]LogUdpMessaging: Warning: StartTransport failed to create multicast socket on 0.0.0.0:0, joined to 230.0.0.1:6666 with TTL 1
[2026.02.04-21.53.36:981][547]LogUdpMessaging: Warning: UDP messaging encountered an error. Auto repair routine started for reinitialization
[2026.02.04-21.53.38:809][553]FUdpSocketBuilder: Failed to subscribe UdpMessageMulticastSocket to multicast group 230.0.0.1 on interface 0.0.0.0
[2026.02.04-21.53.38:809][553]FUdpSocketBuilder: Failed to create and initialize socket UdpMessageMulticastSocket (last error: 0)
[2026.02.04-21.53.38:809][553]LogUdpMessaging: Warning: StartTransport failed to create multicast socket on 0.0.0.0:0, joined to 230.0.0.1:6666 with TTL 1
[2026.02.04-21.53.39:002][553]LogUdpMessaging: Warning: UDP messaging encountered an error. Auto repair routine started for reinitialization
[2026.02.04-21.53.40:823][559]FUdpSocketBuilder: Failed to subscribe UdpMessageMulticastSocket to multicast group 230.0.0.1 on interface 0.0.0.0
[2026.02.04-21.53.40:823][559]FUdpSocketBuilder: Failed to create and initialize socket UdpMessageMulticastSocket (last error: 0)
[2026.02.04-21.53.40:824][559]LogUdpMessaging: Warning: StartTransport failed to create multicast socket on 0.0.0.0:0, joined to 230.0.0.1:6666 with TTL 1
[2026.02.04-21.53.41:017][559]LogUdpMessaging: Warning: UDP messaging encountered an error. Auto repair routine started for reinitialization
[2026.02.04-21.53.42:840][565]FUdpSocketBuilder: Failed to subscribe UdpMessageMulticastSocket to multicast group 230.0.0.1 on interface 0.0.0.0
[2026.02.04-21.53.42:840][565]FUdpSocketBuilder: Failed to create and initialize socket UdpMessageMulticastSocket (last error: 0)
[2026.02.04-21.53.42:840][565]LogUdpMessaging: Warning: StartTransport failed to create multicast socket on 0.0.0.0:0, joined to 230.0.0.1:6666 with TTL 1
[2026.02.04-21.53.43:030][565]LogUdpMessaging: Warning: UDP messaging encountered an error. Auto repair routine started for reinitialization
[2026.02.04-21.53.44:042][605]LogAssetEditorSubsystem: Opening Asset editor for Blueprint /Game/BluePrintClass/BP_PLAYER.BP_PLAYER
[2026.02.04-21.53.44:125][605]LogNativeClassHierarchy: Verbose: Native class hierarchy updated for 'BlueprintGraph' in 0.0003 seconds. Added 126 classes and 0 folders.
[2026.02.04-21.53.44:578][605]LogSlate: Took 0.000258 seconds to synchronously load lazily loaded font '../../../Engine/Content/Slate/Fonts/Roboto-BoldCondensed.ttf' (158K)
[2026.02.04-21.53.44:854][613]FUdpSocketBuilder: Failed to subscribe UdpMessageMulticastSocket to multicast group 230.0.0.1 on interface 0.0.0.0
[2026.02.04-21.53.44:854][613]FUdpSocketBuilder: Failed to create and initialize socket UdpMessageMulticastSocket (last error: 0)
[2026.02.04-21.53.44:854][613]LogUdpMessaging: Warning: StartTransport failed to create multicast socket on 0.0.0.0:0, joined to 230.0.0.1:6666 with TTL 1
[2026.02.04-21.53.44:876][614]LogUdpMessaging: Warning: UDP messaging encountered an error. Auto repair routine started for reinitialization
[2026.02.04-21.53.47:074][734]FUdpSocketBuilder: Failed to subscribe UdpMessageMulticastSocket to multicast group 230.0.0.1 on interface 0.0.0.0
[2026.02.04-21.53.47:074][734]FUdpSocketBuilder: Failed to create and initialize socket UdpMessageMulticastSocket (last error: 0)
[2026.02.04-21.53.47:074][734]LogUdpMessaging: Warning: StartTransport failed to create multicast socket on 0.0.0.0:0, joined to 230.0.0.1:6666 with TTL 1
[2026.02.04-21.53.47:094][735]LogUdpMessaging: Warning: UDP messaging encountered an error. Auto repair routine started for reinitialization
[2026.02.04-21.53.48:288][793]FUdpSocketBuilder: Failed to subscribe UdpMessageMulticastSocket to multicast group 230.0.0.1 on interface 0.0.0.0
[2026.02.04-21.53.48:288][793]FUdpSocketBuilder: Failed to create and initialize socket UdpMessageMulticastSocket (last error: 0)
[2026.02.04-21.53.48:288][793]LogUdpMessaging: Warning: StartTransport failed to create multicast socket on 0.0.0.0:0, joined to 230.0.0.1:6666 with TTL 1
[2026.02.04-21.53.48:307][794]LogUdpMessaging: Warning: UDP messaging encountered an error. Auto repair routine started for reinitialization
[2026.02.04-21.53.50:307][902]FUdpSocketBuilder: Failed to subscribe UdpMessageMulticastSocket to multicast group 230.0.0.1 on interface 0.0.0.0
[2026.02.04-21.53.50:307][902]FUdpSocketBuilder: Failed to create and initialize socket UdpMessageMulticastSocket (last error: 0)
[2026.02.04-21.53.50:307][902]LogUdpMessaging: Warning: StartTransport failed to create multicast socket on 0.0.0.0:0, joined to 230.0.0.1:6666 with TTL 1
[2026.02.04-21.53.50:321][903]LogUdpMessaging: Warning: UDP messaging encountered an error. Auto repair routine started for reinitialization
[2026.02.04-21.53.52:322][ 12]FUdpSocketBuilder: Failed to subscribe UdpMessageMulticastSocket to multicast group 230.0.0.1 on interface 0.0.0.0
[2026.02.04-21.53.52:322][ 12]FUdpSocketBuilder: Failed to create and initialize socket UdpMessageMulticastSocket (last error: 0)
[2026.02.04-21.53.52:322][ 12]LogUdpMessaging: Warning: StartTransport failed to create multicast socket on 0.0.0.0:0, joined to 230.0.0.1:6666 with TTL 1
[2026.02.04-21.53.52:347][ 13]LogUdpMessaging: Warning: UDP messaging encountered an error. Auto repair routine started for reinitialization
[2026.02.04-21.53.53:738][ 52]FUdpSocketBuilder: Failed to subscribe UdpMessageMulticastSocket to multicast group 230.0.0.1 on interface 0.0.0.0
[2026.02.04-21.53.53:738][ 52]FUdpSocketBuilder: Failed to create and initialize socket UdpMessageMulticastSocket (last error: 0)
[2026.02.04-21.53.53:738][ 52]LogUdpMessaging: Warning: StartTransport failed to create multicast socket on 0.0.0.0:0, joined to 230.0.0.1:6666 with TTL 1
[2026.02.04-21.53.53:957][ 52]LogUdpMessaging: Warning: UDP messaging encountered an error. Auto repair routine started for reinitialization
[2026.02.04-21.53.55:751][ 58]FUdpSocketBuilder: Failed to subscribe UdpMessageMulticastSocket to multicast group 230.0.0.1 on interface 0.0.0.0
[2026.02.04-21.53.55:751][ 58]FUdpSocketBuilder: Failed to create and initialize socket UdpMessageMulticastSocket (last error: 0)
[2026.02.04-21.53.55:751][ 58]LogUdpMessaging: Warning: StartTransport failed to create multicast socket on 0.0.0.0:0, joined to 230.0.0.1:6666 with TTL 1
[2026.02.04-21.53.55:977][ 58]LogUdpMessaging: Warning: UDP messaging encountered an error. Auto repair routine started for reinitialization
[2026.02.04-21.53.57:767][ 64]FUdpSocketBuilder: Failed to subscribe UdpMessageMulticastSocket to multicast group 230.0.0.1 on interface 0.0.0.0
[2026.02.04-21.53.57:767][ 64]FUdpSocketBuilder: Failed to create and initialize socket UdpMessageMulticastSocket (last error: 0)
[2026.02.04-21.53.57:767][ 64]LogUdpMessaging: Warning: StartTransport failed to create multicast socket on 0.0.0.0:0, joined to 230.0.0.1:6666 with TTL 1
[2026.02.04-21.53.57:788][ 65]LogUdpMessaging: Warning: UDP messaging encountered an error. Auto repair routine started for reinitialization
[2026.02.04-21.54.00:186][142]FUdpSocketBuilder: Failed to subscribe UdpMessageMulticastSocket to multicast group 230.0.0.1 on interface 0.0.0.0
[2026.02.04-21.54.00:186][142]FUdpSocketBuilder: Failed to create and initialize socket UdpMessageMulticastSocket (last error: 0)
[2026.02.04-21.54.00:186][142]LogUdpMessaging: Warning: StartTransport failed to create multicast socket on 0.0.0.0:0, joined to 230.0.0.1:6666 with TTL 1
[2026.02.04-21.54.00:354][142]LogUdpMessaging: Warning: UDP messaging encountered an error. Auto repair routine started for reinitialization
[2026.02.04-21.54.02:204][148]FUdpSocketBuilder: Failed to subscribe UdpMessageMulticastSocket to multicast group 230.0.0.1 on interface 0.0.0.0
[2026.02.04-21.54.02:204][148]FUdpSocketBuilder: Failed to create and initialize socket UdpMessageMulticastSocket (last error: 0)
[2026.02.04-21.54.02:204][148]LogUdpMessaging: Warning: StartTransport failed to create multicast socket on 0.0.0.0:0, joined to 230.0.0.1:6666 with TTL 1
[2026.02.04-21.54.02:356][148]LogUdpMessaging: Warning: UDP messaging encountered an error. Auto repair routine started for reinitialization
[2026.02.04-21.54.04:223][154]FUdpSocketBuilder: Failed to subscribe UdpMessageMulticastSocket to multicast group 230.0.0.1 on interface 0.0.0.0
[2026.02.04-21.54.04:223][154]FUdpSocketBuilder: Failed to create and initialize socket UdpMessageMulticastSocket (last error: 0)
[2026.02.04-21.54.04:224][154]LogUdpMessaging: Warning: StartTransport failed to create multicast socket on 0.0.0.0:0, joined to 230.0.0.1:6666 with TTL 1
[2026.02.04-21.54.04:370][154]LogUdpMessaging: Warning: UDP messaging encountered an error. Auto repair routine started for reinitialization
[2026.02.04-21.54.06:242][160]FUdpSocketBuilder: Failed to subscribe UdpMessageMulticastSocket to multicast group 230.0.0.1 on interface 0.0.0.0
[2026.02.04-21.54.06:243][160]FUdpSocketBuilder: Failed to create and initialize socket UdpMessageMulticastSocket (last error: 0)
[2026.02.04-21.54.06:243][160]LogUdpMessaging: Warning: StartTransport failed to create multicast socket on 0.0.0.0:0, joined to 230.0.0.1:6666 with TTL 1
[2026.02.04-21.54.06:380][160]LogUdpMessaging: Warning: UDP messaging encountered an error. Auto repair routine started for reinitialization
[2026.02.04-21.54.08:166][166]FUdpSocketBuilder: Failed to subscribe UdpMessageMulticastSocket to multicast group 230.0.0.1 on interface 0.0.0.0
[2026.02.04-21.54.08:167][166]FUdpSocketBuilder: Failed to create and initialize socket UdpMessageMulticastSocket (last error: 0)
[2026.02.04-21.54.08:167][166]LogUdpMessaging: Warning: StartTransport failed to create multicast socket on 0.0.0.0:0, joined to 230.0.0.1:6666 with TTL 1
[2026.02.04-21.54.08:382][166]LogUdpMessaging: Warning: UDP messaging encountered an error. Auto repair routine started for reinitialization
[2026.02.04-21.54.10:185][172]FUdpSocketBuilder: Failed to subscribe UdpMessageMulticastSocket to multicast group 230.0.0.1 on interface 0.0.0.0
[2026.02.04-21.54.10:185][172]FUdpSocketBuilder: Failed to create and initialize socket UdpMessageMulticastSocket (last error: 0)
[2026.02.04-21.54.10:185][172]LogUdpMessaging: Warning: StartTransport failed to create multicast socket on 0.0.0.0:0, joined to 230.0.0.1:6666 with TTL 1
[2026.02.04-21.54.10:382][172]LogUdpMessaging: Warning: UDP messaging encountered an error. Auto repair routine started for reinitialization
[2026.02.04-21.54.12:201][178]FUdpSocketBuilder: Failed to subscribe UdpMessageMulticastSocket to multicast group 230.0.0.1 on interface 0.0.0.0
[2026.02.04-21.54.12:201][178]FUdpSocketBuilder: Failed to create and initialize socket UdpMessageMulticastSocket (last error: 0)
[2026.02.04-21.54.12:201][178]LogUdpMessaging: Warning: StartTransport failed to create multicast socket on 0.0.0.0:0, joined to 230.0.0.1:6666 with TTL 1
[2026.02.04-21.54.12:395][178]LogUdpMessaging: Warning: UDP messaging encountered an error. Auto repair routine started for reinitialization
[2026.02.04-21.54.14:223][184]FUdpSocketBuilder: Failed to subscribe UdpMessageMulticastSocket to multicast group 230.0.0.1 on interface 0.0.0.0
[2026.02.04-21.54.14:223][184]FUdpSocketBuilder: Failed to create and initialize socket UdpMessageMulticastSocket (last error: 0)
[2026.02.04-21.54.14:223][184]LogUdpMessaging: Warning: StartTransport failed to create multicast socket on 0.0.0.0:0, joined to 230.0.0.1:6666 with TTL 1
[2026.02.04-21.54.14:398][184]LogUdpMessaging: Warning: UDP messaging encountered an error. Auto repair routine started for reinitialization
[2026.02.04-21.54.16:241][190]FUdpSocketBuilder: Failed to subscribe UdpMessageMulticastSocket to multicast group 230.0.0.1 on interface 0.0.0.0
[2026.02.04-21.54.16:241][190]FUdpSocketBuilder: Failed to create and initialize socket UdpMessageMulticastSocket (last error: 0)
[2026.02.04-21.54.16:241][190]LogUdpMessaging: Warning: StartTransport failed to create multicast socket on 0.0.0.0:0, joined to 230.0.0.1:6666 with TTL 1
[2026.02.04-21.54.16:411][190]LogUdpMessaging: Warning: UDP messaging encountered an error. Auto repair routine started for reinitialization
[2026.02.04-21.54.18:259][196]FUdpSocketBuilder: Failed to subscribe UdpMessageMulticastSocket to multicast group 230.0.0.1 on interface 0.0.0.0
[2026.02.04-21.54.18:259][196]FUdpSocketBuilder: Failed to create and initialize socket UdpMessageMulticastSocket (last error: 0)
[2026.02.04-21.54.18:259][196]LogUdpMessaging: Warning: StartTransport failed to create multicast socket on 0.0.0.0:0, joined to 230.0.0.1:6666 with TTL 1
[2026.02.04-21.54.18:433][196]LogUdpMessaging: Warning: UDP messaging encountered an error. Auto repair routine started for reinitialization
[2026.02.04-21.54.20:274][202]FUdpSocketBuilder: Failed to subscribe UdpMessageMulticastSocket to multicast group 230.0.0.1 on interface 0.0.0.0
[2026.02.04-21.54.20:274][202]FUdpSocketBuilder: Failed to create and initialize socket UdpMessageMulticastSocket (last error: 0)
[2026.02.04-21.54.20:274][202]LogUdpMessaging: Warning: StartTransport failed to create multicast socket on 0.0.0.0:0, joined to 230.0.0.1:6666 with TTL 1
[2026.02.04-21.54.20:436][202]LogUdpMessaging: Warning: UDP messaging encountered an error. Auto repair routine started for reinitialization
[2026.02.04-21.54.22:290][208]FUdpSocketBuilder: Failed to subscribe UdpMessageMulticastSocket to multicast group 230.0.0.1 on interface 0.0.0.0
[2026.02.04-21.54.22:290][208]FUdpSocketBuilder: Failed to create and initialize socket UdpMessageMulticastSocket (last error: 0)
[2026.02.04-21.54.22:290][208]LogUdpMessaging: Warning: StartTransport failed to create multicast socket on 0.0.0.0:0, joined to 230.0.0.1:6666 with TTL 1
[2026.02.04-21.54.22:446][208]LogUdpMessaging: Warning: UDP messaging encountered an error. Auto repair routine started for reinitialization
[2026.02.04-21.54.23:153][210]LogUObjectHash: Compacting FUObjectHashTables data took   1.55ms
[2026.02.04-21.54.23:155][210]LogFileHelpers: Editor autosave (incl. external actors) for '/Game/Levels/Main' took 0.016
[2026.02.04-21.54.23:156][210]OBJ SavePackage: Generating thumbnails for [2] asset(s) in package [/Game/BluePrintClass/BP_PLAYER] ([2] browsable assets)...
[2026.02.04-21.54.23:173][210]OBJ SavePackage:     Rendered thumbnail for [BlueprintGeneratedClass /Game/BluePrintClass/BP_PLAYER.BP_PLAYER_C]
[2026.02.04-21.54.23:177][210]OBJ SavePackage:     Rendered thumbnail for [Blueprint /Game/BluePrintClass/BP_PLAYER.BP_PLAYER]
[2026.02.04-21.54.23:177][210]OBJ SavePackage: Finished generating thumbnails for package [/Game/BluePrintClass/BP_PLAYER]
[2026.02.04-21.54.23:206][210]LogSavePackage: Moving '../../../../../Repozytoria/UE 4.27/KZ_TopDownShooter/TopDownAC/Saved/BP_PLAYER_Auto1FB111B30439BE1D29199FCA3F300B21F.tmp' to '../../../../../Repozytoria/UE 4.27/KZ_TopDownShooter/TopDownAC/Saved/Autosaves/Game/BluePrintClass/BP_PLAYER_Auto1.uasset'
[2026.02.04-21.54.23:208][210]LogFileHelpers: Auto-saving content packages took 0.052
[2026.02.04-21.54.24:304][214]FUdpSocketBuilder: Failed to subscribe UdpMessageMulticastSocket to multicast group 230.0.0.1 on interface 0.0.0.0
[2026.02.04-21.54.24:304][214]FUdpSocketBuilder: Failed to create and initialize socket UdpMessageMulticastSocket (last error: 0)
[2026.02.04-21.54.24:304][214]LogUdpMessaging: Warning: StartTransport failed to create multicast socket on 0.0.0.0:0, joined to 230.0.0.1:6666 with TTL 1
[2026.02.04-21.54.24:454][214]LogUdpMessaging: Warning: UDP messaging encountered an error. Auto repair routine started for reinitialization
[2026.02.04-21.54.26:321][220]FUdpSocketBuilder: Failed to subscribe UdpMessageMulticastSocket to multicast group 230.0.0.1 on interface 0.0.0.0
[2026.02.04-21.54.26:321][220]FUdpSocketBuilder: Failed to create and initialize socket UdpMessageMulticastSocket (last error: 0)
[2026.02.04-21.54.26:321][220]LogUdpMessaging: Warning: StartTransport failed to create multicast socket on 0.0.0.0:0, joined to 230.0.0.1:6666 with TTL 1
[2026.02.04-21.54.26:467][220]LogUdpMessaging: Warning: UDP messaging encountered an error. Auto repair routine started for reinitialization
[2026.02.04-21.54.28:337][226]FUdpSocketBuilder: Failed to subscribe UdpMessageMulticastSocket to multicast group 230.0.0.1 on interface 0.0.0.0
[2026.02.04-21.54.28:337][226]FUdpSocketBuilder: Failed to create and initialize socket UdpMessageMulticastSocket (last error: 0)
[2026.02.04-21.54.28:337][226]LogUdpMessaging: Warning: StartTransport failed to create multicast socket on 0.0.0.0:0, joined to 230.0.0.1:6666 with TTL 1
[2026.02.04-21.54.28:474][226]LogUdpMessaging: Warning: UDP messaging encountered an error. Auto repair routine started for reinitialization
[2026.02.04-21.54.30:352][232]FUdpSocketBuilder: Failed to subscribe UdpMessageMulticastSocket to multicast group 230.0.0.1 on interface 0.0.0.0
[2026.02.04-21.54.30:352][232]FUdpSocketBuilder: Failed to create and initialize socket UdpMessageMulticastSocket (last error: 0)
[2026.02.04-21.54.30:352][232]LogUdpMessaging: Warning: StartTransport failed to create multicast socket on 0.0.0.0:0, joined to 230.0.0.1:6666 with TTL 1
[2026.02.04-21.54.30:490][232]LogUdpMessaging: Warning: UDP messaging encountered an error. Auto repair routine started for reinitialization
[2026.02.04-21.54.32:266][238]FUdpSocketBuilder: Failed to subscribe UdpMessageMulticastSocket to multicast group 230.0.0.1 on interface 0.0.0.0
[2026.02.04-21.54.32:266][238]FUdpSocketBuilder: Failed to create and initialize socket UdpMessageMulticastSocket (last error: 0)
[2026.02.04-21.54.32:266][238]LogUdpMessaging: Warning: StartTransport failed to create multicast socket on 0.0.0.0:0, joined to 230.0.0.1:6666 with TTL 1
[2026.02.04-21.54.32:499][238]LogUdpMessaging: Warning: UDP messaging encountered an error. Auto repair routine started for reinitialization
[2026.02.04-21.54.34:281][263]FUdpSocketBuilder: Failed to subscribe UdpMessageMulticastSocket to multicast group 230.0.0.1 on interface 0.0.0.0
[2026.02.04-21.54.34:281][263]FUdpSocketBuilder: Failed to create and initialize socket UdpMessageMulticastSocket (last error: 0)
[2026.02.04-21.54.34:281][263]LogUdpMessaging: Warning: StartTransport failed to create multicast socket on 0.0.0.0:0, joined to 230.0.0.1:6666 with TTL 1
[2026.02.04-21.54.34:303][264]LogUdpMessaging: Warning: UDP messaging encountered an error. Auto repair routine started for reinitialization
[2026.02.04-21.54.36:501][384]FUdpSocketBuilder: Failed to subscribe UdpMessageMulticastSocket to multicast group 230.0.0.1 on interface 0.0.0.0
[2026.02.04-21.54.36:501][384]FUdpSocketBuilder: Failed to create and initialize socket UdpMessageMulticastSocket (last error: 0)
[2026.02.04-21.54.36:501][384]LogUdpMessaging: Warning: StartTransport failed to create multicast socket on 0.0.0.0:0, joined to 230.0.0.1:6666 with TTL 1
[2026.02.04-21.54.36:516][385]LogUdpMessaging: Warning: UDP messaging encountered an error. Auto repair routine started for reinitialization
[2026.02.04-21.54.38:423][493]FUdpSocketBuilder: Failed to subscribe UdpMessageMulticastSocket to multicast group 230.0.0.1 on interface 0.0.0.0
[2026.02.04-21.54.38:423][493]FUdpSocketBuilder: Failed to create and initialize socket UdpMessageMulticastSocket (last error: 0)
[2026.02.04-21.54.38:423][493]LogUdpMessaging: Warning: StartTransport failed to create multicast socket on 0.0.0.0:0, joined to 230.0.0.1:6666 with TTL 1
[2026.02.04-21.54.38:447][494]LogUdpMessaging: Warning: UDP messaging encountered an error. Auto repair routine started for reinitialization
[2026.02.04-21.54.40:638][614]FUdpSocketBuilder: Failed to subscribe UdpMessageMulticastSocket to multicast group 230.0.0.1 on interface 0.0.0.0
[2026.02.04-21.54.40:638][614]FUdpSocketBuilder: Failed to create and initialize socket UdpMessageMulticastSocket (last error: 0)
[2026.02.04-21.54.40:638][614]LogUdpMessaging: Warning: StartTransport failed to create multicast socket on 0.0.0.0:0, joined to 230.0.0.1:6666 with TTL 1
[2026.02.04-21.54.40:657][615]LogUdpMessaging: Warning: UDP messaging encountered an error. Auto repair routine started for reinitialization
[2026.02.04-21.54.42:754][735]FUdpSocketBuilder: Failed to subscribe UdpMessageMulticastSocket to multicast group 230.0.0.1 on interface 0.0.0.0
[2026.02.04-21.54.42:754][735]FUdpSocketBuilder: Failed to create and initialize socket UdpMessageMulticastSocket (last error: 0)
[2026.02.04-21.54.42:754][735]LogUdpMessaging: Warning: StartTransport failed to create multicast socket on 0.0.0.0:0, joined to 230.0.0.1:6666 with TTL 1
[2026.02.04-21.54.42:775][736]LogUdpMessaging: Warning: UDP messaging encountered an error. Auto repair routine started for reinitialization
[2026.02.04-21.54.43:968][782]FUdpSocketBuilder: Failed to subscribe UdpMessageMulticastSocket to multicast group 230.0.0.1 on interface 0.0.0.0
[2026.02.04-21.54.43:968][782]FUdpSocketBuilder: Failed to create and initialize socket UdpMessageMulticastSocket (last error: 0)
[2026.02.04-21.54.43:968][782]LogUdpMessaging: Warning: StartTransport failed to create multicast socket on 0.0.0.0:0, joined to 230.0.0.1:6666 with TTL 1
[2026.02.04-21.54.44:186][782]LogUdpMessaging: Warning: UDP messaging encountered an error. Auto repair routine started for reinitialization
[2026.02.04-21.54.45:983][788]FUdpSocketBuilder: Failed to subscribe UdpMessageMulticastSocket to multicast group 230.0.0.1 on interface 0.0.0.0
[2026.02.04-21.54.45:983][788]FUdpSocketBuilder: Failed to create and initialize socket UdpMessageMulticastSocket (last error: 0)
[2026.02.04-21.54.45:983][788]LogUdpMessaging: Warning: StartTransport failed to create multicast socket on 0.0.0.0:0, joined to 230.0.0.1:6666 with TTL 1
[2026.02.04-21.54.46:197][788]LogUdpMessaging: Warning: UDP messaging encountered an error. Auto repair routine started for reinitialization
[2026.02.04-21.54.47:997][794]FUdpSocketBuilder: Failed to subscribe UdpMessageMulticastSocket to multicast group 230.0.0.1 on interface 0.0.0.0
[2026.02.04-21.54.47:997][794]FUdpSocketBuilder: Failed to create and initialize socket UdpMessageMulticastSocket (last error: 0)
[2026.02.04-21.54.47:997][794]LogUdpMessaging: Warning: StartTransport failed to create multicast socket on 0.0.0.0:0, joined to 230.0.0.1:6666 with TTL 1
[2026.02.04-21.54.48:206][794]LogUdpMessaging: Warning: UDP messaging encountered an error. Auto repair routine started for reinitialization
[2026.02.04-21.54.50:009][800]FUdpSocketBuilder: Failed to subscribe UdpMessageMulticastSocket to multicast group 230.0.0.1 on interface 0.0.0.0
[2026.02.04-21.54.50:009][800]FUdpSocketBuilder: Failed to create and initialize socket UdpMessageMulticastSocket (last error: 0)
[2026.02.04-21.54.50:009][800]LogUdpMessaging: Warning: StartTransport failed to create multicast socket on 0.0.0.0:0, joined to 230.0.0.1:6666 with TTL 1
[2026.02.04-21.54.50:213][800]LogUdpMessaging: Warning: UDP messaging encountered an error. Auto repair routine started for reinitialization
[2026.02.04-21.54.52:024][806]FUdpSocketBuilder: Failed to subscribe UdpMessageMulticastSocket to multicast group 230.0.0.1 on interface 0.0.0.0
[2026.02.04-21.54.52:024][806]FUdpSocketBuilder: Failed to create and initialize socket UdpMessageMulticastSocket (last error: 0)
[2026.02.04-21.54.52:024][806]LogUdpMessaging: Warning: StartTransport failed to create multicast socket on 0.0.0.0:0, joined to 230.0.0.1:6666 with TTL 1
[2026.02.04-21.54.52:230][806]LogUdpMessaging: Warning: UDP messaging encountered an error. Auto repair routine started for reinitialization
[2026.02.04-21.54.54:040][812]FUdpSocketBuilder: Failed to subscribe UdpMessageMulticastSocket to multicast group 230.0.0.1 on interface 0.0.0.0
[2026.02.04-21.54.54:040][812]FUdpSocketBuilder: Failed to create and initialize socket UdpMessageMulticastSocket (last error: 0)
[2026.02.04-21.54.54:040][812]LogUdpMessaging: Warning: StartTransport failed to create multicast socket on 0.0.0.0:0, joined to 230.0.0.1:6666 with TTL 1
[2026.02.04-21.54.54:242][812]LogUdpMessaging: Warning: UDP messaging encountered an error. Auto repair routine started for reinitialization
[2026.02.04-21.54.56:057][855]FUdpSocketBuilder: Failed to subscribe UdpMessageMulticastSocket to multicast group 230.0.0.1 on interface 0.0.0.0
[2026.02.04-21.54.56:057][855]FUdpSocketBuilder: Failed to create and initialize socket UdpMessageMulticastSocket (last error: 0)
[2026.02.04-21.54.56:057][855]LogUdpMessaging: Warning: StartTransport failed to create multicast socket on 0.0.0.0:0, joined to 230.0.0.1:6666 with TTL 1
[2026.02.04-21.54.56:079][856]LogUdpMessaging: Warning: UDP messaging encountered an error. Auto repair routine started for reinitialization
[2026.02.04-21.54.58:171][976]FUdpSocketBuilder: Failed to subscribe UdpMessageMulticastSocket to multicast group 230.0.0.1 on interface 0.0.0.0
[2026.02.04-21.54.58:171][976]FUdpSocketBuilder: Failed to create and initialize socket UdpMessageMulticastSocket (last error: 0)
[2026.02.04-21.54.58:171][976]LogUdpMessaging: Warning: StartTransport failed to create multicast socket on 0.0.0.0:0, joined to 230.0.0.1:6666 with TTL 1
[2026.02.04-21.54.58:192][977]LogUdpMessaging: Warning: UDP messaging encountered an error. Auto repair routine started for reinitialization
[2026.02.04-21.54.58:743][ 10]LogEditorTransaction: Undo Paste Function
[2026.02.04-21.54.59:384][ 33]FUdpSocketBuilder: Failed to subscribe UdpMessageMulticastSocket to multicast group 230.0.0.1 on interface 0.0.0.0
[2026.02.04-21.54.59:384][ 33]FUdpSocketBuilder: Failed to create and initialize socket UdpMessageMulticastSocket (last error: 0)
[2026.02.04-21.54.59:384][ 33]LogUdpMessaging: Warning: StartTransport failed to create multicast socket on 0.0.0.0:0, joined to 230.0.0.1:6666 with TTL 1
[2026.02.04-21.54.59:427][ 34]LogUdpMessaging: Warning: UDP messaging encountered an error. Auto repair routine started for reinitialization
[2026.02.04-21.55.01:502][113]FUdpSocketBuilder: Failed to subscribe UdpMessageMulticastSocket to multicast group 230.0.0.1 on interface 0.0.0.0
[2026.02.04-21.55.01:502][113]FUdpSocketBuilder: Failed to create and initialize socket UdpMessageMulticastSocket (last error: 0)
[2026.02.04-21.55.01:502][113]LogUdpMessaging: Warning: StartTransport failed to create multicast socket on 0.0.0.0:0, joined to 230.0.0.1:6666 with TTL 1
[2026.02.04-21.55.01:706][113]LogUdpMessaging: Warning: UDP messaging encountered an error. Auto repair routine started for reinitialization
[2026.02.04-21.55.03:522][119]FUdpSocketBuilder: Failed to subscribe UdpMessageMulticastSocket to multicast group 230.0.0.1 on interface 0.0.0.0
[2026.02.04-21.55.03:522][119]FUdpSocketBuilder: Failed to create and initialize socket UdpMessageMulticastSocket (last error: 0)
[2026.02.04-21.55.03:522][119]LogUdpMessaging: Warning: StartTransport failed to create multicast socket on 0.0.0.0:0, joined to 230.0.0.1:6666 with TTL 1
[2026.02.04-21.55.03:711][119]LogUdpMessaging: Warning: UDP messaging encountered an error. Auto repair routine started for reinitialization
[2026.02.04-21.55.05:538][182]FUdpSocketBuilder: Failed to subscribe UdpMessageMulticastSocket to multicast group 230.0.0.1 on interface 0.0.0.0
[2026.02.04-21.55.05:538][182]FUdpSocketBuilder: Failed to create and initialize socket UdpMessageMulticastSocket (last error: 0)
[2026.02.04-21.55.05:538][182]LogUdpMessaging: Warning: StartTransport failed to create multicast socket on 0.0.0.0:0, joined to 230.0.0.1:6666 with TTL 1
[2026.02.04-21.55.05:562][183]LogUdpMessaging: Warning: UDP messaging encountered an error. Auto repair routine started for reinitialization
[2026.02.04-21.55.07:658][303]FUdpSocketBuilder: Failed to subscribe UdpMessageMulticastSocket to multicast group 230.0.0.1 on interface 0.0.0.0
[2026.02.04-21.55.07:658][303]FUdpSocketBuilder: Failed to create and initialize socket UdpMessageMulticastSocket (last error: 0)
[2026.02.04-21.55.07:658][303]LogUdpMessaging: Warning: StartTransport failed to create multicast socket on 0.0.0.0:0, joined to 230.0.0.1:6666 with TTL 1
[2026.02.04-21.55.07:680][304]LogUdpMessaging: Warning: UDP messaging encountered an error. Auto repair routine started for reinitialization
[2026.02.04-21.55.08:869][364]FUdpSocketBuilder: Failed to subscribe UdpMessageMulticastSocket to multicast group 230.0.0.1 on interface 0.0.0.0
[2026.02.04-21.55.08:869][364]FUdpSocketBuilder: Failed to create and initialize socket UdpMessageMulticastSocket (last error: 0)
[2026.02.04-21.55.08:869][364]LogUdpMessaging: Warning: StartTransport failed to create multicast socket on 0.0.0.0:0, joined to 230.0.0.1:6666 with TTL 1
[2026.02.04-21.55.08:885][365]LogUdpMessaging: Warning: UDP messaging encountered an error. Auto repair routine started for reinitialization
[2026.02.04-21.55.10:786][473]FUdpSocketBuilder: Failed to subscribe UdpMessageMulticastSocket to multicast group 230.0.0.1 on interface 0.0.0.0
[2026.02.04-21.55.10:786][473]FUdpSocketBuilder: Failed to create and initialize socket UdpMessageMulticastSocket (last error: 0)
[2026.02.04-21.55.10:786][473]LogUdpMessaging: Warning: StartTransport failed to create multicast socket on 0.0.0.0:0, joined to 230.0.0.1:6666 with TTL 1
[2026.02.04-21.55.10:808][474]LogUdpMessaging: Warning: UDP messaging encountered an error. Auto repair routine started for reinitialization
[2026.02.04-21.55.13:004][579]FUdpSocketBuilder: Failed to subscribe UdpMessageMulticastSocket to multicast group 230.0.0.1 on interface 0.0.0.0
[2026.02.04-21.55.13:004][579]FUdpSocketBuilder: Failed to create and initialize socket UdpMessageMulticastSocket (last error: 0)
[2026.02.04-21.55.13:005][579]LogUdpMessaging: Warning: StartTransport failed to create multicast socket on 0.0.0.0:0, joined to 230.0.0.1:6666 with TTL 1
[2026.02.04-21.55.13:207][579]LogUdpMessaging: Warning: UDP messaging encountered an error. Auto repair routine started for reinitialization
[2026.02.04-21.55.15:020][585]FUdpSocketBuilder: Failed to subscribe UdpMessageMulticastSocket to multicast group 230.0.0.1 on interface 0.0.0.0
[2026.02.04-21.55.15:020][585]FUdpSocketBuilder: Failed to create and initialize socket UdpMessageMulticastSocket (last error: 0)
[2026.02.04-21.55.15:020][585]LogUdpMessaging: Warning: StartTransport failed to create multicast socket on 0.0.0.0:0, joined to 230.0.0.1:6666 with TTL 1
[2026.02.04-21.55.15:226][585]LogUdpMessaging: Warning: UDP messaging encountered an error. Auto repair routine started for reinitialization
[2026.02.04-21.55.17:036][591]FUdpSocketBuilder: Failed to subscribe UdpMessageMulticastSocket to multicast group 230.0.0.1 on interface 0.0.0.0
[2026.02.04-21.55.17:036][591]FUdpSocketBuilder: Failed to create and initialize socket UdpMessageMulticastSocket (last error: 0)
[2026.02.04-21.55.17:036][591]LogUdpMessaging: Warning: StartTransport failed to create multicast socket on 0.0.0.0:0, joined to 230.0.0.1:6666 with TTL 1
[2026.02.04-21.55.17:248][591]LogUdpMessaging: Warning: UDP messaging encountered an error. Auto repair routine started for reinitialization
[2026.02.04-21.55.19:051][597]FUdpSocketBuilder: Failed to subscribe UdpMessageMulticastSocket to multicast group 230.0.0.1 on interface 0.0.0.0
[2026.02.04-21.55.19:051][597]FUdpSocketBuilder: Failed to create and initialize socket UdpMessageMulticastSocket (last error: 0)
[2026.02.04-21.55.19:051][597]LogUdpMessaging: Warning: StartTransport failed to create multicast socket on 0.0.0.0:0, joined to 230.0.0.1:6666 with TTL 1
[2026.02.04-21.55.19:267][597]LogUdpMessaging: Warning: UDP messaging encountered an error. Auto repair routine started for reinitialization
[2026.02.04-21.55.21:065][603]FUdpSocketBuilder: Failed to subscribe UdpMessageMulticastSocket to multicast group 230.0.0.1 on interface 0.0.0.0
[2026.02.04-21.55.21:065][603]FUdpSocketBuilder: Failed to create and initialize socket UdpMessageMulticastSocket (last error: 0)
[2026.02.04-21.55.21:065][603]LogUdpMessaging: Warning: StartTransport failed to create multicast socket on 0.0.0.0:0, joined to 230.0.0.1:6666 with TTL 1
[2026.02.04-21.55.21:287][603]LogUdpMessaging: Warning: UDP messaging encountered an error. Auto repair routine started for reinitialization
[2026.02.04-21.55.23:081][609]FUdpSocketBuilder: Failed to subscribe UdpMessageMulticastSocket to multicast group 230.0.0.1 on interface 0.0.0.0
[2026.02.04-21.55.23:082][609]FUdpSocketBuilder: Failed to create and initialize socket UdpMessageMulticastSocket (last error: 0)
[2026.02.04-21.55.23:082][609]LogUdpMessaging: Warning: StartTransport failed to create multicast socket on 0.0.0.0:0, joined to 230.0.0.1:6666 with TTL 1
[2026.02.04-21.55.23:290][609]LogUdpMessaging: Warning: UDP messaging encountered an error. Auto repair routine started for reinitialization
[2026.02.04-21.55.25:096][615]FUdpSocketBuilder: Failed to subscribe UdpMessageMulticastSocket to multicast group 230.0.0.1 on interface 0.0.0.0
[2026.02.04-21.55.25:096][615]FUdpSocketBuilder: Failed to create and initialize socket UdpMessageMulticastSocket (last error: 0)
[2026.02.04-21.55.25:096][615]LogUdpMessaging: Warning: StartTransport failed to create multicast socket on 0.0.0.0:0, joined to 230.0.0.1:6666 with TTL 1
[2026.02.04-21.55.25:294][615]LogUdpMessaging: Warning: UDP messaging encountered an error. Auto repair routine started for reinitialization
[2026.02.04-21.55.31:716][663]LogSlate: Window 'Fix Self Context Function References' being destroyed
[2026.02.04-21.55.31:938][665]FUdpSocketBuilder: Failed to subscribe UdpMessageMulticastSocket to multicast group 230.0.0.1 on interface 0.0.0.0
[2026.02.04-21.55.31:938][665]FUdpSocketBuilder: Failed to create and initialize socket UdpMessageMulticastSocket (last error: 0)
[2026.02.04-21.55.31:938][665]LogUdpMessaging: Warning: StartTransport failed to create multicast socket on 0.0.0.0:0, joined to 230.0.0.1:6666 with TTL 1
[2026.02.04-21.55.31:958][666]LogUdpMessaging: Warning: UDP messaging encountered an error. Auto repair routine started for reinitialization
[2026.02.04-21.55.34:055][786]FUdpSocketBuilder: Failed to subscribe UdpMessageMulticastSocket to multicast group 230.0.0.1 on interface 0.0.0.0
[2026.02.04-21.55.34:055][786]FUdpSocketBuilder: Failed to create and initialize socket UdpMessageMulticastSocket (last error: 0)
[2026.02.04-21.55.34:055][786]LogUdpMessaging: Warning: StartTransport failed to create multicast socket on 0.0.0.0:0, joined to 230.0.0.1:6666 with TTL 1
[2026.02.04-21.55.34:074][787]LogUdpMessaging: Warning: UDP messaging encountered an error. Auto repair routine started for reinitialization
[2026.02.04-21.55.36:274][906]FUdpSocketBuilder: Failed to subscribe UdpMessageMulticastSocket to multicast group 230.0.0.1 on interface 0.0.0.0
[2026.02.04-21.55.36:274][906]FUdpSocketBuilder: Failed to create and initialize socket UdpMessageMulticastSocket (last error: 0)
[2026.02.04-21.55.36:274][906]LogUdpMessaging: Warning: StartTransport failed to create multicast socket on 0.0.0.0:0, joined to 230.0.0.1:6666 with TTL 1
[2026.02.04-21.55.36:295][907]LogUdpMessaging: Warning: UDP messaging encountered an error. Auto repair routine started for reinitialization
[2026.02.04-21.55.38:691][  6]FUdpSocketBuilder: Failed to subscribe UdpMessageMulticastSocket to multicast group 230.0.0.1 on interface 0.0.0.0
[2026.02.04-21.55.38:691][  6]FUdpSocketBuilder: Failed to create and initialize socket UdpMessageMulticastSocket (last error: 0)
[2026.02.04-21.55.38:691][  6]LogUdpMessaging: Warning: StartTransport failed to create multicast socket on 0.0.0.0:0, joined to 230.0.0.1:6666 with TTL 1
[2026.02.04-21.55.38:907][  6]LogUdpMessaging: Warning: UDP messaging encountered an error. Auto repair routine started for reinitialization
[2026.02.04-21.55.40:708][ 12]FUdpSocketBuilder: Failed to subscribe UdpMessageMulticastSocket to multicast group 230.0.0.1 on interface 0.0.0.0
[2026.02.04-21.55.40:708][ 12]FUdpSocketBuilder: Failed to create and initialize socket UdpMessageMulticastSocket (last error: 0)
[2026.02.04-21.55.40:708][ 12]LogUdpMessaging: Warning: StartTransport failed to create multicast socket on 0.0.0.0:0, joined to 230.0.0.1:6666 with TTL 1
[2026.02.04-21.55.40:914][ 12]LogUdpMessaging: Warning: UDP messaging encountered an error. Auto repair routine started for reinitialization
[2026.02.04-21.55.42:725][ 18]FUdpSocketBuilder: Failed to subscribe UdpMessageMulticastSocket to multicast group 230.0.0.1 on interface 0.0.0.0
[2026.02.04-21.55.42:725][ 18]FUdpSocketBuilder: Failed to create and initialize socket UdpMessageMulticastSocket (last error: 0)
[2026.02.04-21.55.42:725][ 18]LogUdpMessaging: Warning: StartTransport failed to create multicast socket on 0.0.0.0:0, joined to 230.0.0.1:6666 with TTL 1
[2026.02.04-21.55.42:924][ 18]LogUdpMessaging: Warning: UDP messaging encountered an error. Auto repair routine started for reinitialization
[2026.02.04-21.55.44:746][ 24]FUdpSocketBuilder: Failed to subscribe UdpMessageMulticastSocket to multicast group 230.0.0.1 on interface 0.0.0.0
[2026.02.04-21.55.44:747][ 24]FUdpSocketBuilder: Failed to create and initialize socket UdpMessageMulticastSocket (last error: 0)
[2026.02.04-21.55.44:747][ 24]LogUdpMessaging: Warning: StartTransport failed to create multicast socket on 0.0.0.0:0, joined to 230.0.0.1:6666 with TTL 1
[2026.02.04-21.55.44:934][ 24]LogUdpMessaging: Warning: UDP messaging encountered an error. Auto repair routine started for reinitialization
[2026.02.04-21.55.46:766][ 30]FUdpSocketBuilder: Failed to subscribe UdpMessageMulticastSocket to multicast group 230.0.0.1 on interface 0.0.0.0
[2026.02.04-21.55.46:767][ 30]FUdpSocketBuilder: Failed to create and initialize socket UdpMessageMulticastSocket (last error: 0)
[2026.02.04-21.55.46:767][ 30]LogUdpMessaging: Warning: StartTransport failed to create multicast socket on 0.0.0.0:0, joined to 230.0.0.1:6666 with TTL 1
[2026.02.04-21.55.46:946][ 30]LogUdpMessaging: Warning: UDP messaging encountered an error. Auto repair routine started for reinitialization
[2026.02.04-21.55.48:782][ 36]FUdpSocketBuilder: Failed to subscribe UdpMessageMulticastSocket to multicast group 230.0.0.1 on interface 0.0.0.0
[2026.02.04-21.55.48:782][ 36]FUdpSocketBuilder: Failed to create and initialize socket UdpMessageMulticastSocket (last error: 0)
[2026.02.04-21.55.48:782][ 36]LogUdpMessaging: Warning: StartTransport failed to create multicast socket on 0.0.0.0:0, joined to 230.0.0.1:6666 with TTL 1
[2026.02.04-21.55.48:969][ 36]LogUdpMessaging: Warning: UDP messaging encountered an error. Auto repair routine started for reinitialization
[2026.02.04-21.55.50:799][ 42]FUdpSocketBuilder: Failed to subscribe UdpMessageMulticastSocket to multicast group 230.0.0.1 on interface 0.0.0.0
[2026.02.04-21.55.50:799][ 42]FUdpSocketBuilder: Failed to create and initialize socket UdpMessageMulticastSocket (last error: 0)
[2026.02.04-21.55.50:799][ 42]LogUdpMessaging: Warning: StartTransport failed to create multicast socket on 0.0.0.0:0, joined to 230.0.0.1:6666 with TTL 1
[2026.02.04-21.55.50:977][ 42]LogUdpMessaging: Warning: UDP messaging encountered an error. Auto repair routine started for reinitialization
[2026.02.04-21.55.52:818][ 48]FUdpSocketBuilder: Failed to subscribe UdpMessageMulticastSocket to multicast group 230.0.0.1 on interface 0.0.0.0
[2026.02.04-21.55.52:818][ 48]FUdpSocketBuilder: Failed to create and initialize socket UdpMessageMulticastSocket (last error: 0)
[2026.02.04-21.55.52:818][ 48]LogUdpMessaging: Warning: StartTransport failed to create multicast socket on 0.0.0.0:0, joined to 230.0.0.1:6666 with TTL 1
[2026.02.04-21.55.52:985][ 48]LogUdpMessaging: Warning: UDP messaging encountered an error. Auto repair routine started for reinitialization
[2026.02.04-21.55.54:838][ 54]FUdpSocketBuilder: Failed to subscribe UdpMessageMulticastSocket to multicast group 230.0.0.1 on interface 0.0.0.0
[2026.02.04-21.55.54:838][ 54]FUdpSocketBuilder: Failed to create and initialize socket UdpMessageMulticastSocket (last error: 0)
[2026.02.04-21.55.54:838][ 54]LogUdpMessaging: Warning: StartTransport failed to create multicast socket on 0.0.0.0:0, joined to 230.0.0.1:6666 with TTL 1
[2026.02.04-21.55.54:996][ 54]LogUdpMessaging: Warning: UDP messaging encountered an error. Auto repair routine started for reinitialization
[2026.02.04-21.55.56:857][ 60]FUdpSocketBuilder: Failed to subscribe UdpMessageMulticastSocket to multicast group 230.0.0.1 on interface 0.0.0.0
[2026.02.04-21.55.56:857][ 60]FUdpSocketBuilder: Failed to create and initialize socket UdpMessageMulticastSocket (last error: 0)
[2026.02.04-21.55.56:857][ 60]LogUdpMessaging: Warning: StartTransport failed to create multicast socket on 0.0.0.0:0, joined to 230.0.0.1:6666 with TTL 1
[2026.02.04-21.55.57:013][ 60]LogUdpMessaging: Warning: UDP messaging encountered an error. Auto repair routine started for reinitialization
[2026.02.04-21.55.58:870][ 66]FUdpSocketBuilder: Failed to subscribe UdpMessageMulticastSocket to multicast group 230.0.0.1 on interface 0.0.0.0
[2026.02.04-21.55.58:871][ 66]FUdpSocketBuilder: Failed to create and initialize socket UdpMessageMulticastSocket (last error: 0)
[2026.02.04-21.55.58:871][ 66]LogUdpMessaging: Warning: StartTransport failed to create multicast socket on 0.0.0.0:0, joined to 230.0.0.1:6666 with TTL 1
[2026.02.04-21.55.59:029][ 66]LogUdpMessaging: Warning: UDP messaging encountered an error. Auto repair routine started for reinitialization
[2026.02.04-21.56.00:887][ 72]FUdpSocketBuilder: Failed to subscribe UdpMessageMulticastSocket to multicast group 230.0.0.1 on interface 0.0.0.0
[2026.02.04-21.56.00:887][ 72]FUdpSocketBuilder: Failed to create and initialize socket UdpMessageMulticastSocket (last error: 0)
[2026.02.04-21.56.00:887][ 72]LogUdpMessaging: Warning: StartTransport failed to create multicast socket on 0.0.0.0:0, joined to 230.0.0.1:6666 with TTL 1
[2026.02.04-21.56.01:043][ 72]LogUdpMessaging: Warning: UDP messaging encountered an error. Auto repair routine started for reinitialization
[2026.02.04-21.56.02:902][ 78]FUdpSocketBuilder: Failed to subscribe UdpMessageMulticastSocket to multicast group 230.0.0.1 on interface 0.0.0.0
[2026.02.04-21.56.02:902][ 78]FUdpSocketBuilder: Failed to create and initialize socket UdpMessageMulticastSocket (last error: 0)
[2026.02.04-21.56.02:902][ 78]LogUdpMessaging: Warning: StartTransport failed to create multicast socket on 0.0.0.0:0, joined to 230.0.0.1:6666 with TTL 1
[2026.02.04-21.56.03:053][ 78]LogUdpMessaging: Warning: UDP messaging encountered an error. Auto repair routine started for reinitialization
[2026.02.04-21.56.04:449][155]Cmd: OBJ SAVEPACKAGE PACKAGE="/Game/BluePrintClass/BP_PLAYER" FILE="../../../../../Repozytoria/UE 4.27/KZ_TopDownShooter/TopDownAC/Content/BluePrintClass/BP_PLAYER.uasset" SILENT=true
[2026.02.04-21.56.04:474][155]LogSavePackage: Moving '../../../../../Repozytoria/UE 4.27/KZ_TopDownShooter/TopDownAC/Saved/BP_PLAYER6F4E8B954C19A0DF5D0357AEFA7650C2.tmp' to '../../../../../Repozytoria/UE 4.27/KZ_TopDownShooter/TopDownAC/Content/BluePrintClass/BP_PLAYER.uasset'
[2026.02.04-21.56.04:488][155]AssetCheck: New page: Asset Save: BP_PLAYER
[2026.02.04-21.56.04:488][155]LogContentValidation: Display: Validating Blueprint /Game/BluePrintClass/BP_PLAYER.BP_PLAYER
[2026.02.04-21.56.04:919][171]FUdpSocketBuilder: Failed to subscribe UdpMessageMulticastSocket to multicast group 230.0.0.1 on interface 0.0.0.0
[2026.02.04-21.56.04:919][171]FUdpSocketBuilder: Failed to create and initialize socket UdpMessageMulticastSocket (last error: 0)
[2026.02.04-21.56.04:919][171]LogUdpMessaging: Warning: StartTransport failed to create multicast socket on 0.0.0.0:0, joined to 230.0.0.1:6666 with TTL 1
[2026.02.04-21.56.04:938][172]LogUdpMessaging: Warning: UDP messaging encountered an error. Auto repair routine started for reinitialization
[2026.02.04-21.56.06:376][257]LogUObjectHash: Compacting FUObjectHashTables data took   2.80ms
[2026.02.04-21.56.06:389][257]LogWorld: UWorld::CleanupWorld for World_7, bSessionEnded=true, bCleanupResources=true
[2026.02.04-21.56.06:389][257]LogSlate: InvalidateAllWidgets triggered.  All widgets were invalidated
[2026.02.04-21.56.06:455][257]LogSlate: Window 'TopDownAC - Unreal Editor' being destroyed
[2026.02.04-21.56.06:624][258]Cmd: QUIT_EDITOR
[2026.02.04-21.56.06:624][258]LogCore: Engine exit requested (reason: UUnrealEdEngine::CloseEditor())
[2026.02.04-21.56.06:630][258]LogCore: Engine exit requested (reason: EngineExit() was called; note: exit was already requested)
[2026.02.04-21.56.06:634][258]LogAudio: Display: Beginning Audio Device Manager Shutdown (Module: AudioMixerXAudio2)...
[2026.02.04-21.56.06:634][258]LogAudio: Display: Destroying 1 Remaining Audio Device(s)...
[2026.02.04-21.56.06:634][258]LogAudio: Display: Audio Device unregistered from world 'Main'.
[2026.02.04-21.56.06:635][258]LogAudioMixer: FMixerPlatformXAudio2::StopAudioStream() called
[2026.02.04-21.56.06:636][258]LogAudioMixer: FMixerPlatformXAudio2::StopAudioStream() called
[2026.02.04-21.56.06:640][258]LogAudio: Display: Audio Device Manager Shutdown
[2026.02.04-21.56.06:646][258]LogExit: Preparing to exit.
[2026.02.04-21.56.06:779][258]LogUObjectHash: Compacting FUObjectHashTables data took   4.93ms
[2026.02.04-21.56.06:848][258]LogWorld: UWorld::CleanupWorld for World_8, bSessionEnded=true, bCleanupResources=true
[2026.02.04-21.56.06:856][258]LogWorld: UWorld::CleanupWorld for World_5, bSessionEnded=true, bCleanupResources=true
[2026.02.04-21.56.06:862][258]LogWorld: UWorld::CleanupWorld for World_6, bSessionEnded=true, bCleanupResources=true
[2026.02.04-21.56.06:869][258]LogWorld: UWorld::CleanupWorld for World_4, bSessionEnded=true, bCleanupResources=true
[2026.02.04-21.56.06:876][258]LogWorld: UWorld::CleanupWorld for World_0, bSessionEnded=true, bCleanupResources=true
[2026.02.04-21.56.06:883][258]LogWorld: UWorld::CleanupWorld for World_1, bSessionEnded=true, bCleanupResources=true
[2026.02.04-21.56.06:888][258]LogWorld: UWorld::CleanupWorld for World_2, bSessionEnded=true, bCleanupResources=true
[2026.02.04-21.56.06:894][258]LogWorld: UWorld::CleanupWorld for World_3, bSessionEnded=true, bCleanupResources=true
[2026.02.04-21.56.07:066][258]LogDemo: Cleaned up 0 splitscreen connections with owner deletion
[2026.02.04-21.56.07:073][258]LogExit: Editor shut down
[2026.02.04-21.56.07:074][258]LogExit: Transaction tracking system shut down
[2026.02.04-21.56.07:470][258]LogExit: Object subsystem successfully closed.
[2026.02.04-21.56.07:618][258]LogShaderCompilers: Display: === FShaderJobCache stats ===
[2026.02.04-21.56.07:618][258]LogShaderCompilers: Display: Total job queries 0, among them cache hits 0 (0.00%)
[2026.02.04-21.56.07:618][258]LogShaderCompilers: Display: Tracking 0 distinct input hashes that result in 0 distinct outputs (0.00%)
[2026.02.04-21.56.07:618][258]LogShaderCompilers: Display: RAM used: 0.00 MB (0.00 GB) of 1638.40 MB (1.60 GB) budget. Usage: 0.00%
[2026.02.04-21.56.07:618][258]LogShaderCompilers: Display: ================================================
[2026.02.04-21.56.07:630][258]LogShaderCompilers: Display: Shaders left to compile 0
[2026.02.04-21.56.07:662][258]LogModuleManager: Shutting down and abandoning module BlueprintGraph (872)
[2026.02.04-21.56.07:662][258]LogModuleManager: Shutting down and abandoning module HierarchicalLODOutliner (870)
[2026.02.04-21.56.07:662][258]LogModuleManager: Shutting down and abandoning module SceneOutliner (868)
[2026.02.04-21.56.07:662][258]LogModuleManager: Shutting down and abandoning module AddContentDialog (866)
[2026.02.04-21.56.07:663][258]LogModuleManager: Shutting down and abandoning module WidgetCarousel (865)
[2026.02.04-21.56.07:663][258]LogModuleManager: Shutting down and abandoning module EditorWidgets (862)
[2026.02.04-21.56.07:663][258]LogModuleManager: Shutting down and abandoning module StatsViewer (860)
[2026.02.04-21.56.07:663][258]LogModuleManager: Shutting down and abandoning module PIEPreviewDeviceProfileSelector (858)
[2026.02.04-21.56.07:663][258]LogModuleManager: Shutting down and abandoning module SequenceRecorderSections (856)
[2026.02.04-21.56.07:663][258]LogModuleManager: Shutting down and abandoning module AutomationWorker (854)
[2026.02.04-21.56.07:663][258]LogModuleManager: Shutting down and abandoning module SteamVREditor (852)
[2026.02.04-21.56.07:663][258]LogModuleManager: Shutting down and abandoning module OculusMR (850)
[2026.02.04-21.56.07:663][258]LogModuleManager: Shutting down and abandoning module TakeRecorderSources (848)
[2026.02.04-21.56.07:663][258]LogModuleManager: Shutting down and abandoning module TakeRecorder (847)
[2026.02.04-21.56.07:663][258]LogModuleManager: Shutting down and abandoning module TakeTrackRecorders (844)
[2026.02.04-21.56.07:663][258]LogModuleManager: Shutting down and abandoning module TakesCore (842)
[2026.02.04-21.56.07:663][258]LogModuleManager: Shutting down and abandoning module OpenXRInput (840)
[2026.02.04-21.56.07:663][258]LogModuleManager: Shutting down and abandoning module GooglePADEditor (838)
[2026.02.04-21.56.07:663][258]LogModuleManager: Shutting down and abandoning module AudioCaptureEditor (836)
[2026.02.04-21.56.07:663][258]LogModuleManager: Shutting down and abandoning module TemplateSequenceEditor (834)
[2026.02.04-21.56.07:663][258]LogModuleManager: Shutting down and abandoning module MatineeToLevelSequence (832)
[2026.02.04-21.56.07:664][258]LogModuleManager: Shutting down and abandoning module LevelSequenceEditor (830)
[2026.02.04-21.56.07:664][258]LogModuleManager: Shutting down and abandoning module ActorSequenceEditor (828)
[2026.02.04-21.56.07:664][258]LogModuleManager: Shutting down and abandoning module WmfMediaFactory (826)
[2026.02.04-21.56.07:664][258]LogModuleManager: Shutting down and abandoning module WmfMediaEditor (824)
[2026.02.04-21.56.07:664][258]LogModuleManager: Shutting down and abandoning module WebMMediaFactory (822)
[2026.02.04-21.56.07:664][258]LogModuleManager: Shutting down and abandoning module WebMMediaEditor (820)
[2026.02.04-21.56.07:664][258]LogModuleManager: Shutting down and abandoning module WebMMedia (818)
[2026.02.04-21.56.07:664][258]LogModuleManager: Shutting down and abandoning module MediaPlayerEditor (816)
[2026.02.04-21.56.07:664][258]LogModuleManager: Shutting down and abandoning module MediaCompositingEditor (814)
[2026.02.04-21.56.07:664][258]LogModuleManager: Shutting down and abandoning module SequenceRecorder (813)
[2026.02.04-21.56.07:664][258]LogModuleManager: Shutting down and abandoning module OpenExrWrapper (810)
[2026.02.04-21.56.07:664][258]LogModuleManager: Shutting down and abandoning module ImgMediaFactory (808)
[2026.02.04-21.56.07:664][258]LogModuleManager: Shutting down and abandoning module ImgMediaEditor (806)
[2026.02.04-21.56.07:664][258]LogModuleManager: Shutting down and abandoning module AvfMediaFactory (804)
[2026.02.04-21.56.07:664][258]LogModuleManager: Shutting down and abandoning module AvfMediaEditor (802)
[2026.02.04-21.56.07:664][258]LogModuleManager: Shutting down and abandoning module AndroidMediaFactory (800)
[2026.02.04-21.56.07:664][258]LogModuleManager: Shutting down and abandoning module AndroidMediaEditor (798)
[2026.02.04-21.56.07:664][258]LogModuleManager: Shutting down and abandoning module MagicLeapMediaCodecFactory (796)
[2026.02.04-21.56.07:664][258]LogModuleManager: Shutting down and abandoning module MagicLeapMediaFactory (794)
[2026.02.04-21.56.07:664][258]LogModuleManager: Shutting down and abandoning module MagicLeapMediaEditor (792)
[2026.02.04-21.56.07:664][258]LogModuleManager: Shutting down and abandoning module PlanarCut (790)
[2026.02.04-21.56.07:664][258]LogModuleManager: Shutting down and abandoning module TextureAlignMode (788)
[2026.02.04-21.56.07:664][258]LogModuleManager: Shutting down and abandoning module BspMode (786)
[2026.02.04-21.56.07:664][258]LogModuleManager: Shutting down and abandoning module GeometryMode (784)
[2026.02.04-21.56.07:665][258]LogModuleManager: Shutting down and abandoning module CharacterAI (782)
[2026.02.04-21.56.07:665][258]LogModuleManager: Shutting down and abandoning module CameraShakePreviewer (780)
[2026.02.04-21.56.07:665][258]LogModuleManager: Shutting down and abandoning module SmartSnapping (778)
[2026.02.04-21.56.07:665][258]LogModuleManager: Shutting down and abandoning module SessionServices (776)
[2026.02.04-21.56.07:665][258]LogModuleManager: Shutting down and abandoning module MeshPaint (774)
[2026.02.04-21.56.07:665][258]LogModuleManager: Shutting down and abandoning module VirtualTexturingEditor (772)
[2026.02.04-21.56.07:665][258]LogModuleManager: Shutting down and abandoning module FoliageEdit (770)
[2026.02.04-21.56.07:665][258]LogModuleManager: Shutting down and abandoning module LandscapeEditor (768)
[2026.02.04-21.56.07:665][258]LogModuleManager: Shutting down and abandoning module MeshPaintMode (766)
[2026.02.04-21.56.07:665][258]LogModuleManager: Shutting down and abandoning module SceneDepthPickerMode (764)
[2026.02.04-21.56.07:665][258]LogModuleManager: Shutting down and abandoning module ActorPickerMode (762)
[2026.02.04-21.56.07:665][258]LogModuleManager: Shutting down and abandoning module PlacementMode (760)
[2026.02.04-21.56.07:665][258]LogModuleManager: Shutting down and abandoning module ViewportSnapping (758)
[2026.02.04-21.56.07:665][258]LogModuleManager: Shutting down and abandoning module ViewportInteraction (756)
[2026.02.04-21.56.07:665][258]LogModuleManager: Shutting down and abandoning module ClothPainter (754)
[2026.02.04-21.56.07:665][258]LogModuleManager: Shutting down and abandoning module SkeletalMeshEditor (753)
[2026.02.04-21.56.07:665][258]LogModuleManager: Shutting down and abandoning module LogVisualizer (750)
[2026.02.04-21.56.07:665][258]LogModuleManager: Shutting down and abandoning module IntroTutorials (748)
[2026.02.04-21.56.07:666][258]LogModuleManager: Shutting down and abandoning module GameProjectGeneration (747)
[2026.02.04-21.56.07:666][258]LogModuleManager: Shutting down and abandoning module LuminPlatformEditor (744)
[2026.02.04-21.56.07:666][258]LogModuleManager: Shutting down and abandoning module IOSPlatformEditor (742)
[2026.02.04-21.56.07:666][258]LogModuleManager: Shutting down and abandoning module AndroidPlatformEditor (740)
[2026.02.04-21.56.07:666][258]LogModuleManager: Shutting down and abandoning module AndroidDeviceDetection (739)
[2026.02.04-21.56.08:500][258]LogModuleManager: Shutting down and abandoning module WindowsPlatformEditor (736)
[2026.02.04-21.56.08:500][258]LogModuleManager: Shutting down and abandoning module LuminRuntimeSettings (734)
[2026.02.04-21.56.08:500][258]LogModuleManager: Shutting down and abandoning module IOSRuntimeSettings (732)
[2026.02.04-21.56.08:500][258]LogModuleManager: Shutting down and abandoning module AndroidRuntimeSettings (730)
[2026.02.04-21.56.08:500][258]LogModuleManager: Shutting down and abandoning module TraceInsights (728)
[2026.02.04-21.56.08:500][258]MemoryProfiler: Shutdown
[2026.02.04-21.56.08:500][258]NetworkingProfiler: Shutdown
[2026.02.04-21.56.08:500][258]LoadingProfiler: Shutdown
[2026.02.04-21.56.08:500][258]TimingProfiler: Shutdown
[2026.02.04-21.56.08:501][258]LogModuleManager: Shutting down and abandoning module TraceServices (727)
[2026.02.04-21.56.08:501][258]LogModuleManager: Shutting down and abandoning module EditorInteractiveToolsFramework (724)
[2026.02.04-21.56.08:501][258]LogModuleManager: Shutting down and abandoning module TimeManagementEditor (722)
[2026.02.04-21.56.08:501][258]LogModuleManager: Shutting down and abandoning module InputBindingEditor (720)
[2026.02.04-21.56.08:501][258]LogModuleManager: Shutting down and abandoning module MergeActors (718)
[2026.02.04-21.56.08:501][258]LogModuleManager: Shutting down and abandoning module LocalizationDashboard (716)
[2026.02.04-21.56.08:501][258]LogModuleManager: Shutting down and abandoning module LocalizationService (715)
[2026.02.04-21.56.08:501][258]LogModuleManager: Shutting down and abandoning module HardwareTargeting (712)
[2026.02.04-21.56.08:501][258]LogModuleManager: Shutting down and abandoning module DeviceProfileEditor (710)
[2026.02.04-21.56.08:501][258]LogModuleManager: Shutting down and abandoning module UndoHistory (708)
[2026.02.04-21.56.08:501][258]LogModuleManager: Shutting down and abandoning module XmlParser (706)
[2026.02.04-21.56.08:501][258]LogModuleManager: Shutting down and abandoning module Blutility (704)
[2026.02.04-21.56.08:501][258]LogModuleManager: Shutting down and abandoning module ProjectSettingsViewer (702)
[2026.02.04-21.56.08:501][258]LogModuleManager: Shutting down and abandoning module ProjectTargetPlatformEditor (701)
[2026.02.04-21.56.08:502][258]LogModuleManager: Shutting down and abandoning module EditorSettingsViewer (698)
[2026.02.04-21.56.08:502][258]LogModuleManager: Shutting down and abandoning module InternationalizationSettings (697)
[2026.02.04-21.56.08:502][258]LogModuleManager: Shutting down and abandoning module SettingsEditor (694)
[2026.02.04-21.56.08:502][258]LogModuleManager: Shutting down and abandoning module ProjectLauncher (692)
[2026.02.04-21.56.08:502][258]LogModuleManager: Shutting down and abandoning module SessionFrontend (690)
[2026.02.04-21.56.08:502][258]LogModuleManager: Shutting down and abandoning module ProfilerClient (688)
[2026.02.04-21.56.08:502][258]LogModuleManager: Shutting down and abandoning module DeviceManager (686)
[2026.02.04-21.56.08:502][258]LogModuleManager: Shutting down and abandoning module TargetDeviceServices (685)
[2026.02.04-21.56.08:535][258]LogModuleManager: Shutting down and abandoning module AutomationController (682)
[2026.02.04-21.56.08:535][258]LogModuleManager: Shutting down and abandoning module AutomationWindow (680)
[2026.02.04-21.56.08:535][258]LogModuleManager: Shutting down and abandoning module Layers (678)
[2026.02.04-21.56.08:535][258]LogModuleManager: Shutting down and abandoning module ComponentVisualizers (676)
[2026.02.04-21.56.08:535][258]LogModuleManager: Shutting down and abandoning module DetailCustomizations (674)
[2026.02.04-21.56.08:535][258]LogModuleManager: Shutting down and abandoning module PackagesDialog (672)
[2026.02.04-21.56.08:535][258]LogModuleManager: Shutting down and abandoning module AnimationBlueprintEditor (670)
[2026.02.04-21.56.08:535][258]LogModuleManager: Shutting down and abandoning module Persona (668)
[2026.02.04-21.56.08:535][258]LogModuleManager: Shutting down and abandoning module AdvancedPreviewScene (667)
[2026.02.04-21.56.08:536][258]LogModuleManager: Shutting down and abandoning module AnimGraph (665)
[2026.02.04-21.56.08:536][258]LogModuleManager: Shutting down and abandoning module Kismet (662)
[2026.02.04-21.56.08:548][258]LogModuleManager: Shutting down and abandoning module KismetWidgets (661)
[2026.02.04-21.56.08:548][258]LogModuleManager: Shutting down and abandoning module GraphEditor (658)
[2026.02.04-21.56.08:549][258]LogModuleManager: Shutting down and abandoning module StructViewer (656)
[2026.02.04-21.56.08:549][258]LogModuleManager: Shutting down and abandoning module ClassViewer (654)
[2026.02.04-21.56.08:549][258]LogModuleManager: Shutting down and abandoning module Toolbox (652)
[2026.02.04-21.56.08:549][258]LogModuleManager: Shutting down and abandoning module ModuleUI (650)
[2026.02.04-21.56.08:549][258]LogModuleManager: Shutting down and abandoning module OutputLog (648)
[2026.02.04-21.56.08:549][258]LogModuleManager: Shutting down and abandoning module GammaUI (646)
[2026.02.04-21.56.08:549][258]LogModuleManager: Shutting down and abandoning module Documentation (644)
[2026.02.04-21.56.08:549][258]LogModuleManager: Shutting down and abandoning module LiveCoding (642)
[2026.02.04-21.56.08:551][258]LogModuleManager: Shutting down and abandoning module LevelSequence (640)
[2026.02.04-21.56.08:551][258]LogModuleManager: Shutting down and abandoning module MovieSceneTracks (638)
[2026.02.04-21.56.08:551][258]LogModuleManager: Shutting down and abandoning module MovieScene (636)
[2026.02.04-21.56.08:551][258]LogModuleManager: Shutting down and abandoning module StreamingPauseRendering (634)
[2026.02.04-21.56.08:551][258]LogModuleManager: Shutting down and abandoning module LauncherPlatform (632)
[2026.02.04-21.56.08:551][258]LogModuleManager: Shutting down and abandoning module AnalyticsET (630)
[2026.02.04-21.56.08:551][258]LogModuleManager: Shutting down and abandoning module PortalServices (628)
[2026.02.04-21.56.08:551][258]LogModuleManager: Shutting down and abandoning module PortalRpc (626)
[2026.02.04-21.56.08:551][258]LogModuleManager: Shutting down and abandoning module MessagingRpc (624)
[2026.02.04-21.56.08:551][258]LogModuleManager: Shutting down and abandoning module AudioMixerXAudio2 (622)
[2026.02.04-21.56.08:551][258]LogModuleManager: Shutting down and abandoning module AudioMixerCore (621)
[2026.02.04-21.56.08:551][258]LogModuleManager: Shutting down and abandoning module AIModule (618)
[2026.02.04-21.56.08:551][258]LogModuleManager: Shutting down and abandoning module GameplayDebugger (617)
[2026.02.04-21.56.08:551][258]LogModuleManager: Shutting down and abandoning module AITestSuite (615)
[2026.02.04-21.56.08:551][258]LogModuleManager: Shutting down and abandoning module NavigationSystem (613)
[2026.02.04-21.56.08:551][258]LogModuleManager: Shutting down and abandoning module ImageWriteQueue (610)
[2026.02.04-21.56.08:733][258]LogModuleManager: Shutting down and abandoning module ProfilerService (608)
[2026.02.04-21.56.08:735][258]LogModuleManager: Shutting down and abandoning module TaskGraph (606)
[2026.02.04-21.56.08:735][258]LogModuleManager: Shutting down and abandoning module AudioSynesthesiaEditor (604)
[2026.02.04-21.56.08:735][258]LogModuleManager: Shutting down and abandoning module OculusEditor (602)
[2026.02.04-21.56.08:736][258]LogModuleManager: Shutting down and abandoning module OculusInput (600)
[2026.02.04-21.56.08:736][258]LogModuleManager: Shutting down and abandoning module ContentBrowserFileDataSource (598)
[2026.02.04-21.56.08:736][258]LogModuleManager: Shutting down and abandoning module ContentBrowserClassDataSource (596)
[2026.02.04-21.56.08:736][258]LogModuleManager: Shutting down and abandoning module ContentBrowserAssetDataSource (594)
[2026.02.04-21.56.08:736][258]LogModuleManager: Shutting down and abandoning module CollectionManager (593)
[2026.02.04-21.56.08:737][258]LogModuleManager: Shutting down and abandoning module TakeSequencer (590)
[2026.02.04-21.56.08:737][258]LogModuleManager: Shutting down and abandoning module TakeMovieScene (588)
[2026.02.04-21.56.08:737][258]LogModuleManager: Shutting down and abandoning module ScreenshotTools (586)
[2026.02.04-21.56.08:737][258]LogModuleManager: Shutting down and abandoning module ProceduralMeshComponentEditor (584)
[2026.02.04-21.56.08:737][258]LogModuleManager: Shutting down and abandoning module ProceduralMeshComponent (582)
[2026.02.04-21.56.08:737][258]LogModuleManager: Shutting down and abandoning module AssetTags (580)
[2026.02.04-21.56.08:737][258]LogModuleManager: Shutting down and abandoning module SynthesisEditor (578)
[2026.02.04-21.56.08:737][258]LogModuleManager: Shutting down and abandoning module Synthesis (576)
[2026.02.04-21.56.08:737][258]LogModuleManager: Shutting down and abandoning module OpenXREditor (574)
[2026.02.04-21.56.08:737][258]LogModuleManager: Shutting down and abandoning module MobilePatchingUtils (572)
[2026.02.04-21.56.08:737][258]LogModuleManager: Shutting down and abandoning module GooglePAD (570)
[2026.02.04-21.56.08:737][258]LogModuleManager: Shutting down and abandoning module EditableMesh (568)
[2026.02.04-21.56.08:737][258]LogModuleManager: Shutting down and abandoning module CustomMeshComponent (566)
[2026.02.04-21.56.08:737][258]LogModuleManager: Shutting down and abandoning module ArchVisCharacter (564)
[2026.02.04-21.56.08:737][258]LogModuleManager: Shutting down and abandoning module CableComponent (562)
[2026.02.04-21.56.08:737][258]LogModuleManager: Shutting down and abandoning module AudioCapture (560)
[2026.02.04-21.56.08:737][258]LogModuleManager: Shutting down and abandoning module AudioCaptureRtAudio (559)
[2026.02.04-21.56.08:737][258]LogModuleManager: Shutting down and abandoning module MagicLeapLightEstimation (556)
[2026.02.04-21.56.08:737][258]LogModuleManager: Shutting down and abandoning module AppleImageUtilsBlueprintSupport (554)
[2026.02.04-21.56.08:737][258]LogModuleManager: Shutting down and abandoning module AppleImageUtils (552)
[2026.02.04-21.56.08:737][258]LogModuleManager: Shutting down and abandoning module AndroidPermission (550)
[2026.02.04-21.56.08:737][258]LogModuleManager: Shutting down and abandoning module ActorLayerUtilitiesEditor (548)
[2026.02.04-21.56.08:737][258]LogModuleManager: Shutting down and abandoning module ActorLayerUtilities (546)
[2026.02.04-21.56.08:737][258]LogModuleManager: Shutting down and abandoning module TemplateSequence (544)
[2026.02.04-21.56.08:737][258]LogModuleManager: Shutting down and abandoning module MediaCompositing (542)
[2026.02.04-21.56.08:737][258]LogModuleManager: Shutting down and abandoning module ImgMedia (540)
[2026.02.04-21.56.08:737][258]LogModuleManager: Shutting down and abandoning module MagicLeapSharedWorld (538)
[2026.02.04-21.56.08:737][258]LogModuleManager: Shutting down and abandoning module MagicLeapHelperVulkan (536)
[2026.02.04-21.56.08:737][258]LogModuleManager: Shutting down and abandoning module MagicLeapHelperOpenGL (534)
[2026.02.04-21.56.08:737][258]LogModuleManager: Shutting down and abandoning module MagicLeapAudio (532)
[2026.02.04-21.56.08:737][258]LogModuleManager: Shutting down and abandoning module NiagaraEditorWidgets (530)
[2026.02.04-21.56.08:737][258]LogModuleManager: Shutting down and abandoning module OpenImageDenoise (528)
[2026.02.04-21.56.08:737][258]LogOpenImageDenoise: OIDN shutting down
[2026.02.04-21.56.08:737][258]LogModuleManager: Shutting down and abandoning module GeometryCacheTracks (526)
[2026.02.04-21.56.08:737][258]LogModuleManager: Shutting down and abandoning module GeometryCacheStreamer (524)
[2026.02.04-21.56.08:737][258]LogModuleManager: Shutting down and abandoning module GeometryCacheSequencer (522)
[2026.02.04-21.56.08:737][258]LogModuleManager: Shutting down and abandoning module MotoSynthEditor (520)
[2026.02.04-21.56.08:737][258]LogModuleManager: Shutting down and abandoning module MotoSynth (518)
[2026.02.04-21.56.08:737][258]LogModuleManager: Shutting down and abandoning module MeshConversion (516)
[2026.02.04-21.56.08:737][258]LogModuleManager: Shutting down and abandoning module DynamicMesh (514)
[2026.02.04-21.56.08:738][258]LogModuleManager: Shutting down and abandoning module GeometryAlgorithms (512)
[2026.02.04-21.56.08:738][258]LogModuleManager: Shutting down and abandoning module GeometricObjects (510)
[2026.02.04-21.56.08:738][258]LogModuleManager: Shutting down and abandoning module GeometryCollectionTracks (508)
[2026.02.04-21.56.08:738][258]LogModuleManager: Shutting down and abandoning module GeometryCollectionSequencer (507)
[2026.02.04-21.56.08:738][258]LogModuleManager: Shutting down and abandoning module GeometryCollectionEditor (504)
[2026.02.04-21.56.08:738][258]LogModuleManager: Shutting down and abandoning module PluginBrowser (502)
[2026.02.04-21.56.08:738][258]LogModuleManager: Shutting down and abandoning module SpeedTreeImporter (500)
[2026.02.04-21.56.08:738][258]LogModuleManager: Shutting down and abandoning module MobileLauncherProfileWizard (498)
[2026.02.04-21.56.08:738][258]LogModuleManager: Shutting down and abandoning module MaterialAnalyzer (496)
[2026.02.04-21.56.08:738][258]LogModuleManager: Shutting down and abandoning module CryptoKeysOpenSSL (494)
[2026.02.04-21.56.08:738][258]LogModuleManager: Shutting down and abandoning module CryptoKeys (492)
[2026.02.04-21.56.08:738][258]LogModuleManager: Shutting down and abandoning module CurveEditorTools (490)
[2026.02.04-21.56.08:738][258]LogModuleManager: Shutting down and abandoning module ChaosSolverEditor (488)
[2026.02.04-21.56.08:738][258]LogModuleManager: Shutting down and abandoning module ChaosNiagara (486)
[2026.02.04-21.56.08:738][258]LogModuleManager: Shutting down and abandoning module FractureEditor (484)
[2026.02.04-21.56.08:738][258]LogModuleManager: Shutting down and abandoning module FieldSystemEngine (483)
[2026.02.04-21.56.08:738][258]LogModuleManager: Shutting down and abandoning module ChaosClothEditor (480)
[2026.02.04-21.56.08:738][258]LogModuleManager: Shutting down and abandoning module BackChannel (478)
[2026.02.04-21.56.08:738][258]LogModuleManager: Shutting down and abandoning module AutomationUtilsEditor (476)
[2026.02.04-21.56.08:738][258]LogModuleManager: Shutting down and abandoning module AutomationUtils (474)
[2026.02.04-21.56.08:738][258]LogModuleManager: Shutting down and abandoning module AlembicImporter (472)
[2026.02.04-21.56.08:738][258]LogModuleManager: Shutting down and abandoning module AlembicLibrary (471)
[2026.02.04-21.56.08:738][258]LogModuleManager: Shutting down and abandoning module GeometryCache (470)
[2026.02.04-21.56.08:738][258]LogModuleManager: Shutting down and abandoning module GeometryCacheEd (469)
[2026.02.04-21.56.08:738][258]LogModuleManager: Shutting down and abandoning module VariantManagerContentEditor (464)
[2026.02.04-21.56.08:738][258]LogModuleManager: Shutting down and abandoning module DatasmithContentEditor (462)
[2026.02.04-21.56.08:739][258]LogModuleManager: Shutting down and abandoning module VisualStudioSourceCodeAccess (460)
[2026.02.04-21.56.08:739][258]LogModuleManager: Shutting down and abandoning module VisualStudioCodeSourceCodeAccess (458)
[2026.02.04-21.56.08:739][258]LogModuleManager: Shutting down and abandoning module PerforceSourceControl (456)
[2026.02.04-21.56.08:739][258]LogModuleManager: Shutting down and abandoning module UObjectPlugin (454)
[2026.02.04-21.56.08:739][258]LogModuleManager: Shutting down and abandoning module SubversionSourceControl (452)
[2026.02.04-21.56.08:739][258]LogModuleManager: Shutting down and abandoning module RiderSourceCodeAccess (450)
[2026.02.04-21.56.08:739][258]LogModuleManager: Shutting down and abandoning module PluginUtils (448)
[2026.02.04-21.56.08:739][258]LogModuleManager: Shutting down and abandoning module PlasticSourceControl (446)
[2026.02.04-21.56.08:739][258]LogModuleManager: Shutting down and abandoning module GitSourceControl (444)
[2026.02.04-21.56.08:739][258]LogModuleManager: Shutting down and abandoning module SourceControl (443)
[2026.02.04-21.56.08:739][258]LogModuleManager: Shutting down and abandoning module CLionSourceCodeAccess (440)
[2026.02.04-21.56.08:739][258]LogModuleManager: Shutting down and abandoning module AnimationSharingEd (438)
[2026.02.04-21.56.08:739][258]LogModuleManager: Shutting down and abandoning module OodleNetworkHandlerComponent (436)
[2026.02.04-21.56.08:739][258]LogModuleManager: Shutting down and abandoning module LightPropagationVolumeEditor (434)
[2026.02.04-21.56.08:739][258]LogModuleManager: Shutting down and abandoning module LiveLinkSequencer (432)
[2026.02.04-21.56.08:739][258]LogModuleManager: Shutting down and abandoning module LiveLinkMovieScene (430)
[2026.02.04-21.56.08:739][258]LogModuleManager: Shutting down and abandoning module LiveLinkGraphNode (428)
[2026.02.04-21.56.08:739][258]LogModuleManager: Shutting down and abandoning module LiveLinkEditor (426)
[2026.02.04-21.56.08:739][258]LogModuleManager: Shutting down and abandoning module LiveLinkComponents (424)
[2026.02.04-21.56.08:739][258]LogModuleManager: Shutting down and abandoning module LiveLink (422)
[2026.02.04-21.56.09:170][258]LogModuleManager: Shutting down and abandoning module PaperTiledImporter (420)
[2026.02.04-21.56.09:170][258]LogModuleManager: Shutting down and abandoning module PaperSpriteSheetImporter (418)
[2026.02.04-21.56.09:170][258]LogModuleManager: Shutting down and abandoning module Paper2DEditor (416)
[2026.02.04-21.56.09:170][258]LogModuleManager: Shutting down and abandoning module MeshPaintingToolset (414)
[2026.02.04-21.56.09:170][258]LogModuleManager: Shutting down and abandoning module MeshPaintEditorMode (412)
[2026.02.04-21.56.09:170][258]LogModuleManager: Shutting down and abandoning module SignificanceManager (410)
[2026.02.04-21.56.09:170][258]LogModuleManager: Shutting down and abandoning module SoundFields (408)
[2026.02.04-21.56.09:170][258]LogModuleManager: Shutting down and abandoning module PropertyAccessEditor (406)
[2026.02.04-21.56.09:170][258]LogModuleManager: Shutting down and abandoning module RuntimePhysXCooking (404)
[2026.02.04-21.56.09:170][258]LogModuleManager: Shutting down and abandoning module PhysXVehiclesEditor (402)
[2026.02.04-21.56.09:170][258]LogModuleManager: Shutting down and abandoning module LocationServicesBPLibrary (398)
[2026.02.04-21.56.09:170][258]LogModuleManager: Shutting down and abandoning module AudioSynesthesia (396)
[2026.02.04-21.56.09:170][258]LogModuleManager: Shutting down and abandoning module AudioSynesthesiaCore (394)
[2026.02.04-21.56.09:171][258]LogModuleManager: Shutting down and abandoning module TcpMessaging (392)
[2026.02.04-21.56.09:272][258]LogModuleManager: Shutting down and abandoning module ActorSequence (390)
[2026.02.04-21.56.09:272][258]LogModuleManager: Shutting down and abandoning module UdpMessaging (388)
[2026.02.04-21.56.09:373][258]LogModuleManager: Shutting down and abandoning module ImgMediaEngine (386)
[2026.02.04-21.56.09:373][258]LogModuleManager: Shutting down and abandoning module MagicLeapARPin (384)
[2026.02.04-21.56.09:373][258]LogModuleManager: Shutting down and abandoning module MagicLeapHandMeshing (382)
[2026.02.04-21.56.09:373][258]LogModuleManager: Shutting down and abandoning module MagicLeapSecureStorage (380)
[2026.02.04-21.56.09:373][258]LogModuleManager: Shutting down and abandoning module MagicLeapPrivileges (378)
[2026.02.04-21.56.09:373][258]LogModuleManager: Shutting down and abandoning module MagicLeapPlanes (376)
[2026.02.04-21.56.09:373][258]LogMagicLeapPlanes: Planes tracker already destroyed.
[2026.02.04-21.56.09:373][258]LogModuleManager: Shutting down and abandoning module MagicLeapImageTracker (374)
[2026.02.04-21.56.09:373][258]LogModuleManager: Shutting down and abandoning module MagicLeapIdentity (372)
[2026.02.04-21.56.09:373][258]LogModuleManager: Shutting down and abandoning module MagicLeapHandTracking (370)
[2026.02.04-21.56.09:373][258]LogModuleManager: Shutting down and abandoning module MagicLeapEyeTracker (368)
[2026.02.04-21.56.09:373][258]LogModuleManager: Shutting down and abandoning module MagicLeapController (366)
[2026.02.04-21.56.09:373][258]LogModuleManager: Shutting down and abandoning module MagicLeapARPinImpl (364)
[2026.02.04-21.56.09:373][258]LogModuleManager: Shutting down and abandoning module MagicLeapAR (362)
[2026.02.04-21.56.09:373][258]LogModuleManager: Shutting down and abandoning module NiagaraAnimNotifies (360)
[2026.02.04-21.56.09:373][258]LogModuleManager: Shutting down and abandoning module Niagara (358)
[2026.02.04-21.56.09:373][258]LogModuleManager: Shutting down and abandoning module SignalProcessing (357)
[2026.02.04-21.56.09:373][258]LogModuleManager: Shutting down and abandoning module NiagaraEditor (355)
[2026.02.04-21.56.09:374][258]LogModuleManager: Shutting down and abandoning module NiagaraCore (352)
[2026.02.04-21.56.09:374][258]LogModuleManager: Shutting down and abandoning module PythonScriptPlugin (350)
[2026.02.04-21.56.09:374][258]LogModuleManager: Shutting down and abandoning module GameplayTagsEditor (348)
[2026.02.04-21.56.09:374][258]LogModuleManager: Shutting down and abandoning module FacialAnimationEditor (346)
[2026.02.04-21.56.09:374][258]LogModuleManager: Shutting down and abandoning module FacialAnimation (344)
[2026.02.04-21.56.09:374][258]LogModuleManager: Shutting down and abandoning module DataValidation (342)
[2026.02.04-21.56.09:374][258]LogModuleManager: Shutting down and abandoning module AssetManagerEditor (340)
[2026.02.04-21.56.09:374][258]LogModuleManager: Shutting down and abandoning module LevelEditor (339)
[2026.02.04-21.56.09:375][258]LogModuleManager: Shutting down and abandoning module PixelInspectorModule (338)
[2026.02.04-21.56.09:375][258]LogModuleManager: Shutting down and abandoning module CommonMenuExtensions (336)
[2026.02.04-21.56.09:375][258]LogModuleManager: Shutting down and abandoning module MainFrame (334)
[2026.02.04-21.56.09:375][258]LogModuleManager: Shutting down and abandoning module HotReload (333)
[2026.02.04-21.56.09:377][258]LogModuleManager: Shutting down and abandoning module ToolMenus (329)
[2026.02.04-21.56.09:377][258]LogModuleManager: Shutting down and abandoning module ContentBrowser (327)
[2026.02.04-21.56.09:377][258]LogModuleManager: Shutting down and abandoning module ContentBrowserData (326)
[2026.02.04-21.56.09:377][258]LogModuleManager: Shutting down and abandoning module TreeMap (323)
[2026.02.04-21.56.09:377][258]LogModuleManager: Shutting down and abandoning module PropertyAccessNode (320)
[2026.02.04-21.56.09:377][258]LogModuleManager: Shutting down and abandoning module AnimationSharing (318)
[2026.02.04-21.56.09:377][258]LogModuleManager: Shutting down and abandoning module GameplayCameras (316)
[2026.02.04-21.56.09:377][258]LogModuleManager: Shutting down and abandoning module LightPropagationVolumeRuntime (314)
[2026.02.04-21.56.09:377][258]LogModuleManager: Shutting down and abandoning module EnvironmentQueryEditor (312)
[2026.02.04-21.56.09:377][258]LogModuleManager: Shutting down and abandoning module Paper2D (310)
[2026.02.04-21.56.09:377][258]LogModuleManager: Shutting down and abandoning module WindowsMoviePlayer (308)
[2026.02.04-21.56.09:378][258]LogModuleManager: Shutting down and abandoning module WebMMoviePlayer (306)
[2026.02.04-21.56.09:378][258]LogModuleManager: Shutting down and abandoning module NetworkReplayStreaming (304)
[2026.02.04-21.56.09:378][258]LogModuleManager: Shutting down and abandoning module PacketHandler (302)
[2026.02.04-21.56.09:378][258]LogModuleManager: Shutting down and abandoning module ClothingSystemEditor (300)
[2026.02.04-21.56.09:378][258]LogModuleManager: Shutting down and abandoning module ClothingSystemRuntimeNv (298)
[2026.02.04-21.56.09:378][258]LogModuleManager: Shutting down and abandoning module MediaAssets (296)
[2026.02.04-21.56.09:378][258]LogModuleManager: Shutting down and abandoning module Overlay (294)
[2026.02.04-21.56.09:378][258]LogModuleManager: Shutting down and abandoning module OverlayEditor (293)
[2026.02.04-21.56.09:378][258]LogModuleManager: Shutting down and abandoning module VREditor (290)
[2026.02.04-21.56.09:378][258]LogModuleManager: Shutting down and abandoning module StringTableEditor (288)
[2026.02.04-21.56.09:378][258]LogModuleManager: Shutting down and abandoning module GameplayTasksEditor (286)
[2026.02.04-21.56.09:378][258]LogModuleManager: Shutting down and abandoning module BehaviorTreeEditor (284)
[2026.02.04-21.56.09:378][258]LogModuleManager: Shutting down and abandoning module FunctionalTesting (282)
[2026.02.04-21.56.09:378][258]LogModuleManager: Shutting down and abandoning module CollisionAnalyzer (280)
[2026.02.04-21.56.09:378][258]LogModuleManager: Shutting down and abandoning module WorkspaceMenuStructure (279)
[2026.02.04-21.56.09:379][258]LogModuleManager: Shutting down and abandoning module UMG (276)
[2026.02.04-21.56.09:379][258]LogModuleManager: Shutting down and abandoning module UMGEditor (275)
[2026.02.04-21.56.09:379][258]LogModuleManager: Shutting down and abandoning module MessageLog (273)
[2026.02.04-21.56.09:379][258]LogModuleManager: Shutting down and abandoning module SlateReflector (268)
[2026.02.04-21.56.09:379][258]LogModuleManager: Shutting down and abandoning module Slate (266)
[2026.02.04-21.56.09:379][258]LogModuleManager: Shutting down and abandoning module SlateCore (264)
[2026.02.04-21.56.09:380][258]LogModuleManager: Shutting down and abandoning module LandscapeEditorUtilities (262)
[2026.02.04-21.56.09:380][258]LogModuleManager: Shutting down and abandoning module UnrealEd (260)
[2026.02.04-21.56.09:381][258]LogModuleManager: Shutting down and abandoning module MRMesh (258)
[2026.02.04-21.56.09:381][258]LogModuleManager: Shutting down and abandoning module SourceCodeAccess (256)
[2026.02.04-21.56.09:381][258]LogModuleManager: Shutting down and abandoning module HeadMountedDisplay (254)
[2026.02.04-21.56.09:381][258]LogModuleManager: Shutting down and abandoning module XAudio2 (252)
[2026.02.04-21.56.09:381][258]LogModuleManager: Shutting down and abandoning module Networking (250)
[2026.02.04-21.56.09:381][258]LogModuleManager: Shutting down and abandoning module Core (248)
[2026.02.04-21.56.09:381][258]LogModuleManager: Shutting down and abandoning module MaterialEditor (246)
[2026.02.04-21.56.09:381][258]LogModuleManager: Shutting down and abandoning module MovieSceneTools (244)
[2026.02.04-21.56.09:381][258]LogModuleManager: Shutting down and abandoning module CurveEditor (243)
[2026.02.04-21.56.09:381][258]LogModuleManager: Shutting down and abandoning module Sequencer (241)
[2026.02.04-21.56.09:381][258]LogModuleManager: Shutting down and abandoning module EditorStyle (240)
[2026.02.04-21.56.09:383][258]LogModuleManager: Shutting down and abandoning module KismetCompiler (236)
[2026.02.04-21.56.09:383][258]LogModuleManager: Shutting down and abandoning module MeshBuilder (234)
[2026.02.04-21.56.09:383][258]LogModuleManager: Shutting down and abandoning module MeshUtilities (232)
[2026.02.04-21.56.09:383][258]LogModuleManager: Shutting down and abandoning module MeshMergeUtilities (231)
[2026.02.04-21.56.09:383][258]LogModuleManager: Shutting down and abandoning module MeshReductionInterface (230)
[2026.02.04-21.56.09:383][258]LogModuleManager: Shutting down and abandoning module MeshBoneReduction (229)
[2026.02.04-21.56.09:383][258]LogModuleManager: Shutting down and abandoning module SkeletalMeshReduction (227)
[2026.02.04-21.56.09:383][258]LogModuleManager: Shutting down and abandoning module ProxyLODMeshReduction (225)
[2026.02.04-21.56.09:383][258]LogModuleManager: Shutting down and abandoning module QuadricMeshReduction (223)
[2026.02.04-21.56.09:383][258]LogModuleManager: Shutting down and abandoning module MaterialBaking (219)
[2026.02.04-21.56.09:383][258]LogModuleManager: Shutting down and abandoning module NullInstallBundleManager (214)
[2026.02.04-21.56.09:383][258]LogModuleManager: Shutting down and abandoning module DerivedDataCache (212)
[2026.02.04-21.56.09:383][258]LogModuleManager: Shutting down and abandoning module TargetPlatform (210)
[2026.02.04-21.56.09:383][258]LogModuleManager: Shutting down and abandoning module VulkanShaderFormat (209)
[2026.02.04-21.56.09:384][258]LogModuleManager: Shutting down and abandoning module ShaderFormatVectorVM (207)
[2026.02.04-21.56.09:384][258]LogModuleManager: Shutting down and abandoning module ShaderFormatOpenGL (205)
[2026.02.04-21.56.09:384][258]LogModuleManager: Shutting down and abandoning module ShaderFormatD3D (203)
[2026.02.04-21.56.09:384][258]LogModuleManager: Shutting down and abandoning module MetalShaderFormat (201)
[2026.02.04-21.56.09:384][258]LogModuleManager: Shutting down and abandoning module TextureFormatOodle (199)
[2026.02.04-21.56.09:384][258]LogModuleManager: Shutting down and abandoning module TextureFormatUncompressed (197)
[2026.02.04-21.56.09:384][258]LogModuleManager: Shutting down and abandoning module TextureFormatPVR (195)
[2026.02.04-21.56.09:384][258]LogModuleManager: Shutting down and abandoning module TextureFormatETC2 (193)
[2026.02.04-21.56.09:384][258]LogModuleManager: Shutting down and abandoning module TextureFormatDXT (191)
[2026.02.04-21.56.09:384][258]LogModuleManager: Shutting down and abandoning module TextureFormatIntelISPCTexComp (189)
[2026.02.04-21.56.09:384][258]LogModuleManager: Shutting down and abandoning module TextureFormatASTC (187)
[2026.02.04-21.56.09:384][258]LogModuleManager: Shutting down and abandoning module ImageWrapper (186)
[2026.02.04-21.56.09:384][258]LogModuleManager: Shutting down and abandoning module AudioFormatOpus (183)
[2026.02.04-21.56.09:384][258]LogModuleManager: Shutting down and abandoning module AudioFormatOgg (181)
[2026.02.04-21.56.09:384][258]LogModuleManager: Shutting down and abandoning module AudioFormatADPCM (179)
[2026.02.04-21.56.09:384][258]LogModuleManager: Shutting down and abandoning module WindowsServerTargetPlatform (177)
[2026.02.04-21.56.09:384][258]LogModuleManager: Shutting down and abandoning module WindowsClientTargetPlatform (175)
[2026.02.04-21.56.09:384][258]LogModuleManager: Shutting down and abandoning module WindowsTargetPlatform (173)
[2026.02.04-21.56.09:384][258]LogModuleManager: Shutting down and abandoning module WindowsNoEditorTargetPlatform (171)
[2026.02.04-21.56.09:384][258]LogModuleManager: Shutting down and abandoning module TVOSTargetPlatform (169)
[2026.02.04-21.56.09:385][258]LogModuleManager: Shutting down and abandoning module MacServerTargetPlatform (167)
[2026.02.04-21.56.09:385][258]LogModuleManager: Shutting down and abandoning module MacClientTargetPlatform (165)
[2026.02.04-21.56.09:385][258]LogModuleManager: Shutting down and abandoning module MacTargetPlatform (163)
[2026.02.04-21.56.09:385][258]LogModuleManager: Shutting down and abandoning module MacNoEditorTargetPlatform (161)
[2026.02.04-21.56.09:385][258]LogModuleManager: Shutting down and abandoning module LuminTargetPlatform (159)
[2026.02.04-21.56.09:386][258]LogModuleManager: Shutting down and abandoning module LinuxAArch64ServerTargetPlatform (157)
[2026.02.04-21.56.09:386][258]LogModuleManager: Shutting down and abandoning module LinuxAArch64ClientTargetPlatform (155)
[2026.02.04-21.56.09:386][258]LogModuleManager: Shutting down and abandoning module LinuxAArch64NoEditorTargetPlatform (153)
[2026.02.04-21.56.09:386][258]LogModuleManager: Shutting down and abandoning module LinuxServerTargetPlatform (151)
[2026.02.04-21.56.09:387][258]LogModuleManager: Shutting down and abandoning module LinuxClientTargetPlatform (149)
[2026.02.04-21.56.09:387][258]LogModuleManager: Shutting down and abandoning module LinuxNoEditorTargetPlatform (147)
[2026.02.04-21.56.09:387][258]LogModuleManager: Shutting down and abandoning module LinuxTargetPlatform (145)
[2026.02.04-21.56.09:387][258]LogModuleManager: Shutting down and abandoning module Messaging (143)
[2026.02.04-21.56.09:387][258]LogModuleManager: Shutting down and abandoning module IOSTargetPlatform (141)
[2026.02.04-21.56.09:388][258]LogModuleManager: Shutting down and abandoning module AndroidTargetPlatform (139)
[2026.02.04-21.56.09:391][258]LogModuleManager: Shutting down and abandoning module AllDesktopTargetPlatform (137)
[2026.02.04-21.56.09:391][258]LogModuleManager: Shutting down and abandoning module D3D11RHI (134)
[2026.02.04-21.56.09:391][258]LogModuleManager: Shutting down and abandoning module InputCore (132)
[2026.02.04-21.56.09:391][258]LogModuleManager: Shutting down and abandoning module Settings (130)
[2026.02.04-21.56.09:391][258]LogModuleManager: Shutting down and abandoning module DirectoryWatcher (128)
[2026.02.04-21.56.09:392][258]LogModuleManager: Shutting down and abandoning module PhysXCooking (126)
[2026.02.04-21.56.09:392][258]LogModuleManager: Shutting down and abandoning module Chaos (124)
[2026.02.04-21.56.09:392][258]LogModuleManager: Shutting down and abandoning module WindowsPlatformFeatures (122)
[2026.02.04-21.56.09:392][258]LogModuleManager: Shutting down and abandoning module GameplayMediaEncoder (121)
[2026.02.04-21.56.09:392][258]LogModuleManager: Shutting down and abandoning module AVEncoder (120)
[2026.02.04-21.56.09:392][258]LogModuleManager: Shutting down and abandoning module SteamVRInputDevice (116)
[2026.02.04-21.56.09:392][258]LogModuleManager: Shutting down and abandoning module SteamVRInput (114)
[2026.02.04-21.56.09:392][258]LogModuleManager: Shutting down and abandoning module SteamVR (112)
[2026.02.04-21.56.09:392][258]LogHMD: Freeing OpenVRDLLHandle.
[2026.02.04-21.56.09:392][258]LogModuleManager: Shutting down and abandoning module OculusHMD (110)
[2026.02.04-21.56.09:392][258]LogModuleManager: Shutting down and abandoning module OpenXRHandTracking (108)
[2026.02.04-21.56.09:393][258]LogSlate: Slate User Destroyed.  User Index 0, Is Virtual User: 0
[2026.02.04-21.56.09:393][258]LogModuleManager: Shutting down and abandoning module OpenXRAR (106)
[2026.02.04-21.56.09:393][258]LogModuleManager: Shutting down and abandoning module AugmentedReality (105)
[2026.02.04-21.56.09:393][258]LogModuleManager: Shutting down and abandoning module OpenXRHMD (102)
[2026.02.04-21.56.09:393][258]LogModuleManager: Shutting down and abandoning module OpenXREyeTracker (100)
[2026.02.04-21.56.09:393][258]LogModuleManager: Shutting down and abandoning module ExampleDeviceProfileSelector (98)
[2026.02.04-21.56.09:394][258]LogModuleManager: Shutting down and abandoning module ChunkDownloader (96)
[2026.02.04-21.56.09:394][258]LogModuleManager: Shutting down and abandoning module LauncherChunkInstaller (94)
[2026.02.04-21.56.09:394][258]LogModuleManager: Shutting down and abandoning module OnlineBlueprintSupport (92)
[2026.02.04-21.56.09:394][258]LogModuleManager: Shutting down and abandoning module OnlineSubsystem (88)
[2026.02.04-21.56.09:395][258]LogModuleManager: Shutting down and abandoning module XMPP (83)
[2026.02.04-21.56.09:396][258]LogModuleManager: Shutting down and abandoning module WebSockets (82)
[2026.02.04-21.56.09:427][258]LogModuleManager: Shutting down and abandoning module HTTP (79)
[2026.02.04-21.56.09:427][258]LogHttp: Display: Http module shutting down, but needs to wait on 1 outstanding Http requests:
[2026.02.04-21.56.09:427][258]LogHttp: Display: 	verb=[POST] url=[https://datarouter.ol.epicgames.com/datarouter/api/v1/public/data?SessionID=%7B1A29C81D-4157-8B9C-F257-5D8F25E5F532%7D&AppID=UEEditor.Rocket.Release&AppVersion=4.27.2-18319896%2B%2B%2BUE4%2BRelease-4.27&UserID=3eadeb334a09c138a68d60b593878835%7C8c0f7f1633984bb789070dad4917d369%7C97a2f4a2-b958-4fc7-b9dd-dc3998f53197&AppEnvironment=datacollector-binary&UploadType=eteventstream] refs=[1] status=Processing
[2026.02.04-21.56.09:427][258]LogHttp: Display: cleaning up 1 outstanding Http requests.
[2026.02.04-21.56.09:446][258]LogModuleManager: Shutting down and abandoning module SSL (78)
[2026.02.04-21.56.09:448][258]LogModuleManager: Shutting down and abandoning module WmfMedia (74)
[2026.02.04-21.56.09:452][258]LogModuleManager: Shutting down and abandoning module Media (73)
[2026.02.04-21.56.09:454][258]LogModuleManager: Shutting down and abandoning module MediaInfo (72)
[2026.02.04-21.56.09:454][258]LogModuleManager: Shutting down and abandoning module ExrReaderGpu (68)
[2026.02.04-21.56.09:454][258]LogModuleManager: Shutting down and abandoning module MLSDK (66)
[2026.02.04-21.56.09:454][258]LogModuleManager: Shutting down and abandoning module MagicLeap (64)
[2026.02.04-21.56.09:454][258]LogModuleManager: Shutting down and abandoning module NiagaraVertexFactories (62)
[2026.02.04-21.56.09:454][258]LogModuleManager: Shutting down and abandoning module NiagaraShader (60)
[2026.02.04-21.56.09:454][258]LogModuleManager: Shutting down and abandoning module ChaosCloth (58)
[2026.02.04-21.56.09:454][258]LogModuleManager: Shutting down and abandoning module VariantManagerContent (56)
[2026.02.04-21.56.09:455][258]LogModuleManager: Shutting down and abandoning module DatasmithContent (54)
[2026.02.04-21.56.09:455][258]LogModuleManager: Shutting down and abandoning module PixWinPlugin (52)
[2026.02.04-21.56.09:455][258]LogModuleManager: Shutting down and abandoning module AISupportModule (50)
[2026.02.04-21.56.09:455][258]LogModuleManager: Shutting down and abandoning module DesktopPlatform (48)
[2026.02.04-21.56.09:455][258]LogModuleManager: Shutting down and abandoning module PythonScriptPluginPreload (46)
[2026.02.04-21.56.09:455][258]LogModuleManager: Shutting down and abandoning module PlatformCryptoOpenSSL (44)
[2026.02.04-21.56.09:456][258]LogModuleManager: Shutting down and abandoning module PlatformCryptoTypes (42)
[2026.02.04-21.56.09:456][258]LogModuleManager: Shutting down and abandoning module PlatformCrypto (40)
[2026.02.04-21.56.09:456][258]LogModuleManager: Shutting down and abandoning module OodleDataCompressionFormat (38)
[2026.02.04-21.56.09:456][258]LogModuleManager: Shutting down and abandoning module XGEController (36)
[2026.02.04-21.56.09:456][258]LogModuleManager: Shutting down and abandoning module AnimationModifiers (34)
[2026.02.04-21.56.09:456][258]LogModuleManager: Shutting down and abandoning module AudioEditor (32)
[2026.02.04-21.56.09:456][258]LogModuleManager: Shutting down and abandoning module PropertyEditor (31)
[2026.02.04-21.56.09:456][258]LogModuleManager: Shutting down and abandoning module TextureCompressor (28)
[2026.02.04-21.56.09:456][258]LogModuleManager: Shutting down and abandoning module RenderCore (26)
[2026.02.04-21.56.09:456][258]LogModuleManager: Shutting down and abandoning module Landscape (24)
[2026.02.04-21.56.09:456][258]LogModuleManager: Shutting down and abandoning module SlateRHIRenderer (22)
[2026.02.04-21.56.09:457][258]LogModuleManager: Shutting down and abandoning module AnimGraphRuntime (20)
[2026.02.04-21.56.09:457][258]LogModuleManager: Shutting down and abandoning module Renderer (18)
[2026.02.04-21.56.09:457][258]LogModuleManager: Shutting down and abandoning module Engine (16)
[2026.02.04-21.56.09:457][258]LogModuleManager: Shutting down and abandoning module CoreUObject (14)
[2026.02.04-21.56.09:457][258]LogModuleManager: Shutting down and abandoning module NetworkFile (12)
[2026.02.04-21.56.09:457][258]LogModuleManager: Shutting down and abandoning module CookedIterativeFile (10)
[2026.02.04-21.56.09:457][258]LogModuleManager: Shutting down and abandoning module StreamingFile (8)
[2026.02.04-21.56.09:457][258]LogModuleManager: Shutting down and abandoning module SandboxFile (6)
[2026.02.04-21.56.09:457][258]LogModuleManager: Shutting down and abandoning module PakFile (4)
[2026.02.04-21.56.09:458][258]LogModuleManager: Shutting down and abandoning module RSA (3)
[2026.02.04-21.56.09:458][258]LogContentStreaming: Display: There are 1 unreleased StreamingManagers
[2026.02.04-21.56.09:587][258]LogD3D11RHI: Shutdown
[2026.02.04-21.56.09:587][258]LogD3D11RHI: CleanupD3DDevice
[2026.02.04-21.56.09:606][258]LogExit: Exiting.
[2026.02.04-21.56.09:612][258]Log file closed, 02/04/26 22:56:09
