Log file open, 02/11/26 18:29:36
LogWindows: Failed to load 'aqProf.dll' (GetLastError=126)
LogWindows: File 'aqProf.dll' does not exist
LogWindows: Failed to load 'VtuneApi.dll' (GetLastError=126)
LogWindows: File 'VtuneApi.dll' does not exist
LogWindows: Failed to load 'VtuneApi32e.dll' (GetLastError=126)
LogWindows: File 'VtuneApi32e.dll' does not exist
LogConsoleResponse: Display: Failed to find resolution value strings in scalability ini. Falling back to default.
LogConsoleResponse: Display: Failed to find resolution value strings in scalability ini. Falling back to default.
LogInit: Display: Running engine for game: TopDownAC
LogPlatformFile: Not using cached read wrapper
LogTaskGraph: Started task graph with 5 named threads and 59 total threads with 3 sets of task threads.
LogStats: Stats thread started at 0.183807
LogICUInternationalization: ICU TimeZone Detection - Raw Offset: +1:00, Platform Override: ''
LogInit: Display: Loading text-based GConfig....
LogPluginManager: Mounting plugin MeshPainting
LogPluginManager: Mounting plugin XGEController
LogPluginManager: Mounting plugin Paper2D
LogPluginManager: Mounting plugin AISupport
LogPluginManager: Mounting plugin EnvironmentQueryEditor
LogPluginManager: Mounting plugin LiveLink
LogPluginManager: Mounting plugin LightPropagationVolume
LogPluginManager: Mounting plugin CameraShakePreviewer
LogPluginManager: Mounting plugin OodleData
LogPluginManager: Mounting plugin AnimationSharing
LogPluginManager: Mounting plugin OodleNetwork
LogPluginManager: Mounting plugin CLionSourceCodeAccess
LogPluginManager: Mounting plugin CodeLiteSourceCodeAccess
LogPluginManager: Mounting plugin GameplayCameras
LogPluginManager: Mounting plugin NullSourceCodeAccess
LogPluginManager: Mounting plugin PerforceSourceControl
LogPluginManager: Mounting plugin PixWinPlugin
LogPluginManager: Mounting plugin KDevelopSourceCodeAccess
LogPluginManager: Mounting plugin PluginUtils
LogPluginManager: Mounting plugin PlasticSourceControl
LogPluginManager: Mounting plugin GitSourceControl
LogPluginManager: Mounting plugin PropertyAccessNode
LogPluginManager: Mounting plugin UObjectPlugin
LogPluginManager: Mounting plugin XCodeSourceCodeAccess
LogPluginManager: Mounting plugin TextureFormatOodle
LogPluginManager: Mounting plugin DatasmithContent
LogPluginManager: Mounting plugin VariantManagerContent
LogPluginManager: Mounting plugin RiderSourceCodeAccess
LogPluginManager: Mounting plugin SubversionSourceControl
LogPluginManager: Mounting plugin AlembicImporter
LogPluginManager: Mounting plugin AutomationUtils
LogPluginManager: Mounting plugin BackChannel
LogPluginManager: Mounting plugin VisualStudioCodeSourceCodeAccess
LogPluginManager: Mounting plugin ChaosClothEditor
LogPluginManager: Mounting plugin ChaosEditor
LogPluginManager: Mounting plugin ChaosSolverPlugin
LogPluginManager: Mounting plugin ChaosCloth
LogPluginManager: Mounting plugin ChaosNiagara
LogPluginManager: Mounting plugin CharacterAI
LogPluginManager: Mounting plugin GeometryCache
LogPluginManager: Mounting plugin GeometryProcessing
LogPluginManager: Mounting plugin VisualStudioSourceCodeAccess
LogPluginManager: Mounting plugin GeometryCollectionPlugin
LogPluginManager: Mounting plugin MotoSynth
LogPluginManager: Mounting plugin OpenImageDenoise
LogPluginManager: Mounting plugin ProxyLODPlugin
LogPluginManager: Mounting plugin PlanarCut
LogPluginManager: Mounting plugin PlatformCrypto
LogPluginManager: Mounting plugin PythonScriptPlugin
LogPluginManager: Mounting plugin SkeletalReduction
LogPluginManager: Mounting plugin LuminPlatformFeatures
LogPluginManager: Mounting plugin MagicLeap
LogPluginManager: Mounting plugin MagicLeapLightEstimation
LogPluginManager: Mounting plugin MagicLeapMedia
LogPluginManager: Mounting plugin MagicLeapPassableWorld
LogPluginManager: Mounting plugin MLSDK
LogPluginManager: Mounting plugin Niagara
LogPluginManager: Mounting plugin AssetManagerEditor
LogPluginManager: Mounting plugin AndroidMedia
LogPluginManager: Mounting plugin CurveEditorTools
LogPluginManager: Mounting plugin DataValidation
LogPluginManager: Mounting plugin FacialAnimation
LogPluginManager: Mounting plugin GameplayTagsEditor
LogPluginManager: Mounting plugin AvfMedia
LogPluginManager: Mounting plugin MaterialAnalyzer
LogPluginManager: Mounting plugin MobileLauncherProfileWizard
LogPluginManager: Mounting plugin GeometryMode
LogPluginManager: Mounting plugin MacGraphicsSwitching
LogPluginManager: Mounting plugin PluginBrowser
LogPluginManager: Mounting plugin SpeedTreeImporter
LogPluginManager: Mounting plugin ImgMedia
LogPluginManager: Mounting plugin WebMMedia
LogPluginManager: Mounting plugin MediaPlayerEditor
LogPluginManager: Mounting plugin WmfMedia
LogPluginManager: Mounting plugin TcpMessaging
LogPluginManager: Mounting plugin UdpMessaging
LogPluginManager: Mounting plugin OnlineSubsystem
LogPluginManager: Mounting plugin OnlineSubsystemNull
LogPluginManager: Mounting plugin ActorLayerUtilities
LogPluginManager: Mounting plugin CryptoKeys
LogPluginManager: Mounting plugin LauncherChunkInstaller
LogPluginManager: Mounting plugin ActorSequence
LogPluginManager: Mounting plugin AndroidMoviePlayer
LogPluginManager: Mounting plugin AndroidPermission
LogPluginManager: Mounting plugin AppleMoviePlayer
LogPluginManager: Mounting plugin ArchVisCharacter
LogPluginManager: Mounting plugin AssetTags
LogPluginManager: Mounting plugin AudioCapture
LogPluginManager: Mounting plugin CableComponent
LogPluginManager: Mounting plugin ChunkDownloader
LogPluginManager: Mounting plugin CustomMeshComponent
LogPluginManager: Mounting plugin EditableMesh
LogPluginManager: Mounting plugin AudioSynesthesia
LogPluginManager: Mounting plugin ExampleDeviceProfileSelector
LogPluginManager: Mounting plugin AppleImageUtils
LogPluginManager: Mounting plugin LevelSequenceEditor
LogPluginManager: Mounting plugin GoogleCloudMessaging
LogPluginManager: Mounting plugin MatineeToLevelSequence
LogPluginManager: Mounting plugin TemplateSequence
LogPluginManager: Mounting plugin GooglePAD
LogPluginManager: Mounting plugin IOSDeviceProfileSelector
LogPluginManager: Mounting plugin LocationServicesBPLibrary
LogPluginManager: Mounting plugin LinuxDeviceProfileSelector
LogPluginManager: Mounting plugin MobilePatchingUtils
LogPluginManager: Mounting plugin OnlineSubsystemUtils
LogPluginManager: Mounting plugin MediaCompositing
LogPluginManager: Mounting plugin OpenXR
LogPluginManager: Mounting plugin OpenXRHandTracking
LogPluginManager: Mounting plugin OpenXREyeTracker
LogPluginManager: Mounting plugin PhysXVehicles
LogPluginManager: Mounting plugin PostSplashScreen
LogPluginManager: Mounting plugin ProceduralMeshComponent
LogPluginManager: Mounting plugin Takes
LogPluginManager: Mounting plugin PropertyAccessEditor
LogPluginManager: Mounting plugin RuntimePhysXCooking
LogPluginManager: Mounting plugin SoundFields
LogPluginManager: Mounting plugin SignificanceManager
LogPluginManager: Mounting plugin Synthesis
LogPluginManager: Mounting plugin WebMMoviePlayer
LogPluginManager: Mounting plugin WindowsMoviePlayer
LogPluginManager: Mounting plugin ScreenshotTools
LogPluginManager: Mounting plugin AndroidDeviceProfileSelector
LogPluginManager: Mounting plugin ContentBrowserAssetDataSource
LogPluginManager: Mounting plugin ContentBrowserClassDataSource
LogPluginManager: Mounting plugin ContentBrowserFileDataSource
LogPluginManager: Mounting plugin OnlineSubsystemIOS
LogPluginManager: Mounting plugin OnlineSubsystemGooglePlay
LogPluginManager: Mounting plugin OculusVR
LogPluginManager: Mounting plugin SteamVR
PixWinPlugin: PIX capture plugin failed to initialize! Check that the process is launched from PIX.
LogInit: Using libcurl 7.55.1-DEV
LogInit:  - built for x86_64-pc-win32
LogInit:  - supports SSL with OpenSSL/1.1.1
LogInit:  - supports HTTP deflate (compression) using libz 1.2.8
LogInit:  - other features:
LogInit:      CURL_VERSION_SSL
LogInit:      CURL_VERSION_LIBZ
LogInit:      CURL_VERSION_IPV6
LogInit:      CURL_VERSION_ASYNCHDNS
LogInit:      CURL_VERSION_LARGEFILE
LogInit:      CURL_VERSION_IDN
LogInit:  CurlRequestOptions (configurable via config and command line):
LogInit:  - bVerifyPeer = true  - Libcurl will verify peer certificate
LogInit:  - bUseHttpProxy = false  - Libcurl will NOT use HTTP proxy
LogInit:  - bDontReuseConnections = false  - Libcurl will reuse connections
LogInit:  - MaxHostConnections = 16  - Libcurl will limit the number of connections to a host
LogInit:  - LocalHostAddr = Default
LogInit:  - BufferSize = 65536
LogOnline: OSS: Creating online subsystem instance for: NULL
LogInit: WinSock: version 1.1 (2.2), MaxSocks=32767, MaxUdp=65467
LogOnline: OSS: TryLoadSubsystemAndSetDefault: Loaded subsystem for module [NULL]
LogOculusPluginWrapper: OculusPlugin initialized successfully
LogHMD: Failed initializing OVRPlugin 1.59.0
LogInit: Build: ++UE4+Release-4.27-CL-18319896
LogInit: Engine Version: 4.27.2-18319896+++UE4+Release-4.27
LogInit: Compatible Engine Version: 4.27.0-17155196+++UE4+Release-4.27
LogInit: Net CL: 17155196
LogInit: OS: Windows 10 (Release 2009) (), CPU: 13th Gen Intel(R) Core(TM) i7-13650HX, GPU: Intel(R) UHD Graphics
LogInit: Compiled (64-bit): Nov 30 2021 07:12:08
LogInit: Compiled with Visual C++: 19.24.28315.00
LogInit: Build Configuration: Development
LogInit: Branch Name: ++UE4+Release-4.27
LogInit: Command Line:  -AUTH_LOGIN=unused -AUTH_PASSWORD=d640001241c24d28aaac7623302cd392 -AUTH_TYPE=exchangecode -epicapp=UE_4.27 -epicenv=Prod -EpicPortal -epicusername=Xotii -epicuserid=8c0f7f1633984bb789070dad4917d369 -epiclocale=pl -epicsandboxid=ue
LogInit: Base Directory: D:/Epic Games/UE_4.27/Engine/Binaries/Win64/
LogInit: Allocator: TBB
LogInit: Installed Engine Build: 1
LogDevObjectVersion: Number of dev versions registered: 29
LogDevObjectVersion:   Dev-Blueprints (B0D832E4-1F89-4F0D-ACCF-7EB736FD4AA2): 10
LogDevObjectVersion:   Dev-Build (E1C64328-A22C-4D53-A36C-8E866417BD8C): 0
LogDevObjectVersion:   Dev-Core (375EC13C-06E4-48FB-B500-84F0262A717E): 4
LogDevObjectVersion:   Dev-Editor (E4B068ED-F494-42E9-A231-DA0B2E46BB41): 40
LogDevObjectVersion:   Dev-Framework (CFFC743F-43B0-4480-9391-14DF171D2073): 37
LogDevObjectVersion:   Dev-Mobile (B02B49B5-BB20-44E9-A304-32B752E40360): 3
LogDevObjectVersion:   Dev-Networking (A4E4105C-59A1-49B5-A7C5-40C4547EDFEE): 0
LogDevObjectVersion:   Dev-Online (39C831C9-5AE6-47DC-9A44-9C173E1C8E7C): 0
LogDevObjectVersion:   Dev-Physics (78F01B33-EBEA-4F98-B9B4-84EACCB95AA2): 14
LogDevObjectVersion:   Dev-Platform (6631380F-2D4D-43E0-8009-CF276956A95A): 0
LogDevObjectVersion:   Dev-Rendering (12F88B9F-8875-4AFC-A67C-D90C383ABD29): 45
LogDevObjectVersion:   Dev-Sequencer (7B5AE74C-D270-4C10-A958-57980B212A5A): 13
LogDevObjectVersion:   Dev-VR (D7296918-1DD6-4BDD-9DE2-64A83CC13884): 3
LogDevObjectVersion:   Dev-LoadTimes (C2A15278-BFE7-4AFE-6C17-90FF531DF755): 1
LogDevObjectVersion:   Private-Geometry (6EACA3D4-40EC-4CC1-B786-8BED09428FC5): 3
LogDevObjectVersion:   Dev-AnimPhys (29E575DD-E0A3-4627-9D10-D276232CDCEA): 17
LogDevObjectVersion:   Dev-Anim (AF43A65D-7FD3-4947-9873-3E8ED9C1BB05): 15
LogDevObjectVersion:   Dev-ReflectionCapture (6B266CEC-1EC7-4B8F-A30B-E4D90942FC07): 1
LogDevObjectVersion:   Dev-Automation (0DF73D61-A23F-47EA-B727-89E90C41499A): 1
LogDevObjectVersion:   FortniteMain (601D1886-AC64-4F84-AA16-D3DE0DEAC7D6): 47
LogDevObjectVersion:   FortniteRelease (E7086368-6B23-4C58-8439-1B7016265E91): 1
LogDevObjectVersion:   Dev-Enterprise (9DFFBCD6-494F-0158-E221-12823C92A888): 10
LogDevObjectVersion:   Dev-Niagara (F2AED0AC-9AFE-416F-8664-AA7FFA26D6FC): 1
LogDevObjectVersion:   Dev-Destruction (174F1F0B-B4C6-45A5-B13F-2EE8D0FB917D): 10
LogDevObjectVersion:   Dev-Physics-Ext (35F94A83-E258-406C-A318-09F59610247C): 41
LogDevObjectVersion:   Dev-PhysicsMaterial-Chaos (B68FC16E-8B1B-42E2-B453-215C058844FE): 1
LogDevObjectVersion:   Dev-CineCamera (B2E18506-4273-CFC2-A54E-F4BB758BBA07): 1
LogDevObjectVersion:   Dev-VirtualProduction (64F58936-FD1B-42BA-BA96-7289D5D0FA4E): 1
LogDevObjectVersion:   Dev-MediaFramework (6F0ED827-A609-4895-9C91-998D90180EA4): 2
LogInit: Presizing for max 25165824 objects, including 0 objects not considered by GC, pre-allocating 0 bytes for permanent pool.
LogConfig: Applying CVar settings from Section [/Script/Engine.StreamingSettings] File [D:/Repozytoria/UE 4.27/KZ_TopDownShooter/TopDownAC/Saved/Config/Windows/Engine.ini]
LogConfig: Setting CVar [[s.MinBulkDataSizeForAsyncLoading:131072]]
LogConfig: Setting CVar [[s.AsyncLoadingThreadEnabled:0]]
LogConfig: Setting CVar [[s.EventDrivenLoaderEnabled:1]]
LogConfig: Setting CVar [[s.WarnIfTimeLimitExceeded:0]]
LogConfig: Setting CVar [[s.TimeLimitExceededMultiplier:1.5]]
LogConfig: Setting CVar [[s.TimeLimitExceededMinTime:0.005]]
LogConfig: Setting CVar [[s.UseBackgroundLevelStreaming:1]]
LogConfig: Setting CVar [[s.PriorityAsyncLoadingExtraTime:15.0]]
LogConfig: Setting CVar [[s.LevelStreamingActorsUpdateTimeLimit:5.0]]
LogConfig: Setting CVar [[s.PriorityLevelStreamingActorsUpdateExtraTime:5.0]]
LogConfig: Setting CVar [[s.LevelStreamingComponentsRegistrationGranularity:10]]
LogConfig: Setting CVar [[s.UnregisterComponentsTimeLimit:1.0]]
LogConfig: Setting CVar [[s.LevelStreamingComponentsUnregistrationGranularity:5]]
LogConfig: Setting CVar [[s.FlushStreamingOnExit:1]]
LogInit: Object subsystem initialized
LogConfig: Setting CVar [[con.DebugEarlyDefault:1]]
LogConfig: Setting CVar [[r.setres:1280x720]]
[2026.02.11-17.29.36:551][  0]LogConfig: Setting CVar [[r.VSync:0]]
[2026.02.11-17.29.36:551][  0]LogConfig: Setting CVar [[r.RHICmdBypass:0]]
[2026.02.11-17.29.36:551][  0]LogConfig: Applying CVar settings from Section [/Script/Engine.RendererSettings] File [D:/Repozytoria/UE 4.27/KZ_TopDownShooter/TopDownAC/Saved/Config/Windows/Engine.ini]
[2026.02.11-17.29.36:551][  0]LogConfig: Setting CVar [[r.GPUCrashDebugging:0]]
[2026.02.11-17.29.36:551][  0]LogConfig: Applying CVar settings from Section [/Script/Engine.RendererOverrideSettings] File [D:/Repozytoria/UE 4.27/KZ_TopDownShooter/TopDownAC/Saved/Config/Windows/Engine.ini]
[2026.02.11-17.29.36:551][  0]LogConfig: Applying CVar settings from Section [/Script/Engine.StreamingSettings] File [D:/Repozytoria/UE 4.27/KZ_TopDownShooter/TopDownAC/Saved/Config/Windows/Engine.ini]
[2026.02.11-17.29.36:551][  0]LogConfig: Setting CVar [[s.MinBulkDataSizeForAsyncLoading:131072]]
[2026.02.11-17.29.36:551][  0]LogConfig: Setting CVar [[s.AsyncLoadingThreadEnabled:0]]
[2026.02.11-17.29.36:551][  0]LogConfig: Setting CVar [[s.EventDrivenLoaderEnabled:1]]
[2026.02.11-17.29.36:551][  0]LogConfig: Setting CVar [[s.WarnIfTimeLimitExceeded:0]]
[2026.02.11-17.29.36:551][  0]LogConfig: Setting CVar [[s.TimeLimitExceededMultiplier:1.5]]
[2026.02.11-17.29.36:551][  0]LogConfig: Setting CVar [[s.TimeLimitExceededMinTime:0.005]]
[2026.02.11-17.29.36:551][  0]LogConfig: Setting CVar [[s.UseBackgroundLevelStreaming:1]]
[2026.02.11-17.29.36:551][  0]LogConfig: Setting CVar [[s.PriorityAsyncLoadingExtraTime:15.0]]
[2026.02.11-17.29.36:551][  0]LogConfig: Setting CVar [[s.LevelStreamingActorsUpdateTimeLimit:5.0]]
[2026.02.11-17.29.36:551][  0]LogConfig: Setting CVar [[s.PriorityLevelStreamingActorsUpdateExtraTime:5.0]]
[2026.02.11-17.29.36:551][  0]LogConfig: Setting CVar [[s.LevelStreamingComponentsRegistrationGranularity:10]]
[2026.02.11-17.29.36:551][  0]LogConfig: Setting CVar [[s.UnregisterComponentsTimeLimit:1.0]]
[2026.02.11-17.29.36:551][  0]LogConfig: Setting CVar [[s.LevelStreamingComponentsUnregistrationGranularity:5]]
[2026.02.11-17.29.36:551][  0]LogConfig: Setting CVar [[s.FlushStreamingOnExit:1]]
[2026.02.11-17.29.36:551][  0]LogConfig: Applying CVar settings from Section [/Script/Engine.GarbageCollectionSettings] File [D:/Repozytoria/UE 4.27/KZ_TopDownShooter/TopDownAC/Saved/Config/Windows/Engine.ini]
[2026.02.11-17.29.36:551][  0]LogConfig: Setting CVar [[gc.MaxObjectsNotConsideredByGC:1]]
[2026.02.11-17.29.36:551][  0]LogConfig: Setting CVar [[gc.SizeOfPermanentObjectPool:0]]
[2026.02.11-17.29.36:551][  0]LogConfig: Setting CVar [[gc.FlushStreamingOnGC:0]]
[2026.02.11-17.29.36:551][  0]LogConfig: Setting CVar [[gc.NumRetriesBeforeForcingGC:10]]
[2026.02.11-17.29.36:551][  0]LogConfig: Setting CVar [[gc.AllowParallelGC:1]]
[2026.02.11-17.29.36:551][  0]LogConfig: Setting CVar [[gc.TimeBetweenPurgingPendingKillObjects:61.1]]
[2026.02.11-17.29.36:551][  0]LogConfig: Setting CVar [[gc.MaxObjectsInEditor:25165824]]
[2026.02.11-17.29.36:551][  0]LogConfig: Setting CVar [[gc.IncrementalBeginDestroyEnabled:1]]
[2026.02.11-17.29.36:551][  0]LogConfig: Setting CVar [[gc.CreateGCClusters:1]]
[2026.02.11-17.29.36:551][  0]LogConfig: Setting CVar [[gc.MinGCClusterSize:5]]
[2026.02.11-17.29.36:551][  0]LogConfig: Setting CVar [[gc.ActorClusteringEnabled:0]]
[2026.02.11-17.29.36:551][  0]LogConfig: Setting CVar [[gc.BlueprintClusteringEnabled:0]]
[2026.02.11-17.29.36:551][  0]LogConfig: Setting CVar [[gc.UseDisregardForGCOnDedicatedServers:0]]
[2026.02.11-17.29.36:551][  0]LogConfig: Setting CVar [[gc.MultithreadedDestructionEnabled:1]]
[2026.02.11-17.29.36:551][  0]LogConfig: Applying CVar settings from Section [/Script/Engine.NetworkSettings] File [D:/Repozytoria/UE 4.27/KZ_TopDownShooter/TopDownAC/Saved/Config/Windows/Engine.ini]
[2026.02.11-17.29.36:551][  0]LogConfig: Applying CVar settings from Section [/Script/UnrealEd.CookerSettings] File [D:/Repozytoria/UE 4.27/KZ_TopDownShooter/TopDownAC/Saved/Config/Windows/Engine.ini]
[2026.02.11-17.29.36:562][  0]LogConfig: Applying CVar settings from Section [ViewDistanceQuality@3] File [D:/Repozytoria/UE 4.27/KZ_TopDownShooter/TopDownAC/Saved/Config/Windows/Scalability.ini]
[2026.02.11-17.29.36:562][  0]LogConfig: Setting CVar [[r.SkeletalMeshLODBias:0]]
[2026.02.11-17.29.36:562][  0]LogConfig: Setting CVar [[r.ViewDistanceScale:1.0]]
[2026.02.11-17.29.36:562][  0]LogConfig: Applying CVar settings from Section [AntiAliasingQuality@3] File [D:/Repozytoria/UE 4.27/KZ_TopDownShooter/TopDownAC/Saved/Config/Windows/Scalability.ini]
[2026.02.11-17.29.36:562][  0]LogConfig: Setting CVar [[r.PostProcessAAQuality:4]]
[2026.02.11-17.29.36:562][  0]LogConfig: Applying CVar settings from Section [ShadowQuality@3] File [D:/Repozytoria/UE 4.27/KZ_TopDownShooter/TopDownAC/Saved/Config/Windows/Scalability.ini]
[2026.02.11-17.29.36:562][  0]LogConfig: Setting CVar [[r.LightFunctionQuality:1]]
[2026.02.11-17.29.36:562][  0]LogConfig: Setting CVar [[r.ShadowQuality:5]]
[2026.02.11-17.29.36:562][  0]LogConfig: Setting CVar [[r.Shadow.CSM.MaxCascades:10]]
[2026.02.11-17.29.36:562][  0]LogConfig: Setting CVar [[r.Shadow.MaxResolution:2048]]
[2026.02.11-17.29.36:562][  0]LogConfig: Setting CVar [[r.Shadow.MaxCSMResolution:2048]]
[2026.02.11-17.29.36:562][  0]LogConfig: Setting CVar [[r.Shadow.RadiusThreshold:0.01]]
[2026.02.11-17.29.36:562][  0]LogConfig: Setting CVar [[r.Shadow.DistanceScale:1.0]]
[2026.02.11-17.29.36:562][  0]LogConfig: Setting CVar [[r.Shadow.CSM.TransitionScale:1.0]]
[2026.02.11-17.29.36:562][  0]LogConfig: Setting CVar [[r.Shadow.PreShadowResolutionFactor:1.0]]
[2026.02.11-17.29.36:562][  0]LogConfig: Setting CVar [[r.DistanceFieldShadowing:1]]
[2026.02.11-17.29.36:562][  0]LogConfig: Setting CVar [[r.DistanceFieldAO:1]]
[2026.02.11-17.29.36:562][  0]LogConfig: Setting CVar [[r.AOQuality:2]]
[2026.02.11-17.29.36:562][  0]LogConfig: Setting CVar [[r.VolumetricFog:1]]
[2026.02.11-17.29.36:562][  0]LogConfig: Setting CVar [[r.VolumetricFog.GridPixelSize:8]]
[2026.02.11-17.29.36:562][  0]LogConfig: Setting CVar [[r.VolumetricFog.GridSizeZ:128]]
[2026.02.11-17.29.36:563][  0]LogConfig: Setting CVar [[r.VolumetricFog.HistoryMissSupersampleCount:4]]
[2026.02.11-17.29.36:563][  0]LogConfig: Setting CVar [[r.LightMaxDrawDistanceScale:1]]
[2026.02.11-17.29.36:563][  0]LogConfig: Setting CVar [[r.CapsuleShadows:1]]
[2026.02.11-17.29.36:563][  0]LogConfig: Applying CVar settings from Section [PostProcessQuality@3] File [D:/Repozytoria/UE 4.27/KZ_TopDownShooter/TopDownAC/Saved/Config/Windows/Scalability.ini]
[2026.02.11-17.29.36:563][  0]LogConfig: Setting CVar [[r.MotionBlurQuality:4]]
[2026.02.11-17.29.36:563][  0]LogConfig: Setting CVar [[r.AmbientOcclusionMipLevelFactor:0.4]]
[2026.02.11-17.29.36:563][  0]LogConfig: Setting CVar [[r.AmbientOcclusionMaxQuality:100]]
[2026.02.11-17.29.36:563][  0]LogConfig: Setting CVar [[r.AmbientOcclusionLevels:-1]]
[2026.02.11-17.29.36:563][  0]LogConfig: Setting CVar [[r.AmbientOcclusionRadiusScale:1.0]]
[2026.02.11-17.29.36:563][  0]LogConfig: Setting CVar [[r.DepthOfFieldQuality:2]]
[2026.02.11-17.29.36:563][  0]LogConfig: Setting CVar [[r.RenderTargetPoolMin:400]]
[2026.02.11-17.29.36:563][  0]LogConfig: Setting CVar [[r.LensFlareQuality:2]]
[2026.02.11-17.29.36:563][  0]LogConfig: Setting CVar [[r.SceneColorFringeQuality:1]]
[2026.02.11-17.29.36:563][  0]LogConfig: Setting CVar [[r.EyeAdaptationQuality:2]]
[2026.02.11-17.29.36:563][  0]LogConfig: Setting CVar [[r.BloomQuality:5]]
[2026.02.11-17.29.36:563][  0]LogConfig: Setting CVar [[r.FastBlurThreshold:100]]
[2026.02.11-17.29.36:563][  0]LogConfig: Setting CVar [[r.Upscale.Quality:3]]
[2026.02.11-17.29.36:563][  0]LogConfig: Setting CVar [[r.Tonemapper.GrainQuantization:1]]
[2026.02.11-17.29.36:563][  0]LogConfig: Setting CVar [[r.LightShaftQuality:1]]
[2026.02.11-17.29.36:563][  0]LogConfig: Setting CVar [[r.Filter.SizeScale:1]]
[2026.02.11-17.29.36:563][  0]LogConfig: Setting CVar [[r.Tonemapper.Quality:5]]
[2026.02.11-17.29.36:563][  0]LogConfig: Setting CVar [[r.DOF.Gather.AccumulatorQuality:1        ; higher gathering accumulator quality]]
[2026.02.11-17.29.36:563][  0]LogConfig: Setting CVar [[r.DOF.Gather.PostfilterMethod:1          ; Median3x3 postfilering method]]
[2026.02.11-17.29.36:563][  0]LogConfig: Setting CVar [[r.DOF.Gather.EnableBokehSettings:0       ; no bokeh simulation when gathering]]
[2026.02.11-17.29.36:563][  0]LogConfig: Setting CVar [[r.DOF.Gather.RingCount:4                 ; medium number of samples when gathering]]
[2026.02.11-17.29.36:563][  0]LogConfig: Setting CVar [[r.DOF.Scatter.ForegroundCompositing:1    ; additive foreground scattering]]
[2026.02.11-17.29.36:563][  0]LogConfig: Setting CVar [[r.DOF.Scatter.BackgroundCompositing:2    ; additive background scattering]]
[2026.02.11-17.29.36:563][  0]LogConfig: Setting CVar [[r.DOF.Scatter.EnableBokehSettings:1      ; bokeh simulation when scattering]]
[2026.02.11-17.29.36:563][  0]LogConfig: Setting CVar [[r.DOF.Scatter.MaxSpriteRatio:0.1         ; only a maximum of 10% of scattered bokeh]]
[2026.02.11-17.29.36:563][  0]LogConfig: Setting CVar [[r.DOF.Recombine.Quality:1                ; cheap slight out of focus]]
[2026.02.11-17.29.36:563][  0]LogConfig: Setting CVar [[r.DOF.Recombine.EnableBokehSettings:0    ; no bokeh simulation on slight out of focus]]
[2026.02.11-17.29.36:563][  0]LogConfig: Setting CVar [[r.DOF.TemporalAAQuality:1                ; more stable temporal accumulation]]
[2026.02.11-17.29.36:563][  0]LogConfig: Setting CVar [[r.DOF.Kernel.MaxForegroundRadius:0.025]]
[2026.02.11-17.29.36:563][  0]LogConfig: Setting CVar [[r.DOF.Kernel.MaxBackgroundRadius:0.025]]
[2026.02.11-17.29.36:563][  0]LogConfig: Applying CVar settings from Section [TextureQuality@3] File [D:/Repozytoria/UE 4.27/KZ_TopDownShooter/TopDownAC/Saved/Config/Windows/Scalability.ini]
[2026.02.11-17.29.36:563][  0]LogConfig: Setting CVar [[r.Streaming.MipBias:0]]
[2026.02.11-17.29.36:563][  0]LogConfig: Setting CVar [[r.Streaming.AmortizeCPUToGPUCopy:0]]
[2026.02.11-17.29.36:563][  0]LogConfig: Setting CVar [[r.Streaming.MaxNumTexturesToStreamPerFrame:0]]
[2026.02.11-17.29.36:563][  0]LogConfig: Setting CVar [[r.Streaming.Boost:1]]
[2026.02.11-17.29.36:563][  0]LogConfig: Setting CVar [[r.MaxAnisotropy:8]]
[2026.02.11-17.29.36:563][  0]LogConfig: Setting CVar [[r.VT.MaxAnisotropy:8]]
[2026.02.11-17.29.36:563][  0]LogConfig: Setting CVar [[r.Streaming.LimitPoolSizeToVRAM:0]]
[2026.02.11-17.29.36:563][  0]LogConfig: Setting CVar [[r.Streaming.PoolSize:1000]]
[2026.02.11-17.29.36:563][  0]LogConfig: Setting CVar [[r.Streaming.MaxEffectiveScreenSize:0]]
[2026.02.11-17.29.36:563][  0]LogConfig: Applying CVar settings from Section [EffectsQuality@3] File [D:/Repozytoria/UE 4.27/KZ_TopDownShooter/TopDownAC/Saved/Config/Windows/Scalability.ini]
[2026.02.11-17.29.36:563][  0]LogConfig: Setting CVar [[r.TranslucencyLightingVolumeDim:64]]
[2026.02.11-17.29.36:563][  0]LogConfig: Setting CVar [[r.RefractionQuality:2]]
[2026.02.11-17.29.36:563][  0]LogConfig: Setting CVar [[r.SSR.Quality:3]]
[2026.02.11-17.29.36:563][  0]LogConfig: Setting CVar [[r.SSR.HalfResSceneColor:0]]
[2026.02.11-17.29.36:563][  0]LogConfig: Setting CVar [[r.SceneColorFormat:4]]
[2026.02.11-17.29.36:563][  0]LogConfig: Setting CVar [[r.DetailMode:2]]
[2026.02.11-17.29.36:563][  0]LogConfig: Setting CVar [[r.TranslucencyVolumeBlur:1]]
[2026.02.11-17.29.36:563][  0]LogConfig: Setting CVar [[r.MaterialQualityLevel:1 ; High quality]]
[2026.02.11-17.29.36:563][  0]LogConfig: Setting CVar [[r.AnisotropicMaterials:1]]
[2026.02.11-17.29.36:563][  0]LogConfig: Setting CVar [[r.SSS.Scale:1]]
[2026.02.11-17.29.36:563][  0]LogConfig: Setting CVar [[r.SSS.SampleSet:2]]
[2026.02.11-17.29.36:563][  0]LogConfig: Setting CVar [[r.SSS.Quality:1]]
[2026.02.11-17.29.36:563][  0]LogConfig: Setting CVar [[r.SSS.HalfRes:0]]
[2026.02.11-17.29.36:563][  0]LogConfig: Setting CVar [[r.SSGI.Quality:3]]
[2026.02.11-17.29.36:563][  0]LogConfig: Setting CVar [[r.EmitterSpawnRateScale:1.0]]
[2026.02.11-17.29.36:563][  0]LogConfig: Setting CVar [[r.ParticleLightQuality:2]]
[2026.02.11-17.29.36:563][  0]LogConfig: Setting CVar [[r.SkyAtmosphere.AerialPerspectiveLUT.FastApplyOnOpaque:1 ; Always have FastSkyLUT 1 in this case to avoid wrong sky]]
[2026.02.11-17.29.36:563][  0]LogConfig: Setting CVar [[r.SkyAtmosphere.AerialPerspectiveLUT.SampleCountMaxPerSlice:4]]
[2026.02.11-17.29.36:563][  0]LogConfig: Setting CVar [[r.SkyAtmosphere.AerialPerspectiveLUT.DepthResolution:16.0]]
[2026.02.11-17.29.36:563][  0]LogConfig: Setting CVar [[r.SkyAtmosphere.FastSkyLUT:1]]
[2026.02.11-17.29.36:563][  0]LogConfig: Setting CVar [[r.SkyAtmosphere.FastSkyLUT.SampleCountMin:4.0]]
[2026.02.11-17.29.36:563][  0]LogConfig: Setting CVar [[r.SkyAtmosphere.FastSkyLUT.SampleCountMax:128.0]]
[2026.02.11-17.29.36:563][  0]LogConfig: Setting CVar [[r.SkyAtmosphere.SampleCountMin:4.0]]
[2026.02.11-17.29.36:563][  0]LogConfig: Setting CVar [[r.SkyAtmosphere.SampleCountMax:128.0]]
[2026.02.11-17.29.36:563][  0]LogConfig: Setting CVar [[r.SkyAtmosphere.TransmittanceLUT.UseSmallFormat:0]]
[2026.02.11-17.29.36:563][  0]LogConfig: Setting CVar [[r.SkyAtmosphere.TransmittanceLUT.SampleCount:10.0]]
[2026.02.11-17.29.36:563][  0]LogConfig: Setting CVar [[r.SkyAtmosphere.MultiScatteringLUT.SampleCount:15.0]]
[2026.02.11-17.29.36:563][  0]LogConfig: Setting CVar [[r.SkyLight.RealTimeReflectionCapture:1]]
[2026.02.11-17.29.36:563][  0]LogConfig: Applying CVar settings from Section [FoliageQuality@3] File [D:/Repozytoria/UE 4.27/KZ_TopDownShooter/TopDownAC/Saved/Config/Windows/Scalability.ini]
[2026.02.11-17.29.36:563][  0]LogConfig: Setting CVar [[foliage.DensityScale:1.0]]
[2026.02.11-17.29.36:563][  0]LogConfig: Setting CVar [[grass.DensityScale:1.0]]
[2026.02.11-17.29.36:563][  0]LogConfig: Applying CVar settings from Section [ShadingQuality@3] File [D:/Repozytoria/UE 4.27/KZ_TopDownShooter/TopDownAC/Saved/Config/Windows/Scalability.ini]
[2026.02.11-17.29.36:563][  0]LogConfig: Setting CVar [[r.HairStrands.SkyLighting.IntegrationType:2]]
[2026.02.11-17.29.36:563][  0]LogConfig: Setting CVar [[r.HairStrands.SkyAO.SampleCount:4]]
[2026.02.11-17.29.36:563][  0]LogConfig: Setting CVar [[r.HairStrands.Visibility.MSAA.SamplePerPixel:4]]
[2026.02.11-17.29.36:563][  0]LogInit: Selected Device Profile: [Windows]
[2026.02.11-17.29.36:563][  0]LogInit: Applying CVar settings loaded from the selected device profile: [Windows]
[2026.02.11-17.29.36:563][  0]LogHAL: Display: Platform has ~ 32 GB [34007195648 / 34359738368 / 32], which maps to Largest [LargestMinGB=32, LargerMinGB=12, DefaultMinGB=8, SmallerMinGB=6, SmallestMinGB=0)
[2026.02.11-17.29.36:563][  0]LogInit: Going up to parent DeviceProfile []
[2026.02.11-17.29.36:563][  0]LogConfig: Applying CVar settings from Section [ViewDistanceQuality@3] File [D:/Repozytoria/UE 4.27/KZ_TopDownShooter/TopDownAC/Saved/Config/Windows/Scalability.ini]
[2026.02.11-17.29.36:563][  0]LogConfig: Setting CVar [[r.SkeletalMeshLODBias:0]]
[2026.02.11-17.29.36:563][  0]LogConfig: Setting CVar [[r.ViewDistanceScale:1.0]]
[2026.02.11-17.29.36:563][  0]LogConfig: Applying CVar settings from Section [AntiAliasingQuality@3] File [D:/Repozytoria/UE 4.27/KZ_TopDownShooter/TopDownAC/Saved/Config/Windows/Scalability.ini]
[2026.02.11-17.29.36:563][  0]LogConfig: Setting CVar [[r.PostProcessAAQuality:4]]
[2026.02.11-17.29.36:563][  0]LogConfig: Applying CVar settings from Section [ShadowQuality@3] File [D:/Repozytoria/UE 4.27/KZ_TopDownShooter/TopDownAC/Saved/Config/Windows/Scalability.ini]
[2026.02.11-17.29.36:563][  0]LogConfig: Setting CVar [[r.LightFunctionQuality:1]]
[2026.02.11-17.29.36:563][  0]LogConfig: Setting CVar [[r.ShadowQuality:5]]
[2026.02.11-17.29.36:563][  0]LogConfig: Setting CVar [[r.Shadow.CSM.MaxCascades:10]]
[2026.02.11-17.29.36:563][  0]LogConfig: Setting CVar [[r.Shadow.MaxResolution:2048]]
[2026.02.11-17.29.36:563][  0]LogConfig: Setting CVar [[r.Shadow.MaxCSMResolution:2048]]
[2026.02.11-17.29.36:563][  0]LogConfig: Setting CVar [[r.Shadow.RadiusThreshold:0.01]]
[2026.02.11-17.29.36:563][  0]LogConfig: Setting CVar [[r.Shadow.DistanceScale:1.0]]
[2026.02.11-17.29.36:563][  0]LogConfig: Setting CVar [[r.Shadow.CSM.TransitionScale:1.0]]
[2026.02.11-17.29.36:563][  0]LogConfig: Setting CVar [[r.Shadow.PreShadowResolutionFactor:1.0]]
[2026.02.11-17.29.36:563][  0]LogConfig: Setting CVar [[r.DistanceFieldShadowing:1]]
[2026.02.11-17.29.36:563][  0]LogConfig: Setting CVar [[r.DistanceFieldAO:1]]
[2026.02.11-17.29.36:563][  0]LogConfig: Setting CVar [[r.AOQuality:2]]
[2026.02.11-17.29.36:563][  0]LogConfig: Setting CVar [[r.VolumetricFog:1]]
[2026.02.11-17.29.36:563][  0]LogConfig: Setting CVar [[r.VolumetricFog.GridPixelSize:8]]
[2026.02.11-17.29.36:563][  0]LogConfig: Setting CVar [[r.VolumetricFog.GridSizeZ:128]]
[2026.02.11-17.29.36:563][  0]LogConfig: Setting CVar [[r.VolumetricFog.HistoryMissSupersampleCount:4]]
[2026.02.11-17.29.36:563][  0]LogConfig: Setting CVar [[r.LightMaxDrawDistanceScale:1]]
[2026.02.11-17.29.36:563][  0]LogConfig: Setting CVar [[r.CapsuleShadows:1]]
[2026.02.11-17.29.36:563][  0]LogConfig: Applying CVar settings from Section [PostProcessQuality@3] File [D:/Repozytoria/UE 4.27/KZ_TopDownShooter/TopDownAC/Saved/Config/Windows/Scalability.ini]
[2026.02.11-17.29.36:563][  0]LogConfig: Setting CVar [[r.MotionBlurQuality:4]]
[2026.02.11-17.29.36:563][  0]LogConfig: Setting CVar [[r.AmbientOcclusionMipLevelFactor:0.4]]
[2026.02.11-17.29.36:563][  0]LogConfig: Setting CVar [[r.AmbientOcclusionMaxQuality:100]]
[2026.02.11-17.29.36:563][  0]LogConfig: Setting CVar [[r.AmbientOcclusionLevels:-1]]
[2026.02.11-17.29.36:563][  0]LogConfig: Setting CVar [[r.AmbientOcclusionRadiusScale:1.0]]
[2026.02.11-17.29.36:563][  0]LogConfig: Setting CVar [[r.DepthOfFieldQuality:2]]
[2026.02.11-17.29.36:563][  0]LogConfig: Setting CVar [[r.RenderTargetPoolMin:400]]
[2026.02.11-17.29.36:563][  0]LogConfig: Setting CVar [[r.LensFlareQuality:2]]
[2026.02.11-17.29.36:563][  0]LogConfig: Setting CVar [[r.SceneColorFringeQuality:1]]
[2026.02.11-17.29.36:563][  0]LogConfig: Setting CVar [[r.EyeAdaptationQuality:2]]
[2026.02.11-17.29.36:563][  0]LogConfig: Setting CVar [[r.BloomQuality:5]]
[2026.02.11-17.29.36:563][  0]LogConfig: Setting CVar [[r.FastBlurThreshold:100]]
[2026.02.11-17.29.36:563][  0]LogConfig: Setting CVar [[r.Upscale.Quality:3]]
[2026.02.11-17.29.36:563][  0]LogConfig: Setting CVar [[r.Tonemapper.GrainQuantization:1]]
[2026.02.11-17.29.36:563][  0]LogConfig: Setting CVar [[r.LightShaftQuality:1]]
[2026.02.11-17.29.36:563][  0]LogConfig: Setting CVar [[r.Filter.SizeScale:1]]
[2026.02.11-17.29.36:563][  0]LogConfig: Setting CVar [[r.Tonemapper.Quality:5]]
[2026.02.11-17.29.36:563][  0]LogConfig: Setting CVar [[r.DOF.Gather.AccumulatorQuality:1        ; higher gathering accumulator quality]]
[2026.02.11-17.29.36:563][  0]LogConfig: Setting CVar [[r.DOF.Gather.PostfilterMethod:1          ; Median3x3 postfilering method]]
[2026.02.11-17.29.36:563][  0]LogConfig: Setting CVar [[r.DOF.Gather.EnableBokehSettings:0       ; no bokeh simulation when gathering]]
[2026.02.11-17.29.36:563][  0]LogConfig: Setting CVar [[r.DOF.Gather.RingCount:4                 ; medium number of samples when gathering]]
[2026.02.11-17.29.36:563][  0]LogConfig: Setting CVar [[r.DOF.Scatter.ForegroundCompositing:1    ; additive foreground scattering]]
[2026.02.11-17.29.36:563][  0]LogConfig: Setting CVar [[r.DOF.Scatter.BackgroundCompositing:2    ; additive background scattering]]
[2026.02.11-17.29.36:563][  0]LogConfig: Setting CVar [[r.DOF.Scatter.EnableBokehSettings:1      ; bokeh simulation when scattering]]
[2026.02.11-17.29.36:563][  0]LogConfig: Setting CVar [[r.DOF.Scatter.MaxSpriteRatio:0.1         ; only a maximum of 10% of scattered bokeh]]
[2026.02.11-17.29.36:563][  0]LogConfig: Setting CVar [[r.DOF.Recombine.Quality:1                ; cheap slight out of focus]]
[2026.02.11-17.29.36:563][  0]LogConfig: Setting CVar [[r.DOF.Recombine.EnableBokehSettings:0    ; no bokeh simulation on slight out of focus]]
[2026.02.11-17.29.36:563][  0]LogConfig: Setting CVar [[r.DOF.TemporalAAQuality:1                ; more stable temporal accumulation]]
[2026.02.11-17.29.36:563][  0]LogConfig: Setting CVar [[r.DOF.Kernel.MaxForegroundRadius:0.025]]
[2026.02.11-17.29.36:563][  0]LogConfig: Setting CVar [[r.DOF.Kernel.MaxBackgroundRadius:0.025]]
[2026.02.11-17.29.36:563][  0]LogConfig: Applying CVar settings from Section [TextureQuality@3] File [D:/Repozytoria/UE 4.27/KZ_TopDownShooter/TopDownAC/Saved/Config/Windows/Scalability.ini]
[2026.02.11-17.29.36:563][  0]LogConfig: Setting CVar [[r.Streaming.MipBias:0]]
[2026.02.11-17.29.36:563][  0]LogConfig: Setting CVar [[r.Streaming.AmortizeCPUToGPUCopy:0]]
[2026.02.11-17.29.36:563][  0]LogConfig: Setting CVar [[r.Streaming.MaxNumTexturesToStreamPerFrame:0]]
[2026.02.11-17.29.36:563][  0]LogConfig: Setting CVar [[r.Streaming.Boost:1]]
[2026.02.11-17.29.36:563][  0]LogConfig: Setting CVar [[r.MaxAnisotropy:8]]
[2026.02.11-17.29.36:563][  0]LogConfig: Setting CVar [[r.VT.MaxAnisotropy:8]]
[2026.02.11-17.29.36:563][  0]LogConfig: Setting CVar [[r.Streaming.LimitPoolSizeToVRAM:0]]
[2026.02.11-17.29.36:563][  0]LogConfig: Setting CVar [[r.Streaming.PoolSize:1000]]
[2026.02.11-17.29.36:564][  0]LogConfig: Setting CVar [[r.Streaming.MaxEffectiveScreenSize:0]]
[2026.02.11-17.29.36:564][  0]LogConfig: Applying CVar settings from Section [EffectsQuality@3] File [D:/Repozytoria/UE 4.27/KZ_TopDownShooter/TopDownAC/Saved/Config/Windows/Scalability.ini]
[2026.02.11-17.29.36:564][  0]LogConfig: Setting CVar [[r.TranslucencyLightingVolumeDim:64]]
[2026.02.11-17.29.36:564][  0]LogConfig: Setting CVar [[r.RefractionQuality:2]]
[2026.02.11-17.29.36:564][  0]LogConfig: Setting CVar [[r.SSR.Quality:3]]
[2026.02.11-17.29.36:564][  0]LogConfig: Setting CVar [[r.SSR.HalfResSceneColor:0]]
[2026.02.11-17.29.36:564][  0]LogConfig: Setting CVar [[r.SceneColorFormat:4]]
[2026.02.11-17.29.36:564][  0]LogConfig: Setting CVar [[r.DetailMode:2]]
[2026.02.11-17.29.36:564][  0]LogConfig: Setting CVar [[r.TranslucencyVolumeBlur:1]]
[2026.02.11-17.29.36:564][  0]LogConfig: Setting CVar [[r.MaterialQualityLevel:1 ; High quality]]
[2026.02.11-17.29.36:564][  0]LogConfig: Setting CVar [[r.AnisotropicMaterials:1]]
[2026.02.11-17.29.36:564][  0]LogConfig: Setting CVar [[r.SSS.Scale:1]]
[2026.02.11-17.29.36:564][  0]LogConfig: Setting CVar [[r.SSS.SampleSet:2]]
[2026.02.11-17.29.36:564][  0]LogConfig: Setting CVar [[r.SSS.Quality:1]]
[2026.02.11-17.29.36:564][  0]LogConfig: Setting CVar [[r.SSS.HalfRes:0]]
[2026.02.11-17.29.36:564][  0]LogConfig: Setting CVar [[r.SSGI.Quality:3]]
[2026.02.11-17.29.36:564][  0]LogConfig: Setting CVar [[r.EmitterSpawnRateScale:1.0]]
[2026.02.11-17.29.36:564][  0]LogConfig: Setting CVar [[r.ParticleLightQuality:2]]
[2026.02.11-17.29.36:564][  0]LogConfig: Setting CVar [[r.SkyAtmosphere.AerialPerspectiveLUT.FastApplyOnOpaque:1 ; Always have FastSkyLUT 1 in this case to avoid wrong sky]]
[2026.02.11-17.29.36:564][  0]LogConfig: Setting CVar [[r.SkyAtmosphere.AerialPerspectiveLUT.SampleCountMaxPerSlice:4]]
[2026.02.11-17.29.36:564][  0]LogConfig: Setting CVar [[r.SkyAtmosphere.AerialPerspectiveLUT.DepthResolution:16.0]]
[2026.02.11-17.29.36:564][  0]LogConfig: Setting CVar [[r.SkyAtmosphere.FastSkyLUT:1]]
[2026.02.11-17.29.36:564][  0]LogConfig: Setting CVar [[r.SkyAtmosphere.FastSkyLUT.SampleCountMin:4.0]]
[2026.02.11-17.29.36:564][  0]LogConfig: Setting CVar [[r.SkyAtmosphere.FastSkyLUT.SampleCountMax:128.0]]
[2026.02.11-17.29.36:564][  0]LogConfig: Setting CVar [[r.SkyAtmosphere.SampleCountMin:4.0]]
[2026.02.11-17.29.36:564][  0]LogConfig: Setting CVar [[r.SkyAtmosphere.SampleCountMax:128.0]]
[2026.02.11-17.29.36:564][  0]LogConfig: Setting CVar [[r.SkyAtmosphere.TransmittanceLUT.UseSmallFormat:0]]
[2026.02.11-17.29.36:564][  0]LogConfig: Setting CVar [[r.SkyAtmosphere.TransmittanceLUT.SampleCount:10.0]]
[2026.02.11-17.29.36:564][  0]LogConfig: Setting CVar [[r.SkyAtmosphere.MultiScatteringLUT.SampleCount:15.0]]
[2026.02.11-17.29.36:564][  0]LogConfig: Setting CVar [[r.SkyLight.RealTimeReflectionCapture:1]]
[2026.02.11-17.29.36:564][  0]LogConfig: Applying CVar settings from Section [FoliageQuality@3] File [D:/Repozytoria/UE 4.27/KZ_TopDownShooter/TopDownAC/Saved/Config/Windows/Scalability.ini]
[2026.02.11-17.29.36:564][  0]LogConfig: Setting CVar [[foliage.DensityScale:1.0]]
[2026.02.11-17.29.36:564][  0]LogConfig: Setting CVar [[grass.DensityScale:1.0]]
[2026.02.11-17.29.36:564][  0]LogConfig: Applying CVar settings from Section [ShadingQuality@3] File [D:/Repozytoria/UE 4.27/KZ_TopDownShooter/TopDownAC/Saved/Config/Windows/Scalability.ini]
[2026.02.11-17.29.36:564][  0]LogConfig: Setting CVar [[r.HairStrands.SkyLighting.IntegrationType:2]]
[2026.02.11-17.29.36:564][  0]LogConfig: Setting CVar [[r.HairStrands.SkyAO.SampleCount:4]]
[2026.02.11-17.29.36:564][  0]LogConfig: Setting CVar [[r.HairStrands.Visibility.MSAA.SamplePerPixel:4]]
[2026.02.11-17.29.36:564][  0]LogConfig: Applying CVar settings from Section [Startup] File [../../../Engine/Config/ConsoleVariables.ini]
[2026.02.11-17.29.36:564][  0]LogConfig: Setting CVar [[net.UseAdaptiveNetUpdateFrequency:0]]
[2026.02.11-17.29.36:564][  0]LogConfig: Setting CVar [[p.chaos.AllowCreatePhysxBodies:1]]
[2026.02.11-17.29.36:564][  0]LogConfig: Setting CVar [[fx.SkipVectorVMBackendOptimizations:1]]
[2026.02.11-17.29.36:564][  0]LogConfig: Applying CVar settings from Section [ConsoleVariables] File [D:/Repozytoria/UE 4.27/KZ_TopDownShooter/TopDownAC/Saved/Config/Windows/Engine.ini]
[2026.02.11-17.29.36:564][  0]LogConfig: Applying CVar settings from Section [ConsoleVariables] File [D:/Repozytoria/UE 4.27/KZ_TopDownShooter/TopDownAC/Saved/Config/Windows/Editor.ini]
[2026.02.11-17.29.36:564][  0]LogInit: Computer: LAPTOP-AN92MERF
[2026.02.11-17.29.36:564][  0]LogInit: User: harry
[2026.02.11-17.29.36:564][  0]LogInit: CPU Page size=4096, Cores=14
[2026.02.11-17.29.36:564][  0]LogInit: High frequency timer resolution =10.000000 MHz
[2026.02.11-17.29.36:564][  0]LogMemory: Memory total: Physical=31.7GB (32GB approx)
[2026.02.11-17.29.36:564][  0]LogMemory: Platform Memory Stats for Windows
[2026.02.11-17.29.36:564][  0]LogMemory: Process Physical Memory: 156.43 MB used, 156.43 MB peak
[2026.02.11-17.29.36:564][  0]LogMemory: Process Virtual Memory: 135.87 MB used, 135.87 MB peak
[2026.02.11-17.29.36:564][  0]LogMemory: Physical Memory: 15480.26 MB used,  16951.53 MB free, 32431.79 MB total
[2026.02.11-17.29.36:564][  0]LogMemory: Virtual Memory: 134203064.00 MB used,  14663.82 MB free, 134217728.00 MB total
[2026.02.11-17.29.36:568][  0]LogWindows: WindowsPlatformFeatures enabled
[2026.02.11-17.29.36:598][  0]LogInit: Physics initialised using underlying interface: PhysX
[2026.02.11-17.29.36:598][  0]LogInit: Using OS detected language (pl-PL).
[2026.02.11-17.29.36:598][  0]LogInit: Using OS detected locale (pl-PL).
[2026.02.11-17.29.36:599][  0]LogTextLocalizationManager: No specific localization for 'pl-PL' exists, so the 'pl' localization will be used.
[2026.02.11-17.29.36:599][  0]LogTextLocalizationResource: LocRes '../../../Engine/Content/Localization/Editor/pl/Editor.locres' could not be opened for reading!
[2026.02.11-17.29.36:599][  0]LogTextLocalizationResource: LocRes '../../../Engine/Content/Localization/EditorTutorials/pl/EditorTutorials.locres' could not be opened for reading!
[2026.02.11-17.29.36:599][  0]LogTextLocalizationResource: LocRes '../../../Engine/Content/Localization/Keywords/pl/Keywords.locres' could not be opened for reading!
[2026.02.11-17.29.36:599][  0]LogTextLocalizationResource: LocRes '../../../Engine/Content/Localization/Category/pl/Category.locres' could not be opened for reading!
[2026.02.11-17.29.36:599][  0]LogTextLocalizationResource: LocRes '../../../Engine/Content/Localization/ToolTips/pl/ToolTips.locres' could not be opened for reading!
[2026.02.11-17.29.36:599][  0]LogTextLocalizationResource: LocRes '../../../Engine/Content/Localization/PropertyNames/pl/PropertyNames.locres' could not be opened for reading!
[2026.02.11-17.29.36:599][  0]LogTextLocalizationResource: LocRes '../../../Engine/Content/Localization/Engine/pl/Engine.locres' could not be opened for reading!
[2026.02.11-17.29.36:600][  0]LogInit: Setting process to per monitor DPI aware
[2026.02.11-17.29.36:613][  0]LogWindowsTextInputMethodSystem: Display: IME system deactivated.
[2026.02.11-17.29.36:622][  0]LogSlate: New Slate User Created.  User Index 0, Is Virtual User: 0
[2026.02.11-17.29.36:622][  0]LogSlate: Slate User Registered.  User Index 0, Is Virtual User: 0
[2026.02.11-17.29.36:685][  0]LogD3D11RHI: Loaded GFSDK_Aftermath_Lib.x64.dll
[2026.02.11-17.29.36:739][  0]LogHMD: Failed to initialize OpenVR with code 110
[2026.02.11-17.29.36:739][  0]LogD3D11RHI: D3D11 min allowed feature level: 11_0
[2026.02.11-17.29.36:739][  0]LogD3D11RHI: D3D11 max allowed feature level: 11_0
[2026.02.11-17.29.36:739][  0]LogD3D11RHI: D3D11 adapters:
[2026.02.11-17.29.36:963][  0]LogD3D11RHI:    0. 'NVIDIA GeForce RTX 4060 Laptop GPU' (Feature Level 11_0)
[2026.02.11-17.29.36:963][  0]LogD3D11RHI:       7957/0/16215 MB DedicatedVideo/DedicatedSystem/SharedSystem, Outputs:2, VendorId:0x10de
[2026.02.11-17.29.36:984][  0]LogD3D11RHI:    1. 'Intel(R) UHD Graphics' (Feature Level 11_0)
[2026.02.11-17.29.36:984][  0]LogD3D11RHI:       128/0/16215 MB DedicatedVideo/DedicatedSystem/SharedSystem, Outputs:0, VendorId:0x8086
[2026.02.11-17.29.36:987][  0]LogD3D11RHI:    2. 'Microsoft Basic Render Driver' (Feature Level 11_0)
[2026.02.11-17.29.36:987][  0]LogD3D11RHI:       0/0/16215 MB DedicatedVideo/DedicatedSystem/SharedSystem, Outputs:0, VendorId:0x1414
[2026.02.11-17.29.36:987][  0]LogD3D11RHI: Chosen D3D11 Adapter:
[2026.02.11-17.29.36:987][  0]LogD3D11RHI:     Description : NVIDIA GeForce RTX 4060 Laptop GPU
[2026.02.11-17.29.36:987][  0]LogD3D11RHI:     VendorId    : 10de
[2026.02.11-17.29.36:987][  0]LogD3D11RHI:     DeviceId    : 28e0
[2026.02.11-17.29.36:987][  0]LogD3D11RHI:     SubSysId    : 96011458
[2026.02.11-17.29.36:987][  0]LogD3D11RHI:     Revision    : 00a1
[2026.02.11-17.29.36:987][  0]LogD3D11RHI:     DedicatedVideoMemory : 8343519232 bytes
[2026.02.11-17.29.36:987][  0]LogD3D11RHI:     DedicatedSystemMemory : 0 bytes
[2026.02.11-17.29.36:987][  0]LogD3D11RHI:     SharedSystemMemory : 17003597824 bytes
[2026.02.11-17.29.36:987][  0]LogD3D11RHI:     AdapterLuid : 0 80599
[2026.02.11-17.29.36:993][  0]LogD3D11RHI: Creating new Direct3DDevice
[2026.02.11-17.29.36:993][  0]LogD3D11RHI:     GPU DeviceId: 0x28e0 (for the marketing name, search the web for "GPU Device Id")
[2026.02.11-17.29.36:993][  0]LogWindows: EnumDisplayDevices:
[2026.02.11-17.29.36:993][  0]LogWindows:    0. 'Intel(R) UHD Graphics' (P:1 D:1)
[2026.02.11-17.29.36:994][  0]LogWindows:    1. 'Intel(R) UHD Graphics' (P:0 D:1)
[2026.02.11-17.29.36:994][  0]LogWindows:    2. 'Intel(R) UHD Graphics' (P:0 D:0)
[2026.02.11-17.29.36:994][  0]LogWindows:    3. 'Intel(R) UHD Graphics' (P:0 D:0)
[2026.02.11-17.29.36:994][  0]LogWindows:    4. 'NVIDIA GeForce RTX 4060 Laptop GPU' (P:0 D:0)
[2026.02.11-17.29.36:994][  0]LogWindows:    5. 'NVIDIA GeForce RTX 4060 Laptop GPU' (P:0 D:0)
[2026.02.11-17.29.36:994][  0]LogWindows:    6. 'NVIDIA GeForce RTX 4060 Laptop GPU' (P:0 D:0)
[2026.02.11-17.29.36:994][  0]LogWindows:    7. 'NVIDIA GeForce RTX 4060 Laptop GPU' (P:0 D:0)
[2026.02.11-17.29.36:994][  0]LogWindows: DebugString: PrimaryIsNotTheChoosenAdapter PrimaryIsNotTheChoosenAdapter PrimaryIsNotTheChoosenAdapter PrimaryIsNotTheChoosenAdapter FoundDriverCount:4 
[2026.02.11-17.29.36:994][  0]LogD3D11RHI:     Adapter Name: NVIDIA GeForce RTX 4060 Laptop GPU
[2026.02.11-17.29.36:994][  0]LogD3D11RHI:   Driver Version: 581.60 (internal:32.0.15.8160, unified:581.60)
[2026.02.11-17.29.36:994][  0]LogD3D11RHI:      Driver Date: 10-12-2025
[2026.02.11-17.29.36:994][  0]LogRHI: Texture pool is 5569 MB (70% of 7957 MB)
[2026.02.11-17.29.36:994][  0]LogD3D11RHI: Creating D3DDevice using adapter:
[2026.02.11-17.29.36:994][  0]LogD3D11RHI:     Description : NVIDIA GeForce RTX 4060 Laptop GPU
[2026.02.11-17.29.36:994][  0]LogD3D11RHI:     VendorId    : 10de
[2026.02.11-17.29.36:994][  0]LogD3D11RHI:     DeviceId    : 28e0
[2026.02.11-17.29.36:994][  0]LogD3D11RHI:     SubSysId    : 96011458
[2026.02.11-17.29.36:994][  0]LogD3D11RHI:     Revision    : 00a1
[2026.02.11-17.29.36:994][  0]LogD3D11RHI:     DedicatedVideoMemory : 8343519232 bytes
[2026.02.11-17.29.36:994][  0]LogD3D11RHI:     DedicatedSystemMemory : 0 bytes
[2026.02.11-17.29.36:994][  0]LogD3D11RHI:     SharedSystemMemory : 17003597824 bytes
[2026.02.11-17.29.36:994][  0]LogD3D11RHI:     AdapterLuid : 0 80599
[2026.02.11-17.29.37:091][  0]LogD3D11RHI: RHI has support for 64 bit atomics
[2026.02.11-17.29.37:091][  0]LogD3D11RHI: Async texture creation enabled
[2026.02.11-17.29.37:091][  0]LogD3D11RHI: Array index from any shader is supported
[2026.02.11-17.29.37:108][  0]LogD3D11RHI: GPU Timing Frequency: 1000.000000 (Debug: 2 2)
[2026.02.11-17.29.37:129][  0]LogRHI: GeForceNow SDK initialized: 1
[2026.02.11-17.29.37:347][  0]LogTargetPlatformManager: Display: Loaded TargetPlatform 'AllDesktop'
[2026.02.11-17.29.37:359][  0]LogTargetPlatformManager: Display: Loaded TargetPlatform 'Android'
[2026.02.11-17.29.37:359][  0]LogTargetPlatformManager: Display: Loaded TargetPlatform 'Android_ASTC'
[2026.02.11-17.29.37:359][  0]LogTargetPlatformManager: Display: Loaded TargetPlatform 'Android_DXT'
[2026.02.11-17.29.37:359][  0]LogTargetPlatformManager: Display: Loaded TargetPlatform 'Android_ETC2'
[2026.02.11-17.29.37:359][  0]LogTargetPlatformManager: Display: Loaded TargetPlatform 'AndroidClient'
[2026.02.11-17.29.37:359][  0]LogTargetPlatformManager: Display: Loaded TargetPlatform 'Android_ASTCClient'
[2026.02.11-17.29.37:359][  0]LogTargetPlatformManager: Display: Loaded TargetPlatform 'Android_DXTClient'
[2026.02.11-17.29.37:359][  0]LogTargetPlatformManager: Display: Loaded TargetPlatform 'Android_ETC2Client'
[2026.02.11-17.29.37:359][  0]LogTargetPlatformManager: Display: Loaded TargetPlatform 'Android_Multi'
[2026.02.11-17.29.37:359][  0]LogTargetPlatformManager: Display: Loaded TargetPlatform 'Android_MultiClient'
[2026.02.11-17.29.37:371][  0]LogTargetPlatformManager: Display: Loaded TargetPlatform 'IOSClient'
[2026.02.11-17.29.37:371][  0]LogTargetPlatformManager: Display: Loaded TargetPlatform 'IOS'
[2026.02.11-17.29.37:376][  0]LogTargetPlatformManager: Display: Loaded TargetPlatform 'Linux'
[2026.02.11-17.29.37:380][  0]LogTargetPlatformManager: Display: Loaded TargetPlatform 'LinuxNoEditor'
[2026.02.11-17.29.37:383][  0]LogTargetPlatformManager: Display: Loaded TargetPlatform 'LinuxClient'
[2026.02.11-17.29.37:386][  0]LogTargetPlatformManager: Display: Loaded TargetPlatform 'LinuxServer'
[2026.02.11-17.29.37:390][  0]LogTargetPlatformManager: Display: Loaded TargetPlatform 'LinuxAArch64NoEditor'
[2026.02.11-17.29.37:393][  0]LogTargetPlatformManager: Display: Loaded TargetPlatform 'LinuxAArch64Client'
[2026.02.11-17.29.37:397][  0]LogTargetPlatformManager: Display: Loaded TargetPlatform 'LinuxAArch64Server'
[2026.02.11-17.29.37:409][  0]LogTargetPlatformManager: Display: Loaded TargetPlatform 'Lumin'
[2026.02.11-17.29.37:409][  0]LogTargetPlatformManager: Display: Loaded TargetPlatform 'LuminClient'
[2026.02.11-17.29.37:414][  0]LogTargetPlatformManager: Display: Loaded TargetPlatform 'MacNoEditor'
[2026.02.11-17.29.37:417][  0]LogTargetPlatformManager: Display: Loaded TargetPlatform 'Mac'
[2026.02.11-17.29.37:421][  0]LogTargetPlatformManager: Display: Loaded TargetPlatform 'MacClient'
[2026.02.11-17.29.37:424][  0]LogTargetPlatformManager: Display: Loaded TargetPlatform 'MacServer'
[2026.02.11-17.29.37:429][  0]LogTargetPlatformManager: Display: Loaded TargetPlatform 'TVOSClient'
[2026.02.11-17.29.37:429][  0]LogTargetPlatformManager: Display: Loaded TargetPlatform 'TVOS'
[2026.02.11-17.29.37:435][  0]LogTargetPlatformManager: Display: Loaded TargetPlatform 'WindowsNoEditor'
[2026.02.11-17.29.37:438][  0]LogTargetPlatformManager: Display: Loaded TargetPlatform 'Windows'
[2026.02.11-17.29.37:442][  0]LogTargetPlatformManager: Display: Loaded TargetPlatform 'WindowsClient'
[2026.02.11-17.29.37:445][  0]LogTargetPlatformManager: Display: Loaded TargetPlatform 'WindowsServer'
[2026.02.11-17.29.37:445][  0]LogTargetPlatformManager: Display: Building Assets For Windows
[2026.02.11-17.29.37:449][  0]LogAudioDebug: Display: Lib vorbis DLL was dynamically loaded.
[2026.02.11-17.29.37:469][  0]LogTextureFormatOodle: Display: Oodle Texture 2.9.0 init RDO Off
[2026.02.11-17.29.37:489][  0]LogRendererCore: Ray tracing is disabled. Reason: r.RayTracing=0.
[2026.02.11-17.29.37:489][  0]LogShaderCompilers: Guid format shader working directory is -17 characters bigger than the processId version (../../../../../Repozytoria/UE 4.27/KZ_TopDownShooter/TopDownAC/Intermediate/Shaders/WorkingDirectory/15516/).
[2026.02.11-17.29.37:489][  0]LogShaderCompilers: Cleaned the shader compiler working directory 'C:/Users/harry/AppData/Local/Temp/UnrealShaderWorkingDir/9DB144114F31EF813C6E4E94086CDAEF/'.
[2026.02.11-17.29.37:489][  0]LogXGEController: Cannot use XGE Controller as Incredibuild is not installed on this machine.
[2026.02.11-17.29.37:489][  0]LogShaderCompilers: Cannot use XGE Shader Compiler as Incredibuild is not installed on this machine.
[2026.02.11-17.29.37:489][  0]LogShaderCompilers: Display: Using Local Shader Compiler.
[2026.02.11-17.29.37:972][  0]LogDerivedDataCache: Display: Max Cache Size: 512 MB
[2026.02.11-17.29.38:016][  0]LogDerivedDataCache: Loaded boot cache 0.04s 94MB C:/Users/harry/AppData/Local/UnrealEngine/4.27/DerivedDataCache/Boot.ddc.
[2026.02.11-17.29.38:016][  0]LogDerivedDataCache: Display: Loaded Boot cache: C:/Users/harry/AppData/Local/UnrealEngine/4.27/DerivedDataCache/Boot.ddc
[2026.02.11-17.29.38:016][  0]LogDerivedDataCache: FDerivedDataBackendGraph:  Pak pak cache file ../../../../../Repozytoria/UE 4.27/KZ_TopDownShooter/TopDownAC/DerivedDataCache/DDC.ddp not found, will not use a pak cache.
[2026.02.11-17.29.38:016][  0]LogDerivedDataCache: Unable to find inner node Pak for hierarchical cache Hierarchy.
[2026.02.11-17.29.38:016][  0]LogDerivedDataCache: FDerivedDataBackendGraph:  CompressedPak pak cache file ../../../../../Repozytoria/UE 4.27/KZ_TopDownShooter/TopDownAC/DerivedDataCache/Compressed.ddp not found, will not use a pak cache.
[2026.02.11-17.29.38:016][  0]LogDerivedDataCache: Unable to find inner node CompressedPak for hierarchical cache Hierarchy.
[2026.02.11-17.29.38:028][  0]LogDerivedDataCache: Display: Pak cache opened for reading ../../../Engine/DerivedDataCache/Compressed.ddp.
[2026.02.11-17.29.38:028][  0]LogDerivedDataCache: FDerivedDataBackendGraph:  EnterprisePak pak cache file ../../../Enterprise/DerivedDataCache/Compressed.ddp not found, will not use a pak cache.
[2026.02.11-17.29.38:028][  0]LogDerivedDataCache: Unable to find inner node EnterprisePak for hierarchical cache Hierarchy.
[2026.02.11-17.29.38:034][  0]LogDerivedDataCache: Speed tests for C:/Users/harry/AppData/Local/UnrealEngine/Common/DerivedDataCache took 0.01 seconds
[2026.02.11-17.29.38:034][  0]LogDerivedDataCache: Display: Performance to C:/Users/harry/AppData/Local/UnrealEngine/Common/DerivedDataCache: Latency=0.02ms. RandomReadSpeed=1639.37MBs, RandomWriteSpeed=179.76MBs. Assigned SpeedClass 'Local'
[2026.02.11-17.29.38:034][  0]LogDerivedDataCache: Using Local data cache path C:/Users/harry/AppData/Local/UnrealEngine/Common/DerivedDataCache: Writable
[2026.02.11-17.29.38:034][  0]LogDerivedDataCache: Shared data cache path not found in *engine.ini, will not use an Shared cache.
[2026.02.11-17.29.38:034][  0]LogDerivedDataCache: Unable to find inner node Shared for hierarchical cache Hierarchy.
[2026.02.11-17.29.38:062][  0]LogSlate: Using FreeType 2.10.0
[2026.02.11-17.29.38:062][  0]LogSlate: SlateFontServices - WITH_FREETYPE: 1, WITH_HARFBUZZ: 1
[2026.02.11-17.29.38:081][  0]LogAssetRegistry: FAssetRegistry took 0.0020 seconds to start up
[2026.02.11-17.29.38:217][  0]LogInit: Selected Device Profile: [Windows]
[2026.02.11-17.29.38:217][  0]LogInit: Active device profile: [0000019D37168700][0000019D33935140 49] Windows
[2026.02.11-17.29.38:217][  0]LogInit: Profiles: [0000019D37168700][0000019D33935140 49] Windows, [0000019D3711F700][0000019D34E7B2C0 49] WindowsNoEditor, [0000019D3716B300][0000019D34E7F440 49] WindowsServer, [0000019D3711CF00][0000019D34E835C0 49] WindowsClient, [0000019D3716B500][0000019D34E87740 49] IOS, [0000019D3710FF00][0000019D34E8B8C0 49] iPadAir, [0000019D3711FB00][0000019D3614DA40 49] iPadAir2, [0000019D370D0500][0000019D36154180 49] IPadPro, [0000019D370D0600][0000019D361501C0 49] iPadAir3, [0000019D3710C100][0000019D36158340 49] iPadAir4, [0000019D370D2C00][0000019D3615C4C0 49] iPadMini2, [0000019D3710E500][0000019D36160640 49] iPadMini3, [0000019D370D3400][0000019D34E76780 49] iPadMini4, [0000019D3710CF00][0000019D361648C0 49] iPadMini5, [0000019D370BFE00][0000019D3616CB00 49] iPhone6, [0000019D370BFF00][0000019D36168B40 49] iPodTouch6, [0000019D3716B900][0000019D36178E00 49] iPhone7, [0000019D3716A100][0000019D36174E40 49] iPodTouch7, [0000019D370BC400][0000019D3617CFC0 49] iPhone5S, [0000019D370D3D00][0000019D36181140 49] iPhone6Plus, [0000019D3716B400][0000019D361852C0 49] iPhone6S, [0000019D370D2000][0000019D36189440 49] iPhone6SPlus, [0000019D37168900][0000019D3618D5C0 49] iPhone7Plus, [0000019D370D0E00][0000019D36191740 49] iPhoneSE, [0000019D37168200][0000019D361958C0 49] iPhone8, [0000019D370D2400][0000019D36199A40 49] iPhone8Plus, [0000019D37169E00][0000019D3619DBC0 49] iPhoneX, [0000019D370D3E00][0000019D361A01C0 49] iPhoneXS, [0000019D37169600][0000019D361A4340 49] iPhoneXSMax, [0000019D370D2500][0000019D361A84C0 49] iPhoneXR, [0000019D3716AA00][0000019D361AC640 49] iPhone11, [0000019D370D3A00][0000019D361B07C0 49] iPhone11Pro, [0000019D37168F00][0000019D361B4940 49] iPhone11ProMax, [0000019D370D2300][0000019D36170A80 49] iPhoneSE2, [0000019D3716A700][0000019D361B8BC0 49] iPhone12Mini, [0000019D370D0700][0000019D361BCD00 49] iPhone12, [0000019D3716B100][0000019D361C4E80 49] iPhone12Pro, [0000019D370D3500][0000019D361C9000 49] iPhone12ProMax, [0000019D37168800][0000019D361CD180 49] iPadPro105, [0000019D370D1C00][0000019D361D1300 49] iPadPro129, [0000019D37168300][0000019D361D5480 49] iPadPro97, [0000019D370D1D00][0000019D361D9600 49] iPadPro2_129, [0000019D37168C00][0000019D361DD780 49] iPad5, [0000019D370D3000][0000019D361E1900 49] iPad6, [0000019D3716AC00][0000019D361E5A80 49] iPad7, [0000019D370D2E00][0000019D361E9C00 49] iPad8, [0000019D37169800][0000019D361EC200 49] iPadPro11, [0000019D370D1B00][0000019D361F0380 49] iPadPro2_11, [0000019D37169500][0000019D361F4500 49] iPadPro3_129, [0000019D370D2700][0000019D361F8680 49] iPadPro4_129, [0000019D37168100][0000019D361FC800 49] AppleTV, [0000019D370D2B00][0000019D36200980 49] AppleTV4K, [0000019D37169B00][0000019D36204B00 49] TVOS, [0000019D370D0900][0000019D361C0C40 49] Mac, [0000019D37169700][0000019D36208D80 49] MacClient, [0000019D370D2F00][0000019D3620CEC0 49] MacNoEditor, [0000019D37168D00][0000019D36215040 49] MacServer, [0000019D370D0300][0000019D362191C0 49] Linux, [0000019D3716AE00][0000019D3621D340 49] LinuxAArch64, [0000019D370D1500][0000019D362214C0 49] LinuxNoEditor, [0000019D3716A400][0000019D36295640 49] LinuxAArch64NoEditor, [0000019D370D0200][0000019D362997C0 49] LinuxClient, [0000019D3716AD00][0000019D372B1940 49] LinuxAArch64Client, [0000019D370D0C00][0000019D372BDAC0 49] LinuxServer, [0000019D37168400][0000019D372C00C0 49] LinuxAArch64Server, [0000019D370D1000][0000019D372C4240 49] Android, [0000019D3710F900][0000019D3734E3C0 49] Android_Low, [0000019D370BDB00][0000019D37352540 49] Android_Mid, [0000019D3710F000][0000019D373AE6C0 49] Android_High, [0000019D370BE300][0000019D373B2840 49] Android_Default, [0000019D3710E000][0000019D373CE9C0 49] Android_Adreno4xx, [0000019D370BC100][0000019D339A4B40 49] Android_Adreno5xx_Low, [0000019D3710CB00][0000019D339A8CC0 49] Android_Adreno5xx, [0000019D370BD800][0000019D36210E00 49] Android_Adreno6xx, [0000019D3710D100][0000019D339ACF40 49] Android_Adreno6xx_Vulkan, [0000019D370BC800][0000019D339B5080 49] Android_Mali_T6xx, [0000019D3710F600][0000019D376A71C0 49] Android_Mali_T7xx, [0000019D370BCD00][0000019D2DEDF340 49] Android_Mali_T8xx, [0000019D3710FC00][0000019D2DEE34C0 49] Android_Mali_G71, [0000019D370BD500][0000019D2DEE7640 49] Android_Mali_G72, [0000019D3710FE00][0000019D2DEEB7C0 49] Android_Mali_G72_Vulkan, [0000019D370BFD00][0000019D2DF15940 49] Android_Mali_G76, [0000019D3710FA00][0000019D2DF19AC0 49] Android_Mali_G76_Vulkan, [0000019D370BF600][0000019D2DF200C0 49] Android_Mali_G77, [0000019D3710E200][0000019D2DF28240 49] Android_Mali_G77_Vulkan, [0000019D370BD200][0000019D2DF4C3C0 49] Android_Mali_G78, [0000019D3710CA00][0000019D2E372540 49] Android_Mali_G78_Vulkan, [0000019D370BF000][0000019D2E3766C0 49] Android_Mali_G710, [0000019D3710D400][0000019D2E37A840 49] Android_Mali_G710_Vulkan, [0000019D370BC700][0000019D2E37E9C0 49] Android_Vulkan_SM5, [0000019D3710D800][0000019D30112B40 49] Android_PowerVR_G6xxx, [0000019D370BCE00][0000019D36228CC0 49] Android_PowerVR_GT7xxx, [0000019D3710C200][0000019D3733EE40 49] Android_PowerVR_GE8xxx, [0000019D370BC600][0000019D376AAF80 49] Android_PowerVR_GM9xxx, [0000019D3710E600][0000019D373430C0 49] Android_PowerVR_GM9xxx_Vulkan, [0000019D370D0F00][0000019D37347200 49] Android_TegraK1, [0000019D3710EA00][0000019D3734B340 49] Android_Unknown_Vulkan, [0000019D370D0D00][0000019D362614C0 49] Lumin, [0000019D3710D200][0000019D36265640 49] Lumin_Desktop, [0000019D370D0B00][0000019D362697C0 49] HoloLens, 
[2026.02.11-17.29.38:303][  0]LogMeshReduction: Using QuadricMeshReduction for automatic static mesh reduction
[2026.02.11-17.29.38:303][  0]LogMeshReduction: Using SimplygonMeshReduction for automatic skeletal mesh reduction
[2026.02.11-17.29.38:303][  0]LogMeshReduction: Using ProxyLODMeshReduction for automatic mesh merging
[2026.02.11-17.29.38:303][  0]LogMeshReduction: No distributed automatic mesh merging module available
[2026.02.11-17.29.38:303][  0]LogMeshMerging: No distributed automatic mesh merging module available
[2026.02.11-17.29.38:312][  0]LogNetVersion: TopDownAC 1.0.0, NetCL: 17155196, EngineNetVer: 17, GameNetVer: 0 (Checksum: 548030664)
[2026.02.11-17.29.38:544][  0]LogTexture: Default maximum texture size for cubemaps generated from long-lat sources has been changed from 512 to unlimited. In order to preserve old behaiour for '/Engine/MapTemplates/Sky/DaylightAmbientCubemap.DaylightAmbientCubemap', its maximum texture size has been explicitly set to 512.
[2026.02.11-17.29.38:582][  0]LogHMD: PokeAHoleMaterial loaded successfully
[2026.02.11-17.29.38:586][  0]LogUObjectArray: 17179 objects as part of root set at end of initial load.
[2026.02.11-17.29.38:586][  0]LogUObjectAllocator: 4302256 out of 0 bytes used by permanent object pool.
[2026.02.11-17.29.38:586][  0]LogUObjectArray: CloseDisregardForGC: 0/0 objects in disregard for GC pool
[2026.02.11-17.29.38:686][  0]LogPython: Using Python 3.7.7
[2026.02.11-17.29.39:027][  0]LogNiagaraDebuggerClient: Niagara Debugger Client Initialized | Session: 9CA7D5FB4E12B87A8537C18FBE291891 | Instance: 52BFAB744A91837CE0309D89C7A5D209 (LAPTOP-AN92MERF-15516).
[2026.02.11-17.29.39:130][  0]LogTcpMessaging: Initializing TcpMessaging bridge
[2026.02.11-17.29.39:133][  0]LogUdpMessaging: Initializing bridge on interface 0.0.0.0:0 to multicast group 230.0.0.1:6666.
[2026.02.11-17.29.39:224][  0]SourceControl: Source control is disabled
[2026.02.11-17.29.39:224][  0]SourceControl: Source control is disabled
[2026.02.11-17.29.39:228][  0]SourceControl: Source control is disabled
[2026.02.11-17.29.39:230][  0]SourceControl: Source control is disabled
[2026.02.11-17.29.39:246][  0]SourceControl: Source control is disabled
[2026.02.11-17.29.39:267][  0]LogUProjectInfo: Found projects:
[2026.02.11-17.29.39:317][  0]LogVSAccessor: Display: Unable to create Visual Studio setup instance: 80040154
[2026.02.11-17.29.39:318][  0]LogVSAccessor: Display: Unable to create Visual Studio setup instance: 80040154
[2026.02.11-17.29.39:318][  0]LogVSAccessor: Display: Unable to create Visual Studio setup instance: 80040154
[2026.02.11-17.29.39:331][  0]LogOpenImageDenoise: OIDN starting up
[2026.02.11-17.29.39:395][  0]LogAndroidPermission: UAndroidPermissionCallbackProxy::GetInstance
[2026.02.11-17.29.39:405][  0]LogAudioCaptureCore: Display: No Audio Capture implementations found. Audio input will be silent.
[2026.02.11-17.29.39:405][  0]LogAudioCaptureCore: Display: No Audio Capture implementations found. Audio input will be silent.
[2026.02.11-17.29.39:497][  0]LogCollectionManager: Loaded 0 collections in 0.000421 seconds
[2026.02.11-17.29.39:513][  0]LogFileCache: Scanning file cache for directory 'D:/Repozytoria/UE 4.27/KZ_TopDownShooter/TopDownAC/Saved/Collections/' took 0.00s
[2026.02.11-17.29.39:513][  0]LogFileCache: Scanning file cache for directory 'D:/Repozytoria/UE 4.27/KZ_TopDownShooter/TopDownAC/Content/Developers/harry/Collections/' took 0.00s
[2026.02.11-17.29.39:513][  0]LogFileCache: Scanning file cache for directory 'D:/Repozytoria/UE 4.27/KZ_TopDownShooter/TopDownAC/Content/Collections/' took 0.00s
[2026.02.11-17.29.39:513][  0]LogOcInput: OculusInput pre-init called
[2026.02.11-17.29.39:679][  0]LogEngine: Initializing Engine...
[2026.02.11-17.29.39:682][  0]LogHMD: Failed to enumerate extensions. Please check that you have a valid OpenXR runtime installed.
[2026.02.11-17.29.39:682][  0]LogHMD: Failed to initialize OpenVR with code 110
[2026.02.11-17.29.39:682][  0]LogMagicLeap: Warning: VR disabled because ZI is not enabled.  To enable, in the editor, Edit -> Project Settings -> Plugins -> Magic Leap Plugin -> Enable Zero Iteration
[2026.02.11-17.29.39:683][  0]LogStats: UGameplayTagsManager::InitializeManager -  0.000 s
[2026.02.11-17.29.39:758][  0]LogInit: Initializing FReadOnlyCVARCache
[2026.02.11-17.29.39:764][  0]LogAIModule: Creating AISystem for world Untitled
[2026.02.11-17.29.39:766][  0]LogAudio: Display: Initializing Audio Device Manager...
[2026.02.11-17.29.39:769][  0]LogAudio: Display: Loading Default Audio Settings Objects...
[2026.02.11-17.29.39:769][  0]LogAudio: Display: No default SoundConcurrencyObject specified (or failed to load).
[2026.02.11-17.29.39:769][  0]LogAudio: Display: Audio Device Manager Initialized
[2026.02.11-17.29.39:769][  0]LogAudio: Display: Creating Audio Device:                 Id: 1, Scope: Shared, Realtime: True
[2026.02.11-17.29.39:769][  0]LogAudioMixer: Display: Audio Mixer Platform Settings:
[2026.02.11-17.29.39:769][  0]LogAudioMixer: Display: 	Sample Rate:						  48000
[2026.02.11-17.29.39:769][  0]LogAudioMixer: Display: 	Callback Buffer Frame Size Requested: 1024
[2026.02.11-17.29.39:769][  0]LogAudioMixer: Display: 	Callback Buffer Frame Size To Use:	  1024
[2026.02.11-17.29.39:769][  0]LogAudioMixer: Display: 	Number of buffers to queue:			  2
[2026.02.11-17.29.39:769][  0]LogAudioMixer: Display: 	Max Channels (voices):				  32
[2026.02.11-17.29.39:769][  0]LogAudioMixer: Display: 	Number of Async Source Workers:		  0
[2026.02.11-17.29.39:769][  0]LogAudio: Display: AudioDevice MaxSources: 32
[2026.02.11-17.29.39:770][  0]LogAudio: Display: Audio Spatialization Plugin: None (built-in).
[2026.02.11-17.29.39:770][  0]LogAudio: Display: Audio Reverb Plugin: None (built-in).
[2026.02.11-17.29.39:770][  0]LogAudio: Display: Audio Occlusion Plugin: None (built-in).
[2026.02.11-17.29.39:770][  0]LogAudioMixer: Display: Initializing audio mixer.
[2026.02.11-17.29.39:777][  0]LogAudioMixer: Display: 0: FrontLeft
[2026.02.11-17.29.39:777][  0]LogAudioMixer: Display: 1: FrontRight
[2026.02.11-17.29.39:788][  0]LogAudioMixer: Display: Using Audio Device Speakers (USB Audio Device)
[2026.02.11-17.29.39:789][  0]LogAudioMixer: Display: Initializing Sound Submixes...
[2026.02.11-17.29.39:790][  0]LogAudioMixer: Display: Creating Master Submix 'MasterSubmixDefault'
[2026.02.11-17.29.39:790][  0]LogAudioMixer: Display: Creating Master Submix 'MasterReverbSubmixDefault'
[2026.02.11-17.29.39:791][  0]LogAudioMixer: Display: Creating Master Submix 'MasterEQSubmixDefault'
[2026.02.11-17.29.39:791][  0]LogAudioMixer: FMixerPlatformXAudio2::StartAudioStream() called
[2026.02.11-17.29.39:791][  0]LogAudioMixer: Display: Output buffers initialized: Frames=1024, Channels=2, Samples=2048
[2026.02.11-17.29.39:792][  0]LogAudioMixer: Display: Starting AudioMixerPlatformInterface::RunInternal()
[2026.02.11-17.29.39:792][  0]LogAudioMixer: Display: FMixerPlatformXAudio2::SubmitBuffer() called for the first time
[2026.02.11-17.29.39:792][  0]LogInit: FAudioDevice initialized.
[2026.02.11-17.29.39:792][  0]LogAudio: Display: Audio Device (ID: 1) registered with world 'Untitled'.
[2026.02.11-17.29.39:792][  0]LogNetVersion: Set ProjectVersion to 1.0.0.0. Version Checksum will be recalculated on next use.
[2026.02.11-17.29.39:849][  0]LogDerivedDataCache: Saved boot cache 0.06s 94MB C:/Users/harry/AppData/Local/UnrealEngine/4.27/DerivedDataCache/Boot.ddc.
[2026.02.11-17.29.39:850][  0]LogInit: Texture streaming: Enabled
[2026.02.11-17.29.39:861][  0]LogAnalytics: Display: [UEEditor.Rocket.Release] APIServer = https://datarouter.ol.epicgames.com/. AppVersion = 4.27.2-18319896+++UE4+Release-4.27
[2026.02.11-17.29.39:864][  0]LogEngineSessionManager: EngineSessionManager initialized
[2026.02.11-17.29.39:864][  0]LogEditorSessionSummary: Verbose: Initializing EditorSessionSummaryWriter for editor session tracking
[2026.02.11-17.29.39:866][  0]LogEditorSessionSummary: EditorSessionSummaryWriter initialized
[2026.02.11-17.29.39:891][  0]LogInit: Transaction tracking system initialized
[2026.02.11-17.29.39:905][  0]BlueprintLog: New page: Editor Load
[2026.02.11-17.29.39:946][  0]LocalizationService: Localization service is disabled
[2026.02.11-17.29.39:961][  0]TimingProfiler: Initialize
[2026.02.11-17.29.39:961][  0]TimingProfiler: OnSessionChanged
[2026.02.11-17.29.39:961][  0]LoadingProfiler: Initialize
[2026.02.11-17.29.39:961][  0]LoadingProfiler: OnSessionChanged
[2026.02.11-17.29.39:961][  0]NetworkingProfiler: Initialize
[2026.02.11-17.29.39:961][  0]NetworkingProfiler: OnSessionChanged
[2026.02.11-17.29.39:961][  0]MemoryProfiler: Initialize
[2026.02.11-17.29.39:961][  0]MemoryProfiler: OnSessionChanged
[2026.02.11-17.29.39:997][  0]LogVSAccessor: Display: Unable to create Visual Studio setup instance: 80040154
[2026.02.11-17.29.39:998][  0]LogVSAccessor: Display: Unable to create Visual Studio setup instance: 80040154
[2026.02.11-17.29.39:998][  0]LogVSAccessor: Display: Unable to create Visual Studio setup instance: 80040154
[2026.02.11-17.29.40:077][  0]LogCook: Display: CookSettings for Memory: MemoryMaxUsedVirtual 0MiB, MemoryMaxUsedPhysical 16384MiB, MemoryMinFreeVirtual 0MiB, MemoryMinFreePhysical 1024MiB
[2026.02.11-17.29.40:077][  0]LogCook: Display: Mobile HDR setting 1
[2026.02.11-17.29.40:107][  0]LogFileCache: Scanning file cache for directory 'D:/Repozytoria/UE 4.27/KZ_TopDownShooter/TopDownAC/Content/' took 0.00s
[2026.02.11-17.29.40:315][  0]LogInit: Display: Engine is initialized. Leaving FEngineLoop::Init()
[2026.02.11-17.29.40:316][  0]SourceControl: Source control is disabled
[2026.02.11-17.29.40:317][  0]LogUnrealEdMisc: Loading editor; pre map load, took 4.365
[2026.02.11-17.29.40:317][  0]Cmd: MAP LOAD FILE="../../../../../Repozytoria/UE 4.27/KZ_TopDownShooter/TopDownAC/Content/Levels/Main.umap" TEMPLATE=0 SHOWPROGRESS=1 FEATURELEVEL=3
[2026.02.11-17.29.40:317][  0]LightingResults: New page: Lighting Build
[2026.02.11-17.29.40:318][  0]LogWorld: UWorld::CleanupWorld for Untitled, bSessionEnded=true, bCleanupResources=true
[2026.02.11-17.29.40:318][  0]LogSlate: InvalidateAllWidgets triggered.  All widgets were invalidated
[2026.02.11-17.29.40:318][  0]MapCheck: New page: Map Check
[2026.02.11-17.29.40:318][  0]LightingResults: New page: Lighting Build
[2026.02.11-17.29.40:323][  0]LogAudio: Display: Audio Device unregistered from world 'None'.
[2026.02.11-17.29.40:325][  0]LogUObjectHash: Compacting FUObjectHashTables data took   0.48ms
[2026.02.11-17.29.40:481][  0]LogAudio: Display: Audio Device (ID: 1) registered with world 'Main'.
[2026.02.11-17.29.40:481][  0]LogAIModule: Creating AISystem for world Main
[2026.02.11-17.29.40:484][  0]LogEditorServer: Finished looking for orphan Actors (0.000 secs)
[2026.02.11-17.29.40:495][  0]LogUObjectHash: Compacting FUObjectHashTables data took   0.62ms
[2026.02.11-17.29.40:496][  0]Cmd: MAP CHECKDEP NOCLEARLOG
[2026.02.11-17.29.40:496][  0]MapCheck: Map check complete: 0 Error(s), 0 Warning(s), took 0,095ms to complete.
[2026.02.11-17.29.40:496][  0]LogFileHelpers: Loading map 'Main' took 0.180
[2026.02.11-17.29.40:498][  0]LogUnrealEdMisc: Total Editor Startup Time, took 4.546
[2026.02.11-17.29.40:620][  0]LogSlate: Updating window title bar state: overlay mode, drag disabled, window buttons hidden, title bar hidden
[2026.02.11-17.29.40:624][  0]LogSlate: Updating window title bar state: overlay mode, drag disabled, window buttons hidden, title bar hidden
[2026.02.11-17.29.40:628][  0]LogSlate: Updating window title bar state: overlay mode, drag disabled, window buttons hidden, title bar hidden
[2026.02.11-17.29.40:632][  0]LogSlate: Updating window title bar state: overlay mode, drag disabled, window buttons hidden, title bar hidden
[2026.02.11-17.29.40:646][  0]LogNativeClassHierarchy: Verbose: Native class hierarchy populated in 0.0074 seconds. Added 3822 classes and 928 folders.
[2026.02.11-17.29.40:647][  0]LogNativeClassHierarchy: Verbose: Native class hierarchy updated for 'WidgetCarousel' in 0.0002 seconds. Added 0 classes and 0 folders.
[2026.02.11-17.29.40:652][  0]LogPakFile: PakFile PrimaryIndexSize=187
[2026.02.11-17.29.40:652][  0]LogPakFile: PakFile PathHashIndexSize=101
[2026.02.11-17.29.40:652][  0]LogPakFile: PakFile FullDirectoryIndexSize=148
[2026.02.11-17.29.40:652][  0]LogShaderLibrary: Display: ShaderCodeLibraryPakFileMountedCallback: PakFile 'D:/Epic Games/UE_4.27/FeaturePacks/FP_FirstPerson.upack' (chunk index -1, root 'root:/') mounted
[2026.02.11-17.29.40:652][  0]LogShaderLibrary: Display: ShaderCodeLibraryPakFileMountedCallback: pending pak file info (ChunkID:-1 Root:root:/ File:D:/Epic Games/UE_4.27/FeaturePacks/FP_FirstPerson.upack)
[2026.02.11-17.29.40:652][  0]LogPakFile: OnPakFileMounted2Time == 0.000041
[2026.02.11-17.29.40:655][  0]LogPakFile: PakFile PrimaryIndexSize=189
[2026.02.11-17.29.40:655][  0]LogPakFile: PakFile PathHashIndexSize=101
[2026.02.11-17.29.40:655][  0]LogPakFile: PakFile FullDirectoryIndexSize=152
[2026.02.11-17.29.40:655][  0]LogShaderLibrary: Display: ShaderCodeLibraryPakFileMountedCallback: PakFile 'D:/Epic Games/UE_4.27/FeaturePacks/FP_FirstPersonBP.upack' (chunk index -1, root 'root:/') mounted
[2026.02.11-17.29.40:655][  0]LogShaderLibrary: Display: ShaderCodeLibraryPakFileMountedCallback: pending pak file info (ChunkID:-1 Root:root:/ File:D:/Epic Games/UE_4.27/FeaturePacks/FP_FirstPersonBP.upack)
[2026.02.11-17.29.40:655][  0]LogPakFile: OnPakFileMounted2Time == 0.000028
[2026.02.11-17.29.40:657][  0]LogPakFile: PakFile PrimaryIndexSize=191
[2026.02.11-17.29.40:657][  0]LogPakFile: PakFile PathHashIndexSize=101
[2026.02.11-17.29.40:657][  0]LogPakFile: PakFile FullDirectoryIndexSize=160
[2026.02.11-17.29.40:657][  0]LogShaderLibrary: Display: ShaderCodeLibraryPakFileMountedCallback: PakFile 'D:/Epic Games/UE_4.27/FeaturePacks/MobileStarterContent.upack' (chunk index -1, root 'root:/') mounted
[2026.02.11-17.29.40:657][  0]LogShaderLibrary: Display: ShaderCodeLibraryPakFileMountedCallback: pending pak file info (ChunkID:-1 Root:root:/ File:D:/Epic Games/UE_4.27/FeaturePacks/MobileStarterContent.upack)
[2026.02.11-17.29.40:657][  0]LogPakFile: OnPakFileMounted2Time == 0.000023
[2026.02.11-17.29.40:658][  0]LogPakFile: PakFile PrimaryIndexSize=185
[2026.02.11-17.29.40:658][  0]LogPakFile: PakFile PathHashIndexSize=101
[2026.02.11-17.29.40:658][  0]LogPakFile: PakFile FullDirectoryIndexSize=148
[2026.02.11-17.29.40:658][  0]LogShaderLibrary: Display: ShaderCodeLibraryPakFileMountedCallback: PakFile 'D:/Epic Games/UE_4.27/FeaturePacks/StarterContent.upack' (chunk index -1, root 'root:/') mounted
[2026.02.11-17.29.40:658][  0]LogShaderLibrary: Display: ShaderCodeLibraryPakFileMountedCallback: pending pak file info (ChunkID:-1 Root:root:/ File:D:/Epic Games/UE_4.27/FeaturePacks/StarterContent.upack)
[2026.02.11-17.29.40:658][  0]LogPakFile: OnPakFileMounted2Time == 0.000024
[2026.02.11-17.29.40:660][  0]LogPakFile: PakFile PrimaryIndexSize=190
[2026.02.11-17.29.40:660][  0]LogPakFile: PakFile PathHashIndexSize=101
[2026.02.11-17.29.40:660][  0]LogPakFile: PakFile FullDirectoryIndexSize=154
[2026.02.11-17.29.40:660][  0]LogShaderLibrary: Display: ShaderCodeLibraryPakFileMountedCallback: PakFile 'D:/Epic Games/UE_4.27/FeaturePacks/TP_2DSideScroller.upack' (chunk index -1, root 'root:/') mounted
[2026.02.11-17.29.40:660][  0]LogShaderLibrary: Display: ShaderCodeLibraryPakFileMountedCallback: pending pak file info (ChunkID:-1 Root:root:/ File:D:/Epic Games/UE_4.27/FeaturePacks/TP_2DSideScroller.upack)
[2026.02.11-17.29.40:660][  0]LogPakFile: OnPakFileMounted2Time == 0.000021
[2026.02.11-17.29.40:662][  0]LogPakFile: PakFile PrimaryIndexSize=192
[2026.02.11-17.29.40:662][  0]LogPakFile: PakFile PathHashIndexSize=101
[2026.02.11-17.29.40:662][  0]LogPakFile: PakFile FullDirectoryIndexSize=158
[2026.02.11-17.29.40:662][  0]LogShaderLibrary: Display: ShaderCodeLibraryPakFileMountedCallback: PakFile 'D:/Epic Games/UE_4.27/FeaturePacks/TP_2DSideScrollerBP.upack' (chunk index -1, root 'root:/') mounted
[2026.02.11-17.29.40:662][  0]LogShaderLibrary: Display: ShaderCodeLibraryPakFileMountedCallback: pending pak file info (ChunkID:-1 Root:root:/ File:D:/Epic Games/UE_4.27/FeaturePacks/TP_2DSideScrollerBP.upack)
[2026.02.11-17.29.40:662][  0]LogPakFile: OnPakFileMounted2Time == 0.000026
[2026.02.11-17.29.40:664][  0]LogPakFile: PakFile PrimaryIndexSize=182
[2026.02.11-17.29.40:664][  0]LogPakFile: PakFile PathHashIndexSize=101
[2026.02.11-17.29.40:664][  0]LogPakFile: PakFile FullDirectoryIndexSize=138
[2026.02.11-17.29.40:664][  0]LogShaderLibrary: Display: ShaderCodeLibraryPakFileMountedCallback: PakFile 'D:/Epic Games/UE_4.27/FeaturePacks/TP_Flying.upack' (chunk index -1, root 'root:/') mounted
[2026.02.11-17.29.40:664][  0]LogShaderLibrary: Display: ShaderCodeLibraryPakFileMountedCallback: pending pak file info (ChunkID:-1 Root:root:/ File:D:/Epic Games/UE_4.27/FeaturePacks/TP_Flying.upack)
[2026.02.11-17.29.40:664][  0]LogPakFile: OnPakFileMounted2Time == 0.000022
[2026.02.11-17.29.40:665][  0]LogPakFile: PakFile PrimaryIndexSize=184
[2026.02.11-17.29.40:665][  0]LogPakFile: PakFile PathHashIndexSize=101
[2026.02.11-17.29.40:665][  0]LogPakFile: PakFile FullDirectoryIndexSize=142
[2026.02.11-17.29.40:665][  0]LogShaderLibrary: Display: ShaderCodeLibraryPakFileMountedCallback: PakFile 'D:/Epic Games/UE_4.27/FeaturePacks/TP_FlyingBP.upack' (chunk index -1, root 'root:/') mounted
[2026.02.11-17.29.40:665][  0]LogShaderLibrary: Display: ShaderCodeLibraryPakFileMountedCallback: pending pak file info (ChunkID:-1 Root:root:/ File:D:/Epic Games/UE_4.27/FeaturePacks/TP_FlyingBP.upack)
[2026.02.11-17.29.40:665][  0]LogPakFile: OnPakFileMounted2Time == 0.000021
[2026.02.11-17.29.40:670][  0]LogPakFile: PakFile PrimaryIndexSize=188
[2026.02.11-17.29.40:670][  0]LogPakFile: PakFile PathHashIndexSize=101
[2026.02.11-17.29.40:670][  0]LogPakFile: PakFile FullDirectoryIndexSize=150
[2026.02.11-17.29.40:670][  0]LogShaderLibrary: Display: ShaderCodeLibraryPakFileMountedCallback: PakFile 'D:/Epic Games/UE_4.27/FeaturePacks/TP_HandheldARBP.upack' (chunk index -1, root 'root:/') mounted
[2026.02.11-17.29.40:670][  0]LogShaderLibrary: Display: ShaderCodeLibraryPakFileMountedCallback: pending pak file info (ChunkID:-1 Root:root:/ File:D:/Epic Games/UE_4.27/FeaturePacks/TP_HandheldARBP.upack)
[2026.02.11-17.29.40:670][  0]LogPakFile: OnPakFileMounted2Time == 0.000025
[2026.02.11-17.29.40:672][  0]LogPakFile: PakFile PrimaryIndexSize=182
[2026.02.11-17.29.40:672][  0]LogPakFile: PakFile PathHashIndexSize=101
[2026.02.11-17.29.40:672][  0]LogPakFile: PakFile FullDirectoryIndexSize=138
[2026.02.11-17.29.40:673][  0]LogShaderLibrary: Display: ShaderCodeLibraryPakFileMountedCallback: PakFile 'D:/Epic Games/UE_4.27/FeaturePacks/TP_Puzzle.upack' (chunk index -1, root 'root:/') mounted
[2026.02.11-17.29.40:673][  0]LogShaderLibrary: Display: ShaderCodeLibraryPakFileMountedCallback: pending pak file info (ChunkID:-1 Root:root:/ File:D:/Epic Games/UE_4.27/FeaturePacks/TP_Puzzle.upack)
[2026.02.11-17.29.40:673][  0]LogPakFile: OnPakFileMounted2Time == 0.000022
[2026.02.11-17.29.40:673][  0]LogPakFile: PakFile PrimaryIndexSize=184
[2026.02.11-17.29.40:673][  0]LogPakFile: PakFile PathHashIndexSize=101
[2026.02.11-17.29.40:673][  0]LogPakFile: PakFile FullDirectoryIndexSize=142
[2026.02.11-17.29.40:673][  0]LogShaderLibrary: Display: ShaderCodeLibraryPakFileMountedCallback: PakFile 'D:/Epic Games/UE_4.27/FeaturePacks/TP_PuzzleBP.upack' (chunk index -1, root 'root:/') mounted
[2026.02.11-17.29.40:673][  0]LogShaderLibrary: Display: ShaderCodeLibraryPakFileMountedCallback: pending pak file info (ChunkID:-1 Root:root:/ File:D:/Epic Games/UE_4.27/FeaturePacks/TP_PuzzleBP.upack)
[2026.02.11-17.29.40:673][  0]LogPakFile: OnPakFileMounted2Time == 0.000020
[2026.02.11-17.29.40:675][  0]LogPakFile: PakFile PrimaryIndexSize=183
[2026.02.11-17.29.40:675][  0]LogPakFile: PakFile PathHashIndexSize=101
[2026.02.11-17.29.40:675][  0]LogPakFile: PakFile FullDirectoryIndexSize=140
[2026.02.11-17.29.40:675][  0]LogShaderLibrary: Display: ShaderCodeLibraryPakFileMountedCallback: PakFile 'D:/Epic Games/UE_4.27/FeaturePacks/TP_Rolling.upack' (chunk index -1, root 'root:/') mounted
[2026.02.11-17.29.40:675][  0]LogShaderLibrary: Display: ShaderCodeLibraryPakFileMountedCallback: pending pak file info (ChunkID:-1 Root:root:/ File:D:/Epic Games/UE_4.27/FeaturePacks/TP_Rolling.upack)
[2026.02.11-17.29.40:675][  0]LogPakFile: OnPakFileMounted2Time == 0.000020
[2026.02.11-17.29.40:679][  0]LogPakFile: PakFile PrimaryIndexSize=185
[2026.02.11-17.29.40:679][  0]LogPakFile: PakFile PathHashIndexSize=101
[2026.02.11-17.29.40:679][  0]LogPakFile: PakFile FullDirectoryIndexSize=144
[2026.02.11-17.29.40:679][  0]LogShaderLibrary: Display: ShaderCodeLibraryPakFileMountedCallback: PakFile 'D:/Epic Games/UE_4.27/FeaturePacks/TP_RollingBP.upack' (chunk index -1, root 'root:/') mounted
[2026.02.11-17.29.40:679][  0]LogShaderLibrary: Display: ShaderCodeLibraryPakFileMountedCallback: pending pak file info (ChunkID:-1 Root:root:/ File:D:/Epic Games/UE_4.27/FeaturePacks/TP_RollingBP.upack)
[2026.02.11-17.29.40:679][  0]LogPakFile: OnPakFileMounted2Time == 0.000027
[2026.02.11-17.29.40:680][  0]LogPakFile: PakFile PrimaryIndexSize=188
[2026.02.11-17.29.40:680][  0]LogPakFile: PakFile PathHashIndexSize=101
[2026.02.11-17.29.40:680][  0]LogPakFile: PakFile FullDirectoryIndexSize=150
[2026.02.11-17.29.40:680][  0]LogShaderLibrary: Display: ShaderCodeLibraryPakFileMountedCallback: PakFile 'D:/Epic Games/UE_4.27/FeaturePacks/TP_SideScroller.upack' (chunk index -1, root 'root:/') mounted
[2026.02.11-17.29.40:680][  0]LogShaderLibrary: Display: ShaderCodeLibraryPakFileMountedCallback: pending pak file info (ChunkID:-1 Root:root:/ File:D:/Epic Games/UE_4.27/FeaturePacks/TP_SideScroller.upack)
[2026.02.11-17.29.40:680][  0]LogPakFile: OnPakFileMounted2Time == 0.000020
[2026.02.11-17.29.40:681][  0]LogPakFile: PakFile PrimaryIndexSize=190
[2026.02.11-17.29.40:681][  0]LogPakFile: PakFile PathHashIndexSize=101
[2026.02.11-17.29.40:681][  0]LogPakFile: PakFile FullDirectoryIndexSize=154
[2026.02.11-17.29.40:681][  0]LogShaderLibrary: Display: ShaderCodeLibraryPakFileMountedCallback: PakFile 'D:/Epic Games/UE_4.27/FeaturePacks/TP_SideScrollerBP.upack' (chunk index -1, root 'root:/') mounted
[2026.02.11-17.29.40:681][  0]LogShaderLibrary: Display: ShaderCodeLibraryPakFileMountedCallback: pending pak file info (ChunkID:-1 Root:root:/ File:D:/Epic Games/UE_4.27/FeaturePacks/TP_SideScrollerBP.upack)
[2026.02.11-17.29.40:681][  0]LogPakFile: OnPakFileMounted2Time == 0.000032
[2026.02.11-17.29.40:684][  0]LogPakFile: PakFile PrimaryIndexSize=187
[2026.02.11-17.29.40:684][  0]LogPakFile: PakFile PathHashIndexSize=101
[2026.02.11-17.29.40:684][  0]LogPakFile: PakFile FullDirectoryIndexSize=148
[2026.02.11-17.29.40:684][  0]LogShaderLibrary: Display: ShaderCodeLibraryPakFileMountedCallback: PakFile 'D:/Epic Games/UE_4.27/FeaturePacks/TP_ThirdPerson.upack' (chunk index -1, root 'root:/') mounted
[2026.02.11-17.29.40:684][  0]LogShaderLibrary: Display: ShaderCodeLibraryPakFileMountedCallback: pending pak file info (ChunkID:-1 Root:root:/ File:D:/Epic Games/UE_4.27/FeaturePacks/TP_ThirdPerson.upack)
[2026.02.11-17.29.40:684][  0]LogPakFile: OnPakFileMounted2Time == 0.000022
[2026.02.11-17.29.40:687][  0]LogPakFile: PakFile PrimaryIndexSize=189
[2026.02.11-17.29.40:687][  0]LogPakFile: PakFile PathHashIndexSize=101
[2026.02.11-17.29.40:687][  0]LogPakFile: PakFile FullDirectoryIndexSize=152
[2026.02.11-17.29.40:687][  0]LogShaderLibrary: Display: ShaderCodeLibraryPakFileMountedCallback: PakFile 'D:/Epic Games/UE_4.27/FeaturePacks/TP_ThirdPersonBP.upack' (chunk index -1, root 'root:/') mounted
[2026.02.11-17.29.40:687][  0]LogShaderLibrary: Display: ShaderCodeLibraryPakFileMountedCallback: pending pak file info (ChunkID:-1 Root:root:/ File:D:/Epic Games/UE_4.27/FeaturePacks/TP_ThirdPersonBP.upack)
[2026.02.11-17.29.40:687][  0]LogPakFile: OnPakFileMounted2Time == 0.000023
[2026.02.11-17.29.40:690][  0]LogPakFile: PakFile PrimaryIndexSize=183
[2026.02.11-17.29.40:690][  0]LogPakFile: PakFile PathHashIndexSize=101
[2026.02.11-17.29.40:690][  0]LogPakFile: PakFile FullDirectoryIndexSize=140
[2026.02.11-17.29.40:690][  0]LogShaderLibrary: Display: ShaderCodeLibraryPakFileMountedCallback: PakFile 'D:/Epic Games/UE_4.27/FeaturePacks/TP_TopDown.upack' (chunk index -1, root 'root:/') mounted
[2026.02.11-17.29.40:690][  0]LogShaderLibrary: Display: ShaderCodeLibraryPakFileMountedCallback: pending pak file info (ChunkID:-1 Root:root:/ File:D:/Epic Games/UE_4.27/FeaturePacks/TP_TopDown.upack)
[2026.02.11-17.29.40:690][  0]LogPakFile: OnPakFileMounted2Time == 0.000027
[2026.02.11-17.29.40:693][  0]LogPakFile: PakFile PrimaryIndexSize=185
[2026.02.11-17.29.40:693][  0]LogPakFile: PakFile PathHashIndexSize=101
[2026.02.11-17.29.40:693][  0]LogPakFile: PakFile FullDirectoryIndexSize=144
[2026.02.11-17.29.40:693][  0]LogShaderLibrary: Display: ShaderCodeLibraryPakFileMountedCallback: PakFile 'D:/Epic Games/UE_4.27/FeaturePacks/TP_TopDownBP.upack' (chunk index -1, root 'root:/') mounted
[2026.02.11-17.29.40:693][  0]LogShaderLibrary: Display: ShaderCodeLibraryPakFileMountedCallback: pending pak file info (ChunkID:-1 Root:root:/ File:D:/Epic Games/UE_4.27/FeaturePacks/TP_TopDownBP.upack)
[2026.02.11-17.29.40:693][  0]LogPakFile: OnPakFileMounted2Time == 0.000027
[2026.02.11-17.29.40:695][  0]LogPakFile: PakFile PrimaryIndexSize=185
[2026.02.11-17.29.40:695][  0]LogPakFile: PakFile PathHashIndexSize=101
[2026.02.11-17.29.40:695][  0]LogPakFile: PakFile FullDirectoryIndexSize=144
[2026.02.11-17.29.40:695][  0]LogShaderLibrary: Display: ShaderCodeLibraryPakFileMountedCallback: PakFile 'D:/Epic Games/UE_4.27/FeaturePacks/TP_TwinStick.upack' (chunk index -1, root 'root:/') mounted
[2026.02.11-17.29.40:695][  0]LogShaderLibrary: Display: ShaderCodeLibraryPakFileMountedCallback: pending pak file info (ChunkID:-1 Root:root:/ File:D:/Epic Games/UE_4.27/FeaturePacks/TP_TwinStick.upack)
[2026.02.11-17.29.40:695][  0]LogPakFile: OnPakFileMounted2Time == 0.000034
[2026.02.11-17.29.40:697][  0]LogPakFile: PakFile PrimaryIndexSize=187
[2026.02.11-17.29.40:697][  0]LogPakFile: PakFile PathHashIndexSize=101
[2026.02.11-17.29.40:697][  0]LogPakFile: PakFile FullDirectoryIndexSize=148
[2026.02.11-17.29.40:697][  0]LogShaderLibrary: Display: ShaderCodeLibraryPakFileMountedCallback: PakFile 'D:/Epic Games/UE_4.27/FeaturePacks/TP_TwinStickBP.upack' (chunk index -1, root 'root:/') mounted
[2026.02.11-17.29.40:697][  0]LogShaderLibrary: Display: ShaderCodeLibraryPakFileMountedCallback: pending pak file info (ChunkID:-1 Root:root:/ File:D:/Epic Games/UE_4.27/FeaturePacks/TP_TwinStickBP.upack)
[2026.02.11-17.29.40:697][  0]LogPakFile: OnPakFileMounted2Time == 0.000033
[2026.02.11-17.29.40:700][  0]LogPakFile: PakFile PrimaryIndexSize=183
[2026.02.11-17.29.40:700][  0]LogPakFile: PakFile PathHashIndexSize=101
[2026.02.11-17.29.40:700][  0]LogPakFile: PakFile FullDirectoryIndexSize=140
[2026.02.11-17.29.40:700][  0]LogShaderLibrary: Display: ShaderCodeLibraryPakFileMountedCallback: PakFile 'D:/Epic Games/UE_4.27/FeaturePacks/TP_Vehicle.upack' (chunk index -1, root 'root:/') mounted
[2026.02.11-17.29.40:700][  0]LogShaderLibrary: Display: ShaderCodeLibraryPakFileMountedCallback: pending pak file info (ChunkID:-1 Root:root:/ File:D:/Epic Games/UE_4.27/FeaturePacks/TP_Vehicle.upack)
[2026.02.11-17.29.40:700][  0]LogPakFile: OnPakFileMounted2Time == 0.000031
[2026.02.11-17.29.40:702][  0]LogPakFile: PakFile PrimaryIndexSize=186
[2026.02.11-17.29.40:702][  0]LogPakFile: PakFile PathHashIndexSize=101
[2026.02.11-17.29.40:702][  0]LogPakFile: PakFile FullDirectoryIndexSize=146
[2026.02.11-17.29.40:703][  0]LogShaderLibrary: Display: ShaderCodeLibraryPakFileMountedCallback: PakFile 'D:/Epic Games/UE_4.27/FeaturePacks/TP_VehicleAdv.upack' (chunk index -1, root 'root:/') mounted
[2026.02.11-17.29.40:703][  0]LogShaderLibrary: Display: ShaderCodeLibraryPakFileMountedCallback: pending pak file info (ChunkID:-1 Root:root:/ File:D:/Epic Games/UE_4.27/FeaturePacks/TP_VehicleAdv.upack)
[2026.02.11-17.29.40:703][  0]LogPakFile: OnPakFileMounted2Time == 0.000035
[2026.02.11-17.29.40:705][  0]LogPakFile: PakFile PrimaryIndexSize=188
[2026.02.11-17.29.40:705][  0]LogPakFile: PakFile PathHashIndexSize=101
[2026.02.11-17.29.40:705][  0]LogPakFile: PakFile FullDirectoryIndexSize=150
[2026.02.11-17.29.40:705][  0]LogShaderLibrary: Display: ShaderCodeLibraryPakFileMountedCallback: PakFile 'D:/Epic Games/UE_4.27/FeaturePacks/TP_VehicleAdvBP.upack' (chunk index -1, root 'root:/') mounted
[2026.02.11-17.29.40:705][  0]LogShaderLibrary: Display: ShaderCodeLibraryPakFileMountedCallback: pending pak file info (ChunkID:-1 Root:root:/ File:D:/Epic Games/UE_4.27/FeaturePacks/TP_VehicleAdvBP.upack)
[2026.02.11-17.29.40:705][  0]LogPakFile: OnPakFileMounted2Time == 0.000040
[2026.02.11-17.29.40:707][  0]LogPakFile: PakFile PrimaryIndexSize=185
[2026.02.11-17.29.40:708][  0]LogPakFile: PakFile PathHashIndexSize=101
[2026.02.11-17.29.40:708][  0]LogPakFile: PakFile FullDirectoryIndexSize=144
[2026.02.11-17.29.40:708][  0]LogShaderLibrary: Display: ShaderCodeLibraryPakFileMountedCallback: PakFile 'D:/Epic Games/UE_4.27/FeaturePacks/TP_VehicleBP.upack' (chunk index -1, root 'root:/') mounted
[2026.02.11-17.29.40:708][  0]LogShaderLibrary: Display: ShaderCodeLibraryPakFileMountedCallback: pending pak file info (ChunkID:-1 Root:root:/ File:D:/Epic Games/UE_4.27/FeaturePacks/TP_VehicleBP.upack)
[2026.02.11-17.29.40:708][  0]LogPakFile: OnPakFileMounted2Time == 0.000027
[2026.02.11-17.29.40:711][  0]LogPakFile: PakFile PrimaryIndexSize=192
[2026.02.11-17.29.40:711][  0]LogPakFile: PakFile PathHashIndexSize=101
[2026.02.11-17.29.40:711][  0]LogPakFile: PakFile FullDirectoryIndexSize=158
[2026.02.11-17.29.40:711][  0]LogShaderLibrary: Display: ShaderCodeLibraryPakFileMountedCallback: PakFile 'D:/Epic Games/UE_4.27/FeaturePacks/TP_VirtualRealityBP.upack' (chunk index -1, root 'root:/') mounted
[2026.02.11-17.29.40:711][  0]LogShaderLibrary: Display: ShaderCodeLibraryPakFileMountedCallback: pending pak file info (ChunkID:-1 Root:root:/ File:D:/Epic Games/UE_4.27/FeaturePacks/TP_VirtualRealityBP.upack)
[2026.02.11-17.29.40:711][  0]LogPakFile: OnPakFileMounted2Time == 0.000049
[2026.02.11-17.29.40:813][  0]LogNativeClassHierarchy: Verbose: Native class hierarchy updated for 'AddContentDialog' in 0.0002 seconds. Added 0 classes and 0 folders.
[2026.02.11-17.29.40:817][  0]LogNativeClassHierarchy: Verbose: Native class hierarchy updated for 'SceneOutliner' in 0.0002 seconds. Added 2 classes and 0 folders.
[2026.02.11-17.29.40:876][  0]LogSlate: Took 0.000169 seconds to synchronously load lazily loaded font '../../../Engine/Content/Slate/Fonts/Roboto-Regular.ttf' (155K)
[2026.02.11-17.29.40:877][  0]LogSlate: Took 0.000895 seconds to synchronously load lazily loaded font '../../../Engine/Content/Editor/Slate/Fonts/FontAwesome.ttf' (139K)
[2026.02.11-17.29.40:879][  0]LogSlate: Took 0.000129 seconds to synchronously load lazily loaded font '../../../Engine/Content/Slate/Fonts/Roboto-Bold.ttf' (160K)
[2026.02.11-17.29.40:882][  0]LogSlate: Took 0.000675 seconds to synchronously load lazily loaded font '../../../Engine/Content/Slate/Fonts/DroidSansMono.ttf' (77K)
[2026.02.11-17.29.40:999][  0]LogNativeClassHierarchy: Verbose: Native class hierarchy updated for 'HierarchicalLODOutliner' in 0.0002 seconds. Added 0 classes and 0 folders.
[2026.02.11-17.29.40:999][  0]LogLoad: (Engine Initialization) Total time: 5.05 seconds
[2026.02.11-17.29.40:999][  0]LogLoad: (Engine Initialization) Total Blueprint compile time: 0.00 seconds
[2026.02.11-17.29.41:046][  0]LogAssetRegistry: Asset discovery search completed in 2.9651 seconds
[2026.02.11-17.29.41:051][  0]LogCollectionManager: Fixed up redirectors for 0 collections in 0.000003 seconds (updated 0 objects)
[2026.02.11-17.29.41:052][  0]LogContentStreaming: Texture pool size now 1000 MB
[2026.02.11-17.29.41:078][  2]LogRenderer: Reallocating scene render targets to support 128x128 Format 10 NumSamples 1 (Frame:0).
[2026.02.11-17.29.51:075][547]LogSlate: Took 0.001583 seconds to synchronously load lazily loaded font '../../../Engine/Content/Slate/Fonts/Roboto-Light.ttf' (167K)
[2026.02.11-17.29.52:213][610]LogRenderer: Reallocating scene render targets to support 1020x812 Format 10 NumSamples 1 (Frame:1).
[2026.02.11-17.30.07:890][399]LogUObjectHash: Compacting FUObjectHashTables data took   0.65ms
[2026.02.11-17.30.07:931][399]LogSlate: Window 'TopDownAC - Unreal Editor' being destroyed
[2026.02.11-17.30.07:933][399]LogWindowsTextInputMethodSystem: Display: IME system deactivated.
[2026.02.11-17.30.08:052][400]Cmd: QUIT_EDITOR
[2026.02.11-17.30.08:052][400]LogCore: Engine exit requested (reason: UUnrealEdEngine::CloseEditor())
[2026.02.11-17.30.08:059][400]LogCore: Engine exit requested (reason: EngineExit() was called; note: exit was already requested)
[2026.02.11-17.30.08:064][400]LogAudio: Display: Beginning Audio Device Manager Shutdown (Module: AudioMixerXAudio2)...
[2026.02.11-17.30.08:064][400]LogAudio: Display: Destroying 1 Remaining Audio Device(s)...
[2026.02.11-17.30.08:064][400]LogAudio: Display: Audio Device unregistered from world 'Main'.
[2026.02.11-17.30.08:064][400]LogAudioMixer: FMixerPlatformXAudio2::StopAudioStream() called
[2026.02.11-17.30.08:066][400]LogAudioMixer: FMixerPlatformXAudio2::StopAudioStream() called
[2026.02.11-17.30.08:070][400]LogAudio: Display: Audio Device Manager Shutdown
[2026.02.11-17.30.08:082][400]LogExit: Preparing to exit.
[2026.02.11-17.30.08:185][400]LogUObjectHash: Compacting FUObjectHashTables data took   1.30ms
[2026.02.11-17.30.08:354][400]LogDemo: Cleaned up 0 splitscreen connections with owner deletion
[2026.02.11-17.30.08:369][400]LogWorld: UWorld::CleanupWorld for None, bSessionEnded=true, bCleanupResources=true
[2026.02.11-17.30.08:369][400]LogExit: Editor shut down
[2026.02.11-17.30.08:371][400]LogExit: Transaction tracking system shut down
[2026.02.11-17.30.08:695][400]LogExit: Object subsystem successfully closed.
[2026.02.11-17.30.08:897][400]LogShaderCompilers: Display: === FShaderJobCache stats ===
[2026.02.11-17.30.08:897][400]LogShaderCompilers: Display: Total job queries 0, among them cache hits 0 (0.00%)
[2026.02.11-17.30.08:898][400]LogShaderCompilers: Display: Tracking 0 distinct input hashes that result in 0 distinct outputs (0.00%)
[2026.02.11-17.30.08:898][400]LogShaderCompilers: Display: RAM used: 0.00 MB (0.00 GB) of 1638.40 MB (1.60 GB) budget. Usage: 0.00%
[2026.02.11-17.30.08:898][400]LogShaderCompilers: Display: ================================================
[2026.02.11-17.30.08:922][400]LogShaderCompilers: Display: Shaders left to compile 0
[2026.02.11-17.30.08:969][400]LogModuleManager: Shutting down and abandoning module HierarchicalLODOutliner (870)
[2026.02.11-17.30.08:969][400]LogModuleManager: Shutting down and abandoning module SceneOutliner (868)
[2026.02.11-17.30.08:969][400]LogModuleManager: Shutting down and abandoning module AddContentDialog (866)
[2026.02.11-17.30.08:970][400]LogModuleManager: Shutting down and abandoning module WidgetCarousel (865)
[2026.02.11-17.30.08:970][400]LogModuleManager: Shutting down and abandoning module EditorWidgets (862)
[2026.02.11-17.30.08:970][400]LogModuleManager: Shutting down and abandoning module StatsViewer (860)
[2026.02.11-17.30.08:970][400]LogModuleManager: Shutting down and abandoning module PIEPreviewDeviceProfileSelector (858)
[2026.02.11-17.30.08:970][400]LogModuleManager: Shutting down and abandoning module SequenceRecorderSections (856)
[2026.02.11-17.30.08:970][400]LogModuleManager: Shutting down and abandoning module AutomationWorker (854)
[2026.02.11-17.30.08:970][400]LogModuleManager: Shutting down and abandoning module SteamVREditor (852)
[2026.02.11-17.30.08:970][400]LogModuleManager: Shutting down and abandoning module OculusMR (850)
[2026.02.11-17.30.08:970][400]LogModuleManager: Shutting down and abandoning module TakeRecorderSources (848)
[2026.02.11-17.30.08:970][400]LogModuleManager: Shutting down and abandoning module TakeRecorder (847)
[2026.02.11-17.30.08:970][400]LogModuleManager: Shutting down and abandoning module TakeTrackRecorders (844)
[2026.02.11-17.30.08:970][400]LogModuleManager: Shutting down and abandoning module TakesCore (842)
[2026.02.11-17.30.08:970][400]LogModuleManager: Shutting down and abandoning module OpenXRInput (840)
[2026.02.11-17.30.08:970][400]LogModuleManager: Shutting down and abandoning module MediaCompositingEditor (838)
[2026.02.11-17.30.08:970][400]LogModuleManager: Shutting down and abandoning module GooglePADEditor (836)
[2026.02.11-17.30.08:970][400]LogModuleManager: Shutting down and abandoning module TemplateSequenceEditor (834)
[2026.02.11-17.30.08:970][400]LogModuleManager: Shutting down and abandoning module MatineeToLevelSequence (832)
[2026.02.11-17.30.08:971][400]LogModuleManager: Shutting down and abandoning module LevelSequenceEditor (830)
[2026.02.11-17.30.08:971][400]LogModuleManager: Shutting down and abandoning module AudioCaptureEditor (828)
[2026.02.11-17.30.08:971][400]LogModuleManager: Shutting down and abandoning module SequenceRecorder (827)
[2026.02.11-17.30.08:971][400]LogModuleManager: Shutting down and abandoning module ActorSequenceEditor (824)
[2026.02.11-17.30.08:972][400]LogModuleManager: Shutting down and abandoning module WmfMediaFactory (822)
[2026.02.11-17.30.08:972][400]LogModuleManager: Shutting down and abandoning module WmfMediaEditor (820)
[2026.02.11-17.30.08:972][400]LogModuleManager: Shutting down and abandoning module MediaPlayerEditor (818)
[2026.02.11-17.30.08:972][400]LogModuleManager: Shutting down and abandoning module WebMMediaFactory (816)
[2026.02.11-17.30.08:972][400]LogModuleManager: Shutting down and abandoning module WebMMediaEditor (814)
[2026.02.11-17.30.08:972][400]LogModuleManager: Shutting down and abandoning module WebMMedia (812)
[2026.02.11-17.30.08:972][400]LogModuleManager: Shutting down and abandoning module OpenExrWrapper (810)
[2026.02.11-17.30.08:972][400]LogModuleManager: Shutting down and abandoning module ImgMediaFactory (808)
[2026.02.11-17.30.08:972][400]LogModuleManager: Shutting down and abandoning module ImgMediaEditor (806)
[2026.02.11-17.30.08:972][400]LogModuleManager: Shutting down and abandoning module TextureAlignMode (804)
[2026.02.11-17.30.08:972][400]LogModuleManager: Shutting down and abandoning module BspMode (802)
[2026.02.11-17.30.08:972][400]LogModuleManager: Shutting down and abandoning module GeometryMode (800)
[2026.02.11-17.30.08:972][400]LogModuleManager: Shutting down and abandoning module AvfMediaFactory (798)
[2026.02.11-17.30.08:972][400]LogModuleManager: Shutting down and abandoning module AvfMediaEditor (796)
[2026.02.11-17.30.08:972][400]LogModuleManager: Shutting down and abandoning module AndroidMediaFactory (794)
[2026.02.11-17.30.08:972][400]LogModuleManager: Shutting down and abandoning module AndroidMediaEditor (792)
[2026.02.11-17.30.08:972][400]LogModuleManager: Shutting down and abandoning module MagicLeapMediaCodecFactory (790)
[2026.02.11-17.30.08:972][400]LogModuleManager: Shutting down and abandoning module MagicLeapMediaFactory (788)
[2026.02.11-17.30.08:972][400]LogModuleManager: Shutting down and abandoning module MagicLeapMediaEditor (786)
[2026.02.11-17.30.08:972][400]LogModuleManager: Shutting down and abandoning module PlanarCut (784)
[2026.02.11-17.30.08:972][400]LogModuleManager: Shutting down and abandoning module CharacterAI (782)
[2026.02.11-17.30.08:972][400]LogModuleManager: Shutting down and abandoning module CameraShakePreviewer (780)
[2026.02.11-17.30.08:973][400]LogModuleManager: Shutting down and abandoning module SmartSnapping (778)
[2026.02.11-17.30.08:973][400]LogModuleManager: Shutting down and abandoning module SessionServices (776)
[2026.02.11-17.30.08:973][400]LogModuleManager: Shutting down and abandoning module MeshPaint (774)
[2026.02.11-17.30.08:973][400]LogModuleManager: Shutting down and abandoning module VirtualTexturingEditor (772)
[2026.02.11-17.30.08:973][400]LogModuleManager: Shutting down and abandoning module FoliageEdit (770)
[2026.02.11-17.30.08:973][400]LogModuleManager: Shutting down and abandoning module LandscapeEditor (768)
[2026.02.11-17.30.08:973][400]LogModuleManager: Shutting down and abandoning module MeshPaintMode (766)
[2026.02.11-17.30.08:973][400]LogModuleManager: Shutting down and abandoning module SceneDepthPickerMode (764)
[2026.02.11-17.30.08:973][400]LogModuleManager: Shutting down and abandoning module ActorPickerMode (762)
[2026.02.11-17.30.08:973][400]LogModuleManager: Shutting down and abandoning module PlacementMode (760)
[2026.02.11-17.30.08:973][400]LogModuleManager: Shutting down and abandoning module ViewportSnapping (758)
[2026.02.11-17.30.08:973][400]LogModuleManager: Shutting down and abandoning module ViewportInteraction (756)
[2026.02.11-17.30.08:973][400]LogModuleManager: Shutting down and abandoning module ClothPainter (754)
[2026.02.11-17.30.08:973][400]LogModuleManager: Shutting down and abandoning module SkeletalMeshEditor (753)
[2026.02.11-17.30.08:973][400]LogModuleManager: Shutting down and abandoning module LogVisualizer (750)
[2026.02.11-17.30.08:973][400]LogModuleManager: Shutting down and abandoning module IntroTutorials (748)
[2026.02.11-17.30.08:973][400]LogModuleManager: Shutting down and abandoning module GameProjectGeneration (747)
[2026.02.11-17.30.08:974][400]LogModuleManager: Shutting down and abandoning module LuminPlatformEditor (744)
[2026.02.11-17.30.08:974][400]LogModuleManager: Shutting down and abandoning module IOSPlatformEditor (742)
[2026.02.11-17.30.08:974][400]LogModuleManager: Shutting down and abandoning module AndroidPlatformEditor (740)
[2026.02.11-17.30.08:974][400]LogModuleManager: Shutting down and abandoning module AndroidDeviceDetection (739)
[2026.02.11-17.30.09:003][400]LogModuleManager: Shutting down and abandoning module WindowsPlatformEditor (736)
[2026.02.11-17.30.09:003][400]LogModuleManager: Shutting down and abandoning module LuminRuntimeSettings (734)
[2026.02.11-17.30.09:003][400]LogModuleManager: Shutting down and abandoning module IOSRuntimeSettings (732)
[2026.02.11-17.30.09:003][400]LogModuleManager: Shutting down and abandoning module AndroidRuntimeSettings (730)
[2026.02.11-17.30.09:003][400]LogModuleManager: Shutting down and abandoning module TraceInsights (728)
[2026.02.11-17.30.09:004][400]MemoryProfiler: Shutdown
[2026.02.11-17.30.09:004][400]NetworkingProfiler: Shutdown
[2026.02.11-17.30.09:004][400]LoadingProfiler: Shutdown
[2026.02.11-17.30.09:004][400]TimingProfiler: Shutdown
[2026.02.11-17.30.09:004][400]LogModuleManager: Shutting down and abandoning module TraceServices (727)
[2026.02.11-17.30.09:004][400]LogModuleManager: Shutting down and abandoning module EditorInteractiveToolsFramework (724)
[2026.02.11-17.30.09:004][400]LogModuleManager: Shutting down and abandoning module TimeManagementEditor (722)
[2026.02.11-17.30.09:004][400]LogModuleManager: Shutting down and abandoning module InputBindingEditor (720)
[2026.02.11-17.30.09:004][400]LogModuleManager: Shutting down and abandoning module MergeActors (718)
[2026.02.11-17.30.09:004][400]LogModuleManager: Shutting down and abandoning module LocalizationDashboard (716)
[2026.02.11-17.30.09:004][400]LogModuleManager: Shutting down and abandoning module LocalizationService (715)
[2026.02.11-17.30.09:004][400]LogModuleManager: Shutting down and abandoning module HardwareTargeting (712)
[2026.02.11-17.30.09:004][400]LogModuleManager: Shutting down and abandoning module DeviceProfileEditor (710)
[2026.02.11-17.30.09:004][400]LogModuleManager: Shutting down and abandoning module UndoHistory (708)
[2026.02.11-17.30.09:004][400]LogModuleManager: Shutting down and abandoning module XmlParser (706)
[2026.02.11-17.30.09:004][400]LogModuleManager: Shutting down and abandoning module Blutility (704)
[2026.02.11-17.30.09:004][400]LogModuleManager: Shutting down and abandoning module ProjectSettingsViewer (702)
[2026.02.11-17.30.09:004][400]LogModuleManager: Shutting down and abandoning module ProjectTargetPlatformEditor (701)
[2026.02.11-17.30.09:005][400]LogModuleManager: Shutting down and abandoning module EditorSettingsViewer (698)
[2026.02.11-17.30.09:005][400]LogModuleManager: Shutting down and abandoning module InternationalizationSettings (697)
[2026.02.11-17.30.09:005][400]LogModuleManager: Shutting down and abandoning module SettingsEditor (694)
[2026.02.11-17.30.09:005][400]LogModuleManager: Shutting down and abandoning module ProjectLauncher (692)
[2026.02.11-17.30.09:005][400]LogModuleManager: Shutting down and abandoning module SessionFrontend (690)
[2026.02.11-17.30.09:005][400]LogModuleManager: Shutting down and abandoning module ProfilerClient (688)
[2026.02.11-17.30.09:005][400]LogModuleManager: Shutting down and abandoning module DeviceManager (686)
[2026.02.11-17.30.09:005][400]LogModuleManager: Shutting down and abandoning module TargetDeviceServices (685)
[2026.02.11-17.30.09:038][400]LogModuleManager: Shutting down and abandoning module AutomationController (682)
[2026.02.11-17.30.09:038][400]LogModuleManager: Shutting down and abandoning module AutomationWindow (680)
[2026.02.11-17.30.09:038][400]LogModuleManager: Shutting down and abandoning module Layers (678)
[2026.02.11-17.30.09:038][400]LogModuleManager: Shutting down and abandoning module ComponentVisualizers (676)
[2026.02.11-17.30.09:038][400]LogModuleManager: Shutting down and abandoning module DetailCustomizations (674)
[2026.02.11-17.30.09:038][400]LogModuleManager: Shutting down and abandoning module PackagesDialog (672)
[2026.02.11-17.30.09:038][400]LogModuleManager: Shutting down and abandoning module AnimationBlueprintEditor (670)
[2026.02.11-17.30.09:039][400]LogModuleManager: Shutting down and abandoning module Persona (668)
[2026.02.11-17.30.09:039][400]LogModuleManager: Shutting down and abandoning module AdvancedPreviewScene (667)
[2026.02.11-17.30.09:039][400]LogModuleManager: Shutting down and abandoning module AnimGraph (665)
[2026.02.11-17.30.09:039][400]LogModuleManager: Shutting down and abandoning module Kismet (662)
[2026.02.11-17.30.09:039][400]LogModuleManager: Shutting down and abandoning module KismetWidgets (661)
[2026.02.11-17.30.09:040][400]LogModuleManager: Shutting down and abandoning module GraphEditor (658)
[2026.02.11-17.30.09:040][400]LogModuleManager: Shutting down and abandoning module StructViewer (656)
[2026.02.11-17.30.09:040][400]LogModuleManager: Shutting down and abandoning module ClassViewer (654)
[2026.02.11-17.30.09:040][400]LogModuleManager: Shutting down and abandoning module Toolbox (652)
[2026.02.11-17.30.09:040][400]LogModuleManager: Shutting down and abandoning module ModuleUI (650)
[2026.02.11-17.30.09:040][400]LogModuleManager: Shutting down and abandoning module OutputLog (648)
[2026.02.11-17.30.09:040][400]LogModuleManager: Shutting down and abandoning module GammaUI (646)
[2026.02.11-17.30.09:040][400]LogModuleManager: Shutting down and abandoning module Documentation (644)
[2026.02.11-17.30.09:040][400]LogModuleManager: Shutting down and abandoning module LiveCoding (642)
[2026.02.11-17.30.09:041][400]LogModuleManager: Shutting down and abandoning module LevelSequence (640)
[2026.02.11-17.30.09:041][400]LogModuleManager: Shutting down and abandoning module MovieSceneTracks (638)
[2026.02.11-17.30.09:041][400]LogModuleManager: Shutting down and abandoning module MovieScene (636)
[2026.02.11-17.30.09:041][400]LogModuleManager: Shutting down and abandoning module StreamingPauseRendering (634)
[2026.02.11-17.30.09:041][400]LogModuleManager: Shutting down and abandoning module LauncherPlatform (632)
[2026.02.11-17.30.09:041][400]LogModuleManager: Shutting down and abandoning module AnalyticsET (630)
[2026.02.11-17.30.09:041][400]LogModuleManager: Shutting down and abandoning module PortalServices (628)
[2026.02.11-17.30.09:041][400]LogModuleManager: Shutting down and abandoning module PortalRpc (626)
[2026.02.11-17.30.09:041][400]LogModuleManager: Shutting down and abandoning module MessagingRpc (624)
[2026.02.11-17.30.09:041][400]LogModuleManager: Shutting down and abandoning module AudioMixerXAudio2 (622)
[2026.02.11-17.30.09:041][400]LogModuleManager: Shutting down and abandoning module AudioMixerCore (621)
[2026.02.11-17.30.09:041][400]LogModuleManager: Shutting down and abandoning module AIModule (618)
[2026.02.11-17.30.09:041][400]LogModuleManager: Shutting down and abandoning module GameplayDebugger (617)
[2026.02.11-17.30.09:041][400]LogModuleManager: Shutting down and abandoning module AITestSuite (615)
[2026.02.11-17.30.09:041][400]LogModuleManager: Shutting down and abandoning module NavigationSystem (613)
[2026.02.11-17.30.09:041][400]LogModuleManager: Shutting down and abandoning module ImageWriteQueue (610)
[2026.02.11-17.30.09:436][400]LogModuleManager: Shutting down and abandoning module ProfilerService (608)
[2026.02.11-17.30.09:497][400]LogModuleManager: Shutting down and abandoning module TaskGraph (606)
[2026.02.11-17.30.09:497][400]LogModuleManager: Shutting down and abandoning module AudioSynesthesiaEditor (604)
[2026.02.11-17.30.09:497][400]LogModuleManager: Shutting down and abandoning module OculusEditor (602)
[2026.02.11-17.30.09:497][400]LogModuleManager: Shutting down and abandoning module OculusInput (600)
[2026.02.11-17.30.09:497][400]LogModuleManager: Shutting down and abandoning module ContentBrowserFileDataSource (598)
[2026.02.11-17.30.09:497][400]LogModuleManager: Shutting down and abandoning module ContentBrowserClassDataSource (596)
[2026.02.11-17.30.09:497][400]LogModuleManager: Shutting down and abandoning module ContentBrowserAssetDataSource (594)
[2026.02.11-17.30.09:497][400]LogModuleManager: Shutting down and abandoning module CollectionManager (593)
[2026.02.11-17.30.09:497][400]LogModuleManager: Shutting down and abandoning module ScreenshotTools (590)
[2026.02.11-17.30.09:497][400]LogModuleManager: Shutting down and abandoning module SynthesisEditor (588)
[2026.02.11-17.30.09:497][400]LogModuleManager: Shutting down and abandoning module Synthesis (586)
[2026.02.11-17.30.09:497][400]LogModuleManager: Shutting down and abandoning module TakeSequencer (584)
[2026.02.11-17.30.09:497][400]LogModuleManager: Shutting down and abandoning module TakeMovieScene (582)
[2026.02.11-17.30.09:497][400]LogModuleManager: Shutting down and abandoning module ProceduralMeshComponentEditor (580)
[2026.02.11-17.30.09:497][400]LogModuleManager: Shutting down and abandoning module ProceduralMeshComponent (578)
[2026.02.11-17.30.09:497][400]LogModuleManager: Shutting down and abandoning module OpenXREditor (576)
[2026.02.11-17.30.09:497][400]LogModuleManager: Shutting down and abandoning module MediaCompositing (574)
[2026.02.11-17.30.09:497][400]LogModuleManager: Shutting down and abandoning module MobilePatchingUtils (572)
[2026.02.11-17.30.09:498][400]LogModuleManager: Shutting down and abandoning module GooglePAD (570)
[2026.02.11-17.30.09:498][400]LogModuleManager: Shutting down and abandoning module TemplateSequence (568)
[2026.02.11-17.30.09:498][400]LogModuleManager: Shutting down and abandoning module AppleImageUtilsBlueprintSupport (566)
[2026.02.11-17.30.09:498][400]LogModuleManager: Shutting down and abandoning module AppleImageUtils (564)
[2026.02.11-17.30.09:498][400]LogModuleManager: Shutting down and abandoning module EditableMesh (562)
[2026.02.11-17.30.09:498][400]LogModuleManager: Shutting down and abandoning module CustomMeshComponent (560)
[2026.02.11-17.30.09:498][400]LogModuleManager: Shutting down and abandoning module CableComponent (558)
[2026.02.11-17.30.09:498][400]LogModuleManager: Shutting down and abandoning module AudioCapture (556)
[2026.02.11-17.30.09:498][400]LogModuleManager: Shutting down and abandoning module AudioCaptureRtAudio (555)
[2026.02.11-17.30.09:498][400]LogModuleManager: Shutting down and abandoning module AssetTags (552)
[2026.02.11-17.30.09:498][400]LogModuleManager: Shutting down and abandoning module ArchVisCharacter (550)
[2026.02.11-17.30.09:498][400]LogModuleManager: Shutting down and abandoning module AndroidPermission (548)
[2026.02.11-17.30.09:498][400]LogModuleManager: Shutting down and abandoning module CryptoKeysOpenSSL (546)
[2026.02.11-17.30.09:498][400]LogModuleManager: Shutting down and abandoning module CryptoKeys (544)
[2026.02.11-17.30.09:498][400]LogModuleManager: Shutting down and abandoning module ActorLayerUtilitiesEditor (542)
[2026.02.11-17.30.09:498][400]LogModuleManager: Shutting down and abandoning module ActorLayerUtilities (540)
[2026.02.11-17.30.09:498][400]LogModuleManager: Shutting down and abandoning module ImgMedia (538)
[2026.02.11-17.30.09:498][400]LogModuleManager: Shutting down and abandoning module SpeedTreeImporter (536)
[2026.02.11-17.30.09:498][400]LogModuleManager: Shutting down and abandoning module PluginBrowser (534)
[2026.02.11-17.30.09:498][400]LogModuleManager: Shutting down and abandoning module MobileLauncherProfileWizard (532)
[2026.02.11-17.30.09:498][400]LogModuleManager: Shutting down and abandoning module MaterialAnalyzer (530)
[2026.02.11-17.30.09:498][400]LogModuleManager: Shutting down and abandoning module CurveEditorTools (528)
[2026.02.11-17.30.09:498][400]LogModuleManager: Shutting down and abandoning module NiagaraEditorWidgets (526)
[2026.02.11-17.30.09:499][400]LogModuleManager: Shutting down and abandoning module MagicLeapSharedWorld (524)
[2026.02.11-17.30.09:499][400]LogModuleManager: Shutting down and abandoning module MagicLeapLightEstimation (522)
[2026.02.11-17.30.09:499][400]LogModuleManager: Shutting down and abandoning module MagicLeapHelperVulkan (520)
[2026.02.11-17.30.09:499][400]LogModuleManager: Shutting down and abandoning module MagicLeapHelperOpenGL (518)
[2026.02.11-17.30.09:499][400]LogModuleManager: Shutting down and abandoning module MagicLeapAudio (516)
[2026.02.11-17.30.09:499][400]LogModuleManager: Shutting down and abandoning module OpenImageDenoise (514)
[2026.02.11-17.30.09:499][400]LogOpenImageDenoise: OIDN shutting down
[2026.02.11-17.30.09:499][400]LogModuleManager: Shutting down and abandoning module MotoSynthEditor (512)
[2026.02.11-17.30.09:499][400]LogModuleManager: Shutting down and abandoning module MotoSynth (510)
[2026.02.11-17.30.09:499][400]LogModuleManager: Shutting down and abandoning module GeometryCollectionTracks (508)
[2026.02.11-17.30.09:499][400]LogModuleManager: Shutting down and abandoning module GeometryCollectionSequencer (507)
[2026.02.11-17.30.09:499][400]LogModuleManager: Shutting down and abandoning module GeometryCollectionEditor (504)
[2026.02.11-17.30.09:499][400]LogModuleManager: Shutting down and abandoning module VisualStudioSourceCodeAccess (502)
[2026.02.11-17.30.09:499][400]LogModuleManager: Shutting down and abandoning module MeshConversion (500)
[2026.02.11-17.30.09:499][400]LogModuleManager: Shutting down and abandoning module DynamicMesh (498)
[2026.02.11-17.30.09:499][400]LogModuleManager: Shutting down and abandoning module GeometryAlgorithms (496)
[2026.02.11-17.30.09:499][400]LogModuleManager: Shutting down and abandoning module GeometricObjects (494)
[2026.02.11-17.30.09:499][400]LogModuleManager: Shutting down and abandoning module GeometryCacheTracks (492)
[2026.02.11-17.30.09:499][400]LogModuleManager: Shutting down and abandoning module GeometryCacheStreamer (490)
[2026.02.11-17.30.09:499][400]LogModuleManager: Shutting down and abandoning module GeometryCacheSequencer (488)
[2026.02.11-17.30.09:500][400]LogModuleManager: Shutting down and abandoning module ChaosNiagara (486)
[2026.02.11-17.30.09:500][400]LogModuleManager: Shutting down and abandoning module ChaosSolverEditor (484)
[2026.02.11-17.30.09:500][400]LogModuleManager: Shutting down and abandoning module FractureEditor (482)
[2026.02.11-17.30.09:500][400]LogModuleManager: Shutting down and abandoning module FieldSystemEngine (481)
[2026.02.11-17.30.09:500][400]LogModuleManager: Shutting down and abandoning module ChaosClothEditor (478)
[2026.02.11-17.30.09:500][400]LogModuleManager: Shutting down and abandoning module VisualStudioCodeSourceCodeAccess (476)
[2026.02.11-17.30.09:500][400]LogModuleManager: Shutting down and abandoning module BackChannel (474)
[2026.02.11-17.30.09:500][400]LogModuleManager: Shutting down and abandoning module AutomationUtilsEditor (472)
[2026.02.11-17.30.09:500][400]LogModuleManager: Shutting down and abandoning module AutomationUtils (470)
[2026.02.11-17.30.09:500][400]LogModuleManager: Shutting down and abandoning module AlembicImporter (468)
[2026.02.11-17.30.09:500][400]LogModuleManager: Shutting down and abandoning module AlembicLibrary (467)
[2026.02.11-17.30.09:500][400]LogModuleManager: Shutting down and abandoning module GeometryCache (466)
[2026.02.11-17.30.09:500][400]LogModuleManager: Shutting down and abandoning module GeometryCacheEd (465)
[2026.02.11-17.30.09:500][400]LogModuleManager: Shutting down and abandoning module SubversionSourceControl (460)
[2026.02.11-17.30.09:500][400]LogModuleManager: Shutting down and abandoning module RiderSourceCodeAccess (458)
[2026.02.11-17.30.09:500][400]LogModuleManager: Shutting down and abandoning module VariantManagerContentEditor (456)
[2026.02.11-17.30.09:500][400]LogModuleManager: Shutting down and abandoning module DatasmithContentEditor (454)
[2026.02.11-17.30.09:500][400]LogModuleManager: Shutting down and abandoning module UObjectPlugin (452)
[2026.02.11-17.30.09:500][400]LogModuleManager: Shutting down and abandoning module GitSourceControl (450)
[2026.02.11-17.30.09:500][400]LogModuleManager: Shutting down and abandoning module PlasticSourceControl (448)
[2026.02.11-17.30.09:500][400]LogModuleManager: Shutting down and abandoning module PluginUtils (446)
[2026.02.11-17.30.09:500][400]LogModuleManager: Shutting down and abandoning module PerforceSourceControl (444)
[2026.02.11-17.30.09:500][400]LogModuleManager: Shutting down and abandoning module SourceControl (443)
[2026.02.11-17.30.09:500][400]LogModuleManager: Shutting down and abandoning module CLionSourceCodeAccess (440)
[2026.02.11-17.30.09:500][400]LogModuleManager: Shutting down and abandoning module OodleNetworkHandlerComponent (438)
[2026.02.11-17.30.09:500][400]LogModuleManager: Shutting down and abandoning module AnimationSharingEd (436)
[2026.02.11-17.30.09:501][400]LogModuleManager: Shutting down and abandoning module LightPropagationVolumeEditor (434)
[2026.02.11-17.30.09:501][400]LogModuleManager: Shutting down and abandoning module LiveLinkSequencer (432)
[2026.02.11-17.30.09:501][400]LogModuleManager: Shutting down and abandoning module LiveLinkMovieScene (430)
[2026.02.11-17.30.09:501][400]LogModuleManager: Shutting down and abandoning module LiveLinkGraphNode (428)
[2026.02.11-17.30.09:501][400]LogModuleManager: Shutting down and abandoning module LiveLinkEditor (426)
[2026.02.11-17.30.09:501][400]LogModuleManager: Shutting down and abandoning module LiveLinkComponents (424)
[2026.02.11-17.30.09:501][400]LogModuleManager: Shutting down and abandoning module LiveLink (422)
[2026.02.11-17.30.10:202][400]LogModuleManager: Shutting down and abandoning module PaperTiledImporter (420)
[2026.02.11-17.30.10:202][400]LogModuleManager: Shutting down and abandoning module PaperSpriteSheetImporter (418)
[2026.02.11-17.30.10:202][400]LogModuleManager: Shutting down and abandoning module Paper2DEditor (416)
[2026.02.11-17.30.10:202][400]LogModuleManager: Shutting down and abandoning module MeshPaintingToolset (414)
[2026.02.11-17.30.10:202][400]LogModuleManager: Shutting down and abandoning module MeshPaintEditorMode (412)
[2026.02.11-17.30.10:203][400]LogModuleManager: Shutting down and abandoning module SignificanceManager (410)
[2026.02.11-17.30.10:203][400]LogModuleManager: Shutting down and abandoning module SoundFields (408)
[2026.02.11-17.30.10:203][400]LogModuleManager: Shutting down and abandoning module RuntimePhysXCooking (406)
[2026.02.11-17.30.10:203][400]LogModuleManager: Shutting down and abandoning module PropertyAccessEditor (404)
[2026.02.11-17.30.10:203][400]LogModuleManager: Shutting down and abandoning module PhysXVehiclesEditor (402)
[2026.02.11-17.30.10:203][400]LogModuleManager: Shutting down and abandoning module LocationServicesBPLibrary (398)
[2026.02.11-17.30.10:203][400]LogModuleManager: Shutting down and abandoning module AudioSynesthesia (396)
[2026.02.11-17.30.10:203][400]LogModuleManager: Shutting down and abandoning module AudioSynesthesiaCore (394)
[2026.02.11-17.30.10:203][400]LogModuleManager: Shutting down and abandoning module ActorSequence (392)
[2026.02.11-17.30.10:203][400]LogModuleManager: Shutting down and abandoning module UdpMessaging (390)
[2026.02.11-17.30.10:304][400]LogModuleManager: Shutting down and abandoning module TcpMessaging (388)
[2026.02.11-17.30.10:406][400]LogModuleManager: Shutting down and abandoning module ImgMediaEngine (386)
[2026.02.11-17.30.10:406][400]LogModuleManager: Shutting down and abandoning module GameplayTagsEditor (384)
[2026.02.11-17.30.10:406][400]LogModuleManager: Shutting down and abandoning module FacialAnimationEditor (382)
[2026.02.11-17.30.10:406][400]LogModuleManager: Shutting down and abandoning module FacialAnimation (380)
[2026.02.11-17.30.10:406][400]LogModuleManager: Shutting down and abandoning module DataValidation (378)
[2026.02.11-17.30.10:406][400]LogModuleManager: Shutting down and abandoning module AssetManagerEditor (376)
[2026.02.11-17.30.10:406][400]LogModuleManager: Shutting down and abandoning module LevelEditor (375)
[2026.02.11-17.30.10:408][400]LogModuleManager: Shutting down and abandoning module PixelInspectorModule (374)
[2026.02.11-17.30.10:408][400]LogModuleManager: Shutting down and abandoning module CommonMenuExtensions (372)
[2026.02.11-17.30.10:409][400]LogModuleManager: Shutting down and abandoning module MainFrame (370)
[2026.02.11-17.30.10:409][400]LogModuleManager: Shutting down and abandoning module HotReload (369)
[2026.02.11-17.30.10:410][400]LogModuleManager: Shutting down and abandoning module ToolMenus (365)
[2026.02.11-17.30.10:410][400]LogModuleManager: Shutting down and abandoning module TreeMap (363)
[2026.02.11-17.30.10:410][400]LogModuleManager: Shutting down and abandoning module NiagaraAnimNotifies (360)
[2026.02.11-17.30.10:410][400]LogModuleManager: Shutting down and abandoning module Niagara (358)
[2026.02.11-17.30.10:410][400]LogModuleManager: Shutting down and abandoning module SignalProcessing (357)
[2026.02.11-17.30.10:410][400]LogModuleManager: Shutting down and abandoning module NiagaraEditor (355)
[2026.02.11-17.30.10:410][400]LogModuleManager: Shutting down and abandoning module ContentBrowser (354)
[2026.02.11-17.30.10:410][400]LogModuleManager: Shutting down and abandoning module ContentBrowserData (353)
[2026.02.11-17.30.10:410][400]LogModuleManager: Shutting down and abandoning module NiagaraCore (348)
[2026.02.11-17.30.10:410][400]LogModuleManager: Shutting down and abandoning module MagicLeapARPin (346)
[2026.02.11-17.30.10:410][400]LogModuleManager: Shutting down and abandoning module MagicLeapHandMeshing (344)
[2026.02.11-17.30.10:410][400]LogModuleManager: Shutting down and abandoning module MagicLeapSecureStorage (342)
[2026.02.11-17.30.10:410][400]LogModuleManager: Shutting down and abandoning module MagicLeapPrivileges (340)
[2026.02.11-17.30.10:411][400]LogModuleManager: Shutting down and abandoning module MagicLeapPlanes (338)
[2026.02.11-17.30.10:411][400]LogMagicLeapPlanes: Planes tracker already destroyed.
[2026.02.11-17.30.10:411][400]LogModuleManager: Shutting down and abandoning module MagicLeapImageTracker (336)
[2026.02.11-17.30.10:411][400]LogModuleManager: Shutting down and abandoning module MagicLeapIdentity (334)
[2026.02.11-17.30.10:411][400]LogModuleManager: Shutting down and abandoning module MagicLeapHandTracking (332)
[2026.02.11-17.30.10:411][400]LogModuleManager: Shutting down and abandoning module MagicLeapEyeTracker (330)
[2026.02.11-17.30.10:411][400]LogModuleManager: Shutting down and abandoning module MagicLeapController (328)
[2026.02.11-17.30.10:411][400]LogModuleManager: Shutting down and abandoning module MagicLeapARPinImpl (326)
[2026.02.11-17.30.10:411][400]LogModuleManager: Shutting down and abandoning module MagicLeapAR (324)
[2026.02.11-17.30.10:411][400]LogModuleManager: Shutting down and abandoning module PythonScriptPlugin (322)
[2026.02.11-17.30.10:411][400]LogModuleManager: Shutting down and abandoning module PropertyAccessNode (320)
[2026.02.11-17.30.10:411][400]LogModuleManager: Shutting down and abandoning module GameplayCameras (318)
[2026.02.11-17.30.10:411][400]LogModuleManager: Shutting down and abandoning module AnimationSharing (316)
[2026.02.11-17.30.10:411][400]LogModuleManager: Shutting down and abandoning module LightPropagationVolumeRuntime (314)
[2026.02.11-17.30.10:411][400]LogModuleManager: Shutting down and abandoning module EnvironmentQueryEditor (312)
[2026.02.11-17.30.10:411][400]LogModuleManager: Shutting down and abandoning module Paper2D (310)
[2026.02.11-17.30.10:411][400]LogModuleManager: Shutting down and abandoning module WindowsMoviePlayer (308)
[2026.02.11-17.30.10:413][400]LogModuleManager: Shutting down and abandoning module WebMMoviePlayer (306)
[2026.02.11-17.30.10:413][400]LogModuleManager: Shutting down and abandoning module NetworkReplayStreaming (304)
[2026.02.11-17.30.10:413][400]LogModuleManager: Shutting down and abandoning module PacketHandler (302)
[2026.02.11-17.30.10:413][400]LogModuleManager: Shutting down and abandoning module ClothingSystemEditor (300)
[2026.02.11-17.30.10:413][400]LogModuleManager: Shutting down and abandoning module ClothingSystemRuntimeNv (298)
[2026.02.11-17.30.10:413][400]LogModuleManager: Shutting down and abandoning module MediaAssets (296)
[2026.02.11-17.30.10:413][400]LogModuleManager: Shutting down and abandoning module Overlay (294)
[2026.02.11-17.30.10:413][400]LogModuleManager: Shutting down and abandoning module OverlayEditor (293)
[2026.02.11-17.30.10:413][400]LogModuleManager: Shutting down and abandoning module VREditor (290)
[2026.02.11-17.30.10:413][400]LogModuleManager: Shutting down and abandoning module StringTableEditor (288)
[2026.02.11-17.30.10:413][400]LogModuleManager: Shutting down and abandoning module GameplayTasksEditor (286)
[2026.02.11-17.30.10:413][400]LogModuleManager: Shutting down and abandoning module BehaviorTreeEditor (284)
[2026.02.11-17.30.10:413][400]LogModuleManager: Shutting down and abandoning module FunctionalTesting (282)
[2026.02.11-17.30.10:413][400]LogModuleManager: Shutting down and abandoning module CollisionAnalyzer (280)
[2026.02.11-17.30.10:413][400]LogModuleManager: Shutting down and abandoning module WorkspaceMenuStructure (279)
[2026.02.11-17.30.10:413][400]LogModuleManager: Shutting down and abandoning module UMG (276)
[2026.02.11-17.30.10:413][400]LogModuleManager: Shutting down and abandoning module UMGEditor (275)
[2026.02.11-17.30.10:414][400]LogModuleManager: Shutting down and abandoning module MessageLog (273)
[2026.02.11-17.30.10:414][400]LogModuleManager: Shutting down and abandoning module SlateReflector (268)
[2026.02.11-17.30.10:414][400]LogModuleManager: Shutting down and abandoning module Slate (266)
[2026.02.11-17.30.10:414][400]LogModuleManager: Shutting down and abandoning module SlateCore (264)
[2026.02.11-17.30.10:416][400]LogModuleManager: Shutting down and abandoning module LandscapeEditorUtilities (262)
[2026.02.11-17.30.10:416][400]LogModuleManager: Shutting down and abandoning module UnrealEd (260)
[2026.02.11-17.30.10:416][400]LogModuleManager: Shutting down and abandoning module MRMesh (258)
[2026.02.11-17.30.10:416][400]LogModuleManager: Shutting down and abandoning module SourceCodeAccess (256)
[2026.02.11-17.30.10:416][400]LogModuleManager: Shutting down and abandoning module HeadMountedDisplay (254)
[2026.02.11-17.30.10:416][400]LogModuleManager: Shutting down and abandoning module XAudio2 (252)
[2026.02.11-17.30.10:416][400]LogModuleManager: Shutting down and abandoning module Networking (250)
[2026.02.11-17.30.10:416][400]LogModuleManager: Shutting down and abandoning module Core (248)
[2026.02.11-17.30.10:416][400]LogModuleManager: Shutting down and abandoning module MaterialEditor (246)
[2026.02.11-17.30.10:416][400]LogModuleManager: Shutting down and abandoning module MovieSceneTools (244)
[2026.02.11-17.30.10:416][400]LogModuleManager: Shutting down and abandoning module CurveEditor (243)
[2026.02.11-17.30.10:416][400]LogModuleManager: Shutting down and abandoning module Sequencer (241)
[2026.02.11-17.30.10:416][400]LogModuleManager: Shutting down and abandoning module EditorStyle (240)
[2026.02.11-17.30.10:417][400]LogModuleManager: Shutting down and abandoning module KismetCompiler (236)
[2026.02.11-17.30.10:417][400]LogModuleManager: Shutting down and abandoning module MeshBuilder (234)
[2026.02.11-17.30.10:417][400]LogModuleManager: Shutting down and abandoning module MeshUtilities (232)
[2026.02.11-17.30.10:418][400]LogModuleManager: Shutting down and abandoning module MeshMergeUtilities (231)
[2026.02.11-17.30.10:418][400]LogModuleManager: Shutting down and abandoning module MeshReductionInterface (230)
[2026.02.11-17.30.10:418][400]LogModuleManager: Shutting down and abandoning module MeshBoneReduction (229)
[2026.02.11-17.30.10:418][400]LogModuleManager: Shutting down and abandoning module SkeletalMeshReduction (227)
[2026.02.11-17.30.10:418][400]LogModuleManager: Shutting down and abandoning module ProxyLODMeshReduction (225)
[2026.02.11-17.30.10:418][400]LogModuleManager: Shutting down and abandoning module QuadricMeshReduction (223)
[2026.02.11-17.30.10:418][400]LogModuleManager: Shutting down and abandoning module MaterialBaking (219)
[2026.02.11-17.30.10:418][400]LogModuleManager: Shutting down and abandoning module NullInstallBundleManager (214)
[2026.02.11-17.30.10:418][400]LogModuleManager: Shutting down and abandoning module DerivedDataCache (212)
[2026.02.11-17.30.10:418][400]LogModuleManager: Shutting down and abandoning module TargetPlatform (210)
[2026.02.11-17.30.10:418][400]LogModuleManager: Shutting down and abandoning module VulkanShaderFormat (209)
[2026.02.11-17.30.10:418][400]LogModuleManager: Shutting down and abandoning module ShaderFormatVectorVM (207)
[2026.02.11-17.30.10:418][400]LogModuleManager: Shutting down and abandoning module ShaderFormatOpenGL (205)
[2026.02.11-17.30.10:418][400]LogModuleManager: Shutting down and abandoning module ShaderFormatD3D (203)
[2026.02.11-17.30.10:418][400]LogModuleManager: Shutting down and abandoning module MetalShaderFormat (201)
[2026.02.11-17.30.10:418][400]LogModuleManager: Shutting down and abandoning module TextureFormatOodle (199)
[2026.02.11-17.30.10:419][400]LogModuleManager: Shutting down and abandoning module TextureFormatUncompressed (197)
[2026.02.11-17.30.10:419][400]LogModuleManager: Shutting down and abandoning module TextureFormatPVR (195)
[2026.02.11-17.30.10:419][400]LogModuleManager: Shutting down and abandoning module TextureFormatETC2 (193)
[2026.02.11-17.30.10:419][400]LogModuleManager: Shutting down and abandoning module TextureFormatDXT (191)
[2026.02.11-17.30.10:420][400]LogModuleManager: Shutting down and abandoning module TextureFormatIntelISPCTexComp (189)
[2026.02.11-17.30.10:420][400]LogModuleManager: Shutting down and abandoning module TextureFormatASTC (187)
[2026.02.11-17.30.10:420][400]LogModuleManager: Shutting down and abandoning module ImageWrapper (186)
[2026.02.11-17.30.10:420][400]LogModuleManager: Shutting down and abandoning module AudioFormatOpus (183)
[2026.02.11-17.30.10:420][400]LogModuleManager: Shutting down and abandoning module AudioFormatOgg (181)
[2026.02.11-17.30.10:420][400]LogModuleManager: Shutting down and abandoning module AudioFormatADPCM (179)
[2026.02.11-17.30.10:420][400]LogModuleManager: Shutting down and abandoning module WindowsServerTargetPlatform (177)
[2026.02.11-17.30.10:420][400]LogModuleManager: Shutting down and abandoning module WindowsClientTargetPlatform (175)
[2026.02.11-17.30.10:420][400]LogModuleManager: Shutting down and abandoning module WindowsTargetPlatform (173)
[2026.02.11-17.30.10:420][400]LogModuleManager: Shutting down and abandoning module WindowsNoEditorTargetPlatform (171)
[2026.02.11-17.30.10:420][400]LogModuleManager: Shutting down and abandoning module TVOSTargetPlatform (169)
[2026.02.11-17.30.10:422][400]LogModuleManager: Shutting down and abandoning module MacServerTargetPlatform (167)
[2026.02.11-17.30.10:422][400]LogModuleManager: Shutting down and abandoning module MacClientTargetPlatform (165)
[2026.02.11-17.30.10:422][400]LogModuleManager: Shutting down and abandoning module MacTargetPlatform (163)
[2026.02.11-17.30.10:422][400]LogModuleManager: Shutting down and abandoning module MacNoEditorTargetPlatform (161)
[2026.02.11-17.30.10:422][400]LogModuleManager: Shutting down and abandoning module LuminTargetPlatform (159)
[2026.02.11-17.30.10:423][400]LogModuleManager: Shutting down and abandoning module LinuxAArch64ServerTargetPlatform (157)
[2026.02.11-17.30.10:423][400]LogModuleManager: Shutting down and abandoning module LinuxAArch64ClientTargetPlatform (155)
[2026.02.11-17.30.10:423][400]LogModuleManager: Shutting down and abandoning module LinuxAArch64NoEditorTargetPlatform (153)
[2026.02.11-17.30.10:423][400]LogModuleManager: Shutting down and abandoning module LinuxServerTargetPlatform (151)
[2026.02.11-17.30.10:423][400]LogModuleManager: Shutting down and abandoning module LinuxClientTargetPlatform (149)
[2026.02.11-17.30.10:423][400]LogModuleManager: Shutting down and abandoning module LinuxNoEditorTargetPlatform (147)
[2026.02.11-17.30.10:423][400]LogModuleManager: Shutting down and abandoning module LinuxTargetPlatform (145)
[2026.02.11-17.30.10:423][400]LogModuleManager: Shutting down and abandoning module Messaging (143)
[2026.02.11-17.30.10:423][400]LogModuleManager: Shutting down and abandoning module IOSTargetPlatform (141)
[2026.02.11-17.30.10:424][400]LogModuleManager: Shutting down and abandoning module AndroidTargetPlatform (139)
[2026.02.11-17.30.10:428][400]LogModuleManager: Shutting down and abandoning module AllDesktopTargetPlatform (137)
[2026.02.11-17.30.10:428][400]LogModuleManager: Shutting down and abandoning module D3D11RHI (134)
[2026.02.11-17.30.10:428][400]LogModuleManager: Shutting down and abandoning module InputCore (132)
[2026.02.11-17.30.10:428][400]LogModuleManager: Shutting down and abandoning module Settings (130)
[2026.02.11-17.30.10:428][400]LogModuleManager: Shutting down and abandoning module DirectoryWatcher (128)
[2026.02.11-17.30.10:428][400]LogModuleManager: Shutting down and abandoning module PhysXCooking (126)
[2026.02.11-17.30.10:428][400]LogModuleManager: Shutting down and abandoning module Chaos (124)
[2026.02.11-17.30.10:429][400]LogModuleManager: Shutting down and abandoning module WindowsPlatformFeatures (122)
[2026.02.11-17.30.10:429][400]LogModuleManager: Shutting down and abandoning module GameplayMediaEncoder (121)
[2026.02.11-17.30.10:429][400]LogModuleManager: Shutting down and abandoning module AVEncoder (120)
[2026.02.11-17.30.10:429][400]LogModuleManager: Shutting down and abandoning module SteamVRInputDevice (116)
[2026.02.11-17.30.10:429][400]LogModuleManager: Shutting down and abandoning module SteamVRInput (114)
[2026.02.11-17.30.10:429][400]LogModuleManager: Shutting down and abandoning module SteamVR (112)
[2026.02.11-17.30.10:429][400]LogHMD: Freeing OpenVRDLLHandle.
[2026.02.11-17.30.10:429][400]LogModuleManager: Shutting down and abandoning module OculusHMD (110)
[2026.02.11-17.30.10:429][400]LogModuleManager: Shutting down and abandoning module OpenXREyeTracker (108)
[2026.02.11-17.30.10:429][400]LogModuleManager: Shutting down and abandoning module OpenXRHandTracking (106)
[2026.02.11-17.30.10:430][400]LogSlate: Slate User Destroyed.  User Index 0, Is Virtual User: 0
[2026.02.11-17.30.10:430][400]LogModuleManager: Shutting down and abandoning module OpenXRAR (104)
[2026.02.11-17.30.10:430][400]LogModuleManager: Shutting down and abandoning module AugmentedReality (103)
[2026.02.11-17.30.10:430][400]LogModuleManager: Shutting down and abandoning module OpenXRHMD (100)
[2026.02.11-17.30.10:430][400]LogModuleManager: Shutting down and abandoning module OnlineBlueprintSupport (98)
[2026.02.11-17.30.10:430][400]LogModuleManager: Shutting down and abandoning module ExampleDeviceProfileSelector (94)
[2026.02.11-17.30.10:430][400]LogModuleManager: Shutting down and abandoning module ChunkDownloader (92)
[2026.02.11-17.30.10:430][400]LogModuleManager: Shutting down and abandoning module LauncherChunkInstaller (90)
[2026.02.11-17.30.10:430][400]LogModuleManager: Shutting down and abandoning module OnlineSubsystem (88)
[2026.02.11-17.30.10:432][400]LogModuleManager: Shutting down and abandoning module XMPP (83)
[2026.02.11-17.30.10:433][400]LogModuleManager: Shutting down and abandoning module WebSockets (82)
[2026.02.11-17.30.10:470][400]LogModuleManager: Shutting down and abandoning module HTTP (79)
[2026.02.11-17.30.10:470][400]LogHttp: Display: Http module shutting down, but needs to wait on 1 outstanding Http requests:
[2026.02.11-17.30.10:470][400]LogHttp: Display: 	verb=[POST] url=[https://datarouter.ol.epicgames.com/datarouter/api/v1/public/data?SessionID=%7B58C553CC-48D4-5886-A178-2797087A53AF%7D&AppID=UEEditor.Rocket.Release&AppVersion=4.27.2-18319896%2B%2B%2BUE4%2BRelease-4.27&UserID=3eadeb334a09c138a68d60b593878835%7C8c0f7f1633984bb789070dad4917d369%7C97a2f4a2-b958-4fc7-b9dd-dc3998f53197&AppEnvironment=datacollector-binary&UploadType=eteventstream] refs=[1] status=Processing
[2026.02.11-17.30.10:471][400]LogHttp: Display: cleaning up 1 outstanding Http requests.
[2026.02.11-17.30.10:507][400]LogModuleManager: Shutting down and abandoning module SSL (78)
[2026.02.11-17.30.10:510][400]LogModuleManager: Shutting down and abandoning module WmfMedia (74)
[2026.02.11-17.30.10:513][400]LogModuleManager: Shutting down and abandoning module Media (73)
[2026.02.11-17.30.10:516][400]LogModuleManager: Shutting down and abandoning module MediaInfo (72)
[2026.02.11-17.30.10:516][400]LogModuleManager: Shutting down and abandoning module ExrReaderGpu (68)
[2026.02.11-17.30.10:516][400]LogModuleManager: Shutting down and abandoning module NiagaraVertexFactories (66)
[2026.02.11-17.30.10:516][400]LogModuleManager: Shutting down and abandoning module NiagaraShader (64)
[2026.02.11-17.30.10:516][400]LogModuleManager: Shutting down and abandoning module MLSDK (62)
[2026.02.11-17.30.10:516][400]LogModuleManager: Shutting down and abandoning module MagicLeap (60)
[2026.02.11-17.30.10:516][400]LogModuleManager: Shutting down and abandoning module ChaosCloth (58)
[2026.02.11-17.30.10:516][400]LogModuleManager: Shutting down and abandoning module VariantManagerContent (56)
[2026.02.11-17.30.10:516][400]LogModuleManager: Shutting down and abandoning module DatasmithContent (54)
[2026.02.11-17.30.10:517][400]LogModuleManager: Shutting down and abandoning module PixWinPlugin (52)
[2026.02.11-17.30.10:517][400]LogModuleManager: Shutting down and abandoning module AISupportModule (50)
[2026.02.11-17.30.10:517][400]LogModuleManager: Shutting down and abandoning module DesktopPlatform (48)
[2026.02.11-17.30.10:517][400]LogModuleManager: Shutting down and abandoning module PythonScriptPluginPreload (46)
[2026.02.11-17.30.10:518][400]LogModuleManager: Shutting down and abandoning module PlatformCryptoOpenSSL (44)
[2026.02.11-17.30.10:518][400]LogModuleManager: Shutting down and abandoning module PlatformCryptoTypes (42)
[2026.02.11-17.30.10:518][400]LogModuleManager: Shutting down and abandoning module PlatformCrypto (40)
[2026.02.11-17.30.10:518][400]LogModuleManager: Shutting down and abandoning module OodleDataCompressionFormat (38)
[2026.02.11-17.30.10:518][400]LogModuleManager: Shutting down and abandoning module XGEController (36)
[2026.02.11-17.30.10:518][400]LogModuleManager: Shutting down and abandoning module AnimationModifiers (34)
[2026.02.11-17.30.10:518][400]LogModuleManager: Shutting down and abandoning module AudioEditor (32)
[2026.02.11-17.30.10:518][400]LogModuleManager: Shutting down and abandoning module PropertyEditor (31)
[2026.02.11-17.30.10:518][400]LogModuleManager: Shutting down and abandoning module TextureCompressor (28)
[2026.02.11-17.30.10:518][400]LogModuleManager: Shutting down and abandoning module RenderCore (26)
[2026.02.11-17.30.10:518][400]LogModuleManager: Shutting down and abandoning module Landscape (24)
[2026.02.11-17.30.10:518][400]LogModuleManager: Shutting down and abandoning module SlateRHIRenderer (22)
[2026.02.11-17.30.10:520][400]LogModuleManager: Shutting down and abandoning module AnimGraphRuntime (20)
[2026.02.11-17.30.10:520][400]LogModuleManager: Shutting down and abandoning module Renderer (18)
[2026.02.11-17.30.10:520][400]LogModuleManager: Shutting down and abandoning module Engine (16)
[2026.02.11-17.30.10:520][400]LogModuleManager: Shutting down and abandoning module CoreUObject (14)
[2026.02.11-17.30.10:520][400]LogModuleManager: Shutting down and abandoning module NetworkFile (12)
[2026.02.11-17.30.10:520][400]LogModuleManager: Shutting down and abandoning module CookedIterativeFile (10)
[2026.02.11-17.30.10:520][400]LogModuleManager: Shutting down and abandoning module StreamingFile (8)
[2026.02.11-17.30.10:520][400]LogModuleManager: Shutting down and abandoning module SandboxFile (6)
[2026.02.11-17.30.10:520][400]LogModuleManager: Shutting down and abandoning module PakFile (4)
[2026.02.11-17.30.10:520][400]LogModuleManager: Shutting down and abandoning module RSA (3)
[2026.02.11-17.30.10:800][400]LogContentStreaming: Display: There are 1 unreleased StreamingManagers
[2026.02.11-17.30.10:905][400]LogD3D11RHI: Shutdown
[2026.02.11-17.30.10:905][400]LogD3D11RHI: CleanupD3DDevice
[2026.02.11-17.30.10:908][400]LogExit: Exiting.
[2026.02.11-17.30.10:917][400]Log file closed, 02/11/26 18:30:10
