Log file open, 02/12/26 15:13:56
LogWindows: Failed to load 'aqProf.dll' (GetLastError=126)
LogWindows: File 'aqProf.dll' does not exist
LogWindows: Failed to load 'VtuneApi.dll' (GetLastError=126)
LogWindows: File 'VtuneApi.dll' does not exist
LogWindows: Failed to load 'VtuneApi32e.dll' (GetLastError=126)
LogWindows: File 'VtuneApi32e.dll' does not exist
LogConsoleResponse: Display: Failed to find resolution value strings in scalability ini. Falling back to default.
LogConsoleResponse: Display: Failed to find resolution value strings in scalability ini. Falling back to default.
LogInit: Display: Running engine for game: TopDownAC
LogPlatformFile: Not using cached read wrapper
LogTaskGraph: Started task graph with 5 named threads and 59 total threads with 3 sets of task threads.
LogStats: Stats thread started at 0.185557
LogICUInternationalization: ICU TimeZone Detection - Raw Offset: +1:00, Platform Override: ''
LogInit: Display: Loading text-based GConfig....
LogPluginManager: Mounting plugin MeshPainting
LogPluginManager: Mounting plugin XGEController
LogPluginManager: Mounting plugin Paper2D
LogPluginManager: Mounting plugin AISupport
LogPluginManager: Mounting plugin EnvironmentQueryEditor
LogPluginManager: Mounting plugin LiveLink
LogPluginManager: Mounting plugin LightPropagationVolume
LogPluginManager: Mounting plugin CameraShakePreviewer
LogPluginManager: Mounting plugin GameplayCameras
LogPluginManager: Mounting plugin OodleData
LogPluginManager: Mounting plugin OodleNetwork
LogPluginManager: Mounting plugin AnimationSharing
LogPluginManager: Mounting plugin CLionSourceCodeAccess
LogPluginManager: Mounting plugin CodeLiteSourceCodeAccess
LogPluginManager: Mounting plugin KDevelopSourceCodeAccess
LogPluginManager: Mounting plugin NullSourceCodeAccess
LogPluginManager: Mounting plugin PerforceSourceControl
LogPluginManager: Mounting plugin PixWinPlugin
LogPluginManager: Mounting plugin PlasticSourceControl
LogPluginManager: Mounting plugin GitSourceControl
LogPluginManager: Mounting plugin PluginUtils
LogPluginManager: Mounting plugin PropertyAccessNode
LogPluginManager: Mounting plugin RiderSourceCodeAccess
LogPluginManager: Mounting plugin SubversionSourceControl
LogPluginManager: Mounting plugin TextureFormatOodle
LogPluginManager: Mounting plugin UObjectPlugin
LogPluginManager: Mounting plugin VisualStudioCodeSourceCodeAccess
LogPluginManager: Mounting plugin VisualStudioSourceCodeAccess
LogPluginManager: Mounting plugin XCodeSourceCodeAccess
LogPluginManager: Mounting plugin DatasmithContent
LogPluginManager: Mounting plugin VariantManagerContent
LogPluginManager: Mounting plugin AlembicImporter
LogPluginManager: Mounting plugin AutomationUtils
LogPluginManager: Mounting plugin ChaosCloth
LogPluginManager: Mounting plugin ChaosClothEditor
LogPluginManager: Mounting plugin ChaosEditor
LogPluginManager: Mounting plugin ChaosNiagara
LogPluginManager: Mounting plugin ChaosSolverPlugin
LogPluginManager: Mounting plugin CharacterAI
LogPluginManager: Mounting plugin BackChannel
LogPluginManager: Mounting plugin GeometryCache
LogPluginManager: Mounting plugin GeometryProcessing
LogPluginManager: Mounting plugin GeometryCollectionPlugin
LogPluginManager: Mounting plugin MotoSynth
LogPluginManager: Mounting plugin AssetManagerEditor
LogPluginManager: Mounting plugin OpenImageDenoise
LogPluginManager: Mounting plugin PlanarCut
LogPluginManager: Mounting plugin PlatformCrypto
LogPluginManager: Mounting plugin ProxyLODPlugin
LogPluginManager: Mounting plugin PythonScriptPlugin
LogPluginManager: Mounting plugin SkeletalReduction
LogPluginManager: Mounting plugin CryptoKeys
LogPluginManager: Mounting plugin CurveEditorTools
LogPluginManager: Mounting plugin DataValidation
LogPluginManager: Mounting plugin FacialAnimation
LogPluginManager: Mounting plugin GameplayTagsEditor
LogPluginManager: Mounting plugin GeometryMode
LogPluginManager: Mounting plugin MacGraphicsSwitching
LogPluginManager: Mounting plugin MaterialAnalyzer
LogPluginManager: Mounting plugin MobileLauncherProfileWizard
LogPluginManager: Mounting plugin PluginBrowser
LogPluginManager: Mounting plugin SpeedTreeImporter
LogPluginManager: Mounting plugin MagicLeap
LogPluginManager: Mounting plugin LuminPlatformFeatures
LogPluginManager: Mounting plugin MagicLeapLightEstimation
LogPluginManager: Mounting plugin Niagara
LogPluginManager: Mounting plugin MagicLeapPassableWorld
LogPluginManager: Mounting plugin MagicLeapMedia
LogPluginManager: Mounting plugin MLSDK
LogPluginManager: Mounting plugin AndroidMedia
LogPluginManager: Mounting plugin AvfMedia
LogPluginManager: Mounting plugin ImgMedia
LogPluginManager: Mounting plugin MediaPlayerEditor
LogPluginManager: Mounting plugin MediaCompositing
LogPluginManager: Mounting plugin WebMMedia
LogPluginManager: Mounting plugin WmfMedia
LogPluginManager: Mounting plugin UdpMessaging
LogPluginManager: Mounting plugin ActorSequence
LogPluginManager: Mounting plugin LevelSequenceEditor
LogPluginManager: Mounting plugin TcpMessaging
LogPluginManager: Mounting plugin MatineeToLevelSequence
LogPluginManager: Mounting plugin TemplateSequence
LogPluginManager: Mounting plugin OnlineSubsystem
LogPluginManager: Mounting plugin OnlineSubsystemNull
LogPluginManager: Mounting plugin OnlineSubsystemUtils
LogPluginManager: Mounting plugin ActorLayerUtilities
LogPluginManager: Mounting plugin LauncherChunkInstaller
LogPluginManager: Mounting plugin AndroidDeviceProfileSelector
LogPluginManager: Mounting plugin AndroidPermission
LogPluginManager: Mounting plugin AppleImageUtils
LogPluginManager: Mounting plugin AppleMoviePlayer
LogPluginManager: Mounting plugin AssetTags
LogPluginManager: Mounting plugin AudioCapture
LogPluginManager: Mounting plugin AudioSynesthesia
LogPluginManager: Mounting plugin ArchVisCharacter
LogPluginManager: Mounting plugin CableComponent
LogPluginManager: Mounting plugin ChunkDownloader
LogPluginManager: Mounting plugin CustomMeshComponent
LogPluginManager: Mounting plugin ExampleDeviceProfileSelector
LogPluginManager: Mounting plugin EditableMesh
LogPluginManager: Mounting plugin GoogleCloudMessaging
LogPluginManager: Mounting plugin IOSDeviceProfileSelector
LogPluginManager: Mounting plugin LinuxDeviceProfileSelector
LogPluginManager: Mounting plugin MobilePatchingUtils
LogPluginManager: Mounting plugin LocationServicesBPLibrary
LogPluginManager: Mounting plugin AndroidMoviePlayer
LogPluginManager: Mounting plugin OpenXREyeTracker
LogPluginManager: Mounting plugin OpenXRHandTracking
LogPluginManager: Mounting plugin OpenXR
LogPluginManager: Mounting plugin PostSplashScreen
LogPluginManager: Mounting plugin ProceduralMeshComponent
LogPluginManager: Mounting plugin PhysXVehicles
LogPluginManager: Mounting plugin PropertyAccessEditor
LogPluginManager: Mounting plugin RuntimePhysXCooking
LogPluginManager: Mounting plugin ScreenshotTools
LogPluginManager: Mounting plugin SignificanceManager
LogPluginManager: Mounting plugin SoundFields
LogPluginManager: Mounting plugin Synthesis
LogPluginManager: Mounting plugin WebMMoviePlayer
LogPluginManager: Mounting plugin WindowsMoviePlayer
LogPluginManager: Mounting plugin GooglePAD
LogPluginManager: Mounting plugin Takes
LogPluginManager: Mounting plugin ContentBrowserAssetDataSource
LogPluginManager: Mounting plugin ContentBrowserClassDataSource
LogPluginManager: Mounting plugin ContentBrowserFileDataSource
LogPluginManager: Mounting plugin OnlineSubsystemIOS
LogPluginManager: Mounting plugin OnlineSubsystemGooglePlay
LogPluginManager: Mounting plugin OculusVR
LogPluginManager: Mounting plugin SteamVR
PixWinPlugin: PIX capture plugin failed to initialize! Check that the process is launched from PIX.
LogInit: Using libcurl 7.55.1-DEV
LogInit:  - built for x86_64-pc-win32
LogInit:  - supports SSL with OpenSSL/1.1.1
LogInit:  - supports HTTP deflate (compression) using libz 1.2.8
LogInit:  - other features:
LogInit:      CURL_VERSION_SSL
LogInit:      CURL_VERSION_LIBZ
LogInit:      CURL_VERSION_IPV6
LogInit:      CURL_VERSION_ASYNCHDNS
LogInit:      CURL_VERSION_LARGEFILE
LogInit:      CURL_VERSION_IDN
LogInit:  CurlRequestOptions (configurable via config and command line):
LogInit:  - bVerifyPeer = true  - Libcurl will verify peer certificate
LogInit:  - bUseHttpProxy = false  - Libcurl will NOT use HTTP proxy
LogInit:  - bDontReuseConnections = false  - Libcurl will reuse connections
LogInit:  - MaxHostConnections = 16  - Libcurl will limit the number of connections to a host
LogInit:  - LocalHostAddr = Default
LogInit:  - BufferSize = 65536
LogOnline: OSS: Creating online subsystem instance for: NULL
LogInit: WinSock: version 1.1 (2.2), MaxSocks=32767, MaxUdp=65467
LogOnline: OSS: TryLoadSubsystemAndSetDefault: Loaded subsystem for module [NULL]
LogOculusPluginWrapper: OculusPlugin initialized successfully
LogHMD: Failed initializing OVRPlugin 1.59.0
LogInit: Build: ++UE4+Release-4.27-CL-18319896
LogInit: Engine Version: 4.27.2-18319896+++UE4+Release-4.27
LogInit: Compatible Engine Version: 4.27.0-17155196+++UE4+Release-4.27
LogInit: Net CL: 17155196
LogInit: OS: Windows 10 (Release 2009) (), CPU: 13th Gen Intel(R) Core(TM) i7-13650HX, GPU: Intel(R) UHD Graphics
LogInit: Compiled (64-bit): Nov 30 2021 07:12:08
LogInit: Compiled with Visual C++: 19.24.28315.00
LogInit: Build Configuration: Development
LogInit: Branch Name: ++UE4+Release-4.27
LogInit: Command Line:  -AUTH_LOGIN=unused -AUTH_PASSWORD=bab48aa71d784591afbae0e3c06fb35e -AUTH_TYPE=exchangecode -epicapp=UE_4.27 -epicenv=Prod -EpicPortal -epicusername=Xotii -epicuserid=8c0f7f1633984bb789070dad4917d369 -epiclocale=pl -epicsandboxid=ue
LogInit: Base Directory: D:/Epic Games/UE_4.27/Engine/Binaries/Win64/
LogInit: Allocator: TBB
LogInit: Installed Engine Build: 1
LogDevObjectVersion: Number of dev versions registered: 29
LogDevObjectVersion:   Dev-Blueprints (B0D832E4-1F89-4F0D-ACCF-7EB736FD4AA2): 10
LogDevObjectVersion:   Dev-Build (E1C64328-A22C-4D53-A36C-8E866417BD8C): 0
LogDevObjectVersion:   Dev-Core (375EC13C-06E4-48FB-B500-84F0262A717E): 4
LogDevObjectVersion:   Dev-Editor (E4B068ED-F494-42E9-A231-DA0B2E46BB41): 40
LogDevObjectVersion:   Dev-Framework (CFFC743F-43B0-4480-9391-14DF171D2073): 37
LogDevObjectVersion:   Dev-Mobile (B02B49B5-BB20-44E9-A304-32B752E40360): 3
LogDevObjectVersion:   Dev-Networking (A4E4105C-59A1-49B5-A7C5-40C4547EDFEE): 0
LogDevObjectVersion:   Dev-Online (39C831C9-5AE6-47DC-9A44-9C173E1C8E7C): 0
LogDevObjectVersion:   Dev-Physics (78F01B33-EBEA-4F98-B9B4-84EACCB95AA2): 14
LogDevObjectVersion:   Dev-Platform (6631380F-2D4D-43E0-8009-CF276956A95A): 0
LogDevObjectVersion:   Dev-Rendering (12F88B9F-8875-4AFC-A67C-D90C383ABD29): 45
LogDevObjectVersion:   Dev-Sequencer (7B5AE74C-D270-4C10-A958-57980B212A5A): 13
LogDevObjectVersion:   Dev-VR (D7296918-1DD6-4BDD-9DE2-64A83CC13884): 3
LogDevObjectVersion:   Dev-LoadTimes (C2A15278-BFE7-4AFE-6C17-90FF531DF755): 1
LogDevObjectVersion:   Private-Geometry (6EACA3D4-40EC-4CC1-B786-8BED09428FC5): 3
LogDevObjectVersion:   Dev-AnimPhys (29E575DD-E0A3-4627-9D10-D276232CDCEA): 17
LogDevObjectVersion:   Dev-Anim (AF43A65D-7FD3-4947-9873-3E8ED9C1BB05): 15
LogDevObjectVersion:   Dev-ReflectionCapture (6B266CEC-1EC7-4B8F-A30B-E4D90942FC07): 1
LogDevObjectVersion:   Dev-Automation (0DF73D61-A23F-47EA-B727-89E90C41499A): 1
LogDevObjectVersion:   FortniteMain (601D1886-AC64-4F84-AA16-D3DE0DEAC7D6): 47
LogDevObjectVersion:   FortniteRelease (E7086368-6B23-4C58-8439-1B7016265E91): 1
LogDevObjectVersion:   Dev-Enterprise (9DFFBCD6-494F-0158-E221-12823C92A888): 10
LogDevObjectVersion:   Dev-Niagara (F2AED0AC-9AFE-416F-8664-AA7FFA26D6FC): 1
LogDevObjectVersion:   Dev-Destruction (174F1F0B-B4C6-45A5-B13F-2EE8D0FB917D): 10
LogDevObjectVersion:   Dev-Physics-Ext (35F94A83-E258-406C-A318-09F59610247C): 41
LogDevObjectVersion:   Dev-PhysicsMaterial-Chaos (B68FC16E-8B1B-42E2-B453-215C058844FE): 1
LogDevObjectVersion:   Dev-CineCamera (B2E18506-4273-CFC2-A54E-F4BB758BBA07): 1
LogDevObjectVersion:   Dev-VirtualProduction (64F58936-FD1B-42BA-BA96-7289D5D0FA4E): 1
LogDevObjectVersion:   Dev-MediaFramework (6F0ED827-A609-4895-9C91-998D90180EA4): 2
LogInit: Presizing for max 25165824 objects, including 0 objects not considered by GC, pre-allocating 0 bytes for permanent pool.
LogConfig: Applying CVar settings from Section [/Script/Engine.StreamingSettings] File [D:/Repozytoria/UE 4.27/KZ_TopDownShooter/TopDownAC/Saved/Config/Windows/Engine.ini]
LogConfig: Setting CVar [[s.MinBulkDataSizeForAsyncLoading:131072]]
LogConfig: Setting CVar [[s.AsyncLoadingThreadEnabled:0]]
LogConfig: Setting CVar [[s.EventDrivenLoaderEnabled:1]]
LogConfig: Setting CVar [[s.WarnIfTimeLimitExceeded:0]]
LogConfig: Setting CVar [[s.TimeLimitExceededMultiplier:1.5]]
LogConfig: Setting CVar [[s.TimeLimitExceededMinTime:0.005]]
LogConfig: Setting CVar [[s.UseBackgroundLevelStreaming:1]]
LogConfig: Setting CVar [[s.PriorityAsyncLoadingExtraTime:15.0]]
LogConfig: Setting CVar [[s.LevelStreamingActorsUpdateTimeLimit:5.0]]
LogConfig: Setting CVar [[s.PriorityLevelStreamingActorsUpdateExtraTime:5.0]]
LogConfig: Setting CVar [[s.LevelStreamingComponentsRegistrationGranularity:10]]
LogConfig: Setting CVar [[s.UnregisterComponentsTimeLimit:1.0]]
LogConfig: Setting CVar [[s.LevelStreamingComponentsUnregistrationGranularity:5]]
LogConfig: Setting CVar [[s.FlushStreamingOnExit:1]]
LogInit: Object subsystem initialized
LogConfig: Setting CVar [[con.DebugEarlyDefault:1]]
LogConfig: Setting CVar [[r.setres:1280x720]]
[2026.02.12-14.13.56:925][  0]LogConfig: Setting CVar [[r.VSync:0]]
[2026.02.12-14.13.56:925][  0]LogConfig: Setting CVar [[r.RHICmdBypass:0]]
[2026.02.12-14.13.56:925][  0]LogConfig: Applying CVar settings from Section [/Script/Engine.RendererSettings] File [D:/Repozytoria/UE 4.27/KZ_TopDownShooter/TopDownAC/Saved/Config/Windows/Engine.ini]
[2026.02.12-14.13.56:925][  0]LogConfig: Setting CVar [[r.GPUCrashDebugging:0]]
[2026.02.12-14.13.56:925][  0]LogConfig: Applying CVar settings from Section [/Script/Engine.RendererOverrideSettings] File [D:/Repozytoria/UE 4.27/KZ_TopDownShooter/TopDownAC/Saved/Config/Windows/Engine.ini]
[2026.02.12-14.13.56:925][  0]LogConfig: Applying CVar settings from Section [/Script/Engine.StreamingSettings] File [D:/Repozytoria/UE 4.27/KZ_TopDownShooter/TopDownAC/Saved/Config/Windows/Engine.ini]
[2026.02.12-14.13.56:925][  0]LogConfig: Setting CVar [[s.MinBulkDataSizeForAsyncLoading:131072]]
[2026.02.12-14.13.56:925][  0]LogConfig: Setting CVar [[s.AsyncLoadingThreadEnabled:0]]
[2026.02.12-14.13.56:925][  0]LogConfig: Setting CVar [[s.EventDrivenLoaderEnabled:1]]
[2026.02.12-14.13.56:925][  0]LogConfig: Setting CVar [[s.WarnIfTimeLimitExceeded:0]]
[2026.02.12-14.13.56:925][  0]LogConfig: Setting CVar [[s.TimeLimitExceededMultiplier:1.5]]
[2026.02.12-14.13.56:925][  0]LogConfig: Setting CVar [[s.TimeLimitExceededMinTime:0.005]]
[2026.02.12-14.13.56:925][  0]LogConfig: Setting CVar [[s.UseBackgroundLevelStreaming:1]]
[2026.02.12-14.13.56:925][  0]LogConfig: Setting CVar [[s.PriorityAsyncLoadingExtraTime:15.0]]
[2026.02.12-14.13.56:925][  0]LogConfig: Setting CVar [[s.LevelStreamingActorsUpdateTimeLimit:5.0]]
[2026.02.12-14.13.56:925][  0]LogConfig: Setting CVar [[s.PriorityLevelStreamingActorsUpdateExtraTime:5.0]]
[2026.02.12-14.13.56:925][  0]LogConfig: Setting CVar [[s.LevelStreamingComponentsRegistrationGranularity:10]]
[2026.02.12-14.13.56:925][  0]LogConfig: Setting CVar [[s.UnregisterComponentsTimeLimit:1.0]]
[2026.02.12-14.13.56:925][  0]LogConfig: Setting CVar [[s.LevelStreamingComponentsUnregistrationGranularity:5]]
[2026.02.12-14.13.56:925][  0]LogConfig: Setting CVar [[s.FlushStreamingOnExit:1]]
[2026.02.12-14.13.56:925][  0]LogConfig: Applying CVar settings from Section [/Script/Engine.GarbageCollectionSettings] File [D:/Repozytoria/UE 4.27/KZ_TopDownShooter/TopDownAC/Saved/Config/Windows/Engine.ini]
[2026.02.12-14.13.56:925][  0]LogConfig: Setting CVar [[gc.MaxObjectsNotConsideredByGC:1]]
[2026.02.12-14.13.56:925][  0]LogConfig: Setting CVar [[gc.SizeOfPermanentObjectPool:0]]
[2026.02.12-14.13.56:925][  0]LogConfig: Setting CVar [[gc.FlushStreamingOnGC:0]]
[2026.02.12-14.13.56:925][  0]LogConfig: Setting CVar [[gc.NumRetriesBeforeForcingGC:10]]
[2026.02.12-14.13.56:925][  0]LogConfig: Setting CVar [[gc.AllowParallelGC:1]]
[2026.02.12-14.13.56:925][  0]LogConfig: Setting CVar [[gc.TimeBetweenPurgingPendingKillObjects:61.1]]
[2026.02.12-14.13.56:925][  0]LogConfig: Setting CVar [[gc.MaxObjectsInEditor:25165824]]
[2026.02.12-14.13.56:925][  0]LogConfig: Setting CVar [[gc.IncrementalBeginDestroyEnabled:1]]
[2026.02.12-14.13.56:925][  0]LogConfig: Setting CVar [[gc.CreateGCClusters:1]]
[2026.02.12-14.13.56:925][  0]LogConfig: Setting CVar [[gc.MinGCClusterSize:5]]
[2026.02.12-14.13.56:925][  0]LogConfig: Setting CVar [[gc.ActorClusteringEnabled:0]]
[2026.02.12-14.13.56:925][  0]LogConfig: Setting CVar [[gc.BlueprintClusteringEnabled:0]]
[2026.02.12-14.13.56:925][  0]LogConfig: Setting CVar [[gc.UseDisregardForGCOnDedicatedServers:0]]
[2026.02.12-14.13.56:925][  0]LogConfig: Setting CVar [[gc.MultithreadedDestructionEnabled:1]]
[2026.02.12-14.13.56:925][  0]LogConfig: Applying CVar settings from Section [/Script/Engine.NetworkSettings] File [D:/Repozytoria/UE 4.27/KZ_TopDownShooter/TopDownAC/Saved/Config/Windows/Engine.ini]
[2026.02.12-14.13.56:925][  0]LogConfig: Applying CVar settings from Section [/Script/UnrealEd.CookerSettings] File [D:/Repozytoria/UE 4.27/KZ_TopDownShooter/TopDownAC/Saved/Config/Windows/Engine.ini]
[2026.02.12-14.13.56:934][  0]LogConfig: Applying CVar settings from Section [ViewDistanceQuality@3] File [D:/Repozytoria/UE 4.27/KZ_TopDownShooter/TopDownAC/Saved/Config/Windows/Scalability.ini]
[2026.02.12-14.13.56:934][  0]LogConfig: Setting CVar [[r.SkeletalMeshLODBias:0]]
[2026.02.12-14.13.56:934][  0]LogConfig: Setting CVar [[r.ViewDistanceScale:1.0]]
[2026.02.12-14.13.56:934][  0]LogConfig: Applying CVar settings from Section [AntiAliasingQuality@3] File [D:/Repozytoria/UE 4.27/KZ_TopDownShooter/TopDownAC/Saved/Config/Windows/Scalability.ini]
[2026.02.12-14.13.56:934][  0]LogConfig: Setting CVar [[r.PostProcessAAQuality:4]]
[2026.02.12-14.13.56:934][  0]LogConfig: Applying CVar settings from Section [ShadowQuality@3] File [D:/Repozytoria/UE 4.27/KZ_TopDownShooter/TopDownAC/Saved/Config/Windows/Scalability.ini]
[2026.02.12-14.13.56:934][  0]LogConfig: Setting CVar [[r.LightFunctionQuality:1]]
[2026.02.12-14.13.56:934][  0]LogConfig: Setting CVar [[r.ShadowQuality:5]]
[2026.02.12-14.13.56:934][  0]LogConfig: Setting CVar [[r.Shadow.CSM.MaxCascades:10]]
[2026.02.12-14.13.56:934][  0]LogConfig: Setting CVar [[r.Shadow.MaxResolution:2048]]
[2026.02.12-14.13.56:934][  0]LogConfig: Setting CVar [[r.Shadow.MaxCSMResolution:2048]]
[2026.02.12-14.13.56:934][  0]LogConfig: Setting CVar [[r.Shadow.RadiusThreshold:0.01]]
[2026.02.12-14.13.56:934][  0]LogConfig: Setting CVar [[r.Shadow.DistanceScale:1.0]]
[2026.02.12-14.13.56:934][  0]LogConfig: Setting CVar [[r.Shadow.CSM.TransitionScale:1.0]]
[2026.02.12-14.13.56:934][  0]LogConfig: Setting CVar [[r.Shadow.PreShadowResolutionFactor:1.0]]
[2026.02.12-14.13.56:934][  0]LogConfig: Setting CVar [[r.DistanceFieldShadowing:1]]
[2026.02.12-14.13.56:934][  0]LogConfig: Setting CVar [[r.DistanceFieldAO:1]]
[2026.02.12-14.13.56:934][  0]LogConfig: Setting CVar [[r.AOQuality:2]]
[2026.02.12-14.13.56:934][  0]LogConfig: Setting CVar [[r.VolumetricFog:1]]
[2026.02.12-14.13.56:934][  0]LogConfig: Setting CVar [[r.VolumetricFog.GridPixelSize:8]]
[2026.02.12-14.13.56:934][  0]LogConfig: Setting CVar [[r.VolumetricFog.GridSizeZ:128]]
[2026.02.12-14.13.56:934][  0]LogConfig: Setting CVar [[r.VolumetricFog.HistoryMissSupersampleCount:4]]
[2026.02.12-14.13.56:934][  0]LogConfig: Setting CVar [[r.LightMaxDrawDistanceScale:1]]
[2026.02.12-14.13.56:934][  0]LogConfig: Setting CVar [[r.CapsuleShadows:1]]
[2026.02.12-14.13.56:934][  0]LogConfig: Applying CVar settings from Section [PostProcessQuality@3] File [D:/Repozytoria/UE 4.27/KZ_TopDownShooter/TopDownAC/Saved/Config/Windows/Scalability.ini]
[2026.02.12-14.13.56:934][  0]LogConfig: Setting CVar [[r.MotionBlurQuality:4]]
[2026.02.12-14.13.56:934][  0]LogConfig: Setting CVar [[r.AmbientOcclusionMipLevelFactor:0.4]]
[2026.02.12-14.13.56:934][  0]LogConfig: Setting CVar [[r.AmbientOcclusionMaxQuality:100]]
[2026.02.12-14.13.56:934][  0]LogConfig: Setting CVar [[r.AmbientOcclusionLevels:-1]]
[2026.02.12-14.13.56:934][  0]LogConfig: Setting CVar [[r.AmbientOcclusionRadiusScale:1.0]]
[2026.02.12-14.13.56:934][  0]LogConfig: Setting CVar [[r.DepthOfFieldQuality:2]]
[2026.02.12-14.13.56:934][  0]LogConfig: Setting CVar [[r.RenderTargetPoolMin:400]]
[2026.02.12-14.13.56:934][  0]LogConfig: Setting CVar [[r.LensFlareQuality:2]]
[2026.02.12-14.13.56:934][  0]LogConfig: Setting CVar [[r.SceneColorFringeQuality:1]]
[2026.02.12-14.13.56:934][  0]LogConfig: Setting CVar [[r.EyeAdaptationQuality:2]]
[2026.02.12-14.13.56:934][  0]LogConfig: Setting CVar [[r.BloomQuality:5]]
[2026.02.12-14.13.56:934][  0]LogConfig: Setting CVar [[r.FastBlurThreshold:100]]
[2026.02.12-14.13.56:934][  0]LogConfig: Setting CVar [[r.Upscale.Quality:3]]
[2026.02.12-14.13.56:934][  0]LogConfig: Setting CVar [[r.Tonemapper.GrainQuantization:1]]
[2026.02.12-14.13.56:934][  0]LogConfig: Setting CVar [[r.LightShaftQuality:1]]
[2026.02.12-14.13.56:934][  0]LogConfig: Setting CVar [[r.Filter.SizeScale:1]]
[2026.02.12-14.13.56:934][  0]LogConfig: Setting CVar [[r.Tonemapper.Quality:5]]
[2026.02.12-14.13.56:934][  0]LogConfig: Setting CVar [[r.DOF.Gather.AccumulatorQuality:1        ; higher gathering accumulator quality]]
[2026.02.12-14.13.56:934][  0]LogConfig: Setting CVar [[r.DOF.Gather.PostfilterMethod:1          ; Median3x3 postfilering method]]
[2026.02.12-14.13.56:934][  0]LogConfig: Setting CVar [[r.DOF.Gather.EnableBokehSettings:0       ; no bokeh simulation when gathering]]
[2026.02.12-14.13.56:934][  0]LogConfig: Setting CVar [[r.DOF.Gather.RingCount:4                 ; medium number of samples when gathering]]
[2026.02.12-14.13.56:934][  0]LogConfig: Setting CVar [[r.DOF.Scatter.ForegroundCompositing:1    ; additive foreground scattering]]
[2026.02.12-14.13.56:934][  0]LogConfig: Setting CVar [[r.DOF.Scatter.BackgroundCompositing:2    ; additive background scattering]]
[2026.02.12-14.13.56:934][  0]LogConfig: Setting CVar [[r.DOF.Scatter.EnableBokehSettings:1      ; bokeh simulation when scattering]]
[2026.02.12-14.13.56:934][  0]LogConfig: Setting CVar [[r.DOF.Scatter.MaxSpriteRatio:0.1         ; only a maximum of 10% of scattered bokeh]]
[2026.02.12-14.13.56:934][  0]LogConfig: Setting CVar [[r.DOF.Recombine.Quality:1                ; cheap slight out of focus]]
[2026.02.12-14.13.56:934][  0]LogConfig: Setting CVar [[r.DOF.Recombine.EnableBokehSettings:0    ; no bokeh simulation on slight out of focus]]
[2026.02.12-14.13.56:934][  0]LogConfig: Setting CVar [[r.DOF.TemporalAAQuality:1                ; more stable temporal accumulation]]
[2026.02.12-14.13.56:934][  0]LogConfig: Setting CVar [[r.DOF.Kernel.MaxForegroundRadius:0.025]]
[2026.02.12-14.13.56:934][  0]LogConfig: Setting CVar [[r.DOF.Kernel.MaxBackgroundRadius:0.025]]
[2026.02.12-14.13.56:934][  0]LogConfig: Applying CVar settings from Section [TextureQuality@3] File [D:/Repozytoria/UE 4.27/KZ_TopDownShooter/TopDownAC/Saved/Config/Windows/Scalability.ini]
[2026.02.12-14.13.56:934][  0]LogConfig: Setting CVar [[r.Streaming.MipBias:0]]
[2026.02.12-14.13.56:934][  0]LogConfig: Setting CVar [[r.Streaming.AmortizeCPUToGPUCopy:0]]
[2026.02.12-14.13.56:934][  0]LogConfig: Setting CVar [[r.Streaming.MaxNumTexturesToStreamPerFrame:0]]
[2026.02.12-14.13.56:934][  0]LogConfig: Setting CVar [[r.Streaming.Boost:1]]
[2026.02.12-14.13.56:934][  0]LogConfig: Setting CVar [[r.MaxAnisotropy:8]]
[2026.02.12-14.13.56:934][  0]LogConfig: Setting CVar [[r.VT.MaxAnisotropy:8]]
[2026.02.12-14.13.56:934][  0]LogConfig: Setting CVar [[r.Streaming.LimitPoolSizeToVRAM:0]]
[2026.02.12-14.13.56:934][  0]LogConfig: Setting CVar [[r.Streaming.PoolSize:1000]]
[2026.02.12-14.13.56:934][  0]LogConfig: Setting CVar [[r.Streaming.MaxEffectiveScreenSize:0]]
[2026.02.12-14.13.56:934][  0]LogConfig: Applying CVar settings from Section [EffectsQuality@3] File [D:/Repozytoria/UE 4.27/KZ_TopDownShooter/TopDownAC/Saved/Config/Windows/Scalability.ini]
[2026.02.12-14.13.56:934][  0]LogConfig: Setting CVar [[r.TranslucencyLightingVolumeDim:64]]
[2026.02.12-14.13.56:934][  0]LogConfig: Setting CVar [[r.RefractionQuality:2]]
[2026.02.12-14.13.56:934][  0]LogConfig: Setting CVar [[r.SSR.Quality:3]]
[2026.02.12-14.13.56:934][  0]LogConfig: Setting CVar [[r.SSR.HalfResSceneColor:0]]
[2026.02.12-14.13.56:934][  0]LogConfig: Setting CVar [[r.SceneColorFormat:4]]
[2026.02.12-14.13.56:934][  0]LogConfig: Setting CVar [[r.DetailMode:2]]
[2026.02.12-14.13.56:934][  0]LogConfig: Setting CVar [[r.TranslucencyVolumeBlur:1]]
[2026.02.12-14.13.56:934][  0]LogConfig: Setting CVar [[r.MaterialQualityLevel:1 ; High quality]]
[2026.02.12-14.13.56:934][  0]LogConfig: Setting CVar [[r.AnisotropicMaterials:1]]
[2026.02.12-14.13.56:934][  0]LogConfig: Setting CVar [[r.SSS.Scale:1]]
[2026.02.12-14.13.56:934][  0]LogConfig: Setting CVar [[r.SSS.SampleSet:2]]
[2026.02.12-14.13.56:934][  0]LogConfig: Setting CVar [[r.SSS.Quality:1]]
[2026.02.12-14.13.56:934][  0]LogConfig: Setting CVar [[r.SSS.HalfRes:0]]
[2026.02.12-14.13.56:934][  0]LogConfig: Setting CVar [[r.SSGI.Quality:3]]
[2026.02.12-14.13.56:934][  0]LogConfig: Setting CVar [[r.EmitterSpawnRateScale:1.0]]
[2026.02.12-14.13.56:934][  0]LogConfig: Setting CVar [[r.ParticleLightQuality:2]]
[2026.02.12-14.13.56:934][  0]LogConfig: Setting CVar [[r.SkyAtmosphere.AerialPerspectiveLUT.FastApplyOnOpaque:1 ; Always have FastSkyLUT 1 in this case to avoid wrong sky]]
[2026.02.12-14.13.56:934][  0]LogConfig: Setting CVar [[r.SkyAtmosphere.AerialPerspectiveLUT.SampleCountMaxPerSlice:4]]
[2026.02.12-14.13.56:934][  0]LogConfig: Setting CVar [[r.SkyAtmosphere.AerialPerspectiveLUT.DepthResolution:16.0]]
[2026.02.12-14.13.56:934][  0]LogConfig: Setting CVar [[r.SkyAtmosphere.FastSkyLUT:1]]
[2026.02.12-14.13.56:934][  0]LogConfig: Setting CVar [[r.SkyAtmosphere.FastSkyLUT.SampleCountMin:4.0]]
[2026.02.12-14.13.56:934][  0]LogConfig: Setting CVar [[r.SkyAtmosphere.FastSkyLUT.SampleCountMax:128.0]]
[2026.02.12-14.13.56:934][  0]LogConfig: Setting CVar [[r.SkyAtmosphere.SampleCountMin:4.0]]
[2026.02.12-14.13.56:934][  0]LogConfig: Setting CVar [[r.SkyAtmosphere.SampleCountMax:128.0]]
[2026.02.12-14.13.56:934][  0]LogConfig: Setting CVar [[r.SkyAtmosphere.TransmittanceLUT.UseSmallFormat:0]]
[2026.02.12-14.13.56:934][  0]LogConfig: Setting CVar [[r.SkyAtmosphere.TransmittanceLUT.SampleCount:10.0]]
[2026.02.12-14.13.56:934][  0]LogConfig: Setting CVar [[r.SkyAtmosphere.MultiScatteringLUT.SampleCount:15.0]]
[2026.02.12-14.13.56:934][  0]LogConfig: Setting CVar [[r.SkyLight.RealTimeReflectionCapture:1]]
[2026.02.12-14.13.56:934][  0]LogConfig: Applying CVar settings from Section [FoliageQuality@3] File [D:/Repozytoria/UE 4.27/KZ_TopDownShooter/TopDownAC/Saved/Config/Windows/Scalability.ini]
[2026.02.12-14.13.56:934][  0]LogConfig: Setting CVar [[foliage.DensityScale:1.0]]
[2026.02.12-14.13.56:934][  0]LogConfig: Setting CVar [[grass.DensityScale:1.0]]
[2026.02.12-14.13.56:934][  0]LogConfig: Applying CVar settings from Section [ShadingQuality@3] File [D:/Repozytoria/UE 4.27/KZ_TopDownShooter/TopDownAC/Saved/Config/Windows/Scalability.ini]
[2026.02.12-14.13.56:934][  0]LogConfig: Setting CVar [[r.HairStrands.SkyLighting.IntegrationType:2]]
[2026.02.12-14.13.56:934][  0]LogConfig: Setting CVar [[r.HairStrands.SkyAO.SampleCount:4]]
[2026.02.12-14.13.56:934][  0]LogConfig: Setting CVar [[r.HairStrands.Visibility.MSAA.SamplePerPixel:4]]
[2026.02.12-14.13.56:934][  0]LogInit: Selected Device Profile: [Windows]
[2026.02.12-14.13.56:934][  0]LogInit: Applying CVar settings loaded from the selected device profile: [Windows]
[2026.02.12-14.13.56:935][  0]LogHAL: Display: Platform has ~ 32 GB [34007195648 / 34359738368 / 32], which maps to Largest [LargestMinGB=32, LargerMinGB=12, DefaultMinGB=8, SmallerMinGB=6, SmallestMinGB=0)
[2026.02.12-14.13.56:935][  0]LogInit: Going up to parent DeviceProfile []
[2026.02.12-14.13.56:935][  0]LogConfig: Applying CVar settings from Section [ViewDistanceQuality@3] File [D:/Repozytoria/UE 4.27/KZ_TopDownShooter/TopDownAC/Saved/Config/Windows/Scalability.ini]
[2026.02.12-14.13.56:935][  0]LogConfig: Setting CVar [[r.SkeletalMeshLODBias:0]]
[2026.02.12-14.13.56:935][  0]LogConfig: Setting CVar [[r.ViewDistanceScale:1.0]]
[2026.02.12-14.13.56:935][  0]LogConfig: Applying CVar settings from Section [AntiAliasingQuality@3] File [D:/Repozytoria/UE 4.27/KZ_TopDownShooter/TopDownAC/Saved/Config/Windows/Scalability.ini]
[2026.02.12-14.13.56:935][  0]LogConfig: Setting CVar [[r.PostProcessAAQuality:4]]
[2026.02.12-14.13.56:935][  0]LogConfig: Applying CVar settings from Section [ShadowQuality@3] File [D:/Repozytoria/UE 4.27/KZ_TopDownShooter/TopDownAC/Saved/Config/Windows/Scalability.ini]
[2026.02.12-14.13.56:935][  0]LogConfig: Setting CVar [[r.LightFunctionQuality:1]]
[2026.02.12-14.13.56:935][  0]LogConfig: Setting CVar [[r.ShadowQuality:5]]
[2026.02.12-14.13.56:935][  0]LogConfig: Setting CVar [[r.Shadow.CSM.MaxCascades:10]]
[2026.02.12-14.13.56:935][  0]LogConfig: Setting CVar [[r.Shadow.MaxResolution:2048]]
[2026.02.12-14.13.56:935][  0]LogConfig: Setting CVar [[r.Shadow.MaxCSMResolution:2048]]
[2026.02.12-14.13.56:935][  0]LogConfig: Setting CVar [[r.Shadow.RadiusThreshold:0.01]]
[2026.02.12-14.13.56:935][  0]LogConfig: Setting CVar [[r.Shadow.DistanceScale:1.0]]
[2026.02.12-14.13.56:935][  0]LogConfig: Setting CVar [[r.Shadow.CSM.TransitionScale:1.0]]
[2026.02.12-14.13.56:935][  0]LogConfig: Setting CVar [[r.Shadow.PreShadowResolutionFactor:1.0]]
[2026.02.12-14.13.56:935][  0]LogConfig: Setting CVar [[r.DistanceFieldShadowing:1]]
[2026.02.12-14.13.56:935][  0]LogConfig: Setting CVar [[r.DistanceFieldAO:1]]
[2026.02.12-14.13.56:935][  0]LogConfig: Setting CVar [[r.AOQuality:2]]
[2026.02.12-14.13.56:935][  0]LogConfig: Setting CVar [[r.VolumetricFog:1]]
[2026.02.12-14.13.56:935][  0]LogConfig: Setting CVar [[r.VolumetricFog.GridPixelSize:8]]
[2026.02.12-14.13.56:935][  0]LogConfig: Setting CVar [[r.VolumetricFog.GridSizeZ:128]]
[2026.02.12-14.13.56:935][  0]LogConfig: Setting CVar [[r.VolumetricFog.HistoryMissSupersampleCount:4]]
[2026.02.12-14.13.56:935][  0]LogConfig: Setting CVar [[r.LightMaxDrawDistanceScale:1]]
[2026.02.12-14.13.56:935][  0]LogConfig: Setting CVar [[r.CapsuleShadows:1]]
[2026.02.12-14.13.56:935][  0]LogConfig: Applying CVar settings from Section [PostProcessQuality@3] File [D:/Repozytoria/UE 4.27/KZ_TopDownShooter/TopDownAC/Saved/Config/Windows/Scalability.ini]
[2026.02.12-14.13.56:935][  0]LogConfig: Setting CVar [[r.MotionBlurQuality:4]]
[2026.02.12-14.13.56:935][  0]LogConfig: Setting CVar [[r.AmbientOcclusionMipLevelFactor:0.4]]
[2026.02.12-14.13.56:935][  0]LogConfig: Setting CVar [[r.AmbientOcclusionMaxQuality:100]]
[2026.02.12-14.13.56:935][  0]LogConfig: Setting CVar [[r.AmbientOcclusionLevels:-1]]
[2026.02.12-14.13.56:935][  0]LogConfig: Setting CVar [[r.AmbientOcclusionRadiusScale:1.0]]
[2026.02.12-14.13.56:935][  0]LogConfig: Setting CVar [[r.DepthOfFieldQuality:2]]
[2026.02.12-14.13.56:935][  0]LogConfig: Setting CVar [[r.RenderTargetPoolMin:400]]
[2026.02.12-14.13.56:935][  0]LogConfig: Setting CVar [[r.LensFlareQuality:2]]
[2026.02.12-14.13.56:935][  0]LogConfig: Setting CVar [[r.SceneColorFringeQuality:1]]
[2026.02.12-14.13.56:935][  0]LogConfig: Setting CVar [[r.EyeAdaptationQuality:2]]
[2026.02.12-14.13.56:935][  0]LogConfig: Setting CVar [[r.BloomQuality:5]]
[2026.02.12-14.13.56:935][  0]LogConfig: Setting CVar [[r.FastBlurThreshold:100]]
[2026.02.12-14.13.56:935][  0]LogConfig: Setting CVar [[r.Upscale.Quality:3]]
[2026.02.12-14.13.56:935][  0]LogConfig: Setting CVar [[r.Tonemapper.GrainQuantization:1]]
[2026.02.12-14.13.56:935][  0]LogConfig: Setting CVar [[r.LightShaftQuality:1]]
[2026.02.12-14.13.56:935][  0]LogConfig: Setting CVar [[r.Filter.SizeScale:1]]
[2026.02.12-14.13.56:935][  0]LogConfig: Setting CVar [[r.Tonemapper.Quality:5]]
[2026.02.12-14.13.56:935][  0]LogConfig: Setting CVar [[r.DOF.Gather.AccumulatorQuality:1        ; higher gathering accumulator quality]]
[2026.02.12-14.13.56:935][  0]LogConfig: Setting CVar [[r.DOF.Gather.PostfilterMethod:1          ; Median3x3 postfilering method]]
[2026.02.12-14.13.56:935][  0]LogConfig: Setting CVar [[r.DOF.Gather.EnableBokehSettings:0       ; no bokeh simulation when gathering]]
[2026.02.12-14.13.56:935][  0]LogConfig: Setting CVar [[r.DOF.Gather.RingCount:4                 ; medium number of samples when gathering]]
[2026.02.12-14.13.56:935][  0]LogConfig: Setting CVar [[r.DOF.Scatter.ForegroundCompositing:1    ; additive foreground scattering]]
[2026.02.12-14.13.56:935][  0]LogConfig: Setting CVar [[r.DOF.Scatter.BackgroundCompositing:2    ; additive background scattering]]
[2026.02.12-14.13.56:935][  0]LogConfig: Setting CVar [[r.DOF.Scatter.EnableBokehSettings:1      ; bokeh simulation when scattering]]
[2026.02.12-14.13.56:935][  0]LogConfig: Setting CVar [[r.DOF.Scatter.MaxSpriteRatio:0.1         ; only a maximum of 10% of scattered bokeh]]
[2026.02.12-14.13.56:935][  0]LogConfig: Setting CVar [[r.DOF.Recombine.Quality:1                ; cheap slight out of focus]]
[2026.02.12-14.13.56:935][  0]LogConfig: Setting CVar [[r.DOF.Recombine.EnableBokehSettings:0    ; no bokeh simulation on slight out of focus]]
[2026.02.12-14.13.56:935][  0]LogConfig: Setting CVar [[r.DOF.TemporalAAQuality:1                ; more stable temporal accumulation]]
[2026.02.12-14.13.56:935][  0]LogConfig: Setting CVar [[r.DOF.Kernel.MaxForegroundRadius:0.025]]
[2026.02.12-14.13.56:935][  0]LogConfig: Setting CVar [[r.DOF.Kernel.MaxBackgroundRadius:0.025]]
[2026.02.12-14.13.56:935][  0]LogConfig: Applying CVar settings from Section [TextureQuality@3] File [D:/Repozytoria/UE 4.27/KZ_TopDownShooter/TopDownAC/Saved/Config/Windows/Scalability.ini]
[2026.02.12-14.13.56:935][  0]LogConfig: Setting CVar [[r.Streaming.MipBias:0]]
[2026.02.12-14.13.56:935][  0]LogConfig: Setting CVar [[r.Streaming.AmortizeCPUToGPUCopy:0]]
[2026.02.12-14.13.56:935][  0]LogConfig: Setting CVar [[r.Streaming.MaxNumTexturesToStreamPerFrame:0]]
[2026.02.12-14.13.56:935][  0]LogConfig: Setting CVar [[r.Streaming.Boost:1]]
[2026.02.12-14.13.56:935][  0]LogConfig: Setting CVar [[r.MaxAnisotropy:8]]
[2026.02.12-14.13.56:935][  0]LogConfig: Setting CVar [[r.VT.MaxAnisotropy:8]]
[2026.02.12-14.13.56:935][  0]LogConfig: Setting CVar [[r.Streaming.LimitPoolSizeToVRAM:0]]
[2026.02.12-14.13.56:935][  0]LogConfig: Setting CVar [[r.Streaming.PoolSize:1000]]
[2026.02.12-14.13.56:935][  0]LogConfig: Setting CVar [[r.Streaming.MaxEffectiveScreenSize:0]]
[2026.02.12-14.13.56:935][  0]LogConfig: Applying CVar settings from Section [EffectsQuality@3] File [D:/Repozytoria/UE 4.27/KZ_TopDownShooter/TopDownAC/Saved/Config/Windows/Scalability.ini]
[2026.02.12-14.13.56:935][  0]LogConfig: Setting CVar [[r.TranslucencyLightingVolumeDim:64]]
[2026.02.12-14.13.56:935][  0]LogConfig: Setting CVar [[r.RefractionQuality:2]]
[2026.02.12-14.13.56:935][  0]LogConfig: Setting CVar [[r.SSR.Quality:3]]
[2026.02.12-14.13.56:935][  0]LogConfig: Setting CVar [[r.SSR.HalfResSceneColor:0]]
[2026.02.12-14.13.56:935][  0]LogConfig: Setting CVar [[r.SceneColorFormat:4]]
[2026.02.12-14.13.56:935][  0]LogConfig: Setting CVar [[r.DetailMode:2]]
[2026.02.12-14.13.56:935][  0]LogConfig: Setting CVar [[r.TranslucencyVolumeBlur:1]]
[2026.02.12-14.13.56:935][  0]LogConfig: Setting CVar [[r.MaterialQualityLevel:1 ; High quality]]
[2026.02.12-14.13.56:935][  0]LogConfig: Setting CVar [[r.AnisotropicMaterials:1]]
[2026.02.12-14.13.56:935][  0]LogConfig: Setting CVar [[r.SSS.Scale:1]]
[2026.02.12-14.13.56:935][  0]LogConfig: Setting CVar [[r.SSS.SampleSet:2]]
[2026.02.12-14.13.56:935][  0]LogConfig: Setting CVar [[r.SSS.Quality:1]]
[2026.02.12-14.13.56:935][  0]LogConfig: Setting CVar [[r.SSS.HalfRes:0]]
[2026.02.12-14.13.56:935][  0]LogConfig: Setting CVar [[r.SSGI.Quality:3]]
[2026.02.12-14.13.56:935][  0]LogConfig: Setting CVar [[r.EmitterSpawnRateScale:1.0]]
[2026.02.12-14.13.56:935][  0]LogConfig: Setting CVar [[r.ParticleLightQuality:2]]
[2026.02.12-14.13.56:935][  0]LogConfig: Setting CVar [[r.SkyAtmosphere.AerialPerspectiveLUT.FastApplyOnOpaque:1 ; Always have FastSkyLUT 1 in this case to avoid wrong sky]]
[2026.02.12-14.13.56:935][  0]LogConfig: Setting CVar [[r.SkyAtmosphere.AerialPerspectiveLUT.SampleCountMaxPerSlice:4]]
[2026.02.12-14.13.56:935][  0]LogConfig: Setting CVar [[r.SkyAtmosphere.AerialPerspectiveLUT.DepthResolution:16.0]]
[2026.02.12-14.13.56:935][  0]LogConfig: Setting CVar [[r.SkyAtmosphere.FastSkyLUT:1]]
[2026.02.12-14.13.56:935][  0]LogConfig: Setting CVar [[r.SkyAtmosphere.FastSkyLUT.SampleCountMin:4.0]]
[2026.02.12-14.13.56:935][  0]LogConfig: Setting CVar [[r.SkyAtmosphere.FastSkyLUT.SampleCountMax:128.0]]
[2026.02.12-14.13.56:935][  0]LogConfig: Setting CVar [[r.SkyAtmosphere.SampleCountMin:4.0]]
[2026.02.12-14.13.56:935][  0]LogConfig: Setting CVar [[r.SkyAtmosphere.SampleCountMax:128.0]]
[2026.02.12-14.13.56:935][  0]LogConfig: Setting CVar [[r.SkyAtmosphere.TransmittanceLUT.UseSmallFormat:0]]
[2026.02.12-14.13.56:935][  0]LogConfig: Setting CVar [[r.SkyAtmosphere.TransmittanceLUT.SampleCount:10.0]]
[2026.02.12-14.13.56:935][  0]LogConfig: Setting CVar [[r.SkyAtmosphere.MultiScatteringLUT.SampleCount:15.0]]
[2026.02.12-14.13.56:935][  0]LogConfig: Setting CVar [[r.SkyLight.RealTimeReflectionCapture:1]]
[2026.02.12-14.13.56:935][  0]LogConfig: Applying CVar settings from Section [FoliageQuality@3] File [D:/Repozytoria/UE 4.27/KZ_TopDownShooter/TopDownAC/Saved/Config/Windows/Scalability.ini]
[2026.02.12-14.13.56:935][  0]LogConfig: Setting CVar [[foliage.DensityScale:1.0]]
[2026.02.12-14.13.56:935][  0]LogConfig: Setting CVar [[grass.DensityScale:1.0]]
[2026.02.12-14.13.56:935][  0]LogConfig: Applying CVar settings from Section [ShadingQuality@3] File [D:/Repozytoria/UE 4.27/KZ_TopDownShooter/TopDownAC/Saved/Config/Windows/Scalability.ini]
[2026.02.12-14.13.56:935][  0]LogConfig: Setting CVar [[r.HairStrands.SkyLighting.IntegrationType:2]]
[2026.02.12-14.13.56:935][  0]LogConfig: Setting CVar [[r.HairStrands.SkyAO.SampleCount:4]]
[2026.02.12-14.13.56:935][  0]LogConfig: Setting CVar [[r.HairStrands.Visibility.MSAA.SamplePerPixel:4]]
[2026.02.12-14.13.56:935][  0]LogConfig: Applying CVar settings from Section [Startup] File [../../../Engine/Config/ConsoleVariables.ini]
[2026.02.12-14.13.56:935][  0]LogConfig: Setting CVar [[net.UseAdaptiveNetUpdateFrequency:0]]
[2026.02.12-14.13.56:935][  0]LogConfig: Setting CVar [[p.chaos.AllowCreatePhysxBodies:1]]
[2026.02.12-14.13.56:935][  0]LogConfig: Setting CVar [[fx.SkipVectorVMBackendOptimizations:1]]
[2026.02.12-14.13.56:935][  0]LogConfig: Applying CVar settings from Section [ConsoleVariables] File [D:/Repozytoria/UE 4.27/KZ_TopDownShooter/TopDownAC/Saved/Config/Windows/Engine.ini]
[2026.02.12-14.13.56:935][  0]LogConfig: Applying CVar settings from Section [ConsoleVariables] File [D:/Repozytoria/UE 4.27/KZ_TopDownShooter/TopDownAC/Saved/Config/Windows/Editor.ini]
[2026.02.12-14.13.56:935][  0]LogInit: Computer: LAPTOP-AN92MERF
[2026.02.12-14.13.56:935][  0]LogInit: User: harry
[2026.02.12-14.13.56:935][  0]LogInit: CPU Page size=4096, Cores=14
[2026.02.12-14.13.56:935][  0]LogInit: High frequency timer resolution =10.000000 MHz
[2026.02.12-14.13.56:935][  0]LogMemory: Memory total: Physical=31.7GB (32GB approx)
[2026.02.12-14.13.56:935][  0]LogMemory: Platform Memory Stats for Windows
[2026.02.12-14.13.56:935][  0]LogMemory: Process Physical Memory: 154.40 MB used, 154.40 MB peak
[2026.02.12-14.13.56:935][  0]LogMemory: Process Virtual Memory: 135.09 MB used, 135.09 MB peak
[2026.02.12-14.13.56:935][  0]LogMemory: Physical Memory: 15164.02 MB used,  17267.77 MB free, 32431.79 MB total
[2026.02.12-14.13.56:935][  0]LogMemory: Virtual Memory: 134199336.00 MB used,  18394.05 MB free, 134217728.00 MB total
[2026.02.12-14.13.56:940][  0]LogWindows: WindowsPlatformFeatures enabled
[2026.02.12-14.13.56:967][  0]LogInit: Physics initialised using underlying interface: PhysX
[2026.02.12-14.13.56:967][  0]LogInit: Using OS detected language (pl-PL).
[2026.02.12-14.13.56:967][  0]LogInit: Using OS detected locale (pl-PL).
[2026.02.12-14.13.56:967][  0]LogTextLocalizationManager: No specific localization for 'pl-PL' exists, so the 'pl' localization will be used.
[2026.02.12-14.13.56:967][  0]LogTextLocalizationResource: LocRes '../../../Engine/Content/Localization/Editor/pl/Editor.locres' could not be opened for reading!
[2026.02.12-14.13.56:967][  0]LogTextLocalizationResource: LocRes '../../../Engine/Content/Localization/EditorTutorials/pl/EditorTutorials.locres' could not be opened for reading!
[2026.02.12-14.13.56:967][  0]LogTextLocalizationResource: LocRes '../../../Engine/Content/Localization/Keywords/pl/Keywords.locres' could not be opened for reading!
[2026.02.12-14.13.56:967][  0]LogTextLocalizationResource: LocRes '../../../Engine/Content/Localization/Category/pl/Category.locres' could not be opened for reading!
[2026.02.12-14.13.56:967][  0]LogTextLocalizationResource: LocRes '../../../Engine/Content/Localization/ToolTips/pl/ToolTips.locres' could not be opened for reading!
[2026.02.12-14.13.56:967][  0]LogTextLocalizationResource: LocRes '../../../Engine/Content/Localization/PropertyNames/pl/PropertyNames.locres' could not be opened for reading!
[2026.02.12-14.13.56:967][  0]LogTextLocalizationResource: LocRes '../../../Engine/Content/Localization/Engine/pl/Engine.locres' could not be opened for reading!
[2026.02.12-14.13.56:969][  0]LogInit: Setting process to per monitor DPI aware
[2026.02.12-14.13.56:978][  0]LogWindowsTextInputMethodSystem: Display: IME system deactivated.
[2026.02.12-14.13.56:985][  0]LogSlate: New Slate User Created.  User Index 0, Is Virtual User: 0
[2026.02.12-14.13.56:985][  0]LogSlate: Slate User Registered.  User Index 0, Is Virtual User: 0
[2026.02.12-14.13.57:047][  0]LogD3D11RHI: Loaded GFSDK_Aftermath_Lib.x64.dll
[2026.02.12-14.13.57:098][  0]LogHMD: Failed to initialize OpenVR with code 110
[2026.02.12-14.13.57:098][  0]LogD3D11RHI: D3D11 min allowed feature level: 11_0
[2026.02.12-14.13.57:098][  0]LogD3D11RHI: D3D11 max allowed feature level: 11_0
[2026.02.12-14.13.57:098][  0]LogD3D11RHI: D3D11 adapters:
[2026.02.12-14.13.57:273][  0]LogD3D11RHI:    0. 'NVIDIA GeForce RTX 4060 Laptop GPU' (Feature Level 11_0)
[2026.02.12-14.13.57:273][  0]LogD3D11RHI:       7957/0/16215 MB DedicatedVideo/DedicatedSystem/SharedSystem, Outputs:2, VendorId:0x10de
[2026.02.12-14.13.57:294][  0]LogD3D11RHI:    1. 'Intel(R) UHD Graphics' (Feature Level 11_0)
[2026.02.12-14.13.57:294][  0]LogD3D11RHI:       128/0/16215 MB DedicatedVideo/DedicatedSystem/SharedSystem, Outputs:0, VendorId:0x8086
[2026.02.12-14.13.57:296][  0]LogD3D11RHI:    2. 'Microsoft Basic Render Driver' (Feature Level 11_0)
[2026.02.12-14.13.57:296][  0]LogD3D11RHI:       0/0/16215 MB DedicatedVideo/DedicatedSystem/SharedSystem, Outputs:0, VendorId:0x1414
[2026.02.12-14.13.57:296][  0]LogD3D11RHI: Chosen D3D11 Adapter:
[2026.02.12-14.13.57:296][  0]LogD3D11RHI:     Description : NVIDIA GeForce RTX 4060 Laptop GPU
[2026.02.12-14.13.57:296][  0]LogD3D11RHI:     VendorId    : 10de
[2026.02.12-14.13.57:296][  0]LogD3D11RHI:     DeviceId    : 28e0
[2026.02.12-14.13.57:296][  0]LogD3D11RHI:     SubSysId    : 96011458
[2026.02.12-14.13.57:296][  0]LogD3D11RHI:     Revision    : 00a1
[2026.02.12-14.13.57:296][  0]LogD3D11RHI:     DedicatedVideoMemory : 8343519232 bytes
[2026.02.12-14.13.57:296][  0]LogD3D11RHI:     DedicatedSystemMemory : 0 bytes
[2026.02.12-14.13.57:296][  0]LogD3D11RHI:     SharedSystemMemory : 17003597824 bytes
[2026.02.12-14.13.57:296][  0]LogD3D11RHI:     AdapterLuid : 0 80599
[2026.02.12-14.13.57:302][  0]LogD3D11RHI: Creating new Direct3DDevice
[2026.02.12-14.13.57:302][  0]LogD3D11RHI:     GPU DeviceId: 0x28e0 (for the marketing name, search the web for "GPU Device Id")
[2026.02.12-14.13.57:302][  0]LogWindows: EnumDisplayDevices:
[2026.02.12-14.13.57:302][  0]LogWindows:    0. 'Intel(R) UHD Graphics' (P:1 D:1)
[2026.02.12-14.13.57:302][  0]LogWindows:    1. 'Intel(R) UHD Graphics' (P:0 D:1)
[2026.02.12-14.13.57:302][  0]LogWindows:    2. 'Intel(R) UHD Graphics' (P:0 D:0)
[2026.02.12-14.13.57:303][  0]LogWindows:    3. 'Intel(R) UHD Graphics' (P:0 D:0)
[2026.02.12-14.13.57:303][  0]LogWindows:    4. 'NVIDIA GeForce RTX 4060 Laptop GPU' (P:0 D:0)
[2026.02.12-14.13.57:303][  0]LogWindows:    5. 'NVIDIA GeForce RTX 4060 Laptop GPU' (P:0 D:0)
[2026.02.12-14.13.57:303][  0]LogWindows:    6. 'NVIDIA GeForce RTX 4060 Laptop GPU' (P:0 D:0)
[2026.02.12-14.13.57:303][  0]LogWindows:    7. 'NVIDIA GeForce RTX 4060 Laptop GPU' (P:0 D:0)
[2026.02.12-14.13.57:303][  0]LogWindows: DebugString: PrimaryIsNotTheChoosenAdapter PrimaryIsNotTheChoosenAdapter PrimaryIsNotTheChoosenAdapter PrimaryIsNotTheChoosenAdapter FoundDriverCount:4 
[2026.02.12-14.13.57:303][  0]LogD3D11RHI:     Adapter Name: NVIDIA GeForce RTX 4060 Laptop GPU
[2026.02.12-14.13.57:303][  0]LogD3D11RHI:   Driver Version: 581.60 (internal:32.0.15.8160, unified:581.60)
[2026.02.12-14.13.57:303][  0]LogD3D11RHI:      Driver Date: 10-12-2025
[2026.02.12-14.13.57:303][  0]LogRHI: Texture pool is 5569 MB (70% of 7957 MB)
[2026.02.12-14.13.57:303][  0]LogD3D11RHI: Creating D3DDevice using adapter:
[2026.02.12-14.13.57:303][  0]LogD3D11RHI:     Description : NVIDIA GeForce RTX 4060 Laptop GPU
[2026.02.12-14.13.57:303][  0]LogD3D11RHI:     VendorId    : 10de
[2026.02.12-14.13.57:303][  0]LogD3D11RHI:     DeviceId    : 28e0
[2026.02.12-14.13.57:303][  0]LogD3D11RHI:     SubSysId    : 96011458
[2026.02.12-14.13.57:303][  0]LogD3D11RHI:     Revision    : 00a1
[2026.02.12-14.13.57:303][  0]LogD3D11RHI:     DedicatedVideoMemory : 8343519232 bytes
[2026.02.12-14.13.57:303][  0]LogD3D11RHI:     DedicatedSystemMemory : 0 bytes
[2026.02.12-14.13.57:303][  0]LogD3D11RHI:     SharedSystemMemory : 17003597824 bytes
[2026.02.12-14.13.57:303][  0]LogD3D11RHI:     AdapterLuid : 0 80599
[2026.02.12-14.13.57:402][  0]LogD3D11RHI: RHI has support for 64 bit atomics
[2026.02.12-14.13.57:402][  0]LogD3D11RHI: Async texture creation enabled
[2026.02.12-14.13.57:402][  0]LogD3D11RHI: Array index from any shader is supported
[2026.02.12-14.13.57:420][  0]LogD3D11RHI: GPU Timing Frequency: 1000.000000 (Debug: 2 2)
[2026.02.12-14.13.57:439][  0]LogRHI: GeForceNow SDK initialized: 1
[2026.02.12-14.13.57:636][  0]LogTargetPlatformManager: Display: Loaded TargetPlatform 'AllDesktop'
[2026.02.12-14.13.57:649][  0]LogTargetPlatformManager: Display: Loaded TargetPlatform 'Android'
[2026.02.12-14.13.57:649][  0]LogTargetPlatformManager: Display: Loaded TargetPlatform 'Android_ASTC'
[2026.02.12-14.13.57:649][  0]LogTargetPlatformManager: Display: Loaded TargetPlatform 'Android_DXT'
[2026.02.12-14.13.57:649][  0]LogTargetPlatformManager: Display: Loaded TargetPlatform 'Android_ETC2'
[2026.02.12-14.13.57:649][  0]LogTargetPlatformManager: Display: Loaded TargetPlatform 'AndroidClient'
[2026.02.12-14.13.57:649][  0]LogTargetPlatformManager: Display: Loaded TargetPlatform 'Android_ASTCClient'
[2026.02.12-14.13.57:649][  0]LogTargetPlatformManager: Display: Loaded TargetPlatform 'Android_DXTClient'
[2026.02.12-14.13.57:649][  0]LogTargetPlatformManager: Display: Loaded TargetPlatform 'Android_ETC2Client'
[2026.02.12-14.13.57:649][  0]LogTargetPlatformManager: Display: Loaded TargetPlatform 'Android_Multi'
[2026.02.12-14.13.57:649][  0]LogTargetPlatformManager: Display: Loaded TargetPlatform 'Android_MultiClient'
[2026.02.12-14.13.57:661][  0]LogTargetPlatformManager: Display: Loaded TargetPlatform 'IOSClient'
[2026.02.12-14.13.57:661][  0]LogTargetPlatformManager: Display: Loaded TargetPlatform 'IOS'
[2026.02.12-14.13.57:666][  0]LogTargetPlatformManager: Display: Loaded TargetPlatform 'Linux'
[2026.02.12-14.13.57:668][  0]LogTargetPlatformManager: Display: Loaded TargetPlatform 'LinuxNoEditor'
[2026.02.12-14.13.57:671][  0]LogTargetPlatformManager: Display: Loaded TargetPlatform 'LinuxClient'
[2026.02.12-14.13.57:674][  0]LogTargetPlatformManager: Display: Loaded TargetPlatform 'LinuxServer'
[2026.02.12-14.13.57:678][  0]LogTargetPlatformManager: Display: Loaded TargetPlatform 'LinuxAArch64NoEditor'
[2026.02.12-14.13.57:682][  0]LogTargetPlatformManager: Display: Loaded TargetPlatform 'LinuxAArch64Client'
[2026.02.12-14.13.57:685][  0]LogTargetPlatformManager: Display: Loaded TargetPlatform 'LinuxAArch64Server'
[2026.02.12-14.13.57:698][  0]LogTargetPlatformManager: Display: Loaded TargetPlatform 'Lumin'
[2026.02.12-14.13.57:698][  0]LogTargetPlatformManager: Display: Loaded TargetPlatform 'LuminClient'
[2026.02.12-14.13.57:702][  0]LogTargetPlatformManager: Display: Loaded TargetPlatform 'MacNoEditor'
[2026.02.12-14.13.57:705][  0]LogTargetPlatformManager: Display: Loaded TargetPlatform 'Mac'
[2026.02.12-14.13.57:708][  0]LogTargetPlatformManager: Display: Loaded TargetPlatform 'MacClient'
[2026.02.12-14.13.57:711][  0]LogTargetPlatformManager: Display: Loaded TargetPlatform 'MacServer'
[2026.02.12-14.13.57:717][  0]LogTargetPlatformManager: Display: Loaded TargetPlatform 'TVOSClient'
[2026.02.12-14.13.57:717][  0]LogTargetPlatformManager: Display: Loaded TargetPlatform 'TVOS'
[2026.02.12-14.13.57:722][  0]LogTargetPlatformManager: Display: Loaded TargetPlatform 'WindowsNoEditor'
[2026.02.12-14.13.57:725][  0]LogTargetPlatformManager: Display: Loaded TargetPlatform 'Windows'
[2026.02.12-14.13.57:728][  0]LogTargetPlatformManager: Display: Loaded TargetPlatform 'WindowsClient'
[2026.02.12-14.13.57:731][  0]LogTargetPlatformManager: Display: Loaded TargetPlatform 'WindowsServer'
[2026.02.12-14.13.57:731][  0]LogTargetPlatformManager: Display: Building Assets For Windows
[2026.02.12-14.13.57:736][  0]LogAudioDebug: Display: Lib vorbis DLL was dynamically loaded.
[2026.02.12-14.13.57:756][  0]LogTextureFormatOodle: Display: Oodle Texture 2.9.0 init RDO Off
[2026.02.12-14.13.57:780][  0]LogRendererCore: Ray tracing is disabled. Reason: r.RayTracing=0.
[2026.02.12-14.13.57:780][  0]LogShaderCompilers: Guid format shader working directory is -16 characters bigger than the processId version (../../../../../Repozytoria/UE 4.27/KZ_TopDownShooter/TopDownAC/Intermediate/Shaders/WorkingDirectory/7716/).
[2026.02.12-14.13.57:780][  0]LogShaderCompilers: Cleaned the shader compiler working directory 'C:/Users/harry/AppData/Local/Temp/UnrealShaderWorkingDir/566D5D5644458DE47322E7BD709A6AB6/'.
[2026.02.12-14.13.57:780][  0]LogXGEController: Cannot use XGE Controller as Incredibuild is not installed on this machine.
[2026.02.12-14.13.57:780][  0]LogShaderCompilers: Cannot use XGE Shader Compiler as Incredibuild is not installed on this machine.
[2026.02.12-14.13.57:780][  0]LogShaderCompilers: Display: Using Local Shader Compiler.
[2026.02.12-14.13.58:424][  0]LogDerivedDataCache: Display: Max Cache Size: 512 MB
[2026.02.12-14.13.58:500][  0]LogDerivedDataCache: Loaded boot cache 0.08s 94MB C:/Users/harry/AppData/Local/UnrealEngine/4.27/DerivedDataCache/Boot.ddc.
[2026.02.12-14.13.58:500][  0]LogDerivedDataCache: Display: Loaded Boot cache: C:/Users/harry/AppData/Local/UnrealEngine/4.27/DerivedDataCache/Boot.ddc
[2026.02.12-14.13.58:500][  0]LogDerivedDataCache: FDerivedDataBackendGraph:  Pak pak cache file ../../../../../Repozytoria/UE 4.27/KZ_TopDownShooter/TopDownAC/DerivedDataCache/DDC.ddp not found, will not use a pak cache.
[2026.02.12-14.13.58:500][  0]LogDerivedDataCache: Unable to find inner node Pak for hierarchical cache Hierarchy.
[2026.02.12-14.13.58:500][  0]LogDerivedDataCache: FDerivedDataBackendGraph:  CompressedPak pak cache file ../../../../../Repozytoria/UE 4.27/KZ_TopDownShooter/TopDownAC/DerivedDataCache/Compressed.ddp not found, will not use a pak cache.
[2026.02.12-14.13.58:500][  0]LogDerivedDataCache: Unable to find inner node CompressedPak for hierarchical cache Hierarchy.
[2026.02.12-14.13.58:512][  0]LogDerivedDataCache: Display: Pak cache opened for reading ../../../Engine/DerivedDataCache/Compressed.ddp.
[2026.02.12-14.13.58:512][  0]LogDerivedDataCache: FDerivedDataBackendGraph:  EnterprisePak pak cache file ../../../Enterprise/DerivedDataCache/Compressed.ddp not found, will not use a pak cache.
[2026.02.12-14.13.58:512][  0]LogDerivedDataCache: Unable to find inner node EnterprisePak for hierarchical cache Hierarchy.
[2026.02.12-14.13.58:521][  0]LogDerivedDataCache: Speed tests for C:/Users/harry/AppData/Local/UnrealEngine/Common/DerivedDataCache took 0.01 seconds
[2026.02.12-14.13.58:521][  0]LogDerivedDataCache: Display: Performance to C:/Users/harry/AppData/Local/UnrealEngine/Common/DerivedDataCache: Latency=0.02ms. RandomReadSpeed=1430.95MBs, RandomWriteSpeed=122.60MBs. Assigned SpeedClass 'Local'
[2026.02.12-14.13.58:522][  0]LogDerivedDataCache: Using Local data cache path C:/Users/harry/AppData/Local/UnrealEngine/Common/DerivedDataCache: Writable
[2026.02.12-14.13.58:522][  0]LogDerivedDataCache: Shared data cache path not found in *engine.ini, will not use an Shared cache.
[2026.02.12-14.13.58:522][  0]LogDerivedDataCache: Unable to find inner node Shared for hierarchical cache Hierarchy.
[2026.02.12-14.13.58:565][  0]LogSlate: Using FreeType 2.10.0
[2026.02.12-14.13.58:566][  0]LogSlate: SlateFontServices - WITH_FREETYPE: 1, WITH_HARFBUZZ: 1
[2026.02.12-14.13.58:595][  0]LogAssetRegistry: FAssetRegistry took 0.0033 seconds to start up
[2026.02.12-14.13.58:797][  0]LogInit: Selected Device Profile: [Windows]
[2026.02.12-14.13.58:797][  0]LogInit: Active device profile: [00000254332CC700][00000254321FFB40 49] Windows
[2026.02.12-14.13.58:797][  0]LogInit: Profiles: [00000254332CC700][00000254321FFB40 49] Windows, [0000025433297700][00000254339D8140 49] WindowsNoEditor, [00000254332CF300][00000254339DC2C0 49] WindowsServer, [0000025433294F00][00000254339E0440 49] WindowsClient, [00000254332CF500][00000254339E45C0 49] IOS, [0000025433293F00][00000254339E8740 49] iPadAir, [0000025433297B00][000002542FA20880 49] iPadAir2, [0000025433224500][00000254339F0AC0 49] IPadPro, [0000025433224600][00000254339ECB00 49] iPadAir3, [0000025433290100][00000254339F8C80 49] iPadAir4, [0000025433226C00][00000254339FCE00 49] iPadMini2, [0000025433292500][0000025432534F80 49] iPadMini3, [0000025433227400][00000254328D9100 49] iPadMini4, [0000025433290F00][00000254328DD280 49] iPadMini5, [00000254331EFE00][00000254328E5540 49] iPhone6, [00000254331EFF00][00000254328E1580 49] iPodTouch6, [00000254332CF900][00000254326A7840 49] iPhone7, [00000254332CE100][000002543269F880 49] iPodTouch7, [00000254331EC400][0000025432539A00 49] iPhone5S, [0000025433227D00][000002543253DB80 49] iPhone6Plus, [00000254332CF400][0000025432544180 49] iPhone6S, [0000025433226000][0000025432548300 49] iPhone6SPlus, [00000254332CC900][000002543254C480 49] iPhone7Plus, [0000025433224E00][0000025432550600 49] iPhoneSE, [00000254332CC200][0000025432554780 49] iPhone8, [0000025433226400][0000025434118900 49] iPhone8Plus, [00000254332CDE00][00000254339F4A40 49] iPhoneX, [0000025433227E00][000002543411CB80 49] iPhoneXS, [00000254332CD600][0000025434120CC0 49] iPhoneXSMax, [0000025433226500][0000025432540E40 49] iPhoneXR, [00000254332CEA00][0000025434130FC0 49] iPhone11, [0000025433227A00][0000025434135140 49] iPhone11Pro, [00000254332CCF00][00000254341392C0 49] iPhone11ProMax, [0000025433226300][000002543413D440 49] iPhoneSE2, [00000254332CE700][00000254321C15C0 49] iPhone12Mini, [0000025433224700][000002543291B740 49] iPhone12, [00000254332CF100][00000254326158C0 49] iPhone12Pro, [0000025433227500][00000254321C5A40 49] iPhone12ProMax, [00000254332CC800][00000254321C9BC0 49] iPadPro105, [0000025433225C00][00000254321CC1C0 49] iPadPro129, [00000254332CC300][00000254321D0340 49] iPadPro97, [0000025433225D00][00000254321D44C0 49] iPadPro2_129, [00000254332CCC00][00000254321D8640 49] iPad5, [0000025433227000][00000254321DC7C0 49] iPad6, [00000254332CEC00][00000254321E0940 49] iPad7, [0000025433226E00][00000254321E4AC0 49] iPad8, [00000254332CD800][00000254326A2C00 49] iPadPro11, [0000025433225B00][000002542F2B8D40 49] iPadPro2_11, [00000254332CD500][000002542F2BCE80 49] iPadPro3_129, [0000025433226700][000002542F2C0FC0 49] iPadPro4_129, [00000254332CC100][000002542F2C9140 49] AppleTV, [0000025433226B00][000002542F2CD2C0 49] AppleTV4K, [00000254332CDB00][000002542F2D1440 49] TVOS, [0000025433224900][000002542F2D55C0 49] Mac, [00000254332CD700][000002542F2D9740 49] MacClient, [0000025433226F00][000002542F2DD8C0 49] MacNoEditor, [00000254332CCD00][0000025432765A40 49] MacServer, [0000025433224300][0000025432769BC0 49] Linux, [00000254332CEE00][000002543276C1C0 49] LinuxAArch64, [0000025433225500][0000025432770340 49] LinuxNoEditor, [00000254332CE400][00000254327744C0 49] LinuxAArch64NoEditor, [0000025433224200][0000025432778640 49] LinuxClient, [00000254332CED00][000002543277C7C0 49] LinuxAArch64Client, [0000025433224C00][0000025432780940 49] LinuxServer, [00000254332CC400][0000025432784AC0 49] LinuxAArch64Server, [0000025433225000][0000025432788C40 49] Android, [0000025433293900][000002542F2C4D80 49] Android_Low, [00000254331EDB00][000002543278CEC0 49] Android_Mid, [0000025433293000][0000025432791000 49] Android_High, [00000254331EE300][0000025432795140 49] Android_Default, [0000025433292000][0000025433D452C0 49] Android_Adreno4xx, [00000254331EC100][0000025433D49440 49] Android_Adreno5xx_Low, [0000025433290B00][0000025433D4D5C0 49] Android_Adreno5xx, [00000254331ED800][0000025433D51740 49] Android_Adreno6xx, [0000025433291100][0000025433D558C0 49] Android_Adreno6xx_Vulkan, [00000254331EC800][0000025433D59A40 49] Android_Mali_T6xx, [0000025433293600][0000025433D5DBC0 49] Android_Mali_T7xx, [00000254331ECD00][0000025433D601C0 49] Android_Mali_T8xx, [0000025433293C00][0000025433D64340 49] Android_Mali_G71, [00000254331ED500][0000025433D684C0 49] Android_Mali_G72, [0000025433293E00][0000025433D6C640 49] Android_Mali_G72_Vulkan, [00000254331EFD00][0000025433D707C0 49] Android_Mali_G76, [0000025433293A00][0000025433D74940 49] Android_Mali_G76_Vulkan, [00000254331EF600][0000025433D78AC0 49] Android_Mali_G77, [0000025433292200][0000025433D7CC40 49] Android_Mali_G77_Vulkan, [00000254331ED200][0000025433D80DC0 49] Android_Mali_G78, [0000025433290A00][0000025433D84F40 49] Android_Mali_G78_Vulkan, [00000254331EF000][0000025433D41080 49] Android_Mali_G710, [0000025433291400][0000025433D891C0 49] Android_Mali_G710_Vulkan, [00000254331EC700][0000025433D8D300 49] Android_Vulkan_SM5, [0000025433291800][0000025433D95480 49] Android_PowerVR_G6xxx, [00000254331ECE00][0000025433D99600 49] Android_PowerVR_GT7xxx, [0000025433290200][0000025433D9D780 49] Android_PowerVR_GE8xxx, [00000254331EC600][0000025433DA1900 49] Android_PowerVR_GM9xxx, [0000025433292600][0000025433DA5A80 49] Android_PowerVR_GM9xxx_Vulkan, [0000025433224F00][0000025433DA9C00 49] Android_TegraK1, [0000025433292A00][0000025433DAC200 49] Android_Unknown_Vulkan, [0000025433224D00][0000025433DB0380 49] Lumin, [0000025433291200][0000025433DB4500 49] Lumin_Desktop, [0000025433224B00][0000025433DB8680 49] HoloLens, 
[2026.02.12-14.13.58:922][  0]LogMeshReduction: Using QuadricMeshReduction for automatic static mesh reduction
[2026.02.12-14.13.58:923][  0]LogMeshReduction: Using SimplygonMeshReduction for automatic skeletal mesh reduction
[2026.02.12-14.13.58:923][  0]LogMeshReduction: Using ProxyLODMeshReduction for automatic mesh merging
[2026.02.12-14.13.58:923][  0]LogMeshReduction: No distributed automatic mesh merging module available
[2026.02.12-14.13.58:923][  0]LogMeshMerging: No distributed automatic mesh merging module available
[2026.02.12-14.13.58:934][  0]LogNetVersion: TopDownAC 1.0.0, NetCL: 17155196, EngineNetVer: 17, GameNetVer: 0 (Checksum: 548030664)
[2026.02.12-14.13.59:274][  0]LogTexture: Default maximum texture size for cubemaps generated from long-lat sources has been changed from 512 to unlimited. In order to preserve old behaiour for '/Engine/MapTemplates/Sky/DaylightAmbientCubemap.DaylightAmbientCubemap', its maximum texture size has been explicitly set to 512.
[2026.02.12-14.13.59:320][  0]LogHMD: PokeAHoleMaterial loaded successfully
[2026.02.12-14.13.59:325][  0]LogUObjectArray: 17179 objects as part of root set at end of initial load.
[2026.02.12-14.13.59:325][  0]LogUObjectAllocator: 4302256 out of 0 bytes used by permanent object pool.
[2026.02.12-14.13.59:325][  0]LogUObjectArray: CloseDisregardForGC: 0/0 objects in disregard for GC pool
[2026.02.12-14.13.59:530][  0]LogPython: Using Python 3.7.7
[2026.02.12-14.13.59:964][  0]LogNiagaraDebuggerClient: Niagara Debugger Client Initialized | Session: E8508887428F2A413969F2A28774D90A | Instance: 2C8FFAE1490BECD8EF59A680B1FB5CB7 (LAPTOP-AN92MERF-7716).
[2026.02.12-14.14.00:008][  0]LogUdpMessaging: Initializing bridge on interface 0.0.0.0:0 to multicast group 230.0.0.1:6666.
[2026.02.12-14.14.00:024][  0]LogTcpMessaging: Initializing TcpMessaging bridge
[2026.02.12-14.14.00:173][  0]SourceControl: Source control is disabled
[2026.02.12-14.14.00:173][  0]SourceControl: Source control is disabled
[2026.02.12-14.14.00:176][  0]SourceControl: Source control is disabled
[2026.02.12-14.14.00:178][  0]SourceControl: Source control is disabled
[2026.02.12-14.14.00:183][  0]SourceControl: Source control is disabled
[2026.02.12-14.14.00:187][  0]LogUProjectInfo: Found projects:
[2026.02.12-14.14.00:193][  0]LogVSAccessor: Display: Unable to create Visual Studio setup instance: 80040154
[2026.02.12-14.14.00:194][  0]LogVSAccessor: Display: Unable to create Visual Studio setup instance: 80040154
[2026.02.12-14.14.00:195][  0]LogVSAccessor: Display: Unable to create Visual Studio setup instance: 80040154
[2026.02.12-14.14.00:355][  0]LogOpenImageDenoise: OIDN starting up
[2026.02.12-14.14.00:454][  0]LogAndroidPermission: UAndroidPermissionCallbackProxy::GetInstance
[2026.02.12-14.14.00:468][  0]LogAudioCaptureCore: Display: No Audio Capture implementations found. Audio input will be silent.
[2026.02.12-14.14.00:468][  0]LogAudioCaptureCore: Display: No Audio Capture implementations found. Audio input will be silent.
[2026.02.12-14.14.00:559][  0]LogCollectionManager: Loaded 0 collections in 0.000408 seconds
[2026.02.12-14.14.00:578][  0]LogFileCache: Scanning file cache for directory 'D:/Repozytoria/UE 4.27/KZ_TopDownShooter/TopDownAC/Saved/Collections/' took 0.00s
[2026.02.12-14.14.00:578][  0]LogFileCache: Scanning file cache for directory 'D:/Repozytoria/UE 4.27/KZ_TopDownShooter/TopDownAC/Content/Developers/harry/Collections/' took 0.00s
[2026.02.12-14.14.00:578][  0]LogFileCache: Scanning file cache for directory 'D:/Repozytoria/UE 4.27/KZ_TopDownShooter/TopDownAC/Content/Collections/' took 0.00s
[2026.02.12-14.14.00:578][  0]LogOcInput: OculusInput pre-init called
[2026.02.12-14.14.00:798][  0]LogEngine: Initializing Engine...
[2026.02.12-14.14.00:800][  0]LogHMD: Failed to enumerate extensions. Please check that you have a valid OpenXR runtime installed.
[2026.02.12-14.14.00:800][  0]LogHMD: Failed to initialize OpenVR with code 110
[2026.02.12-14.14.00:800][  0]LogMagicLeap: Warning: VR disabled because ZI is not enabled.  To enable, in the editor, Edit -> Project Settings -> Plugins -> Magic Leap Plugin -> Enable Zero Iteration
[2026.02.12-14.14.00:800][  0]LogStats: UGameplayTagsManager::InitializeManager -  0.000 s
[2026.02.12-14.14.00:891][  0]LogInit: Initializing FReadOnlyCVARCache
[2026.02.12-14.14.00:896][  0]LogAIModule: Creating AISystem for world Untitled
[2026.02.12-14.14.00:897][  0]LogAudio: Display: Initializing Audio Device Manager...
[2026.02.12-14.14.00:900][  0]LogAudio: Display: Loading Default Audio Settings Objects...
[2026.02.12-14.14.00:900][  0]LogAudio: Display: No default SoundConcurrencyObject specified (or failed to load).
[2026.02.12-14.14.00:900][  0]LogAudio: Display: Audio Device Manager Initialized
[2026.02.12-14.14.00:900][  0]LogAudio: Display: Creating Audio Device:                 Id: 1, Scope: Shared, Realtime: True
[2026.02.12-14.14.00:900][  0]LogAudioMixer: Display: Audio Mixer Platform Settings:
[2026.02.12-14.14.00:900][  0]LogAudioMixer: Display: 	Sample Rate:						  48000
[2026.02.12-14.14.00:900][  0]LogAudioMixer: Display: 	Callback Buffer Frame Size Requested: 1024
[2026.02.12-14.14.00:900][  0]LogAudioMixer: Display: 	Callback Buffer Frame Size To Use:	  1024
[2026.02.12-14.14.00:900][  0]LogAudioMixer: Display: 	Number of buffers to queue:			  2
[2026.02.12-14.14.00:900][  0]LogAudioMixer: Display: 	Max Channels (voices):				  32
[2026.02.12-14.14.00:900][  0]LogAudioMixer: Display: 	Number of Async Source Workers:		  0
[2026.02.12-14.14.00:900][  0]LogAudio: Display: AudioDevice MaxSources: 32
[2026.02.12-14.14.00:900][  0]LogAudio: Display: Audio Spatialization Plugin: None (built-in).
[2026.02.12-14.14.00:900][  0]LogAudio: Display: Audio Reverb Plugin: None (built-in).
[2026.02.12-14.14.00:900][  0]LogAudio: Display: Audio Occlusion Plugin: None (built-in).
[2026.02.12-14.14.00:900][  0]LogAudioMixer: Display: Initializing audio mixer.
[2026.02.12-14.14.00:908][  0]LogAudioMixer: Display: 0: FrontLeft
[2026.02.12-14.14.00:908][  0]LogAudioMixer: Display: 1: FrontRight
[2026.02.12-14.14.00:917][  0]LogAudioMixer: Display: Using Audio Device Speakers (USB Audio Device)
[2026.02.12-14.14.00:920][  0]LogAudioMixer: Display: Initializing Sound Submixes...
[2026.02.12-14.14.00:921][  0]LogAudioMixer: Display: Creating Master Submix 'MasterSubmixDefault'
[2026.02.12-14.14.00:921][  0]LogAudioMixer: Display: Creating Master Submix 'MasterReverbSubmixDefault'
[2026.02.12-14.14.00:922][  0]LogAudioMixer: Display: Creating Master Submix 'MasterEQSubmixDefault'
[2026.02.12-14.14.00:922][  0]LogAudioMixer: FMixerPlatformXAudio2::StartAudioStream() called
[2026.02.12-14.14.00:922][  0]LogAudioMixer: Display: Output buffers initialized: Frames=1024, Channels=2, Samples=2048
[2026.02.12-14.14.00:923][  0]LogAudioMixer: Display: Starting AudioMixerPlatformInterface::RunInternal()
[2026.02.12-14.14.00:923][  0]LogAudioMixer: Display: FMixerPlatformXAudio2::SubmitBuffer() called for the first time
[2026.02.12-14.14.00:923][  0]LogInit: FAudioDevice initialized.
[2026.02.12-14.14.00:923][  0]LogAudio: Display: Audio Device (ID: 1) registered with world 'Untitled'.
[2026.02.12-14.14.00:923][  0]LogNetVersion: Set ProjectVersion to 1.0.0.0. Version Checksum will be recalculated on next use.
[2026.02.12-14.14.00:980][  0]LogDerivedDataCache: Saved boot cache 0.06s 94MB C:/Users/harry/AppData/Local/UnrealEngine/4.27/DerivedDataCache/Boot.ddc.
[2026.02.12-14.14.00:980][  0]LogInit: Texture streaming: Enabled
[2026.02.12-14.14.00:990][  0]LogAnalytics: Display: [UEEditor.Rocket.Release] APIServer = https://datarouter.ol.epicgames.com/. AppVersion = 4.27.2-18319896+++UE4+Release-4.27
[2026.02.12-14.14.00:992][  0]LogEngineSessionManager: EngineSessionManager initialized
[2026.02.12-14.14.00:992][  0]LogEditorSessionSummary: Verbose: Initializing EditorSessionSummaryWriter for editor session tracking
[2026.02.12-14.14.00:993][  0]LogEditorSessionSummary: EditorSessionSummaryWriter initialized
[2026.02.12-14.14.01:014][  0]LogInit: Transaction tracking system initialized
[2026.02.12-14.14.01:030][  0]BlueprintLog: New page: Editor Load
[2026.02.12-14.14.01:074][  0]LocalizationService: Localization service is disabled
[2026.02.12-14.14.01:092][  0]TimingProfiler: Initialize
[2026.02.12-14.14.01:093][  0]TimingProfiler: OnSessionChanged
[2026.02.12-14.14.01:093][  0]LoadingProfiler: Initialize
[2026.02.12-14.14.01:093][  0]LoadingProfiler: OnSessionChanged
[2026.02.12-14.14.01:093][  0]NetworkingProfiler: Initialize
[2026.02.12-14.14.01:093][  0]NetworkingProfiler: OnSessionChanged
[2026.02.12-14.14.01:093][  0]MemoryProfiler: Initialize
[2026.02.12-14.14.01:093][  0]MemoryProfiler: OnSessionChanged
[2026.02.12-14.14.01:130][  0]LogVSAccessor: Display: Unable to create Visual Studio setup instance: 80040154
[2026.02.12-14.14.01:131][  0]LogVSAccessor: Display: Unable to create Visual Studio setup instance: 80040154
[2026.02.12-14.14.01:131][  0]LogVSAccessor: Display: Unable to create Visual Studio setup instance: 80040154
[2026.02.12-14.14.01:224][  0]LogCook: Display: CookSettings for Memory: MemoryMaxUsedVirtual 0MiB, MemoryMaxUsedPhysical 16384MiB, MemoryMinFreeVirtual 0MiB, MemoryMinFreePhysical 1024MiB
[2026.02.12-14.14.01:224][  0]LogCook: Display: Mobile HDR setting 1
[2026.02.12-14.14.01:354][  0]LogFileCache: Scanning file cache for directory 'D:/Repozytoria/UE 4.27/KZ_TopDownShooter/TopDownAC/Content/' took 0.00s
[2026.02.12-14.14.01:477][  0]LogInit: Display: Engine is initialized. Leaving FEngineLoop::Init()
[2026.02.12-14.14.01:478][  0]SourceControl: Source control is disabled
[2026.02.12-14.14.01:478][  0]LogUnrealEdMisc: Loading editor; pre map load, took 5.213
[2026.02.12-14.14.01:479][  0]Cmd: MAP LOAD FILE="../../../../../Repozytoria/UE 4.27/KZ_TopDownShooter/TopDownAC/Content/Levels/Main.umap" TEMPLATE=0 SHOWPROGRESS=1 FEATURELEVEL=3
[2026.02.12-14.14.01:479][  0]LightingResults: New page: Lighting Build
[2026.02.12-14.14.01:480][  0]LogWorld: UWorld::CleanupWorld for Untitled, bSessionEnded=true, bCleanupResources=true
[2026.02.12-14.14.01:480][  0]LogSlate: InvalidateAllWidgets triggered.  All widgets were invalidated
[2026.02.12-14.14.01:480][  0]MapCheck: New page: Map Check
[2026.02.12-14.14.01:480][  0]LightingResults: New page: Lighting Build
[2026.02.12-14.14.01:483][  0]LogAudio: Display: Audio Device unregistered from world 'None'.
[2026.02.12-14.14.01:486][  0]LogUObjectHash: Compacting FUObjectHashTables data took   0.59ms
[2026.02.12-14.14.01:771][  0]LogSkeletalMesh: Display: [AssetLog] D:\Repozytoria\UE 4.27\KZ_TopDownShooter\TopDownAC\Content\Weapons\Rifle.uasset: Find and fix some bad tangent! please re-import this skeletal mesh asset to fix the issue. The shading of the skeletal mesh will be bad and faceted.
[2026.02.12-14.14.01:790][  0]LogAudio: Display: Audio Device (ID: 1) registered with world 'Main'.
[2026.02.12-14.14.01:790][  0]LogAIModule: Creating AISystem for world Main
[2026.02.12-14.14.01:794][  0]LogEditorServer: Finished looking for orphan Actors (0.000 secs)
[2026.02.12-14.14.01:798][  0]LogUObjectHash: Compacting FUObjectHashTables data took   0.55ms
[2026.02.12-14.14.01:799][  0]Cmd: MAP CHECKDEP NOCLEARLOG
[2026.02.12-14.14.01:799][  0]MapCheck: Map check complete: 0 Error(s), 0 Warning(s), took 0,076ms to complete.
[2026.02.12-14.14.01:799][  0]LogFileHelpers: Loading map 'Main' took 0.320
[2026.02.12-14.14.01:800][  0]LogUnrealEdMisc: Total Editor Startup Time, took 5.535
[2026.02.12-14.14.01:908][  0]LogSlate: Updating window title bar state: overlay mode, drag disabled, window buttons hidden, title bar hidden
[2026.02.12-14.14.01:912][  0]LogSlate: Updating window title bar state: overlay mode, drag disabled, window buttons hidden, title bar hidden
[2026.02.12-14.14.01:915][  0]LogSlate: Updating window title bar state: overlay mode, drag disabled, window buttons hidden, title bar hidden
[2026.02.12-14.14.01:919][  0]LogSlate: Updating window title bar state: overlay mode, drag disabled, window buttons hidden, title bar hidden
[2026.02.12-14.14.01:952][  0]LogNativeClassHierarchy: Verbose: Native class hierarchy populated in 0.0063 seconds. Added 3822 classes and 928 folders.
[2026.02.12-14.14.01:954][  0]LogNativeClassHierarchy: Verbose: Native class hierarchy updated for 'WidgetCarousel' in 0.0002 seconds. Added 0 classes and 0 folders.
[2026.02.12-14.14.01:955][  0]LogPakFile: PakFile PrimaryIndexSize=187
[2026.02.12-14.14.01:955][  0]LogPakFile: PakFile PathHashIndexSize=101
[2026.02.12-14.14.01:955][  0]LogPakFile: PakFile FullDirectoryIndexSize=148
[2026.02.12-14.14.01:955][  0]LogShaderLibrary: Display: ShaderCodeLibraryPakFileMountedCallback: PakFile 'D:/Epic Games/UE_4.27/FeaturePacks/FP_FirstPerson.upack' (chunk index -1, root 'root:/') mounted
[2026.02.12-14.14.01:955][  0]LogShaderLibrary: Display: ShaderCodeLibraryPakFileMountedCallback: pending pak file info (ChunkID:-1 Root:root:/ File:D:/Epic Games/UE_4.27/FeaturePacks/FP_FirstPerson.upack)
[2026.02.12-14.14.01:955][  0]LogPakFile: OnPakFileMounted2Time == 0.000039
[2026.02.12-14.14.01:955][  0]LogPakFile: PakFile PrimaryIndexSize=189
[2026.02.12-14.14.01:955][  0]LogPakFile: PakFile PathHashIndexSize=101
[2026.02.12-14.14.01:955][  0]LogPakFile: PakFile FullDirectoryIndexSize=152
[2026.02.12-14.14.01:955][  0]LogShaderLibrary: Display: ShaderCodeLibraryPakFileMountedCallback: PakFile 'D:/Epic Games/UE_4.27/FeaturePacks/FP_FirstPersonBP.upack' (chunk index -1, root 'root:/') mounted
[2026.02.12-14.14.01:955][  0]LogShaderLibrary: Display: ShaderCodeLibraryPakFileMountedCallback: pending pak file info (ChunkID:-1 Root:root:/ File:D:/Epic Games/UE_4.27/FeaturePacks/FP_FirstPersonBP.upack)
[2026.02.12-14.14.01:955][  0]LogPakFile: OnPakFileMounted2Time == 0.000021
[2026.02.12-14.14.01:955][  0]LogPakFile: PakFile PrimaryIndexSize=191
[2026.02.12-14.14.01:955][  0]LogPakFile: PakFile PathHashIndexSize=101
[2026.02.12-14.14.01:955][  0]LogPakFile: PakFile FullDirectoryIndexSize=160
[2026.02.12-14.14.01:955][  0]LogShaderLibrary: Display: ShaderCodeLibraryPakFileMountedCallback: PakFile 'D:/Epic Games/UE_4.27/FeaturePacks/MobileStarterContent.upack' (chunk index -1, root 'root:/') mounted
[2026.02.12-14.14.01:955][  0]LogShaderLibrary: Display: ShaderCodeLibraryPakFileMountedCallback: pending pak file info (ChunkID:-1 Root:root:/ File:D:/Epic Games/UE_4.27/FeaturePacks/MobileStarterContent.upack)
[2026.02.12-14.14.01:955][  0]LogPakFile: OnPakFileMounted2Time == 0.000018
[2026.02.12-14.14.01:956][  0]LogPakFile: PakFile PrimaryIndexSize=185
[2026.02.12-14.14.01:956][  0]LogPakFile: PakFile PathHashIndexSize=101
[2026.02.12-14.14.01:956][  0]LogPakFile: PakFile FullDirectoryIndexSize=148
[2026.02.12-14.14.01:956][  0]LogShaderLibrary: Display: ShaderCodeLibraryPakFileMountedCallback: PakFile 'D:/Epic Games/UE_4.27/FeaturePacks/StarterContent.upack' (chunk index -1, root 'root:/') mounted
[2026.02.12-14.14.01:956][  0]LogShaderLibrary: Display: ShaderCodeLibraryPakFileMountedCallback: pending pak file info (ChunkID:-1 Root:root:/ File:D:/Epic Games/UE_4.27/FeaturePacks/StarterContent.upack)
[2026.02.12-14.14.01:956][  0]LogPakFile: OnPakFileMounted2Time == 0.000020
[2026.02.12-14.14.01:956][  0]LogPakFile: PakFile PrimaryIndexSize=190
[2026.02.12-14.14.01:956][  0]LogPakFile: PakFile PathHashIndexSize=101
[2026.02.12-14.14.01:956][  0]LogPakFile: PakFile FullDirectoryIndexSize=154
[2026.02.12-14.14.01:956][  0]LogShaderLibrary: Display: ShaderCodeLibraryPakFileMountedCallback: PakFile 'D:/Epic Games/UE_4.27/FeaturePacks/TP_2DSideScroller.upack' (chunk index -1, root 'root:/') mounted
[2026.02.12-14.14.01:956][  0]LogShaderLibrary: Display: ShaderCodeLibraryPakFileMountedCallback: pending pak file info (ChunkID:-1 Root:root:/ File:D:/Epic Games/UE_4.27/FeaturePacks/TP_2DSideScroller.upack)
[2026.02.12-14.14.01:956][  0]LogPakFile: OnPakFileMounted2Time == 0.000018
[2026.02.12-14.14.01:956][  0]LogPakFile: PakFile PrimaryIndexSize=192
[2026.02.12-14.14.01:956][  0]LogPakFile: PakFile PathHashIndexSize=101
[2026.02.12-14.14.01:956][  0]LogPakFile: PakFile FullDirectoryIndexSize=158
[2026.02.12-14.14.01:956][  0]LogShaderLibrary: Display: ShaderCodeLibraryPakFileMountedCallback: PakFile 'D:/Epic Games/UE_4.27/FeaturePacks/TP_2DSideScrollerBP.upack' (chunk index -1, root 'root:/') mounted
[2026.02.12-14.14.01:956][  0]LogShaderLibrary: Display: ShaderCodeLibraryPakFileMountedCallback: pending pak file info (ChunkID:-1 Root:root:/ File:D:/Epic Games/UE_4.27/FeaturePacks/TP_2DSideScrollerBP.upack)
[2026.02.12-14.14.01:956][  0]LogPakFile: OnPakFileMounted2Time == 0.000017
[2026.02.12-14.14.01:956][  0]LogPakFile: PakFile PrimaryIndexSize=182
[2026.02.12-14.14.01:956][  0]LogPakFile: PakFile PathHashIndexSize=101
[2026.02.12-14.14.01:956][  0]LogPakFile: PakFile FullDirectoryIndexSize=138
[2026.02.12-14.14.01:956][  0]LogShaderLibrary: Display: ShaderCodeLibraryPakFileMountedCallback: PakFile 'D:/Epic Games/UE_4.27/FeaturePacks/TP_Flying.upack' (chunk index -1, root 'root:/') mounted
[2026.02.12-14.14.01:956][  0]LogShaderLibrary: Display: ShaderCodeLibraryPakFileMountedCallback: pending pak file info (ChunkID:-1 Root:root:/ File:D:/Epic Games/UE_4.27/FeaturePacks/TP_Flying.upack)
[2026.02.12-14.14.01:956][  0]LogPakFile: OnPakFileMounted2Time == 0.000017
[2026.02.12-14.14.01:957][  0]LogPakFile: PakFile PrimaryIndexSize=184
[2026.02.12-14.14.01:957][  0]LogPakFile: PakFile PathHashIndexSize=101
[2026.02.12-14.14.01:957][  0]LogPakFile: PakFile FullDirectoryIndexSize=142
[2026.02.12-14.14.01:957][  0]LogShaderLibrary: Display: ShaderCodeLibraryPakFileMountedCallback: PakFile 'D:/Epic Games/UE_4.27/FeaturePacks/TP_FlyingBP.upack' (chunk index -1, root 'root:/') mounted
[2026.02.12-14.14.01:957][  0]LogShaderLibrary: Display: ShaderCodeLibraryPakFileMountedCallback: pending pak file info (ChunkID:-1 Root:root:/ File:D:/Epic Games/UE_4.27/FeaturePacks/TP_FlyingBP.upack)
[2026.02.12-14.14.01:957][  0]LogPakFile: OnPakFileMounted2Time == 0.000018
[2026.02.12-14.14.01:957][  0]LogPakFile: PakFile PrimaryIndexSize=188
[2026.02.12-14.14.01:957][  0]LogPakFile: PakFile PathHashIndexSize=101
[2026.02.12-14.14.01:957][  0]LogPakFile: PakFile FullDirectoryIndexSize=150
[2026.02.12-14.14.01:957][  0]LogShaderLibrary: Display: ShaderCodeLibraryPakFileMountedCallback: PakFile 'D:/Epic Games/UE_4.27/FeaturePacks/TP_HandheldARBP.upack' (chunk index -1, root 'root:/') mounted
[2026.02.12-14.14.01:957][  0]LogShaderLibrary: Display: ShaderCodeLibraryPakFileMountedCallback: pending pak file info (ChunkID:-1 Root:root:/ File:D:/Epic Games/UE_4.27/FeaturePacks/TP_HandheldARBP.upack)
[2026.02.12-14.14.01:957][  0]LogPakFile: OnPakFileMounted2Time == 0.000017
[2026.02.12-14.14.01:957][  0]LogPakFile: PakFile PrimaryIndexSize=182
[2026.02.12-14.14.01:957][  0]LogPakFile: PakFile PathHashIndexSize=101
[2026.02.12-14.14.01:957][  0]LogPakFile: PakFile FullDirectoryIndexSize=138
[2026.02.12-14.14.01:957][  0]LogShaderLibrary: Display: ShaderCodeLibraryPakFileMountedCallback: PakFile 'D:/Epic Games/UE_4.27/FeaturePacks/TP_Puzzle.upack' (chunk index -1, root 'root:/') mounted
[2026.02.12-14.14.01:957][  0]LogShaderLibrary: Display: ShaderCodeLibraryPakFileMountedCallback: pending pak file info (ChunkID:-1 Root:root:/ File:D:/Epic Games/UE_4.27/FeaturePacks/TP_Puzzle.upack)
[2026.02.12-14.14.01:957][  0]LogPakFile: OnPakFileMounted2Time == 0.000019
[2026.02.12-14.14.01:958][  0]LogPakFile: PakFile PrimaryIndexSize=184
[2026.02.12-14.14.01:958][  0]LogPakFile: PakFile PathHashIndexSize=101
[2026.02.12-14.14.01:958][  0]LogPakFile: PakFile FullDirectoryIndexSize=142
[2026.02.12-14.14.01:958][  0]LogShaderLibrary: Display: ShaderCodeLibraryPakFileMountedCallback: PakFile 'D:/Epic Games/UE_4.27/FeaturePacks/TP_PuzzleBP.upack' (chunk index -1, root 'root:/') mounted
[2026.02.12-14.14.01:958][  0]LogShaderLibrary: Display: ShaderCodeLibraryPakFileMountedCallback: pending pak file info (ChunkID:-1 Root:root:/ File:D:/Epic Games/UE_4.27/FeaturePacks/TP_PuzzleBP.upack)
[2026.02.12-14.14.01:958][  0]LogPakFile: OnPakFileMounted2Time == 0.000018
[2026.02.12-14.14.01:958][  0]LogPakFile: PakFile PrimaryIndexSize=183
[2026.02.12-14.14.01:958][  0]LogPakFile: PakFile PathHashIndexSize=101
[2026.02.12-14.14.01:958][  0]LogPakFile: PakFile FullDirectoryIndexSize=140
[2026.02.12-14.14.01:958][  0]LogShaderLibrary: Display: ShaderCodeLibraryPakFileMountedCallback: PakFile 'D:/Epic Games/UE_4.27/FeaturePacks/TP_Rolling.upack' (chunk index -1, root 'root:/') mounted
[2026.02.12-14.14.01:958][  0]LogShaderLibrary: Display: ShaderCodeLibraryPakFileMountedCallback: pending pak file info (ChunkID:-1 Root:root:/ File:D:/Epic Games/UE_4.27/FeaturePacks/TP_Rolling.upack)
[2026.02.12-14.14.01:958][  0]LogPakFile: OnPakFileMounted2Time == 0.000028
[2026.02.12-14.14.01:958][  0]LogPakFile: PakFile PrimaryIndexSize=185
[2026.02.12-14.14.01:958][  0]LogPakFile: PakFile PathHashIndexSize=101
[2026.02.12-14.14.01:958][  0]LogPakFile: PakFile FullDirectoryIndexSize=144
[2026.02.12-14.14.01:958][  0]LogShaderLibrary: Display: ShaderCodeLibraryPakFileMountedCallback: PakFile 'D:/Epic Games/UE_4.27/FeaturePacks/TP_RollingBP.upack' (chunk index -1, root 'root:/') mounted
[2026.02.12-14.14.01:958][  0]LogShaderLibrary: Display: ShaderCodeLibraryPakFileMountedCallback: pending pak file info (ChunkID:-1 Root:root:/ File:D:/Epic Games/UE_4.27/FeaturePacks/TP_RollingBP.upack)
[2026.02.12-14.14.01:958][  0]LogPakFile: OnPakFileMounted2Time == 0.000017
[2026.02.12-14.14.01:958][  0]LogPakFile: PakFile PrimaryIndexSize=188
[2026.02.12-14.14.01:958][  0]LogPakFile: PakFile PathHashIndexSize=101
[2026.02.12-14.14.01:958][  0]LogPakFile: PakFile FullDirectoryIndexSize=150
[2026.02.12-14.14.01:958][  0]LogShaderLibrary: Display: ShaderCodeLibraryPakFileMountedCallback: PakFile 'D:/Epic Games/UE_4.27/FeaturePacks/TP_SideScroller.upack' (chunk index -1, root 'root:/') mounted
[2026.02.12-14.14.01:958][  0]LogShaderLibrary: Display: ShaderCodeLibraryPakFileMountedCallback: pending pak file info (ChunkID:-1 Root:root:/ File:D:/Epic Games/UE_4.27/FeaturePacks/TP_SideScroller.upack)
[2026.02.12-14.14.01:958][  0]LogPakFile: OnPakFileMounted2Time == 0.000024
[2026.02.12-14.14.01:958][  0]LogPakFile: PakFile PrimaryIndexSize=190
[2026.02.12-14.14.01:958][  0]LogPakFile: PakFile PathHashIndexSize=101
[2026.02.12-14.14.01:958][  0]LogPakFile: PakFile FullDirectoryIndexSize=154
[2026.02.12-14.14.01:958][  0]LogShaderLibrary: Display: ShaderCodeLibraryPakFileMountedCallback: PakFile 'D:/Epic Games/UE_4.27/FeaturePacks/TP_SideScrollerBP.upack' (chunk index -1, root 'root:/') mounted
[2026.02.12-14.14.01:958][  0]LogShaderLibrary: Display: ShaderCodeLibraryPakFileMountedCallback: pending pak file info (ChunkID:-1 Root:root:/ File:D:/Epic Games/UE_4.27/FeaturePacks/TP_SideScrollerBP.upack)
[2026.02.12-14.14.01:958][  0]LogPakFile: OnPakFileMounted2Time == 0.000016
[2026.02.12-14.14.01:958][  0]LogPakFile: PakFile PrimaryIndexSize=187
[2026.02.12-14.14.01:958][  0]LogPakFile: PakFile PathHashIndexSize=101
[2026.02.12-14.14.01:958][  0]LogPakFile: PakFile FullDirectoryIndexSize=148
[2026.02.12-14.14.01:958][  0]LogShaderLibrary: Display: ShaderCodeLibraryPakFileMountedCallback: PakFile 'D:/Epic Games/UE_4.27/FeaturePacks/TP_ThirdPerson.upack' (chunk index -1, root 'root:/') mounted
[2026.02.12-14.14.01:958][  0]LogShaderLibrary: Display: ShaderCodeLibraryPakFileMountedCallback: pending pak file info (ChunkID:-1 Root:root:/ File:D:/Epic Games/UE_4.27/FeaturePacks/TP_ThirdPerson.upack)
[2026.02.12-14.14.01:958][  0]LogPakFile: OnPakFileMounted2Time == 0.000016
[2026.02.12-14.14.01:959][  0]LogPakFile: PakFile PrimaryIndexSize=189
[2026.02.12-14.14.01:959][  0]LogPakFile: PakFile PathHashIndexSize=101
[2026.02.12-14.14.01:959][  0]LogPakFile: PakFile FullDirectoryIndexSize=152
[2026.02.12-14.14.01:959][  0]LogShaderLibrary: Display: ShaderCodeLibraryPakFileMountedCallback: PakFile 'D:/Epic Games/UE_4.27/FeaturePacks/TP_ThirdPersonBP.upack' (chunk index -1, root 'root:/') mounted
[2026.02.12-14.14.01:959][  0]LogShaderLibrary: Display: ShaderCodeLibraryPakFileMountedCallback: pending pak file info (ChunkID:-1 Root:root:/ File:D:/Epic Games/UE_4.27/FeaturePacks/TP_ThirdPersonBP.upack)
[2026.02.12-14.14.01:959][  0]LogPakFile: OnPakFileMounted2Time == 0.000016
[2026.02.12-14.14.01:959][  0]LogPakFile: PakFile PrimaryIndexSize=183
[2026.02.12-14.14.01:959][  0]LogPakFile: PakFile PathHashIndexSize=101
[2026.02.12-14.14.01:959][  0]LogPakFile: PakFile FullDirectoryIndexSize=140
[2026.02.12-14.14.01:959][  0]LogShaderLibrary: Display: ShaderCodeLibraryPakFileMountedCallback: PakFile 'D:/Epic Games/UE_4.27/FeaturePacks/TP_TopDown.upack' (chunk index -1, root 'root:/') mounted
[2026.02.12-14.14.01:959][  0]LogShaderLibrary: Display: ShaderCodeLibraryPakFileMountedCallback: pending pak file info (ChunkID:-1 Root:root:/ File:D:/Epic Games/UE_4.27/FeaturePacks/TP_TopDown.upack)
[2026.02.12-14.14.01:959][  0]LogPakFile: OnPakFileMounted2Time == 0.000021
[2026.02.12-14.14.01:959][  0]LogPakFile: PakFile PrimaryIndexSize=185
[2026.02.12-14.14.01:959][  0]LogPakFile: PakFile PathHashIndexSize=101
[2026.02.12-14.14.01:959][  0]LogPakFile: PakFile FullDirectoryIndexSize=144
[2026.02.12-14.14.01:959][  0]LogShaderLibrary: Display: ShaderCodeLibraryPakFileMountedCallback: PakFile 'D:/Epic Games/UE_4.27/FeaturePacks/TP_TopDownBP.upack' (chunk index -1, root 'root:/') mounted
[2026.02.12-14.14.01:959][  0]LogShaderLibrary: Display: ShaderCodeLibraryPakFileMountedCallback: pending pak file info (ChunkID:-1 Root:root:/ File:D:/Epic Games/UE_4.27/FeaturePacks/TP_TopDownBP.upack)
[2026.02.12-14.14.01:959][  0]LogPakFile: OnPakFileMounted2Time == 0.000016
[2026.02.12-14.14.01:959][  0]LogPakFile: PakFile PrimaryIndexSize=185
[2026.02.12-14.14.01:959][  0]LogPakFile: PakFile PathHashIndexSize=101
[2026.02.12-14.14.01:959][  0]LogPakFile: PakFile FullDirectoryIndexSize=144
[2026.02.12-14.14.01:959][  0]LogShaderLibrary: Display: ShaderCodeLibraryPakFileMountedCallback: PakFile 'D:/Epic Games/UE_4.27/FeaturePacks/TP_TwinStick.upack' (chunk index -1, root 'root:/') mounted
[2026.02.12-14.14.01:959][  0]LogShaderLibrary: Display: ShaderCodeLibraryPakFileMountedCallback: pending pak file info (ChunkID:-1 Root:root:/ File:D:/Epic Games/UE_4.27/FeaturePacks/TP_TwinStick.upack)
[2026.02.12-14.14.01:959][  0]LogPakFile: OnPakFileMounted2Time == 0.000016
[2026.02.12-14.14.01:959][  0]LogPakFile: PakFile PrimaryIndexSize=187
[2026.02.12-14.14.01:959][  0]LogPakFile: PakFile PathHashIndexSize=101
[2026.02.12-14.14.01:959][  0]LogPakFile: PakFile FullDirectoryIndexSize=148
[2026.02.12-14.14.01:959][  0]LogShaderLibrary: Display: ShaderCodeLibraryPakFileMountedCallback: PakFile 'D:/Epic Games/UE_4.27/FeaturePacks/TP_TwinStickBP.upack' (chunk index -1, root 'root:/') mounted
[2026.02.12-14.14.01:959][  0]LogShaderLibrary: Display: ShaderCodeLibraryPakFileMountedCallback: pending pak file info (ChunkID:-1 Root:root:/ File:D:/Epic Games/UE_4.27/FeaturePacks/TP_TwinStickBP.upack)
[2026.02.12-14.14.01:959][  0]LogPakFile: OnPakFileMounted2Time == 0.000017
[2026.02.12-14.14.01:960][  0]LogPakFile: PakFile PrimaryIndexSize=183
[2026.02.12-14.14.01:960][  0]LogPakFile: PakFile PathHashIndexSize=101
[2026.02.12-14.14.01:960][  0]LogPakFile: PakFile FullDirectoryIndexSize=140
[2026.02.12-14.14.01:960][  0]LogShaderLibrary: Display: ShaderCodeLibraryPakFileMountedCallback: PakFile 'D:/Epic Games/UE_4.27/FeaturePacks/TP_Vehicle.upack' (chunk index -1, root 'root:/') mounted
[2026.02.12-14.14.01:960][  0]LogShaderLibrary: Display: ShaderCodeLibraryPakFileMountedCallback: pending pak file info (ChunkID:-1 Root:root:/ File:D:/Epic Games/UE_4.27/FeaturePacks/TP_Vehicle.upack)
[2026.02.12-14.14.01:960][  0]LogPakFile: OnPakFileMounted2Time == 0.000018
[2026.02.12-14.14.01:960][  0]LogPakFile: PakFile PrimaryIndexSize=186
[2026.02.12-14.14.01:960][  0]LogPakFile: PakFile PathHashIndexSize=101
[2026.02.12-14.14.01:960][  0]LogPakFile: PakFile FullDirectoryIndexSize=146
[2026.02.12-14.14.01:960][  0]LogShaderLibrary: Display: ShaderCodeLibraryPakFileMountedCallback: PakFile 'D:/Epic Games/UE_4.27/FeaturePacks/TP_VehicleAdv.upack' (chunk index -1, root 'root:/') mounted
[2026.02.12-14.14.01:960][  0]LogShaderLibrary: Display: ShaderCodeLibraryPakFileMountedCallback: pending pak file info (ChunkID:-1 Root:root:/ File:D:/Epic Games/UE_4.27/FeaturePacks/TP_VehicleAdv.upack)
[2026.02.12-14.14.01:960][  0]LogPakFile: OnPakFileMounted2Time == 0.000017
[2026.02.12-14.14.01:960][  0]LogPakFile: PakFile PrimaryIndexSize=188
[2026.02.12-14.14.01:960][  0]LogPakFile: PakFile PathHashIndexSize=101
[2026.02.12-14.14.01:960][  0]LogPakFile: PakFile FullDirectoryIndexSize=150
[2026.02.12-14.14.01:960][  0]LogShaderLibrary: Display: ShaderCodeLibraryPakFileMountedCallback: PakFile 'D:/Epic Games/UE_4.27/FeaturePacks/TP_VehicleAdvBP.upack' (chunk index -1, root 'root:/') mounted
[2026.02.12-14.14.01:960][  0]LogShaderLibrary: Display: ShaderCodeLibraryPakFileMountedCallback: pending pak file info (ChunkID:-1 Root:root:/ File:D:/Epic Games/UE_4.27/FeaturePacks/TP_VehicleAdvBP.upack)
[2026.02.12-14.14.01:960][  0]LogPakFile: OnPakFileMounted2Time == 0.000017
[2026.02.12-14.14.01:960][  0]LogPakFile: PakFile PrimaryIndexSize=185
[2026.02.12-14.14.01:960][  0]LogPakFile: PakFile PathHashIndexSize=101
[2026.02.12-14.14.01:960][  0]LogPakFile: PakFile FullDirectoryIndexSize=144
[2026.02.12-14.14.01:960][  0]LogShaderLibrary: Display: ShaderCodeLibraryPakFileMountedCallback: PakFile 'D:/Epic Games/UE_4.27/FeaturePacks/TP_VehicleBP.upack' (chunk index -1, root 'root:/') mounted
[2026.02.12-14.14.01:960][  0]LogShaderLibrary: Display: ShaderCodeLibraryPakFileMountedCallback: pending pak file info (ChunkID:-1 Root:root:/ File:D:/Epic Games/UE_4.27/FeaturePacks/TP_VehicleBP.upack)
[2026.02.12-14.14.01:960][  0]LogPakFile: OnPakFileMounted2Time == 0.000021
[2026.02.12-14.14.01:962][  0]LogPakFile: PakFile PrimaryIndexSize=192
[2026.02.12-14.14.01:962][  0]LogPakFile: PakFile PathHashIndexSize=101
[2026.02.12-14.14.01:962][  0]LogPakFile: PakFile FullDirectoryIndexSize=158
[2026.02.12-14.14.01:962][  0]LogShaderLibrary: Display: ShaderCodeLibraryPakFileMountedCallback: PakFile 'D:/Epic Games/UE_4.27/FeaturePacks/TP_VirtualRealityBP.upack' (chunk index -1, root 'root:/') mounted
[2026.02.12-14.14.01:962][  0]LogShaderLibrary: Display: ShaderCodeLibraryPakFileMountedCallback: pending pak file info (ChunkID:-1 Root:root:/ File:D:/Epic Games/UE_4.27/FeaturePacks/TP_VirtualRealityBP.upack)
[2026.02.12-14.14.01:962][  0]LogPakFile: OnPakFileMounted2Time == 0.000016
[2026.02.12-14.14.01:975][  0]LogNativeClassHierarchy: Verbose: Native class hierarchy updated for 'AddContentDialog' in 0.0002 seconds. Added 0 classes and 0 folders.
[2026.02.12-14.14.02:006][  0]LogSlate: Took 0.000179 seconds to synchronously load lazily loaded font '../../../Engine/Content/Slate/Fonts/Roboto-Regular.ttf' (155K)
[2026.02.12-14.14.02:007][  0]LogSlate: Took 0.000099 seconds to synchronously load lazily loaded font '../../../Engine/Content/Editor/Slate/Fonts/FontAwesome.ttf' (139K)
[2026.02.12-14.14.02:007][  0]LogSlate: Took 0.000091 seconds to synchronously load lazily loaded font '../../../Engine/Content/Slate/Fonts/Roboto-Bold.ttf' (160K)
[2026.02.12-14.14.02:056][  0]LogRenderer: Reallocating scene render targets to support 1020x340 Format 10 NumSamples 1 (Frame:1).
[2026.02.12-14.14.02:108][  0]LogNativeClassHierarchy: Verbose: Native class hierarchy updated for 'HierarchicalLODOutliner' in 0.0002 seconds. Added 0 classes and 0 folders.
[2026.02.12-14.14.02:109][  0]LogLoad: (Engine Initialization) Total time: 5.84 seconds
[2026.02.12-14.14.02:109][  0]LogLoad: (Engine Initialization) Total Blueprint compile time: 0.00 seconds
[2026.02.12-14.14.02:152][  0]LogAssetRegistry: Asset discovery search completed in 3.5589 seconds
[2026.02.12-14.14.02:156][  0]LogCollectionManager: Fixed up redirectors for 0 collections in 0.000003 seconds (updated 0 objects)
[2026.02.12-14.14.02:156][  0]LogContentStreaming: Texture pool size now 1000 MB
[2026.02.12-14.14.02:177][  1]LogRenderer: Reallocating scene render targets to support 1020x356 Format 10 NumSamples 1 (Frame:3).
[2026.02.12-14.14.02:810][  2]LogSlate: Took 0.003699 seconds to synchronously load lazily loaded font '../../../Engine/Content/Slate/Fonts/Roboto-Light.ttf' (167K)
[2026.02.12-14.14.03:472][  4]LogSlate: Took 0.000319 seconds to synchronously load lazily loaded font '../../../Engine/Content/Slate/Fonts/Roboto-Light.ttf' (167K)
[2026.02.12-14.15.03:802][189]LogTemp: Repeating last play command: Selected Viewport
[2026.02.12-14.15.03:808][189]LogPlayLevel: PlayLevel: No blueprints needed recompiling
[2026.02.12-14.15.03:808][189]PIE: New page: PIE session: Main (12 lut 2026, 16:15:03)
[2026.02.12-14.15.03:810][189]LogOnline: OSS: Creating online subsystem instance for: NULL
[2026.02.12-14.15.03:811][189]LogOnline: OSS: TryLoadSubsystemAndSetDefault: Loaded subsystem for module [NULL]
[2026.02.12-14.15.03:811][189]LogPlayLevel: Creating play world package: /Game/Levels/UEDPIE_0_Main
[2026.02.12-14.15.03:814][189]LogPlayLevel: PIE: StaticDuplicateObject took: (0.003389s)
[2026.02.12-14.15.03:815][189]LogAIModule: Creating AISystem for world Main
[2026.02.12-14.15.03:815][189]LogPlayLevel: PIE: World Init took: (0.000920s)
[2026.02.12-14.15.03:815][189]LogPlayLevel: PIE: Created PIE world by copying editor world from /Game/Levels/Main.Main to /Game/Levels/UEDPIE_0_Main.Main (0.004410s)
[2026.02.12-14.15.03:828][189]LogUObjectHash: Compacting FUObjectHashTables data took   0.69ms
[2026.02.12-14.15.03:832][189]LogAudio: Display: Creating Audio Device:                 Id: 2, Scope: Unique, Realtime: True
[2026.02.12-14.15.03:832][189]LogAudioMixer: Display: Audio Mixer Platform Settings:
[2026.02.12-14.15.03:832][189]LogAudioMixer: Display: 	Sample Rate:						  48000
[2026.02.12-14.15.03:832][189]LogAudioMixer: Display: 	Callback Buffer Frame Size Requested: 1024
[2026.02.12-14.15.03:832][189]LogAudioMixer: Display: 	Callback Buffer Frame Size To Use:	  1024
[2026.02.12-14.15.03:832][189]LogAudioMixer: Display: 	Number of buffers to queue:			  2
[2026.02.12-14.15.03:832][189]LogAudioMixer: Display: 	Max Channels (voices):				  32
[2026.02.12-14.15.03:832][189]LogAudioMixer: Display: 	Number of Async Source Workers:		  0
[2026.02.12-14.15.03:832][189]LogAudio: Display: AudioDevice MaxSources: 32
[2026.02.12-14.15.03:832][189]LogAudio: Display: Audio Spatialization Plugin: None (built-in).
[2026.02.12-14.15.03:832][189]LogAudio: Display: Audio Reverb Plugin: None (built-in).
[2026.02.12-14.15.03:832][189]LogAudio: Display: Audio Occlusion Plugin: None (built-in).
[2026.02.12-14.15.03:832][189]LogAudioMixer: Display: Initializing audio mixer.
[2026.02.12-14.15.03:836][189]LogAudioMixer: Display: 0: FrontLeft
[2026.02.12-14.15.03:836][189]LogAudioMixer: Display: 1: FrontRight
[2026.02.12-14.15.03:844][189]LogAudioMixer: Display: Using Audio Device Speakers (USB Audio Device)
[2026.02.12-14.15.03:844][189]LogAudioMixer: Display: Initializing Sound Submixes...
[2026.02.12-14.15.03:844][189]LogAudioMixer: Display: Creating Master Submix 'MasterSubmixDefault'
[2026.02.12-14.15.03:844][189]LogAudioMixer: Display: Creating Master Submix 'MasterReverbSubmixDefault'
[2026.02.12-14.15.03:845][189]LogAudioMixer: Display: Creating Master Submix 'MasterEQSubmixDefault'
[2026.02.12-14.15.03:845][189]LogAudioMixer: FMixerPlatformXAudio2::StartAudioStream() called
[2026.02.12-14.15.03:845][189]LogAudioMixer: Display: Output buffers initialized: Frames=1024, Channels=2, Samples=2048
[2026.02.12-14.15.03:846][189]LogAudioMixer: Display: Starting AudioMixerPlatformInterface::RunInternal()
[2026.02.12-14.15.03:846][189]LogAudioMixer: Display: FMixerPlatformXAudio2::SubmitBuffer() called for the first time
[2026.02.12-14.15.03:846][189]LogInit: FAudioDevice initialized.
[2026.02.12-14.15.03:846][189]LogAudio: Display: Audio Device (ID: 2) registered with world 'Main'.
[2026.02.12-14.15.03:857][189]LogLoad: Game class is 'BP_GameMode_01_C'
[2026.02.12-14.15.03:858][189]LogWorld: Bringing World /Game/Levels/UEDPIE_0_Main.Main up for play (max tick rate 60) at 2026.02.12-15.15.03
[2026.02.12-14.15.03:859][189]LogWorld: Bringing up level for play took: 0.001093
[2026.02.12-14.15.03:859][189]LogOnline: OSS: Creating online subsystem instance for: :Context_3
[2026.02.12-14.15.03:861][189]LogNativeClassHierarchy: Verbose: Native class hierarchy updated for 'MovieSceneCapture' in 0.0003 seconds. Added 20 classes and 0 folders.
[2026.02.12-14.15.03:863][189]PIE: Server logged in
[2026.02.12-14.15.03:863][189]PIE: Play in editor total start time 0,056 seconds.
[2026.02.12-14.15.03:991][194]LogRenderer: Reallocating scene render targets to support 1020x364 Format 10 NumSamples 1 (Frame:3).
[2026.02.12-14.15.04:400][215]LogBlueprintUserMessages: Warning: SetTimer passed a bad function (Weapon Trace) or object (BP_PLAYER_C_0)
[2026.02.12-14.15.15:092][854]LogSlate: Updating window title bar state: overlay mode, drag disabled, window buttons hidden, title bar hidden
[2026.02.12-14.15.15:092][854]LogWorld: BeginTearingDown for /Game/Levels/UEDPIE_0_Main
[2026.02.12-14.15.15:092][854]LogWorld: UWorld::CleanupWorld for Main, bSessionEnded=true, bCleanupResources=true
[2026.02.12-14.15.15:092][854]LogSlate: InvalidateAllWidgets triggered.  All widgets were invalidated
[2026.02.12-14.15.15:105][854]LogPlayLevel: Display: Shutting down PIE online subsystems
[2026.02.12-14.15.15:107][854]LogSlate: InvalidateAllWidgets triggered.  All widgets were invalidated
[2026.02.12-14.15.15:115][854]LogAudio: Display: Audio Device unregistered from world 'None'.
[2026.02.12-14.15.15:115][854]LogAudioMixer: FMixerPlatformXAudio2::StopAudioStream() called
[2026.02.12-14.15.15:118][854]LogAudioMixer: FMixerPlatformXAudio2::StopAudioStream() called
[2026.02.12-14.15.15:121][854]LogSlate: Updating window title bar state: overlay mode, drag disabled, window buttons hidden, title bar hidden
[2026.02.12-14.15.15:124][854]LogUObjectHash: Compacting FUObjectHashTables data took   1.48ms
[2026.02.12-14.15.15:150][855]LogPlayLevel: Display: Destroying online subsystem :Context_3
[2026.02.12-14.15.20:326][161]LogAssetEditorSubsystem: Opening Asset editor for Blueprint /Game/BluePrintClass/BP_PLAYER.BP_PLAYER
[2026.02.12-14.15.20:636][161]LogNativeClassHierarchy: Verbose: Native class hierarchy updated for 'BlueprintGraph' in 0.0004 seconds. Added 126 classes and 0 folders.
[2026.02.12-14.15.21:226][161]LogSlate: Took 0.000149 seconds to synchronously load lazily loaded font '../../../Engine/Content/Slate/Fonts/Roboto-BoldCondensed.ttf' (158K)
[2026.02.12-14.15.21:281][162]LogSlate: Took 0.001292 seconds to synchronously load lazily loaded font '../../../Engine/Content/Slate/Fonts/Roboto-Italic.ttf' (157K)
[2026.02.12-14.15.40:722][313]BlueprintLog: New page: Compile BP_PLAYER
[2026.02.12-14.15.40:761][313]LogUObjectHash: Compacting FUObjectHashTables data took   1.49ms
[2026.02.12-14.15.40:806][313]LogSlate: Took 0.002474 seconds to synchronously load lazily loaded font '../../../Engine/Content/Slate/Fonts/DroidSansMono.ttf' (77K)
[2026.02.12-14.15.42:341][406]LogTemp: Repeating last play command: Selected Viewport
[2026.02.12-14.15.42:348][406]LogPlayLevel: PlayLevel: No blueprints needed recompiling
[2026.02.12-14.15.42:348][406]PIE: New page: PIE session: Main (12 lut 2026, 16:15:42)
[2026.02.12-14.15.42:348][406]LogPlayLevel: Creating play world package: /Game/Levels/UEDPIE_0_Main
[2026.02.12-14.15.42:351][406]LogPlayLevel: PIE: StaticDuplicateObject took: (0.003338s)
[2026.02.12-14.15.42:351][406]LogAIModule: Creating AISystem for world Main
[2026.02.12-14.15.42:352][406]LogPlayLevel: PIE: World Init took: (0.000782s)
[2026.02.12-14.15.42:352][406]LogPlayLevel: PIE: Created PIE world by copying editor world from /Game/Levels/Main.Main to /Game/Levels/UEDPIE_0_Main.Main (0.004227s)
[2026.02.12-14.15.42:367][406]LogUObjectHash: Compacting FUObjectHashTables data took   1.78ms
[2026.02.12-14.15.42:367][406]LogAudio: Display: Creating Audio Device:                 Id: 3, Scope: Unique, Realtime: True
[2026.02.12-14.15.42:367][406]LogAudioMixer: Display: Audio Mixer Platform Settings:
[2026.02.12-14.15.42:368][406]LogAudioMixer: Display: 	Sample Rate:						  48000
[2026.02.12-14.15.42:368][406]LogAudioMixer: Display: 	Callback Buffer Frame Size Requested: 1024
[2026.02.12-14.15.42:368][406]LogAudioMixer: Display: 	Callback Buffer Frame Size To Use:	  1024
[2026.02.12-14.15.42:368][406]LogAudioMixer: Display: 	Number of buffers to queue:			  2
[2026.02.12-14.15.42:368][406]LogAudioMixer: Display: 	Max Channels (voices):				  32
[2026.02.12-14.15.42:368][406]LogAudioMixer: Display: 	Number of Async Source Workers:		  0
[2026.02.12-14.15.42:368][406]LogAudio: Display: AudioDevice MaxSources: 32
[2026.02.12-14.15.42:368][406]LogAudio: Display: Audio Spatialization Plugin: None (built-in).
[2026.02.12-14.15.42:368][406]LogAudio: Display: Audio Reverb Plugin: None (built-in).
[2026.02.12-14.15.42:368][406]LogAudio: Display: Audio Occlusion Plugin: None (built-in).
[2026.02.12-14.15.42:368][406]LogAudioMixer: Display: Initializing audio mixer.
[2026.02.12-14.15.42:371][406]LogAudioMixer: Display: 0: FrontLeft
[2026.02.12-14.15.42:371][406]LogAudioMixer: Display: 1: FrontRight
[2026.02.12-14.15.42:379][406]LogAudioMixer: Display: Using Audio Device Speakers (USB Audio Device)
[2026.02.12-14.15.42:379][406]LogAudioMixer: Display: Initializing Sound Submixes...
[2026.02.12-14.15.42:379][406]LogAudioMixer: Display: Creating Master Submix 'MasterSubmixDefault'
[2026.02.12-14.15.42:379][406]LogAudioMixer: Display: Creating Master Submix 'MasterReverbSubmixDefault'
[2026.02.12-14.15.42:379][406]LogAudioMixer: Display: Creating Master Submix 'MasterEQSubmixDefault'
[2026.02.12-14.15.42:379][406]LogAudioMixer: FMixerPlatformXAudio2::StartAudioStream() called
[2026.02.12-14.15.42:379][406]LogAudioMixer: Display: Output buffers initialized: Frames=1024, Channels=2, Samples=2048
[2026.02.12-14.15.42:381][406]LogAudioMixer: Display: Starting AudioMixerPlatformInterface::RunInternal()
[2026.02.12-14.15.42:381][406]LogAudioMixer: Display: FMixerPlatformXAudio2::SubmitBuffer() called for the first time
[2026.02.12-14.15.42:381][406]LogInit: FAudioDevice initialized.
[2026.02.12-14.15.42:381][406]LogAudio: Display: Audio Device (ID: 3) registered with world 'Main'.
[2026.02.12-14.15.42:387][406]LogLoad: Game class is 'BP_GameMode_01_C'
[2026.02.12-14.15.42:388][406]LogWorld: Bringing World /Game/Levels/UEDPIE_0_Main.Main up for play (max tick rate 60) at 2026.02.12-15.15.42
[2026.02.12-14.15.42:390][406]LogWorld: Bringing up level for play took: 0.001103
[2026.02.12-14.15.42:390][406]LogOnline: OSS: Creating online subsystem instance for: :Context_5
[2026.02.12-14.15.42:393][406]PIE: Server logged in
[2026.02.12-14.15.42:394][406]PIE: Play in editor total start time 0,047 seconds.
[2026.02.12-14.15.42:623][420]LogBlueprintUserMessages: Warning: SetTimer passed a bad function (Weapon Trace) or object (BP_PLAYER_C_0)
[2026.02.12-14.15.43:508][473]LogBlueprintUserMessages: Warning: SetTimer passed a bad function (Weapon Trace) or object (BP_PLAYER_C_0)
[2026.02.12-14.15.45:458][590]LogBlueprintUserMessages: Warning: SetTimer passed a bad function (Weapon Trace) or object (BP_PLAYER_C_0)
[2026.02.12-14.15.46:292][640]LogBlueprintUserMessages: Warning: SetTimer passed a bad function (Weapon Trace) or object (BP_PLAYER_C_0)
[2026.02.12-14.15.47:057][686]LogBlueprintUserMessages: Warning: SetTimer passed a bad function (Weapon Trace) or object (BP_PLAYER_C_0)
[2026.02.12-14.15.51:902][975]LogSlate: Updating window title bar state: overlay mode, drag disabled, window buttons hidden, title bar hidden
[2026.02.12-14.15.51:902][975]LogWorld: BeginTearingDown for /Game/Levels/UEDPIE_0_Main
[2026.02.12-14.15.51:902][975]LogWorld: UWorld::CleanupWorld for Main, bSessionEnded=true, bCleanupResources=true
[2026.02.12-14.15.51:903][975]LogSlate: InvalidateAllWidgets triggered.  All widgets were invalidated
[2026.02.12-14.15.51:916][975]LogPlayLevel: Display: Shutting down PIE online subsystems
[2026.02.12-14.15.51:918][975]LogSlate: InvalidateAllWidgets triggered.  All widgets were invalidated
[2026.02.12-14.15.51:937][975]LogAudio: Display: Audio Device unregistered from world 'None'.
[2026.02.12-14.15.51:937][975]LogAudioMixer: FMixerPlatformXAudio2::StopAudioStream() called
[2026.02.12-14.15.51:938][975]LogAudioMixer: FMixerPlatformXAudio2::StopAudioStream() called
[2026.02.12-14.15.51:941][975]LogSlate: Updating window title bar state: overlay mode, drag disabled, window buttons hidden, title bar hidden
[2026.02.12-14.15.51:944][975]LogUObjectHash: Compacting FUObjectHashTables data took   2.36ms
[2026.02.12-14.15.51:976][977]LogPlayLevel: Display: Destroying online subsystem :Context_5
[2026.02.12-14.15.52:869][ 31]LogRenderer: Reallocating scene render targets to support 1636x572 Format 10 NumSamples 1 (Frame:454).
[2026.02.12-14.16.24:160][888]BlueprintLog: New page: Compile BP_PLAYER
[2026.02.12-14.16.24:198][888]LogUObjectHash: Compacting FUObjectHashTables data took   1.35ms
[2026.02.12-14.16.25:709][976]LogTemp: Repeating last play command: Selected Viewport
[2026.02.12-14.16.25:715][976]LogPlayLevel: PlayLevel: No blueprints needed recompiling
[2026.02.12-14.16.25:715][976]PIE: New page: PIE session: Main (12 lut 2026, 16:16:25)
[2026.02.12-14.16.25:715][976]LogPlayLevel: Creating play world package: /Game/Levels/UEDPIE_0_Main
[2026.02.12-14.16.25:718][976]LogPlayLevel: PIE: StaticDuplicateObject took: (0.003322s)
[2026.02.12-14.16.25:720][976]LogAIModule: Creating AISystem for world Main
[2026.02.12-14.16.25:720][976]LogPlayLevel: PIE: World Init took: (0.000893s)
[2026.02.12-14.16.25:720][976]LogPlayLevel: PIE: Created PIE world by copying editor world from /Game/Levels/Main.Main to /Game/Levels/UEDPIE_0_Main.Main (0.004334s)
[2026.02.12-14.16.25:742][976]LogUObjectHash: Compacting FUObjectHashTables data took   2.05ms
[2026.02.12-14.16.25:743][976]LogAudio: Display: Creating Audio Device:                 Id: 4, Scope: Unique, Realtime: True
[2026.02.12-14.16.25:743][976]LogAudioMixer: Display: Audio Mixer Platform Settings:
[2026.02.12-14.16.25:743][976]LogAudioMixer: Display: 	Sample Rate:						  48000
[2026.02.12-14.16.25:743][976]LogAudioMixer: Display: 	Callback Buffer Frame Size Requested: 1024
[2026.02.12-14.16.25:743][976]LogAudioMixer: Display: 	Callback Buffer Frame Size To Use:	  1024
[2026.02.12-14.16.25:743][976]LogAudioMixer: Display: 	Number of buffers to queue:			  2
[2026.02.12-14.16.25:743][976]LogAudioMixer: Display: 	Max Channels (voices):				  32
[2026.02.12-14.16.25:743][976]LogAudioMixer: Display: 	Number of Async Source Workers:		  0
[2026.02.12-14.16.25:743][976]LogAudio: Display: AudioDevice MaxSources: 32
[2026.02.12-14.16.25:744][976]LogAudio: Display: Audio Spatialization Plugin: None (built-in).
[2026.02.12-14.16.25:744][976]LogAudio: Display: Audio Reverb Plugin: None (built-in).
[2026.02.12-14.16.25:744][976]LogAudio: Display: Audio Occlusion Plugin: None (built-in).
[2026.02.12-14.16.25:744][976]LogAudioMixer: Display: Initializing audio mixer.
[2026.02.12-14.16.25:748][976]LogAudioMixer: Display: 0: FrontLeft
[2026.02.12-14.16.25:748][976]LogAudioMixer: Display: 1: FrontRight
[2026.02.12-14.16.25:758][976]LogAudioMixer: Display: Using Audio Device Speakers (USB Audio Device)
[2026.02.12-14.16.25:758][976]LogAudioMixer: Display: Initializing Sound Submixes...
[2026.02.12-14.16.25:758][976]LogAudioMixer: Display: Creating Master Submix 'MasterSubmixDefault'
[2026.02.12-14.16.25:758][976]LogAudioMixer: Display: Creating Master Submix 'MasterReverbSubmixDefault'
[2026.02.12-14.16.25:758][976]LogAudioMixer: Display: Creating Master Submix 'MasterEQSubmixDefault'
[2026.02.12-14.16.25:758][976]LogAudioMixer: FMixerPlatformXAudio2::StartAudioStream() called
[2026.02.12-14.16.25:758][976]LogAudioMixer: Display: Output buffers initialized: Frames=1024, Channels=2, Samples=2048
[2026.02.12-14.16.25:760][976]LogAudioMixer: Display: Starting AudioMixerPlatformInterface::RunInternal()
[2026.02.12-14.16.25:760][976]LogAudioMixer: Display: FMixerPlatformXAudio2::SubmitBuffer() called for the first time
[2026.02.12-14.16.25:760][976]LogInit: FAudioDevice initialized.
[2026.02.12-14.16.25:760][976]LogAudio: Display: Audio Device (ID: 4) registered with world 'Main'.
[2026.02.12-14.16.25:769][976]LogLoad: Game class is 'BP_GameMode_01_C'
[2026.02.12-14.16.25:772][976]LogWorld: Bringing World /Game/Levels/UEDPIE_0_Main.Main up for play (max tick rate 60) at 2026.02.12-15.16.25
[2026.02.12-14.16.25:772][976]LogWorld: Bringing up level for play took: 0.000966
[2026.02.12-14.16.25:772][976]LogOnline: OSS: Creating online subsystem instance for: :Context_6
[2026.02.12-14.16.25:776][976]PIE: Server logged in
[2026.02.12-14.16.25:776][976]PIE: Play in editor total start time 0,062 seconds.
[2026.02.12-14.16.25:981][988]LogBlueprintUserMessages: Warning: SetTimer passed a bad function (Weapon Trace) or object (BP_PLAYER_C_0)
[2026.02.12-14.16.26:631][ 27]LogBlueprintUserMessages: Warning: SetTimer passed a bad function (Weapon Trace) or object (BP_PLAYER_C_0)
[2026.02.12-14.16.27:480][ 78]LogBlueprintUserMessages: Warning: SetTimer passed a bad function (Weapon Trace) or object (BP_PLAYER_C_0)
[2026.02.12-14.16.28:530][141]LogBlueprintUserMessages: Warning: SetTimer passed a bad function (Weapon Trace) or object (BP_PLAYER_C_0)
[2026.02.12-14.16.29:647][208]LogBlueprintUserMessages: Warning: SetTimer passed a bad function (Weapon Trace) or object (BP_PLAYER_C_0)
[2026.02.12-14.16.30:531][261]LogBlueprintUserMessages: Warning: SetTimer passed a bad function (Weapon Trace) or object (BP_PLAYER_C_0)
[2026.02.12-14.16.33:280][426]LogBlueprintUserMessages: Warning: SetTimer passed a bad function (Weapon Trace) or object (BP_PLAYER_C_0)
[2026.02.12-14.16.33:814][458]LogBlueprintUserMessages: Warning: SetTimer passed a bad function (Weapon Trace) or object (BP_PLAYER_C_0)
[2026.02.12-14.16.35:514][560]LogBlueprintUserMessages: Warning: SetTimer passed a bad function (Weapon Trace) or object (BP_PLAYER_C_0)
[2026.02.12-14.16.40:202][840]LogSlate: Updating window title bar state: overlay mode, drag disabled, window buttons hidden, title bar hidden
[2026.02.12-14.16.40:202][840]LogWorld: BeginTearingDown for /Game/Levels/UEDPIE_0_Main
[2026.02.12-14.16.40:202][840]LogWorld: UWorld::CleanupWorld for Main, bSessionEnded=true, bCleanupResources=true
[2026.02.12-14.16.40:203][840]LogSlate: InvalidateAllWidgets triggered.  All widgets were invalidated
[2026.02.12-14.16.40:212][840]LogPlayLevel: Display: Shutting down PIE online subsystems
[2026.02.12-14.16.40:214][840]LogSlate: InvalidateAllWidgets triggered.  All widgets were invalidated
[2026.02.12-14.16.40:232][840]LogAudio: Display: Audio Device unregistered from world 'None'.
[2026.02.12-14.16.40:232][840]LogAudioMixer: FMixerPlatformXAudio2::StopAudioStream() called
[2026.02.12-14.16.40:234][840]LogAudioMixer: FMixerPlatformXAudio2::StopAudioStream() called
[2026.02.12-14.16.40:236][840]LogSlate: Updating window title bar state: overlay mode, drag disabled, window buttons hidden, title bar hidden
[2026.02.12-14.16.40:239][840]LogUObjectHash: Compacting FUObjectHashTables data took   2.19ms
[2026.02.12-14.16.40:284][842]LogPlayLevel: Display: Destroying online subsystem :Context_6
[2026.02.12-14.16.41:251][900]LogTemp: Repeating last play command: Selected Viewport
[2026.02.12-14.16.41:257][900]LogPlayLevel: PlayLevel: No blueprints needed recompiling
[2026.02.12-14.16.41:257][900]PIE: New page: PIE session: Main (12 lut 2026, 16:16:41)
[2026.02.12-14.16.41:257][900]LogPlayLevel: Creating play world package: /Game/Levels/UEDPIE_0_Main
[2026.02.12-14.16.41:260][900]LogPlayLevel: PIE: StaticDuplicateObject took: (0.002519s)
[2026.02.12-14.16.41:260][900]LogAIModule: Creating AISystem for world Main
[2026.02.12-14.16.41:260][900]LogPlayLevel: PIE: World Init took: (0.000713s)
[2026.02.12-14.16.41:260][900]LogPlayLevel: PIE: Created PIE world by copying editor world from /Game/Levels/Main.Main to /Game/Levels/UEDPIE_0_Main.Main (0.003317s)
[2026.02.12-14.16.41:274][900]LogUObjectHash: Compacting FUObjectHashTables data took   1.00ms
[2026.02.12-14.16.41:274][900]LogAudio: Display: Creating Audio Device:                 Id: 5, Scope: Unique, Realtime: True
[2026.02.12-14.16.41:275][900]LogAudioMixer: Display: Audio Mixer Platform Settings:
[2026.02.12-14.16.41:275][900]LogAudioMixer: Display: 	Sample Rate:						  48000
[2026.02.12-14.16.41:275][900]LogAudioMixer: Display: 	Callback Buffer Frame Size Requested: 1024
[2026.02.12-14.16.41:275][900]LogAudioMixer: Display: 	Callback Buffer Frame Size To Use:	  1024
[2026.02.12-14.16.41:275][900]LogAudioMixer: Display: 	Number of buffers to queue:			  2
[2026.02.12-14.16.41:275][900]LogAudioMixer: Display: 	Max Channels (voices):				  32
[2026.02.12-14.16.41:275][900]LogAudioMixer: Display: 	Number of Async Source Workers:		  0
[2026.02.12-14.16.41:275][900]LogAudio: Display: AudioDevice MaxSources: 32
[2026.02.12-14.16.41:275][900]LogAudio: Display: Audio Spatialization Plugin: None (built-in).
[2026.02.12-14.16.41:275][900]LogAudio: Display: Audio Reverb Plugin: None (built-in).
[2026.02.12-14.16.41:275][900]LogAudio: Display: Audio Occlusion Plugin: None (built-in).
[2026.02.12-14.16.41:275][900]LogAudioMixer: Display: Initializing audio mixer.
[2026.02.12-14.16.41:277][900]LogAudioMixer: Display: 0: FrontLeft
[2026.02.12-14.16.41:277][900]LogAudioMixer: Display: 1: FrontRight
[2026.02.12-14.16.41:285][900]LogAudioMixer: Display: Using Audio Device Speakers (USB Audio Device)
[2026.02.12-14.16.41:286][900]LogAudioMixer: Display: Initializing Sound Submixes...
[2026.02.12-14.16.41:286][900]LogAudioMixer: Display: Creating Master Submix 'MasterSubmixDefault'
[2026.02.12-14.16.41:286][900]LogAudioMixer: Display: Creating Master Submix 'MasterReverbSubmixDefault'
[2026.02.12-14.16.41:286][900]LogAudioMixer: Display: Creating Master Submix 'MasterEQSubmixDefault'
[2026.02.12-14.16.41:286][900]LogAudioMixer: FMixerPlatformXAudio2::StartAudioStream() called
[2026.02.12-14.16.41:286][900]LogAudioMixer: Display: Output buffers initialized: Frames=1024, Channels=2, Samples=2048
[2026.02.12-14.16.41:287][900]LogAudioMixer: Display: Starting AudioMixerPlatformInterface::RunInternal()
[2026.02.12-14.16.41:287][900]LogAudioMixer: Display: FMixerPlatformXAudio2::SubmitBuffer() called for the first time
[2026.02.12-14.16.41:287][900]LogInit: FAudioDevice initialized.
[2026.02.12-14.16.41:287][900]LogAudio: Display: Audio Device (ID: 5) registered with world 'Main'.
[2026.02.12-14.16.41:295][900]LogLoad: Game class is 'BP_GameMode_01_C'
[2026.02.12-14.16.41:296][900]LogWorld: Bringing World /Game/Levels/UEDPIE_0_Main.Main up for play (max tick rate 60) at 2026.02.12-15.16.41
[2026.02.12-14.16.41:296][900]LogWorld: Bringing up level for play took: 0.000941
[2026.02.12-14.16.41:296][900]LogOnline: OSS: Creating online subsystem instance for: :Context_7
[2026.02.12-14.16.41:298][900]PIE: Server logged in
[2026.02.12-14.16.41:299][900]PIE: Play in editor total start time 0,043 seconds.
[2026.02.12-14.16.41:559][916]LogBlueprintUserMessages: Warning: SetTimer passed a bad function (Weapon Trace) or object (BP_PLAYER_C_0)
[2026.02.12-14.16.42:359][964]LogBlueprintUserMessages: Warning: SetTimer passed a bad function (Weapon Trace) or object (BP_PLAYER_C_0)
[2026.02.12-14.16.43:242][ 17]LogBlueprintUserMessages: Warning: SetTimer passed a bad function (Weapon Trace) or object (BP_PLAYER_C_0)
[2026.02.12-14.16.44:226][ 76]LogBlueprintUserMessages: Warning: SetTimer passed a bad function (Weapon Trace) or object (BP_PLAYER_C_0)
[2026.02.12-14.16.45:210][135]LogBlueprintUserMessages: Warning: SetTimer passed a bad function (Weapon Trace) or object (BP_PLAYER_C_0)
[2026.02.12-14.16.46:126][190]LogBlueprintUserMessages: Warning: SetTimer passed a bad function (Weapon Trace) or object (BP_PLAYER_C_0)
[2026.02.12-14.16.47:161][252]LogBlueprintUserMessages: Warning: SetTimer passed a bad function (Weapon Trace) or object (BP_PLAYER_C_0)
[2026.02.12-14.16.48:075][307]LogBlueprintUserMessages: Warning: SetTimer passed a bad function (Weapon Trace) or object (BP_PLAYER_C_0)
[2026.02.12-14.16.49:310][381]LogBlueprintUserMessages: Warning: SetTimer passed a bad function (Weapon Trace) or object (BP_PLAYER_C_0)
[2026.02.12-14.16.49:977][421]LogBlueprintUserMessages: Warning: SetTimer passed a bad function (Weapon Trace) or object (BP_PLAYER_C_0)
[2026.02.12-14.16.50:793][470]LogBlueprintUserMessages: Warning: SetTimer passed a bad function (Weapon Trace) or object (BP_PLAYER_C_0)
[2026.02.12-14.16.51:861][534]LogBlueprintUserMessages: Warning: SetTimer passed a bad function (Weapon Trace) or object (BP_PLAYER_C_0)
[2026.02.12-14.16.52:629][580]LogBlueprintUserMessages: Warning: SetTimer passed a bad function (Weapon Trace) or object (BP_PLAYER_C_0)
[2026.02.12-14.16.53:444][629]LogBlueprintUserMessages: Warning: SetTimer passed a bad function (Weapon Trace) or object (BP_PLAYER_C_0)
[2026.02.12-14.16.54:311][681]LogBlueprintUserMessages: Warning: SetTimer passed a bad function (Weapon Trace) or object (BP_PLAYER_C_0)
[2026.02.12-14.16.55:177][733]LogBlueprintUserMessages: Warning: SetTimer passed a bad function (Weapon Trace) or object (BP_PLAYER_C_0)
[2026.02.12-14.16.56:127][790]LogBlueprintUserMessages: Warning: SetTimer passed a bad function (Weapon Trace) or object (BP_PLAYER_C_0)
[2026.02.12-14.16.58:503][931]LogSlate: Updating window title bar state: overlay mode, drag disabled, window buttons hidden, title bar hidden
[2026.02.12-14.16.58:503][931]LogWorld: BeginTearingDown for /Game/Levels/UEDPIE_0_Main
[2026.02.12-14.16.58:503][931]LogWorld: UWorld::CleanupWorld for Main, bSessionEnded=true, bCleanupResources=true
[2026.02.12-14.16.58:504][931]LogSlate: InvalidateAllWidgets triggered.  All widgets were invalidated
[2026.02.12-14.16.58:521][931]LogPlayLevel: Display: Shutting down PIE online subsystems
[2026.02.12-14.16.58:524][931]LogSlate: InvalidateAllWidgets triggered.  All widgets were invalidated
[2026.02.12-14.16.58:545][931]LogSlate: Updating window title bar state: overlay mode, drag disabled, window buttons hidden, title bar hidden
[2026.02.12-14.16.58:545][931]LogAudioMixer: FMixerPlatformXAudio2::StopAudioStream() called
[2026.02.12-14.16.58:546][931]LogAudioMixer: FMixerPlatformXAudio2::StopAudioStream() called
[2026.02.12-14.16.58:550][931]LogUObjectHash: Compacting FUObjectHashTables data took   1.25ms
[2026.02.12-14.16.58:580][933]LogPlayLevel: Display: Destroying online subsystem :Context_7
[2026.02.12-14.17.42:988][589]BlueprintLog: New page: Compile BP_PLAYER
[2026.02.12-14.17.43:025][589]LogUObjectHash: Compacting FUObjectHashTables data took   1.18ms
[2026.02.12-14.17.44:326][665]LogTemp: Repeating last play command: Selected Viewport
[2026.02.12-14.17.44:333][665]LogPlayLevel: PlayLevel: No blueprints needed recompiling
[2026.02.12-14.17.44:333][665]PIE: New page: PIE session: Main (12 lut 2026, 16:17:44)
[2026.02.12-14.17.44:333][665]LogPlayLevel: Creating play world package: /Game/Levels/UEDPIE_0_Main
[2026.02.12-14.17.44:336][665]LogPlayLevel: PIE: StaticDuplicateObject took: (0.003532s)
[2026.02.12-14.17.44:337][665]LogAIModule: Creating AISystem for world Main
[2026.02.12-14.17.44:337][665]LogPlayLevel: PIE: World Init took: (0.001072s)
[2026.02.12-14.17.44:337][665]LogPlayLevel: PIE: Created PIE world by copying editor world from /Game/Levels/Main.Main to /Game/Levels/UEDPIE_0_Main.Main (0.004722s)
[2026.02.12-14.17.44:357][665]LogUObjectHash: Compacting FUObjectHashTables data took   1.84ms
[2026.02.12-14.17.44:358][665]LogAudio: Display: Creating Audio Device:                 Id: 6, Scope: Unique, Realtime: True
[2026.02.12-14.17.44:358][665]LogAudioMixer: Display: Audio Mixer Platform Settings:
[2026.02.12-14.17.44:358][665]LogAudioMixer: Display: 	Sample Rate:						  48000
[2026.02.12-14.17.44:358][665]LogAudioMixer: Display: 	Callback Buffer Frame Size Requested: 1024
[2026.02.12-14.17.44:358][665]LogAudioMixer: Display: 	Callback Buffer Frame Size To Use:	  1024
[2026.02.12-14.17.44:358][665]LogAudioMixer: Display: 	Number of buffers to queue:			  2
[2026.02.12-14.17.44:358][665]LogAudioMixer: Display: 	Max Channels (voices):				  32
[2026.02.12-14.17.44:358][665]LogAudioMixer: Display: 	Number of Async Source Workers:		  0
[2026.02.12-14.17.44:358][665]LogAudio: Display: AudioDevice MaxSources: 32
[2026.02.12-14.17.44:358][665]LogAudio: Display: Audio Spatialization Plugin: None (built-in).
[2026.02.12-14.17.44:358][665]LogAudio: Display: Audio Reverb Plugin: None (built-in).
[2026.02.12-14.17.44:358][665]LogAudio: Display: Audio Occlusion Plugin: None (built-in).
[2026.02.12-14.17.44:358][665]LogAudioMixer: Display: Initializing audio mixer.
[2026.02.12-14.17.44:361][665]LogAudioMixer: Display: 0: FrontLeft
[2026.02.12-14.17.44:361][665]LogAudioMixer: Display: 1: FrontRight
[2026.02.12-14.17.44:369][665]LogAudioMixer: Display: Using Audio Device Speakers (USB Audio Device)
[2026.02.12-14.17.44:369][665]LogAudioMixer: Display: Initializing Sound Submixes...
[2026.02.12-14.17.44:369][665]LogAudioMixer: Display: Creating Master Submix 'MasterSubmixDefault'
[2026.02.12-14.17.44:369][665]LogAudioMixer: Display: Creating Master Submix 'MasterReverbSubmixDefault'
[2026.02.12-14.17.44:369][665]LogAudioMixer: Display: Creating Master Submix 'MasterEQSubmixDefault'
[2026.02.12-14.17.44:369][665]LogAudioMixer: FMixerPlatformXAudio2::StartAudioStream() called
[2026.02.12-14.17.44:369][665]LogAudioMixer: Display: Output buffers initialized: Frames=1024, Channels=2, Samples=2048
[2026.02.12-14.17.44:370][665]LogAudioMixer: Display: Starting AudioMixerPlatformInterface::RunInternal()
[2026.02.12-14.17.44:370][665]LogAudioMixer: Display: FMixerPlatformXAudio2::SubmitBuffer() called for the first time
[2026.02.12-14.17.44:370][665]LogInit: FAudioDevice initialized.
[2026.02.12-14.17.44:370][665]LogAudio: Display: Audio Device (ID: 6) registered with world 'Main'.
[2026.02.12-14.17.44:380][665]LogLoad: Game class is 'BP_GameMode_01_C'
[2026.02.12-14.17.44:381][665]LogWorld: Bringing World /Game/Levels/UEDPIE_0_Main.Main up for play (max tick rate 60) at 2026.02.12-15.17.44
[2026.02.12-14.17.44:382][665]LogWorld: Bringing up level for play took: 0.001040
[2026.02.12-14.17.44:382][665]LogOnline: OSS: Creating online subsystem instance for: :Context_8
[2026.02.12-14.17.44:384][665]PIE: Server logged in
[2026.02.12-14.17.44:385][665]PIE: Play in editor total start time 0,054 seconds.
[2026.02.12-14.17.44:701][684]LogBlueprintUserMessages: Warning: SetTimer passed a bad function (Weapon Trace) or object (BP_PLAYER_C_0)
[2026.02.12-14.17.45:363][724]LogBlueprintUserMessages: Warning: SetTimer passed a bad function (Weapon Trace) or object (BP_PLAYER_C_0)
[2026.02.12-14.17.47:148][831]LogBlueprintUserMessages: Warning: SetTimer passed a bad function (Weapon Trace) or object (BP_PLAYER_C_0)
[2026.02.12-14.17.47:730][866]LogBlueprintUserMessages: Warning: SetTimer passed a bad function (Weapon Trace) or object (BP_PLAYER_C_0)
[2026.02.12-14.17.48:947][939]LogBlueprintUserMessages: Warning: SetTimer passed a bad function (Weapon Trace) or object (BP_PLAYER_C_0)
[2026.02.12-14.17.49:581][977]LogBlueprintUserMessages: Warning: SetTimer passed a bad function (Weapon Trace) or object (BP_PLAYER_C_0)
[2026.02.12-14.17.50:114][  9]LogBlueprintUserMessages: Warning: SetTimer passed a bad function (Weapon Trace) or object (BP_PLAYER_C_0)
[2026.02.12-14.17.51:346][ 83]LogBlueprintUserMessages: Warning: SetTimer passed a bad function (Weapon Trace) or object (BP_PLAYER_C_0)
[2026.02.12-14.17.52:248][137]LogBlueprintUserMessages: Warning: SetTimer passed a bad function (Weapon Trace) or object (BP_PLAYER_C_0)
[2026.02.12-14.17.52:798][170]LogBlueprintUserMessages: Warning: SetTimer passed a bad function (Weapon Trace) or object (BP_PLAYER_C_0)
[2026.02.12-14.17.54:411][266]LogBlueprintUserMessages: Warning: SetTimer passed a bad function (Weapon Trace) or object (BP_PLAYER_C_0)
[2026.02.12-14.17.59:446][568]LogBlueprintUserMessages: Warning: SetTimer passed a bad function (Weapon Trace) or object (BP_PLAYER_C_0)
[2026.02.12-14.18.04:751][884]LogSlate: Updating window title bar state: overlay mode, drag disabled, window buttons hidden, title bar hidden
[2026.02.12-14.18.04:751][884]LogWorld: BeginTearingDown for /Game/Levels/UEDPIE_0_Main
[2026.02.12-14.18.04:751][884]LogWorld: UWorld::CleanupWorld for Main, bSessionEnded=true, bCleanupResources=true
[2026.02.12-14.18.04:751][884]LogSlate: InvalidateAllWidgets triggered.  All widgets were invalidated
[2026.02.12-14.18.04:762][884]LogPlayLevel: Display: Shutting down PIE online subsystems
[2026.02.12-14.18.04:764][884]LogSlate: InvalidateAllWidgets triggered.  All widgets were invalidated
[2026.02.12-14.18.04:779][884]LogAudio: Display: Audio Device unregistered from world 'None'.
[2026.02.12-14.18.04:779][884]LogAudioMixer: FMixerPlatformXAudio2::StopAudioStream() called
[2026.02.12-14.18.04:781][884]LogAudioMixer: FMixerPlatformXAudio2::StopAudioStream() called
[2026.02.12-14.18.04:782][884]LogSlate: Updating window title bar state: overlay mode, drag disabled, window buttons hidden, title bar hidden
[2026.02.12-14.18.04:785][884]LogUObjectHash: Compacting FUObjectHashTables data took   0.99ms
[2026.02.12-14.18.04:816][886]LogPlayLevel: Display: Destroying online subsystem :Context_8
[2026.02.12-14.19.41:419][667]BlueprintLog: New page: Compile BP_PLAYER
[2026.02.12-14.19.41:458][667]LogUObjectHash: Compacting FUObjectHashTables data took   2.06ms
[2026.02.12-14.19.42:871][750]LogTemp: Repeating last play command: Selected Viewport
[2026.02.12-14.19.42:878][750]LogPlayLevel: PlayLevel: No blueprints needed recompiling
[2026.02.12-14.19.42:878][750]PIE: New page: PIE session: Main (12 lut 2026, 16:19:42)
[2026.02.12-14.19.42:901][750]LogPlayLevel: Creating play world package: /Game/Levels/UEDPIE_0_Main
[2026.02.12-14.19.42:905][750]LogPlayLevel: PIE: StaticDuplicateObject took: (0.003958s)
[2026.02.12-14.19.42:906][750]LogAIModule: Creating AISystem for world Main
[2026.02.12-14.19.42:906][750]LogPlayLevel: PIE: World Init took: (0.001246s)
[2026.02.12-14.19.42:906][750]LogPlayLevel: PIE: Created PIE world by copying editor world from /Game/Levels/Main.Main to /Game/Levels/UEDPIE_0_Main.Main (0.005403s)
[2026.02.12-14.19.42:927][750]LogUObjectHash: Compacting FUObjectHashTables data took   2.73ms
[2026.02.12-14.19.42:928][750]LogAudio: Display: Creating Audio Device:                 Id: 7, Scope: Unique, Realtime: True
[2026.02.12-14.19.42:928][750]LogAudioMixer: Display: Audio Mixer Platform Settings:
[2026.02.12-14.19.42:928][750]LogAudioMixer: Display: 	Sample Rate:						  48000
[2026.02.12-14.19.42:928][750]LogAudioMixer: Display: 	Callback Buffer Frame Size Requested: 1024
[2026.02.12-14.19.42:928][750]LogAudioMixer: Display: 	Callback Buffer Frame Size To Use:	  1024
[2026.02.12-14.19.42:928][750]LogAudioMixer: Display: 	Number of buffers to queue:			  2
[2026.02.12-14.19.42:928][750]LogAudioMixer: Display: 	Max Channels (voices):				  32
[2026.02.12-14.19.42:928][750]LogAudioMixer: Display: 	Number of Async Source Workers:		  0
[2026.02.12-14.19.42:928][750]LogAudio: Display: AudioDevice MaxSources: 32
[2026.02.12-14.19.42:928][750]LogAudio: Display: Audio Spatialization Plugin: None (built-in).
[2026.02.12-14.19.42:928][750]LogAudio: Display: Audio Reverb Plugin: None (built-in).
[2026.02.12-14.19.42:928][750]LogAudio: Display: Audio Occlusion Plugin: None (built-in).
[2026.02.12-14.19.42:928][750]LogAudioMixer: Display: Initializing audio mixer.
[2026.02.12-14.19.42:934][750]LogAudioMixer: Display: 0: FrontLeft
[2026.02.12-14.19.42:934][750]LogAudioMixer: Display: 1: FrontRight
[2026.02.12-14.19.42:944][750]LogAudioMixer: Display: Using Audio Device Speakers (USB Audio Device)
[2026.02.12-14.19.42:945][750]LogAudioMixer: Display: Initializing Sound Submixes...
[2026.02.12-14.19.42:945][750]LogAudioMixer: Display: Creating Master Submix 'MasterSubmixDefault'
[2026.02.12-14.19.42:945][750]LogAudioMixer: Display: Creating Master Submix 'MasterReverbSubmixDefault'
[2026.02.12-14.19.42:945][750]LogAudioMixer: Display: Creating Master Submix 'MasterEQSubmixDefault'
[2026.02.12-14.19.42:945][750]LogAudioMixer: FMixerPlatformXAudio2::StartAudioStream() called
[2026.02.12-14.19.42:945][750]LogAudioMixer: Display: Output buffers initialized: Frames=1024, Channels=2, Samples=2048
[2026.02.12-14.19.42:947][750]LogAudioMixer: Display: Starting AudioMixerPlatformInterface::RunInternal()
[2026.02.12-14.19.42:947][750]LogAudioMixer: Display: FMixerPlatformXAudio2::SubmitBuffer() called for the first time
[2026.02.12-14.19.42:947][750]LogInit: FAudioDevice initialized.
[2026.02.12-14.19.42:947][750]LogAudio: Display: Audio Device (ID: 7) registered with world 'Main'.
[2026.02.12-14.19.42:961][750]LogLoad: Game class is 'BP_GameMode_01_C'
[2026.02.12-14.19.42:964][750]LogWorld: Bringing World /Game/Levels/UEDPIE_0_Main.Main up for play (max tick rate 60) at 2026.02.12-15.19.42
[2026.02.12-14.19.42:964][750]LogWorld: Bringing up level for play took: 0.001548
[2026.02.12-14.19.42:965][750]LogOnline: OSS: Creating online subsystem instance for: :Context_9
[2026.02.12-14.19.42:970][750]PIE: Server logged in
[2026.02.12-14.19.42:970][750]PIE: Play in editor total start time 0,094 seconds.
[2026.02.12-14.19.43:256][767]LogBlueprintUserMessages: Warning: SetTimer passed a bad function (Weapon Trace) or object (BP_PLAYER_C_0)
[2026.02.12-14.19.43:768][798]LogBlueprintUserMessages: Warning: SetTimer passed a bad function (Weapon Trace) or object (BP_PLAYER_C_0)
[2026.02.12-14.19.44:237][826]LogBlueprintUserMessages: Warning: SetTimer passed a bad function (Weapon Trace) or object (BP_PLAYER_C_0)
[2026.02.12-14.19.44:770][858]LogBlueprintUserMessages: Warning: SetTimer passed a bad function (Weapon Trace) or object (BP_PLAYER_C_0)
[2026.02.12-14.19.45:504][902]LogBlueprintUserMessages: Warning: SetTimer passed a bad function (Weapon Trace) or object (BP_PLAYER_C_0)
[2026.02.12-14.19.46:403][956]LogBlueprintUserMessages: Warning: SetTimer passed a bad function (Weapon Trace) or object (BP_PLAYER_C_0)
[2026.02.12-14.19.48:272][ 68]LogBlueprintUserMessages: Warning: SetTimer passed a bad function (Weapon Trace) or object (BP_PLAYER_C_0)
[2026.02.12-14.19.50:705][214]LogBlueprintUserMessages: Warning: SetTimer passed a bad function (Weapon Trace) or object (BP_PLAYER_C_0)
[2026.02.12-14.19.53:293][367]LogSlate: Updating window title bar state: overlay mode, drag disabled, window buttons hidden, title bar hidden
[2026.02.12-14.19.53:293][367]LogWorld: BeginTearingDown for /Game/Levels/UEDPIE_0_Main
[2026.02.12-14.19.53:294][367]LogWorld: UWorld::CleanupWorld for Main, bSessionEnded=true, bCleanupResources=true
[2026.02.12-14.19.53:294][367]LogSlate: InvalidateAllWidgets triggered.  All widgets were invalidated
[2026.02.12-14.19.53:313][367]LogPlayLevel: Display: Shutting down PIE online subsystems
[2026.02.12-14.19.53:317][367]LogSlate: InvalidateAllWidgets triggered.  All widgets were invalidated
[2026.02.12-14.19.53:332][367]LogAudio: Display: Audio Device unregistered from world 'None'.
[2026.02.12-14.19.53:332][367]LogAudioMixer: FMixerPlatformXAudio2::StopAudioStream() called
[2026.02.12-14.19.53:333][367]LogAudioMixer: FMixerPlatformXAudio2::StopAudioStream() called
[2026.02.12-14.19.53:334][367]LogSlate: Updating window title bar state: overlay mode, drag disabled, window buttons hidden, title bar hidden
[2026.02.12-14.19.53:336][367]LogUObjectHash: Compacting FUObjectHashTables data took   1.43ms
[2026.02.12-14.19.53:360][368]LogPlayLevel: Display: Destroying online subsystem :Context_9
[2026.02.12-14.19.54:276][421]Cmd: OBJ SAVEPACKAGE PACKAGE="/Game/Levels/Main" FILE="../../../../../Repozytoria/UE 4.27/KZ_TopDownShooter/TopDownAC/Content/Levels/Main.umap" SILENT=true AUTOSAVING=false KEEPDIRTY=false
[2026.02.12-14.19.54:289][421]LogUObjectHash: Compacting FUObjectHashTables data took   1.07ms
[2026.02.12-14.19.54:296][421]LogSavePackage: Moving '../../../../../Repozytoria/UE 4.27/KZ_TopDownShooter/TopDownAC/Saved/Main899653E7414B77FD6C65CC827F57AF33.tmp' to '../../../../../Repozytoria/UE 4.27/KZ_TopDownShooter/TopDownAC/Content/Levels/Main.umap'
[2026.02.12-14.19.54:332][421]AssetCheck: New page: Asset Save: Main
[2026.02.12-14.19.54:332][421]LogContentValidation: Display: Validating World /Game/Levels/Main.Main
[2026.02.12-14.20.01:065][615]BlueprintLog: New page: Compile BP_PLAYER
[2026.02.12-14.20.01:113][615]LogUObjectHash: Compacting FUObjectHashTables data took   1.21ms
[2026.02.12-14.20.03:596][758]BlueprintLog: New page: Compile BP_PLAYER
[2026.02.12-14.20.03:648][758]LogUObjectHash: Compacting FUObjectHashTables data took   1.88ms
[2026.02.12-14.22.02:736][419]BlueprintLog: New page: Compile BP_PLAYER
[2026.02.12-14.22.02:779][419]LogUObjectHash: Compacting FUObjectHashTables data took   1.57ms
[2026.02.12-14.24.18:020][408]BlueprintLog: New page: Compile BP_PLAYER
[2026.02.12-14.24.18:064][408]LogUObjectHash: Compacting FUObjectHashTables data took   1.57ms
[2026.02.12-14.24.19:506][493]LogTemp: Repeating last play command: Selected Viewport
[2026.02.12-14.24.19:513][493]LogPlayLevel: PlayLevel: No blueprints needed recompiling
[2026.02.12-14.24.19:513][493]PIE: New page: PIE session: Main (12 lut 2026, 16:24:19)
[2026.02.12-14.24.19:513][493]LogPlayLevel: Creating play world package: /Game/Levels/UEDPIE_0_Main
[2026.02.12-14.24.19:517][493]LogPlayLevel: PIE: StaticDuplicateObject took: (0.003644s)
[2026.02.12-14.24.19:518][493]LogAIModule: Creating AISystem for world Main
[2026.02.12-14.24.19:518][493]LogPlayLevel: PIE: World Init took: (0.001036s)
[2026.02.12-14.24.19:518][493]LogPlayLevel: PIE: Created PIE world by copying editor world from /Game/Levels/Main.Main to /Game/Levels/UEDPIE_0_Main.Main (0.004791s)
[2026.02.12-14.24.19:536][493]LogUObjectHash: Compacting FUObjectHashTables data took   1.40ms
[2026.02.12-14.24.19:536][493]LogAudio: Display: Creating Audio Device:                 Id: 8, Scope: Unique, Realtime: True
[2026.02.12-14.24.19:536][493]LogAudioMixer: Display: Audio Mixer Platform Settings:
[2026.02.12-14.24.19:536][493]LogAudioMixer: Display: 	Sample Rate:						  48000
[2026.02.12-14.24.19:536][493]LogAudioMixer: Display: 	Callback Buffer Frame Size Requested: 1024
[2026.02.12-14.24.19:536][493]LogAudioMixer: Display: 	Callback Buffer Frame Size To Use:	  1024
[2026.02.12-14.24.19:536][493]LogAudioMixer: Display: 	Number of buffers to queue:			  2
[2026.02.12-14.24.19:536][493]LogAudioMixer: Display: 	Max Channels (voices):				  32
[2026.02.12-14.24.19:536][493]LogAudioMixer: Display: 	Number of Async Source Workers:		  0
[2026.02.12-14.24.19:536][493]LogAudio: Display: AudioDevice MaxSources: 32
[2026.02.12-14.24.19:536][493]LogAudio: Display: Audio Spatialization Plugin: None (built-in).
[2026.02.12-14.24.19:536][493]LogAudio: Display: Audio Reverb Plugin: None (built-in).
[2026.02.12-14.24.19:536][493]LogAudio: Display: Audio Occlusion Plugin: None (built-in).
[2026.02.12-14.24.19:536][493]LogAudioMixer: Display: Initializing audio mixer.
[2026.02.12-14.24.19:539][493]LogAudioMixer: Display: 0: FrontLeft
[2026.02.12-14.24.19:539][493]LogAudioMixer: Display: 1: FrontRight
[2026.02.12-14.24.19:547][493]LogAudioMixer: Display: Using Audio Device Speakers (USB Audio Device)
[2026.02.12-14.24.19:548][493]LogAudioMixer: Display: Initializing Sound Submixes...
[2026.02.12-14.24.19:548][493]LogAudioMixer: Display: Creating Master Submix 'MasterSubmixDefault'
[2026.02.12-14.24.19:548][493]LogAudioMixer: Display: Creating Master Submix 'MasterReverbSubmixDefault'
[2026.02.12-14.24.19:548][493]LogAudioMixer: Display: Creating Master Submix 'MasterEQSubmixDefault'
[2026.02.12-14.24.19:548][493]LogAudioMixer: FMixerPlatformXAudio2::StartAudioStream() called
[2026.02.12-14.24.19:548][493]LogAudioMixer: Display: Output buffers initialized: Frames=1024, Channels=2, Samples=2048
[2026.02.12-14.24.19:548][493]LogAudioMixer: Display: Starting AudioMixerPlatformInterface::RunInternal()
[2026.02.12-14.24.19:548][493]LogAudioMixer: Display: FMixerPlatformXAudio2::SubmitBuffer() called for the first time
[2026.02.12-14.24.19:548][493]LogInit: FAudioDevice initialized.
[2026.02.12-14.24.19:548][493]LogAudio: Display: Audio Device (ID: 8) registered with world 'Main'.
[2026.02.12-14.24.19:554][493]LogLoad: Game class is 'BP_GameMode_01_C'
[2026.02.12-14.24.19:556][493]LogWorld: Bringing World /Game/Levels/UEDPIE_0_Main.Main up for play (max tick rate 60) at 2026.02.12-15.24.19
[2026.02.12-14.24.19:556][493]LogWorld: Bringing up level for play took: 0.000937
[2026.02.12-14.24.19:556][493]LogOnline: OSS: Creating online subsystem instance for: :Context_10
[2026.02.12-14.24.19:559][493]PIE: Server logged in
[2026.02.12-14.24.19:559][493]PIE: Play in editor total start time 0,047 seconds.
[2026.02.12-14.24.33:013][298]LogSlate: Updating window title bar state: overlay mode, drag disabled, window buttons hidden, title bar hidden
[2026.02.12-14.24.33:013][298]LogWorld: BeginTearingDown for /Game/Levels/UEDPIE_0_Main
[2026.02.12-14.24.33:013][298]LogWorld: UWorld::CleanupWorld for Main, bSessionEnded=true, bCleanupResources=true
[2026.02.12-14.24.33:014][298]LogSlate: InvalidateAllWidgets triggered.  All widgets were invalidated
[2026.02.12-14.24.33:030][298]LogPlayLevel: Display: Shutting down PIE online subsystems
[2026.02.12-14.24.33:032][298]LogSlate: InvalidateAllWidgets triggered.  All widgets were invalidated
[2026.02.12-14.24.33:049][298]LogAudio: Display: Audio Device unregistered from world 'None'.
[2026.02.12-14.24.33:049][298]LogAudioMixer: FMixerPlatformXAudio2::StopAudioStream() called
[2026.02.12-14.24.33:050][298]LogAudioMixer: FMixerPlatformXAudio2::StopAudioStream() called
[2026.02.12-14.24.33:052][298]LogSlate: Updating window title bar state: overlay mode, drag disabled, window buttons hidden, title bar hidden
[2026.02.12-14.24.33:053][298]LogUObjectHash: Compacting FUObjectHashTables data took   1.21ms
[2026.02.12-14.24.33:083][300]LogPlayLevel: Display: Destroying online subsystem :Context_10
[2026.02.12-14.24.35:458][441]LogRenderer: Reallocating scene render targets to support 1636x640 Format 10 NumSamples 1 (Frame:1).
[2026.02.12-14.24.35:926][469]BlueprintLog: New page: Compile BP_PLAYER
[2026.02.12-14.24.35:977][469]LogUObjectHash: Compacting FUObjectHashTables data took   1.19ms
[2026.02.12-14.24.44:318][955]LogAssetEditorSubsystem: Opening Asset editor for Blueprint /Game/BluePrintClass/BP_Spider.BP_Spider
[2026.02.12-14.24.56:160][644]BlueprintLog: New page: Compile BP_Spider
[2026.02.12-14.24.56:211][644]LogUObjectHash: Compacting FUObjectHashTables data took   1.34ms
[2026.02.12-14.24.58:578][781]LogTemp: Repeating last play command: Selected Viewport
[2026.02.12-14.24.58:590][781]LogPlayLevel: PlayLevel: No blueprints needed recompiling
[2026.02.12-14.24.58:590][781]PIE: New page: PIE session: Main (12 lut 2026, 16:24:58)
[2026.02.12-14.24.58:590][781]LogPlayLevel: Creating play world package: /Game/Levels/UEDPIE_0_Main
[2026.02.12-14.24.58:594][781]LogPlayLevel: PIE: StaticDuplicateObject took: (0.003501s)
[2026.02.12-14.24.58:595][781]LogAIModule: Creating AISystem for world Main
[2026.02.12-14.24.58:595][781]LogPlayLevel: PIE: World Init took: (0.001025s)
[2026.02.12-14.24.58:595][781]LogPlayLevel: PIE: Created PIE world by copying editor world from /Game/Levels/Main.Main to /Game/Levels/UEDPIE_0_Main.Main (0.004651s)
[2026.02.12-14.24.58:608][781]LogUObjectHash: Compacting FUObjectHashTables data took   1.90ms
[2026.02.12-14.24.58:608][781]LogAudio: Display: Creating Audio Device:                 Id: 9, Scope: Unique, Realtime: True
[2026.02.12-14.24.58:608][781]LogAudioMixer: Display: Audio Mixer Platform Settings:
[2026.02.12-14.24.58:608][781]LogAudioMixer: Display: 	Sample Rate:						  48000
[2026.02.12-14.24.58:608][781]LogAudioMixer: Display: 	Callback Buffer Frame Size Requested: 1024
[2026.02.12-14.24.58:608][781]LogAudioMixer: Display: 	Callback Buffer Frame Size To Use:	  1024
[2026.02.12-14.24.58:608][781]LogAudioMixer: Display: 	Number of buffers to queue:			  2
[2026.02.12-14.24.58:608][781]LogAudioMixer: Display: 	Max Channels (voices):				  32
[2026.02.12-14.24.58:608][781]LogAudioMixer: Display: 	Number of Async Source Workers:		  0
[2026.02.12-14.24.58:608][781]LogAudio: Display: AudioDevice MaxSources: 32
[2026.02.12-14.24.58:608][781]LogAudio: Display: Audio Spatialization Plugin: None (built-in).
[2026.02.12-14.24.58:608][781]LogAudio: Display: Audio Reverb Plugin: None (built-in).
[2026.02.12-14.24.58:608][781]LogAudio: Display: Audio Occlusion Plugin: None (built-in).
[2026.02.12-14.24.58:608][781]LogAudioMixer: Display: Initializing audio mixer.
[2026.02.12-14.24.58:612][781]LogAudioMixer: Display: 0: FrontLeft
[2026.02.12-14.24.58:612][781]LogAudioMixer: Display: 1: FrontRight
[2026.02.12-14.24.58:619][781]LogAudioMixer: Display: Using Audio Device Speakers (USB Audio Device)
[2026.02.12-14.24.58:620][781]LogAudioMixer: Display: Initializing Sound Submixes...
[2026.02.12-14.24.58:620][781]LogAudioMixer: Display: Creating Master Submix 'MasterSubmixDefault'
[2026.02.12-14.24.58:620][781]LogAudioMixer: Display: Creating Master Submix 'MasterReverbSubmixDefault'
[2026.02.12-14.24.58:620][781]LogAudioMixer: Display: Creating Master Submix 'MasterEQSubmixDefault'
[2026.02.12-14.24.58:620][781]LogAudioMixer: FMixerPlatformXAudio2::StartAudioStream() called
[2026.02.12-14.24.58:620][781]LogAudioMixer: Display: Output buffers initialized: Frames=1024, Channels=2, Samples=2048
[2026.02.12-14.24.58:620][781]LogAudioMixer: Display: Starting AudioMixerPlatformInterface::RunInternal()
[2026.02.12-14.24.58:620][781]LogAudioMixer: Display: FMixerPlatformXAudio2::SubmitBuffer() called for the first time
[2026.02.12-14.24.58:620][781]LogInit: FAudioDevice initialized.
[2026.02.12-14.24.58:620][781]LogAudio: Display: Audio Device (ID: 9) registered with world 'Main'.
[2026.02.12-14.24.58:630][781]LogLoad: Game class is 'BP_GameMode_01_C'
[2026.02.12-14.24.58:631][781]LogWorld: Bringing World /Game/Levels/UEDPIE_0_Main.Main up for play (max tick rate 60) at 2026.02.12-15.24.58
[2026.02.12-14.24.58:632][781]LogWorld: Bringing up level for play took: 0.000920
[2026.02.12-14.24.58:632][781]LogOnline: OSS: Creating online subsystem instance for: :Context_12
[2026.02.12-14.24.58:634][781]PIE: Server logged in
[2026.02.12-14.24.58:635][781]PIE: Play in editor total start time 0,046 seconds.
[2026.02.12-14.25.04:964][159]LogSlate: Updating window title bar state: overlay mode, drag disabled, window buttons hidden, title bar hidden
[2026.02.12-14.25.04:964][159]LogWorld: BeginTearingDown for /Game/Levels/UEDPIE_0_Main
[2026.02.12-14.25.04:964][159]LogWorld: UWorld::CleanupWorld for Main, bSessionEnded=true, bCleanupResources=true
[2026.02.12-14.25.04:965][159]LogSlate: InvalidateAllWidgets triggered.  All widgets were invalidated
[2026.02.12-14.25.04:980][159]LogPlayLevel: Display: Shutting down PIE online subsystems
[2026.02.12-14.25.04:985][159]LogSlate: InvalidateAllWidgets triggered.  All widgets were invalidated
[2026.02.12-14.25.05:017][159]LogAudio: Display: Audio Device unregistered from world 'None'.
[2026.02.12-14.25.05:017][159]LogAudioMixer: FMixerPlatformXAudio2::StopAudioStream() called
[2026.02.12-14.25.05:018][159]LogAudioMixer: FMixerPlatformXAudio2::StopAudioStream() called
[2026.02.12-14.25.05:020][159]LogSlate: Updating window title bar state: overlay mode, drag disabled, window buttons hidden, title bar hidden
[2026.02.12-14.25.05:024][159]LogUObjectHash: Compacting FUObjectHashTables data took   1.79ms
[2026.02.12-14.25.05:037][160]LogPlayLevel: Display: Destroying online subsystem :Context_12
[2026.02.12-14.25.34:616][913]BlueprintLog: New page: Compile BP_Spider
[2026.02.12-14.25.34:664][913]LogUObjectHash: Compacting FUObjectHashTables data took   1.34ms
[2026.02.12-14.25.36:742][ 33]LogTemp: Repeating last play command: Selected Viewport
[2026.02.12-14.25.36:750][ 33]LogPlayLevel: PlayLevel: No blueprints needed recompiling
[2026.02.12-14.25.36:750][ 33]PIE: New page: PIE session: Main (12 lut 2026, 16:25:36)
[2026.02.12-14.25.36:750][ 33]LogPlayLevel: Creating play world package: /Game/Levels/UEDPIE_0_Main
[2026.02.12-14.25.36:753][ 33]LogPlayLevel: PIE: StaticDuplicateObject took: (0.002599s)
[2026.02.12-14.25.36:754][ 33]LogAIModule: Creating AISystem for world Main
[2026.02.12-14.25.36:754][ 33]LogPlayLevel: PIE: World Init took: (0.001085s)
[2026.02.12-14.25.36:754][ 33]LogPlayLevel: PIE: Created PIE world by copying editor world from /Game/Levels/Main.Main to /Game/Levels/UEDPIE_0_Main.Main (0.003772s)
[2026.02.12-14.25.36:767][ 33]LogUObjectHash: Compacting FUObjectHashTables data took   1.58ms
[2026.02.12-14.25.36:768][ 33]LogAudio: Display: Creating Audio Device:                 Id: 10, Scope: Unique, Realtime: True
[2026.02.12-14.25.36:768][ 33]LogAudioMixer: Display: Audio Mixer Platform Settings:
[2026.02.12-14.25.36:768][ 33]LogAudioMixer: Display: 	Sample Rate:						  48000
[2026.02.12-14.25.36:768][ 33]LogAudioMixer: Display: 	Callback Buffer Frame Size Requested: 1024
[2026.02.12-14.25.36:768][ 33]LogAudioMixer: Display: 	Callback Buffer Frame Size To Use:	  1024
[2026.02.12-14.25.36:768][ 33]LogAudioMixer: Display: 	Number of buffers to queue:			  2
[2026.02.12-14.25.36:768][ 33]LogAudioMixer: Display: 	Max Channels (voices):				  32
[2026.02.12-14.25.36:768][ 33]LogAudioMixer: Display: 	Number of Async Source Workers:		  0
[2026.02.12-14.25.36:768][ 33]LogAudio: Display: AudioDevice MaxSources: 32
[2026.02.12-14.25.36:768][ 33]LogAudio: Display: Audio Spatialization Plugin: None (built-in).
[2026.02.12-14.25.36:768][ 33]LogAudio: Display: Audio Reverb Plugin: None (built-in).
[2026.02.12-14.25.36:768][ 33]LogAudio: Display: Audio Occlusion Plugin: None (built-in).
[2026.02.12-14.25.36:768][ 33]LogAudioMixer: Display: Initializing audio mixer.
[2026.02.12-14.25.36:771][ 33]LogAudioMixer: Display: 0: FrontLeft
[2026.02.12-14.25.36:771][ 33]LogAudioMixer: Display: 1: FrontRight
[2026.02.12-14.25.36:780][ 33]LogAudioMixer: Display: Using Audio Device Speakers (USB Audio Device)
[2026.02.12-14.25.36:780][ 33]LogAudioMixer: Display: Initializing Sound Submixes...
[2026.02.12-14.25.36:780][ 33]LogAudioMixer: Display: Creating Master Submix 'MasterSubmixDefault'
[2026.02.12-14.25.36:780][ 33]LogAudioMixer: Display: Creating Master Submix 'MasterReverbSubmixDefault'
[2026.02.12-14.25.36:781][ 33]LogAudioMixer: Display: Creating Master Submix 'MasterEQSubmixDefault'
[2026.02.12-14.25.36:781][ 33]LogAudioMixer: FMixerPlatformXAudio2::StartAudioStream() called
[2026.02.12-14.25.36:781][ 33]LogAudioMixer: Display: Output buffers initialized: Frames=1024, Channels=2, Samples=2048
[2026.02.12-14.25.36:781][ 33]LogAudioMixer: Display: Starting AudioMixerPlatformInterface::RunInternal()
[2026.02.12-14.25.36:781][ 33]LogAudioMixer: Display: FMixerPlatformXAudio2::SubmitBuffer() called for the first time
[2026.02.12-14.25.36:781][ 33]LogInit: FAudioDevice initialized.
[2026.02.12-14.25.36:781][ 33]LogAudio: Display: Audio Device (ID: 10) registered with world 'Main'.
[2026.02.12-14.25.36:790][ 33]LogLoad: Game class is 'BP_GameMode_01_C'
[2026.02.12-14.25.36:792][ 33]LogWorld: Bringing World /Game/Levels/UEDPIE_0_Main.Main up for play (max tick rate 60) at 2026.02.12-15.25.36
[2026.02.12-14.25.36:792][ 33]LogWorld: Bringing up level for play took: 0.000996
[2026.02.12-14.25.36:792][ 33]LogOnline: OSS: Creating online subsystem instance for: :Context_16
[2026.02.12-14.25.36:795][ 33]PIE: Server logged in
[2026.02.12-14.25.36:795][ 33]PIE: Play in editor total start time 0,046 seconds.
[2026.02.12-14.25.43:423][428]LogSlate: Updating window title bar state: overlay mode, drag disabled, window buttons hidden, title bar hidden
[2026.02.12-14.25.43:423][428]LogWorld: BeginTearingDown for /Game/Levels/UEDPIE_0_Main
[2026.02.12-14.25.43:423][428]LogWorld: UWorld::CleanupWorld for Main, bSessionEnded=true, bCleanupResources=true
[2026.02.12-14.25.43:424][428]LogSlate: InvalidateAllWidgets triggered.  All widgets were invalidated
[2026.02.12-14.25.43:438][428]LogPlayLevel: Display: Shutting down PIE online subsystems
[2026.02.12-14.25.43:442][428]LogSlate: InvalidateAllWidgets triggered.  All widgets were invalidated
[2026.02.12-14.25.43:457][428]LogAudio: Display: Audio Device unregistered from world 'None'.
[2026.02.12-14.25.43:457][428]LogAudioMixer: FMixerPlatformXAudio2::StopAudioStream() called
[2026.02.12-14.25.43:458][428]LogAudioMixer: FMixerPlatformXAudio2::StopAudioStream() called
[2026.02.12-14.25.43:460][428]LogSlate: Updating window title bar state: overlay mode, drag disabled, window buttons hidden, title bar hidden
[2026.02.12-14.25.43:462][428]LogUObjectHash: Compacting FUObjectHashTables data took   1.84ms
[2026.02.12-14.25.43:496][430]LogPlayLevel: Display: Destroying online subsystem :Context_16
[2026.02.12-14.25.48:955][752]Cmd: TRANSACTION UNDO
[2026.02.12-14.25.48:955][752]LogEditorTransaction: Undo Change Collision Profile
[2026.02.12-14.25.49:466][777]Cmd: TRANSACTION UNDO
[2026.02.12-14.25.49:466][777]LogEditorTransaction: Undo Edit Hidden in Game
[2026.02.12-14.25.49:809][797]Cmd: TRANSACTION UNDO
[2026.02.12-14.25.49:809][797]LogEditorTransaction: Undo Edit Hidden in Game
[2026.02.12-14.25.50:164][818]Cmd: TRANSACTION UNDO
[2026.02.12-14.25.50:164][818]LogEditorTransaction: Undo Change String Pin Value
[2026.02.12-14.25.59:523][377]LogEditorTransaction: Redo Change String Pin Value
[2026.02.12-14.26.02:385][540]LogEditorTransaction: Redo Edit Hidden in Game
[2026.02.12-14.26.04:311][652]LogEditorTransaction: Redo Edit Hidden in Game
[2026.02.12-14.26.05:538][724]LogEditorTransaction: Redo Change Collision Profile
[2026.02.12-14.26.07:141][818]LogEditorTransaction: Undo Change Collision Profile
[2026.02.12-14.26.09:092][933]BlueprintLog: New page: Compile BP_Spider
[2026.02.12-14.26.09:140][933]LogUObjectHash: Compacting FUObjectHashTables data took   1.59ms
[2026.02.12-14.26.10:203][995]BlueprintLog: New page: Compile BP_PLAYER
[2026.02.12-14.26.10:252][995]LogUObjectHash: Compacting FUObjectHashTables data took   1.38ms
[2026.02.12-14.30.21:132][159]LogUObjectHash: Compacting FUObjectHashTables data took   1.60ms
[2026.02.12-14.30.21:188][159]LogSavePackage: Moving '../../../../../Repozytoria/UE 4.27/KZ_TopDownShooter/TopDownAC/Saved/Main_Auto18DE9098549ECA06E2999CC98BC131D49.tmp' to '../../../../../Repozytoria/UE 4.27/KZ_TopDownShooter/TopDownAC/Saved/Autosaves/Game/Levels/Main_Auto1.umap'
[2026.02.12-14.30.21:188][159]LogFileHelpers: Editor autosave (incl. external actors) for '/Game/Levels/Main' took 0.077
[2026.02.12-14.30.21:189][159]LogFileHelpers: Editor autosave (incl. sublevels & external actors) for all levels took 0.077
[2026.02.12-14.30.21:191][159]OBJ SavePackage: Generating thumbnails for [2] asset(s) in package [/Game/BluePrintClass/BP_Spider] ([4] browsable assets)...
[2026.02.12-14.30.21:247][159]OBJ SavePackage:     Rendered thumbnail for [BlueprintGeneratedClass /Game/BluePrintClass/BP_Spider.BP_Spider_C]
[2026.02.12-14.30.21:291][159]OBJ SavePackage:     Rendered thumbnail for [Blueprint /Game/BluePrintClass/BP_Spider.BP_Spider]
[2026.02.12-14.30.21:316][159]OBJ SavePackage:     Rendered thumbnail for [BlueprintGeneratedClass /Game/BluePrintClass/BP_Spider.BP_Spider_C]
[2026.02.12-14.30.21:347][159]OBJ SavePackage:     Rendered thumbnail for [Blueprint /Game/BluePrintClass/BP_Spider.BP_Spider]
[2026.02.12-14.30.21:347][159]OBJ SavePackage: Finished generating thumbnails for package [/Game/BluePrintClass/BP_Spider]
[2026.02.12-14.30.21:370][159]LogSavePackage: Moving '../../../../../Repozytoria/UE 4.27/KZ_TopDownShooter/TopDownAC/Saved/BP_Spider_Auto141675C434898ABFBD4B583A174A3E45D.tmp' to '../../../../../Repozytoria/UE 4.27/KZ_TopDownShooter/TopDownAC/Saved/Autosaves/Game/BluePrintClass/BP_Spider_Auto1.uasset'
[2026.02.12-14.30.21:372][159]OBJ SavePackage: Generating thumbnails for [2] asset(s) in package [/Game/BluePrintClass/BP_PLAYER] ([2] browsable assets)...
[2026.02.12-14.30.21:415][159]OBJ SavePackage:     Rendered thumbnail for [BlueprintGeneratedClass /Game/BluePrintClass/BP_PLAYER.BP_PLAYER_C]
[2026.02.12-14.30.21:444][159]OBJ SavePackage:     Rendered thumbnail for [Blueprint /Game/BluePrintClass/BP_PLAYER.BP_PLAYER]
[2026.02.12-14.30.21:444][159]OBJ SavePackage: Finished generating thumbnails for package [/Game/BluePrintClass/BP_PLAYER]
[2026.02.12-14.30.21:482][159]LogSavePackage: Moving '../../../../../Repozytoria/UE 4.27/KZ_TopDownShooter/TopDownAC/Saved/BP_PLAYER_Auto18C815448409B8ED519B5C2B0DBDE2E5C.tmp' to '../../../../../Repozytoria/UE 4.27/KZ_TopDownShooter/TopDownAC/Saved/Autosaves/Game/BluePrintClass/BP_PLAYER_Auto1.uasset'
[2026.02.12-14.30.21:483][159]LogFileHelpers: Auto-saving content packages took 0.294
[2026.02.12-14.38.48:327][426]LogEditorClassViewer: Warning: Class /Engine/Tutorial/InWorldBlueprintEditing/TutorialAssets/IWBE_Blutility.IWBE_Blutility_C has parent /Script/Blutility.PlacedEditorUtilityBase, but this parent is not found. The Class will not be shown in ClassViewer.
[2026.02.12-14.40.21:933][166]LogUObjectHash: Compacting FUObjectHashTables data took   2.29ms
[2026.02.12-14.40.21:933][166]LogFileHelpers: Editor autosave (incl. external actors) for '/Game/Levels/Main' took 0.027
[2026.02.12-14.40.21:934][166]OBJ SavePackage: Generating thumbnails for [0] asset(s) in package [/Game/BluePrintClass/BP_PLAYER] ([2] browsable assets)...
[2026.02.12-14.40.21:934][166]OBJ SavePackage: Finished generating thumbnails for package [/Game/BluePrintClass/BP_PLAYER]
[2026.02.12-14.40.21:984][166]LogSavePackage: Moving '../../../../../Repozytoria/UE 4.27/KZ_TopDownShooter/TopDownAC/Saved/BP_PLAYER_Auto252C31A5B425BFA770116B7AAB96F0805.tmp' to '../../../../../Repozytoria/UE 4.27/KZ_TopDownShooter/TopDownAC/Saved/Autosaves/Game/BluePrintClass/BP_PLAYER_Auto2.uasset'
[2026.02.12-14.40.21:984][166]LogFileHelpers: Auto-saving content packages took 0.051
[2026.02.12-14.41.08:751][400]LogTemp: Repeating last play command: Selected Viewport
[2026.02.12-14.41.08:759][400]LogPlayLevel: PlayLevel: No blueprints needed recompiling
[2026.02.12-14.41.08:759][400]PIE: New page: PIE session: Main (12 lut 2026, 16:41:08)
[2026.02.12-14.41.08:759][400]LogPlayLevel: Creating play world package: /Game/Levels/UEDPIE_0_Main
[2026.02.12-14.41.08:762][400]LogPlayLevel: PIE: StaticDuplicateObject took: (0.003594s)
[2026.02.12-14.41.08:763][400]LogAIModule: Creating AISystem for world Main
[2026.02.12-14.41.08:763][400]LogPlayLevel: PIE: World Init took: (0.000978s)
[2026.02.12-14.41.08:763][400]LogPlayLevel: PIE: Created PIE world by copying editor world from /Game/Levels/Main.Main to /Game/Levels/UEDPIE_0_Main.Main (0.004691s)
[2026.02.12-14.41.08:780][400]LogUObjectHash: Compacting FUObjectHashTables data took   1.45ms
[2026.02.12-14.41.08:781][400]LogAudio: Display: Creating Audio Device:                 Id: 11, Scope: Unique, Realtime: True
[2026.02.12-14.41.08:781][400]LogAudioMixer: Display: Audio Mixer Platform Settings:
[2026.02.12-14.41.08:781][400]LogAudioMixer: Display: 	Sample Rate:						  48000
[2026.02.12-14.41.08:781][400]LogAudioMixer: Display: 	Callback Buffer Frame Size Requested: 1024
[2026.02.12-14.41.08:781][400]LogAudioMixer: Display: 	Callback Buffer Frame Size To Use:	  1024
[2026.02.12-14.41.08:781][400]LogAudioMixer: Display: 	Number of buffers to queue:			  2
[2026.02.12-14.41.08:781][400]LogAudioMixer: Display: 	Max Channels (voices):				  32
[2026.02.12-14.41.08:781][400]LogAudioMixer: Display: 	Number of Async Source Workers:		  0
[2026.02.12-14.41.08:781][400]LogAudio: Display: AudioDevice MaxSources: 32
[2026.02.12-14.41.08:781][400]LogAudio: Display: Audio Spatialization Plugin: None (built-in).
[2026.02.12-14.41.08:781][400]LogAudio: Display: Audio Reverb Plugin: None (built-in).
[2026.02.12-14.41.08:781][400]LogAudio: Display: Audio Occlusion Plugin: None (built-in).
[2026.02.12-14.41.08:781][400]LogAudioMixer: Display: Initializing audio mixer.
[2026.02.12-14.41.08:784][400]LogAudioMixer: Display: 0: FrontLeft
[2026.02.12-14.41.08:784][400]LogAudioMixer: Display: 1: FrontRight
[2026.02.12-14.41.08:794][400]LogAudioMixer: Display: Using Audio Device Speakers (USB Audio Device)
[2026.02.12-14.41.08:794][400]LogAudioMixer: Display: Initializing Sound Submixes...
[2026.02.12-14.41.08:794][400]LogAudioMixer: Display: Creating Master Submix 'MasterSubmixDefault'
[2026.02.12-14.41.08:794][400]LogAudioMixer: Display: Creating Master Submix 'MasterReverbSubmixDefault'
[2026.02.12-14.41.08:795][400]LogAudioMixer: Display: Creating Master Submix 'MasterEQSubmixDefault'
[2026.02.12-14.41.08:795][400]LogAudioMixer: FMixerPlatformXAudio2::StartAudioStream() called
[2026.02.12-14.41.08:795][400]LogAudioMixer: Display: Output buffers initialized: Frames=1024, Channels=2, Samples=2048
[2026.02.12-14.41.08:796][400]LogAudioMixer: Display: Starting AudioMixerPlatformInterface::RunInternal()
[2026.02.12-14.41.08:796][400]LogAudioMixer: Display: FMixerPlatformXAudio2::SubmitBuffer() called for the first time
[2026.02.12-14.41.08:796][400]LogInit: FAudioDevice initialized.
[2026.02.12-14.41.08:796][400]LogAudio: Display: Audio Device (ID: 11) registered with world 'Main'.
[2026.02.12-14.41.08:806][400]LogLoad: Game class is 'BP_GameMode_01_C'
[2026.02.12-14.41.08:808][400]LogWorld: Bringing World /Game/Levels/UEDPIE_0_Main.Main up for play (max tick rate 60) at 2026.02.12-15.41.08
[2026.02.12-14.41.08:809][400]LogWorld: Bringing up level for play took: 0.001551
[2026.02.12-14.41.08:809][400]LogOnline: OSS: Creating online subsystem instance for: :Context_19
[2026.02.12-14.41.08:814][400]PIE: Server logged in
[2026.02.12-14.41.08:814][400]PIE: Play in editor total start time 0,057 seconds.
[2026.02.12-14.41.25:294][385]LogSlate: Updating window title bar state: overlay mode, drag disabled, window buttons hidden, title bar hidden
[2026.02.12-14.41.25:294][385]LogWorld: BeginTearingDown for /Game/Levels/UEDPIE_0_Main
[2026.02.12-14.41.25:294][385]LogWorld: UWorld::CleanupWorld for Main, bSessionEnded=true, bCleanupResources=true
[2026.02.12-14.41.25:295][385]LogSlate: InvalidateAllWidgets triggered.  All widgets were invalidated
[2026.02.12-14.41.25:308][385]LogPlayLevel: Display: Shutting down PIE online subsystems
[2026.02.12-14.41.25:311][385]LogSlate: InvalidateAllWidgets triggered.  All widgets were invalidated
[2026.02.12-14.41.25:336][385]LogAudio: Display: Audio Device unregistered from world 'None'.
[2026.02.12-14.41.25:336][385]LogAudioMixer: FMixerPlatformXAudio2::StopAudioStream() called
[2026.02.12-14.41.25:337][385]LogAudioMixer: FMixerPlatformXAudio2::StopAudioStream() called
[2026.02.12-14.41.25:339][385]LogSlate: Updating window title bar state: overlay mode, drag disabled, window buttons hidden, title bar hidden
[2026.02.12-14.41.25:342][385]LogUObjectHash: Compacting FUObjectHashTables data took   1.57ms
[2026.02.12-14.41.25:351][386]LogPlayLevel: Display: Destroying online subsystem :Context_19
[2026.02.12-14.41.28:084][549]LogRenderer: Reallocating scene render targets to support 1636x1024 Format 10 NumSamples 1 (Frame:16973).
[2026.02.12-14.43.13:689][153]Cmd: TRANSACTION UNDO
[2026.02.12-14.43.13:689][153]LogEditorTransaction: Undo Rename Function
[2026.02.12-14.43.15:763][274]Cmd: TRANSACTION UNDO
[2026.02.12-14.43.15:764][274]LogEditorTransaction: Undo Add New Function
[2026.02.12-14.43.39:395][417]BlueprintLog: New page: Compile BP_Spider
[2026.02.12-14.43.39:432][417]LogUObjectHash: Compacting FUObjectHashTables data took   1.76ms
[2026.02.12-14.45.12:025][495]BlueprintLog: New page: Compile BP_Spider
[2026.02.12-14.45.12:069][495]LogUObjectHash: Compacting FUObjectHashTables data took   1.45ms
[2026.02.12-14.45.43:379][ 70]LogProperty: Warning: ObjectProperty /Script/Engine.MemberReference:MemberParent: unresolved reference to 'BlueprintGeneratedClass'"/Game/Blueprints/Pawns/BP_Marine.BP_Marine_C"',MemberName="KillCount",MemberGuid=75571EC5484217B5F9B13A9CCE4D4381)'
[2026.02.12-14.45.43:379][ 70]LogProperty: Warning: ObjectProperty /Script/Engine.MemberReference:MemberParent: unresolved reference to 'BlueprintGeneratedClass'"/Game/Blueprints/Pawns/BP_Marine.BP_Marine_C"',MemberName="KillCount",MemberGuid=75571EC5484217B5F9B13A9CCE4D4381)'
[2026.02.12-14.45.48:059][350]BlueprintLog: New page: Compile BP_Spider
[2026.02.12-14.45.48:069][350]LogBlueprint: Error: [AssetLog] D:\Repozytoria\UE 4.27\KZ_TopDownShooter\TopDownAC\Content\BluePrintClass\BP_Spider.uasset: [Compiler] COMPILER ERROR: failed building connection with 'Actor Object Reference is not compatible with Object Reference.' at  Get (a copy)
[2026.02.12-14.45.48:069][350]LogBlueprint: Warning: [AssetLog] D:\Repozytoria\UE 4.27\KZ_TopDownShooter\TopDownAC\Content\BluePrintClass\BP_Spider.uasset: [Compiler] Could not find a variable named "SpiderHealth" in 'BP_Spider_C'.
Make sure 'BP_Spider_C' has been compiled for  Get SpiderHealth
[2026.02.12-14.45.48:069][350]LogBlueprint: Warning: [AssetLog] D:\Repozytoria\UE 4.27\KZ_TopDownShooter\TopDownAC\Content\BluePrintClass\BP_Spider.uasset: [Compiler] Could not find a variable named "SpiderHealth" in 'BP_Spider_C'.
Make sure 'BP_Spider_C' has been compiled for  Set SpiderHealth
[2026.02.12-14.45.48:069][350]LogBlueprint: Warning: [AssetLog] D:\Repozytoria\UE 4.27\KZ_TopDownShooter\TopDownAC\Content\BluePrintClass\BP_Spider.uasset: [Compiler] Could not find a variable named "IsSpiderDead" in 'BP_Spider_C'.
Make sure 'BP_Spider_C' has been compiled for  Set IsSpiderDead
[2026.02.12-14.45.48:069][350]LogBlueprint: Warning: [AssetLog] D:\Repozytoria\UE 4.27\KZ_TopDownShooter\TopDownAC\Content\BluePrintClass\BP_Spider.uasset: [Compiler] Could not find a variable named "KillCount" in 'BP_Spider'.
Make sure 'BP_Spider' has been compiled for  Get KillCount
[2026.02.12-14.45.48:069][350]LogBlueprint: Warning: [AssetLog] D:\Repozytoria\UE 4.27\KZ_TopDownShooter\TopDownAC\Content\BluePrintClass\BP_Spider.uasset: [Compiler] Could not find a variable named "KillCount" in 'BP_Spider'.
Make sure 'BP_Spider' has been compiled for  Set KillCount
[2026.02.12-14.45.48:070][350]LogBlueprint: Error: [AssetLog] D:\Repozytoria\UE 4.27\KZ_TopDownShooter\TopDownAC\Content\BluePrintClass\BP_Spider.uasset: [Compiler] This blueprint (self) is not compatible with ' Target ', therefore that pin must have a connection.
[2026.02.12-14.45.48:070][350]LogBlueprint: Error: [AssetLog] D:\Repozytoria\UE 4.27\KZ_TopDownShooter\TopDownAC\Content\BluePrintClass\BP_Spider.uasset: [Compiler] This blueprint (self) is not compatible with ' Target ', therefore that pin must have a connection.
[2026.02.12-14.45.48:071][350]LogBlueprint: Error: [AssetLog] D:\Repozytoria\UE 4.27\KZ_TopDownShooter\TopDownAC\Content\BluePrintClass\BP_Spider.uasset: [Compiler] The property associated with  Kill Count  could not be found in '/Game/BluePrintClass/BP_Spider.BP_Spider_C'
[2026.02.12-14.45.48:071][350]LogBlueprint: Error: [AssetLog] D:\Repozytoria\UE 4.27\KZ_TopDownShooter\TopDownAC\Content\BluePrintClass\BP_Spider.uasset: [Compiler] The property associated with  Kill Count  could not be found in '/Game/BluePrintClass/BP_Spider.BP_Spider_C'
[2026.02.12-14.45.48:071][350]LogBlueprint: Error: [AssetLog] D:\Repozytoria\UE 4.27\KZ_TopDownShooter\TopDownAC\Content\BluePrintClass\BP_Spider.uasset: [Compiler] The property associated with  Is Spider Dead  could not be found in '/Game/BluePrintClass/BP_Spider.BP_Spider_C'
[2026.02.12-14.45.48:071][350]LogBlueprint: Error: [AssetLog] D:\Repozytoria\UE 4.27\KZ_TopDownShooter\TopDownAC\Content\BluePrintClass\BP_Spider.uasset: [Compiler] The property associated with  Spider Health  could not be found in '/Game/BluePrintClass/BP_Spider.BP_Spider_C'
[2026.02.12-14.45.48:071][350]LogBlueprint: Error: [AssetLog] D:\Repozytoria\UE 4.27\KZ_TopDownShooter\TopDownAC\Content\BluePrintClass\BP_Spider.uasset: [Compiler] The property associated with  Spider Health  could not be found in '/Game/BluePrintClass/BP_Spider.BP_Spider_C'
[2026.02.12-14.45.48:105][350]LogUObjectHash: Compacting FUObjectHashTables data took   1.34ms
[2026.02.12-14.46.23:669][449]BlueprintLog: New page: Compile BP_Spider
[2026.02.12-14.46.23:677][449]LogBlueprint: Error: [AssetLog] D:\Repozytoria\UE 4.27\KZ_TopDownShooter\TopDownAC\Content\BluePrintClass\BP_Spider.uasset: [Compiler] COMPILER ERROR: failed building connection with 'Actor Object Reference is not compatible with Object Reference.' at  Get (a copy)
[2026.02.12-14.46.23:678][449]LogBlueprint: Warning: [AssetLog] D:\Repozytoria\UE 4.27\KZ_TopDownShooter\TopDownAC\Content\BluePrintClass\BP_Spider.uasset: [Compiler] Could not find a variable named "KillCount" in 'BP_Spider'.
Make sure 'BP_Spider' has been compiled for  Get KillCount
[2026.02.12-14.46.23:678][449]LogBlueprint: Warning: [AssetLog] D:\Repozytoria\UE 4.27\KZ_TopDownShooter\TopDownAC\Content\BluePrintClass\BP_Spider.uasset: [Compiler] Could not find a variable named "KillCount" in 'BP_Spider'.
Make sure 'BP_Spider' has been compiled for  Set KillCount
[2026.02.12-14.46.23:678][449]LogBlueprint: Error: [AssetLog] D:\Repozytoria\UE 4.27\KZ_TopDownShooter\TopDownAC\Content\BluePrintClass\BP_Spider.uasset: [Compiler] This blueprint (self) is not compatible with ' Target ', therefore that pin must have a connection.
[2026.02.12-14.46.23:678][449]LogBlueprint: Error: [AssetLog] D:\Repozytoria\UE 4.27\KZ_TopDownShooter\TopDownAC\Content\BluePrintClass\BP_Spider.uasset: [Compiler] This blueprint (self) is not compatible with ' Target ', therefore that pin must have a connection.
[2026.02.12-14.46.23:679][449]LogBlueprint: Error: [AssetLog] D:\Repozytoria\UE 4.27\KZ_TopDownShooter\TopDownAC\Content\BluePrintClass\BP_Spider.uasset: [Compiler] The property associated with  Kill Count  could not be found in '/Game/BluePrintClass/BP_Spider.BP_Spider_C'
[2026.02.12-14.46.23:679][449]LogBlueprint: Error: [AssetLog] D:\Repozytoria\UE 4.27\KZ_TopDownShooter\TopDownAC\Content\BluePrintClass\BP_Spider.uasset: [Compiler] The property associated with  Kill Count  could not be found in '/Game/BluePrintClass/BP_Spider.BP_Spider_C'
[2026.02.12-14.46.23:706][449]LogUObjectHash: Compacting FUObjectHashTables data took   1.56ms
[2026.02.12-14.46.52:478][458]LogSlate: Took 0.010529 seconds to synchronously load lazily loaded font '../../../Engine/Content/Slate/Fonts/Roboto-BoldCondensedItalic.ttf' (160K)
[2026.02.12-14.46.55:098][614]BlueprintLog: New page: Compile BP_PLAYER
[2026.02.12-14.46.55:142][614]LogUObjectHash: Compacting FUObjectHashTables data took   1.46ms
[2026.02.12-14.47.07:638][354]BlueprintLog: New page: Compile BP_Spider
[2026.02.12-14.47.07:646][354]LogBlueprint: Error: [AssetLog] D:\Repozytoria\UE 4.27\KZ_TopDownShooter\TopDownAC\Content\BluePrintClass\BP_Spider.uasset: [Compiler] COMPILER ERROR: failed building connection with 'Actor Object Reference is not compatible with Object Reference.' at  Get (a copy)
[2026.02.12-14.47.07:647][354]LogBlueprint: Warning: [AssetLog] D:\Repozytoria\UE 4.27\KZ_TopDownShooter\TopDownAC\Content\BluePrintClass\BP_Spider.uasset: [Compiler] Could not find a variable named "KillCount" in 'BP_Spider'.
Make sure 'BP_Spider' has been compiled for  Get KillCount
[2026.02.12-14.47.07:647][354]LogBlueprint: Warning: [AssetLog] D:\Repozytoria\UE 4.27\KZ_TopDownShooter\TopDownAC\Content\BluePrintClass\BP_Spider.uasset: [Compiler] Could not find a variable named "KillCount" in 'BP_Spider'.
Make sure 'BP_Spider' has been compiled for  Set KillCount
[2026.02.12-14.47.07:648][354]LogBlueprint: Error: [AssetLog] D:\Repozytoria\UE 4.27\KZ_TopDownShooter\TopDownAC\Content\BluePrintClass\BP_Spider.uasset: [Compiler] This blueprint (self) is not compatible with ' Target ', therefore that pin must have a connection.
[2026.02.12-14.47.07:648][354]LogBlueprint: Error: [AssetLog] D:\Repozytoria\UE 4.27\KZ_TopDownShooter\TopDownAC\Content\BluePrintClass\BP_Spider.uasset: [Compiler] This blueprint (self) is not compatible with ' Target ', therefore that pin must have a connection.
[2026.02.12-14.47.07:648][354]LogBlueprint: Error: [AssetLog] D:\Repozytoria\UE 4.27\KZ_TopDownShooter\TopDownAC\Content\BluePrintClass\BP_Spider.uasset: [Compiler] The property associated with  Kill Count  could not be found in '/Game/BluePrintClass/BP_Spider.BP_Spider_C'
[2026.02.12-14.47.07:649][354]LogBlueprint: Error: [AssetLog] D:\Repozytoria\UE 4.27\KZ_TopDownShooter\TopDownAC\Content\BluePrintClass\BP_Spider.uasset: [Compiler] The property associated with  Kill Count  could not be found in '/Game/BluePrintClass/BP_Spider.BP_Spider_C'
[2026.02.12-14.47.07:682][354]LogUObjectHash: Compacting FUObjectHashTables data took   1.69ms
[2026.02.12-14.47.16:253][656]LogProperty: Warning: ObjectProperty /Script/Engine.MemberReference:MemberParent: unresolved reference to 'BlueprintGeneratedClass'"/Game/Blueprints/Pawns/BP_Marine.BP_Marine_C"',MemberName="KillCount",MemberGuid=75571EC5484217B5F9B13A9CCE4D4381)'
[2026.02.12-14.47.26:152][246]BlueprintLog: New page: Compile BP_PLAYER
[2026.02.12-14.47.26:196][246]LogUObjectHash: Compacting FUObjectHashTables data took   1.60ms
[2026.02.12-14.47.28:321][371]LogProperty: Warning: ObjectProperty /Script/Engine.MemberReference:MemberParent: unresolved reference to 'BlueprintGeneratedClass'"/Game/Blueprints/Pawns/BP_Marine.BP_Marine_C"',MemberName="KillCount",MemberGuid=75571EC5484217B5F9B13A9CCE4D4381)'
[2026.02.12-14.48.23:514][379]BlueprintLog: New page: Compile BP_Spider
[2026.02.12-14.48.23:522][379]LogBlueprint: Error: [AssetLog] D:\Repozytoria\UE 4.27\KZ_TopDownShooter\TopDownAC\Content\BluePrintClass\BP_Spider.uasset: [Compiler] COMPILER ERROR: failed building connection with 'Actor Object Reference is not compatible with Object Reference.' at  Get (a copy)
[2026.02.12-14.48.23:523][379]LogBlueprint: Warning: [AssetLog] D:\Repozytoria\UE 4.27\KZ_TopDownShooter\TopDownAC\Content\BluePrintClass\BP_Spider.uasset: [Compiler] Could not find a variable named "KillCount" in 'BP_Spider'.
Make sure 'BP_Spider' has been compiled for  Set KillCount
[2026.02.12-14.48.23:523][379]LogBlueprint: Error: [AssetLog] D:\Repozytoria\UE 4.27\KZ_TopDownShooter\TopDownAC\Content\BluePrintClass\BP_Spider.uasset: [Compiler] This blueprint (self) is not compatible with ' Target ', therefore that pin must have a connection.
[2026.02.12-14.48.23:524][379]LogBlueprint: Error: [AssetLog] D:\Repozytoria\UE 4.27\KZ_TopDownShooter\TopDownAC\Content\BluePrintClass\BP_Spider.uasset: [Compiler] The property associated with  Kill Count  could not be found in '/Game/BluePrintClass/BP_Spider.BP_Spider_C'
[2026.02.12-14.48.23:559][379]LogUObjectHash: Compacting FUObjectHashTables data took   1.58ms
[2026.02.12-14.48.29:382][724]BlueprintLog: New page: Compile BP_Spider
[2026.02.12-14.48.29:391][724]LogBlueprint: Error: [AssetLog] D:\Repozytoria\UE 4.27\KZ_TopDownShooter\TopDownAC\Content\BluePrintClass\BP_Spider.uasset: [Compiler] COMPILER ERROR: failed building connection with 'Actor Object Reference is not compatible with Object Reference.' at  Get (a copy)
[2026.02.12-14.48.29:391][724]LogBlueprint: Warning: [AssetLog] D:\Repozytoria\UE 4.27\KZ_TopDownShooter\TopDownAC\Content\BluePrintClass\BP_Spider.uasset: [Compiler] Could not find a variable named "KillCount" in 'BP_Spider'.
Make sure 'BP_Spider' has been compiled for  Set KillCount
[2026.02.12-14.48.29:391][724]LogBlueprint: Error: [AssetLog] D:\Repozytoria\UE 4.27\KZ_TopDownShooter\TopDownAC\Content\BluePrintClass\BP_Spider.uasset: [Compiler] This blueprint (self) is not compatible with ' Target ', therefore that pin must have a connection.
[2026.02.12-14.48.29:392][724]LogBlueprint: Error: [AssetLog] D:\Repozytoria\UE 4.27\KZ_TopDownShooter\TopDownAC\Content\BluePrintClass\BP_Spider.uasset: [Compiler] The property associated with  Kill Count  could not be found in '/Game/BluePrintClass/BP_Spider.BP_Spider_C'
[2026.02.12-14.48.29:421][724]LogUObjectHash: Compacting FUObjectHashTables data took   1.61ms
[2026.02.12-14.49.25:724][389]LogAssetEditorSubsystem: Opening Asset editor for Blueprint /Game/BluePrintClass/BP_GameMode_01.BP_GameMode_01
[2026.02.12-14.50.38:885][756]LogUObjectHash: Compacting FUObjectHashTables data took   1.67ms
[2026.02.12-14.50.38:928][756]LogSavePackage: Moving '../../../../../Repozytoria/UE 4.27/KZ_TopDownShooter/TopDownAC/Saved/Main_Auto3715DF7024A3EF8419A53E6AF60329D6C.tmp' to '../../../../../Repozytoria/UE 4.27/KZ_TopDownShooter/TopDownAC/Saved/Autosaves/Game/Levels/Main_Auto3.umap'
[2026.02.12-14.50.38:929][756]LogFileHelpers: Editor autosave (incl. external actors) for '/Game/Levels/Main' took 0.065
[2026.02.12-14.50.38:929][756]LogFileHelpers: Editor autosave (incl. sublevels & external actors) for all levels took 0.065
[2026.02.12-14.50.38:929][756]OBJ SavePackage: Generating thumbnails for [1] asset(s) in package [/Game/BluePrintClass/BP_Spider] ([4] browsable assets)...
[2026.02.12-14.50.38:936][756]OBJ SavePackage:     Rendered thumbnail for [Blueprint /Game/BluePrintClass/BP_Spider.BP_Spider]
[2026.02.12-14.50.38:942][756]OBJ SavePackage:     Rendered thumbnail for [Blueprint /Game/BluePrintClass/BP_Spider.BP_Spider]
[2026.02.12-14.50.38:942][756]OBJ SavePackage: Finished generating thumbnails for package [/Game/BluePrintClass/BP_Spider]
[2026.02.12-14.50.38:973][756]LogSavePackage: Moving '../../../../../Repozytoria/UE 4.27/KZ_TopDownShooter/TopDownAC/Saved/BP_Spider_Auto3566C4B2447F6A78A7DD118A17E7AE546.tmp' to '../../../../../Repozytoria/UE 4.27/KZ_TopDownShooter/TopDownAC/Saved/Autosaves/Game/BluePrintClass/BP_Spider_Auto3.uasset'
[2026.02.12-14.50.38:973][756]OBJ SavePackage: Generating thumbnails for [1] asset(s) in package [/Game/BluePrintClass/BP_PLAYER] ([2] browsable assets)...
[2026.02.12-14.50.38:979][756]OBJ SavePackage:     Rendered thumbnail for [Blueprint /Game/BluePrintClass/BP_PLAYER.BP_PLAYER]
[2026.02.12-14.50.38:979][756]OBJ SavePackage: Finished generating thumbnails for package [/Game/BluePrintClass/BP_PLAYER]
[2026.02.12-14.50.39:014][756]LogSavePackage: Moving '../../../../../Repozytoria/UE 4.27/KZ_TopDownShooter/TopDownAC/Saved/BP_PLAYER_Auto34BEE78894F1AE7093789ABB900D38B63.tmp' to '../../../../../Repozytoria/UE 4.27/KZ_TopDownShooter/TopDownAC/Saved/Autosaves/Game/BluePrintClass/BP_PLAYER_Auto3.uasset'
[2026.02.12-14.50.39:014][756]LogFileHelpers: Auto-saving content packages took 0.085
[2026.02.12-14.51.20:113][ 19]BlueprintLog: New page: Compile BP_GameMode_01
[2026.02.12-14.51.20:147][ 19]LogUObjectHash: Compacting FUObjectHashTables data took   1.83ms
[2026.02.12-14.57.28:544][342]BlueprintLog: New page: Compile BP_GameMode_01
[2026.02.12-14.57.28:583][342]LogUObjectHash: Compacting FUObjectHashTables data took   1.80ms
[2026.02.12-14.58.08:534][504]BlueprintLog: New page: Compile BP_GameMode_01
[2026.02.12-14.58.08:570][504]LogUObjectHash: Compacting FUObjectHashTables data took   2.12ms
[2026.02.12-14.58.10:226][602]BlueprintLog: New page: Compile BP_Spider
[2026.02.12-14.58.10:237][602]LogBlueprint: Warning: [AssetLog] D:\Repozytoria\UE 4.27\KZ_TopDownShooter\TopDownAC\Content\BluePrintClass\BP_Spider.uasset: [Compiler] Could not find a variable named "KillCount" in 'BP_Spider'.
Make sure 'BP_Spider' has been compiled for  Set KillCount
[2026.02.12-14.58.10:237][602]LogBlueprint: Error: [AssetLog] D:\Repozytoria\UE 4.27\KZ_TopDownShooter\TopDownAC\Content\BluePrintClass\BP_Spider.uasset: [Compiler] This blueprint (self) is not compatible with ' Target ', therefore that pin must have a connection.
[2026.02.12-14.58.10:238][602]LogBlueprint: Error: [AssetLog] D:\Repozytoria\UE 4.27\KZ_TopDownShooter\TopDownAC\Content\BluePrintClass\BP_Spider.uasset: [Compiler] This blueprint (self) is not a BP_PLAYER_C, therefore ' Target ' must have a connection.
[2026.02.12-14.58.10:239][602]LogBlueprint: Error: [AssetLog] D:\Repozytoria\UE 4.27\KZ_TopDownShooter\TopDownAC\Content\BluePrintClass\BP_Spider.uasset: [Compiler] Variable node  Get Kill Count  uses an invalid target.  It may depend on a node that is not connected to the execution chain, and got purged.
[2026.02.12-14.58.10:239][602]LogBlueprint: Error: [AssetLog] D:\Repozytoria\UE 4.27\KZ_TopDownShooter\TopDownAC\Content\BluePrintClass\BP_Spider.uasset: [Compiler] The property associated with  Kill Count  could not be found in '/Game/BluePrintClass/BP_Spider.BP_Spider_C'
[2026.02.12-14.58.10:280][602]LogUObjectHash: Compacting FUObjectHashTables data took   1.86ms
[2026.02.12-14.59.01:576][520]BlueprintLog: New page: Compile BP_Spider
[2026.02.12-14.59.01:630][520]LogUObjectHash: Compacting FUObjectHashTables data took   2.20ms
[2026.02.12-14.59.44:654][ 79]BlueprintLog: New page: Compile BP_GameMode_01
[2026.02.12-14.59.44:685][ 79]LogUObjectHash: Compacting FUObjectHashTables data took   1.78ms
[2026.02.12-14.59.46:206][170]BlueprintLog: New page: Compile BP_Spider
[2026.02.12-14.59.46:248][170]LogUObjectHash: Compacting FUObjectHashTables data took   1.67ms
[2026.02.12-14.59.48:017][275]BlueprintLog: New page: Compile BP_PLAYER
[2026.02.12-14.59.48:063][275]LogUObjectHash: Compacting FUObjectHashTables data took   1.65ms
[2026.02.12-14.59.50:738][433]LogWorld: UWorld::CleanupWorld for World_2, bSessionEnded=true, bCleanupResources=true
[2026.02.12-14.59.50:738][433]LogSlate: InvalidateAllWidgets triggered.  All widgets were invalidated
[2026.02.12-14.59.53:953][621]BlueprintLog: New page: Compile BP_GameMode_01
[2026.02.12-14.59.53:985][621]LogUObjectHash: Compacting FUObjectHashTables data took   1.82ms
[2026.02.12-15.00.17:667][913]LogSlate: Prevented a slow task dialog from being summoned while a context menu was open
[2026.02.12-15.00.17:680][913]LogEditorClassViewer: Warning: Class /Engine/Tutorial/InWorldBlueprintEditing/TutorialAssets/IWBE_Blutility.IWBE_Blutility_C has parent /Script/Blutility.PlacedEditorUtilityBase, but this parent is not found. The Class will not be shown in ClassViewer.
[2026.02.12-15.01.58:643][392]LogUObjectHash: Compacting FUObjectHashTables data took   1.62ms
[2026.02.12-15.01.58:685][392]LogSavePackage: Moving '../../../../../Repozytoria/UE 4.27/KZ_TopDownShooter/TopDownAC/Saved/Main_Auto40AD2DE4044C1B2407D84A2AC931842E1.tmp' to '../../../../../Repozytoria/UE 4.27/KZ_TopDownShooter/TopDownAC/Saved/Autosaves/Game/Levels/Main_Auto4.umap'
[2026.02.12-15.01.58:686][392]LogFileHelpers: Editor autosave (incl. external actors) for '/Game/Levels/Main' took 0.064
[2026.02.12-15.01.58:686][392]LogFileHelpers: Editor autosave (incl. sublevels & external actors) for all levels took 0.064
[2026.02.12-15.01.58:686][392]OBJ SavePackage: Generating thumbnails for [1] asset(s) in package [/Game/BluePrintClass/BP_Spider] ([4] browsable assets)...
[2026.02.12-15.01.58:706][392]OBJ SavePackage:     Rendered thumbnail for [Blueprint /Game/BluePrintClass/BP_Spider.BP_Spider]
[2026.02.12-15.01.58:737][392]OBJ SavePackage:     Rendered thumbnail for [Blueprint /Game/BluePrintClass/BP_Spider.BP_Spider]
[2026.02.12-15.01.58:737][392]OBJ SavePackage: Finished generating thumbnails for package [/Game/BluePrintClass/BP_Spider]
[2026.02.12-15.01.58:762][392]LogSavePackage: Moving '../../../../../Repozytoria/UE 4.27/KZ_TopDownShooter/TopDownAC/Saved/BP_Spider_Auto44C445A004A7C781D120FA790A09CE164.tmp' to '../../../../../Repozytoria/UE 4.27/KZ_TopDownShooter/TopDownAC/Saved/Autosaves/Game/BluePrintClass/BP_Spider_Auto4.uasset'
[2026.02.12-15.01.58:763][392]OBJ SavePackage: Generating thumbnails for [0] asset(s) in package [/Game/BluePrintClass/BP_GameMode_01] ([2] browsable assets)...
[2026.02.12-15.01.58:763][392]OBJ SavePackage: Finished generating thumbnails for package [/Game/BluePrintClass/BP_GameMode_01]
[2026.02.12-15.01.58:766][392]LogSavePackage: Moving '../../../../../Repozytoria/UE 4.27/KZ_TopDownShooter/TopDownAC/Saved/BP_GameMode_01_Auto4C4DA7A1C4100D7C8368AF8B8A505DA5D.tmp' to '../../../../../Repozytoria/UE 4.27/KZ_TopDownShooter/TopDownAC/Saved/Autosaves/Game/BluePrintClass/BP_GameMode_01_Auto4.uasset'
[2026.02.12-15.01.58:770][392]LogFileHelpers: Auto-saving content packages took 0.083
[2026.02.12-15.02.24:673][123]BlueprintLog: New page: Compile BP_Spider
[2026.02.12-15.02.24:682][123]LogBlueprint: Error: [AssetLog] D:\Repozytoria\UE 4.27\KZ_TopDownShooter\TopDownAC\Content\BluePrintClass\BP_Spider.uasset: [Compiler] This blueprint (self) is not a BP_PLAYER_C, therefore ' Target ' must have a connection.
[2026.02.12-15.02.24:683][123]LogBlueprint: Error: [AssetLog] D:\Repozytoria\UE 4.27\KZ_TopDownShooter\TopDownAC\Content\BluePrintClass\BP_Spider.uasset: [Compiler] Variable node  Set Kill Count  uses an invalid target.  It may depend on a node that is not connected to the execution chain, and got purged.
[2026.02.12-15.02.24:714][123]LogUObjectHash: Compacting FUObjectHashTables data took   1.57ms
[2026.02.12-15.02.30:178][447]BlueprintLog: New page: Compile BP_Spider
[2026.02.12-15.02.30:226][447]LogUObjectHash: Compacting FUObjectHashTables data took   1.48ms
[2026.02.12-15.02.42:183][951]BlueprintLog: New page: Compile BP_Spider
[2026.02.12-15.02.42:219][951]LogUObjectHash: Compacting FUObjectHashTables data took   1.42ms
[2026.02.12-15.02.44:410][ 79]LogTemp: Repeating last play command: Selected Viewport
[2026.02.12-15.02.44:420][ 79]LogPlayLevel: PlayLevel: No blueprints needed recompiling
[2026.02.12-15.02.44:420][ 79]PIE: New page: PIE session: Main (12 lut 2026, 17:02:44)
[2026.02.12-15.02.44:420][ 79]LogPlayLevel: Creating play world package: /Game/Levels/UEDPIE_0_Main
[2026.02.12-15.02.44:423][ 79]LogPlayLevel: PIE: StaticDuplicateObject took: (0.002485s)
[2026.02.12-15.02.44:423][ 79]LogAIModule: Creating AISystem for world Main
[2026.02.12-15.02.44:424][ 79]LogPlayLevel: PIE: World Init took: (0.000745s)
[2026.02.12-15.02.44:424][ 79]LogPlayLevel: PIE: Created PIE world by copying editor world from /Game/Levels/Main.Main to /Game/Levels/UEDPIE_0_Main.Main (0.003309s)
[2026.02.12-15.02.44:442][ 79]LogUObjectHash: Compacting FUObjectHashTables data took   1.62ms
[2026.02.12-15.02.44:443][ 79]LogAudio: Display: Creating Audio Device:                 Id: 12, Scope: Unique, Realtime: True
[2026.02.12-15.02.44:443][ 79]LogAudioMixer: Display: Audio Mixer Platform Settings:
[2026.02.12-15.02.44:443][ 79]LogAudioMixer: Display: 	Sample Rate:						  48000
[2026.02.12-15.02.44:443][ 79]LogAudioMixer: Display: 	Callback Buffer Frame Size Requested: 1024
[2026.02.12-15.02.44:443][ 79]LogAudioMixer: Display: 	Callback Buffer Frame Size To Use:	  1024
[2026.02.12-15.02.44:443][ 79]LogAudioMixer: Display: 	Number of buffers to queue:			  2
[2026.02.12-15.02.44:443][ 79]LogAudioMixer: Display: 	Max Channels (voices):				  32
[2026.02.12-15.02.44:443][ 79]LogAudioMixer: Display: 	Number of Async Source Workers:		  0
[2026.02.12-15.02.44:443][ 79]LogAudio: Display: AudioDevice MaxSources: 32
[2026.02.12-15.02.44:443][ 79]LogAudio: Display: Audio Spatialization Plugin: None (built-in).
[2026.02.12-15.02.44:443][ 79]LogAudio: Display: Audio Reverb Plugin: None (built-in).
[2026.02.12-15.02.44:443][ 79]LogAudio: Display: Audio Occlusion Plugin: None (built-in).
[2026.02.12-15.02.44:443][ 79]LogAudioMixer: Display: Initializing audio mixer.
[2026.02.12-15.02.44:446][ 79]LogAudioMixer: Display: 0: FrontLeft
[2026.02.12-15.02.44:446][ 79]LogAudioMixer: Display: 1: FrontRight
[2026.02.12-15.02.44:454][ 79]LogAudioMixer: Display: Using Audio Device Speakers (USB Audio Device)
[2026.02.12-15.02.44:454][ 79]LogAudioMixer: Display: Initializing Sound Submixes...
[2026.02.12-15.02.44:454][ 79]LogAudioMixer: Display: Creating Master Submix 'MasterSubmixDefault'
[2026.02.12-15.02.44:454][ 79]LogAudioMixer: Display: Creating Master Submix 'MasterReverbSubmixDefault'
[2026.02.12-15.02.44:455][ 79]LogAudioMixer: Display: Creating Master Submix 'MasterEQSubmixDefault'
[2026.02.12-15.02.44:455][ 79]LogAudioMixer: FMixerPlatformXAudio2::StartAudioStream() called
[2026.02.12-15.02.44:455][ 79]LogAudioMixer: Display: Output buffers initialized: Frames=1024, Channels=2, Samples=2048
[2026.02.12-15.02.44:455][ 79]LogAudioMixer: Display: Starting AudioMixerPlatformInterface::RunInternal()
[2026.02.12-15.02.44:455][ 79]LogAudioMixer: Display: FMixerPlatformXAudio2::SubmitBuffer() called for the first time
[2026.02.12-15.02.44:455][ 79]LogInit: FAudioDevice initialized.
[2026.02.12-15.02.44:455][ 79]LogAudio: Display: Audio Device (ID: 12) registered with world 'Main'.
[2026.02.12-15.02.44:466][ 79]LogLoad: Game class is 'BP_GameMode_01_C'
[2026.02.12-15.02.44:468][ 79]LogWorld: Bringing World /Game/Levels/UEDPIE_0_Main.Main up for play (max tick rate 60) at 2026.02.12-16.02.44
[2026.02.12-15.02.44:468][ 79]LogWorld: Bringing up level for play took: 0.000938
[2026.02.12-15.02.44:468][ 79]LogOnline: OSS: Creating online subsystem instance for: :Context_21
[2026.02.12-15.02.44:471][ 79]PIE: Server logged in
[2026.02.12-15.02.44:471][ 79]PIE: Play in editor total start time 0,052 seconds.
[2026.02.12-15.03.05:284][324]LogSlate: Updating window title bar state: overlay mode, drag disabled, window buttons hidden, title bar hidden
[2026.02.12-15.03.05:284][324]LogWorld: BeginTearingDown for /Game/Levels/UEDPIE_0_Main
[2026.02.12-15.03.05:284][324]LogWorld: UWorld::CleanupWorld for Main, bSessionEnded=true, bCleanupResources=true
[2026.02.12-15.03.05:285][324]LogSlate: InvalidateAllWidgets triggered.  All widgets were invalidated
[2026.02.12-15.03.05:296][324]LogPlayLevel: Display: Shutting down PIE online subsystems
[2026.02.12-15.03.05:300][324]LogSlate: InvalidateAllWidgets triggered.  All widgets were invalidated
[2026.02.12-15.03.05:322][324]LogAudio: Display: Audio Device unregistered from world 'None'.
[2026.02.12-15.03.05:322][324]LogAudioMixer: FMixerPlatformXAudio2::StopAudioStream() called
[2026.02.12-15.03.05:324][324]LogAudioMixer: FMixerPlatformXAudio2::StopAudioStream() called
[2026.02.12-15.03.05:326][324]LogSlate: Updating window title bar state: overlay mode, drag disabled, window buttons hidden, title bar hidden
[2026.02.12-15.03.05:330][324]LogUObjectHash: Compacting FUObjectHashTables data took   2.22ms
[2026.02.12-15.03.05:345][325]LogPlayLevel: Display: Destroying online subsystem :Context_21
[2026.02.12-15.03.45:680][301]BlueprintLog: New page: Compile BP_Spider
[2026.02.12-15.03.45:725][301]LogUObjectHash: Compacting FUObjectHashTables data took   1.54ms
[2026.02.12-15.04.51:021][ 91]BlueprintLog: New page: Compile BP_Spider
[2026.02.12-15.04.51:070][ 91]LogUObjectHash: Compacting FUObjectHashTables data took   1.64ms
[2026.02.12-15.04.52:936][197]LogTemp: Repeating last play command: Selected Viewport
[2026.02.12-15.04.52:950][197]LogPlayLevel: PlayLevel: No blueprints needed recompiling
[2026.02.12-15.04.52:950][197]PIE: New page: PIE session: Main (12 lut 2026, 17:04:52)
[2026.02.12-15.04.52:950][197]LogPlayLevel: Creating play world package: /Game/Levels/UEDPIE_0_Main
[2026.02.12-15.04.52:953][197]LogPlayLevel: PIE: StaticDuplicateObject took: (0.003266s)
[2026.02.12-15.04.52:954][197]LogAIModule: Creating AISystem for world Main
[2026.02.12-15.04.52:954][197]LogPlayLevel: PIE: World Init took: (0.000898s)
[2026.02.12-15.04.52:954][197]LogPlayLevel: PIE: Created PIE world by copying editor world from /Game/Levels/Main.Main to /Game/Levels/UEDPIE_0_Main.Main (0.004271s)
[2026.02.12-15.04.52:972][197]LogUObjectHash: Compacting FUObjectHashTables data took   1.68ms
[2026.02.12-15.04.52:973][197]LogAudio: Display: Creating Audio Device:                 Id: 13, Scope: Unique, Realtime: True
[2026.02.12-15.04.52:973][197]LogAudioMixer: Display: Audio Mixer Platform Settings:
[2026.02.12-15.04.52:973][197]LogAudioMixer: Display: 	Sample Rate:						  48000
[2026.02.12-15.04.52:973][197]LogAudioMixer: Display: 	Callback Buffer Frame Size Requested: 1024
[2026.02.12-15.04.52:973][197]LogAudioMixer: Display: 	Callback Buffer Frame Size To Use:	  1024
[2026.02.12-15.04.52:973][197]LogAudioMixer: Display: 	Number of buffers to queue:			  2
[2026.02.12-15.04.52:973][197]LogAudioMixer: Display: 	Max Channels (voices):				  32
[2026.02.12-15.04.52:973][197]LogAudioMixer: Display: 	Number of Async Source Workers:		  0
[2026.02.12-15.04.52:973][197]LogAudio: Display: AudioDevice MaxSources: 32
[2026.02.12-15.04.52:973][197]LogAudio: Display: Audio Spatialization Plugin: None (built-in).
[2026.02.12-15.04.52:973][197]LogAudio: Display: Audio Reverb Plugin: None (built-in).
[2026.02.12-15.04.52:973][197]LogAudio: Display: Audio Occlusion Plugin: None (built-in).
[2026.02.12-15.04.52:973][197]LogAudioMixer: Display: Initializing audio mixer.
[2026.02.12-15.04.52:976][197]LogAudioMixer: Display: 0: FrontLeft
[2026.02.12-15.04.52:976][197]LogAudioMixer: Display: 1: FrontRight
[2026.02.12-15.04.52:984][197]LogAudioMixer: Display: Using Audio Device Speakers (USB Audio Device)
[2026.02.12-15.04.52:984][197]LogAudioMixer: Display: Initializing Sound Submixes...
[2026.02.12-15.04.52:984][197]LogAudioMixer: Display: Creating Master Submix 'MasterSubmixDefault'
[2026.02.12-15.04.52:984][197]LogAudioMixer: Display: Creating Master Submix 'MasterReverbSubmixDefault'
[2026.02.12-15.04.52:986][197]LogAudioMixer: Display: Creating Master Submix 'MasterEQSubmixDefault'
[2026.02.12-15.04.52:986][197]LogAudioMixer: FMixerPlatformXAudio2::StartAudioStream() called
[2026.02.12-15.04.52:986][197]LogAudioMixer: Display: Output buffers initialized: Frames=1024, Channels=2, Samples=2048
[2026.02.12-15.04.52:986][197]LogAudioMixer: Display: Starting AudioMixerPlatformInterface::RunInternal()
[2026.02.12-15.04.52:986][197]LogAudioMixer: Display: FMixerPlatformXAudio2::SubmitBuffer() called for the first time
[2026.02.12-15.04.52:986][197]LogInit: FAudioDevice initialized.
[2026.02.12-15.04.52:986][197]LogAudio: Display: Audio Device (ID: 13) registered with world 'Main'.
[2026.02.12-15.04.52:994][197]LogLoad: Game class is 'BP_GameMode_01_C'
[2026.02.12-15.04.52:996][197]LogWorld: Bringing World /Game/Levels/UEDPIE_0_Main.Main up for play (max tick rate 60) at 2026.02.12-16.04.52
[2026.02.12-15.04.52:996][197]LogWorld: Bringing up level for play took: 0.000903
[2026.02.12-15.04.52:996][197]LogOnline: OSS: Creating online subsystem instance for: :Context_22
[2026.02.12-15.04.52:999][197]PIE: Server logged in
[2026.02.12-15.04.52:999][197]PIE: Play in editor total start time 0,051 seconds.
[2026.02.12-15.05.06:024][977]LogSlate: Updating window title bar state: overlay mode, drag disabled, window buttons hidden, title bar hidden
[2026.02.12-15.05.06:024][977]LogWorld: BeginTearingDown for /Game/Levels/UEDPIE_0_Main
[2026.02.12-15.05.06:024][977]LogWorld: UWorld::CleanupWorld for Main, bSessionEnded=true, bCleanupResources=true
[2026.02.12-15.05.06:024][977]LogSlate: InvalidateAllWidgets triggered.  All widgets were invalidated
[2026.02.12-15.05.06:038][977]LogPlayLevel: Display: Shutting down PIE online subsystems
[2026.02.12-15.05.06:042][977]LogSlate: InvalidateAllWidgets triggered.  All widgets were invalidated
[2026.02.12-15.05.06:066][977]LogSlate: Updating window title bar state: overlay mode, drag disabled, window buttons hidden, title bar hidden
[2026.02.12-15.05.06:067][977]LogAudioMixer: FMixerPlatformXAudio2::StopAudioStream() called
[2026.02.12-15.05.06:070][977]LogAudioMixer: FMixerPlatformXAudio2::StopAudioStream() called
[2026.02.12-15.05.06:075][977]LogUObjectHash: Compacting FUObjectHashTables data took   2.10ms
[2026.02.12-15.05.06:127][979]LogPlayLevel: Display: Destroying online subsystem :Context_22
[2026.02.12-15.05.10:308][228]LogEditorTransaction: Undo Create Pin Link
[2026.02.12-15.05.10:528][239]LogEditorTransaction: Undo Move Node
[2026.02.12-15.05.10:703][247]LogEditorTransaction: Undo Create Pin Link
[2026.02.12-15.05.10:896][256]LogEditorTransaction: Undo Create Pin Link
[2026.02.12-15.05.11:096][267]LogEditorTransaction: Undo Create Pin Link
[2026.02.12-15.05.11:266][277]LogEditorTransaction: Undo Break Pin Links
[2026.02.12-15.05.11:449][287]LogEditorTransaction: Undo Move Node
[2026.02.12-15.05.11:637][298]LogEditorTransaction: Undo Move Node
[2026.02.12-15.05.11:845][310]LogEditorTransaction: Undo Delete current selection
[2026.02.12-15.05.12:059][322]LogEditorTransaction: Undo Move Node
[2026.02.12-15.05.12:226][331]LogEditorTransaction: Undo Create Pin Link
[2026.02.12-15.05.12:423][342]LogEditorTransaction: Undo Move Node
[2026.02.12-15.05.12:613][352]LogEditorTransaction: Undo Break Pin Links
[2026.02.12-15.05.12:799][361]LogEditorTransaction: Undo Break Pin Links
[2026.02.12-15.05.12:986][371]LogEditorTransaction: Undo Move Node
[2026.02.12-15.05.13:145][380]LogEditorTransaction: Undo Move Node
[2026.02.12-15.05.15:846][538]Cmd: OBJ SAVEPACKAGE PACKAGE="/Game/BluePrintClass/BP_Spider" FILE="../../../../../Repozytoria/UE 4.27/KZ_TopDownShooter/TopDownAC/Content/BluePrintClass/BP_Spider.uasset" SILENT=true
[2026.02.12-15.05.15:874][538]LogSavePackage: Moving '../../../../../Repozytoria/UE 4.27/KZ_TopDownShooter/TopDownAC/Saved/BP_Spider034D954749DCE916E41C81993B275C82.tmp' to '../../../../../Repozytoria/UE 4.27/KZ_TopDownShooter/TopDownAC/Content/BluePrintClass/BP_Spider.uasset'
[2026.02.12-15.05.15:888][538]AssetCheck: New page: Asset Save: BP_Spider
[2026.02.12-15.05.15:888][538]LogContentValidation: Display: Validating Blueprint /Game/BluePrintClass/BP_Spider.BP_Spider
[2026.02.12-15.05.31:483][276]BlueprintLog: New page: Compile BP_Spider
[2026.02.12-15.05.31:526][276]LogUObjectHash: Compacting FUObjectHashTables data took   1.79ms
[2026.02.12-15.06.33:166][303]BlueprintLog: New page: Compile BP_Spider
[2026.02.12-15.06.33:176][303]LogBlueprint: Error: [AssetLog] D:\Repozytoria\UE 4.27\KZ_TopDownShooter\TopDownAC\Content\BluePrintClass\BP_Spider.uasset: [Compiler] This blueprint (self) is not a ActorComponent, therefore ' Target ' must have a connection.
[2026.02.12-15.06.33:228][303]LogUObjectHash: Compacting FUObjectHashTables data took   3.68ms
[2026.02.12-15.06.38:065][587]BlueprintLog: New page: Compile BP_Spider
[2026.02.12-15.06.38:106][587]LogUObjectHash: Compacting FUObjectHashTables data took   1.83ms
[2026.02.12-15.06.40:254][712]LogTemp: Repeating last play command: Selected Viewport
[2026.02.12-15.06.40:260][712]LogPlayLevel: PlayLevel: No blueprints needed recompiling
[2026.02.12-15.06.40:260][712]PIE: New page: PIE session: Main (12 lut 2026, 17:06:40)
[2026.02.12-15.06.40:260][712]LogPlayLevel: Creating play world package: /Game/Levels/UEDPIE_0_Main
[2026.02.12-15.06.40:263][712]LogPlayLevel: PIE: StaticDuplicateObject took: (0.003037s)
[2026.02.12-15.06.40:264][712]LogAIModule: Creating AISystem for world Main
[2026.02.12-15.06.40:264][712]LogPlayLevel: PIE: World Init took: (0.000885s)
[2026.02.12-15.06.40:264][712]LogPlayLevel: PIE: Created PIE world by copying editor world from /Game/Levels/Main.Main to /Game/Levels/UEDPIE_0_Main.Main (0.004035s)
[2026.02.12-15.06.40:284][712]LogUObjectHash: Compacting FUObjectHashTables data took   1.61ms
[2026.02.12-15.06.40:285][712]LogAudio: Display: Creating Audio Device:                 Id: 14, Scope: Unique, Realtime: True
[2026.02.12-15.06.40:285][712]LogAudioMixer: Display: Audio Mixer Platform Settings:
[2026.02.12-15.06.40:285][712]LogAudioMixer: Display: 	Sample Rate:						  48000
[2026.02.12-15.06.40:285][712]LogAudioMixer: Display: 	Callback Buffer Frame Size Requested: 1024
[2026.02.12-15.06.40:285][712]LogAudioMixer: Display: 	Callback Buffer Frame Size To Use:	  1024
[2026.02.12-15.06.40:285][712]LogAudioMixer: Display: 	Number of buffers to queue:			  2
[2026.02.12-15.06.40:285][712]LogAudioMixer: Display: 	Max Channels (voices):				  32
[2026.02.12-15.06.40:285][712]LogAudioMixer: Display: 	Number of Async Source Workers:		  0
[2026.02.12-15.06.40:285][712]LogAudio: Display: AudioDevice MaxSources: 32
[2026.02.12-15.06.40:285][712]LogAudio: Display: Audio Spatialization Plugin: None (built-in).
[2026.02.12-15.06.40:285][712]LogAudio: Display: Audio Reverb Plugin: None (built-in).
[2026.02.12-15.06.40:285][712]LogAudio: Display: Audio Occlusion Plugin: None (built-in).
[2026.02.12-15.06.40:285][712]LogAudioMixer: Display: Initializing audio mixer.
[2026.02.12-15.06.40:287][712]LogAudioMixer: Display: 0: FrontLeft
[2026.02.12-15.06.40:287][712]LogAudioMixer: Display: 1: FrontRight
[2026.02.12-15.06.40:295][712]LogAudioMixer: Display: Using Audio Device Speakers (USB Audio Device)
[2026.02.12-15.06.40:296][712]LogAudioMixer: Display: Initializing Sound Submixes...
[2026.02.12-15.06.40:296][712]LogAudioMixer: Display: Creating Master Submix 'MasterSubmixDefault'
[2026.02.12-15.06.40:296][712]LogAudioMixer: Display: Creating Master Submix 'MasterReverbSubmixDefault'
[2026.02.12-15.06.40:296][712]LogAudioMixer: Display: Creating Master Submix 'MasterEQSubmixDefault'
[2026.02.12-15.06.40:296][712]LogAudioMixer: FMixerPlatformXAudio2::StartAudioStream() called
[2026.02.12-15.06.40:296][712]LogAudioMixer: Display: Output buffers initialized: Frames=1024, Channels=2, Samples=2048
[2026.02.12-15.06.40:297][712]LogAudioMixer: Display: Starting AudioMixerPlatformInterface::RunInternal()
[2026.02.12-15.06.40:297][712]LogAudioMixer: Display: FMixerPlatformXAudio2::SubmitBuffer() called for the first time
[2026.02.12-15.06.40:297][712]LogInit: FAudioDevice initialized.
[2026.02.12-15.06.40:297][712]LogAudio: Display: Audio Device (ID: 14) registered with world 'Main'.
[2026.02.12-15.06.40:305][712]LogLoad: Game class is 'BP_GameMode_01_C'
[2026.02.12-15.06.40:306][712]LogWorld: Bringing World /Game/Levels/UEDPIE_0_Main.Main up for play (max tick rate 60) at 2026.02.12-16.06.40
[2026.02.12-15.06.40:306][712]LogWorld: Bringing up level for play took: 0.000908
[2026.02.12-15.06.40:306][712]LogOnline: OSS: Creating online subsystem instance for: :Context_23
[2026.02.12-15.06.40:309][712]PIE: Server logged in
[2026.02.12-15.06.40:309][712]PIE: Play in editor total start time 0,05 seconds.
[2026.02.12-15.06.52:244][426]LogSlate: Updating window title bar state: overlay mode, drag disabled, window buttons hidden, title bar hidden
[2026.02.12-15.06.52:244][426]LogWorld: BeginTearingDown for /Game/Levels/UEDPIE_0_Main
[2026.02.12-15.06.52:245][426]LogWorld: UWorld::CleanupWorld for Main, bSessionEnded=true, bCleanupResources=true
[2026.02.12-15.06.52:245][426]LogSlate: InvalidateAllWidgets triggered.  All widgets were invalidated
[2026.02.12-15.06.52:257][426]LogPlayLevel: Display: Shutting down PIE online subsystems
[2026.02.12-15.06.52:259][426]LogSlate: InvalidateAllWidgets triggered.  All widgets were invalidated
[2026.02.12-15.06.52:277][426]LogAudio: Display: Audio Device unregistered from world 'None'.
[2026.02.12-15.06.52:277][426]LogAudioMixer: FMixerPlatformXAudio2::StopAudioStream() called
[2026.02.12-15.06.52:278][426]LogAudioMixer: FMixerPlatformXAudio2::StopAudioStream() called
[2026.02.12-15.06.52:279][426]LogSlate: Updating window title bar state: overlay mode, drag disabled, window buttons hidden, title bar hidden
[2026.02.12-15.06.52:283][426]LogUObjectHash: Compacting FUObjectHashTables data took   2.09ms
[2026.02.12-15.06.52:334][429]LogPlayLevel: Display: Destroying online subsystem :Context_23
[2026.02.12-15.07.04:642][159]BlueprintLog: New page: Compile BP_GameMode_01
[2026.02.12-15.07.04:668][159]LogUObjectHash: Compacting FUObjectHashTables data took   1.66ms
[2026.02.12-15.07.06:320][257]BlueprintLog: New page: Compile BP_Spider
[2026.02.12-15.07.06:369][257]LogUObjectHash: Compacting FUObjectHashTables data took   1.74ms
[2026.02.12-15.07.52:193][358]LogProperty: Warning: ClassProperty /Script/BlueprintGraph.K2Node_DynamicCast:TargetType: unresolved reference to 'BlueprintGeneratedClass'"/Game/Blueprints/Pawns/BP_Marine.BP_Marine_C"''
[2026.02.12-15.07.52:193][358]LogProperty: Warning: ObjectProperty /Script/Engine.MemberReference:MemberParent: unresolved reference to 'BlueprintGeneratedClass'"/Game/Blueprints/Pawns/BP_Marine.BP_Marine_C"',MemberName="Increase Kills",MemberGuid=736312694DDD096748FE5BAFF7B99CBE)'
[2026.02.12-15.07.52:194][358]LogProperty: Warning: ClassProperty /Script/BlueprintGraph.K2Node_DynamicCast:TargetType: unresolved reference to 'BlueprintGeneratedClass'"/Game/Blueprints/GameMode/BP_MarsMarine_GameMode.BP_MarsMarine_GameMode_C"''
[2026.02.12-15.07.52:194][358]LogProperty: Warning: ObjectProperty /Script/Engine.MemberReference:MemberParent: unresolved reference to 'BlueprintGeneratedClass'"/Game/Blueprints/GameMode/BP_MarsMarine_GameMode.BP_MarsMarine_GameMode_C"',MemberName="Register Alien Death",MemberGuid=B8DDC867433AC3B51A1368A6F0A5BC6B)'
[2026.02.12-15.08.08:484][206]BlueprintLog: New page: Compile BP_Spider
[2026.02.12-15.08.08:530][206]LogUObjectHash: Compacting FUObjectHashTables data took   1.54ms
[2026.02.12-15.09.17:507][244]LogSlate: Window 'Fix Self Context Function References' being destroyed
[2026.02.12-15.09.21:273][397]LogSlate: Window 'Fix Self Context Function References' being destroyed
[2026.02.12-15.09.47:061][644]BlueprintLog: New page: Compile BP_GameMode_01
[2026.02.12-15.09.47:092][644]LogUObjectHash: Compacting FUObjectHashTables data took   1.72ms
[2026.02.12-15.10.36:814][868]BlueprintLog: New page: Compile BP_GameMode_01
[2026.02.12-15.10.36:851][868]LogUObjectHash: Compacting FUObjectHashTables data took   1.88ms
[2026.02.12-15.10.45:925][220]LogEditorTransaction: Undo Paste Variable: Current Wave_0
[2026.02.12-15.10.47:334][299]BlueprintLog: New page: Compile BP_GameMode_01
[2026.02.12-15.10.47:369][299]LogUObjectHash: Compacting FUObjectHashTables data took   1.91ms
[2026.02.12-15.10.55:749][531]BlueprintLog: New page: Compile BP_GameMode_01
[2026.02.12-15.10.55:753][531]LogBlueprint: Error: [AssetLog] D:\Repozytoria\UE 4.27\KZ_TopDownShooter\TopDownAC\Content\BluePrintClass\BP_GameMode_01.uasset: [Compiler] Spawn node  SpawnActor NONE  must have a  Class  specified.
[2026.02.12-15.10.55:753][531]LogBlueprint: Warning: [AssetLog] D:\Repozytoria\UE 4.27\KZ_TopDownShooter\TopDownAC\Content\BluePrintClass\BP_GameMode_01.uasset: [Compiler] Input pin  Instigator  specifying non-default value no longer exists on node  SpawnActor NONE . Please refresh node or reset pin to default value to remove pin.
[2026.02.12-15.10.55:753][531]LogBlueprint: Error: [AssetLog] D:\Repozytoria\UE 4.27\KZ_TopDownShooter\TopDownAC\Content\BluePrintClass\BP_GameMode_01.uasset: [Compiler] In use pin  Aliens  no longer exists on node  Get . Please refresh node or break links to remove pin.
[2026.02.12-15.10.55:801][531]LogUObjectHash: Compacting FUObjectHashTables data took   1.79ms
[2026.02.12-15.11.33:550][216]LogEditorTransaction: Undo Add Node
[2026.02.12-15.11.46:195][951]LogSlate: Prevented a slow task dialog from being summoned while a context menu was open
[2026.02.12-15.11.46:209][951]LogEditorClassViewer: Warning: Class /Engine/Tutorial/InWorldBlueprintEditing/TutorialAssets/IWBE_Blutility.IWBE_Blutility_C has parent /Script/Blutility.PlacedEditorUtilityBase, but this parent is not found. The Class will not be shown in ClassViewer.
[2026.02.12-15.11.51:398][258]BlueprintLog: New page: Compile BP_GameMode_01
[2026.02.12-15.11.51:438][258]LogUObjectHash: Compacting FUObjectHashTables data took   1.86ms
[2026.02.12-15.12.09:960][259]BlueprintLog: New page: Compile BP_GameMode_01
[2026.02.12-15.12.10:002][259]LogUObjectHash: Compacting FUObjectHashTables data took   1.54ms
[2026.02.12-15.12.58:102][409]BlueprintLog: New page: Compile BP_GameMode_01
[2026.02.12-15.12.58:145][409]LogUObjectHash: Compacting FUObjectHashTables data took   1.93ms
[2026.02.12-15.12.58:436][426]BlueprintLog: New page: Compile BP_GameMode_01
[2026.02.12-15.12.58:484][426]LogUObjectHash: Compacting FUObjectHashTables data took   1.78ms
[2026.02.12-15.13.01:875][628]BlueprintLog: New page: Compile BP_GameMode_01
[2026.02.12-15.13.01:915][628]LogUObjectHash: Compacting FUObjectHashTables data took   1.59ms
[2026.02.12-15.13.02:492][659]LogUObjectHash: Compacting FUObjectHashTables data took   1.74ms
[2026.02.12-15.13.02:498][659]LogSavePackage: Moving '../../../../../Repozytoria/UE 4.27/KZ_TopDownShooter/TopDownAC/Saved/Main_Auto5922FCBCE4D775DECC055008440D9428E.tmp' to '../../../../../Repozytoria/UE 4.27/KZ_TopDownShooter/TopDownAC/Saved/Autosaves/Game/Levels/Main_Auto5.umap'
[2026.02.12-15.13.02:498][659]LogFileHelpers: Editor autosave (incl. external actors) for '/Game/Levels/Main' took 0.026
[2026.02.12-15.13.02:498][659]LogFileHelpers: Editor autosave (incl. sublevels & external actors) for all levels took 0.026
[2026.02.12-15.13.02:499][659]OBJ SavePackage: Generating thumbnails for [1] asset(s) in package [/Game/BluePrintClass/BP_Spider] ([4] browsable assets)...
[2026.02.12-15.13.02:516][659]OBJ SavePackage:     Rendered thumbnail for [Blueprint /Game/BluePrintClass/BP_Spider.BP_Spider]
[2026.02.12-15.13.02:532][659]OBJ SavePackage:     Rendered thumbnail for [Blueprint /Game/BluePrintClass/BP_Spider.BP_Spider]
[2026.02.12-15.13.02:532][659]OBJ SavePackage: Finished generating thumbnails for package [/Game/BluePrintClass/BP_Spider]
[2026.02.12-15.13.02:558][659]LogSavePackage: Moving '../../../../../Repozytoria/UE 4.27/KZ_TopDownShooter/TopDownAC/Saved/BP_Spider_Auto516B133B746772066D976C78377700475.tmp' to '../../../../../Repozytoria/UE 4.27/KZ_TopDownShooter/TopDownAC/Saved/Autosaves/Game/BluePrintClass/BP_Spider_Auto5.uasset'
[2026.02.12-15.13.02:559][659]OBJ SavePackage: Generating thumbnails for [0] asset(s) in package [/Game/BluePrintClass/BP_GameMode_01] ([4] browsable assets)...
[2026.02.12-15.13.02:559][659]OBJ SavePackage: Finished generating thumbnails for package [/Game/BluePrintClass/BP_GameMode_01]
[2026.02.12-15.13.02:569][659]LogSavePackage: Moving '../../../../../Repozytoria/UE 4.27/KZ_TopDownShooter/TopDownAC/Saved/BP_GameMode_01_Auto587D4226C47A5B991F110C49A89009179.tmp' to '../../../../../Repozytoria/UE 4.27/KZ_TopDownShooter/TopDownAC/Saved/Autosaves/Game/BluePrintClass/BP_GameMode_01_Auto5.uasset'
[2026.02.12-15.13.02:569][659]LogFileHelpers: Auto-saving content packages took 0.071
[2026.02.12-15.13.04:671][785]BlueprintLog: New page: Compile BP_Spider
[2026.02.12-15.13.04:719][785]LogUObjectHash: Compacting FUObjectHashTables data took   1.48ms
[2026.02.12-15.13.06:482][890]BlueprintLog: New page: Compile BP_Spider
[2026.02.12-15.13.06:523][890]LogUObjectHash: Compacting FUObjectHashTables data took   1.85ms
[2026.02.12-15.13.26:903][103]BlueprintLog: New page: Compile BP_GameMode_01
[2026.02.12-15.13.26:940][103]LogUObjectHash: Compacting FUObjectHashTables data took   1.98ms
[2026.02.12-15.23.02:919][160]LogUObjectHash: Compacting FUObjectHashTables data took   2.46ms
[2026.02.12-15.23.02:928][160]LogSavePackage: Moving '../../../../../Repozytoria/UE 4.27/KZ_TopDownShooter/TopDownAC/Saved/Main_Auto65D42F3AA42F4C8C05B4F4D9FC922BCC8.tmp' to '../../../../../Repozytoria/UE 4.27/KZ_TopDownShooter/TopDownAC/Saved/Autosaves/Game/Levels/Main_Auto6.umap'
[2026.02.12-15.23.02:929][160]LogFileHelpers: Editor autosave (incl. external actors) for '/Game/Levels/Main' took 0.038
[2026.02.12-15.23.02:929][160]LogFileHelpers: Editor autosave (incl. sublevels & external actors) for all levels took 0.038
[2026.02.12-15.23.02:929][160]OBJ SavePackage: Generating thumbnails for [0] asset(s) in package [/Game/BluePrintClass/BP_GameMode_01] ([4] browsable assets)...
[2026.02.12-15.23.02:929][160]OBJ SavePackage: Finished generating thumbnails for package [/Game/BluePrintClass/BP_GameMode_01]
[2026.02.12-15.23.02:937][160]LogSavePackage: Moving '../../../../../Repozytoria/UE 4.27/KZ_TopDownShooter/TopDownAC/Saved/BP_GameMode_01_Auto6A291AB84432DD2C3719E8584DF6AC931.tmp' to '../../../../../Repozytoria/UE 4.27/KZ_TopDownShooter/TopDownAC/Saved/Autosaves/Game/BluePrintClass/BP_GameMode_01_Auto6.uasset'
[2026.02.12-15.23.02:937][160]LogFileHelpers: Auto-saving content packages took 0.009
[2026.02.12-15.34.24:480][178]LogAssetEditorSubsystem: Opening Asset editor for Blueprint /Game/BluePrintClass/BP_PLAYER.BP_PLAYER
[2026.02.12-15.34.29:225][445]BlueprintLog: New page: Compile BP_PLAYER
[2026.02.12-15.34.29:277][445]LogUObjectHash: Compacting FUObjectHashTables data took   1.63ms
[2026.02.12-15.34.33:653][705]BlueprintLog: New page: Compile BP_Spider
[2026.02.12-15.34.33:711][705]LogUObjectHash: Compacting FUObjectHashTables data took   1.68ms
[2026.02.12-15.35.18:469][662]LogSlate: Window 'Fix Self Context Function References' being destroyed
[2026.02.12-15.35.48:572][644]LogEditorTransaction: Undo Add New Function
[2026.02.12-15.35.53:370][925]Cmd: TRANSACTION UNDO
[2026.02.12-15.35.53:370][925]LogEditorTransaction: Undo Add New Function
[2026.02.12-15.36.48:812][956]BlueprintLog: New page: Compile BP_GameMode_01
[2026.02.12-15.36.48:857][956]LogUObjectHash: Compacting FUObjectHashTables data took   1.80ms
[2026.02.12-15.37.06:765][ 24]BlueprintLog: New page: Compile BP_Spider
[2026.02.12-15.37.06:775][ 24]LogBlueprint: Error: [AssetLog] D:\Repozytoria\UE 4.27\KZ_TopDownShooter\TopDownAC\Content\BluePrintClass\BP_Spider.uasset: [Compiler] This blueprint (self) is not a BP_PLAYER_C, therefore ' Target ' must have a connection.
[2026.02.12-15.37.06:776][ 24]LogBlueprint: Error: [AssetLog] D:\Repozytoria\UE 4.27\KZ_TopDownShooter\TopDownAC\Content\BluePrintClass\BP_Spider.uasset: [Compiler] The type of  Object  is undetermined.  Connect something to  Cast To BP_GameMode_01  to imply a specific type.
[2026.02.12-15.37.06:777][ 24]LogBlueprint: Error: [AssetLog] D:\Repozytoria\UE 4.27\KZ_TopDownShooter\TopDownAC\Content\BluePrintClass\BP_Spider.uasset: [Compiler] The current value of the ' Object ' pin is invalid: Unsupported type Object Wildcard on pin Object
[2026.02.12-15.37.06:816][ 24]LogUObjectHash: Compacting FUObjectHashTables data took   1.67ms
[2026.02.12-15.37.10:002][212]BlueprintLog: New page: Compile BP_Spider
[2026.02.12-15.37.10:013][212]LogBlueprint: Error: [AssetLog] D:\Repozytoria\UE 4.27\KZ_TopDownShooter\TopDownAC\Content\BluePrintClass\BP_Spider.uasset: [Compiler] This blueprint (self) is not a BP_PLAYER_C, therefore ' Target ' must have a connection.
[2026.02.12-15.37.10:013][212]LogBlueprint: Error: [AssetLog] D:\Repozytoria\UE 4.27\KZ_TopDownShooter\TopDownAC\Content\BluePrintClass\BP_Spider.uasset: [Compiler] The type of  Object  is undetermined.  Connect something to  Cast To BP_GameMode_01  to imply a specific type.
[2026.02.12-15.37.10:013][212]LogBlueprint: Error: [AssetLog] D:\Repozytoria\UE 4.27\KZ_TopDownShooter\TopDownAC\Content\BluePrintClass\BP_Spider.uasset: [Compiler] The current value of the ' Object ' pin is invalid: Unsupported type Object Wildcard on pin Object
[2026.02.12-15.37.10:051][212]LogUObjectHash: Compacting FUObjectHashTables data took   1.53ms
[2026.02.12-15.37.20:885][856]BlueprintLog: New page: Compile BP_Spider
[2026.02.12-15.37.20:896][856]LogBlueprint: Error: [AssetLog] D:\Repozytoria\UE 4.27\KZ_TopDownShooter\TopDownAC\Content\BluePrintClass\BP_Spider.uasset: [Compiler] This blueprint (self) is not a BP_PLAYER_C, therefore ' Target ' must have a connection.
[2026.02.12-15.37.20:896][856]LogBlueprint: Error: [AssetLog] D:\Repozytoria\UE 4.27\KZ_TopDownShooter\TopDownAC\Content\BluePrintClass\BP_Spider.uasset: [Compiler] The type of  Object  is undetermined.  Connect something to  Cast To BP_GameMode_01  to imply a specific type.
[2026.02.12-15.37.20:897][856]LogBlueprint: Error: [AssetLog] D:\Repozytoria\UE 4.27\KZ_TopDownShooter\TopDownAC\Content\BluePrintClass\BP_Spider.uasset: [Compiler] The current value of the ' Object ' pin is invalid: Unsupported type Object Wildcard on pin Object
[2026.02.12-15.37.20:932][856]LogUObjectHash: Compacting FUObjectHashTables data took   1.53ms
[2026.02.12-15.37.35:994][733]BlueprintLog: New page: Compile BP_Spider
[2026.02.12-15.37.36:003][733]LogBlueprint: Error: [AssetLog] D:\Repozytoria\UE 4.27\KZ_TopDownShooter\TopDownAC\Content\BluePrintClass\BP_Spider.uasset: [Compiler] This blueprint (self) is not a BP_PLAYER_C, therefore ' Target ' must have a connection.
[2026.02.12-15.37.36:003][733]LogBlueprint: Error: [AssetLog] D:\Repozytoria\UE 4.27\KZ_TopDownShooter\TopDownAC\Content\BluePrintClass\BP_Spider.uasset: [Compiler] The type of  Object  is undetermined.  Connect something to  Cast To BP_GameMode_01  to imply a specific type.
[2026.02.12-15.37.36:004][733]LogBlueprint: Error: [AssetLog] D:\Repozytoria\UE 4.27\KZ_TopDownShooter\TopDownAC\Content\BluePrintClass\BP_Spider.uasset: [Compiler] The current value of the ' Object ' pin is invalid: Unsupported type Object Wildcard on pin Object
[2026.02.12-15.37.36:043][733]LogUObjectHash: Compacting FUObjectHashTables data took   1.73ms
[2026.02.12-15.37.57:258][957]BlueprintLog: New page: Compile BP_PLAYER
[2026.02.12-15.37.57:303][957]LogUObjectHash: Compacting FUObjectHashTables data took   1.56ms
[2026.02.12-15.37.58:307][ 16]BlueprintLog: New page: Compile BP_Spider
[2026.02.12-15.37.58:358][ 16]LogUObjectHash: Compacting FUObjectHashTables data took   1.50ms
[2026.02.12-15.38.04:758][396]BlueprintLog: New page: Compile BP_GameMode_01
[2026.02.12-15.38.04:793][396]LogUObjectHash: Compacting FUObjectHashTables data took   1.79ms
[2026.02.12-15.38.11:080][761]LogTemp: Repeating last play command: Selected Viewport
[2026.02.12-15.38.11:088][761]LogPlayLevel: PlayLevel: No blueprints needed recompiling
[2026.02.12-15.38.11:088][761]PIE: New page: PIE session: Main (12 lut 2026, 17:38:11)
[2026.02.12-15.38.11:088][761]LogPlayLevel: Creating play world package: /Game/Levels/UEDPIE_0_Main
[2026.02.12-15.38.11:091][761]LogPlayLevel: PIE: StaticDuplicateObject took: (0.002533s)
[2026.02.12-15.38.11:091][761]LogAIModule: Creating AISystem for world Main
[2026.02.12-15.38.11:091][761]LogPlayLevel: PIE: World Init took: (0.000911s)
[2026.02.12-15.38.11:091][761]LogPlayLevel: PIE: Created PIE world by copying editor world from /Game/Levels/Main.Main to /Game/Levels/UEDPIE_0_Main.Main (0.003553s)
[2026.02.12-15.38.11:114][761]LogUObjectHash: Compacting FUObjectHashTables data took   1.43ms
[2026.02.12-15.38.11:115][761]LogAudio: Display: Creating Audio Device:                 Id: 15, Scope: Unique, Realtime: True
[2026.02.12-15.38.11:115][761]LogAudioMixer: Display: Audio Mixer Platform Settings:
[2026.02.12-15.38.11:115][761]LogAudioMixer: Display: 	Sample Rate:						  48000
[2026.02.12-15.38.11:115][761]LogAudioMixer: Display: 	Callback Buffer Frame Size Requested: 1024
[2026.02.12-15.38.11:115][761]LogAudioMixer: Display: 	Callback Buffer Frame Size To Use:	  1024
[2026.02.12-15.38.11:115][761]LogAudioMixer: Display: 	Number of buffers to queue:			  2
[2026.02.12-15.38.11:115][761]LogAudioMixer: Display: 	Max Channels (voices):				  32
[2026.02.12-15.38.11:115][761]LogAudioMixer: Display: 	Number of Async Source Workers:		  0
[2026.02.12-15.38.11:115][761]LogAudio: Display: AudioDevice MaxSources: 32
[2026.02.12-15.38.11:116][761]LogAudio: Display: Audio Spatialization Plugin: None (built-in).
[2026.02.12-15.38.11:116][761]LogAudio: Display: Audio Reverb Plugin: None (built-in).
[2026.02.12-15.38.11:116][761]LogAudio: Display: Audio Occlusion Plugin: None (built-in).
[2026.02.12-15.38.11:116][761]LogAudioMixer: Display: Initializing audio mixer.
[2026.02.12-15.38.11:119][761]LogAudioMixer: Display: 0: FrontLeft
[2026.02.12-15.38.11:119][761]LogAudioMixer: Display: 1: FrontRight
[2026.02.12-15.38.11:129][761]LogAudioMixer: Display: Using Audio Device Speakers (USB Audio Device)
[2026.02.12-15.38.11:129][761]LogAudioMixer: Display: Initializing Sound Submixes...
[2026.02.12-15.38.11:129][761]LogAudioMixer: Display: Creating Master Submix 'MasterSubmixDefault'
[2026.02.12-15.38.11:129][761]LogAudioMixer: Display: Creating Master Submix 'MasterReverbSubmixDefault'
[2026.02.12-15.38.11:130][761]LogAudioMixer: Display: Creating Master Submix 'MasterEQSubmixDefault'
[2026.02.12-15.38.11:130][761]LogAudioMixer: FMixerPlatformXAudio2::StartAudioStream() called
[2026.02.12-15.38.11:130][761]LogAudioMixer: Display: Output buffers initialized: Frames=1024, Channels=2, Samples=2048
[2026.02.12-15.38.11:131][761]LogAudioMixer: Display: Starting AudioMixerPlatformInterface::RunInternal()
[2026.02.12-15.38.11:131][761]LogAudioMixer: Display: FMixerPlatformXAudio2::SubmitBuffer() called for the first time
[2026.02.12-15.38.11:131][761]LogInit: FAudioDevice initialized.
[2026.02.12-15.38.11:131][761]LogAudio: Display: Audio Device (ID: 15) registered with world 'Main'.
[2026.02.12-15.38.11:140][761]LogLoad: Game class is 'BP_GameMode_01_C'
[2026.02.12-15.38.11:141][761]LogWorld: Bringing World /Game/Levels/UEDPIE_0_Main.Main up for play (max tick rate 60) at 2026.02.12-16.38.11
[2026.02.12-15.38.11:141][761]LogWorld: Bringing up level for play took: 0.001058
[2026.02.12-15.38.11:142][761]LogOnline: OSS: Creating online subsystem instance for: :Context_25
[2026.02.12-15.38.11:145][761]PIE: Server logged in
[2026.02.12-15.38.11:146][761]PIE: Play in editor total start time 0,058 seconds.
[2026.02.12-15.38.33:975][127]LogSlate: Updating window title bar state: overlay mode, drag disabled, window buttons hidden, title bar hidden
[2026.02.12-15.38.33:975][127]LogWorld: BeginTearingDown for /Game/Levels/UEDPIE_0_Main
[2026.02.12-15.38.33:976][127]LogWorld: UWorld::CleanupWorld for Main, bSessionEnded=true, bCleanupResources=true
[2026.02.12-15.38.33:977][127]LogSlate: InvalidateAllWidgets triggered.  All widgets were invalidated
[2026.02.12-15.38.33:993][127]LogPlayLevel: Display: Shutting down PIE online subsystems
[2026.02.12-15.38.33:995][127]LogSlate: InvalidateAllWidgets triggered.  All widgets were invalidated
[2026.02.12-15.38.34:016][127]LogAudio: Display: Audio Device unregistered from world 'None'.
[2026.02.12-15.38.34:016][127]LogAudioMixer: FMixerPlatformXAudio2::StopAudioStream() called
[2026.02.12-15.38.34:018][127]LogAudioMixer: FMixerPlatformXAudio2::StopAudioStream() called
[2026.02.12-15.38.34:019][127]LogSlate: Updating window title bar state: overlay mode, drag disabled, window buttons hidden, title bar hidden
[2026.02.12-15.38.34:023][127]LogUObjectHash: Compacting FUObjectHashTables data took   1.88ms
[2026.02.12-15.38.34:040][128]LogPlayLevel: Display: Destroying online subsystem :Context_25
[2026.02.12-15.39.02:107][452]LogUObjectHash: Compacting FUObjectHashTables data took   2.25ms
[2026.02.12-15.39.02:114][452]LogSavePackage: Moving '../../../../../Repozytoria/UE 4.27/KZ_TopDownShooter/TopDownAC/Saved/Main_Auto7273F0ECA402F5599D174EFA8EEEDF086.tmp' to '../../../../../Repozytoria/UE 4.27/KZ_TopDownShooter/TopDownAC/Saved/Autosaves/Game/Levels/Main_Auto7.umap'
[2026.02.12-15.39.02:131][452]LogFileHelpers: Editor autosave (incl. external actors) for '/Game/Levels/Main' took 0.056
[2026.02.12-15.39.02:131][452]LogFileHelpers: Editor autosave (incl. sublevels & external actors) for all levels took 0.056
[2026.02.12-15.39.02:131][452]OBJ SavePackage: Generating thumbnails for [1] asset(s) in package [/Game/BluePrintClass/BP_Spider] ([4] browsable assets)...
[2026.02.12-15.39.02:158][452]OBJ SavePackage:     Rendered thumbnail for [Blueprint /Game/BluePrintClass/BP_Spider.BP_Spider]
[2026.02.12-15.39.02:189][452]OBJ SavePackage:     Rendered thumbnail for [Blueprint /Game/BluePrintClass/BP_Spider.BP_Spider]
[2026.02.12-15.39.02:189][452]OBJ SavePackage: Finished generating thumbnails for package [/Game/BluePrintClass/BP_Spider]
[2026.02.12-15.39.02:216][452]LogSavePackage: Moving '../../../../../Repozytoria/UE 4.27/KZ_TopDownShooter/TopDownAC/Saved/BP_Spider_Auto7A138CEC54E098847F9BDA1866FFDA1E7.tmp' to '../../../../../Repozytoria/UE 4.27/KZ_TopDownShooter/TopDownAC/Saved/Autosaves/Game/BluePrintClass/BP_Spider_Auto7.uasset'
[2026.02.12-15.39.02:216][452]OBJ SavePackage: Generating thumbnails for [1] asset(s) in package [/Game/BluePrintClass/BP_PLAYER] ([2] browsable assets)...
[2026.02.12-15.39.02:239][452]OBJ SavePackage:     Rendered thumbnail for [Blueprint /Game/BluePrintClass/BP_PLAYER.BP_PLAYER]
[2026.02.12-15.39.02:239][452]OBJ SavePackage: Finished generating thumbnails for package [/Game/BluePrintClass/BP_PLAYER]
[2026.02.12-15.39.02:277][452]LogSavePackage: Moving '../../../../../Repozytoria/UE 4.27/KZ_TopDownShooter/TopDownAC/Saved/BP_PLAYER_Auto73D0BE855463BCC922833528A88CC8F87.tmp' to '../../../../../Repozytoria/UE 4.27/KZ_TopDownShooter/TopDownAC/Saved/Autosaves/Game/BluePrintClass/BP_PLAYER_Auto7.uasset'
[2026.02.12-15.39.02:277][452]OBJ SavePackage: Generating thumbnails for [0] asset(s) in package [/Game/BluePrintClass/BP_GameMode_01] ([4] browsable assets)...
[2026.02.12-15.39.02:277][452]OBJ SavePackage: Finished generating thumbnails for package [/Game/BluePrintClass/BP_GameMode_01]
[2026.02.12-15.39.02:286][452]LogSavePackage: Moving '../../../../../Repozytoria/UE 4.27/KZ_TopDownShooter/TopDownAC/Saved/BP_GameMode_01_Auto79B8C216946FD0E1488043F8FB6AAB2F1.tmp' to '../../../../../Repozytoria/UE 4.27/KZ_TopDownShooter/TopDownAC/Saved/Autosaves/Game/BluePrintClass/BP_GameMode_01_Auto7.uasset'
[2026.02.12-15.39.02:286][452]LogFileHelpers: Auto-saving content packages took 0.155
[2026.02.12-15.39.38:409][638]LogTemp: Repeating last play command: Selected Viewport
[2026.02.12-15.39.38:413][638]LogPlayLevel: PlayLevel: No blueprints needed recompiling
[2026.02.12-15.39.38:413][638]PIE: New page: PIE session: Main (12 lut 2026, 17:39:38)
[2026.02.12-15.39.38:413][638]LogPlayLevel: Creating play world package: /Game/Levels/UEDPIE_0_Main
[2026.02.12-15.39.38:416][638]LogPlayLevel: PIE: StaticDuplicateObject took: (0.002419s)
[2026.02.12-15.39.38:416][638]LogAIModule: Creating AISystem for world Main
[2026.02.12-15.39.38:417][638]LogPlayLevel: PIE: World Init took: (0.000695s)
[2026.02.12-15.39.38:417][638]LogPlayLevel: PIE: Created PIE world by copying editor world from /Game/Levels/Main.Main to /Game/Levels/UEDPIE_0_Main.Main (0.003194s)
[2026.02.12-15.39.38:438][638]LogUObjectHash: Compacting FUObjectHashTables data took   1.23ms
[2026.02.12-15.39.38:438][638]LogAudio: Display: Creating Audio Device:                 Id: 16, Scope: Unique, Realtime: True
[2026.02.12-15.39.38:439][638]LogAudioMixer: Display: Audio Mixer Platform Settings:
[2026.02.12-15.39.38:439][638]LogAudioMixer: Display: 	Sample Rate:						  48000
[2026.02.12-15.39.38:439][638]LogAudioMixer: Display: 	Callback Buffer Frame Size Requested: 1024
[2026.02.12-15.39.38:439][638]LogAudioMixer: Display: 	Callback Buffer Frame Size To Use:	  1024
[2026.02.12-15.39.38:439][638]LogAudioMixer: Display: 	Number of buffers to queue:			  2
[2026.02.12-15.39.38:439][638]LogAudioMixer: Display: 	Max Channels (voices):				  32
[2026.02.12-15.39.38:439][638]LogAudioMixer: Display: 	Number of Async Source Workers:		  0
[2026.02.12-15.39.38:439][638]LogAudio: Display: AudioDevice MaxSources: 32
[2026.02.12-15.39.38:439][638]LogAudio: Display: Audio Spatialization Plugin: None (built-in).
[2026.02.12-15.39.38:439][638]LogAudio: Display: Audio Reverb Plugin: None (built-in).
[2026.02.12-15.39.38:439][638]LogAudio: Display: Audio Occlusion Plugin: None (built-in).
[2026.02.12-15.39.38:439][638]LogAudioMixer: Display: Initializing audio mixer.
[2026.02.12-15.39.38:441][638]LogAudioMixer: Display: 0: FrontLeft
[2026.02.12-15.39.38:441][638]LogAudioMixer: Display: 1: FrontRight
[2026.02.12-15.39.38:449][638]LogAudioMixer: Display: Using Audio Device Speakers (USB Audio Device)
[2026.02.12-15.39.38:449][638]LogAudioMixer: Display: Initializing Sound Submixes...
[2026.02.12-15.39.38:449][638]LogAudioMixer: Display: Creating Master Submix 'MasterSubmixDefault'
[2026.02.12-15.39.38:449][638]LogAudioMixer: Display: Creating Master Submix 'MasterReverbSubmixDefault'
[2026.02.12-15.39.38:449][638]LogAudioMixer: Display: Creating Master Submix 'MasterEQSubmixDefault'
[2026.02.12-15.39.38:449][638]LogAudioMixer: FMixerPlatformXAudio2::StartAudioStream() called
[2026.02.12-15.39.38:449][638]LogAudioMixer: Display: Output buffers initialized: Frames=1024, Channels=2, Samples=2048
[2026.02.12-15.39.38:450][638]LogAudioMixer: Display: Starting AudioMixerPlatformInterface::RunInternal()
[2026.02.12-15.39.38:450][638]LogAudioMixer: Display: FMixerPlatformXAudio2::SubmitBuffer() called for the first time
[2026.02.12-15.39.38:450][638]LogInit: FAudioDevice initialized.
[2026.02.12-15.39.38:450][638]LogAudio: Display: Audio Device (ID: 16) registered with world 'Main'.
[2026.02.12-15.39.38:459][638]LogLoad: Game class is 'BP_GameMode_01_C'
[2026.02.12-15.39.38:461][638]LogWorld: Bringing World /Game/Levels/UEDPIE_0_Main.Main up for play (max tick rate 60) at 2026.02.12-16.39.38
[2026.02.12-15.39.38:461][638]LogWorld: Bringing up level for play took: 0.000925
[2026.02.12-15.39.38:461][638]LogOnline: OSS: Creating online subsystem instance for: :Context_26
[2026.02.12-15.39.38:463][638]PIE: Server logged in
[2026.02.12-15.39.38:464][638]PIE: Play in editor total start time 0,051 seconds.
[2026.02.12-15.39.52:936][504]LogSlate: Updating window title bar state: overlay mode, drag disabled, window buttons hidden, title bar hidden
[2026.02.12-15.39.52:936][504]LogWorld: BeginTearingDown for /Game/Levels/UEDPIE_0_Main
[2026.02.12-15.39.52:936][504]LogWorld: UWorld::CleanupWorld for Main, bSessionEnded=true, bCleanupResources=true
[2026.02.12-15.39.52:937][504]LogSlate: InvalidateAllWidgets triggered.  All widgets were invalidated
[2026.02.12-15.39.52:957][504]LogPlayLevel: Display: Shutting down PIE online subsystems
[2026.02.12-15.39.52:961][504]LogSlate: InvalidateAllWidgets triggered.  All widgets were invalidated
[2026.02.12-15.39.52:984][504]LogAudio: Display: Audio Device unregistered from world 'None'.
[2026.02.12-15.39.52:984][504]LogAudioMixer: FMixerPlatformXAudio2::StopAudioStream() called
[2026.02.12-15.39.52:985][504]LogAudioMixer: FMixerPlatformXAudio2::StopAudioStream() called
[2026.02.12-15.39.52:987][504]LogSlate: Updating window title bar state: overlay mode, drag disabled, window buttons hidden, title bar hidden
[2026.02.12-15.39.52:990][504]LogUObjectHash: Compacting FUObjectHashTables data took   1.95ms
[2026.02.12-15.39.53:007][505]LogPlayLevel: Display: Destroying online subsystem :Context_26
[2026.02.12-15.39.55:235][631]LogTemp: Repeating last play command: Selected Viewport
[2026.02.12-15.39.55:250][631]LogPlayLevel: PlayLevel: No blueprints needed recompiling
[2026.02.12-15.39.55:250][631]PIE: New page: PIE session: Main (12 lut 2026, 17:39:55)
[2026.02.12-15.39.55:274][631]LogPlayLevel: Creating play world package: /Game/Levels/UEDPIE_0_Main
[2026.02.12-15.39.55:279][631]LogPlayLevel: PIE: StaticDuplicateObject took: (0.004973s)
[2026.02.12-15.39.55:281][631]LogAIModule: Creating AISystem for world Main
[2026.02.12-15.39.55:281][631]LogPlayLevel: PIE: World Init took: (0.001750s)
[2026.02.12-15.39.55:281][631]LogPlayLevel: PIE: Created PIE world by copying editor world from /Game/Levels/Main.Main to /Game/Levels/UEDPIE_0_Main.Main (0.006984s)
[2026.02.12-15.39.55:303][631]LogUObjectHash: Compacting FUObjectHashTables data took   2.15ms
[2026.02.12-15.39.55:304][631]LogAudio: Display: Creating Audio Device:                 Id: 17, Scope: Unique, Realtime: True
[2026.02.12-15.39.55:304][631]LogAudioMixer: Display: Audio Mixer Platform Settings:
[2026.02.12-15.39.55:304][631]LogAudioMixer: Display: 	Sample Rate:						  48000
[2026.02.12-15.39.55:304][631]LogAudioMixer: Display: 	Callback Buffer Frame Size Requested: 1024
[2026.02.12-15.39.55:304][631]LogAudioMixer: Display: 	Callback Buffer Frame Size To Use:	  1024
[2026.02.12-15.39.55:304][631]LogAudioMixer: Display: 	Number of buffers to queue:			  2
[2026.02.12-15.39.55:304][631]LogAudioMixer: Display: 	Max Channels (voices):				  32
[2026.02.12-15.39.55:304][631]LogAudioMixer: Display: 	Number of Async Source Workers:		  0
[2026.02.12-15.39.55:304][631]LogAudio: Display: AudioDevice MaxSources: 32
[2026.02.12-15.39.55:304][631]LogAudio: Display: Audio Spatialization Plugin: None (built-in).
[2026.02.12-15.39.55:304][631]LogAudio: Display: Audio Reverb Plugin: None (built-in).
[2026.02.12-15.39.55:304][631]LogAudio: Display: Audio Occlusion Plugin: None (built-in).
[2026.02.12-15.39.55:304][631]LogAudioMixer: Display: Initializing audio mixer.
[2026.02.12-15.39.55:307][631]LogAudioMixer: Display: 0: FrontLeft
[2026.02.12-15.39.55:307][631]LogAudioMixer: Display: 1: FrontRight
[2026.02.12-15.39.55:315][631]LogAudioMixer: Display: Using Audio Device Speakers (USB Audio Device)
[2026.02.12-15.39.55:315][631]LogAudioMixer: Display: Initializing Sound Submixes...
[2026.02.12-15.39.55:315][631]LogAudioMixer: Display: Creating Master Submix 'MasterSubmixDefault'
[2026.02.12-15.39.55:315][631]LogAudioMixer: Display: Creating Master Submix 'MasterReverbSubmixDefault'
[2026.02.12-15.39.55:316][631]LogAudioMixer: Display: Creating Master Submix 'MasterEQSubmixDefault'
[2026.02.12-15.39.55:316][631]LogAudioMixer: FMixerPlatformXAudio2::StartAudioStream() called
[2026.02.12-15.39.55:316][631]LogAudioMixer: Display: Output buffers initialized: Frames=1024, Channels=2, Samples=2048
[2026.02.12-15.39.55:316][631]LogAudioMixer: Display: Starting AudioMixerPlatformInterface::RunInternal()
[2026.02.12-15.39.55:316][631]LogAudioMixer: Display: FMixerPlatformXAudio2::SubmitBuffer() called for the first time
[2026.02.12-15.39.55:316][631]LogInit: FAudioDevice initialized.
[2026.02.12-15.39.55:317][631]LogAudio: Display: Audio Device (ID: 17) registered with world 'Main'.
[2026.02.12-15.39.55:327][631]LogLoad: Game class is 'BP_GameMode_01_C'
[2026.02.12-15.39.55:328][631]LogWorld: Bringing World /Game/Levels/UEDPIE_0_Main.Main up for play (max tick rate 60) at 2026.02.12-16.39.55
[2026.02.12-15.39.55:328][631]LogWorld: Bringing up level for play took: 0.000862
[2026.02.12-15.39.55:329][631]LogOnline: OSS: Creating online subsystem instance for: :Context_27
[2026.02.12-15.39.55:331][631]PIE: Server logged in
[2026.02.12-15.39.55:332][631]PIE: Play in editor total start time 0,083 seconds.
[2026.02.12-15.40.04:685][191]LogSlate: Updating window title bar state: overlay mode, drag disabled, window buttons hidden, title bar hidden
[2026.02.12-15.40.04:685][191]LogWorld: BeginTearingDown for /Game/Levels/UEDPIE_0_Main
[2026.02.12-15.40.04:686][191]LogWorld: UWorld::CleanupWorld for Main, bSessionEnded=true, bCleanupResources=true
[2026.02.12-15.40.04:686][191]LogSlate: InvalidateAllWidgets triggered.  All widgets were invalidated
[2026.02.12-15.40.04:703][191]LogPlayLevel: Display: Shutting down PIE online subsystems
[2026.02.12-15.40.04:707][191]LogSlate: InvalidateAllWidgets triggered.  All widgets were invalidated
[2026.02.12-15.40.04:733][191]LogAudio: Display: Audio Device unregistered from world 'None'.
[2026.02.12-15.40.04:733][191]LogAudioMixer: FMixerPlatformXAudio2::StopAudioStream() called
[2026.02.12-15.40.04:734][191]LogAudioMixer: FMixerPlatformXAudio2::StopAudioStream() called
[2026.02.12-15.40.04:736][191]LogSlate: Updating window title bar state: overlay mode, drag disabled, window buttons hidden, title bar hidden
[2026.02.12-15.40.04:739][191]LogUObjectHash: Compacting FUObjectHashTables data took   1.61ms
[2026.02.12-15.40.04:778][193]LogPlayLevel: Display: Destroying online subsystem :Context_27
[2026.02.12-15.41.44:018][131]BlueprintLog: New page: Compile BP_Spider
[2026.02.12-15.41.44:071][131]LogUObjectHash: Compacting FUObjectHashTables data took   1.68ms
[2026.02.12-15.41.46:643][281]LogTemp: Repeating last play command: Selected Viewport
[2026.02.12-15.41.46:659][281]LogPlayLevel: PlayLevel: No blueprints needed recompiling
[2026.02.12-15.41.46:659][281]PIE: New page: PIE session: Main (12 lut 2026, 17:41:46)
[2026.02.12-15.41.46:694][281]LogPlayLevel: Creating play world package: /Game/Levels/UEDPIE_0_Main
[2026.02.12-15.41.46:700][281]LogPlayLevel: PIE: StaticDuplicateObject took: (0.005721s)
[2026.02.12-15.41.46:702][281]LogAIModule: Creating AISystem for world Main
[2026.02.12-15.41.46:702][281]LogPlayLevel: PIE: World Init took: (0.002306s)
[2026.02.12-15.41.46:702][281]LogPlayLevel: PIE: Created PIE world by copying editor world from /Game/Levels/Main.Main to /Game/Levels/UEDPIE_0_Main.Main (0.008263s)
[2026.02.12-15.41.46:732][281]LogUObjectHash: Compacting FUObjectHashTables data took   2.44ms
[2026.02.12-15.41.46:732][281]LogAudio: Display: Creating Audio Device:                 Id: 18, Scope: Unique, Realtime: True
[2026.02.12-15.41.46:732][281]LogAudioMixer: Display: Audio Mixer Platform Settings:
[2026.02.12-15.41.46:732][281]LogAudioMixer: Display: 	Sample Rate:						  48000
[2026.02.12-15.41.46:732][281]LogAudioMixer: Display: 	Callback Buffer Frame Size Requested: 1024
[2026.02.12-15.41.46:732][281]LogAudioMixer: Display: 	Callback Buffer Frame Size To Use:	  1024
[2026.02.12-15.41.46:732][281]LogAudioMixer: Display: 	Number of buffers to queue:			  2
[2026.02.12-15.41.46:732][281]LogAudioMixer: Display: 	Max Channels (voices):				  32
[2026.02.12-15.41.46:732][281]LogAudioMixer: Display: 	Number of Async Source Workers:		  0
[2026.02.12-15.41.46:733][281]LogAudio: Display: AudioDevice MaxSources: 32
[2026.02.12-15.41.46:733][281]LogAudio: Display: Audio Spatialization Plugin: None (built-in).
[2026.02.12-15.41.46:733][281]LogAudio: Display: Audio Reverb Plugin: None (built-in).
[2026.02.12-15.41.46:733][281]LogAudio: Display: Audio Occlusion Plugin: None (built-in).
[2026.02.12-15.41.46:733][281]LogAudioMixer: Display: Initializing audio mixer.
[2026.02.12-15.41.46:736][281]LogAudioMixer: Display: 0: FrontLeft
[2026.02.12-15.41.46:736][281]LogAudioMixer: Display: 1: FrontRight
[2026.02.12-15.41.46:745][281]LogAudioMixer: Display: Using Audio Device Speakers (USB Audio Device)
[2026.02.12-15.41.46:745][281]LogAudioMixer: Display: Initializing Sound Submixes...
[2026.02.12-15.41.46:745][281]LogAudioMixer: Display: Creating Master Submix 'MasterSubmixDefault'
[2026.02.12-15.41.46:745][281]LogAudioMixer: Display: Creating Master Submix 'MasterReverbSubmixDefault'
[2026.02.12-15.41.46:746][281]LogAudioMixer: Display: Creating Master Submix 'MasterEQSubmixDefault'
[2026.02.12-15.41.46:746][281]LogAudioMixer: FMixerPlatformXAudio2::StartAudioStream() called
[2026.02.12-15.41.46:746][281]LogAudioMixer: Display: Output buffers initialized: Frames=1024, Channels=2, Samples=2048
[2026.02.12-15.41.46:746][281]LogAudioMixer: Display: Starting AudioMixerPlatformInterface::RunInternal()
[2026.02.12-15.41.46:746][281]LogAudioMixer: Display: FMixerPlatformXAudio2::SubmitBuffer() called for the first time
[2026.02.12-15.41.46:746][281]LogInit: FAudioDevice initialized.
[2026.02.12-15.41.46:746][281]LogAudio: Display: Audio Device (ID: 18) registered with world 'Main'.
[2026.02.12-15.41.46:755][281]LogLoad: Game class is 'BP_GameMode_01_C'
[2026.02.12-15.41.46:756][281]LogWorld: Bringing World /Game/Levels/UEDPIE_0_Main.Main up for play (max tick rate 60) at 2026.02.12-16.41.46
[2026.02.12-15.41.46:756][281]LogWorld: Bringing up level for play took: 0.001012
[2026.02.12-15.41.46:757][281]LogOnline: OSS: Creating online subsystem instance for: :Context_28
[2026.02.12-15.41.46:759][281]PIE: Server logged in
[2026.02.12-15.41.46:760][281]PIE: Play in editor total start time 0,103 seconds.
[2026.02.12-15.42.59:986][671]LogSlate: Updating window title bar state: overlay mode, drag disabled, window buttons hidden, title bar hidden
[2026.02.12-15.42.59:987][671]LogWorld: BeginTearingDown for /Game/Levels/UEDPIE_0_Main
[2026.02.12-15.42.59:987][671]LogWorld: UWorld::CleanupWorld for Main, bSessionEnded=true, bCleanupResources=true
[2026.02.12-15.42.59:987][671]LogSlate: InvalidateAllWidgets triggered.  All widgets were invalidated
[2026.02.12-15.43.00:000][671]LogPlayLevel: Display: Shutting down PIE online subsystems
[2026.02.12-15.43.00:007][671]LogSlate: InvalidateAllWidgets triggered.  All widgets were invalidated
[2026.02.12-15.43.00:028][671]LogAudio: Display: Audio Device unregistered from world 'None'.
[2026.02.12-15.43.00:028][671]LogAudioMixer: FMixerPlatformXAudio2::StopAudioStream() called
[2026.02.12-15.43.00:029][671]LogAudioMixer: FMixerPlatformXAudio2::StopAudioStream() called
[2026.02.12-15.43.00:031][671]LogSlate: Updating window title bar state: overlay mode, drag disabled, window buttons hidden, title bar hidden
[2026.02.12-15.43.00:036][671]LogUObjectHash: Compacting FUObjectHashTables data took   2.50ms
[2026.02.12-15.43.00:070][673]LogPlayLevel: Display: Destroying online subsystem :Context_28
[2026.02.12-15.43.09:155][213]BlueprintLog: New page: Compile BP_Spider
[2026.02.12-15.43.09:205][213]LogUObjectHash: Compacting FUObjectHashTables data took   1.35ms
[2026.02.12-15.43.32:001][578]BlueprintLog: New page: Compile BP_Spider
[2026.02.12-15.43.32:043][578]LogUObjectHash: Compacting FUObjectHashTables data took   1.56ms
[2026.02.12-15.44.24:687][125]BlueprintLog: New page: Compile BP_Spider
[2026.02.12-15.44.24:700][125]LogBlueprint: Warning: [AssetLog] D:\Repozytoria\UE 4.27\KZ_TopDownShooter\TopDownAC\Content\BluePrintClass\BP_Spider.uasset: [Compiler] Could not find a variable named "Health" in 'BP_Spider_C'.
Make sure 'BP_Spider_C' has been compiled for  Get Health
[2026.02.12-15.44.24:700][125]LogBlueprint: Warning: [AssetLog] D:\Repozytoria\UE 4.27\KZ_TopDownShooter\TopDownAC\Content\BluePrintClass\BP_Spider.uasset: [Compiler] Could not find a variable named "Health" in 'BP_Spider_C'.
Make sure 'BP_Spider_C' has been compiled for  Set Health
[2026.02.12-15.44.24:702][125]LogBlueprint: Error: [AssetLog] D:\Repozytoria\UE 4.27\KZ_TopDownShooter\TopDownAC\Content\BluePrintClass\BP_Spider.uasset: [Compiler] The property associated with  Health  could not be found in '/Game/BluePrintClass/BP_Spider.BP_Spider_C'
[2026.02.12-15.44.24:702][125]LogBlueprint: Error: [AssetLog] D:\Repozytoria\UE 4.27\KZ_TopDownShooter\TopDownAC\Content\BluePrintClass\BP_Spider.uasset: [Compiler] The property associated with  Health  could not be found in '/Game/BluePrintClass/BP_Spider.BP_Spider_C'
[2026.02.12-15.44.24:740][125]LogUObjectHash: Compacting FUObjectHashTables data took   1.72ms
[2026.02.12-15.44.31:326][506]BlueprintLog: New page: Compile BP_Spider
[2026.02.12-15.44.31:377][506]LogUObjectHash: Compacting FUObjectHashTables data took   1.92ms
[2026.02.12-15.44.35:093][727]BlueprintLog: New page: Compile BP_Spider
[2026.02.12-15.44.35:135][727]LogUObjectHash: Compacting FUObjectHashTables data took   1.53ms
[2026.02.12-15.45.15:333][512]LogProperty: Warning: ClassProperty /Script/BlueprintGraph.K2Node_DynamicCast:TargetType: unresolved reference to 'BlueprintGeneratedClass'"/Game/Blueprints/Pawns/BP_Marine.BP_Marine_C"''
[2026.02.12-15.45.15:334][512]LogProperty: Warning: ObjectProperty /Script/Engine.MemberReference:MemberParent: unresolved reference to 'BlueprintGeneratedClass'"/Game/Blueprints/Pawns/BP_Marine.BP_Marine_C"',MemberName="Increase Kills",MemberGuid=736312694DDD096748FE5BAFF7B99CBE)'
[2026.02.12-15.45.15:334][512]LogProperty: Warning: ClassProperty /Script/BlueprintGraph.K2Node_DynamicCast:TargetType: unresolved reference to 'BlueprintGeneratedClass'"/Game/Blueprints/GameMode/BP_MarsMarine_GameMode.BP_MarsMarine_GameMode_C"''
[2026.02.12-15.45.15:334][512]LogProperty: Warning: ObjectProperty /Script/Engine.MemberReference:MemberParent: unresolved reference to 'BlueprintGeneratedClass'"/Game/Blueprints/GameMode/BP_MarsMarine_GameMode.BP_MarsMarine_GameMode_C"',MemberName="Register Alien Death",MemberGuid=B8DDC867433AC3B51A1368A6F0A5BC6B)'
[2026.02.12-15.45.29:864][ 11]BlueprintLog: New page: Compile BP_Spider
[2026.02.12-15.45.29:871][ 11]LogBlueprint: Error: [AssetLog] D:\Repozytoria\UE 4.27\KZ_TopDownShooter\TopDownAC\Content\BluePrintClass\BP_Spider.uasset: [Compiler] Can't connect pins  Return Value  and  Object : This cast has an invalid target type (was the class deleted without a redirect?).
[2026.02.12-15.45.29:871][ 11]LogBlueprint: Error: [AssetLog] D:\Repozytoria\UE 4.27\KZ_TopDownShooter\TopDownAC\Content\BluePrintClass\BP_Spider.uasset: [Compiler] Can't connect pins  Object  and  Return Value : This cast has an invalid target type (was the class deleted without a redirect?).
[2026.02.12-15.45.29:915][ 11]LogUObjectHash: Compacting FUObjectHashTables data took   2.00ms
[2026.02.12-15.46.17:716][464]BlueprintLog: New page: Compile BP_PLAYER
[2026.02.12-15.46.17:763][464]LogUObjectHash: Compacting FUObjectHashTables data took   1.62ms
[2026.02.12-15.46.28:596][ 86]BlueprintLog: New page: Compile BP_Spider
[2026.02.12-15.46.28:608][ 86]LogBlueprint: Error: [AssetLog] D:\Repozytoria\UE 4.27\KZ_TopDownShooter\TopDownAC\Content\BluePrintClass\BP_Spider.uasset: [Compiler] Can't connect pins  Return Value  and  Object : This cast has an invalid target type (was the class deleted without a redirect?).
[2026.02.12-15.46.28:608][ 86]LogBlueprint: Error: [AssetLog] D:\Repozytoria\UE 4.27\KZ_TopDownShooter\TopDownAC\Content\BluePrintClass\BP_Spider.uasset: [Compiler] Can't connect pins  Object  and  Return Value : This cast has an invalid target type (was the class deleted without a redirect?).
[2026.02.12-15.46.28:644][ 86]LogUObjectHash: Compacting FUObjectHashTables data took   1.63ms
[2026.02.12-15.46.36:956][428]BlueprintLog: New page: Compile BP_GameMode_01
[2026.02.12-15.46.36:995][428]LogUObjectHash: Compacting FUObjectHashTables data took   1.53ms
[2026.02.12-15.50.15:010][188]BlueprintLog: New page: Compile BP_Spider
[2026.02.12-15.50.15:018][188]LogBlueprint: Error: [AssetLog] D:\Repozytoria\UE 4.27\KZ_TopDownShooter\TopDownAC\Content\BluePrintClass\BP_Spider.uasset: [Compiler] Can't connect pins  Return Value  and  Object : This cast has an invalid target type (was the class deleted without a redirect?).
[2026.02.12-15.50.15:018][188]LogBlueprint: Error: [AssetLog] D:\Repozytoria\UE 4.27\KZ_TopDownShooter\TopDownAC\Content\BluePrintClass\BP_Spider.uasset: [Compiler] Can't connect pins  Object  and  Return Value : This cast has an invalid target type (was the class deleted without a redirect?).
[2026.02.12-15.50.15:057][188]LogUObjectHash: Compacting FUObjectHashTables data took   2.14ms
[2026.02.12-15.50.29:463][ 19]BlueprintLog: New page: Compile BP_Spider
[2026.02.12-15.50.29:471][ 19]LogBlueprint: Error: [AssetLog] D:\Repozytoria\UE 4.27\KZ_TopDownShooter\TopDownAC\Content\BluePrintClass\BP_Spider.uasset: [Compiler] This blueprint (self) is not a BP_PLAYER_C, therefore ' Target ' must have a connection.
[2026.02.12-15.50.29:471][ 19]LogBlueprint: Error: [AssetLog] D:\Repozytoria\UE 4.27\KZ_TopDownShooter\TopDownAC\Content\BluePrintClass\BP_Spider.uasset: [Compiler] The type of  Object  is undetermined.  Connect something to  Bad cast node  to imply a specific type.
[2026.02.12-15.50.29:471][ 19]LogBlueprint: Error: [AssetLog] D:\Repozytoria\UE 4.27\KZ_TopDownShooter\TopDownAC\Content\BluePrintClass\BP_Spider.uasset: [Compiler] The current value of the ' Object ' pin is invalid: Unsupported type Wildcard on pin Object
[2026.02.12-15.50.29:504][ 19]LogUObjectHash: Compacting FUObjectHashTables data took   1.56ms
[2026.02.12-15.50.59:269][834]BlueprintLog: New page: Compile BP_Spider
[2026.02.12-15.50.59:278][834]LogBlueprint: Error: [AssetLog] D:\Repozytoria\UE 4.27\KZ_TopDownShooter\TopDownAC\Content\BluePrintClass\BP_Spider.uasset: [Compiler] The type of  Object  is undetermined.  Connect something to  Bad cast node  to imply a specific type.
[2026.02.12-15.50.59:279][834]LogBlueprint: Error: [AssetLog] D:\Repozytoria\UE 4.27\KZ_TopDownShooter\TopDownAC\Content\BluePrintClass\BP_Spider.uasset: [Compiler] The current value of the ' Object ' pin is invalid: Unsupported type Wildcard on pin Object
[2026.02.12-15.50.59:314][834]LogUObjectHash: Compacting FUObjectHashTables data took   1.58ms
[2026.02.12-15.51.20:550][ 76]BlueprintLog: New page: Compile BP_Spider
[2026.02.12-15.51.20:596][ 76]LogUObjectHash: Compacting FUObjectHashTables data took   1.71ms
[2026.02.12-15.55.21:807][257]LogSlate: Window 'Fix Self Context Function References' being destroyed
[2026.02.12-15.56.57:697][916]BlueprintLog: New page: Compile BP_GameMode_01
[2026.02.12-15.56.57:745][916]LogUObjectHash: Compacting FUObjectHashTables data took   2.08ms
[2026.02.12-15.57.16:959][565]BlueprintLog: New page: Compile BP_GameMode_01
[2026.02.12-15.57.17:001][565]LogUObjectHash: Compacting FUObjectHashTables data took   1.69ms
[2026.02.12-15.57.36:334][226]BlueprintLog: New page: Compile BP_GameMode_01
[2026.02.12-15.57.36:376][226]LogUObjectHash: Compacting FUObjectHashTables data took   1.66ms
[2026.02.12-15.58.12:846][242]BlueprintLog: New page: Compile BP_GameMode_01
[2026.02.12-15.58.12:890][242]LogUObjectHash: Compacting FUObjectHashTables data took   1.72ms
[2026.02.12-15.58.27:282][888]BlueprintLog: New page: Compile BP_GameMode_01
[2026.02.12-15.58.27:326][888]LogUObjectHash: Compacting FUObjectHashTables data took   1.78ms
[2026.02.12-15.59.24:821][935]BlueprintLog: New page: Compile BP_GameMode_01
[2026.02.12-15.59.24:862][935]LogUObjectHash: Compacting FUObjectHashTables data took   1.77ms
[2026.02.12-15.59.33:489][450]BlueprintLog: New page: Compile BP_GameMode_01
[2026.02.12-15.59.33:531][450]LogUObjectHash: Compacting FUObjectHashTables data took   1.63ms
[2026.02.12-16.00.14:675][895]BlueprintLog: New page: Compile BP_GameMode_01
[2026.02.12-16.00.14:732][895]LogUObjectHash: Compacting FUObjectHashTables data took   1.73ms
[2026.02.12-16.00.45:758][579]BlueprintLog: New page: Compile BP_Spider
[2026.02.12-16.00.45:804][579]LogUObjectHash: Compacting FUObjectHashTables data took   1.65ms
[2026.02.12-16.00.53:676][ 47]Cmd: OBJ SAVEPACKAGE PACKAGE="/Game/Levels/Main" FILE="../../../../../Repozytoria/UE 4.27/KZ_TopDownShooter/TopDownAC/Content/Levels/Main.umap" SILENT=true AUTOSAVING=false KEEPDIRTY=false
[2026.02.12-16.00.53:700][ 47]LogUObjectHash: Compacting FUObjectHashTables data took   2.21ms
[2026.02.12-16.00.53:707][ 47]LogSavePackage: Moving '../../../../../Repozytoria/UE 4.27/KZ_TopDownShooter/TopDownAC/Saved/MainD6BA51C0445EA39B30E100A4AEB0FC61.tmp' to '../../../../../Repozytoria/UE 4.27/KZ_TopDownShooter/TopDownAC/Content/Levels/Main.umap'
[2026.02.12-16.00.53:765][ 47]AssetCheck: New page: Asset Save: Main
[2026.02.12-16.00.53:766][ 47]LogContentValidation: Display: Validating World /Game/Levels/Main.Main
[2026.02.12-16.00.59:264][369]Cmd: OBJ SAVEPACKAGE PACKAGE="/Game/Levels/Main" FILE="../../../../../Repozytoria/UE 4.27/KZ_TopDownShooter/TopDownAC/Content/Levels/Main.umap" SILENT=true AUTOSAVING=false KEEPDIRTY=false
[2026.02.12-16.00.59:285][369]LogUObjectHash: Compacting FUObjectHashTables data took   1.49ms
[2026.02.12-16.00.59:292][369]LogSavePackage: Moving '../../../../../Repozytoria/UE 4.27/KZ_TopDownShooter/TopDownAC/Saved/MainB8105A0F463BAD8082881288B5F2D985.tmp' to '../../../../../Repozytoria/UE 4.27/KZ_TopDownShooter/TopDownAC/Content/Levels/Main.umap'
[2026.02.12-16.00.59:318][369]AssetCheck: New page: Asset Save: Main
[2026.02.12-16.00.59:318][369]LogContentValidation: Display: Validating World /Game/Levels/Main.Main
[2026.02.12-16.01.01:067][469]LogTemp: Repeating last play command: Selected Viewport
[2026.02.12-16.01.01:072][469]LogPlayLevel: PlayLevel: No blueprints needed recompiling
[2026.02.12-16.01.01:072][469]PIE: New page: PIE session: Main (12 lut 2026, 18:01:01)
[2026.02.12-16.01.01:072][469]LogPlayLevel: Creating play world package: /Game/Levels/UEDPIE_0_Main
[2026.02.12-16.01.01:075][469]LogPlayLevel: PIE: StaticDuplicateObject took: (0.003022s)
[2026.02.12-16.01.01:076][469]LogAIModule: Creating AISystem for world Main
[2026.02.12-16.01.01:076][469]LogPlayLevel: PIE: World Init took: (0.001391s)
[2026.02.12-16.01.01:076][469]LogPlayLevel: PIE: Created PIE world by copying editor world from /Game/Levels/Main.Main to /Game/Levels/UEDPIE_0_Main.Main (0.004528s)
[2026.02.12-16.01.01:095][469]LogUObjectHash: Compacting FUObjectHashTables data took   1.19ms
[2026.02.12-16.01.01:096][469]LogAudio: Display: Creating Audio Device:                 Id: 19, Scope: Unique, Realtime: True
[2026.02.12-16.01.01:096][469]LogAudioMixer: Display: Audio Mixer Platform Settings:
[2026.02.12-16.01.01:096][469]LogAudioMixer: Display: 	Sample Rate:						  48000
[2026.02.12-16.01.01:096][469]LogAudioMixer: Display: 	Callback Buffer Frame Size Requested: 1024
[2026.02.12-16.01.01:096][469]LogAudioMixer: Display: 	Callback Buffer Frame Size To Use:	  1024
[2026.02.12-16.01.01:096][469]LogAudioMixer: Display: 	Number of buffers to queue:			  2
[2026.02.12-16.01.01:096][469]LogAudioMixer: Display: 	Max Channels (voices):				  32
[2026.02.12-16.01.01:096][469]LogAudioMixer: Display: 	Number of Async Source Workers:		  0
[2026.02.12-16.01.01:096][469]LogAudio: Display: AudioDevice MaxSources: 32
[2026.02.12-16.01.01:096][469]LogAudio: Display: Audio Spatialization Plugin: None (built-in).
[2026.02.12-16.01.01:096][469]LogAudio: Display: Audio Reverb Plugin: None (built-in).
[2026.02.12-16.01.01:096][469]LogAudio: Display: Audio Occlusion Plugin: None (built-in).
[2026.02.12-16.01.01:096][469]LogAudioMixer: Display: Initializing audio mixer.
[2026.02.12-16.01.01:100][469]LogAudioMixer: Display: 0: FrontLeft
[2026.02.12-16.01.01:100][469]LogAudioMixer: Display: 1: FrontRight
[2026.02.12-16.01.01:109][469]LogAudioMixer: Display: Using Audio Device Speakers (USB Audio Device)
[2026.02.12-16.01.01:109][469]LogAudioMixer: Display: Initializing Sound Submixes...
[2026.02.12-16.01.01:109][469]LogAudioMixer: Display: Creating Master Submix 'MasterSubmixDefault'
[2026.02.12-16.01.01:109][469]LogAudioMixer: Display: Creating Master Submix 'MasterReverbSubmixDefault'
[2026.02.12-16.01.01:109][469]LogAudioMixer: Display: Creating Master Submix 'MasterEQSubmixDefault'
[2026.02.12-16.01.01:109][469]LogAudioMixer: FMixerPlatformXAudio2::StartAudioStream() called
[2026.02.12-16.01.01:109][469]LogAudioMixer: Display: Output buffers initialized: Frames=1024, Channels=2, Samples=2048
[2026.02.12-16.01.01:110][469]LogAudioMixer: Display: Starting AudioMixerPlatformInterface::RunInternal()
[2026.02.12-16.01.01:110][469]LogAudioMixer: Display: FMixerPlatformXAudio2::SubmitBuffer() called for the first time
[2026.02.12-16.01.01:110][469]LogInit: FAudioDevice initialized.
[2026.02.12-16.01.01:110][469]LogAudio: Display: Audio Device (ID: 19) registered with world 'Main'.
[2026.02.12-16.01.01:119][469]LogLoad: Game class is 'BP_GameMode_01_C'
[2026.02.12-16.01.01:121][469]LogWorld: Bringing World /Game/Levels/UEDPIE_0_Main.Main up for play (max tick rate 60) at 2026.02.12-17.01.01
[2026.02.12-16.01.01:121][469]LogWorld: Bringing up level for play took: 0.000888
[2026.02.12-16.01.01:121][469]LogOnline: OSS: Creating online subsystem instance for: :Context_29
[2026.02.12-16.01.01:123][469]PIE: Server logged in
[2026.02.12-16.01.01:124][469]PIE: Play in editor total start time 0,053 seconds.
[2026.02.12-16.01.11:287][ 77]LogSlate: Updating window title bar state: overlay mode, drag disabled, window buttons hidden, title bar hidden
[2026.02.12-16.01.11:287][ 77]LogWorld: BeginTearingDown for /Game/Levels/UEDPIE_0_Main
[2026.02.12-16.01.11:287][ 77]LogWorld: UWorld::CleanupWorld for Main, bSessionEnded=true, bCleanupResources=true
[2026.02.12-16.01.11:287][ 77]LogSlate: InvalidateAllWidgets triggered.  All widgets were invalidated
[2026.02.12-16.01.11:302][ 77]LogPlayLevel: Display: Shutting down PIE online subsystems
[2026.02.12-16.01.11:306][ 77]LogSlate: InvalidateAllWidgets triggered.  All widgets were invalidated
[2026.02.12-16.01.11:336][ 77]LogAudio: Display: Audio Device unregistered from world 'None'.
[2026.02.12-16.01.11:336][ 77]LogAudioMixer: FMixerPlatformXAudio2::StopAudioStream() called
[2026.02.12-16.01.11:337][ 77]LogAudioMixer: FMixerPlatformXAudio2::StopAudioStream() called
[2026.02.12-16.01.11:339][ 77]LogSlate: Updating window title bar state: overlay mode, drag disabled, window buttons hidden, title bar hidden
[2026.02.12-16.01.11:342][ 77]LogUObjectHash: Compacting FUObjectHashTables data took   1.78ms
[2026.02.12-16.01.11:374][ 79]LogPlayLevel: Display: Destroying online subsystem :Context_29
[2026.02.12-16.06.21:602][303]BlueprintLog: New page: Compile BP_Spider
[2026.02.12-16.06.21:658][303]LogUObjectHash: Compacting FUObjectHashTables data took   1.64ms
[2026.02.12-16.06.26:694][598]BlueprintLog: New page: Compile BP_PLAYER
[2026.02.12-16.06.26:743][598]LogUObjectHash: Compacting FUObjectHashTables data took   1.83ms
[2026.02.12-16.07.34:034][628]BlueprintLog: New page: Compile BP_PLAYER
[2026.02.12-16.07.34:098][628]LogUObjectHash: Compacting FUObjectHashTables data took   1.59ms
[2026.02.12-16.08.14:438][210]LogAssetEditorSubsystem: Opening Asset editor for WidgetBlueprint /Game/BluePrintClass/W_PlayerHUD.W_PlayerHUD
[2026.02.12-16.08.19:892][504]LogSlate: Window 'W_PlayerHUD' being destroyed
[2026.02.12-16.11.09:981][369]LogUObjectHash: Compacting FUObjectHashTables data took   2.58ms
[2026.02.12-16.11.09:988][369]LogSavePackage: Moving '../../../../../Repozytoria/UE 4.27/KZ_TopDownShooter/TopDownAC/Saved/Main_Auto8DB611A67424851F1D294A7AEC87AA26B.tmp' to '../../../../../Repozytoria/UE 4.27/KZ_TopDownShooter/TopDownAC/Saved/Autosaves/Game/Levels/Main_Auto8.umap'
[2026.02.12-16.11.09:988][369]LogFileHelpers: Editor autosave (incl. external actors) for '/Game/Levels/Main' took 0.090
[2026.02.12-16.11.09:988][369]LogFileHelpers: Editor autosave (incl. sublevels & external actors) for all levels took 0.090
[2026.02.12-16.11.09:989][369]OBJ SavePackage: Generating thumbnails for [1] asset(s) in package [/Game/BluePrintClass/BP_Spider] ([4] browsable assets)...
[2026.02.12-16.11.10:023][369]OBJ SavePackage:     Rendered thumbnail for [Blueprint /Game/BluePrintClass/BP_Spider.BP_Spider]
[2026.02.12-16.11.10:061][369]OBJ SavePackage:     Rendered thumbnail for [Blueprint /Game/BluePrintClass/BP_Spider.BP_Spider]
[2026.02.12-16.11.10:061][369]OBJ SavePackage: Finished generating thumbnails for package [/Game/BluePrintClass/BP_Spider]
[2026.02.12-16.11.10:094][369]LogSavePackage: Moving '../../../../../Repozytoria/UE 4.27/KZ_TopDownShooter/TopDownAC/Saved/BP_Spider_Auto815381F7744FD9FAADC50A68085D73372.tmp' to '../../../../../Repozytoria/UE 4.27/KZ_TopDownShooter/TopDownAC/Saved/Autosaves/Game/BluePrintClass/BP_Spider_Auto8.uasset'
[2026.02.12-16.11.10:095][369]OBJ SavePackage: Generating thumbnails for [1] asset(s) in package [/Game/BluePrintClass/BP_PLAYER] ([2] browsable assets)...
[2026.02.12-16.11.10:129][369]OBJ SavePackage:     Rendered thumbnail for [Blueprint /Game/BluePrintClass/BP_PLAYER.BP_PLAYER]
[2026.02.12-16.11.10:129][369]OBJ SavePackage: Finished generating thumbnails for package [/Game/BluePrintClass/BP_PLAYER]
[2026.02.12-16.11.10:167][369]LogSavePackage: Moving '../../../../../Repozytoria/UE 4.27/KZ_TopDownShooter/TopDownAC/Saved/BP_PLAYER_Auto8391F67FE411CB907CC00B3A2CBCF3B63.tmp' to '../../../../../Repozytoria/UE 4.27/KZ_TopDownShooter/TopDownAC/Saved/Autosaves/Game/BluePrintClass/BP_PLAYER_Auto8.uasset'
[2026.02.12-16.11.10:168][369]OBJ SavePackage: Generating thumbnails for [0] asset(s) in package [/Game/BluePrintClass/BP_GameMode_01] ([4] browsable assets)...
[2026.02.12-16.11.10:168][369]OBJ SavePackage: Finished generating thumbnails for package [/Game/BluePrintClass/BP_GameMode_01]
[2026.02.12-16.11.10:185][369]LogSavePackage: Moving '../../../../../Repozytoria/UE 4.27/KZ_TopDownShooter/TopDownAC/Saved/BP_GameMode_01_Auto8B85F96864E1B600D3DC7E482CEF918AA.tmp' to '../../../../../Repozytoria/UE 4.27/KZ_TopDownShooter/TopDownAC/Saved/Autosaves/Game/BluePrintClass/BP_GameMode_01_Auto8.uasset'
[2026.02.12-16.11.10:185][369]LogFileHelpers: Auto-saving content packages took 0.197
[2026.02.12-16.12.54:095][680]LogUdpMessaging: Warning: UDP messaging encountered an error. Auto repair routine started for reinitialization
[2026.02.12-16.12.55:915][686]FUdpSocketBuilder: Failed to subscribe UdpMessageMulticastSocket to multicast group 230.0.0.1 on interface 0.0.0.0
[2026.02.12-16.12.55:915][686]FUdpSocketBuilder: Failed to create and initialize socket UdpMessageMulticastSocket (last error: 0)
[2026.02.12-16.12.55:915][686]LogUdpMessaging: Warning: StartTransport failed to create multicast socket on 0.0.0.0:0, joined to 230.0.0.1:6666 with TTL 1
[2026.02.12-16.12.56:108][686]LogUdpMessaging: Warning: UDP messaging encountered an error. Auto repair routine started for reinitialization
[2026.02.12-16.12.57:930][692]FUdpSocketBuilder: Failed to subscribe UdpMessageMulticastSocket to multicast group 230.0.0.1 on interface 0.0.0.0
[2026.02.12-16.12.57:930][692]FUdpSocketBuilder: Failed to create and initialize socket UdpMessageMulticastSocket (last error: 0)
[2026.02.12-16.12.57:930][692]LogUdpMessaging: Warning: StartTransport failed to create multicast socket on 0.0.0.0:0, joined to 230.0.0.1:6666 with TTL 1
[2026.02.12-16.12.58:123][692]LogUdpMessaging: Warning: UDP messaging encountered an error. Auto repair routine started for reinitialization
[2026.02.12-16.12.59:945][698]FUdpSocketBuilder: Failed to subscribe UdpMessageMulticastSocket to multicast group 230.0.0.1 on interface 0.0.0.0
[2026.02.12-16.12.59:945][698]FUdpSocketBuilder: Failed to create and initialize socket UdpMessageMulticastSocket (last error: 0)
[2026.02.12-16.12.59:945][698]LogUdpMessaging: Warning: StartTransport failed to create multicast socket on 0.0.0.0:0, joined to 230.0.0.1:6666 with TTL 1
[2026.02.12-16.13.00:142][698]LogUdpMessaging: Warning: UDP messaging encountered an error. Auto repair routine started for reinitialization
[2026.02.12-16.13.01:963][704]FUdpSocketBuilder: Failed to subscribe UdpMessageMulticastSocket to multicast group 230.0.0.1 on interface 0.0.0.0
[2026.02.12-16.13.01:963][704]FUdpSocketBuilder: Failed to create and initialize socket UdpMessageMulticastSocket (last error: 0)
[2026.02.12-16.13.01:963][704]LogUdpMessaging: Warning: StartTransport failed to create multicast socket on 0.0.0.0:0, joined to 230.0.0.1:6666 with TTL 1
[2026.02.12-16.13.02:157][704]LogUdpMessaging: Warning: UDP messaging encountered an error. Auto repair routine started for reinitialization
[2026.02.12-16.13.03:882][710]FUdpSocketBuilder: Failed to subscribe UdpMessageMulticastSocket to multicast group 230.0.0.1 on interface 0.0.0.0
[2026.02.12-16.13.03:882][710]FUdpSocketBuilder: Failed to create and initialize socket UdpMessageMulticastSocket (last error: 0)
[2026.02.12-16.13.03:882][710]LogUdpMessaging: Warning: StartTransport failed to create multicast socket on 0.0.0.0:0, joined to 230.0.0.1:6666 with TTL 1
[2026.02.12-16.13.04:163][710]LogUdpMessaging: Warning: UDP messaging encountered an error. Auto repair routine started for reinitialization
[2026.02.12-16.13.06:001][716]FUdpSocketBuilder: Failed to subscribe UdpMessageMulticastSocket to multicast group 230.0.0.1 on interface 0.0.0.0
[2026.02.12-16.13.06:001][716]FUdpSocketBuilder: Failed to create and initialize socket UdpMessageMulticastSocket (last error: 0)
[2026.02.12-16.13.06:001][716]LogUdpMessaging: Warning: StartTransport failed to create multicast socket on 0.0.0.0:0, joined to 230.0.0.1:6666 with TTL 1
[2026.02.12-16.13.06:172][716]LogUdpMessaging: Warning: UDP messaging encountered an error. Auto repair routine started for reinitialization
[2026.02.12-16.13.08:017][722]FUdpSocketBuilder: Failed to subscribe UdpMessageMulticastSocket to multicast group 230.0.0.1 on interface 0.0.0.0
[2026.02.12-16.13.08:017][722]FUdpSocketBuilder: Failed to create and initialize socket UdpMessageMulticastSocket (last error: 0)
[2026.02.12-16.13.08:017][722]LogUdpMessaging: Warning: StartTransport failed to create multicast socket on 0.0.0.0:0, joined to 230.0.0.1:6666 with TTL 1
[2026.02.12-16.13.08:195][722]LogUdpMessaging: Warning: UDP messaging encountered an error. Auto repair routine started for reinitialization
[2026.02.12-16.13.10:031][728]FUdpSocketBuilder: Failed to subscribe UdpMessageMulticastSocket to multicast group 230.0.0.1 on interface 0.0.0.0
[2026.02.12-16.13.10:031][728]FUdpSocketBuilder: Failed to create and initialize socket UdpMessageMulticastSocket (last error: 0)
[2026.02.12-16.13.10:031][728]LogUdpMessaging: Warning: StartTransport failed to create multicast socket on 0.0.0.0:0, joined to 230.0.0.1:6666 with TTL 1
[2026.02.12-16.13.10:204][728]LogUdpMessaging: Warning: UDP messaging encountered an error. Auto repair routine started for reinitialization
[2026.02.12-16.13.12:047][734]FUdpSocketBuilder: Failed to subscribe UdpMessageMulticastSocket to multicast group 230.0.0.1 on interface 0.0.0.0
[2026.02.12-16.13.12:047][734]FUdpSocketBuilder: Failed to create and initialize socket UdpMessageMulticastSocket (last error: 0)
[2026.02.12-16.13.12:047][734]LogUdpMessaging: Warning: StartTransport failed to create multicast socket on 0.0.0.0:0, joined to 230.0.0.1:6666 with TTL 1
[2026.02.12-16.13.12:213][734]LogUdpMessaging: Warning: UDP messaging encountered an error. Auto repair routine started for reinitialization
[2026.02.12-16.13.14:066][740]FUdpSocketBuilder: Failed to subscribe UdpMessageMulticastSocket to multicast group 230.0.0.1 on interface 0.0.0.0
[2026.02.12-16.13.14:066][740]FUdpSocketBuilder: Failed to create and initialize socket UdpMessageMulticastSocket (last error: 0)
[2026.02.12-16.13.14:066][740]LogUdpMessaging: Warning: StartTransport failed to create multicast socket on 0.0.0.0:0, joined to 230.0.0.1:6666 with TTL 1
[2026.02.12-16.13.14:219][740]LogUdpMessaging: Warning: UDP messaging encountered an error. Auto repair routine started for reinitialization
[2026.02.12-16.13.16:084][746]FUdpSocketBuilder: Failed to subscribe UdpMessageMulticastSocket to multicast group 230.0.0.1 on interface 0.0.0.0
[2026.02.12-16.13.16:085][746]FUdpSocketBuilder: Failed to create and initialize socket UdpMessageMulticastSocket (last error: 0)
[2026.02.12-16.13.16:085][746]LogUdpMessaging: Warning: StartTransport failed to create multicast socket on 0.0.0.0:0, joined to 230.0.0.1:6666 with TTL 1
[2026.02.12-16.13.16:227][746]LogUdpMessaging: Warning: UDP messaging encountered an error. Auto repair routine started for reinitialization
[2026.02.12-16.13.18:102][752]FUdpSocketBuilder: Failed to subscribe UdpMessageMulticastSocket to multicast group 230.0.0.1 on interface 0.0.0.0
[2026.02.12-16.13.18:102][752]FUdpSocketBuilder: Failed to create and initialize socket UdpMessageMulticastSocket (last error: 0)
[2026.02.12-16.13.18:102][752]LogUdpMessaging: Warning: StartTransport failed to create multicast socket on 0.0.0.0:0, joined to 230.0.0.1:6666 with TTL 1
[2026.02.12-16.13.18:247][752]LogUdpMessaging: Warning: UDP messaging encountered an error. Auto repair routine started for reinitialization
[2026.02.12-16.13.20:122][758]FUdpSocketBuilder: Failed to subscribe UdpMessageMulticastSocket to multicast group 230.0.0.1 on interface 0.0.0.0
[2026.02.12-16.13.20:122][758]FUdpSocketBuilder: Failed to create and initialize socket UdpMessageMulticastSocket (last error: 0)
[2026.02.12-16.13.20:122][758]LogUdpMessaging: Warning: StartTransport failed to create multicast socket on 0.0.0.0:0, joined to 230.0.0.1:6666 with TTL 1
[2026.02.12-16.13.20:260][758]LogUdpMessaging: Warning: UDP messaging encountered an error. Auto repair routine started for reinitialization
[2026.02.12-16.13.22:137][764]FUdpSocketBuilder: Failed to subscribe UdpMessageMulticastSocket to multicast group 230.0.0.1 on interface 0.0.0.0
[2026.02.12-16.13.22:137][764]FUdpSocketBuilder: Failed to create and initialize socket UdpMessageMulticastSocket (last error: 0)
[2026.02.12-16.13.22:137][764]LogUdpMessaging: Warning: StartTransport failed to create multicast socket on 0.0.0.0:0, joined to 230.0.0.1:6666 with TTL 1
[2026.02.12-16.13.22:268][764]LogUdpMessaging: Warning: UDP messaging encountered an error. Auto repair routine started for reinitialization
[2026.02.12-16.13.24:052][770]FUdpSocketBuilder: Failed to subscribe UdpMessageMulticastSocket to multicast group 230.0.0.1 on interface 0.0.0.0
[2026.02.12-16.13.24:052][770]FUdpSocketBuilder: Failed to create and initialize socket UdpMessageMulticastSocket (last error: 0)
[2026.02.12-16.13.24:052][770]LogUdpMessaging: Warning: StartTransport failed to create multicast socket on 0.0.0.0:0, joined to 230.0.0.1:6666 with TTL 1
[2026.02.12-16.13.24:272][770]LogUdpMessaging: Warning: UDP messaging encountered an error. Auto repair routine started for reinitialization
[2026.02.12-16.13.26:073][776]FUdpSocketBuilder: Failed to subscribe UdpMessageMulticastSocket to multicast group 230.0.0.1 on interface 0.0.0.0
[2026.02.12-16.13.26:073][776]FUdpSocketBuilder: Failed to create and initialize socket UdpMessageMulticastSocket (last error: 0)
[2026.02.12-16.13.26:073][776]LogUdpMessaging: Warning: StartTransport failed to create multicast socket on 0.0.0.0:0, joined to 230.0.0.1:6666 with TTL 1
[2026.02.12-16.13.26:281][776]LogUdpMessaging: Warning: UDP messaging encountered an error. Auto repair routine started for reinitialization
[2026.02.12-16.13.28:091][782]FUdpSocketBuilder: Failed to subscribe UdpMessageMulticastSocket to multicast group 230.0.0.1 on interface 0.0.0.0
[2026.02.12-16.13.28:091][782]FUdpSocketBuilder: Failed to create and initialize socket UdpMessageMulticastSocket (last error: 0)
[2026.02.12-16.13.28:091][782]LogUdpMessaging: Warning: StartTransport failed to create multicast socket on 0.0.0.0:0, joined to 230.0.0.1:6666 with TTL 1
[2026.02.12-16.13.28:289][782]LogUdpMessaging: Warning: UDP messaging encountered an error. Auto repair routine started for reinitialization
[2026.02.12-16.13.30:110][788]FUdpSocketBuilder: Failed to subscribe UdpMessageMulticastSocket to multicast group 230.0.0.1 on interface 0.0.0.0
[2026.02.12-16.13.30:110][788]FUdpSocketBuilder: Failed to create and initialize socket UdpMessageMulticastSocket (last error: 0)
[2026.02.12-16.13.30:110][788]LogUdpMessaging: Warning: StartTransport failed to create multicast socket on 0.0.0.0:0, joined to 230.0.0.1:6666 with TTL 1
[2026.02.12-16.13.30:295][788]LogUdpMessaging: Warning: UDP messaging encountered an error. Auto repair routine started for reinitialization
[2026.02.12-16.13.32:127][794]FUdpSocketBuilder: Failed to subscribe UdpMessageMulticastSocket to multicast group 230.0.0.1 on interface 0.0.0.0
[2026.02.12-16.13.32:127][794]FUdpSocketBuilder: Failed to create and initialize socket UdpMessageMulticastSocket (last error: 0)
[2026.02.12-16.13.32:127][794]LogUdpMessaging: Warning: StartTransport failed to create multicast socket on 0.0.0.0:0, joined to 230.0.0.1:6666 with TTL 1
[2026.02.12-16.13.32:298][794]LogUdpMessaging: Warning: UDP messaging encountered an error. Auto repair routine started for reinitialization
[2026.02.12-16.13.34:143][800]FUdpSocketBuilder: Failed to subscribe UdpMessageMulticastSocket to multicast group 230.0.0.1 on interface 0.0.0.0
[2026.02.12-16.13.34:143][800]FUdpSocketBuilder: Failed to create and initialize socket UdpMessageMulticastSocket (last error: 0)
[2026.02.12-16.13.34:143][800]LogUdpMessaging: Warning: StartTransport failed to create multicast socket on 0.0.0.0:0, joined to 230.0.0.1:6666 with TTL 1
[2026.02.12-16.13.34:305][800]LogUdpMessaging: Warning: UDP messaging encountered an error. Auto repair routine started for reinitialization
[2026.02.12-16.13.36:164][806]FUdpSocketBuilder: Failed to subscribe UdpMessageMulticastSocket to multicast group 230.0.0.1 on interface 0.0.0.0
[2026.02.12-16.13.36:164][806]FUdpSocketBuilder: Failed to create and initialize socket UdpMessageMulticastSocket (last error: 0)
[2026.02.12-16.13.36:164][806]LogUdpMessaging: Warning: StartTransport failed to create multicast socket on 0.0.0.0:0, joined to 230.0.0.1:6666 with TTL 1
[2026.02.12-16.13.36:307][806]LogUdpMessaging: Warning: UDP messaging encountered an error. Auto repair routine started for reinitialization
[2026.02.12-16.13.38:182][812]FUdpSocketBuilder: Failed to subscribe UdpMessageMulticastSocket to multicast group 230.0.0.1 on interface 0.0.0.0
[2026.02.12-16.13.38:182][812]FUdpSocketBuilder: Failed to create and initialize socket UdpMessageMulticastSocket (last error: 0)
[2026.02.12-16.13.38:182][812]LogUdpMessaging: Warning: StartTransport failed to create multicast socket on 0.0.0.0:0, joined to 230.0.0.1:6666 with TTL 1
[2026.02.12-16.13.38:317][812]LogUdpMessaging: Warning: UDP messaging encountered an error. Auto repair routine started for reinitialization
[2026.02.12-16.13.40:102][818]FUdpSocketBuilder: Failed to subscribe UdpMessageMulticastSocket to multicast group 230.0.0.1 on interface 0.0.0.0
[2026.02.12-16.13.40:102][818]FUdpSocketBuilder: Failed to create and initialize socket UdpMessageMulticastSocket (last error: 0)
[2026.02.12-16.13.40:102][818]LogUdpMessaging: Warning: StartTransport failed to create multicast socket on 0.0.0.0:0, joined to 230.0.0.1:6666 with TTL 1
[2026.02.12-16.13.40:322][818]LogUdpMessaging: Warning: UDP messaging encountered an error. Auto repair routine started for reinitialization
[2026.02.12-16.13.42:115][824]FUdpSocketBuilder: Failed to subscribe UdpMessageMulticastSocket to multicast group 230.0.0.1 on interface 0.0.0.0
[2026.02.12-16.13.42:115][824]FUdpSocketBuilder: Failed to create and initialize socket UdpMessageMulticastSocket (last error: 0)
[2026.02.12-16.13.42:115][824]LogUdpMessaging: Warning: StartTransport failed to create multicast socket on 0.0.0.0:0, joined to 230.0.0.1:6666 with TTL 1
[2026.02.12-16.13.42:326][824]LogUdpMessaging: Warning: UDP messaging encountered an error. Auto repair routine started for reinitialization
[2026.02.12-16.13.44:130][830]FUdpSocketBuilder: Failed to subscribe UdpMessageMulticastSocket to multicast group 230.0.0.1 on interface 0.0.0.0
[2026.02.12-16.13.44:130][830]FUdpSocketBuilder: Failed to create and initialize socket UdpMessageMulticastSocket (last error: 0)
[2026.02.12-16.13.44:130][830]LogUdpMessaging: Warning: StartTransport failed to create multicast socket on 0.0.0.0:0, joined to 230.0.0.1:6666 with TTL 1
[2026.02.12-16.13.44:340][830]LogUdpMessaging: Warning: UDP messaging encountered an error. Auto repair routine started for reinitialization
[2026.02.12-16.13.46:147][836]FUdpSocketBuilder: Failed to subscribe UdpMessageMulticastSocket to multicast group 230.0.0.1 on interface 0.0.0.0
[2026.02.12-16.13.46:147][836]FUdpSocketBuilder: Failed to create and initialize socket UdpMessageMulticastSocket (last error: 0)
[2026.02.12-16.13.46:147][836]LogUdpMessaging: Warning: StartTransport failed to create multicast socket on 0.0.0.0:0, joined to 230.0.0.1:6666 with TTL 1
[2026.02.12-16.13.46:348][836]LogUdpMessaging: Warning: UDP messaging encountered an error. Auto repair routine started for reinitialization
[2026.02.12-16.13.48:161][842]FUdpSocketBuilder: Failed to subscribe UdpMessageMulticastSocket to multicast group 230.0.0.1 on interface 0.0.0.0
[2026.02.12-16.13.48:161][842]FUdpSocketBuilder: Failed to create and initialize socket UdpMessageMulticastSocket (last error: 0)
[2026.02.12-16.13.48:161][842]LogUdpMessaging: Warning: StartTransport failed to create multicast socket on 0.0.0.0:0, joined to 230.0.0.1:6666 with TTL 1
[2026.02.12-16.13.48:366][842]LogUdpMessaging: Warning: UDP messaging encountered an error. Auto repair routine started for reinitialization
[2026.02.12-16.13.50:175][848]FUdpSocketBuilder: Failed to subscribe UdpMessageMulticastSocket to multicast group 230.0.0.1 on interface 0.0.0.0
[2026.02.12-16.13.50:175][848]FUdpSocketBuilder: Failed to create and initialize socket UdpMessageMulticastSocket (last error: 0)
[2026.02.12-16.13.50:175][848]LogUdpMessaging: Warning: StartTransport failed to create multicast socket on 0.0.0.0:0, joined to 230.0.0.1:6666 with TTL 1
[2026.02.12-16.13.50:379][848]LogUdpMessaging: Warning: UDP messaging encountered an error. Auto repair routine started for reinitialization
[2026.02.12-16.13.52:191][854]FUdpSocketBuilder: Failed to subscribe UdpMessageMulticastSocket to multicast group 230.0.0.1 on interface 0.0.0.0
[2026.02.12-16.13.52:191][854]FUdpSocketBuilder: Failed to create and initialize socket UdpMessageMulticastSocket (last error: 0)
[2026.02.12-16.13.52:191][854]LogUdpMessaging: Warning: StartTransport failed to create multicast socket on 0.0.0.0:0, joined to 230.0.0.1:6666 with TTL 1
[2026.02.12-16.13.52:382][854]LogUdpMessaging: Warning: UDP messaging encountered an error. Auto repair routine started for reinitialization
[2026.02.12-16.13.54:206][860]FUdpSocketBuilder: Failed to subscribe UdpMessageMulticastSocket to multicast group 230.0.0.1 on interface 0.0.0.0
[2026.02.12-16.13.54:206][860]FUdpSocketBuilder: Failed to create and initialize socket UdpMessageMulticastSocket (last error: 0)
[2026.02.12-16.13.54:206][860]LogUdpMessaging: Warning: StartTransport failed to create multicast socket on 0.0.0.0:0, joined to 230.0.0.1:6666 with TTL 1
[2026.02.12-16.13.54:385][860]LogUdpMessaging: Warning: UDP messaging encountered an error. Auto repair routine started for reinitialization
[2026.02.12-16.13.56:223][866]FUdpSocketBuilder: Failed to subscribe UdpMessageMulticastSocket to multicast group 230.0.0.1 on interface 0.0.0.0
[2026.02.12-16.13.56:223][866]FUdpSocketBuilder: Failed to create and initialize socket UdpMessageMulticastSocket (last error: 0)
[2026.02.12-16.13.56:223][866]LogUdpMessaging: Warning: StartTransport failed to create multicast socket on 0.0.0.0:0, joined to 230.0.0.1:6666 with TTL 1
[2026.02.12-16.13.56:392][866]LogUdpMessaging: Warning: UDP messaging encountered an error. Auto repair routine started for reinitialization
[2026.02.12-16.13.58:243][872]FUdpSocketBuilder: Failed to subscribe UdpMessageMulticastSocket to multicast group 230.0.0.1 on interface 0.0.0.0
[2026.02.12-16.13.58:243][872]FUdpSocketBuilder: Failed to create and initialize socket UdpMessageMulticastSocket (last error: 0)
[2026.02.12-16.13.58:243][872]LogUdpMessaging: Warning: StartTransport failed to create multicast socket on 0.0.0.0:0, joined to 230.0.0.1:6666 with TTL 1
[2026.02.12-16.13.58:403][872]LogUdpMessaging: Warning: UDP messaging encountered an error. Auto repair routine started for reinitialization
[2026.02.12-16.14.00:260][878]FUdpSocketBuilder: Failed to subscribe UdpMessageMulticastSocket to multicast group 230.0.0.1 on interface 0.0.0.0
[2026.02.12-16.14.00:260][878]FUdpSocketBuilder: Failed to create and initialize socket UdpMessageMulticastSocket (last error: 0)
[2026.02.12-16.14.00:261][878]LogUdpMessaging: Warning: StartTransport failed to create multicast socket on 0.0.0.0:0, joined to 230.0.0.1:6666 with TTL 1
[2026.02.12-16.14.00:417][878]LogUdpMessaging: Warning: UDP messaging encountered an error. Auto repair routine started for reinitialization
[2026.02.12-16.14.02:278][884]FUdpSocketBuilder: Failed to subscribe UdpMessageMulticastSocket to multicast group 230.0.0.1 on interface 0.0.0.0
[2026.02.12-16.14.02:278][884]FUdpSocketBuilder: Failed to create and initialize socket UdpMessageMulticastSocket (last error: 0)
[2026.02.12-16.14.02:278][884]LogUdpMessaging: Warning: StartTransport failed to create multicast socket on 0.0.0.0:0, joined to 230.0.0.1:6666 with TTL 1
[2026.02.12-16.14.02:437][884]LogUdpMessaging: Warning: UDP messaging encountered an error. Auto repair routine started for reinitialization
[2026.02.12-16.14.04:293][890]FUdpSocketBuilder: Failed to subscribe UdpMessageMulticastSocket to multicast group 230.0.0.1 on interface 0.0.0.0
[2026.02.12-16.14.04:293][890]FUdpSocketBuilder: Failed to create and initialize socket UdpMessageMulticastSocket (last error: 0)
[2026.02.12-16.14.04:293][890]LogUdpMessaging: Warning: StartTransport failed to create multicast socket on 0.0.0.0:0, joined to 230.0.0.1:6666 with TTL 1
[2026.02.12-16.14.04:448][890]LogUdpMessaging: Warning: UDP messaging encountered an error. Auto repair routine started for reinitialization
[2026.02.12-16.14.06:308][896]FUdpSocketBuilder: Failed to subscribe UdpMessageMulticastSocket to multicast group 230.0.0.1 on interface 0.0.0.0
[2026.02.12-16.14.06:308][896]FUdpSocketBuilder: Failed to create and initialize socket UdpMessageMulticastSocket (last error: 0)
[2026.02.12-16.14.06:308][896]LogUdpMessaging: Warning: StartTransport failed to create multicast socket on 0.0.0.0:0, joined to 230.0.0.1:6666 with TTL 1
[2026.02.12-16.14.06:460][896]LogUdpMessaging: Warning: UDP messaging encountered an error. Auto repair routine started for reinitialization
[2026.02.12-16.14.08:326][902]FUdpSocketBuilder: Failed to subscribe UdpMessageMulticastSocket to multicast group 230.0.0.1 on interface 0.0.0.0
[2026.02.12-16.14.08:326][902]FUdpSocketBuilder: Failed to create and initialize socket UdpMessageMulticastSocket (last error: 0)
[2026.02.12-16.14.08:327][902]LogUdpMessaging: Warning: StartTransport failed to create multicast socket on 0.0.0.0:0, joined to 230.0.0.1:6666 with TTL 1
[2026.02.12-16.14.08:472][902]LogUdpMessaging: Warning: UDP messaging encountered an error. Auto repair routine started for reinitialization
[2026.02.12-16.14.10:343][908]FUdpSocketBuilder: Failed to subscribe UdpMessageMulticastSocket to multicast group 230.0.0.1 on interface 0.0.0.0
[2026.02.12-16.14.10:343][908]FUdpSocketBuilder: Failed to create and initialize socket UdpMessageMulticastSocket (last error: 0)
[2026.02.12-16.14.10:343][908]LogUdpMessaging: Warning: StartTransport failed to create multicast socket on 0.0.0.0:0, joined to 230.0.0.1:6666 with TTL 1
[2026.02.12-16.14.10:480][908]LogUdpMessaging: Warning: UDP messaging encountered an error. Auto repair routine started for reinitialization
[2026.02.12-16.14.12:360][914]FUdpSocketBuilder: Failed to subscribe UdpMessageMulticastSocket to multicast group 230.0.0.1 on interface 0.0.0.0
[2026.02.12-16.14.12:360][914]FUdpSocketBuilder: Failed to create and initialize socket UdpMessageMulticastSocket (last error: 0)
[2026.02.12-16.14.12:360][914]LogUdpMessaging: Warning: StartTransport failed to create multicast socket on 0.0.0.0:0, joined to 230.0.0.1:6666 with TTL 1
[2026.02.12-16.14.12:500][914]LogUdpMessaging: Warning: UDP messaging encountered an error. Auto repair routine started for reinitialization
[2026.02.12-16.14.14:277][920]FUdpSocketBuilder: Failed to subscribe UdpMessageMulticastSocket to multicast group 230.0.0.1 on interface 0.0.0.0
[2026.02.12-16.14.14:277][920]FUdpSocketBuilder: Failed to create and initialize socket UdpMessageMulticastSocket (last error: 0)
[2026.02.12-16.14.14:277][920]LogUdpMessaging: Warning: StartTransport failed to create multicast socket on 0.0.0.0:0, joined to 230.0.0.1:6666 with TTL 1
[2026.02.12-16.14.14:510][920]LogUdpMessaging: Warning: UDP messaging encountered an error. Auto repair routine started for reinitialization
[2026.02.12-16.14.16:390][926]FUdpSocketBuilder: Failed to subscribe UdpMessageMulticastSocket to multicast group 230.0.0.1 on interface 0.0.0.0
[2026.02.12-16.14.16:390][926]FUdpSocketBuilder: Failed to create and initialize socket UdpMessageMulticastSocket (last error: 0)
[2026.02.12-16.14.16:390][926]LogUdpMessaging: Warning: StartTransport failed to create multicast socket on 0.0.0.0:0, joined to 230.0.0.1:6666 with TTL 1
[2026.02.12-16.14.16:523][926]LogUdpMessaging: Warning: UDP messaging encountered an error. Auto repair routine started for reinitialization
[2026.02.12-16.14.18:408][932]FUdpSocketBuilder: Failed to subscribe UdpMessageMulticastSocket to multicast group 230.0.0.1 on interface 0.0.0.0
[2026.02.12-16.14.18:408][932]FUdpSocketBuilder: Failed to create and initialize socket UdpMessageMulticastSocket (last error: 0)
[2026.02.12-16.14.18:409][932]LogUdpMessaging: Warning: StartTransport failed to create multicast socket on 0.0.0.0:0, joined to 230.0.0.1:6666 with TTL 1
[2026.02.12-16.14.18:536][932]LogUdpMessaging: Warning: UDP messaging encountered an error. Auto repair routine started for reinitialization
[2026.02.12-16.14.20:328][938]FUdpSocketBuilder: Failed to subscribe UdpMessageMulticastSocket to multicast group 230.0.0.1 on interface 0.0.0.0
[2026.02.12-16.14.20:328][938]FUdpSocketBuilder: Failed to create and initialize socket UdpMessageMulticastSocket (last error: 0)
[2026.02.12-16.14.20:328][938]LogUdpMessaging: Warning: StartTransport failed to create multicast socket on 0.0.0.0:0, joined to 230.0.0.1:6666 with TTL 1
[2026.02.12-16.14.20:544][938]LogUdpMessaging: Warning: UDP messaging encountered an error. Auto repair routine started for reinitialization
[2026.02.12-16.14.22:248][944]FUdpSocketBuilder: Failed to subscribe UdpMessageMulticastSocket to multicast group 230.0.0.1 on interface 0.0.0.0
[2026.02.12-16.14.22:248][944]FUdpSocketBuilder: Failed to create and initialize socket UdpMessageMulticastSocket (last error: 0)
[2026.02.12-16.14.22:248][944]LogUdpMessaging: Warning: StartTransport failed to create multicast socket on 0.0.0.0:0, joined to 230.0.0.1:6666 with TTL 1
[2026.02.12-16.14.22:556][944]LogUdpMessaging: Warning: UDP messaging encountered an error. Auto repair routine started for reinitialization
[2026.02.12-16.14.24:363][950]FUdpSocketBuilder: Failed to subscribe UdpMessageMulticastSocket to multicast group 230.0.0.1 on interface 0.0.0.0
[2026.02.12-16.14.24:363][950]FUdpSocketBuilder: Failed to create and initialize socket UdpMessageMulticastSocket (last error: 0)
[2026.02.12-16.14.24:363][950]LogUdpMessaging: Warning: StartTransport failed to create multicast socket on 0.0.0.0:0, joined to 230.0.0.1:6666 with TTL 1
[2026.02.12-16.14.24:562][950]LogUdpMessaging: Warning: UDP messaging encountered an error. Auto repair routine started for reinitialization
[2026.02.12-16.14.26:377][956]FUdpSocketBuilder: Failed to subscribe UdpMessageMulticastSocket to multicast group 230.0.0.1 on interface 0.0.0.0
[2026.02.12-16.14.26:377][956]FUdpSocketBuilder: Failed to create and initialize socket UdpMessageMulticastSocket (last error: 0)
[2026.02.12-16.14.26:377][956]LogUdpMessaging: Warning: StartTransport failed to create multicast socket on 0.0.0.0:0, joined to 230.0.0.1:6666 with TTL 1
[2026.02.12-16.14.26:571][956]LogUdpMessaging: Warning: UDP messaging encountered an error. Auto repair routine started for reinitialization
[2026.02.12-16.14.28:394][962]FUdpSocketBuilder: Failed to subscribe UdpMessageMulticastSocket to multicast group 230.0.0.1 on interface 0.0.0.0
[2026.02.12-16.14.28:394][962]FUdpSocketBuilder: Failed to create and initialize socket UdpMessageMulticastSocket (last error: 0)
[2026.02.12-16.14.28:394][962]LogUdpMessaging: Warning: StartTransport failed to create multicast socket on 0.0.0.0:0, joined to 230.0.0.1:6666 with TTL 1
[2026.02.12-16.14.28:581][962]LogUdpMessaging: Warning: UDP messaging encountered an error. Auto repair routine started for reinitialization
[2026.02.12-16.14.30:412][968]FUdpSocketBuilder: Failed to subscribe UdpMessageMulticastSocket to multicast group 230.0.0.1 on interface 0.0.0.0
[2026.02.12-16.14.30:412][968]FUdpSocketBuilder: Failed to create and initialize socket UdpMessageMulticastSocket (last error: 0)
[2026.02.12-16.14.30:412][968]LogUdpMessaging: Warning: StartTransport failed to create multicast socket on 0.0.0.0:0, joined to 230.0.0.1:6666 with TTL 1
[2026.02.12-16.14.30:582][968]LogUdpMessaging: Warning: UDP messaging encountered an error. Auto repair routine started for reinitialization
[2026.02.12-16.14.32:429][974]FUdpSocketBuilder: Failed to subscribe UdpMessageMulticastSocket to multicast group 230.0.0.1 on interface 0.0.0.0
[2026.02.12-16.14.32:429][974]FUdpSocketBuilder: Failed to create and initialize socket UdpMessageMulticastSocket (last error: 0)
[2026.02.12-16.14.32:429][974]LogUdpMessaging: Warning: StartTransport failed to create multicast socket on 0.0.0.0:0, joined to 230.0.0.1:6666 with TTL 1
[2026.02.12-16.14.32:587][974]LogUdpMessaging: Warning: UDP messaging encountered an error. Auto repair routine started for reinitialization
[2026.02.12-16.14.34:443][980]FUdpSocketBuilder: Failed to subscribe UdpMessageMulticastSocket to multicast group 230.0.0.1 on interface 0.0.0.0
[2026.02.12-16.14.34:443][980]FUdpSocketBuilder: Failed to create and initialize socket UdpMessageMulticastSocket (last error: 0)
[2026.02.12-16.14.34:443][980]LogUdpMessaging: Warning: StartTransport failed to create multicast socket on 0.0.0.0:0, joined to 230.0.0.1:6666 with TTL 1
[2026.02.12-16.14.34:593][980]LogUdpMessaging: Warning: UDP messaging encountered an error. Auto repair routine started for reinitialization
[2026.02.12-16.14.36:462][986]FUdpSocketBuilder: Failed to subscribe UdpMessageMulticastSocket to multicast group 230.0.0.1 on interface 0.0.0.0
[2026.02.12-16.14.36:463][986]FUdpSocketBuilder: Failed to create and initialize socket UdpMessageMulticastSocket (last error: 0)
[2026.02.12-16.14.36:463][986]LogUdpMessaging: Warning: StartTransport failed to create multicast socket on 0.0.0.0:0, joined to 230.0.0.1:6666 with TTL 1
[2026.02.12-16.14.36:602][986]LogUdpMessaging: Warning: UDP messaging encountered an error. Auto repair routine started for reinitialization
[2026.02.12-16.14.38:482][992]FUdpSocketBuilder: Failed to subscribe UdpMessageMulticastSocket to multicast group 230.0.0.1 on interface 0.0.0.0
[2026.02.12-16.14.38:482][992]FUdpSocketBuilder: Failed to create and initialize socket UdpMessageMulticastSocket (last error: 0)
[2026.02.12-16.14.38:482][992]LogUdpMessaging: Warning: StartTransport failed to create multicast socket on 0.0.0.0:0, joined to 230.0.0.1:6666 with TTL 1
[2026.02.12-16.14.38:621][992]LogUdpMessaging: Warning: UDP messaging encountered an error. Auto repair routine started for reinitialization
[2026.02.12-16.14.40:498][998]FUdpSocketBuilder: Failed to subscribe UdpMessageMulticastSocket to multicast group 230.0.0.1 on interface 0.0.0.0
[2026.02.12-16.14.40:498][998]FUdpSocketBuilder: Failed to create and initialize socket UdpMessageMulticastSocket (last error: 0)
[2026.02.12-16.14.40:498][998]LogUdpMessaging: Warning: StartTransport failed to create multicast socket on 0.0.0.0:0, joined to 230.0.0.1:6666 with TTL 1
[2026.02.12-16.14.40:627][998]LogUdpMessaging: Warning: UDP messaging encountered an error. Auto repair routine started for reinitialization
[2026.02.12-16.14.42:514][  4]FUdpSocketBuilder: Failed to subscribe UdpMessageMulticastSocket to multicast group 230.0.0.1 on interface 0.0.0.0
[2026.02.12-16.14.42:514][  4]FUdpSocketBuilder: Failed to create and initialize socket UdpMessageMulticastSocket (last error: 0)
[2026.02.12-16.14.42:514][  4]LogUdpMessaging: Warning: StartTransport failed to create multicast socket on 0.0.0.0:0, joined to 230.0.0.1:6666 with TTL 1
[2026.02.12-16.14.42:638][  4]LogUdpMessaging: Warning: UDP messaging encountered an error. Auto repair routine started for reinitialization
[2026.02.12-16.14.44:333][ 10]FUdpSocketBuilder: Failed to subscribe UdpMessageMulticastSocket to multicast group 230.0.0.1 on interface 0.0.0.0
[2026.02.12-16.14.44:333][ 10]FUdpSocketBuilder: Failed to create and initialize socket UdpMessageMulticastSocket (last error: 0)
[2026.02.12-16.14.44:333][ 10]LogUdpMessaging: Warning: StartTransport failed to create multicast socket on 0.0.0.0:0, joined to 230.0.0.1:6666 with TTL 1
[2026.02.12-16.14.44:647][ 10]LogUdpMessaging: Warning: UDP messaging encountered an error. Auto repair routine started for reinitialization
[2026.02.12-16.14.46:448][ 16]FUdpSocketBuilder: Failed to subscribe UdpMessageMulticastSocket to multicast group 230.0.0.1 on interface 0.0.0.0
[2026.02.12-16.14.46:448][ 16]FUdpSocketBuilder: Failed to create and initialize socket UdpMessageMulticastSocket (last error: 0)
[2026.02.12-16.14.46:449][ 16]LogUdpMessaging: Warning: StartTransport failed to create multicast socket on 0.0.0.0:0, joined to 230.0.0.1:6666 with TTL 1
[2026.02.12-16.14.46:659][ 16]LogUdpMessaging: Warning: UDP messaging encountered an error. Auto repair routine started for reinitialization
[2026.02.12-16.14.48:468][ 22]FUdpSocketBuilder: Failed to subscribe UdpMessageMulticastSocket to multicast group 230.0.0.1 on interface 0.0.0.0
[2026.02.12-16.14.48:468][ 22]FUdpSocketBuilder: Failed to create and initialize socket UdpMessageMulticastSocket (last error: 0)
[2026.02.12-16.14.48:468][ 22]LogUdpMessaging: Warning: StartTransport failed to create multicast socket on 0.0.0.0:0, joined to 230.0.0.1:6666 with TTL 1
[2026.02.12-16.14.48:676][ 22]LogUdpMessaging: Warning: UDP messaging encountered an error. Auto repair routine started for reinitialization
[2026.02.12-16.14.50:483][ 28]FUdpSocketBuilder: Failed to subscribe UdpMessageMulticastSocket to multicast group 230.0.0.1 on interface 0.0.0.0
[2026.02.12-16.14.50:483][ 28]FUdpSocketBuilder: Failed to create and initialize socket UdpMessageMulticastSocket (last error: 0)
[2026.02.12-16.14.50:483][ 28]LogUdpMessaging: Warning: StartTransport failed to create multicast socket on 0.0.0.0:0, joined to 230.0.0.1:6666 with TTL 1
[2026.02.12-16.14.50:678][ 28]LogUdpMessaging: Warning: UDP messaging encountered an error. Auto repair routine started for reinitialization
[2026.02.12-16.14.52:498][ 34]FUdpSocketBuilder: Failed to subscribe UdpMessageMulticastSocket to multicast group 230.0.0.1 on interface 0.0.0.0
[2026.02.12-16.14.52:498][ 34]FUdpSocketBuilder: Failed to create and initialize socket UdpMessageMulticastSocket (last error: 0)
[2026.02.12-16.14.52:498][ 34]LogUdpMessaging: Warning: StartTransport failed to create multicast socket on 0.0.0.0:0, joined to 230.0.0.1:6666 with TTL 1
[2026.02.12-16.14.52:691][ 34]LogUdpMessaging: Warning: UDP messaging encountered an error. Auto repair routine started for reinitialization
[2026.02.12-16.14.54:515][ 40]FUdpSocketBuilder: Failed to subscribe UdpMessageMulticastSocket to multicast group 230.0.0.1 on interface 0.0.0.0
[2026.02.12-16.14.54:515][ 40]FUdpSocketBuilder: Failed to create and initialize socket UdpMessageMulticastSocket (last error: 0)
[2026.02.12-16.14.54:515][ 40]LogUdpMessaging: Warning: StartTransport failed to create multicast socket on 0.0.0.0:0, joined to 230.0.0.1:6666 with TTL 1
[2026.02.12-16.14.54:703][ 40]LogUdpMessaging: Warning: UDP messaging encountered an error. Auto repair routine started for reinitialization
[2026.02.12-16.14.56:535][ 46]FUdpSocketBuilder: Failed to subscribe UdpMessageMulticastSocket to multicast group 230.0.0.1 on interface 0.0.0.0
[2026.02.12-16.14.56:535][ 46]FUdpSocketBuilder: Failed to create and initialize socket UdpMessageMulticastSocket (last error: 0)
[2026.02.12-16.14.56:535][ 46]LogUdpMessaging: Warning: StartTransport failed to create multicast socket on 0.0.0.0:0, joined to 230.0.0.1:6666 with TTL 1
[2026.02.12-16.14.56:721][ 46]LogUdpMessaging: Warning: UDP messaging encountered an error. Auto repair routine started for reinitialization
[2026.02.12-16.14.58:553][ 52]FUdpSocketBuilder: Failed to subscribe UdpMessageMulticastSocket to multicast group 230.0.0.1 on interface 0.0.0.0
[2026.02.12-16.14.58:553][ 52]FUdpSocketBuilder: Failed to create and initialize socket UdpMessageMulticastSocket (last error: 0)
[2026.02.12-16.14.58:553][ 52]LogUdpMessaging: Warning: StartTransport failed to create multicast socket on 0.0.0.0:0, joined to 230.0.0.1:6666 with TTL 1
[2026.02.12-16.14.58:732][ 52]LogUdpMessaging: Warning: UDP messaging encountered an error. Auto repair routine started for reinitialization
[2026.02.12-16.15.00:574][ 58]FUdpSocketBuilder: Failed to subscribe UdpMessageMulticastSocket to multicast group 230.0.0.1 on interface 0.0.0.0
[2026.02.12-16.15.00:574][ 58]FUdpSocketBuilder: Failed to create and initialize socket UdpMessageMulticastSocket (last error: 0)
[2026.02.12-16.15.00:574][ 58]LogUdpMessaging: Warning: StartTransport failed to create multicast socket on 0.0.0.0:0, joined to 230.0.0.1:6666 with TTL 1
[2026.02.12-16.15.00:749][ 58]LogUdpMessaging: Warning: UDP messaging encountered an error. Auto repair routine started for reinitialization
[2026.02.12-16.15.02:592][ 64]FUdpSocketBuilder: Failed to subscribe UdpMessageMulticastSocket to multicast group 230.0.0.1 on interface 0.0.0.0
[2026.02.12-16.15.02:592][ 64]FUdpSocketBuilder: Failed to create and initialize socket UdpMessageMulticastSocket (last error: 0)
[2026.02.12-16.15.02:592][ 64]LogUdpMessaging: Warning: StartTransport failed to create multicast socket on 0.0.0.0:0, joined to 230.0.0.1:6666 with TTL 1
[2026.02.12-16.15.02:764][ 64]LogUdpMessaging: Warning: UDP messaging encountered an error. Auto repair routine started for reinitialization
[2026.02.12-16.15.04:611][ 70]FUdpSocketBuilder: Failed to subscribe UdpMessageMulticastSocket to multicast group 230.0.0.1 on interface 0.0.0.0
[2026.02.12-16.15.04:611][ 70]FUdpSocketBuilder: Failed to create and initialize socket UdpMessageMulticastSocket (last error: 0)
[2026.02.12-16.15.04:611][ 70]LogUdpMessaging: Warning: StartTransport failed to create multicast socket on 0.0.0.0:0, joined to 230.0.0.1:6666 with TTL 1
[2026.02.12-16.15.04:765][ 70]LogUdpMessaging: Warning: UDP messaging encountered an error. Auto repair routine started for reinitialization
[2026.02.12-16.15.06:629][ 76]FUdpSocketBuilder: Failed to subscribe UdpMessageMulticastSocket to multicast group 230.0.0.1 on interface 0.0.0.0
[2026.02.12-16.15.06:630][ 76]FUdpSocketBuilder: Failed to create and initialize socket UdpMessageMulticastSocket (last error: 0)
[2026.02.12-16.15.06:630][ 76]LogUdpMessaging: Warning: StartTransport failed to create multicast socket on 0.0.0.0:0, joined to 230.0.0.1:6666 with TTL 1
[2026.02.12-16.15.06:777][ 76]LogUdpMessaging: Warning: UDP messaging encountered an error. Auto repair routine started for reinitialization
[2026.02.12-16.15.08:649][ 82]FUdpSocketBuilder: Failed to subscribe UdpMessageMulticastSocket to multicast group 230.0.0.1 on interface 0.0.0.0
[2026.02.12-16.15.08:649][ 82]FUdpSocketBuilder: Failed to create and initialize socket UdpMessageMulticastSocket (last error: 0)
[2026.02.12-16.15.08:649][ 82]LogUdpMessaging: Warning: StartTransport failed to create multicast socket on 0.0.0.0:0, joined to 230.0.0.1:6666 with TTL 1
[2026.02.12-16.15.08:784][ 82]LogUdpMessaging: Warning: UDP messaging encountered an error. Auto repair routine started for reinitialization
[2026.02.12-16.15.10:665][ 88]FUdpSocketBuilder: Failed to subscribe UdpMessageMulticastSocket to multicast group 230.0.0.1 on interface 0.0.0.0
[2026.02.12-16.15.10:665][ 88]FUdpSocketBuilder: Failed to create and initialize socket UdpMessageMulticastSocket (last error: 0)
[2026.02.12-16.15.10:665][ 88]LogUdpMessaging: Warning: StartTransport failed to create multicast socket on 0.0.0.0:0, joined to 230.0.0.1:6666 with TTL 1
[2026.02.12-16.15.10:799][ 88]LogUdpMessaging: Warning: UDP messaging encountered an error. Auto repair routine started for reinitialization
[2026.02.12-16.15.12:682][ 94]FUdpSocketBuilder: Failed to subscribe UdpMessageMulticastSocket to multicast group 230.0.0.1 on interface 0.0.0.0
[2026.02.12-16.15.12:682][ 94]FUdpSocketBuilder: Failed to create and initialize socket UdpMessageMulticastSocket (last error: 0)
[2026.02.12-16.15.12:682][ 94]LogUdpMessaging: Warning: StartTransport failed to create multicast socket on 0.0.0.0:0, joined to 230.0.0.1:6666 with TTL 1
[2026.02.12-16.15.12:805][ 94]LogUdpMessaging: Warning: UDP messaging encountered an error. Auto repair routine started for reinitialization
[2026.02.12-16.15.14:595][100]FUdpSocketBuilder: Failed to subscribe UdpMessageMulticastSocket to multicast group 230.0.0.1 on interface 0.0.0.0
[2026.02.12-16.15.14:595][100]FUdpSocketBuilder: Failed to create and initialize socket UdpMessageMulticastSocket (last error: 0)
[2026.02.12-16.15.14:595][100]LogUdpMessaging: Warning: StartTransport failed to create multicast socket on 0.0.0.0:0, joined to 230.0.0.1:6666 with TTL 1
[2026.02.12-16.15.14:816][100]LogUdpMessaging: Warning: UDP messaging encountered an error. Auto repair routine started for reinitialization
[2026.02.12-16.15.16:610][106]FUdpSocketBuilder: Failed to subscribe UdpMessageMulticastSocket to multicast group 230.0.0.1 on interface 0.0.0.0
[2026.02.12-16.15.16:610][106]FUdpSocketBuilder: Failed to create and initialize socket UdpMessageMulticastSocket (last error: 0)
[2026.02.12-16.15.16:610][106]LogUdpMessaging: Warning: StartTransport failed to create multicast socket on 0.0.0.0:0, joined to 230.0.0.1:6666 with TTL 1
[2026.02.12-16.15.16:825][106]LogUdpMessaging: Warning: UDP messaging encountered an error. Auto repair routine started for reinitialization
[2026.02.12-16.15.18:627][112]FUdpSocketBuilder: Failed to subscribe UdpMessageMulticastSocket to multicast group 230.0.0.1 on interface 0.0.0.0
[2026.02.12-16.15.18:627][112]FUdpSocketBuilder: Failed to create and initialize socket UdpMessageMulticastSocket (last error: 0)
[2026.02.12-16.15.18:628][112]LogUdpMessaging: Warning: StartTransport failed to create multicast socket on 0.0.0.0:0, joined to 230.0.0.1:6666 with TTL 1
[2026.02.12-16.15.18:835][112]LogUdpMessaging: Warning: UDP messaging encountered an error. Auto repair routine started for reinitialization
[2026.02.12-16.15.20:643][118]FUdpSocketBuilder: Failed to subscribe UdpMessageMulticastSocket to multicast group 230.0.0.1 on interface 0.0.0.0
[2026.02.12-16.15.20:643][118]FUdpSocketBuilder: Failed to create and initialize socket UdpMessageMulticastSocket (last error: 0)
[2026.02.12-16.15.20:643][118]LogUdpMessaging: Warning: StartTransport failed to create multicast socket on 0.0.0.0:0, joined to 230.0.0.1:6666 with TTL 1
[2026.02.12-16.15.20:856][118]LogUdpMessaging: Warning: UDP messaging encountered an error. Auto repair routine started for reinitialization
[2026.02.12-16.15.22:662][124]FUdpSocketBuilder: Failed to subscribe UdpMessageMulticastSocket to multicast group 230.0.0.1 on interface 0.0.0.0
[2026.02.12-16.15.22:662][124]FUdpSocketBuilder: Failed to create and initialize socket UdpMessageMulticastSocket (last error: 0)
[2026.02.12-16.15.22:662][124]LogUdpMessaging: Warning: StartTransport failed to create multicast socket on 0.0.0.0:0, joined to 230.0.0.1:6666 with TTL 1
[2026.02.12-16.15.22:867][124]LogUdpMessaging: Warning: UDP messaging encountered an error. Auto repair routine started for reinitialization
[2026.02.12-16.15.24:682][130]FUdpSocketBuilder: Failed to subscribe UdpMessageMulticastSocket to multicast group 230.0.0.1 on interface 0.0.0.0
[2026.02.12-16.15.24:682][130]FUdpSocketBuilder: Failed to create and initialize socket UdpMessageMulticastSocket (last error: 0)
[2026.02.12-16.15.24:682][130]LogUdpMessaging: Warning: StartTransport failed to create multicast socket on 0.0.0.0:0, joined to 230.0.0.1:6666 with TTL 1
[2026.02.12-16.15.24:867][130]LogUdpMessaging: Warning: UDP messaging encountered an error. Auto repair routine started for reinitialization
[2026.02.12-16.15.26:699][136]FUdpSocketBuilder: Failed to subscribe UdpMessageMulticastSocket to multicast group 230.0.0.1 on interface 0.0.0.0
[2026.02.12-16.15.26:700][136]FUdpSocketBuilder: Failed to create and initialize socket UdpMessageMulticastSocket (last error: 0)
[2026.02.12-16.15.26:700][136]LogUdpMessaging: Warning: StartTransport failed to create multicast socket on 0.0.0.0:0, joined to 230.0.0.1:6666 with TTL 1
[2026.02.12-16.15.26:872][136]LogUdpMessaging: Warning: UDP messaging encountered an error. Auto repair routine started for reinitialization
[2026.02.12-16.15.28:718][142]FUdpSocketBuilder: Failed to subscribe UdpMessageMulticastSocket to multicast group 230.0.0.1 on interface 0.0.0.0
[2026.02.12-16.15.28:718][142]FUdpSocketBuilder: Failed to create and initialize socket UdpMessageMulticastSocket (last error: 0)
[2026.02.12-16.15.28:718][142]LogUdpMessaging: Warning: StartTransport failed to create multicast socket on 0.0.0.0:0, joined to 230.0.0.1:6666 with TTL 1
[2026.02.12-16.15.28:882][142]LogUdpMessaging: Warning: UDP messaging encountered an error. Auto repair routine started for reinitialization
[2026.02.12-16.15.30:733][148]FUdpSocketBuilder: Failed to subscribe UdpMessageMulticastSocket to multicast group 230.0.0.1 on interface 0.0.0.0
[2026.02.12-16.15.30:733][148]FUdpSocketBuilder: Failed to create and initialize socket UdpMessageMulticastSocket (last error: 0)
[2026.02.12-16.15.30:733][148]LogUdpMessaging: Warning: StartTransport failed to create multicast socket on 0.0.0.0:0, joined to 230.0.0.1:6666 with TTL 1
[2026.02.12-16.15.30:891][148]LogUdpMessaging: Warning: UDP messaging encountered an error. Auto repair routine started for reinitialization
[2026.02.12-16.15.32:752][154]FUdpSocketBuilder: Failed to subscribe UdpMessageMulticastSocket to multicast group 230.0.0.1 on interface 0.0.0.0
[2026.02.12-16.15.32:752][154]FUdpSocketBuilder: Failed to create and initialize socket UdpMessageMulticastSocket (last error: 0)
[2026.02.12-16.15.32:752][154]LogUdpMessaging: Warning: StartTransport failed to create multicast socket on 0.0.0.0:0, joined to 230.0.0.1:6666 with TTL 1
[2026.02.12-16.15.32:910][154]LogUdpMessaging: Warning: UDP messaging encountered an error. Auto repair routine started for reinitialization
[2026.02.12-16.15.34:767][160]FUdpSocketBuilder: Failed to subscribe UdpMessageMulticastSocket to multicast group 230.0.0.1 on interface 0.0.0.0
[2026.02.12-16.15.34:767][160]FUdpSocketBuilder: Failed to create and initialize socket UdpMessageMulticastSocket (last error: 0)
[2026.02.12-16.15.34:767][160]LogUdpMessaging: Warning: StartTransport failed to create multicast socket on 0.0.0.0:0, joined to 230.0.0.1:6666 with TTL 1
[2026.02.12-16.15.34:912][160]LogUdpMessaging: Warning: UDP messaging encountered an error. Auto repair routine started for reinitialization
[2026.02.12-16.15.36:787][166]FUdpSocketBuilder: Failed to subscribe UdpMessageMulticastSocket to multicast group 230.0.0.1 on interface 0.0.0.0
[2026.02.12-16.15.36:787][166]FUdpSocketBuilder: Failed to create and initialize socket UdpMessageMulticastSocket (last error: 0)
[2026.02.12-16.15.36:787][166]LogUdpMessaging: Warning: StartTransport failed to create multicast socket on 0.0.0.0:0, joined to 230.0.0.1:6666 with TTL 1
[2026.02.12-16.15.36:937][166]LogUdpMessaging: Warning: UDP messaging encountered an error. Auto repair routine started for reinitialization
[2026.02.12-16.15.38:806][172]FUdpSocketBuilder: Failed to subscribe UdpMessageMulticastSocket to multicast group 230.0.0.1 on interface 0.0.0.0
[2026.02.12-16.15.38:806][172]FUdpSocketBuilder: Failed to create and initialize socket UdpMessageMulticastSocket (last error: 0)
[2026.02.12-16.15.38:806][172]LogUdpMessaging: Warning: StartTransport failed to create multicast socket on 0.0.0.0:0, joined to 230.0.0.1:6666 with TTL 1
[2026.02.12-16.15.38:945][172]LogUdpMessaging: Warning: UDP messaging encountered an error. Auto repair routine started for reinitialization
[2026.02.12-16.15.40:819][178]FUdpSocketBuilder: Failed to subscribe UdpMessageMulticastSocket to multicast group 230.0.0.1 on interface 0.0.0.0
[2026.02.12-16.15.40:819][178]FUdpSocketBuilder: Failed to create and initialize socket UdpMessageMulticastSocket (last error: 0)
[2026.02.12-16.15.40:819][178]LogUdpMessaging: Warning: StartTransport failed to create multicast socket on 0.0.0.0:0, joined to 230.0.0.1:6666 with TTL 1
[2026.02.12-16.15.40:947][178]LogUdpMessaging: Warning: UDP messaging encountered an error. Auto repair routine started for reinitialization
[2026.02.12-16.15.42:736][184]FUdpSocketBuilder: Failed to subscribe UdpMessageMulticastSocket to multicast group 230.0.0.1 on interface 0.0.0.0
[2026.02.12-16.15.42:736][184]FUdpSocketBuilder: Failed to create and initialize socket UdpMessageMulticastSocket (last error: 0)
[2026.02.12-16.15.42:736][184]LogUdpMessaging: Warning: StartTransport failed to create multicast socket on 0.0.0.0:0, joined to 230.0.0.1:6666 with TTL 1
[2026.02.12-16.15.42:953][184]LogUdpMessaging: Warning: UDP messaging encountered an error. Auto repair routine started for reinitialization
[2026.02.12-16.15.44:752][190]FUdpSocketBuilder: Failed to subscribe UdpMessageMulticastSocket to multicast group 230.0.0.1 on interface 0.0.0.0
[2026.02.12-16.15.44:752][190]FUdpSocketBuilder: Failed to create and initialize socket UdpMessageMulticastSocket (last error: 0)
[2026.02.12-16.15.44:752][190]LogUdpMessaging: Warning: StartTransport failed to create multicast socket on 0.0.0.0:0, joined to 230.0.0.1:6666 with TTL 1
[2026.02.12-16.15.44:963][190]LogUdpMessaging: Warning: UDP messaging encountered an error. Auto repair routine started for reinitialization
[2026.02.12-16.15.46:771][196]FUdpSocketBuilder: Failed to subscribe UdpMessageMulticastSocket to multicast group 230.0.0.1 on interface 0.0.0.0
[2026.02.12-16.15.46:772][196]FUdpSocketBuilder: Failed to create and initialize socket UdpMessageMulticastSocket (last error: 0)
[2026.02.12-16.15.46:772][196]LogUdpMessaging: Warning: StartTransport failed to create multicast socket on 0.0.0.0:0, joined to 230.0.0.1:6666 with TTL 1
[2026.02.12-16.15.46:968][196]LogUdpMessaging: Warning: UDP messaging encountered an error. Auto repair routine started for reinitialization
[2026.02.12-16.15.48:793][202]FUdpSocketBuilder: Failed to subscribe UdpMessageMulticastSocket to multicast group 230.0.0.1 on interface 0.0.0.0
[2026.02.12-16.15.48:793][202]FUdpSocketBuilder: Failed to create and initialize socket UdpMessageMulticastSocket (last error: 0)
[2026.02.12-16.15.48:793][202]LogUdpMessaging: Warning: StartTransport failed to create multicast socket on 0.0.0.0:0, joined to 230.0.0.1:6666 with TTL 1
[2026.02.12-16.15.48:968][202]LogUdpMessaging: Warning: UDP messaging encountered an error. Auto repair routine started for reinitialization
[2026.02.12-16.15.50:711][208]FUdpSocketBuilder: Failed to subscribe UdpMessageMulticastSocket to multicast group 230.0.0.1 on interface 0.0.0.0
[2026.02.12-16.15.50:711][208]FUdpSocketBuilder: Failed to create and initialize socket UdpMessageMulticastSocket (last error: 0)
[2026.02.12-16.15.50:711][208]LogUdpMessaging: Warning: StartTransport failed to create multicast socket on 0.0.0.0:0, joined to 230.0.0.1:6666 with TTL 1
[2026.02.12-16.15.50:975][208]LogUdpMessaging: Warning: UDP messaging encountered an error. Auto repair routine started for reinitialization
[2026.02.12-16.15.52:829][214]FUdpSocketBuilder: Failed to subscribe UdpMessageMulticastSocket to multicast group 230.0.0.1 on interface 0.0.0.0
[2026.02.12-16.15.52:829][214]FUdpSocketBuilder: Failed to create and initialize socket UdpMessageMulticastSocket (last error: 0)
[2026.02.12-16.15.52:829][214]LogUdpMessaging: Warning: StartTransport failed to create multicast socket on 0.0.0.0:0, joined to 230.0.0.1:6666 with TTL 1
[2026.02.12-16.15.52:979][214]LogUdpMessaging: Warning: UDP messaging encountered an error. Auto repair routine started for reinitialization
[2026.02.12-16.15.54:842][220]FUdpSocketBuilder: Failed to subscribe UdpMessageMulticastSocket to multicast group 230.0.0.1 on interface 0.0.0.0
[2026.02.12-16.15.54:842][220]FUdpSocketBuilder: Failed to create and initialize socket UdpMessageMulticastSocket (last error: 0)
[2026.02.12-16.15.54:842][220]LogUdpMessaging: Warning: StartTransport failed to create multicast socket on 0.0.0.0:0, joined to 230.0.0.1:6666 with TTL 1
[2026.02.12-16.15.54:990][220]LogUdpMessaging: Warning: UDP messaging encountered an error. Auto repair routine started for reinitialization
[2026.02.12-16.15.56:858][226]FUdpSocketBuilder: Failed to subscribe UdpMessageMulticastSocket to multicast group 230.0.0.1 on interface 0.0.0.0
[2026.02.12-16.15.56:858][226]FUdpSocketBuilder: Failed to create and initialize socket UdpMessageMulticastSocket (last error: 0)
[2026.02.12-16.15.56:859][226]LogUdpMessaging: Warning: StartTransport failed to create multicast socket on 0.0.0.0:0, joined to 230.0.0.1:6666 with TTL 1
[2026.02.12-16.15.56:996][226]LogUdpMessaging: Warning: UDP messaging encountered an error. Auto repair routine started for reinitialization
[2026.02.12-16.15.58:876][232]FUdpSocketBuilder: Failed to subscribe UdpMessageMulticastSocket to multicast group 230.0.0.1 on interface 0.0.0.0
[2026.02.12-16.15.58:876][232]FUdpSocketBuilder: Failed to create and initialize socket UdpMessageMulticastSocket (last error: 0)
[2026.02.12-16.15.58:876][232]LogUdpMessaging: Warning: StartTransport failed to create multicast socket on 0.0.0.0:0, joined to 230.0.0.1:6666 with TTL 1
[2026.02.12-16.15.59:008][232]LogUdpMessaging: Warning: UDP messaging encountered an error. Auto repair routine started for reinitialization
[2026.02.12-16.16.00:890][238]FUdpSocketBuilder: Failed to subscribe UdpMessageMulticastSocket to multicast group 230.0.0.1 on interface 0.0.0.0
[2026.02.12-16.16.00:890][238]FUdpSocketBuilder: Failed to create and initialize socket UdpMessageMulticastSocket (last error: 0)
[2026.02.12-16.16.00:890][238]LogUdpMessaging: Warning: StartTransport failed to create multicast socket on 0.0.0.0:0, joined to 230.0.0.1:6666 with TTL 1
[2026.02.12-16.16.01:026][238]LogUdpMessaging: Warning: UDP messaging encountered an error. Auto repair routine started for reinitialization
[2026.02.12-16.16.02:907][244]FUdpSocketBuilder: Failed to subscribe UdpMessageMulticastSocket to multicast group 230.0.0.1 on interface 0.0.0.0
[2026.02.12-16.16.02:907][244]FUdpSocketBuilder: Failed to create and initialize socket UdpMessageMulticastSocket (last error: 0)
[2026.02.12-16.16.02:908][244]LogUdpMessaging: Warning: StartTransport failed to create multicast socket on 0.0.0.0:0, joined to 230.0.0.1:6666 with TTL 1
[2026.02.12-16.16.03:032][244]LogUdpMessaging: Warning: UDP messaging encountered an error. Auto repair routine started for reinitialization
[2026.02.12-16.16.04:823][250]FUdpSocketBuilder: Failed to subscribe UdpMessageMulticastSocket to multicast group 230.0.0.1 on interface 0.0.0.0
[2026.02.12-16.16.04:823][250]FUdpSocketBuilder: Failed to create and initialize socket UdpMessageMulticastSocket (last error: 0)
[2026.02.12-16.16.04:823][250]LogUdpMessaging: Warning: StartTransport failed to create multicast socket on 0.0.0.0:0, joined to 230.0.0.1:6666 with TTL 1
[2026.02.12-16.16.05:042][250]LogUdpMessaging: Warning: UDP messaging encountered an error. Auto repair routine started for reinitialization
[2026.02.12-16.16.06:841][256]FUdpSocketBuilder: Failed to subscribe UdpMessageMulticastSocket to multicast group 230.0.0.1 on interface 0.0.0.0
[2026.02.12-16.16.06:841][256]FUdpSocketBuilder: Failed to create and initialize socket UdpMessageMulticastSocket (last error: 0)
[2026.02.12-16.16.06:841][256]LogUdpMessaging: Warning: StartTransport failed to create multicast socket on 0.0.0.0:0, joined to 230.0.0.1:6666 with TTL 1
[2026.02.12-16.16.07:051][256]LogUdpMessaging: Warning: UDP messaging encountered an error. Auto repair routine started for reinitialization
[2026.02.12-16.16.08:855][262]FUdpSocketBuilder: Failed to subscribe UdpMessageMulticastSocket to multicast group 230.0.0.1 on interface 0.0.0.0
[2026.02.12-16.16.08:855][262]FUdpSocketBuilder: Failed to create and initialize socket UdpMessageMulticastSocket (last error: 0)
[2026.02.12-16.16.08:855][262]LogUdpMessaging: Warning: StartTransport failed to create multicast socket on 0.0.0.0:0, joined to 230.0.0.1:6666 with TTL 1
[2026.02.12-16.16.09:059][262]LogUdpMessaging: Warning: UDP messaging encountered an error. Auto repair routine started for reinitialization
[2026.02.12-16.16.10:871][268]FUdpSocketBuilder: Failed to subscribe UdpMessageMulticastSocket to multicast group 230.0.0.1 on interface 0.0.0.0
[2026.02.12-16.16.10:871][268]FUdpSocketBuilder: Failed to create and initialize socket UdpMessageMulticastSocket (last error: 0)
[2026.02.12-16.16.10:871][268]LogUdpMessaging: Warning: StartTransport failed to create multicast socket on 0.0.0.0:0, joined to 230.0.0.1:6666 with TTL 1
[2026.02.12-16.16.11:070][268]LogUdpMessaging: Warning: UDP messaging encountered an error. Auto repair routine started for reinitialization
[2026.02.12-16.16.12:891][274]FUdpSocketBuilder: Failed to subscribe UdpMessageMulticastSocket to multicast group 230.0.0.1 on interface 0.0.0.0
[2026.02.12-16.16.12:891][274]FUdpSocketBuilder: Failed to create and initialize socket UdpMessageMulticastSocket (last error: 0)
[2026.02.12-16.16.12:891][274]LogUdpMessaging: Warning: StartTransport failed to create multicast socket on 0.0.0.0:0, joined to 230.0.0.1:6666 with TTL 1
[2026.02.12-16.16.13:081][274]LogUdpMessaging: Warning: UDP messaging encountered an error. Auto repair routine started for reinitialization
[2026.02.12-16.16.14:909][280]FUdpSocketBuilder: Failed to subscribe UdpMessageMulticastSocket to multicast group 230.0.0.1 on interface 0.0.0.0
[2026.02.12-16.16.14:909][280]FUdpSocketBuilder: Failed to create and initialize socket UdpMessageMulticastSocket (last error: 0)
[2026.02.12-16.16.14:909][280]LogUdpMessaging: Warning: StartTransport failed to create multicast socket on 0.0.0.0:0, joined to 230.0.0.1:6666 with TTL 1
[2026.02.12-16.16.15:093][280]LogUdpMessaging: Warning: UDP messaging encountered an error. Auto repair routine started for reinitialization
[2026.02.12-16.16.16:928][286]FUdpSocketBuilder: Failed to subscribe UdpMessageMulticastSocket to multicast group 230.0.0.1 on interface 0.0.0.0
[2026.02.12-16.16.16:928][286]FUdpSocketBuilder: Failed to create and initialize socket UdpMessageMulticastSocket (last error: 0)
[2026.02.12-16.16.16:928][286]LogUdpMessaging: Warning: StartTransport failed to create multicast socket on 0.0.0.0:0, joined to 230.0.0.1:6666 with TTL 1
[2026.02.12-16.16.17:110][286]LogUdpMessaging: Warning: UDP messaging encountered an error. Auto repair routine started for reinitialization
[2026.02.12-16.16.18:940][292]FUdpSocketBuilder: Failed to subscribe UdpMessageMulticastSocket to multicast group 230.0.0.1 on interface 0.0.0.0
[2026.02.12-16.16.18:941][292]FUdpSocketBuilder: Failed to create and initialize socket UdpMessageMulticastSocket (last error: 0)
[2026.02.12-16.16.18:941][292]LogUdpMessaging: Warning: StartTransport failed to create multicast socket on 0.0.0.0:0, joined to 230.0.0.1:6666 with TTL 1
[2026.02.12-16.16.19:118][292]LogUdpMessaging: Warning: UDP messaging encountered an error. Auto repair routine started for reinitialization
[2026.02.12-16.16.20:959][298]FUdpSocketBuilder: Failed to subscribe UdpMessageMulticastSocket to multicast group 230.0.0.1 on interface 0.0.0.0
[2026.02.12-16.16.20:959][298]FUdpSocketBuilder: Failed to create and initialize socket UdpMessageMulticastSocket (last error: 0)
[2026.02.12-16.16.20:959][298]LogUdpMessaging: Warning: StartTransport failed to create multicast socket on 0.0.0.0:0, joined to 230.0.0.1:6666 with TTL 1
[2026.02.12-16.16.21:123][298]LogUdpMessaging: Warning: UDP messaging encountered an error. Auto repair routine started for reinitialization
[2026.02.12-16.16.22:979][304]FUdpSocketBuilder: Failed to subscribe UdpMessageMulticastSocket to multicast group 230.0.0.1 on interface 0.0.0.0
[2026.02.12-16.16.22:979][304]FUdpSocketBuilder: Failed to create and initialize socket UdpMessageMulticastSocket (last error: 0)
[2026.02.12-16.16.22:979][304]LogUdpMessaging: Warning: StartTransport failed to create multicast socket on 0.0.0.0:0, joined to 230.0.0.1:6666 with TTL 1
[2026.02.12-16.16.23:131][304]LogUdpMessaging: Warning: UDP messaging encountered an error. Auto repair routine started for reinitialization
[2026.02.12-16.16.24:998][310]FUdpSocketBuilder: Failed to subscribe UdpMessageMulticastSocket to multicast group 230.0.0.1 on interface 0.0.0.0
[2026.02.12-16.16.24:998][310]FUdpSocketBuilder: Failed to create and initialize socket UdpMessageMulticastSocket (last error: 0)
[2026.02.12-16.16.24:998][310]LogUdpMessaging: Warning: StartTransport failed to create multicast socket on 0.0.0.0:0, joined to 230.0.0.1:6666 with TTL 1
[2026.02.12-16.16.25:149][310]LogUdpMessaging: Warning: UDP messaging encountered an error. Auto repair routine started for reinitialization
[2026.02.12-16.16.27:015][316]FUdpSocketBuilder: Failed to subscribe UdpMessageMulticastSocket to multicast group 230.0.0.1 on interface 0.0.0.0
[2026.02.12-16.16.27:015][316]FUdpSocketBuilder: Failed to create and initialize socket UdpMessageMulticastSocket (last error: 0)
[2026.02.12-16.16.27:015][316]LogUdpMessaging: Warning: StartTransport failed to create multicast socket on 0.0.0.0:0, joined to 230.0.0.1:6666 with TTL 1
[2026.02.12-16.16.27:156][316]LogUdpMessaging: Warning: UDP messaging encountered an error. Auto repair routine started for reinitialization
[2026.02.12-16.16.29:036][322]FUdpSocketBuilder: Failed to subscribe UdpMessageMulticastSocket to multicast group 230.0.0.1 on interface 0.0.0.0
[2026.02.12-16.16.29:036][322]FUdpSocketBuilder: Failed to create and initialize socket UdpMessageMulticastSocket (last error: 0)
[2026.02.12-16.16.29:036][322]LogUdpMessaging: Warning: StartTransport failed to create multicast socket on 0.0.0.0:0, joined to 230.0.0.1:6666 with TTL 1
[2026.02.12-16.16.29:165][322]LogUdpMessaging: Warning: UDP messaging encountered an error. Auto repair routine started for reinitialization
[2026.02.12-16.16.30:955][328]FUdpSocketBuilder: Failed to subscribe UdpMessageMulticastSocket to multicast group 230.0.0.1 on interface 0.0.0.0
[2026.02.12-16.16.30:955][328]FUdpSocketBuilder: Failed to create and initialize socket UdpMessageMulticastSocket (last error: 0)
[2026.02.12-16.16.30:955][328]LogUdpMessaging: Warning: StartTransport failed to create multicast socket on 0.0.0.0:0, joined to 230.0.0.1:6666 with TTL 1
[2026.02.12-16.16.31:175][328]LogUdpMessaging: Warning: UDP messaging encountered an error. Auto repair routine started for reinitialization
[2026.02.12-16.16.32:974][334]FUdpSocketBuilder: Failed to subscribe UdpMessageMulticastSocket to multicast group 230.0.0.1 on interface 0.0.0.0
[2026.02.12-16.16.32:975][334]FUdpSocketBuilder: Failed to create and initialize socket UdpMessageMulticastSocket (last error: 0)
[2026.02.12-16.16.32:975][334]LogUdpMessaging: Warning: StartTransport failed to create multicast socket on 0.0.0.0:0, joined to 230.0.0.1:6666 with TTL 1
[2026.02.12-16.16.33:184][334]LogUdpMessaging: Warning: UDP messaging encountered an error. Auto repair routine started for reinitialization
[2026.02.12-16.16.34:993][340]FUdpSocketBuilder: Failed to subscribe UdpMessageMulticastSocket to multicast group 230.0.0.1 on interface 0.0.0.0
[2026.02.12-16.16.34:993][340]FUdpSocketBuilder: Failed to create and initialize socket UdpMessageMulticastSocket (last error: 0)
[2026.02.12-16.16.34:993][340]LogUdpMessaging: Warning: StartTransport failed to create multicast socket on 0.0.0.0:0, joined to 230.0.0.1:6666 with TTL 1
[2026.02.12-16.16.35:195][340]LogUdpMessaging: Warning: UDP messaging encountered an error. Auto repair routine started for reinitialization
[2026.02.12-16.16.37:016][346]FUdpSocketBuilder: Failed to subscribe UdpMessageMulticastSocket to multicast group 230.0.0.1 on interface 0.0.0.0
[2026.02.12-16.16.37:016][346]FUdpSocketBuilder: Failed to create and initialize socket UdpMessageMulticastSocket (last error: 0)
[2026.02.12-16.16.37:016][346]LogUdpMessaging: Warning: StartTransport failed to create multicast socket on 0.0.0.0:0, joined to 230.0.0.1:6666 with TTL 1
[2026.02.12-16.16.37:213][346]LogUdpMessaging: Warning: UDP messaging encountered an error. Auto repair routine started for reinitialization
[2026.02.12-16.16.39:033][352]FUdpSocketBuilder: Failed to subscribe UdpMessageMulticastSocket to multicast group 230.0.0.1 on interface 0.0.0.0
[2026.02.12-16.16.39:033][352]FUdpSocketBuilder: Failed to create and initialize socket UdpMessageMulticastSocket (last error: 0)
[2026.02.12-16.16.39:033][352]LogUdpMessaging: Warning: StartTransport failed to create multicast socket on 0.0.0.0:0, joined to 230.0.0.1:6666 with TTL 1
[2026.02.12-16.16.39:217][352]LogUdpMessaging: Warning: UDP messaging encountered an error. Auto repair routine started for reinitialization
[2026.02.12-16.16.41:045][358]FUdpSocketBuilder: Failed to subscribe UdpMessageMulticastSocket to multicast group 230.0.0.1 on interface 0.0.0.0
[2026.02.12-16.16.41:046][358]FUdpSocketBuilder: Failed to create and initialize socket UdpMessageMulticastSocket (last error: 0)
[2026.02.12-16.16.41:046][358]LogUdpMessaging: Warning: StartTransport failed to create multicast socket on 0.0.0.0:0, joined to 230.0.0.1:6666 with TTL 1
[2026.02.12-16.16.41:233][358]LogUdpMessaging: Warning: UDP messaging encountered an error. Auto repair routine started for reinitialization
[2026.02.12-16.16.43:060][364]FUdpSocketBuilder: Failed to subscribe UdpMessageMulticastSocket to multicast group 230.0.0.1 on interface 0.0.0.0
[2026.02.12-16.16.43:061][364]FUdpSocketBuilder: Failed to create and initialize socket UdpMessageMulticastSocket (last error: 0)
[2026.02.12-16.16.43:061][364]LogUdpMessaging: Warning: StartTransport failed to create multicast socket on 0.0.0.0:0, joined to 230.0.0.1:6666 with TTL 1
[2026.02.12-16.16.43:240][364]LogUdpMessaging: Warning: UDP messaging encountered an error. Auto repair routine started for reinitialization
[2026.02.12-16.16.45:073][370]FUdpSocketBuilder: Failed to subscribe UdpMessageMulticastSocket to multicast group 230.0.0.1 on interface 0.0.0.0
[2026.02.12-16.16.45:073][370]FUdpSocketBuilder: Failed to create and initialize socket UdpMessageMulticastSocket (last error: 0)
[2026.02.12-16.16.45:073][370]LogUdpMessaging: Warning: StartTransport failed to create multicast socket on 0.0.0.0:0, joined to 230.0.0.1:6666 with TTL 1
[2026.02.12-16.16.45:256][370]LogUdpMessaging: Warning: UDP messaging encountered an error. Auto repair routine started for reinitialization
[2026.02.12-16.16.47:087][376]FUdpSocketBuilder: Failed to subscribe UdpMessageMulticastSocket to multicast group 230.0.0.1 on interface 0.0.0.0
[2026.02.12-16.16.47:087][376]FUdpSocketBuilder: Failed to create and initialize socket UdpMessageMulticastSocket (last error: 0)
[2026.02.12-16.16.47:087][376]LogUdpMessaging: Warning: StartTransport failed to create multicast socket on 0.0.0.0:0, joined to 230.0.0.1:6666 with TTL 1
[2026.02.12-16.16.47:264][376]LogUdpMessaging: Warning: UDP messaging encountered an error. Auto repair routine started for reinitialization
[2026.02.12-16.16.49:101][382]FUdpSocketBuilder: Failed to subscribe UdpMessageMulticastSocket to multicast group 230.0.0.1 on interface 0.0.0.0
[2026.02.12-16.16.49:101][382]FUdpSocketBuilder: Failed to create and initialize socket UdpMessageMulticastSocket (last error: 0)
[2026.02.12-16.16.49:101][382]LogUdpMessaging: Warning: StartTransport failed to create multicast socket on 0.0.0.0:0, joined to 230.0.0.1:6666 with TTL 1
[2026.02.12-16.16.49:280][382]LogUdpMessaging: Warning: UDP messaging encountered an error. Auto repair routine started for reinitialization
[2026.02.12-16.16.51:114][388]FUdpSocketBuilder: Failed to subscribe UdpMessageMulticastSocket to multicast group 230.0.0.1 on interface 0.0.0.0
[2026.02.12-16.16.51:114][388]FUdpSocketBuilder: Failed to create and initialize socket UdpMessageMulticastSocket (last error: 0)
[2026.02.12-16.16.51:114][388]LogUdpMessaging: Warning: StartTransport failed to create multicast socket on 0.0.0.0:0, joined to 230.0.0.1:6666 with TTL 1
[2026.02.12-16.16.51:291][388]LogUdpMessaging: Warning: UDP messaging encountered an error. Auto repair routine started for reinitialization
[2026.02.12-16.16.53:130][394]FUdpSocketBuilder: Failed to subscribe UdpMessageMulticastSocket to multicast group 230.0.0.1 on interface 0.0.0.0
[2026.02.12-16.16.53:130][394]FUdpSocketBuilder: Failed to create and initialize socket UdpMessageMulticastSocket (last error: 0)
[2026.02.12-16.16.53:130][394]LogUdpMessaging: Warning: StartTransport failed to create multicast socket on 0.0.0.0:0, joined to 230.0.0.1:6666 with TTL 1
[2026.02.12-16.16.53:301][394]LogUdpMessaging: Warning: UDP messaging encountered an error. Auto repair routine started for reinitialization
[2026.02.12-16.16.55:150][400]FUdpSocketBuilder: Failed to subscribe UdpMessageMulticastSocket to multicast group 230.0.0.1 on interface 0.0.0.0
[2026.02.12-16.16.55:150][400]FUdpSocketBuilder: Failed to create and initialize socket UdpMessageMulticastSocket (last error: 0)
[2026.02.12-16.16.55:150][400]LogUdpMessaging: Warning: StartTransport failed to create multicast socket on 0.0.0.0:0, joined to 230.0.0.1:6666 with TTL 1
[2026.02.12-16.16.55:303][400]LogUdpMessaging: Warning: UDP messaging encountered an error. Auto repair routine started for reinitialization
[2026.02.12-16.16.57:171][406]FUdpSocketBuilder: Failed to subscribe UdpMessageMulticastSocket to multicast group 230.0.0.1 on interface 0.0.0.0
[2026.02.12-16.16.57:171][406]FUdpSocketBuilder: Failed to create and initialize socket UdpMessageMulticastSocket (last error: 0)
[2026.02.12-16.16.57:171][406]LogUdpMessaging: Warning: StartTransport failed to create multicast socket on 0.0.0.0:0, joined to 230.0.0.1:6666 with TTL 1
[2026.02.12-16.16.57:315][406]LogUdpMessaging: Warning: UDP messaging encountered an error. Auto repair routine started for reinitialization
[2026.02.12-16.16.59:185][412]FUdpSocketBuilder: Failed to subscribe UdpMessageMulticastSocket to multicast group 230.0.0.1 on interface 0.0.0.0
[2026.02.12-16.16.59:185][412]FUdpSocketBuilder: Failed to create and initialize socket UdpMessageMulticastSocket (last error: 0)
[2026.02.12-16.16.59:185][412]LogUdpMessaging: Warning: StartTransport failed to create multicast socket on 0.0.0.0:0, joined to 230.0.0.1:6666 with TTL 1
[2026.02.12-16.16.59:321][412]LogUdpMessaging: Warning: UDP messaging encountered an error. Auto repair routine started for reinitialization
[2026.02.12-16.17.01:207][418]FUdpSocketBuilder: Failed to subscribe UdpMessageMulticastSocket to multicast group 230.0.0.1 on interface 0.0.0.0
[2026.02.12-16.17.01:207][418]FUdpSocketBuilder: Failed to create and initialize socket UdpMessageMulticastSocket (last error: 0)
[2026.02.12-16.17.01:207][418]LogUdpMessaging: Warning: StartTransport failed to create multicast socket on 0.0.0.0:0, joined to 230.0.0.1:6666 with TTL 1
[2026.02.12-16.17.01:337][418]LogUdpMessaging: Warning: UDP messaging encountered an error. Auto repair routine started for reinitialization
[2026.02.12-16.17.03:225][424]FUdpSocketBuilder: Failed to subscribe UdpMessageMulticastSocket to multicast group 230.0.0.1 on interface 0.0.0.0
[2026.02.12-16.17.03:225][424]FUdpSocketBuilder: Failed to create and initialize socket UdpMessageMulticastSocket (last error: 0)
[2026.02.12-16.17.03:225][424]LogUdpMessaging: Warning: StartTransport failed to create multicast socket on 0.0.0.0:0, joined to 230.0.0.1:6666 with TTL 1
[2026.02.12-16.17.03:353][424]LogUdpMessaging: Warning: UDP messaging encountered an error. Auto repair routine started for reinitialization
[2026.02.12-16.17.05:144][430]FUdpSocketBuilder: Failed to subscribe UdpMessageMulticastSocket to multicast group 230.0.0.1 on interface 0.0.0.0
[2026.02.12-16.17.05:144][430]FUdpSocketBuilder: Failed to create and initialize socket UdpMessageMulticastSocket (last error: 0)
[2026.02.12-16.17.05:144][430]LogUdpMessaging: Warning: StartTransport failed to create multicast socket on 0.0.0.0:0, joined to 230.0.0.1:6666 with TTL 1
[2026.02.12-16.17.05:364][430]LogUdpMessaging: Warning: UDP messaging encountered an error. Auto repair routine started for reinitialization
[2026.02.12-16.17.07:166][436]FUdpSocketBuilder: Failed to subscribe UdpMessageMulticastSocket to multicast group 230.0.0.1 on interface 0.0.0.0
[2026.02.12-16.17.07:166][436]FUdpSocketBuilder: Failed to create and initialize socket UdpMessageMulticastSocket (last error: 0)
[2026.02.12-16.17.07:166][436]LogUdpMessaging: Warning: StartTransport failed to create multicast socket on 0.0.0.0:0, joined to 230.0.0.1:6666 with TTL 1
[2026.02.12-16.17.07:365][436]LogUdpMessaging: Warning: UDP messaging encountered an error. Auto repair routine started for reinitialization
[2026.02.12-16.17.09:186][442]FUdpSocketBuilder: Failed to subscribe UdpMessageMulticastSocket to multicast group 230.0.0.1 on interface 0.0.0.0
[2026.02.12-16.17.09:186][442]FUdpSocketBuilder: Failed to create and initialize socket UdpMessageMulticastSocket (last error: 0)
[2026.02.12-16.17.09:186][442]LogUdpMessaging: Warning: StartTransport failed to create multicast socket on 0.0.0.0:0, joined to 230.0.0.1:6666 with TTL 1
[2026.02.12-16.17.09:373][442]LogUdpMessaging: Warning: UDP messaging encountered an error. Auto repair routine started for reinitialization
[2026.02.12-16.17.11:205][448]FUdpSocketBuilder: Failed to subscribe UdpMessageMulticastSocket to multicast group 230.0.0.1 on interface 0.0.0.0
[2026.02.12-16.17.11:205][448]FUdpSocketBuilder: Failed to create and initialize socket UdpMessageMulticastSocket (last error: 0)
[2026.02.12-16.17.11:205][448]LogUdpMessaging: Warning: StartTransport failed to create multicast socket on 0.0.0.0:0, joined to 230.0.0.1:6666 with TTL 1
[2026.02.12-16.17.11:382][448]LogUdpMessaging: Warning: UDP messaging encountered an error. Auto repair routine started for reinitialization
[2026.02.12-16.17.13:223][454]FUdpSocketBuilder: Failed to subscribe UdpMessageMulticastSocket to multicast group 230.0.0.1 on interface 0.0.0.0
[2026.02.12-16.17.13:223][454]FUdpSocketBuilder: Failed to create and initialize socket UdpMessageMulticastSocket (last error: 0)
[2026.02.12-16.17.13:223][454]LogUdpMessaging: Warning: StartTransport failed to create multicast socket on 0.0.0.0:0, joined to 230.0.0.1:6666 with TTL 1
[2026.02.12-16.17.13:385][454]LogUdpMessaging: Warning: UDP messaging encountered an error. Auto repair routine started for reinitialization
[2026.02.12-16.17.15:240][460]FUdpSocketBuilder: Failed to subscribe UdpMessageMulticastSocket to multicast group 230.0.0.1 on interface 0.0.0.0
[2026.02.12-16.17.15:240][460]FUdpSocketBuilder: Failed to create and initialize socket UdpMessageMulticastSocket (last error: 0)
[2026.02.12-16.17.15:240][460]LogUdpMessaging: Warning: StartTransport failed to create multicast socket on 0.0.0.0:0, joined to 230.0.0.1:6666 with TTL 1
[2026.02.12-16.17.15:402][460]LogUdpMessaging: Warning: UDP messaging encountered an error. Auto repair routine started for reinitialization
[2026.02.12-16.17.17:257][466]FUdpSocketBuilder: Failed to subscribe UdpMessageMulticastSocket to multicast group 230.0.0.1 on interface 0.0.0.0
[2026.02.12-16.17.17:257][466]FUdpSocketBuilder: Failed to create and initialize socket UdpMessageMulticastSocket (last error: 0)
[2026.02.12-16.17.17:257][466]LogUdpMessaging: Warning: StartTransport failed to create multicast socket on 0.0.0.0:0, joined to 230.0.0.1:6666 with TTL 1
[2026.02.12-16.17.17:407][466]LogUdpMessaging: Warning: UDP messaging encountered an error. Auto repair routine started for reinitialization
[2026.02.12-16.17.19:276][472]FUdpSocketBuilder: Failed to subscribe UdpMessageMulticastSocket to multicast group 230.0.0.1 on interface 0.0.0.0
[2026.02.12-16.17.19:276][472]FUdpSocketBuilder: Failed to create and initialize socket UdpMessageMulticastSocket (last error: 0)
[2026.02.12-16.17.19:276][472]LogUdpMessaging: Warning: StartTransport failed to create multicast socket on 0.0.0.0:0, joined to 230.0.0.1:6666 with TTL 1
[2026.02.12-16.17.19:419][472]LogUdpMessaging: Warning: UDP messaging encountered an error. Auto repair routine started for reinitialization
[2026.02.12-16.17.21:292][478]FUdpSocketBuilder: Failed to subscribe UdpMessageMulticastSocket to multicast group 230.0.0.1 on interface 0.0.0.0
[2026.02.12-16.17.21:292][478]FUdpSocketBuilder: Failed to create and initialize socket UdpMessageMulticastSocket (last error: 0)
[2026.02.12-16.17.21:292][478]LogUdpMessaging: Warning: StartTransport failed to create multicast socket on 0.0.0.0:0, joined to 230.0.0.1:6666 with TTL 1
[2026.02.12-16.17.21:429][478]LogUdpMessaging: Warning: UDP messaging encountered an error. Auto repair routine started for reinitialization
[2026.02.12-16.17.23:312][484]FUdpSocketBuilder: Failed to subscribe UdpMessageMulticastSocket to multicast group 230.0.0.1 on interface 0.0.0.0
[2026.02.12-16.17.23:312][484]FUdpSocketBuilder: Failed to create and initialize socket UdpMessageMulticastSocket (last error: 0)
[2026.02.12-16.17.23:312][484]LogUdpMessaging: Warning: StartTransport failed to create multicast socket on 0.0.0.0:0, joined to 230.0.0.1:6666 with TTL 1
[2026.02.12-16.17.23:435][484]LogUdpMessaging: Warning: UDP messaging encountered an error. Auto repair routine started for reinitialization
[2026.02.12-16.17.25:232][490]FUdpSocketBuilder: Failed to subscribe UdpMessageMulticastSocket to multicast group 230.0.0.1 on interface 0.0.0.0
[2026.02.12-16.17.25:232][490]FUdpSocketBuilder: Failed to create and initialize socket UdpMessageMulticastSocket (last error: 0)
[2026.02.12-16.17.25:232][490]LogUdpMessaging: Warning: StartTransport failed to create multicast socket on 0.0.0.0:0, joined to 230.0.0.1:6666 with TTL 1
[2026.02.12-16.17.25:439][490]LogUdpMessaging: Warning: UDP messaging encountered an error. Auto repair routine started for reinitialization
[2026.02.12-16.17.27:253][496]FUdpSocketBuilder: Failed to subscribe UdpMessageMulticastSocket to multicast group 230.0.0.1 on interface 0.0.0.0
[2026.02.12-16.17.27:253][496]FUdpSocketBuilder: Failed to create and initialize socket UdpMessageMulticastSocket (last error: 0)
[2026.02.12-16.17.27:253][496]LogUdpMessaging: Warning: StartTransport failed to create multicast socket on 0.0.0.0:0, joined to 230.0.0.1:6666 with TTL 1
[2026.02.12-16.17.27:442][496]LogUdpMessaging: Warning: UDP messaging encountered an error. Auto repair routine started for reinitialization
[2026.02.12-16.17.29:274][502]FUdpSocketBuilder: Failed to subscribe UdpMessageMulticastSocket to multicast group 230.0.0.1 on interface 0.0.0.0
[2026.02.12-16.17.29:274][502]FUdpSocketBuilder: Failed to create and initialize socket UdpMessageMulticastSocket (last error: 0)
[2026.02.12-16.17.29:274][502]LogUdpMessaging: Warning: StartTransport failed to create multicast socket on 0.0.0.0:0, joined to 230.0.0.1:6666 with TTL 1
[2026.02.12-16.17.29:450][502]LogUdpMessaging: Warning: UDP messaging encountered an error. Auto repair routine started for reinitialization
[2026.02.12-16.17.31:291][508]FUdpSocketBuilder: Failed to subscribe UdpMessageMulticastSocket to multicast group 230.0.0.1 on interface 0.0.0.0
[2026.02.12-16.17.31:291][508]FUdpSocketBuilder: Failed to create and initialize socket UdpMessageMulticastSocket (last error: 0)
[2026.02.12-16.17.31:291][508]LogUdpMessaging: Warning: StartTransport failed to create multicast socket on 0.0.0.0:0, joined to 230.0.0.1:6666 with TTL 1
[2026.02.12-16.17.31:464][508]LogUdpMessaging: Warning: UDP messaging encountered an error. Auto repair routine started for reinitialization
[2026.02.12-16.17.33:306][514]FUdpSocketBuilder: Failed to subscribe UdpMessageMulticastSocket to multicast group 230.0.0.1 on interface 0.0.0.0
[2026.02.12-16.17.33:306][514]FUdpSocketBuilder: Failed to create and initialize socket UdpMessageMulticastSocket (last error: 0)
[2026.02.12-16.17.33:306][514]LogUdpMessaging: Warning: StartTransport failed to create multicast socket on 0.0.0.0:0, joined to 230.0.0.1:6666 with TTL 1
[2026.02.12-16.17.33:471][514]LogUdpMessaging: Warning: UDP messaging encountered an error. Auto repair routine started for reinitialization
[2026.02.12-16.17.35:323][520]FUdpSocketBuilder: Failed to subscribe UdpMessageMulticastSocket to multicast group 230.0.0.1 on interface 0.0.0.0
[2026.02.12-16.17.35:323][520]FUdpSocketBuilder: Failed to create and initialize socket UdpMessageMulticastSocket (last error: 0)
[2026.02.12-16.17.35:323][520]LogUdpMessaging: Warning: StartTransport failed to create multicast socket on 0.0.0.0:0, joined to 230.0.0.1:6666 with TTL 1
[2026.02.12-16.17.35:485][520]LogUdpMessaging: Warning: UDP messaging encountered an error. Auto repair routine started for reinitialization
[2026.02.12-16.17.37:341][526]FUdpSocketBuilder: Failed to subscribe UdpMessageMulticastSocket to multicast group 230.0.0.1 on interface 0.0.0.0
[2026.02.12-16.17.37:341][526]FUdpSocketBuilder: Failed to create and initialize socket UdpMessageMulticastSocket (last error: 0)
[2026.02.12-16.17.37:341][526]LogUdpMessaging: Warning: StartTransport failed to create multicast socket on 0.0.0.0:0, joined to 230.0.0.1:6666 with TTL 1
[2026.02.12-16.17.37:492][526]LogUdpMessaging: Warning: UDP messaging encountered an error. Auto repair routine started for reinitialization
[2026.02.12-16.17.39:361][532]FUdpSocketBuilder: Failed to subscribe UdpMessageMulticastSocket to multicast group 230.0.0.1 on interface 0.0.0.0
[2026.02.12-16.17.39:361][532]FUdpSocketBuilder: Failed to create and initialize socket UdpMessageMulticastSocket (last error: 0)
[2026.02.12-16.17.39:361][532]LogUdpMessaging: Warning: StartTransport failed to create multicast socket on 0.0.0.0:0, joined to 230.0.0.1:6666 with TTL 1
[2026.02.12-16.17.39:510][532]LogUdpMessaging: Warning: UDP messaging encountered an error. Auto repair routine started for reinitialization
[2026.02.12-16.17.41:379][538]FUdpSocketBuilder: Failed to subscribe UdpMessageMulticastSocket to multicast group 230.0.0.1 on interface 0.0.0.0
[2026.02.12-16.17.41:379][538]FUdpSocketBuilder: Failed to create and initialize socket UdpMessageMulticastSocket (last error: 0)
[2026.02.12-16.17.41:379][538]LogUdpMessaging: Warning: StartTransport failed to create multicast socket on 0.0.0.0:0, joined to 230.0.0.1:6666 with TTL 1
[2026.02.12-16.17.41:521][538]LogUdpMessaging: Warning: UDP messaging encountered an error. Auto repair routine started for reinitialization
[2026.02.12-16.17.43:393][544]FUdpSocketBuilder: Failed to subscribe UdpMessageMulticastSocket to multicast group 230.0.0.1 on interface 0.0.0.0
[2026.02.12-16.17.43:393][544]FUdpSocketBuilder: Failed to create and initialize socket UdpMessageMulticastSocket (last error: 0)
[2026.02.12-16.17.43:393][544]LogUdpMessaging: Warning: StartTransport failed to create multicast socket on 0.0.0.0:0, joined to 230.0.0.1:6666 with TTL 1
[2026.02.12-16.17.43:529][544]LogUdpMessaging: Warning: UDP messaging encountered an error. Auto repair routine started for reinitialization
[2026.02.12-16.17.45:412][550]FUdpSocketBuilder: Failed to subscribe UdpMessageMulticastSocket to multicast group 230.0.0.1 on interface 0.0.0.0
[2026.02.12-16.17.45:412][550]FUdpSocketBuilder: Failed to create and initialize socket UdpMessageMulticastSocket (last error: 0)
[2026.02.12-16.17.45:412][550]LogUdpMessaging: Warning: StartTransport failed to create multicast socket on 0.0.0.0:0, joined to 230.0.0.1:6666 with TTL 1
[2026.02.12-16.17.45:554][550]LogUdpMessaging: Warning: UDP messaging encountered an error. Auto repair routine started for reinitialization
[2026.02.12-16.17.47:433][556]FUdpSocketBuilder: Failed to subscribe UdpMessageMulticastSocket to multicast group 230.0.0.1 on interface 0.0.0.0
[2026.02.12-16.17.47:433][556]FUdpSocketBuilder: Failed to create and initialize socket UdpMessageMulticastSocket (last error: 0)
[2026.02.12-16.17.47:433][556]LogUdpMessaging: Warning: StartTransport failed to create multicast socket on 0.0.0.0:0, joined to 230.0.0.1:6666 with TTL 1
[2026.02.12-16.17.47:570][556]LogUdpMessaging: Warning: UDP messaging encountered an error. Auto repair routine started for reinitialization
[2026.02.12-16.17.49:349][562]FUdpSocketBuilder: Failed to subscribe UdpMessageMulticastSocket to multicast group 230.0.0.1 on interface 0.0.0.0
[2026.02.12-16.17.49:349][562]FUdpSocketBuilder: Failed to create and initialize socket UdpMessageMulticastSocket (last error: 0)
[2026.02.12-16.17.49:349][562]LogUdpMessaging: Warning: StartTransport failed to create multicast socket on 0.0.0.0:0, joined to 230.0.0.1:6666 with TTL 1
[2026.02.12-16.17.49:580][562]LogUdpMessaging: Warning: UDP messaging encountered an error. Auto repair routine started for reinitialization
[2026.02.12-16.17.51:367][568]FUdpSocketBuilder: Failed to subscribe UdpMessageMulticastSocket to multicast group 230.0.0.1 on interface 0.0.0.0
[2026.02.12-16.17.51:367][568]FUdpSocketBuilder: Failed to create and initialize socket UdpMessageMulticastSocket (last error: 0)
[2026.02.12-16.17.51:368][568]LogUdpMessaging: Warning: StartTransport failed to create multicast socket on 0.0.0.0:0, joined to 230.0.0.1:6666 with TTL 1
[2026.02.12-16.17.51:585][568]LogUdpMessaging: Warning: UDP messaging encountered an error. Auto repair routine started for reinitialization
[2026.02.12-16.17.53:387][574]FUdpSocketBuilder: Failed to subscribe UdpMessageMulticastSocket to multicast group 230.0.0.1 on interface 0.0.0.0
[2026.02.12-16.17.53:387][574]FUdpSocketBuilder: Failed to create and initialize socket UdpMessageMulticastSocket (last error: 0)
[2026.02.12-16.17.53:387][574]LogUdpMessaging: Warning: StartTransport failed to create multicast socket on 0.0.0.0:0, joined to 230.0.0.1:6666 with TTL 1
[2026.02.12-16.17.53:602][574]LogUdpMessaging: Warning: UDP messaging encountered an error. Auto repair routine started for reinitialization
[2026.02.12-16.17.55:404][580]FUdpSocketBuilder: Failed to subscribe UdpMessageMulticastSocket to multicast group 230.0.0.1 on interface 0.0.0.0
[2026.02.12-16.17.55:405][580]FUdpSocketBuilder: Failed to create and initialize socket UdpMessageMulticastSocket (last error: 0)
[2026.02.12-16.17.55:405][580]LogUdpMessaging: Warning: StartTransport failed to create multicast socket on 0.0.0.0:0, joined to 230.0.0.1:6666 with TTL 1
[2026.02.12-16.17.55:608][580]LogUdpMessaging: Warning: UDP messaging encountered an error. Auto repair routine started for reinitialization
[2026.02.12-16.17.57:423][586]FUdpSocketBuilder: Failed to subscribe UdpMessageMulticastSocket to multicast group 230.0.0.1 on interface 0.0.0.0
[2026.02.12-16.17.57:423][586]FUdpSocketBuilder: Failed to create and initialize socket UdpMessageMulticastSocket (last error: 0)
[2026.02.12-16.17.57:423][586]LogUdpMessaging: Warning: StartTransport failed to create multicast socket on 0.0.0.0:0, joined to 230.0.0.1:6666 with TTL 1
[2026.02.12-16.17.57:621][586]LogUdpMessaging: Warning: UDP messaging encountered an error. Auto repair routine started for reinitialization
[2026.02.12-16.17.59:443][592]FUdpSocketBuilder: Failed to subscribe UdpMessageMulticastSocket to multicast group 230.0.0.1 on interface 0.0.0.0
[2026.02.12-16.17.59:443][592]FUdpSocketBuilder: Failed to create and initialize socket UdpMessageMulticastSocket (last error: 0)
[2026.02.12-16.17.59:443][592]LogUdpMessaging: Warning: StartTransport failed to create multicast socket on 0.0.0.0:0, joined to 230.0.0.1:6666 with TTL 1
[2026.02.12-16.17.59:624][592]LogUdpMessaging: Warning: UDP messaging encountered an error. Auto repair routine started for reinitialization
[2026.02.12-16.18.01:459][598]FUdpSocketBuilder: Failed to subscribe UdpMessageMulticastSocket to multicast group 230.0.0.1 on interface 0.0.0.0
[2026.02.12-16.18.01:459][598]FUdpSocketBuilder: Failed to create and initialize socket UdpMessageMulticastSocket (last error: 0)
[2026.02.12-16.18.01:459][598]LogUdpMessaging: Warning: StartTransport failed to create multicast socket on 0.0.0.0:0, joined to 230.0.0.1:6666 with TTL 1
[2026.02.12-16.18.01:635][598]LogUdpMessaging: Warning: UDP messaging encountered an error. Auto repair routine started for reinitialization
[2026.02.12-16.18.03:475][604]FUdpSocketBuilder: Failed to subscribe UdpMessageMulticastSocket to multicast group 230.0.0.1 on interface 0.0.0.0
[2026.02.12-16.18.03:475][604]FUdpSocketBuilder: Failed to create and initialize socket UdpMessageMulticastSocket (last error: 0)
[2026.02.12-16.18.03:475][604]LogUdpMessaging: Warning: StartTransport failed to create multicast socket on 0.0.0.0:0, joined to 230.0.0.1:6666 with TTL 1
[2026.02.12-16.18.03:638][604]LogUdpMessaging: Warning: UDP messaging encountered an error. Auto repair routine started for reinitialization
[2026.02.12-16.18.05:496][610]FUdpSocketBuilder: Failed to subscribe UdpMessageMulticastSocket to multicast group 230.0.0.1 on interface 0.0.0.0
[2026.02.12-16.18.05:496][610]FUdpSocketBuilder: Failed to create and initialize socket UdpMessageMulticastSocket (last error: 0)
[2026.02.12-16.18.05:496][610]LogUdpMessaging: Warning: StartTransport failed to create multicast socket on 0.0.0.0:0, joined to 230.0.0.1:6666 with TTL 1
[2026.02.12-16.18.05:645][610]LogUdpMessaging: Warning: UDP messaging encountered an error. Auto repair routine started for reinitialization
[2026.02.12-16.18.07:513][616]FUdpSocketBuilder: Failed to subscribe UdpMessageMulticastSocket to multicast group 230.0.0.1 on interface 0.0.0.0
[2026.02.12-16.18.07:513][616]FUdpSocketBuilder: Failed to create and initialize socket UdpMessageMulticastSocket (last error: 0)
[2026.02.12-16.18.07:513][616]LogUdpMessaging: Warning: StartTransport failed to create multicast socket on 0.0.0.0:0, joined to 230.0.0.1:6666 with TTL 1
[2026.02.12-16.18.07:649][616]LogUdpMessaging: Warning: UDP messaging encountered an error. Auto repair routine started for reinitialization
[2026.02.12-16.18.09:527][622]FUdpSocketBuilder: Failed to subscribe UdpMessageMulticastSocket to multicast group 230.0.0.1 on interface 0.0.0.0
[2026.02.12-16.18.09:528][622]FUdpSocketBuilder: Failed to create and initialize socket UdpMessageMulticastSocket (last error: 0)
[2026.02.12-16.18.09:528][622]LogUdpMessaging: Warning: StartTransport failed to create multicast socket on 0.0.0.0:0, joined to 230.0.0.1:6666 with TTL 1
[2026.02.12-16.18.09:666][622]LogUdpMessaging: Warning: UDP messaging encountered an error. Auto repair routine started for reinitialization
[2026.02.12-16.18.11:547][628]FUdpSocketBuilder: Failed to subscribe UdpMessageMulticastSocket to multicast group 230.0.0.1 on interface 0.0.0.0
[2026.02.12-16.18.11:547][628]FUdpSocketBuilder: Failed to create and initialize socket UdpMessageMulticastSocket (last error: 0)
[2026.02.12-16.18.11:547][628]LogUdpMessaging: Warning: StartTransport failed to create multicast socket on 0.0.0.0:0, joined to 230.0.0.1:6666 with TTL 1
[2026.02.12-16.18.11:675][628]LogUdpMessaging: Warning: UDP messaging encountered an error. Auto repair routine started for reinitialization
[2026.02.12-16.18.13:460][634]FUdpSocketBuilder: Failed to subscribe UdpMessageMulticastSocket to multicast group 230.0.0.1 on interface 0.0.0.0
[2026.02.12-16.18.13:460][634]FUdpSocketBuilder: Failed to create and initialize socket UdpMessageMulticastSocket (last error: 0)
[2026.02.12-16.18.13:460][634]LogUdpMessaging: Warning: StartTransport failed to create multicast socket on 0.0.0.0:0, joined to 230.0.0.1:6666 with TTL 1
[2026.02.12-16.18.13:685][634]LogUdpMessaging: Warning: UDP messaging encountered an error. Auto repair routine started for reinitialization
[2026.02.12-16.18.15:477][640]FUdpSocketBuilder: Failed to subscribe UdpMessageMulticastSocket to multicast group 230.0.0.1 on interface 0.0.0.0
[2026.02.12-16.18.15:477][640]FUdpSocketBuilder: Failed to create and initialize socket UdpMessageMulticastSocket (last error: 0)
[2026.02.12-16.18.15:477][640]LogUdpMessaging: Warning: StartTransport failed to create multicast socket on 0.0.0.0:0, joined to 230.0.0.1:6666 with TTL 1
[2026.02.12-16.18.15:695][640]LogUdpMessaging: Warning: UDP messaging encountered an error. Auto repair routine started for reinitialization
[2026.02.12-16.18.17:492][646]FUdpSocketBuilder: Failed to subscribe UdpMessageMulticastSocket to multicast group 230.0.0.1 on interface 0.0.0.0
[2026.02.12-16.18.17:492][646]FUdpSocketBuilder: Failed to create and initialize socket UdpMessageMulticastSocket (last error: 0)
[2026.02.12-16.18.17:492][646]LogUdpMessaging: Warning: StartTransport failed to create multicast socket on 0.0.0.0:0, joined to 230.0.0.1:6666 with TTL 1
[2026.02.12-16.18.17:700][646]LogUdpMessaging: Warning: UDP messaging encountered an error. Auto repair routine started for reinitialization
[2026.02.12-16.18.19:509][652]FUdpSocketBuilder: Failed to subscribe UdpMessageMulticastSocket to multicast group 230.0.0.1 on interface 0.0.0.0
[2026.02.12-16.18.19:509][652]FUdpSocketBuilder: Failed to create and initialize socket UdpMessageMulticastSocket (last error: 0)
[2026.02.12-16.18.19:509][652]LogUdpMessaging: Warning: StartTransport failed to create multicast socket on 0.0.0.0:0, joined to 230.0.0.1:6666 with TTL 1
[2026.02.12-16.18.19:710][652]LogUdpMessaging: Warning: UDP messaging encountered an error. Auto repair routine started for reinitialization
[2026.02.12-16.18.21:525][658]FUdpSocketBuilder: Failed to subscribe UdpMessageMulticastSocket to multicast group 230.0.0.1 on interface 0.0.0.0
[2026.02.12-16.18.21:525][658]FUdpSocketBuilder: Failed to create and initialize socket UdpMessageMulticastSocket (last error: 0)
[2026.02.12-16.18.21:525][658]LogUdpMessaging: Warning: StartTransport failed to create multicast socket on 0.0.0.0:0, joined to 230.0.0.1:6666 with TTL 1
[2026.02.12-16.18.21:719][658]LogUdpMessaging: Warning: UDP messaging encountered an error. Auto repair routine started for reinitialization
[2026.02.12-16.18.23:543][664]FUdpSocketBuilder: Failed to subscribe UdpMessageMulticastSocket to multicast group 230.0.0.1 on interface 0.0.0.0
[2026.02.12-16.18.23:543][664]FUdpSocketBuilder: Failed to create and initialize socket UdpMessageMulticastSocket (last error: 0)
[2026.02.12-16.18.23:545][664]LogUdpMessaging: Warning: StartTransport failed to create multicast socket on 0.0.0.0:0, joined to 230.0.0.1:6666 with TTL 1
[2026.02.12-16.18.23:732][664]LogUdpMessaging: Warning: UDP messaging encountered an error. Auto repair routine started for reinitialization
[2026.02.12-16.18.25:562][670]FUdpSocketBuilder: Failed to subscribe UdpMessageMulticastSocket to multicast group 230.0.0.1 on interface 0.0.0.0
[2026.02.12-16.18.25:562][670]FUdpSocketBuilder: Failed to create and initialize socket UdpMessageMulticastSocket (last error: 0)
[2026.02.12-16.18.25:562][670]LogUdpMessaging: Warning: StartTransport failed to create multicast socket on 0.0.0.0:0, joined to 230.0.0.1:6666 with TTL 1
[2026.02.12-16.18.25:737][670]LogUdpMessaging: Warning: UDP messaging encountered an error. Auto repair routine started for reinitialization
[2026.02.12-16.18.27:578][676]FUdpSocketBuilder: Failed to subscribe UdpMessageMulticastSocket to multicast group 230.0.0.1 on interface 0.0.0.0
[2026.02.12-16.18.27:579][676]FUdpSocketBuilder: Failed to create and initialize socket UdpMessageMulticastSocket (last error: 0)
[2026.02.12-16.18.27:579][676]LogUdpMessaging: Warning: StartTransport failed to create multicast socket on 0.0.0.0:0, joined to 230.0.0.1:6666 with TTL 1
[2026.02.12-16.18.27:742][676]LogUdpMessaging: Warning: UDP messaging encountered an error. Auto repair routine started for reinitialization
[2026.02.12-16.18.29:598][682]FUdpSocketBuilder: Failed to subscribe UdpMessageMulticastSocket to multicast group 230.0.0.1 on interface 0.0.0.0
[2026.02.12-16.18.29:598][682]FUdpSocketBuilder: Failed to create and initialize socket UdpMessageMulticastSocket (last error: 0)
[2026.02.12-16.18.29:598][682]LogUdpMessaging: Warning: StartTransport failed to create multicast socket on 0.0.0.0:0, joined to 230.0.0.1:6666 with TTL 1
[2026.02.12-16.18.29:758][682]LogUdpMessaging: Warning: UDP messaging encountered an error. Auto repair routine started for reinitialization
[2026.02.12-16.18.31:616][688]FUdpSocketBuilder: Failed to subscribe UdpMessageMulticastSocket to multicast group 230.0.0.1 on interface 0.0.0.0
[2026.02.12-16.18.31:616][688]FUdpSocketBuilder: Failed to create and initialize socket UdpMessageMulticastSocket (last error: 0)
[2026.02.12-16.18.31:616][688]LogUdpMessaging: Warning: StartTransport failed to create multicast socket on 0.0.0.0:0, joined to 230.0.0.1:6666 with TTL 1
[2026.02.12-16.18.31:772][688]LogUdpMessaging: Warning: UDP messaging encountered an error. Auto repair routine started for reinitialization
[2026.02.12-16.18.33:633][694]FUdpSocketBuilder: Failed to subscribe UdpMessageMulticastSocket to multicast group 230.0.0.1 on interface 0.0.0.0
[2026.02.12-16.18.33:633][694]FUdpSocketBuilder: Failed to create and initialize socket UdpMessageMulticastSocket (last error: 0)
[2026.02.12-16.18.33:633][694]LogUdpMessaging: Warning: StartTransport failed to create multicast socket on 0.0.0.0:0, joined to 230.0.0.1:6666 with TTL 1
[2026.02.12-16.18.33:779][694]LogUdpMessaging: Warning: UDP messaging encountered an error. Auto repair routine started for reinitialization
[2026.02.12-16.18.35:646][700]FUdpSocketBuilder: Failed to subscribe UdpMessageMulticastSocket to multicast group 230.0.0.1 on interface 0.0.0.0
[2026.02.12-16.18.35:646][700]FUdpSocketBuilder: Failed to create and initialize socket UdpMessageMulticastSocket (last error: 0)
[2026.02.12-16.18.35:647][700]LogUdpMessaging: Warning: StartTransport failed to create multicast socket on 0.0.0.0:0, joined to 230.0.0.1:6666 with TTL 1
[2026.02.12-16.18.35:785][700]LogUdpMessaging: Warning: UDP messaging encountered an error. Auto repair routine started for reinitialization
[2026.02.12-16.18.37:565][706]FUdpSocketBuilder: Failed to subscribe UdpMessageMulticastSocket to multicast group 230.0.0.1 on interface 0.0.0.0
[2026.02.12-16.18.37:565][706]FUdpSocketBuilder: Failed to create and initialize socket UdpMessageMulticastSocket (last error: 0)
[2026.02.12-16.18.37:565][706]LogUdpMessaging: Warning: StartTransport failed to create multicast socket on 0.0.0.0:0, joined to 230.0.0.1:6666 with TTL 1
[2026.02.12-16.18.37:786][706]LogUdpMessaging: Warning: UDP messaging encountered an error. Auto repair routine started for reinitialization
[2026.02.12-16.18.39:585][712]FUdpSocketBuilder: Failed to subscribe UdpMessageMulticastSocket to multicast group 230.0.0.1 on interface 0.0.0.0
[2026.02.12-16.18.39:585][712]FUdpSocketBuilder: Failed to create and initialize socket UdpMessageMulticastSocket (last error: 0)
[2026.02.12-16.18.39:585][712]LogUdpMessaging: Warning: StartTransport failed to create multicast socket on 0.0.0.0:0, joined to 230.0.0.1:6666 with TTL 1
[2026.02.12-16.18.39:804][712]LogUdpMessaging: Warning: UDP messaging encountered an error. Auto repair routine started for reinitialization
[2026.02.12-16.18.41:603][718]FUdpSocketBuilder: Failed to subscribe UdpMessageMulticastSocket to multicast group 230.0.0.1 on interface 0.0.0.0
[2026.02.12-16.18.41:603][718]FUdpSocketBuilder: Failed to create and initialize socket UdpMessageMulticastSocket (last error: 0)
[2026.02.12-16.18.41:603][718]LogUdpMessaging: Warning: StartTransport failed to create multicast socket on 0.0.0.0:0, joined to 230.0.0.1:6666 with TTL 1
[2026.02.12-16.18.41:806][718]LogUdpMessaging: Warning: UDP messaging encountered an error. Auto repair routine started for reinitialization
[2026.02.12-16.18.43:619][724]FUdpSocketBuilder: Failed to subscribe UdpMessageMulticastSocket to multicast group 230.0.0.1 on interface 0.0.0.0
[2026.02.12-16.18.43:619][724]FUdpSocketBuilder: Failed to create and initialize socket UdpMessageMulticastSocket (last error: 0)
[2026.02.12-16.18.43:619][724]LogUdpMessaging: Warning: StartTransport failed to create multicast socket on 0.0.0.0:0, joined to 230.0.0.1:6666 with TTL 1
[2026.02.12-16.18.43:810][724]LogUdpMessaging: Warning: UDP messaging encountered an error. Auto repair routine started for reinitialization
[2026.02.12-16.18.45:635][730]FUdpSocketBuilder: Failed to subscribe UdpMessageMulticastSocket to multicast group 230.0.0.1 on interface 0.0.0.0
[2026.02.12-16.18.45:635][730]FUdpSocketBuilder: Failed to create and initialize socket UdpMessageMulticastSocket (last error: 0)
[2026.02.12-16.18.45:635][730]LogUdpMessaging: Warning: StartTransport failed to create multicast socket on 0.0.0.0:0, joined to 230.0.0.1:6666 with TTL 1
[2026.02.12-16.18.45:821][730]LogUdpMessaging: Warning: UDP messaging encountered an error. Auto repair routine started for reinitialization
[2026.02.12-16.18.47:650][736]FUdpSocketBuilder: Failed to subscribe UdpMessageMulticastSocket to multicast group 230.0.0.1 on interface 0.0.0.0
[2026.02.12-16.18.47:650][736]FUdpSocketBuilder: Failed to create and initialize socket UdpMessageMulticastSocket (last error: 0)
[2026.02.12-16.18.47:650][736]LogUdpMessaging: Warning: StartTransport failed to create multicast socket on 0.0.0.0:0, joined to 230.0.0.1:6666 with TTL 1
[2026.02.12-16.18.47:832][736]LogUdpMessaging: Warning: UDP messaging encountered an error. Auto repair routine started for reinitialization
[2026.02.12-16.18.49:665][742]FUdpSocketBuilder: Failed to subscribe UdpMessageMulticastSocket to multicast group 230.0.0.1 on interface 0.0.0.0
[2026.02.12-16.18.49:665][742]FUdpSocketBuilder: Failed to create and initialize socket UdpMessageMulticastSocket (last error: 0)
[2026.02.12-16.18.49:665][742]LogUdpMessaging: Warning: StartTransport failed to create multicast socket on 0.0.0.0:0, joined to 230.0.0.1:6666 with TTL 1
[2026.02.12-16.18.49:848][742]LogUdpMessaging: Warning: UDP messaging encountered an error. Auto repair routine started for reinitialization
[2026.02.12-16.18.51:684][748]FUdpSocketBuilder: Failed to subscribe UdpMessageMulticastSocket to multicast group 230.0.0.1 on interface 0.0.0.0
[2026.02.12-16.18.51:684][748]FUdpSocketBuilder: Failed to create and initialize socket UdpMessageMulticastSocket (last error: 0)
[2026.02.12-16.18.51:684][748]LogUdpMessaging: Warning: StartTransport failed to create multicast socket on 0.0.0.0:0, joined to 230.0.0.1:6666 with TTL 1
[2026.02.12-16.18.51:859][748]LogUdpMessaging: Warning: UDP messaging encountered an error. Auto repair routine started for reinitialization
[2026.02.12-16.18.53:702][754]FUdpSocketBuilder: Failed to subscribe UdpMessageMulticastSocket to multicast group 230.0.0.1 on interface 0.0.0.0
[2026.02.12-16.18.53:702][754]FUdpSocketBuilder: Failed to create and initialize socket UdpMessageMulticastSocket (last error: 0)
[2026.02.12-16.18.53:703][754]LogUdpMessaging: Warning: StartTransport failed to create multicast socket on 0.0.0.0:0, joined to 230.0.0.1:6666 with TTL 1
[2026.02.12-16.18.53:864][754]LogUdpMessaging: Warning: UDP messaging encountered an error. Auto repair routine started for reinitialization
[2026.02.12-16.18.55:722][760]FUdpSocketBuilder: Failed to subscribe UdpMessageMulticastSocket to multicast group 230.0.0.1 on interface 0.0.0.0
[2026.02.12-16.18.55:722][760]FUdpSocketBuilder: Failed to create and initialize socket UdpMessageMulticastSocket (last error: 0)
[2026.02.12-16.18.55:722][760]LogUdpMessaging: Warning: StartTransport failed to create multicast socket on 0.0.0.0:0, joined to 230.0.0.1:6666 with TTL 1
[2026.02.12-16.18.55:878][760]LogUdpMessaging: Warning: UDP messaging encountered an error. Auto repair routine started for reinitialization
[2026.02.12-16.18.57:741][766]FUdpSocketBuilder: Failed to subscribe UdpMessageMulticastSocket to multicast group 230.0.0.1 on interface 0.0.0.0
[2026.02.12-16.18.57:741][766]FUdpSocketBuilder: Failed to create and initialize socket UdpMessageMulticastSocket (last error: 0)
[2026.02.12-16.18.57:741][766]LogUdpMessaging: Warning: StartTransport failed to create multicast socket on 0.0.0.0:0, joined to 230.0.0.1:6666 with TTL 1
[2026.02.12-16.18.57:890][766]LogUdpMessaging: Warning: UDP messaging encountered an error. Auto repair routine started for reinitialization
[2026.02.12-16.18.59:754][772]FUdpSocketBuilder: Failed to subscribe UdpMessageMulticastSocket to multicast group 230.0.0.1 on interface 0.0.0.0
[2026.02.12-16.18.59:754][772]FUdpSocketBuilder: Failed to create and initialize socket UdpMessageMulticastSocket (last error: 0)
[2026.02.12-16.18.59:754][772]LogUdpMessaging: Warning: StartTransport failed to create multicast socket on 0.0.0.0:0, joined to 230.0.0.1:6666 with TTL 1
[2026.02.12-16.18.59:892][772]LogUdpMessaging: Warning: UDP messaging encountered an error. Auto repair routine started for reinitialization
[2026.02.12-16.19.01:770][778]FUdpSocketBuilder: Failed to subscribe UdpMessageMulticastSocket to multicast group 230.0.0.1 on interface 0.0.0.0
[2026.02.12-16.19.01:770][778]FUdpSocketBuilder: Failed to create and initialize socket UdpMessageMulticastSocket (last error: 0)
[2026.02.12-16.19.01:770][778]LogUdpMessaging: Warning: StartTransport failed to create multicast socket on 0.0.0.0:0, joined to 230.0.0.1:6666 with TTL 1
[2026.02.12-16.19.01:897][778]LogUdpMessaging: Warning: UDP messaging encountered an error. Auto repair routine started for reinitialization
[2026.02.12-16.19.03:685][784]FUdpSocketBuilder: Failed to subscribe UdpMessageMulticastSocket to multicast group 230.0.0.1 on interface 0.0.0.0
[2026.02.12-16.19.03:685][784]FUdpSocketBuilder: Failed to create and initialize socket UdpMessageMulticastSocket (last error: 0)
[2026.02.12-16.19.03:685][784]LogUdpMessaging: Warning: StartTransport failed to create multicast socket on 0.0.0.0:0, joined to 230.0.0.1:6666 with TTL 1
[2026.02.12-16.19.03:903][784]LogUdpMessaging: Warning: UDP messaging encountered an error. Auto repair routine started for reinitialization
[2026.02.12-16.19.05:705][790]FUdpSocketBuilder: Failed to subscribe UdpMessageMulticastSocket to multicast group 230.0.0.1 on interface 0.0.0.0
[2026.02.12-16.19.05:705][790]FUdpSocketBuilder: Failed to create and initialize socket UdpMessageMulticastSocket (last error: 0)
[2026.02.12-16.19.05:705][790]LogUdpMessaging: Warning: StartTransport failed to create multicast socket on 0.0.0.0:0, joined to 230.0.0.1:6666 with TTL 1
[2026.02.12-16.19.05:913][790]LogUdpMessaging: Warning: UDP messaging encountered an error. Auto repair routine started for reinitialization
[2026.02.12-16.19.07:725][796]FUdpSocketBuilder: Failed to subscribe UdpMessageMulticastSocket to multicast group 230.0.0.1 on interface 0.0.0.0
[2026.02.12-16.19.07:725][796]FUdpSocketBuilder: Failed to create and initialize socket UdpMessageMulticastSocket (last error: 0)
[2026.02.12-16.19.07:725][796]LogUdpMessaging: Warning: StartTransport failed to create multicast socket on 0.0.0.0:0, joined to 230.0.0.1:6666 with TTL 1
[2026.02.12-16.19.07:929][796]LogUdpMessaging: Warning: UDP messaging encountered an error. Auto repair routine started for reinitialization
[2026.02.12-16.19.09:745][802]FUdpSocketBuilder: Failed to subscribe UdpMessageMulticastSocket to multicast group 230.0.0.1 on interface 0.0.0.0
[2026.02.12-16.19.09:745][802]FUdpSocketBuilder: Failed to create and initialize socket UdpMessageMulticastSocket (last error: 0)
[2026.02.12-16.19.09:745][802]LogUdpMessaging: Warning: StartTransport failed to create multicast socket on 0.0.0.0:0, joined to 230.0.0.1:6666 with TTL 1
[2026.02.12-16.19.09:938][802]LogUdpMessaging: Warning: UDP messaging encountered an error. Auto repair routine started for reinitialization
[2026.02.12-16.19.11:762][808]FUdpSocketBuilder: Failed to subscribe UdpMessageMulticastSocket to multicast group 230.0.0.1 on interface 0.0.0.0
[2026.02.12-16.19.11:762][808]FUdpSocketBuilder: Failed to create and initialize socket UdpMessageMulticastSocket (last error: 0)
[2026.02.12-16.19.11:762][808]LogUdpMessaging: Warning: StartTransport failed to create multicast socket on 0.0.0.0:0, joined to 230.0.0.1:6666 with TTL 1
[2026.02.12-16.19.11:945][808]LogUdpMessaging: Warning: UDP messaging encountered an error. Auto repair routine started for reinitialization
[2026.02.12-16.19.13:779][814]FUdpSocketBuilder: Failed to subscribe UdpMessageMulticastSocket to multicast group 230.0.0.1 on interface 0.0.0.0
[2026.02.12-16.19.13:779][814]FUdpSocketBuilder: Failed to create and initialize socket UdpMessageMulticastSocket (last error: 0)
[2026.02.12-16.19.13:779][814]LogUdpMessaging: Warning: StartTransport failed to create multicast socket on 0.0.0.0:0, joined to 230.0.0.1:6666 with TTL 1
[2026.02.12-16.19.13:951][814]LogUdpMessaging: Warning: UDP messaging encountered an error. Auto repair routine started for reinitialization
[2026.02.12-16.19.15:795][820]FUdpSocketBuilder: Failed to subscribe UdpMessageMulticastSocket to multicast group 230.0.0.1 on interface 0.0.0.0
[2026.02.12-16.19.15:795][820]FUdpSocketBuilder: Failed to create and initialize socket UdpMessageMulticastSocket (last error: 0)
[2026.02.12-16.19.15:795][820]LogUdpMessaging: Warning: StartTransport failed to create multicast socket on 0.0.0.0:0, joined to 230.0.0.1:6666 with TTL 1
[2026.02.12-16.19.15:968][820]LogUdpMessaging: Warning: UDP messaging encountered an error. Auto repair routine started for reinitialization
[2026.02.12-16.19.17:811][826]FUdpSocketBuilder: Failed to subscribe UdpMessageMulticastSocket to multicast group 230.0.0.1 on interface 0.0.0.0
[2026.02.12-16.19.17:811][826]FUdpSocketBuilder: Failed to create and initialize socket UdpMessageMulticastSocket (last error: 0)
[2026.02.12-16.19.17:811][826]LogUdpMessaging: Warning: StartTransport failed to create multicast socket on 0.0.0.0:0, joined to 230.0.0.1:6666 with TTL 1
[2026.02.12-16.19.17:976][826]LogUdpMessaging: Warning: UDP messaging encountered an error. Auto repair routine started for reinitialization
[2026.02.12-16.19.19:830][832]FUdpSocketBuilder: Failed to subscribe UdpMessageMulticastSocket to multicast group 230.0.0.1 on interface 0.0.0.0
[2026.02.12-16.19.19:830][832]FUdpSocketBuilder: Failed to create and initialize socket UdpMessageMulticastSocket (last error: 0)
[2026.02.12-16.19.19:831][832]LogUdpMessaging: Warning: StartTransport failed to create multicast socket on 0.0.0.0:0, joined to 230.0.0.1:6666 with TTL 1
[2026.02.12-16.19.19:992][832]LogUdpMessaging: Warning: UDP messaging encountered an error. Auto repair routine started for reinitialization
[2026.02.12-16.19.21:850][838]FUdpSocketBuilder: Failed to subscribe UdpMessageMulticastSocket to multicast group 230.0.0.1 on interface 0.0.0.0
[2026.02.12-16.19.21:850][838]FUdpSocketBuilder: Failed to create and initialize socket UdpMessageMulticastSocket (last error: 0)
[2026.02.12-16.19.21:850][838]LogUdpMessaging: Warning: StartTransport failed to create multicast socket on 0.0.0.0:0, joined to 230.0.0.1:6666 with TTL 1
[2026.02.12-16.19.22:004][838]LogUdpMessaging: Warning: UDP messaging encountered an error. Auto repair routine started for reinitialization
[2026.02.12-16.19.23:863][844]FUdpSocketBuilder: Failed to subscribe UdpMessageMulticastSocket to multicast group 230.0.0.1 on interface 0.0.0.0
[2026.02.12-16.19.23:863][844]FUdpSocketBuilder: Failed to create and initialize socket UdpMessageMulticastSocket (last error: 0)
[2026.02.12-16.19.23:863][844]LogUdpMessaging: Warning: StartTransport failed to create multicast socket on 0.0.0.0:0, joined to 230.0.0.1:6666 with TTL 1
[2026.02.12-16.19.24:025][844]LogUdpMessaging: Warning: UDP messaging encountered an error. Auto repair routine started for reinitialization
[2026.02.12-16.19.25:881][850]FUdpSocketBuilder: Failed to subscribe UdpMessageMulticastSocket to multicast group 230.0.0.1 on interface 0.0.0.0
[2026.02.12-16.19.25:881][850]FUdpSocketBuilder: Failed to create and initialize socket UdpMessageMulticastSocket (last error: 0)
[2026.02.12-16.19.25:881][850]LogUdpMessaging: Warning: StartTransport failed to create multicast socket on 0.0.0.0:0, joined to 230.0.0.1:6666 with TTL 1
[2026.02.12-16.19.26:037][850]LogUdpMessaging: Warning: UDP messaging encountered an error. Auto repair routine started for reinitialization
[2026.02.12-16.19.27:901][856]FUdpSocketBuilder: Failed to subscribe UdpMessageMulticastSocket to multicast group 230.0.0.1 on interface 0.0.0.0
[2026.02.12-16.19.27:902][856]FUdpSocketBuilder: Failed to create and initialize socket UdpMessageMulticastSocket (last error: 0)
[2026.02.12-16.19.27:902][856]LogUdpMessaging: Warning: StartTransport failed to create multicast socket on 0.0.0.0:0, joined to 230.0.0.1:6666 with TTL 1
[2026.02.12-16.19.28:051][856]LogUdpMessaging: Warning: UDP messaging encountered an error. Auto repair routine started for reinitialization
[2026.02.12-16.19.29:917][862]FUdpSocketBuilder: Failed to subscribe UdpMessageMulticastSocket to multicast group 230.0.0.1 on interface 0.0.0.0
[2026.02.12-16.19.29:917][862]FUdpSocketBuilder: Failed to create and initialize socket UdpMessageMulticastSocket (last error: 0)
[2026.02.12-16.19.29:918][862]LogUdpMessaging: Warning: StartTransport failed to create multicast socket on 0.0.0.0:0, joined to 230.0.0.1:6666 with TTL 1
[2026.02.12-16.19.30:065][862]LogUdpMessaging: Warning: UDP messaging encountered an error. Auto repair routine started for reinitialization
[2026.02.12-16.19.31:932][868]FUdpSocketBuilder: Failed to subscribe UdpMessageMulticastSocket to multicast group 230.0.0.1 on interface 0.0.0.0
[2026.02.12-16.19.31:932][868]FUdpSocketBuilder: Failed to create and initialize socket UdpMessageMulticastSocket (last error: 0)
[2026.02.12-16.19.31:932][868]LogUdpMessaging: Warning: StartTransport failed to create multicast socket on 0.0.0.0:0, joined to 230.0.0.1:6666 with TTL 1
[2026.02.12-16.19.32:080][868]LogUdpMessaging: Warning: UDP messaging encountered an error. Auto repair routine started for reinitialization
[2026.02.12-16.19.33:948][874]FUdpSocketBuilder: Failed to subscribe UdpMessageMulticastSocket to multicast group 230.0.0.1 on interface 0.0.0.0
[2026.02.12-16.19.33:948][874]FUdpSocketBuilder: Failed to create and initialize socket UdpMessageMulticastSocket (last error: 0)
[2026.02.12-16.19.33:948][874]LogUdpMessaging: Warning: StartTransport failed to create multicast socket on 0.0.0.0:0, joined to 230.0.0.1:6666 with TTL 1
[2026.02.12-16.19.34:085][874]LogUdpMessaging: Warning: UDP messaging encountered an error. Auto repair routine started for reinitialization
[2026.02.12-16.19.35:966][880]FUdpSocketBuilder: Failed to subscribe UdpMessageMulticastSocket to multicast group 230.0.0.1 on interface 0.0.0.0
[2026.02.12-16.19.35:966][880]FUdpSocketBuilder: Failed to create and initialize socket UdpMessageMulticastSocket (last error: 0)
[2026.02.12-16.19.35:966][880]LogUdpMessaging: Warning: StartTransport failed to create multicast socket on 0.0.0.0:0, joined to 230.0.0.1:6666 with TTL 1
[2026.02.12-16.19.36:091][880]LogUdpMessaging: Warning: UDP messaging encountered an error. Auto repair routine started for reinitialization
[2026.02.12-16.19.37:983][886]FUdpSocketBuilder: Failed to subscribe UdpMessageMulticastSocket to multicast group 230.0.0.1 on interface 0.0.0.0
[2026.02.12-16.19.37:983][886]FUdpSocketBuilder: Failed to create and initialize socket UdpMessageMulticastSocket (last error: 0)
[2026.02.12-16.19.37:983][886]LogUdpMessaging: Warning: StartTransport failed to create multicast socket on 0.0.0.0:0, joined to 230.0.0.1:6666 with TTL 1
[2026.02.12-16.19.38:111][886]LogUdpMessaging: Warning: UDP messaging encountered an error. Auto repair routine started for reinitialization
[2026.02.12-16.19.39:904][892]FUdpSocketBuilder: Failed to subscribe UdpMessageMulticastSocket to multicast group 230.0.0.1 on interface 0.0.0.0
[2026.02.12-16.19.39:904][892]FUdpSocketBuilder: Failed to create and initialize socket UdpMessageMulticastSocket (last error: 0)
[2026.02.12-16.19.39:904][892]LogUdpMessaging: Warning: StartTransport failed to create multicast socket on 0.0.0.0:0, joined to 230.0.0.1:6666 with TTL 1
[2026.02.12-16.19.40:121][892]LogUdpMessaging: Warning: UDP messaging encountered an error. Auto repair routine started for reinitialization
[2026.02.12-16.19.41:920][898]FUdpSocketBuilder: Failed to subscribe UdpMessageMulticastSocket to multicast group 230.0.0.1 on interface 0.0.0.0
[2026.02.12-16.19.41:920][898]FUdpSocketBuilder: Failed to create and initialize socket UdpMessageMulticastSocket (last error: 0)
[2026.02.12-16.19.41:920][898]LogUdpMessaging: Warning: StartTransport failed to create multicast socket on 0.0.0.0:0, joined to 230.0.0.1:6666 with TTL 1
[2026.02.12-16.19.42:133][898]LogUdpMessaging: Warning: UDP messaging encountered an error. Auto repair routine started for reinitialization
[2026.02.12-16.19.43:935][904]FUdpSocketBuilder: Failed to subscribe UdpMessageMulticastSocket to multicast group 230.0.0.1 on interface 0.0.0.0
[2026.02.12-16.19.43:935][904]FUdpSocketBuilder: Failed to create and initialize socket UdpMessageMulticastSocket (last error: 0)
[2026.02.12-16.19.43:935][904]LogUdpMessaging: Warning: StartTransport failed to create multicast socket on 0.0.0.0:0, joined to 230.0.0.1:6666 with TTL 1
[2026.02.12-16.19.44:138][904]LogUdpMessaging: Warning: UDP messaging encountered an error. Auto repair routine started for reinitialization
[2026.02.12-16.19.45:955][910]FUdpSocketBuilder: Failed to subscribe UdpMessageMulticastSocket to multicast group 230.0.0.1 on interface 0.0.0.0
[2026.02.12-16.19.45:955][910]FUdpSocketBuilder: Failed to create and initialize socket UdpMessageMulticastSocket (last error: 0)
[2026.02.12-16.19.45:955][910]LogUdpMessaging: Warning: StartTransport failed to create multicast socket on 0.0.0.0:0, joined to 230.0.0.1:6666 with TTL 1
[2026.02.12-16.19.46:156][910]LogUdpMessaging: Warning: UDP messaging encountered an error. Auto repair routine started for reinitialization
[2026.02.12-16.19.47:972][916]FUdpSocketBuilder: Failed to subscribe UdpMessageMulticastSocket to multicast group 230.0.0.1 on interface 0.0.0.0
[2026.02.12-16.19.47:972][916]FUdpSocketBuilder: Failed to create and initialize socket UdpMessageMulticastSocket (last error: 0)
[2026.02.12-16.19.47:973][916]LogUdpMessaging: Warning: StartTransport failed to create multicast socket on 0.0.0.0:0, joined to 230.0.0.1:6666 with TTL 1
[2026.02.12-16.19.48:167][916]LogUdpMessaging: Warning: UDP messaging encountered an error. Auto repair routine started for reinitialization
[2026.02.12-16.19.49:995][922]FUdpSocketBuilder: Failed to subscribe UdpMessageMulticastSocket to multicast group 230.0.0.1 on interface 0.0.0.0
[2026.02.12-16.19.49:995][922]FUdpSocketBuilder: Failed to create and initialize socket UdpMessageMulticastSocket (last error: 0)
[2026.02.12-16.19.49:995][922]LogUdpMessaging: Warning: StartTransport failed to create multicast socket on 0.0.0.0:0, joined to 230.0.0.1:6666 with TTL 1
[2026.02.12-16.19.50:179][922]LogUdpMessaging: Warning: UDP messaging encountered an error. Auto repair routine started for reinitialization
[2026.02.12-16.19.52:013][928]FUdpSocketBuilder: Failed to subscribe UdpMessageMulticastSocket to multicast group 230.0.0.1 on interface 0.0.0.0
[2026.02.12-16.19.52:013][928]FUdpSocketBuilder: Failed to create and initialize socket UdpMessageMulticastSocket (last error: 0)
[2026.02.12-16.19.52:013][928]LogUdpMessaging: Warning: StartTransport failed to create multicast socket on 0.0.0.0:0, joined to 230.0.0.1:6666 with TTL 1
[2026.02.12-16.19.52:191][928]LogUdpMessaging: Warning: UDP messaging encountered an error. Auto repair routine started for reinitialization
[2026.02.12-16.19.54:033][934]FUdpSocketBuilder: Failed to subscribe UdpMessageMulticastSocket to multicast group 230.0.0.1 on interface 0.0.0.0
[2026.02.12-16.19.54:033][934]FUdpSocketBuilder: Failed to create and initialize socket UdpMessageMulticastSocket (last error: 0)
[2026.02.12-16.19.54:033][934]LogUdpMessaging: Warning: StartTransport failed to create multicast socket on 0.0.0.0:0, joined to 230.0.0.1:6666 with TTL 1
[2026.02.12-16.19.54:205][934]LogUdpMessaging: Warning: UDP messaging encountered an error. Auto repair routine started for reinitialization
[2026.02.12-16.19.56:050][940]FUdpSocketBuilder: Failed to subscribe UdpMessageMulticastSocket to multicast group 230.0.0.1 on interface 0.0.0.0
[2026.02.12-16.19.56:050][940]FUdpSocketBuilder: Failed to create and initialize socket UdpMessageMulticastSocket (last error: 0)
[2026.02.12-16.19.56:051][940]LogUdpMessaging: Warning: StartTransport failed to create multicast socket on 0.0.0.0:0, joined to 230.0.0.1:6666 with TTL 1
[2026.02.12-16.19.56:219][940]LogUdpMessaging: Warning: UDP messaging encountered an error. Auto repair routine started for reinitialization
[2026.02.12-16.19.58:069][946]FUdpSocketBuilder: Failed to subscribe UdpMessageMulticastSocket to multicast group 230.0.0.1 on interface 0.0.0.0
[2026.02.12-16.19.58:069][946]FUdpSocketBuilder: Failed to create and initialize socket UdpMessageMulticastSocket (last error: 0)
[2026.02.12-16.19.58:071][946]LogUdpMessaging: Warning: StartTransport failed to create multicast socket on 0.0.0.0:0, joined to 230.0.0.1:6666 with TTL 1
[2026.02.12-16.19.58:231][946]LogUdpMessaging: Warning: UDP messaging encountered an error. Auto repair routine started for reinitialization
[2026.02.12-16.20.00:088][952]FUdpSocketBuilder: Failed to subscribe UdpMessageMulticastSocket to multicast group 230.0.0.1 on interface 0.0.0.0
[2026.02.12-16.20.00:088][952]FUdpSocketBuilder: Failed to create and initialize socket UdpMessageMulticastSocket (last error: 0)
[2026.02.12-16.20.00:088][952]LogUdpMessaging: Warning: StartTransport failed to create multicast socket on 0.0.0.0:0, joined to 230.0.0.1:6666 with TTL 1
[2026.02.12-16.20.00:238][952]LogUdpMessaging: Warning: UDP messaging encountered an error. Auto repair routine started for reinitialization
[2026.02.12-16.20.02:106][958]FUdpSocketBuilder: Failed to subscribe UdpMessageMulticastSocket to multicast group 230.0.0.1 on interface 0.0.0.0
[2026.02.12-16.20.02:106][958]FUdpSocketBuilder: Failed to create and initialize socket UdpMessageMulticastSocket (last error: 0)
[2026.02.12-16.20.02:106][958]LogUdpMessaging: Warning: StartTransport failed to create multicast socket on 0.0.0.0:0, joined to 230.0.0.1:6666 with TTL 1
[2026.02.12-16.20.02:247][958]LogUdpMessaging: Warning: UDP messaging encountered an error. Auto repair routine started for reinitialization
[2026.02.12-16.20.04:122][964]FUdpSocketBuilder: Failed to subscribe UdpMessageMulticastSocket to multicast group 230.0.0.1 on interface 0.0.0.0
[2026.02.12-16.20.04:123][964]FUdpSocketBuilder: Failed to create and initialize socket UdpMessageMulticastSocket (last error: 0)
[2026.02.12-16.20.04:123][964]LogUdpMessaging: Warning: StartTransport failed to create multicast socket on 0.0.0.0:0, joined to 230.0.0.1:6666 with TTL 1
[2026.02.12-16.20.04:257][964]LogUdpMessaging: Warning: UDP messaging encountered an error. Auto repair routine started for reinitialization
[2026.02.12-16.20.06:142][970]FUdpSocketBuilder: Failed to subscribe UdpMessageMulticastSocket to multicast group 230.0.0.1 on interface 0.0.0.0
[2026.02.12-16.20.06:142][970]FUdpSocketBuilder: Failed to create and initialize socket UdpMessageMulticastSocket (last error: 0)
[2026.02.12-16.20.06:142][970]LogUdpMessaging: Warning: StartTransport failed to create multicast socket on 0.0.0.0:0, joined to 230.0.0.1:6666 with TTL 1
[2026.02.12-16.20.06:269][970]LogUdpMessaging: Warning: UDP messaging encountered an error. Auto repair routine started for reinitialization
[2026.02.12-16.20.08:058][976]FUdpSocketBuilder: Failed to subscribe UdpMessageMulticastSocket to multicast group 230.0.0.1 on interface 0.0.0.0
[2026.02.12-16.20.08:058][976]FUdpSocketBuilder: Failed to create and initialize socket UdpMessageMulticastSocket (last error: 0)
[2026.02.12-16.20.08:058][976]LogUdpMessaging: Warning: StartTransport failed to create multicast socket on 0.0.0.0:0, joined to 230.0.0.1:6666 with TTL 1
[2026.02.12-16.20.08:275][976]LogUdpMessaging: Warning: UDP messaging encountered an error. Auto repair routine started for reinitialization
[2026.02.12-16.20.10:076][982]FUdpSocketBuilder: Failed to subscribe UdpMessageMulticastSocket to multicast group 230.0.0.1 on interface 0.0.0.0
[2026.02.12-16.20.10:076][982]FUdpSocketBuilder: Failed to create and initialize socket UdpMessageMulticastSocket (last error: 0)
[2026.02.12-16.20.10:076][982]LogUdpMessaging: Warning: StartTransport failed to create multicast socket on 0.0.0.0:0, joined to 230.0.0.1:6666 with TTL 1
[2026.02.12-16.20.10:275][982]LogUdpMessaging: Warning: UDP messaging encountered an error. Auto repair routine started for reinitialization
[2026.02.12-16.20.12:096][988]FUdpSocketBuilder: Failed to subscribe UdpMessageMulticastSocket to multicast group 230.0.0.1 on interface 0.0.0.0
[2026.02.12-16.20.12:096][988]FUdpSocketBuilder: Failed to create and initialize socket UdpMessageMulticastSocket (last error: 0)
[2026.02.12-16.20.12:096][988]LogUdpMessaging: Warning: StartTransport failed to create multicast socket on 0.0.0.0:0, joined to 230.0.0.1:6666 with TTL 1
[2026.02.12-16.20.12:278][988]LogUdpMessaging: Warning: UDP messaging encountered an error. Auto repair routine started for reinitialization
[2026.02.12-16.20.14:114][994]FUdpSocketBuilder: Failed to subscribe UdpMessageMulticastSocket to multicast group 230.0.0.1 on interface 0.0.0.0
[2026.02.12-16.20.14:114][994]FUdpSocketBuilder: Failed to create and initialize socket UdpMessageMulticastSocket (last error: 0)
[2026.02.12-16.20.14:114][994]LogUdpMessaging: Warning: StartTransport failed to create multicast socket on 0.0.0.0:0, joined to 230.0.0.1:6666 with TTL 1
[2026.02.12-16.20.14:285][994]LogUdpMessaging: Warning: UDP messaging encountered an error. Auto repair routine started for reinitialization
[2026.02.12-16.20.16:134][  0]FUdpSocketBuilder: Failed to subscribe UdpMessageMulticastSocket to multicast group 230.0.0.1 on interface 0.0.0.0
[2026.02.12-16.20.16:134][  0]FUdpSocketBuilder: Failed to create and initialize socket UdpMessageMulticastSocket (last error: 0)
[2026.02.12-16.20.16:134][  0]LogUdpMessaging: Warning: StartTransport failed to create multicast socket on 0.0.0.0:0, joined to 230.0.0.1:6666 with TTL 1
[2026.02.12-16.20.16:294][  0]LogUdpMessaging: Warning: UDP messaging encountered an error. Auto repair routine started for reinitialization
[2026.02.12-16.20.18:151][  6]FUdpSocketBuilder: Failed to subscribe UdpMessageMulticastSocket to multicast group 230.0.0.1 on interface 0.0.0.0
[2026.02.12-16.20.18:151][  6]FUdpSocketBuilder: Failed to create and initialize socket UdpMessageMulticastSocket (last error: 0)
[2026.02.12-16.20.18:151][  6]LogUdpMessaging: Warning: StartTransport failed to create multicast socket on 0.0.0.0:0, joined to 230.0.0.1:6666 with TTL 1
[2026.02.12-16.20.18:297][  6]LogUdpMessaging: Warning: UDP messaging encountered an error. Auto repair routine started for reinitialization
[2026.02.12-16.20.20:166][ 12]FUdpSocketBuilder: Failed to subscribe UdpMessageMulticastSocket to multicast group 230.0.0.1 on interface 0.0.0.0
[2026.02.12-16.20.20:166][ 12]FUdpSocketBuilder: Failed to create and initialize socket UdpMessageMulticastSocket (last error: 0)
[2026.02.12-16.20.20:166][ 12]LogUdpMessaging: Warning: StartTransport failed to create multicast socket on 0.0.0.0:0, joined to 230.0.0.1:6666 with TTL 1
[2026.02.12-16.20.20:298][ 12]LogUdpMessaging: Warning: UDP messaging encountered an error. Auto repair routine started for reinitialization
[2026.02.12-16.20.22:086][ 18]FUdpSocketBuilder: Failed to subscribe UdpMessageMulticastSocket to multicast group 230.0.0.1 on interface 0.0.0.0
[2026.02.12-16.20.22:086][ 18]FUdpSocketBuilder: Failed to create and initialize socket UdpMessageMulticastSocket (last error: 0)
[2026.02.12-16.20.22:087][ 18]LogUdpMessaging: Warning: StartTransport failed to create multicast socket on 0.0.0.0:0, joined to 230.0.0.1:6666 with TTL 1
[2026.02.12-16.20.22:296][ 18]LogUdpMessaging: Warning: UDP messaging encountered an error. Auto repair routine started for reinitialization
[2026.02.12-16.20.24:106][ 24]FUdpSocketBuilder: Failed to subscribe UdpMessageMulticastSocket to multicast group 230.0.0.1 on interface 0.0.0.0
[2026.02.12-16.20.24:106][ 24]FUdpSocketBuilder: Failed to create and initialize socket UdpMessageMulticastSocket (last error: 0)
[2026.02.12-16.20.24:106][ 24]LogUdpMessaging: Warning: StartTransport failed to create multicast socket on 0.0.0.0:0, joined to 230.0.0.1:6666 with TTL 1
[2026.02.12-16.20.24:309][ 24]LogUdpMessaging: Warning: UDP messaging encountered an error. Auto repair routine started for reinitialization
[2026.02.12-16.20.26:123][ 30]FUdpSocketBuilder: Failed to subscribe UdpMessageMulticastSocket to multicast group 230.0.0.1 on interface 0.0.0.0
[2026.02.12-16.20.26:123][ 30]FUdpSocketBuilder: Failed to create and initialize socket UdpMessageMulticastSocket (last error: 0)
[2026.02.12-16.20.26:123][ 30]LogUdpMessaging: Warning: StartTransport failed to create multicast socket on 0.0.0.0:0, joined to 230.0.0.1:6666 with TTL 1
[2026.02.12-16.20.26:318][ 30]LogUdpMessaging: Warning: UDP messaging encountered an error. Auto repair routine started for reinitialization
[2026.02.12-16.20.28:141][ 36]FUdpSocketBuilder: Failed to subscribe UdpMessageMulticastSocket to multicast group 230.0.0.1 on interface 0.0.0.0
[2026.02.12-16.20.28:141][ 36]FUdpSocketBuilder: Failed to create and initialize socket UdpMessageMulticastSocket (last error: 0)
[2026.02.12-16.20.28:141][ 36]LogUdpMessaging: Warning: StartTransport failed to create multicast socket on 0.0.0.0:0, joined to 230.0.0.1:6666 with TTL 1
[2026.02.12-16.20.28:327][ 36]LogUdpMessaging: Warning: UDP messaging encountered an error. Auto repair routine started for reinitialization
[2026.02.12-16.20.30:157][ 42]FUdpSocketBuilder: Failed to subscribe UdpMessageMulticastSocket to multicast group 230.0.0.1 on interface 0.0.0.0
[2026.02.12-16.20.30:157][ 42]FUdpSocketBuilder: Failed to create and initialize socket UdpMessageMulticastSocket (last error: 0)
[2026.02.12-16.20.30:157][ 42]LogUdpMessaging: Warning: StartTransport failed to create multicast socket on 0.0.0.0:0, joined to 230.0.0.1:6666 with TTL 1
[2026.02.12-16.20.30:333][ 42]LogUdpMessaging: Warning: UDP messaging encountered an error. Auto repair routine started for reinitialization
[2026.02.12-16.20.32:175][ 48]FUdpSocketBuilder: Failed to subscribe UdpMessageMulticastSocket to multicast group 230.0.0.1 on interface 0.0.0.0
[2026.02.12-16.20.32:175][ 48]FUdpSocketBuilder: Failed to create and initialize socket UdpMessageMulticastSocket (last error: 0)
[2026.02.12-16.20.32:175][ 48]LogUdpMessaging: Warning: StartTransport failed to create multicast socket on 0.0.0.0:0, joined to 230.0.0.1:6666 with TTL 1
[2026.02.12-16.20.32:349][ 48]LogUdpMessaging: Warning: UDP messaging encountered an error. Auto repair routine started for reinitialization
[2026.02.12-16.20.34:200][ 54]FUdpSocketBuilder: Failed to subscribe UdpMessageMulticastSocket to multicast group 230.0.0.1 on interface 0.0.0.0
[2026.02.12-16.20.34:200][ 54]FUdpSocketBuilder: Failed to create and initialize socket UdpMessageMulticastSocket (last error: 0)
[2026.02.12-16.20.34:200][ 54]LogUdpMessaging: Warning: StartTransport failed to create multicast socket on 0.0.0.0:0, joined to 230.0.0.1:6666 with TTL 1
[2026.02.12-16.20.34:353][ 54]LogUdpMessaging: Warning: UDP messaging encountered an error. Auto repair routine started for reinitialization
[2026.02.12-16.20.36:223][ 60]FUdpSocketBuilder: Failed to subscribe UdpMessageMulticastSocket to multicast group 230.0.0.1 on interface 0.0.0.0
[2026.02.12-16.20.36:223][ 60]FUdpSocketBuilder: Failed to create and initialize socket UdpMessageMulticastSocket (last error: 0)
[2026.02.12-16.20.36:223][ 60]LogUdpMessaging: Warning: StartTransport failed to create multicast socket on 0.0.0.0:0, joined to 230.0.0.1:6666 with TTL 1
[2026.02.12-16.20.36:365][ 60]LogUdpMessaging: Warning: UDP messaging encountered an error. Auto repair routine started for reinitialization
[2026.02.12-16.20.38:244][ 66]FUdpSocketBuilder: Failed to subscribe UdpMessageMulticastSocket to multicast group 230.0.0.1 on interface 0.0.0.0
[2026.02.12-16.20.38:244][ 66]FUdpSocketBuilder: Failed to create and initialize socket UdpMessageMulticastSocket (last error: 0)
[2026.02.12-16.20.38:244][ 66]LogUdpMessaging: Warning: StartTransport failed to create multicast socket on 0.0.0.0:0, joined to 230.0.0.1:6666 with TTL 1
[2026.02.12-16.20.38:386][ 66]LogUdpMessaging: Warning: UDP messaging encountered an error. Auto repair routine started for reinitialization
[2026.02.12-16.20.40:266][ 72]FUdpSocketBuilder: Failed to subscribe UdpMessageMulticastSocket to multicast group 230.0.0.1 on interface 0.0.0.0
[2026.02.12-16.20.40:267][ 72]FUdpSocketBuilder: Failed to create and initialize socket UdpMessageMulticastSocket (last error: 0)
[2026.02.12-16.20.40:267][ 72]LogUdpMessaging: Warning: StartTransport failed to create multicast socket on 0.0.0.0:0, joined to 230.0.0.1:6666 with TTL 1
[2026.02.12-16.20.40:410][ 72]LogUdpMessaging: Warning: UDP messaging encountered an error. Auto repair routine started for reinitialization
[2026.02.12-16.20.42:289][ 78]FUdpSocketBuilder: Failed to subscribe UdpMessageMulticastSocket to multicast group 230.0.0.1 on interface 0.0.0.0
[2026.02.12-16.20.42:289][ 78]FUdpSocketBuilder: Failed to create and initialize socket UdpMessageMulticastSocket (last error: 0)
[2026.02.12-16.20.42:289][ 78]LogUdpMessaging: Warning: StartTransport failed to create multicast socket on 0.0.0.0:0, joined to 230.0.0.1:6666 with TTL 1
[2026.02.12-16.20.42:419][ 78]LogUdpMessaging: Warning: UDP messaging encountered an error. Auto repair routine started for reinitialization
[2026.02.12-16.20.44:208][ 84]FUdpSocketBuilder: Failed to subscribe UdpMessageMulticastSocket to multicast group 230.0.0.1 on interface 0.0.0.0
[2026.02.12-16.20.44:208][ 84]FUdpSocketBuilder: Failed to create and initialize socket UdpMessageMulticastSocket (last error: 0)
[2026.02.12-16.20.44:208][ 84]LogUdpMessaging: Warning: StartTransport failed to create multicast socket on 0.0.0.0:0, joined to 230.0.0.1:6666 with TTL 1
[2026.02.12-16.20.44:425][ 84]LogUdpMessaging: Warning: UDP messaging encountered an error. Auto repair routine started for reinitialization
[2026.02.12-16.20.46:224][ 90]FUdpSocketBuilder: Failed to subscribe UdpMessageMulticastSocket to multicast group 230.0.0.1 on interface 0.0.0.0
[2026.02.12-16.20.46:224][ 90]FUdpSocketBuilder: Failed to create and initialize socket UdpMessageMulticastSocket (last error: 0)
[2026.02.12-16.20.46:224][ 90]LogUdpMessaging: Warning: StartTransport failed to create multicast socket on 0.0.0.0:0, joined to 230.0.0.1:6666 with TTL 1
[2026.02.12-16.20.46:435][ 90]LogUdpMessaging: Warning: UDP messaging encountered an error. Auto repair routine started for reinitialization
[2026.02.12-16.20.48:240][ 96]FUdpSocketBuilder: Failed to subscribe UdpMessageMulticastSocket to multicast group 230.0.0.1 on interface 0.0.0.0
[2026.02.12-16.20.48:240][ 96]FUdpSocketBuilder: Failed to create and initialize socket UdpMessageMulticastSocket (last error: 0)
[2026.02.12-16.20.48:240][ 96]LogUdpMessaging: Warning: StartTransport failed to create multicast socket on 0.0.0.0:0, joined to 230.0.0.1:6666 with TTL 1
[2026.02.12-16.20.48:445][ 96]LogUdpMessaging: Warning: UDP messaging encountered an error. Auto repair routine started for reinitialization
[2026.02.12-16.20.50:258][102]FUdpSocketBuilder: Failed to subscribe UdpMessageMulticastSocket to multicast group 230.0.0.1 on interface 0.0.0.0
[2026.02.12-16.20.50:258][102]FUdpSocketBuilder: Failed to create and initialize socket UdpMessageMulticastSocket (last error: 0)
[2026.02.12-16.20.50:258][102]LogUdpMessaging: Warning: StartTransport failed to create multicast socket on 0.0.0.0:0, joined to 230.0.0.1:6666 with TTL 1
[2026.02.12-16.20.50:454][102]LogUdpMessaging: Warning: UDP messaging encountered an error. Auto repair routine started for reinitialization
[2026.02.12-16.20.52:274][108]FUdpSocketBuilder: Failed to subscribe UdpMessageMulticastSocket to multicast group 230.0.0.1 on interface 0.0.0.0
[2026.02.12-16.20.52:274][108]FUdpSocketBuilder: Failed to create and initialize socket UdpMessageMulticastSocket (last error: 0)
[2026.02.12-16.20.52:274][108]LogUdpMessaging: Warning: StartTransport failed to create multicast socket on 0.0.0.0:0, joined to 230.0.0.1:6666 with TTL 1
[2026.02.12-16.20.52:465][108]LogUdpMessaging: Warning: UDP messaging encountered an error. Auto repair routine started for reinitialization
[2026.02.12-16.20.54:289][114]FUdpSocketBuilder: Failed to subscribe UdpMessageMulticastSocket to multicast group 230.0.0.1 on interface 0.0.0.0
[2026.02.12-16.20.54:289][114]FUdpSocketBuilder: Failed to create and initialize socket UdpMessageMulticastSocket (last error: 0)
[2026.02.12-16.20.54:289][114]LogUdpMessaging: Warning: StartTransport failed to create multicast socket on 0.0.0.0:0, joined to 230.0.0.1:6666 with TTL 1
[2026.02.12-16.20.54:469][114]LogUdpMessaging: Warning: UDP messaging encountered an error. Auto repair routine started for reinitialization
[2026.02.12-16.20.56:306][120]FUdpSocketBuilder: Failed to subscribe UdpMessageMulticastSocket to multicast group 230.0.0.1 on interface 0.0.0.0
[2026.02.12-16.20.56:306][120]FUdpSocketBuilder: Failed to create and initialize socket UdpMessageMulticastSocket (last error: 0)
[2026.02.12-16.20.56:306][120]LogUdpMessaging: Warning: StartTransport failed to create multicast socket on 0.0.0.0:0, joined to 230.0.0.1:6666 with TTL 1
[2026.02.12-16.20.56:485][120]LogUdpMessaging: Warning: UDP messaging encountered an error. Auto repair routine started for reinitialization
[2026.02.12-16.20.58:321][126]FUdpSocketBuilder: Failed to subscribe UdpMessageMulticastSocket to multicast group 230.0.0.1 on interface 0.0.0.0
[2026.02.12-16.20.58:321][126]FUdpSocketBuilder: Failed to create and initialize socket UdpMessageMulticastSocket (last error: 0)
[2026.02.12-16.20.58:321][126]LogUdpMessaging: Warning: StartTransport failed to create multicast socket on 0.0.0.0:0, joined to 230.0.0.1:6666 with TTL 1
[2026.02.12-16.20.58:498][126]LogUdpMessaging: Warning: UDP messaging encountered an error. Auto repair routine started for reinitialization
[2026.02.12-16.21.00:335][132]FUdpSocketBuilder: Failed to subscribe UdpMessageMulticastSocket to multicast group 230.0.0.1 on interface 0.0.0.0
[2026.02.12-16.21.00:335][132]FUdpSocketBuilder: Failed to create and initialize socket UdpMessageMulticastSocket (last error: 0)
[2026.02.12-16.21.00:335][132]LogUdpMessaging: Warning: StartTransport failed to create multicast socket on 0.0.0.0:0, joined to 230.0.0.1:6666 with TTL 1
[2026.02.12-16.21.00:512][132]LogUdpMessaging: Warning: UDP messaging encountered an error. Auto repair routine started for reinitialization
[2026.02.12-16.21.02:352][138]FUdpSocketBuilder: Failed to subscribe UdpMessageMulticastSocket to multicast group 230.0.0.1 on interface 0.0.0.0
[2026.02.12-16.21.02:352][138]FUdpSocketBuilder: Failed to create and initialize socket UdpMessageMulticastSocket (last error: 0)
[2026.02.12-16.21.02:352][138]LogUdpMessaging: Warning: StartTransport failed to create multicast socket on 0.0.0.0:0, joined to 230.0.0.1:6666 with TTL 1
[2026.02.12-16.21.02:522][138]LogUdpMessaging: Warning: UDP messaging encountered an error. Auto repair routine started for reinitialization
[2026.02.12-16.21.04:368][144]FUdpSocketBuilder: Failed to subscribe UdpMessageMulticastSocket to multicast group 230.0.0.1 on interface 0.0.0.0
[2026.02.12-16.21.04:368][144]FUdpSocketBuilder: Failed to create and initialize socket UdpMessageMulticastSocket (last error: 0)
[2026.02.12-16.21.04:368][144]LogUdpMessaging: Warning: StartTransport failed to create multicast socket on 0.0.0.0:0, joined to 230.0.0.1:6666 with TTL 1
[2026.02.12-16.21.04:533][144]LogUdpMessaging: Warning: UDP messaging encountered an error. Auto repair routine started for reinitialization
[2026.02.12-16.21.06:382][150]FUdpSocketBuilder: Failed to subscribe UdpMessageMulticastSocket to multicast group 230.0.0.1 on interface 0.0.0.0
[2026.02.12-16.21.06:382][150]FUdpSocketBuilder: Failed to create and initialize socket UdpMessageMulticastSocket (last error: 0)
[2026.02.12-16.21.06:382][150]LogUdpMessaging: Warning: StartTransport failed to create multicast socket on 0.0.0.0:0, joined to 230.0.0.1:6666 with TTL 1
[2026.02.12-16.21.06:540][150]LogUdpMessaging: Warning: UDP messaging encountered an error. Auto repair routine started for reinitialization
[2026.02.12-16.21.08:399][156]FUdpSocketBuilder: Failed to subscribe UdpMessageMulticastSocket to multicast group 230.0.0.1 on interface 0.0.0.0
[2026.02.12-16.21.08:399][156]FUdpSocketBuilder: Failed to create and initialize socket UdpMessageMulticastSocket (last error: 0)
[2026.02.12-16.21.08:399][156]LogUdpMessaging: Warning: StartTransport failed to create multicast socket on 0.0.0.0:0, joined to 230.0.0.1:6666 with TTL 1
[2026.02.12-16.21.08:551][156]LogUdpMessaging: Warning: UDP messaging encountered an error. Auto repair routine started for reinitialization
[2026.02.12-16.21.10:417][200]FUdpSocketBuilder: Failed to subscribe UdpMessageMulticastSocket to multicast group 230.0.0.1 on interface 0.0.0.0
[2026.02.12-16.21.10:417][200]FUdpSocketBuilder: Failed to create and initialize socket UdpMessageMulticastSocket (last error: 0)
[2026.02.12-16.21.10:417][200]LogUdpMessaging: Warning: StartTransport failed to create multicast socket on 0.0.0.0:0, joined to 230.0.0.1:6666 with TTL 1
[2026.02.12-16.21.10:451][201]LogUdpMessaging: Warning: UDP messaging encountered an error. Auto repair routine started for reinitialization
[2026.02.12-16.21.12:334][307]FUdpSocketBuilder: Failed to subscribe UdpMessageMulticastSocket to multicast group 230.0.0.1 on interface 0.0.0.0
[2026.02.12-16.21.12:334][307]FUdpSocketBuilder: Failed to create and initialize socket UdpMessageMulticastSocket (last error: 0)
[2026.02.12-16.21.12:334][307]LogUdpMessaging: Warning: StartTransport failed to create multicast socket on 0.0.0.0:0, joined to 230.0.0.1:6666 with TTL 1
[2026.02.12-16.21.12:348][308]LogUdpMessaging: Warning: UDP messaging encountered an error. Auto repair routine started for reinitialization
[2026.02.12-16.21.14:352][419]FUdpSocketBuilder: Failed to subscribe UdpMessageMulticastSocket to multicast group 230.0.0.1 on interface 0.0.0.0
[2026.02.12-16.21.14:352][419]FUdpSocketBuilder: Failed to create and initialize socket UdpMessageMulticastSocket (last error: 0)
[2026.02.12-16.21.14:352][419]LogUdpMessaging: Warning: StartTransport failed to create multicast socket on 0.0.0.0:0, joined to 230.0.0.1:6666 with TTL 1
[2026.02.12-16.21.14:371][420]LogUdpMessaging: Warning: UDP messaging encountered an error. Auto repair routine started for reinitialization
[2026.02.12-16.21.16:368][530]FUdpSocketBuilder: Failed to subscribe UdpMessageMulticastSocket to multicast group 230.0.0.1 on interface 0.0.0.0
[2026.02.12-16.21.16:368][530]FUdpSocketBuilder: Failed to create and initialize socket UdpMessageMulticastSocket (last error: 0)
[2026.02.12-16.21.16:368][530]LogUdpMessaging: Warning: StartTransport failed to create multicast socket on 0.0.0.0:0, joined to 230.0.0.1:6666 with TTL 1
[2026.02.12-16.21.16:386][531]LogUdpMessaging: Warning: UDP messaging encountered an error. Auto repair routine started for reinitialization
[2026.02.12-16.21.18:383][643]FUdpSocketBuilder: Failed to subscribe UdpMessageMulticastSocket to multicast group 230.0.0.1 on interface 0.0.0.0
[2026.02.12-16.21.18:383][643]FUdpSocketBuilder: Failed to create and initialize socket UdpMessageMulticastSocket (last error: 0)
[2026.02.12-16.21.18:383][643]LogUdpMessaging: Warning: StartTransport failed to create multicast socket on 0.0.0.0:0, joined to 230.0.0.1:6666 with TTL 1
[2026.02.12-16.21.18:406][644]LogUdpMessaging: Warning: UDP messaging encountered an error. Auto repair routine started for reinitialization
[2026.02.12-16.21.20:502][764]FUdpSocketBuilder: Failed to subscribe UdpMessageMulticastSocket to multicast group 230.0.0.1 on interface 0.0.0.0
[2026.02.12-16.21.20:502][764]FUdpSocketBuilder: Failed to create and initialize socket UdpMessageMulticastSocket (last error: 0)
[2026.02.12-16.21.20:502][764]LogUdpMessaging: Warning: StartTransport failed to create multicast socket on 0.0.0.0:0, joined to 230.0.0.1:6666 with TTL 1
[2026.02.12-16.21.20:522][765]LogUdpMessaging: Warning: UDP messaging encountered an error. Auto repair routine started for reinitialization
[2026.02.12-16.21.22:012][824]FUdpSocketBuilder: Failed to subscribe UdpMessageMulticastSocket to multicast group 230.0.0.1 on interface 0.0.0.0
[2026.02.12-16.21.22:012][824]FUdpSocketBuilder: Failed to create and initialize socket UdpMessageMulticastSocket (last error: 0)
[2026.02.12-16.21.22:012][824]LogUdpMessaging: Warning: StartTransport failed to create multicast socket on 0.0.0.0:0, joined to 230.0.0.1:6666 with TTL 1
[2026.02.12-16.21.22:150][824]LogUdpMessaging: Warning: UDP messaging encountered an error. Auto repair routine started for reinitialization
[2026.02.12-16.21.24:023][830]FUdpSocketBuilder: Failed to subscribe UdpMessageMulticastSocket to multicast group 230.0.0.1 on interface 0.0.0.0
[2026.02.12-16.21.24:023][830]FUdpSocketBuilder: Failed to create and initialize socket UdpMessageMulticastSocket (last error: 0)
[2026.02.12-16.21.24:023][830]LogUdpMessaging: Warning: StartTransport failed to create multicast socket on 0.0.0.0:0, joined to 230.0.0.1:6666 with TTL 1
[2026.02.12-16.21.24:166][830]LogUdpMessaging: Warning: UDP messaging encountered an error. Auto repair routine started for reinitialization
[2026.02.12-16.21.26:037][836]FUdpSocketBuilder: Failed to subscribe UdpMessageMulticastSocket to multicast group 230.0.0.1 on interface 0.0.0.0
[2026.02.12-16.21.26:037][836]FUdpSocketBuilder: Failed to create and initialize socket UdpMessageMulticastSocket (last error: 0)
[2026.02.12-16.21.26:037][836]LogUdpMessaging: Warning: StartTransport failed to create multicast socket on 0.0.0.0:0, joined to 230.0.0.1:6666 with TTL 1
[2026.02.12-16.21.26:180][836]LogUdpMessaging: Warning: UDP messaging encountered an error. Auto repair routine started for reinitialization
[2026.02.12-16.21.28:055][842]FUdpSocketBuilder: Failed to subscribe UdpMessageMulticastSocket to multicast group 230.0.0.1 on interface 0.0.0.0
[2026.02.12-16.21.28:055][842]FUdpSocketBuilder: Failed to create and initialize socket UdpMessageMulticastSocket (last error: 0)
[2026.02.12-16.21.28:055][842]LogUdpMessaging: Warning: StartTransport failed to create multicast socket on 0.0.0.0:0, joined to 230.0.0.1:6666 with TTL 1
[2026.02.12-16.21.28:194][842]LogUdpMessaging: Warning: UDP messaging encountered an error. Auto repair routine started for reinitialization
[2026.02.12-16.21.30:069][848]FUdpSocketBuilder: Failed to subscribe UdpMessageMulticastSocket to multicast group 230.0.0.1 on interface 0.0.0.0
[2026.02.12-16.21.30:069][848]FUdpSocketBuilder: Failed to create and initialize socket UdpMessageMulticastSocket (last error: 0)
[2026.02.12-16.21.30:069][848]LogUdpMessaging: Warning: StartTransport failed to create multicast socket on 0.0.0.0:0, joined to 230.0.0.1:6666 with TTL 1
[2026.02.12-16.21.30:200][848]LogUdpMessaging: Warning: UDP messaging encountered an error. Auto repair routine started for reinitialization
[2026.02.12-16.21.32:084][854]FUdpSocketBuilder: Failed to subscribe UdpMessageMulticastSocket to multicast group 230.0.0.1 on interface 0.0.0.0
[2026.02.12-16.21.32:084][854]FUdpSocketBuilder: Failed to create and initialize socket UdpMessageMulticastSocket (last error: 0)
[2026.02.12-16.21.32:084][854]LogUdpMessaging: Warning: StartTransport failed to create multicast socket on 0.0.0.0:0, joined to 230.0.0.1:6666 with TTL 1
[2026.02.12-16.21.32:208][854]LogUdpMessaging: Warning: UDP messaging encountered an error. Auto repair routine started for reinitialization
[2026.02.12-16.21.34:001][860]FUdpSocketBuilder: Failed to subscribe UdpMessageMulticastSocket to multicast group 230.0.0.1 on interface 0.0.0.0
[2026.02.12-16.21.34:001][860]FUdpSocketBuilder: Failed to create and initialize socket UdpMessageMulticastSocket (last error: 0)
[2026.02.12-16.21.34:001][860]LogUdpMessaging: Warning: StartTransport failed to create multicast socket on 0.0.0.0:0, joined to 230.0.0.1:6666 with TTL 1
[2026.02.12-16.21.34:215][860]LogUdpMessaging: Warning: UDP messaging encountered an error. Auto repair routine started for reinitialization
[2026.02.12-16.21.36:018][866]FUdpSocketBuilder: Failed to subscribe UdpMessageMulticastSocket to multicast group 230.0.0.1 on interface 0.0.0.0
[2026.02.12-16.21.36:019][866]FUdpSocketBuilder: Failed to create and initialize socket UdpMessageMulticastSocket (last error: 0)
[2026.02.12-16.21.36:019][866]LogUdpMessaging: Warning: StartTransport failed to create multicast socket on 0.0.0.0:0, joined to 230.0.0.1:6666 with TTL 1
[2026.02.12-16.21.36:221][866]LogUdpMessaging: Warning: UDP messaging encountered an error. Auto repair routine started for reinitialization
[2026.02.12-16.21.38:035][872]FUdpSocketBuilder: Failed to subscribe UdpMessageMulticastSocket to multicast group 230.0.0.1 on interface 0.0.0.0
[2026.02.12-16.21.38:036][872]FUdpSocketBuilder: Failed to create and initialize socket UdpMessageMulticastSocket (last error: 0)
[2026.02.12-16.21.38:036][872]LogUdpMessaging: Warning: StartTransport failed to create multicast socket on 0.0.0.0:0, joined to 230.0.0.1:6666 with TTL 1
[2026.02.12-16.21.38:233][872]LogUdpMessaging: Warning: UDP messaging encountered an error. Auto repair routine started for reinitialization
[2026.02.12-16.21.40:052][878]FUdpSocketBuilder: Failed to subscribe UdpMessageMulticastSocket to multicast group 230.0.0.1 on interface 0.0.0.0
[2026.02.12-16.21.40:052][878]FUdpSocketBuilder: Failed to create and initialize socket UdpMessageMulticastSocket (last error: 0)
[2026.02.12-16.21.40:052][878]LogUdpMessaging: Warning: StartTransport failed to create multicast socket on 0.0.0.0:0, joined to 230.0.0.1:6666 with TTL 1
[2026.02.12-16.21.40:244][878]LogUdpMessaging: Warning: UDP messaging encountered an error. Auto repair routine started for reinitialization
[2026.02.12-16.21.42:070][884]FUdpSocketBuilder: Failed to subscribe UdpMessageMulticastSocket to multicast group 230.0.0.1 on interface 0.0.0.0
[2026.02.12-16.21.42:070][884]FUdpSocketBuilder: Failed to create and initialize socket UdpMessageMulticastSocket (last error: 0)
[2026.02.12-16.21.42:070][884]LogUdpMessaging: Warning: StartTransport failed to create multicast socket on 0.0.0.0:0, joined to 230.0.0.1:6666 with TTL 1
[2026.02.12-16.21.42:258][884]LogUdpMessaging: Warning: UDP messaging encountered an error. Auto repair routine started for reinitialization
[2026.02.12-16.21.44:085][890]FUdpSocketBuilder: Failed to subscribe UdpMessageMulticastSocket to multicast group 230.0.0.1 on interface 0.0.0.0
[2026.02.12-16.21.44:085][890]FUdpSocketBuilder: Failed to create and initialize socket UdpMessageMulticastSocket (last error: 0)
[2026.02.12-16.21.44:085][890]LogUdpMessaging: Warning: StartTransport failed to create multicast socket on 0.0.0.0:0, joined to 230.0.0.1:6666 with TTL 1
[2026.02.12-16.21.44:279][890]LogUdpMessaging: Warning: UDP messaging encountered an error. Auto repair routine started for reinitialization
[2026.02.12-16.21.46:102][896]FUdpSocketBuilder: Failed to subscribe UdpMessageMulticastSocket to multicast group 230.0.0.1 on interface 0.0.0.0
[2026.02.12-16.21.46:102][896]FUdpSocketBuilder: Failed to create and initialize socket UdpMessageMulticastSocket (last error: 0)
[2026.02.12-16.21.46:102][896]LogUdpMessaging: Warning: StartTransport failed to create multicast socket on 0.0.0.0:0, joined to 230.0.0.1:6666 with TTL 1
[2026.02.12-16.21.46:289][896]LogUdpMessaging: Warning: UDP messaging encountered an error. Auto repair routine started for reinitialization
[2026.02.12-16.21.48:121][902]FUdpSocketBuilder: Failed to subscribe UdpMessageMulticastSocket to multicast group 230.0.0.1 on interface 0.0.0.0
[2026.02.12-16.21.48:121][902]FUdpSocketBuilder: Failed to create and initialize socket UdpMessageMulticastSocket (last error: 0)
[2026.02.12-16.21.48:121][902]LogUdpMessaging: Warning: StartTransport failed to create multicast socket on 0.0.0.0:0, joined to 230.0.0.1:6666 with TTL 1
[2026.02.12-16.21.48:300][902]LogUdpMessaging: Warning: UDP messaging encountered an error. Auto repair routine started for reinitialization
[2026.02.12-16.21.50:135][908]FUdpSocketBuilder: Failed to subscribe UdpMessageMulticastSocket to multicast group 230.0.0.1 on interface 0.0.0.0
[2026.02.12-16.21.50:135][908]FUdpSocketBuilder: Failed to create and initialize socket UdpMessageMulticastSocket (last error: 0)
[2026.02.12-16.21.50:135][908]LogUdpMessaging: Warning: StartTransport failed to create multicast socket on 0.0.0.0:0, joined to 230.0.0.1:6666 with TTL 1
[2026.02.12-16.21.50:311][908]LogUdpMessaging: Warning: UDP messaging encountered an error. Auto repair routine started for reinitialization
[2026.02.12-16.21.52:353][984]FUdpSocketBuilder: Failed to subscribe UdpMessageMulticastSocket to multicast group 230.0.0.1 on interface 0.0.0.0
[2026.02.12-16.21.52:353][984]FUdpSocketBuilder: Failed to create and initialize socket UdpMessageMulticastSocket (last error: 0)
[2026.02.12-16.21.52:353][984]LogUdpMessaging: Warning: StartTransport failed to create multicast socket on 0.0.0.0:0, joined to 230.0.0.1:6666 with TTL 1
[2026.02.12-16.21.52:373][985]LogUdpMessaging: Warning: UDP messaging encountered an error. Auto repair routine started for reinitialization
[2026.02.12-16.21.54:472][105]FUdpSocketBuilder: Failed to subscribe UdpMessageMulticastSocket to multicast group 230.0.0.1 on interface 0.0.0.0
[2026.02.12-16.21.54:472][105]FUdpSocketBuilder: Failed to create and initialize socket UdpMessageMulticastSocket (last error: 0)
[2026.02.12-16.21.54:472][105]LogUdpMessaging: Warning: StartTransport failed to create multicast socket on 0.0.0.0:0, joined to 230.0.0.1:6666 with TTL 1
[2026.02.12-16.21.54:696][105]LogUdpMessaging: Warning: UDP messaging encountered an error. Auto repair routine started for reinitialization
[2026.02.12-16.21.56:488][111]FUdpSocketBuilder: Failed to subscribe UdpMessageMulticastSocket to multicast group 230.0.0.1 on interface 0.0.0.0
[2026.02.12-16.21.56:488][111]FUdpSocketBuilder: Failed to create and initialize socket UdpMessageMulticastSocket (last error: 0)
[2026.02.12-16.21.56:488][111]LogUdpMessaging: Warning: StartTransport failed to create multicast socket on 0.0.0.0:0, joined to 230.0.0.1:6666 with TTL 1
[2026.02.12-16.21.56:702][111]LogUdpMessaging: Warning: UDP messaging encountered an error. Auto repair routine started for reinitialization
[2026.02.12-16.21.58:507][117]FUdpSocketBuilder: Failed to subscribe UdpMessageMulticastSocket to multicast group 230.0.0.1 on interface 0.0.0.0
[2026.02.12-16.21.58:507][117]FUdpSocketBuilder: Failed to create and initialize socket UdpMessageMulticastSocket (last error: 0)
[2026.02.12-16.21.58:507][117]LogUdpMessaging: Warning: StartTransport failed to create multicast socket on 0.0.0.0:0, joined to 230.0.0.1:6666 with TTL 1
[2026.02.12-16.21.58:526][118]LogUdpMessaging: Warning: UDP messaging encountered an error. Auto repair routine started for reinitialization
[2026.02.12-16.22.00:525][230]FUdpSocketBuilder: Failed to subscribe UdpMessageMulticastSocket to multicast group 230.0.0.1 on interface 0.0.0.0
[2026.02.12-16.22.00:525][230]FUdpSocketBuilder: Failed to create and initialize socket UdpMessageMulticastSocket (last error: 0)
[2026.02.12-16.22.00:525][230]LogUdpMessaging: Warning: StartTransport failed to create multicast socket on 0.0.0.0:0, joined to 230.0.0.1:6666 with TTL 1
[2026.02.12-16.22.00:547][231]LogUdpMessaging: Warning: UDP messaging encountered an error. Auto repair routine started for reinitialization
[2026.02.12-16.22.02:640][351]FUdpSocketBuilder: Failed to subscribe UdpMessageMulticastSocket to multicast group 230.0.0.1 on interface 0.0.0.0
[2026.02.12-16.22.02:640][351]FUdpSocketBuilder: Failed to create and initialize socket UdpMessageMulticastSocket (last error: 0)
[2026.02.12-16.22.02:640][351]LogUdpMessaging: Warning: StartTransport failed to create multicast socket on 0.0.0.0:0, joined to 230.0.0.1:6666 with TTL 1
[2026.02.12-16.22.02:662][352]LogUdpMessaging: Warning: UDP messaging encountered an error. Auto repair routine started for reinitialization
[2026.02.12-16.22.04:857][472]FUdpSocketBuilder: Failed to subscribe UdpMessageMulticastSocket to multicast group 230.0.0.1 on interface 0.0.0.0
[2026.02.12-16.22.04:857][472]FUdpSocketBuilder: Failed to create and initialize socket UdpMessageMulticastSocket (last error: 0)
[2026.02.12-16.22.04:857][472]LogUdpMessaging: Warning: StartTransport failed to create multicast socket on 0.0.0.0:0, joined to 230.0.0.1:6666 with TTL 1
[2026.02.12-16.22.04:877][473]LogUdpMessaging: Warning: UDP messaging encountered an error. Auto repair routine started for reinitialization
[2026.02.12-16.22.06:973][590]FUdpSocketBuilder: Failed to subscribe UdpMessageMulticastSocket to multicast group 230.0.0.1 on interface 0.0.0.0
[2026.02.12-16.22.06:973][590]FUdpSocketBuilder: Failed to create and initialize socket UdpMessageMulticastSocket (last error: 0)
[2026.02.12-16.22.06:973][590]LogUdpMessaging: Warning: StartTransport failed to create multicast socket on 0.0.0.0:0, joined to 230.0.0.1:6666 with TTL 1
[2026.02.12-16.22.06:987][591]LogUdpMessaging: Warning: UDP messaging encountered an error. Auto repair routine started for reinitialization
[2026.02.12-16.22.08:765][697]LogSlate: Window 'Color Picker' being destroyed
[2026.02.12-16.22.09:088][705]FUdpSocketBuilder: Failed to subscribe UdpMessageMulticastSocket to multicast group 230.0.0.1 on interface 0.0.0.0
[2026.02.12-16.22.09:088][705]FUdpSocketBuilder: Failed to create and initialize socket UdpMessageMulticastSocket (last error: 0)
[2026.02.12-16.22.09:088][705]LogUdpMessaging: Warning: StartTransport failed to create multicast socket on 0.0.0.0:0, joined to 230.0.0.1:6666 with TTL 1
[2026.02.12-16.22.09:108][706]LogUdpMessaging: Warning: UDP messaging encountered an error. Auto repair routine started for reinitialization
[2026.02.12-16.22.11:209][826]FUdpSocketBuilder: Failed to subscribe UdpMessageMulticastSocket to multicast group 230.0.0.1 on interface 0.0.0.0
[2026.02.12-16.22.11:209][826]FUdpSocketBuilder: Failed to create and initialize socket UdpMessageMulticastSocket (last error: 0)
[2026.02.12-16.22.11:209][826]LogUdpMessaging: Warning: StartTransport failed to create multicast socket on 0.0.0.0:0, joined to 230.0.0.1:6666 with TTL 1
[2026.02.12-16.22.11:233][827]LogUdpMessaging: Warning: UDP messaging encountered an error. Auto repair routine started for reinitialization
[2026.02.12-16.22.13:330][947]FUdpSocketBuilder: Failed to subscribe UdpMessageMulticastSocket to multicast group 230.0.0.1 on interface 0.0.0.0
[2026.02.12-16.22.13:331][947]FUdpSocketBuilder: Failed to create and initialize socket UdpMessageMulticastSocket (last error: 0)
[2026.02.12-16.22.13:331][947]LogUdpMessaging: Warning: StartTransport failed to create multicast socket on 0.0.0.0:0, joined to 230.0.0.1:6666 with TTL 1
[2026.02.12-16.22.13:353][948]LogUdpMessaging: Warning: UDP messaging encountered an error. Auto repair routine started for reinitialization
[2026.02.12-16.22.15:448][ 68]FUdpSocketBuilder: Failed to subscribe UdpMessageMulticastSocket to multicast group 230.0.0.1 on interface 0.0.0.0
[2026.02.12-16.22.15:448][ 68]FUdpSocketBuilder: Failed to create and initialize socket UdpMessageMulticastSocket (last error: 0)
[2026.02.12-16.22.15:448][ 68]LogUdpMessaging: Warning: StartTransport failed to create multicast socket on 0.0.0.0:0, joined to 230.0.0.1:6666 with TTL 1
[2026.02.12-16.22.15:468][ 69]LogUdpMessaging: Warning: UDP messaging encountered an error. Auto repair routine started for reinitialization
[2026.02.12-16.22.17:562][189]FUdpSocketBuilder: Failed to subscribe UdpMessageMulticastSocket to multicast group 230.0.0.1 on interface 0.0.0.0
[2026.02.12-16.22.17:564][189]FUdpSocketBuilder: Failed to create and initialize socket UdpMessageMulticastSocket (last error: 0)
[2026.02.12-16.22.17:564][189]LogUdpMessaging: Warning: StartTransport failed to create multicast socket on 0.0.0.0:0, joined to 230.0.0.1:6666 with TTL 1
[2026.02.12-16.22.17:580][190]LogUdpMessaging: Warning: UDP messaging encountered an error. Auto repair routine started for reinitialization
[2026.02.12-16.22.19:580][302]FUdpSocketBuilder: Failed to subscribe UdpMessageMulticastSocket to multicast group 230.0.0.1 on interface 0.0.0.0
[2026.02.12-16.22.19:580][302]FUdpSocketBuilder: Failed to create and initialize socket UdpMessageMulticastSocket (last error: 0)
[2026.02.12-16.22.19:580][302]LogUdpMessaging: Warning: StartTransport failed to create multicast socket on 0.0.0.0:0, joined to 230.0.0.1:6666 with TTL 1
[2026.02.12-16.22.19:600][303]LogUdpMessaging: Warning: UDP messaging encountered an error. Auto repair routine started for reinitialization
[2026.02.12-16.22.20:790][363]FUdpSocketBuilder: Failed to subscribe UdpMessageMulticastSocket to multicast group 230.0.0.1 on interface 0.0.0.0
[2026.02.12-16.22.20:790][363]FUdpSocketBuilder: Failed to create and initialize socket UdpMessageMulticastSocket (last error: 0)
[2026.02.12-16.22.20:790][363]LogUdpMessaging: Warning: StartTransport failed to create multicast socket on 0.0.0.0:0, joined to 230.0.0.1:6666 with TTL 1
[2026.02.12-16.22.20:809][364]LogUdpMessaging: Warning: UDP messaging encountered an error. Auto repair routine started for reinitialization
[2026.02.12-16.22.22:707][472]FUdpSocketBuilder: Failed to subscribe UdpMessageMulticastSocket to multicast group 230.0.0.1 on interface 0.0.0.0
[2026.02.12-16.22.22:707][472]FUdpSocketBuilder: Failed to create and initialize socket UdpMessageMulticastSocket (last error: 0)
[2026.02.12-16.22.22:707][472]LogUdpMessaging: Warning: StartTransport failed to create multicast socket on 0.0.0.0:0, joined to 230.0.0.1:6666 with TTL 1
[2026.02.12-16.22.22:722][473]LogUdpMessaging: Warning: UDP messaging encountered an error. Auto repair routine started for reinitialization
[2026.02.12-16.22.24:725][586]FUdpSocketBuilder: Failed to subscribe UdpMessageMulticastSocket to multicast group 230.0.0.1 on interface 0.0.0.0
[2026.02.12-16.22.24:725][586]FUdpSocketBuilder: Failed to create and initialize socket UdpMessageMulticastSocket (last error: 0)
[2026.02.12-16.22.24:725][586]LogUdpMessaging: Warning: StartTransport failed to create multicast socket on 0.0.0.0:0, joined to 230.0.0.1:6666 with TTL 1
[2026.02.12-16.22.24:752][587]LogUdpMessaging: Warning: UDP messaging encountered an error. Auto repair routine started for reinitialization
[2026.02.12-16.22.26:745][699]FUdpSocketBuilder: Failed to subscribe UdpMessageMulticastSocket to multicast group 230.0.0.1 on interface 0.0.0.0
[2026.02.12-16.22.26:745][699]FUdpSocketBuilder: Failed to create and initialize socket UdpMessageMulticastSocket (last error: 0)
[2026.02.12-16.22.26:745][699]LogUdpMessaging: Warning: StartTransport failed to create multicast socket on 0.0.0.0:0, joined to 230.0.0.1:6666 with TTL 1
[2026.02.12-16.22.26:759][700]LogUdpMessaging: Warning: UDP messaging encountered an error. Auto repair routine started for reinitialization
[2026.02.12-16.22.28:763][812]FUdpSocketBuilder: Failed to subscribe UdpMessageMulticastSocket to multicast group 230.0.0.1 on interface 0.0.0.0
[2026.02.12-16.22.28:763][812]FUdpSocketBuilder: Failed to create and initialize socket UdpMessageMulticastSocket (last error: 0)
[2026.02.12-16.22.28:763][812]LogUdpMessaging: Warning: StartTransport failed to create multicast socket on 0.0.0.0:0, joined to 230.0.0.1:6666 with TTL 1
[2026.02.12-16.22.28:785][813]LogUdpMessaging: Warning: UDP messaging encountered an error. Auto repair routine started for reinitialization
[2026.02.12-16.22.30:979][933]FUdpSocketBuilder: Failed to subscribe UdpMessageMulticastSocket to multicast group 230.0.0.1 on interface 0.0.0.0
[2026.02.12-16.22.30:979][933]FUdpSocketBuilder: Failed to create and initialize socket UdpMessageMulticastSocket (last error: 0)
[2026.02.12-16.22.30:979][933]LogUdpMessaging: Warning: StartTransport failed to create multicast socket on 0.0.0.0:0, joined to 230.0.0.1:6666 with TTL 1
[2026.02.12-16.22.31:000][934]LogUdpMessaging: Warning: UDP messaging encountered an error. Auto repair routine started for reinitialization
[2026.02.12-16.22.33:095][ 54]FUdpSocketBuilder: Failed to subscribe UdpMessageMulticastSocket to multicast group 230.0.0.1 on interface 0.0.0.0
[2026.02.12-16.22.33:095][ 54]FUdpSocketBuilder: Failed to create and initialize socket UdpMessageMulticastSocket (last error: 0)
[2026.02.12-16.22.33:095][ 54]LogUdpMessaging: Warning: StartTransport failed to create multicast socket on 0.0.0.0:0, joined to 230.0.0.1:6666 with TTL 1
[2026.02.12-16.22.33:115][ 55]LogUdpMessaging: Warning: UDP messaging encountered an error. Auto repair routine started for reinitialization
[2026.02.12-16.22.35:208][175]FUdpSocketBuilder: Failed to subscribe UdpMessageMulticastSocket to multicast group 230.0.0.1 on interface 0.0.0.0
[2026.02.12-16.22.35:208][175]FUdpSocketBuilder: Failed to create and initialize socket UdpMessageMulticastSocket (last error: 0)
[2026.02.12-16.22.35:208][175]LogUdpMessaging: Warning: StartTransport failed to create multicast socket on 0.0.0.0:0, joined to 230.0.0.1:6666 with TTL 1
[2026.02.12-16.22.35:229][176]LogUdpMessaging: Warning: UDP messaging encountered an error. Auto repair routine started for reinitialization
[2026.02.12-16.22.37:327][296]FUdpSocketBuilder: Failed to subscribe UdpMessageMulticastSocket to multicast group 230.0.0.1 on interface 0.0.0.0
[2026.02.12-16.22.37:327][296]FUdpSocketBuilder: Failed to create and initialize socket UdpMessageMulticastSocket (last error: 0)
[2026.02.12-16.22.37:327][296]LogUdpMessaging: Warning: StartTransport failed to create multicast socket on 0.0.0.0:0, joined to 230.0.0.1:6666 with TTL 1
[2026.02.12-16.22.37:344][297]LogUdpMessaging: Warning: UDP messaging encountered an error. Auto repair routine started for reinitialization
[2026.02.12-16.22.39:343][410]FUdpSocketBuilder: Failed to subscribe UdpMessageMulticastSocket to multicast group 230.0.0.1 on interface 0.0.0.0
[2026.02.12-16.22.39:343][410]FUdpSocketBuilder: Failed to create and initialize socket UdpMessageMulticastSocket (last error: 0)
[2026.02.12-16.22.39:343][410]LogUdpMessaging: Warning: StartTransport failed to create multicast socket on 0.0.0.0:0, joined to 230.0.0.1:6666 with TTL 1
[2026.02.12-16.22.39:365][411]LogUdpMessaging: Warning: UDP messaging encountered an error. Auto repair routine started for reinitialization
[2026.02.12-16.22.41:463][531]FUdpSocketBuilder: Failed to subscribe UdpMessageMulticastSocket to multicast group 230.0.0.1 on interface 0.0.0.0
[2026.02.12-16.22.41:463][531]FUdpSocketBuilder: Failed to create and initialize socket UdpMessageMulticastSocket (last error: 0)
[2026.02.12-16.22.41:463][531]LogUdpMessaging: Warning: StartTransport failed to create multicast socket on 0.0.0.0:0, joined to 230.0.0.1:6666 with TTL 1
[2026.02.12-16.22.41:487][532]LogUdpMessaging: Warning: UDP messaging encountered an error. Auto repair routine started for reinitialization
[2026.02.12-16.22.43:781][602]FUdpSocketBuilder: Failed to subscribe UdpMessageMulticastSocket to multicast group 230.0.0.1 on interface 0.0.0.0
[2026.02.12-16.22.43:781][602]FUdpSocketBuilder: Failed to create and initialize socket UdpMessageMulticastSocket (last error: 0)
[2026.02.12-16.22.43:781][602]LogUdpMessaging: Warning: StartTransport failed to create multicast socket on 0.0.0.0:0, joined to 230.0.0.1:6666 with TTL 1
[2026.02.12-16.22.43:928][602]LogUdpMessaging: Warning: UDP messaging encountered an error. Auto repair routine started for reinitialization
[2026.02.12-16.22.45:801][608]FUdpSocketBuilder: Failed to subscribe UdpMessageMulticastSocket to multicast group 230.0.0.1 on interface 0.0.0.0
[2026.02.12-16.22.45:801][608]FUdpSocketBuilder: Failed to create and initialize socket UdpMessageMulticastSocket (last error: 0)
[2026.02.12-16.22.45:801][608]LogUdpMessaging: Warning: StartTransport failed to create multicast socket on 0.0.0.0:0, joined to 230.0.0.1:6666 with TTL 1
[2026.02.12-16.22.45:936][608]LogUdpMessaging: Warning: UDP messaging encountered an error. Auto repair routine started for reinitialization
[2026.02.12-16.22.47:818][614]FUdpSocketBuilder: Failed to subscribe UdpMessageMulticastSocket to multicast group 230.0.0.1 on interface 0.0.0.0
[2026.02.12-16.22.47:818][614]FUdpSocketBuilder: Failed to create and initialize socket UdpMessageMulticastSocket (last error: 0)
[2026.02.12-16.22.47:818][614]LogUdpMessaging: Warning: StartTransport failed to create multicast socket on 0.0.0.0:0, joined to 230.0.0.1:6666 with TTL 1
[2026.02.12-16.22.47:836][615]LogUdpMessaging: Warning: UDP messaging encountered an error. Auto repair routine started for reinitialization
[2026.02.12-16.22.49:835][721]FUdpSocketBuilder: Failed to subscribe UdpMessageMulticastSocket to multicast group 230.0.0.1 on interface 0.0.0.0
[2026.02.12-16.22.49:835][721]FUdpSocketBuilder: Failed to create and initialize socket UdpMessageMulticastSocket (last error: 0)
[2026.02.12-16.22.49:835][721]LogUdpMessaging: Warning: StartTransport failed to create multicast socket on 0.0.0.0:0, joined to 230.0.0.1:6666 with TTL 1
[2026.02.12-16.22.49:856][722]LogUdpMessaging: Warning: UDP messaging encountered an error. Auto repair routine started for reinitialization
[2026.02.12-16.22.52:051][824]FUdpSocketBuilder: Failed to subscribe UdpMessageMulticastSocket to multicast group 230.0.0.1 on interface 0.0.0.0
[2026.02.12-16.22.52:051][824]FUdpSocketBuilder: Failed to create and initialize socket UdpMessageMulticastSocket (last error: 0)
[2026.02.12-16.22.52:051][824]LogUdpMessaging: Warning: StartTransport failed to create multicast socket on 0.0.0.0:0, joined to 230.0.0.1:6666 with TTL 1
[2026.02.12-16.22.52:198][824]LogUdpMessaging: Warning: UDP messaging encountered an error. Auto repair routine started for reinitialization
[2026.02.12-16.22.54:064][830]FUdpSocketBuilder: Failed to subscribe UdpMessageMulticastSocket to multicast group 230.0.0.1 on interface 0.0.0.0
[2026.02.12-16.22.54:064][830]FUdpSocketBuilder: Failed to create and initialize socket UdpMessageMulticastSocket (last error: 0)
[2026.02.12-16.22.54:064][830]LogUdpMessaging: Warning: StartTransport failed to create multicast socket on 0.0.0.0:0, joined to 230.0.0.1:6666 with TTL 1
[2026.02.12-16.22.54:209][830]LogUdpMessaging: Warning: UDP messaging encountered an error. Auto repair routine started for reinitialization
[2026.02.12-16.22.56:081][855]FUdpSocketBuilder: Failed to subscribe UdpMessageMulticastSocket to multicast group 230.0.0.1 on interface 0.0.0.0
[2026.02.12-16.22.56:081][855]FUdpSocketBuilder: Failed to create and initialize socket UdpMessageMulticastSocket (last error: 0)
[2026.02.12-16.22.56:081][855]LogUdpMessaging: Warning: StartTransport failed to create multicast socket on 0.0.0.0:0, joined to 230.0.0.1:6666 with TTL 1
[2026.02.12-16.22.56:101][856]LogUdpMessaging: Warning: UDP messaging encountered an error. Auto repair routine started for reinitialization
[2026.02.12-16.22.58:300][976]FUdpSocketBuilder: Failed to subscribe UdpMessageMulticastSocket to multicast group 230.0.0.1 on interface 0.0.0.0
[2026.02.12-16.22.58:300][976]FUdpSocketBuilder: Failed to create and initialize socket UdpMessageMulticastSocket (last error: 0)
[2026.02.12-16.22.58:300][976]LogUdpMessaging: Warning: StartTransport failed to create multicast socket on 0.0.0.0:0, joined to 230.0.0.1:6666 with TTL 1
[2026.02.12-16.22.58:315][976]LogUdpMessaging: Warning: UDP messaging encountered an error. Auto repair routine started for reinitialization
[2026.02.12-16.23.00:216][ 84]FUdpSocketBuilder: Failed to subscribe UdpMessageMulticastSocket to multicast group 230.0.0.1 on interface 0.0.0.0
[2026.02.12-16.23.00:216][ 84]FUdpSocketBuilder: Failed to create and initialize socket UdpMessageMulticastSocket (last error: 0)
[2026.02.12-16.23.00:216][ 84]LogUdpMessaging: Warning: StartTransport failed to create multicast socket on 0.0.0.0:0, joined to 230.0.0.1:6666 with TTL 1
[2026.02.12-16.23.00:240][ 85]LogUdpMessaging: Warning: UDP messaging encountered an error. Auto repair routine started for reinitialization
[2026.02.12-16.23.02:331][205]FUdpSocketBuilder: Failed to subscribe UdpMessageMulticastSocket to multicast group 230.0.0.1 on interface 0.0.0.0
[2026.02.12-16.23.02:331][205]FUdpSocketBuilder: Failed to create and initialize socket UdpMessageMulticastSocket (last error: 0)
[2026.02.12-16.23.02:331][205]LogUdpMessaging: Warning: StartTransport failed to create multicast socket on 0.0.0.0:0, joined to 230.0.0.1:6666 with TTL 1
[2026.02.12-16.23.02:351][206]LogUdpMessaging: Warning: UDP messaging encountered an error. Auto repair routine started for reinitialization
[2026.02.12-16.23.04:448][326]FUdpSocketBuilder: Failed to subscribe UdpMessageMulticastSocket to multicast group 230.0.0.1 on interface 0.0.0.0
[2026.02.12-16.23.04:448][326]FUdpSocketBuilder: Failed to create and initialize socket UdpMessageMulticastSocket (last error: 0)
[2026.02.12-16.23.04:448][326]LogUdpMessaging: Warning: StartTransport failed to create multicast socket on 0.0.0.0:0, joined to 230.0.0.1:6666 with TTL 1
[2026.02.12-16.23.04:470][327]LogUdpMessaging: Warning: UDP messaging encountered an error. Auto repair routine started for reinitialization
[2026.02.12-16.23.06:565][447]FUdpSocketBuilder: Failed to subscribe UdpMessageMulticastSocket to multicast group 230.0.0.1 on interface 0.0.0.0
[2026.02.12-16.23.06:565][447]FUdpSocketBuilder: Failed to create and initialize socket UdpMessageMulticastSocket (last error: 0)
[2026.02.12-16.23.06:565][447]LogUdpMessaging: Warning: StartTransport failed to create multicast socket on 0.0.0.0:0, joined to 230.0.0.1:6666 with TTL 1
[2026.02.12-16.23.06:587][448]LogUdpMessaging: Warning: UDP messaging encountered an error. Auto repair routine started for reinitialization
[2026.02.12-16.23.08:683][568]FUdpSocketBuilder: Failed to subscribe UdpMessageMulticastSocket to multicast group 230.0.0.1 on interface 0.0.0.0
[2026.02.12-16.23.08:683][568]FUdpSocketBuilder: Failed to create and initialize socket UdpMessageMulticastSocket (last error: 0)
[2026.02.12-16.23.08:683][568]LogUdpMessaging: Warning: StartTransport failed to create multicast socket on 0.0.0.0:0, joined to 230.0.0.1:6666 with TTL 1
[2026.02.12-16.23.08:706][569]LogUdpMessaging: Warning: UDP messaging encountered an error. Auto repair routine started for reinitialization
[2026.02.12-16.23.10:802][689]FUdpSocketBuilder: Failed to subscribe UdpMessageMulticastSocket to multicast group 230.0.0.1 on interface 0.0.0.0
[2026.02.12-16.23.10:802][689]FUdpSocketBuilder: Failed to create and initialize socket UdpMessageMulticastSocket (last error: 0)
[2026.02.12-16.23.10:803][689]LogUdpMessaging: Warning: StartTransport failed to create multicast socket on 0.0.0.0:0, joined to 230.0.0.1:6666 with TTL 1
[2026.02.12-16.23.10:825][690]LogUdpMessaging: Warning: UDP messaging encountered an error. Auto repair routine started for reinitialization
[2026.02.12-16.23.12:018][750]FUdpSocketBuilder: Failed to subscribe UdpMessageMulticastSocket to multicast group 230.0.0.1 on interface 0.0.0.0
[2026.02.12-16.23.12:018][750]FUdpSocketBuilder: Failed to create and initialize socket UdpMessageMulticastSocket (last error: 0)
[2026.02.12-16.23.12:018][750]LogUdpMessaging: Warning: StartTransport failed to create multicast socket on 0.0.0.0:0, joined to 230.0.0.1:6666 with TTL 1
[2026.02.12-16.23.12:032][751]LogUdpMessaging: Warning: UDP messaging encountered an error. Auto repair routine started for reinitialization
[2026.02.12-16.23.14:132][831]FUdpSocketBuilder: Failed to subscribe UdpMessageMulticastSocket to multicast group 230.0.0.1 on interface 0.0.0.0
[2026.02.12-16.23.14:132][831]FUdpSocketBuilder: Failed to create and initialize socket UdpMessageMulticastSocket (last error: 0)
[2026.02.12-16.23.14:132][831]LogUdpMessaging: Warning: StartTransport failed to create multicast socket on 0.0.0.0:0, joined to 230.0.0.1:6666 with TTL 1
[2026.02.12-16.23.14:343][831]LogUdpMessaging: Warning: UDP messaging encountered an error. Auto repair routine started for reinitialization
[2026.02.12-16.23.16:147][869]FUdpSocketBuilder: Failed to subscribe UdpMessageMulticastSocket to multicast group 230.0.0.1 on interface 0.0.0.0
[2026.02.12-16.23.16:147][869]FUdpSocketBuilder: Failed to create and initialize socket UdpMessageMulticastSocket (last error: 0)
[2026.02.12-16.23.16:147][869]LogUdpMessaging: Warning: StartTransport failed to create multicast socket on 0.0.0.0:0, joined to 230.0.0.1:6666 with TTL 1
[2026.02.12-16.23.16:167][870]LogUdpMessaging: Warning: UDP messaging encountered an error. Auto repair routine started for reinitialization
[2026.02.12-16.23.18:364][989]FUdpSocketBuilder: Failed to subscribe UdpMessageMulticastSocket to multicast group 230.0.0.1 on interface 0.0.0.0
[2026.02.12-16.23.18:364][989]FUdpSocketBuilder: Failed to create and initialize socket UdpMessageMulticastSocket (last error: 0)
[2026.02.12-16.23.18:364][989]LogUdpMessaging: Warning: StartTransport failed to create multicast socket on 0.0.0.0:0, joined to 230.0.0.1:6666 with TTL 1
[2026.02.12-16.23.18:385][990]LogUdpMessaging: Warning: UDP messaging encountered an error. Auto repair routine started for reinitialization
[2026.02.12-16.23.20:583][110]FUdpSocketBuilder: Failed to subscribe UdpMessageMulticastSocket to multicast group 230.0.0.1 on interface 0.0.0.0
[2026.02.12-16.23.20:583][110]FUdpSocketBuilder: Failed to create and initialize socket UdpMessageMulticastSocket (last error: 0)
[2026.02.12-16.23.20:583][110]LogUdpMessaging: Warning: StartTransport failed to create multicast socket on 0.0.0.0:0, joined to 230.0.0.1:6666 with TTL 1
[2026.02.12-16.23.20:602][111]LogUdpMessaging: Warning: UDP messaging encountered an error. Auto repair routine started for reinitialization
[2026.02.12-16.23.22:701][231]FUdpSocketBuilder: Failed to subscribe UdpMessageMulticastSocket to multicast group 230.0.0.1 on interface 0.0.0.0
[2026.02.12-16.23.22:701][231]FUdpSocketBuilder: Failed to create and initialize socket UdpMessageMulticastSocket (last error: 0)
[2026.02.12-16.23.22:701][231]LogUdpMessaging: Warning: StartTransport failed to create multicast socket on 0.0.0.0:0, joined to 230.0.0.1:6666 with TTL 1
[2026.02.12-16.23.22:725][232]LogUdpMessaging: Warning: UDP messaging encountered an error. Auto repair routine started for reinitialization
[2026.02.12-16.23.24:821][352]FUdpSocketBuilder: Failed to subscribe UdpMessageMulticastSocket to multicast group 230.0.0.1 on interface 0.0.0.0
[2026.02.12-16.23.24:821][352]FUdpSocketBuilder: Failed to create and initialize socket UdpMessageMulticastSocket (last error: 0)
[2026.02.12-16.23.24:821][352]LogUdpMessaging: Warning: StartTransport failed to create multicast socket on 0.0.0.0:0, joined to 230.0.0.1:6666 with TTL 1
[2026.02.12-16.23.24:840][353]LogUdpMessaging: Warning: UDP messaging encountered an error. Auto repair routine started for reinitialization
[2026.02.12-16.23.26:234][411]FUdpSocketBuilder: Failed to subscribe UdpMessageMulticastSocket to multicast group 230.0.0.1 on interface 0.0.0.0
[2026.02.12-16.23.26:234][411]FUdpSocketBuilder: Failed to create and initialize socket UdpMessageMulticastSocket (last error: 0)
[2026.02.12-16.23.26:235][411]LogUdpMessaging: Warning: StartTransport failed to create multicast socket on 0.0.0.0:0, joined to 230.0.0.1:6666 with TTL 1
[2026.02.12-16.23.26:446][411]LogUdpMessaging: Warning: UDP messaging encountered an error. Auto repair routine started for reinitialization
[2026.02.12-16.23.28:248][417]FUdpSocketBuilder: Failed to subscribe UdpMessageMulticastSocket to multicast group 230.0.0.1 on interface 0.0.0.0
[2026.02.12-16.23.28:248][417]FUdpSocketBuilder: Failed to create and initialize socket UdpMessageMulticastSocket (last error: 0)
[2026.02.12-16.23.28:249][417]LogUdpMessaging: Warning: StartTransport failed to create multicast socket on 0.0.0.0:0, joined to 230.0.0.1:6666 with TTL 1
[2026.02.12-16.23.28:466][417]LogUdpMessaging: Warning: UDP messaging encountered an error. Auto repair routine started for reinitialization
[2026.02.12-16.23.30:268][423]FUdpSocketBuilder: Failed to subscribe UdpMessageMulticastSocket to multicast group 230.0.0.1 on interface 0.0.0.0
[2026.02.12-16.23.30:268][423]FUdpSocketBuilder: Failed to create and initialize socket UdpMessageMulticastSocket (last error: 0)
[2026.02.12-16.23.30:268][423]LogUdpMessaging: Warning: StartTransport failed to create multicast socket on 0.0.0.0:0, joined to 230.0.0.1:6666 with TTL 1
[2026.02.12-16.23.30:463][423]LogUdpMessaging: Warning: UDP messaging encountered an error. Auto repair routine started for reinitialization
[2026.02.12-16.23.32:283][523]FUdpSocketBuilder: Failed to subscribe UdpMessageMulticastSocket to multicast group 230.0.0.1 on interface 0.0.0.0
[2026.02.12-16.23.32:283][523]FUdpSocketBuilder: Failed to create and initialize socket UdpMessageMulticastSocket (last error: 0)
[2026.02.12-16.23.32:284][523]LogUdpMessaging: Warning: StartTransport failed to create multicast socket on 0.0.0.0:0, joined to 230.0.0.1:6666 with TTL 1
[2026.02.12-16.23.32:300][524]LogUdpMessaging: Warning: UDP messaging encountered an error. Auto repair routine started for reinitialization
[2026.02.12-16.23.34:301][634]FUdpSocketBuilder: Failed to subscribe UdpMessageMulticastSocket to multicast group 230.0.0.1 on interface 0.0.0.0
[2026.02.12-16.23.34:301][634]FUdpSocketBuilder: Failed to create and initialize socket UdpMessageMulticastSocket (last error: 0)
[2026.02.12-16.23.34:301][634]LogUdpMessaging: Warning: StartTransport failed to create multicast socket on 0.0.0.0:0, joined to 230.0.0.1:6666 with TTL 1
[2026.02.12-16.23.34:318][635]LogUdpMessaging: Warning: UDP messaging encountered an error. Auto repair routine started for reinitialization
[2026.02.12-16.23.36:319][744]FUdpSocketBuilder: Failed to subscribe UdpMessageMulticastSocket to multicast group 230.0.0.1 on interface 0.0.0.0
[2026.02.12-16.23.36:319][744]FUdpSocketBuilder: Failed to create and initialize socket UdpMessageMulticastSocket (last error: 0)
[2026.02.12-16.23.36:319][744]LogUdpMessaging: Warning: StartTransport failed to create multicast socket on 0.0.0.0:0, joined to 230.0.0.1:6666 with TTL 1
[2026.02.12-16.23.36:342][745]LogUdpMessaging: Warning: UDP messaging encountered an error. Auto repair routine started for reinitialization
[2026.02.12-16.23.38:438][864]FUdpSocketBuilder: Failed to subscribe UdpMessageMulticastSocket to multicast group 230.0.0.1 on interface 0.0.0.0
[2026.02.12-16.23.38:438][864]FUdpSocketBuilder: Failed to create and initialize socket UdpMessageMulticastSocket (last error: 0)
[2026.02.12-16.23.38:438][864]LogUdpMessaging: Warning: StartTransport failed to create multicast socket on 0.0.0.0:0, joined to 230.0.0.1:6666 with TTL 1
[2026.02.12-16.23.38:455][865]LogUdpMessaging: Warning: UDP messaging encountered an error. Auto repair routine started for reinitialization
[2026.02.12-16.23.40:459][979]FUdpSocketBuilder: Failed to subscribe UdpMessageMulticastSocket to multicast group 230.0.0.1 on interface 0.0.0.0
[2026.02.12-16.23.40:459][979]FUdpSocketBuilder: Failed to create and initialize socket UdpMessageMulticastSocket (last error: 0)
[2026.02.12-16.23.40:459][979]LogUdpMessaging: Warning: StartTransport failed to create multicast socket on 0.0.0.0:0, joined to 230.0.0.1:6666 with TTL 1
[2026.02.12-16.23.40:481][980]LogUdpMessaging: Warning: UDP messaging encountered an error. Auto repair routine started for reinitialization
[2026.02.12-16.23.42:679][ 98]FUdpSocketBuilder: Failed to subscribe UdpMessageMulticastSocket to multicast group 230.0.0.1 on interface 0.0.0.0
[2026.02.12-16.23.42:679][ 98]FUdpSocketBuilder: Failed to create and initialize socket UdpMessageMulticastSocket (last error: 0)
[2026.02.12-16.23.42:679][ 98]LogUdpMessaging: Warning: StartTransport failed to create multicast socket on 0.0.0.0:0, joined to 230.0.0.1:6666 with TTL 1
[2026.02.12-16.23.42:695][ 99]LogUdpMessaging: Warning: UDP messaging encountered an error. Auto repair routine started for reinitialization
[2026.02.12-16.23.44:696][200]FUdpSocketBuilder: Failed to subscribe UdpMessageMulticastSocket to multicast group 230.0.0.1 on interface 0.0.0.0
[2026.02.12-16.23.44:696][200]FUdpSocketBuilder: Failed to create and initialize socket UdpMessageMulticastSocket (last error: 0)
[2026.02.12-16.23.44:696][200]LogUdpMessaging: Warning: StartTransport failed to create multicast socket on 0.0.0.0:0, joined to 230.0.0.1:6666 with TTL 1
[2026.02.12-16.23.44:715][201]LogUdpMessaging: Warning: UDP messaging encountered an error. Auto repair routine started for reinitialization
[2026.02.12-16.23.46:815][321]FUdpSocketBuilder: Failed to subscribe UdpMessageMulticastSocket to multicast group 230.0.0.1 on interface 0.0.0.0
[2026.02.12-16.23.46:815][321]FUdpSocketBuilder: Failed to create and initialize socket UdpMessageMulticastSocket (last error: 0)
[2026.02.12-16.23.46:815][321]LogUdpMessaging: Warning: StartTransport failed to create multicast socket on 0.0.0.0:0, joined to 230.0.0.1:6666 with TTL 1
[2026.02.12-16.23.46:835][322]LogUdpMessaging: Warning: UDP messaging encountered an error. Auto repair routine started for reinitialization
[2026.02.12-16.23.49:032][439]FUdpSocketBuilder: Failed to subscribe UdpMessageMulticastSocket to multicast group 230.0.0.1 on interface 0.0.0.0
[2026.02.12-16.23.49:032][439]FUdpSocketBuilder: Failed to create and initialize socket UdpMessageMulticastSocket (last error: 0)
[2026.02.12-16.23.49:032][439]LogUdpMessaging: Warning: StartTransport failed to create multicast socket on 0.0.0.0:0, joined to 230.0.0.1:6666 with TTL 1
[2026.02.12-16.23.49:073][440]LogUdpMessaging: Warning: UDP messaging encountered an error. Auto repair routine started for reinitialization
[2026.02.12-16.23.51:047][545]FUdpSocketBuilder: Failed to subscribe UdpMessageMulticastSocket to multicast group 230.0.0.1 on interface 0.0.0.0
[2026.02.12-16.23.51:047][545]FUdpSocketBuilder: Failed to create and initialize socket UdpMessageMulticastSocket (last error: 0)
[2026.02.12-16.23.51:047][545]LogUdpMessaging: Warning: StartTransport failed to create multicast socket on 0.0.0.0:0, joined to 230.0.0.1:6666 with TTL 1
[2026.02.12-16.23.51:070][546]LogUdpMessaging: Warning: UDP messaging encountered an error. Auto repair routine started for reinitialization
[2026.02.12-16.23.52:262][605]FUdpSocketBuilder: Failed to subscribe UdpMessageMulticastSocket to multicast group 230.0.0.1 on interface 0.0.0.0
[2026.02.12-16.23.52:262][605]FUdpSocketBuilder: Failed to create and initialize socket UdpMessageMulticastSocket (last error: 0)
[2026.02.12-16.23.52:262][605]LogUdpMessaging: Warning: StartTransport failed to create multicast socket on 0.0.0.0:0, joined to 230.0.0.1:6666 with TTL 1
[2026.02.12-16.23.52:284][606]LogUdpMessaging: Warning: UDP messaging encountered an error. Auto repair routine started for reinitialization
[2026.02.12-16.23.53:474][666]FUdpSocketBuilder: Failed to subscribe UdpMessageMulticastSocket to multicast group 230.0.0.1 on interface 0.0.0.0
[2026.02.12-16.23.53:474][666]FUdpSocketBuilder: Failed to create and initialize socket UdpMessageMulticastSocket (last error: 0)
[2026.02.12-16.23.53:474][666]LogUdpMessaging: Warning: StartTransport failed to create multicast socket on 0.0.0.0:0, joined to 230.0.0.1:6666 with TTL 1
[2026.02.12-16.23.53:496][667]LogUdpMessaging: Warning: UDP messaging encountered an error. Auto repair routine started for reinitialization
[2026.02.12-16.23.55:593][787]FUdpSocketBuilder: Failed to subscribe UdpMessageMulticastSocket to multicast group 230.0.0.1 on interface 0.0.0.0
[2026.02.12-16.23.55:593][787]FUdpSocketBuilder: Failed to create and initialize socket UdpMessageMulticastSocket (last error: 0)
[2026.02.12-16.23.55:593][787]LogUdpMessaging: Warning: StartTransport failed to create multicast socket on 0.0.0.0:0, joined to 230.0.0.1:6666 with TTL 1
[2026.02.12-16.23.55:616][788]LogUdpMessaging: Warning: UDP messaging encountered an error. Auto repair routine started for reinitialization
[2026.02.12-16.23.57:710][908]FUdpSocketBuilder: Failed to subscribe UdpMessageMulticastSocket to multicast group 230.0.0.1 on interface 0.0.0.0
[2026.02.12-16.23.57:710][908]FUdpSocketBuilder: Failed to create and initialize socket UdpMessageMulticastSocket (last error: 0)
[2026.02.12-16.23.57:710][908]LogUdpMessaging: Warning: StartTransport failed to create multicast socket on 0.0.0.0:0, joined to 230.0.0.1:6666 with TTL 1
[2026.02.12-16.23.57:731][909]LogUdpMessaging: Warning: UDP messaging encountered an error. Auto repair routine started for reinitialization
[2026.02.12-16.23.59:827][ 29]FUdpSocketBuilder: Failed to subscribe UdpMessageMulticastSocket to multicast group 230.0.0.1 on interface 0.0.0.0
[2026.02.12-16.23.59:827][ 29]FUdpSocketBuilder: Failed to create and initialize socket UdpMessageMulticastSocket (last error: 0)
[2026.02.12-16.23.59:827][ 29]LogUdpMessaging: Warning: StartTransport failed to create multicast socket on 0.0.0.0:0, joined to 230.0.0.1:6666 with TTL 1
[2026.02.12-16.23.59:847][ 30]LogUdpMessaging: Warning: UDP messaging encountered an error. Auto repair routine started for reinitialization
[2026.02.12-16.24.01:942][150]FUdpSocketBuilder: Failed to subscribe UdpMessageMulticastSocket to multicast group 230.0.0.1 on interface 0.0.0.0
[2026.02.12-16.24.01:942][150]FUdpSocketBuilder: Failed to create and initialize socket UdpMessageMulticastSocket (last error: 0)
[2026.02.12-16.24.01:942][150]LogUdpMessaging: Warning: StartTransport failed to create multicast socket on 0.0.0.0:0, joined to 230.0.0.1:6666 with TTL 1
[2026.02.12-16.24.01:965][151]LogUdpMessaging: Warning: UDP messaging encountered an error. Auto repair routine started for reinitialization
[2026.02.12-16.24.04:164][271]FUdpSocketBuilder: Failed to subscribe UdpMessageMulticastSocket to multicast group 230.0.0.1 on interface 0.0.0.0
[2026.02.12-16.24.04:164][271]FUdpSocketBuilder: Failed to create and initialize socket UdpMessageMulticastSocket (last error: 0)
[2026.02.12-16.24.04:164][271]LogUdpMessaging: Warning: StartTransport failed to create multicast socket on 0.0.0.0:0, joined to 230.0.0.1:6666 with TTL 1
[2026.02.12-16.24.04:182][271]LogUdpMessaging: Warning: UDP messaging encountered an error. Auto repair routine started for reinitialization
[2026.02.12-16.24.06:182][379]FUdpSocketBuilder: Failed to subscribe UdpMessageMulticastSocket to multicast group 230.0.0.1 on interface 0.0.0.0
[2026.02.12-16.24.06:182][379]FUdpSocketBuilder: Failed to create and initialize socket UdpMessageMulticastSocket (last error: 0)
[2026.02.12-16.24.06:182][379]LogUdpMessaging: Warning: StartTransport failed to create multicast socket on 0.0.0.0:0, joined to 230.0.0.1:6666 with TTL 1
[2026.02.12-16.24.06:204][380]LogUdpMessaging: Warning: UDP messaging encountered an error. Auto repair routine started for reinitialization
[2026.02.12-16.24.07:395][405]FUdpSocketBuilder: Failed to subscribe UdpMessageMulticastSocket to multicast group 230.0.0.1 on interface 0.0.0.0
[2026.02.12-16.24.07:395][405]FUdpSocketBuilder: Failed to create and initialize socket UdpMessageMulticastSocket (last error: 0)
[2026.02.12-16.24.07:395][405]LogUdpMessaging: Warning: StartTransport failed to create multicast socket on 0.0.0.0:0, joined to 230.0.0.1:6666 with TTL 1
[2026.02.12-16.24.07:581][405]LogUdpMessaging: Warning: UDP messaging encountered an error. Auto repair routine started for reinitialization
[2026.02.12-16.24.09:414][411]FUdpSocketBuilder: Failed to subscribe UdpMessageMulticastSocket to multicast group 230.0.0.1 on interface 0.0.0.0
[2026.02.12-16.24.09:414][411]FUdpSocketBuilder: Failed to create and initialize socket UdpMessageMulticastSocket (last error: 0)
[2026.02.12-16.24.09:414][411]LogUdpMessaging: Warning: StartTransport failed to create multicast socket on 0.0.0.0:0, joined to 230.0.0.1:6666 with TTL 1
[2026.02.12-16.24.09:584][411]LogUdpMessaging: Warning: UDP messaging encountered an error. Auto repair routine started for reinitialization
[2026.02.12-16.24.11:433][417]FUdpSocketBuilder: Failed to subscribe UdpMessageMulticastSocket to multicast group 230.0.0.1 on interface 0.0.0.0
[2026.02.12-16.24.11:433][417]FUdpSocketBuilder: Failed to create and initialize socket UdpMessageMulticastSocket (last error: 0)
[2026.02.12-16.24.11:433][417]LogUdpMessaging: Warning: StartTransport failed to create multicast socket on 0.0.0.0:0, joined to 230.0.0.1:6666 with TTL 1
[2026.02.12-16.24.11:595][417]LogUdpMessaging: Warning: UDP messaging encountered an error. Auto repair routine started for reinitialization
[2026.02.12-16.24.13:450][423]FUdpSocketBuilder: Failed to subscribe UdpMessageMulticastSocket to multicast group 230.0.0.1 on interface 0.0.0.0
[2026.02.12-16.24.13:450][423]FUdpSocketBuilder: Failed to create and initialize socket UdpMessageMulticastSocket (last error: 0)
[2026.02.12-16.24.13:450][423]LogUdpMessaging: Warning: StartTransport failed to create multicast socket on 0.0.0.0:0, joined to 230.0.0.1:6666 with TTL 1
[2026.02.12-16.24.13:611][423]LogUdpMessaging: Warning: UDP messaging encountered an error. Auto repair routine started for reinitialization
[2026.02.12-16.24.15:466][429]FUdpSocketBuilder: Failed to subscribe UdpMessageMulticastSocket to multicast group 230.0.0.1 on interface 0.0.0.0
[2026.02.12-16.24.15:466][429]FUdpSocketBuilder: Failed to create and initialize socket UdpMessageMulticastSocket (last error: 0)
[2026.02.12-16.24.15:466][429]LogUdpMessaging: Warning: StartTransport failed to create multicast socket on 0.0.0.0:0, joined to 230.0.0.1:6666 with TTL 1
[2026.02.12-16.24.15:615][429]LogUdpMessaging: Warning: UDP messaging encountered an error. Auto repair routine started for reinitialization
[2026.02.12-16.24.17:484][435]FUdpSocketBuilder: Failed to subscribe UdpMessageMulticastSocket to multicast group 230.0.0.1 on interface 0.0.0.0
[2026.02.12-16.24.17:484][435]FUdpSocketBuilder: Failed to create and initialize socket UdpMessageMulticastSocket (last error: 0)
[2026.02.12-16.24.17:484][435]LogUdpMessaging: Warning: StartTransport failed to create multicast socket on 0.0.0.0:0, joined to 230.0.0.1:6666 with TTL 1
[2026.02.12-16.24.17:625][435]LogUdpMessaging: Warning: UDP messaging encountered an error. Auto repair routine started for reinitialization
[2026.02.12-16.24.19:501][441]FUdpSocketBuilder: Failed to subscribe UdpMessageMulticastSocket to multicast group 230.0.0.1 on interface 0.0.0.0
[2026.02.12-16.24.19:501][441]FUdpSocketBuilder: Failed to create and initialize socket UdpMessageMulticastSocket (last error: 0)
[2026.02.12-16.24.19:501][441]LogUdpMessaging: Warning: StartTransport failed to create multicast socket on 0.0.0.0:0, joined to 230.0.0.1:6666 with TTL 1
[2026.02.12-16.24.19:641][441]LogUdpMessaging: Warning: UDP messaging encountered an error. Auto repair routine started for reinitialization
[2026.02.12-16.24.21:421][447]FUdpSocketBuilder: Failed to subscribe UdpMessageMulticastSocket to multicast group 230.0.0.1 on interface 0.0.0.0
[2026.02.12-16.24.21:421][447]FUdpSocketBuilder: Failed to create and initialize socket UdpMessageMulticastSocket (last error: 0)
[2026.02.12-16.24.21:421][447]LogUdpMessaging: Warning: StartTransport failed to create multicast socket on 0.0.0.0:0, joined to 230.0.0.1:6666 with TTL 1
[2026.02.12-16.24.21:642][447]LogUdpMessaging: Warning: UDP messaging encountered an error. Auto repair routine started for reinitialization
[2026.02.12-16.24.23:439][453]FUdpSocketBuilder: Failed to subscribe UdpMessageMulticastSocket to multicast group 230.0.0.1 on interface 0.0.0.0
[2026.02.12-16.24.23:439][453]FUdpSocketBuilder: Failed to create and initialize socket UdpMessageMulticastSocket (last error: 0)
[2026.02.12-16.24.23:439][453]LogUdpMessaging: Warning: StartTransport failed to create multicast socket on 0.0.0.0:0, joined to 230.0.0.1:6666 with TTL 1
[2026.02.12-16.24.23:647][453]LogUdpMessaging: Warning: UDP messaging encountered an error. Auto repair routine started for reinitialization
[2026.02.12-16.24.25:458][459]FUdpSocketBuilder: Failed to subscribe UdpMessageMulticastSocket to multicast group 230.0.0.1 on interface 0.0.0.0
[2026.02.12-16.24.25:458][459]FUdpSocketBuilder: Failed to create and initialize socket UdpMessageMulticastSocket (last error: 0)
[2026.02.12-16.24.25:458][459]LogUdpMessaging: Warning: StartTransport failed to create multicast socket on 0.0.0.0:0, joined to 230.0.0.1:6666 with TTL 1
[2026.02.12-16.24.25:652][459]LogUdpMessaging: Warning: UDP messaging encountered an error. Auto repair routine started for reinitialization
[2026.02.12-16.24.27:473][465]FUdpSocketBuilder: Failed to subscribe UdpMessageMulticastSocket to multicast group 230.0.0.1 on interface 0.0.0.0
[2026.02.12-16.24.27:473][465]FUdpSocketBuilder: Failed to create and initialize socket UdpMessageMulticastSocket (last error: 0)
[2026.02.12-16.24.27:473][465]LogUdpMessaging: Warning: StartTransport failed to create multicast socket on 0.0.0.0:0, joined to 230.0.0.1:6666 with TTL 1
[2026.02.12-16.24.27:658][465]LogUdpMessaging: Warning: UDP messaging encountered an error. Auto repair routine started for reinitialization
[2026.02.12-16.24.29:492][471]FUdpSocketBuilder: Failed to subscribe UdpMessageMulticastSocket to multicast group 230.0.0.1 on interface 0.0.0.0
[2026.02.12-16.24.29:492][471]FUdpSocketBuilder: Failed to create and initialize socket UdpMessageMulticastSocket (last error: 0)
[2026.02.12-16.24.29:492][471]LogUdpMessaging: Warning: StartTransport failed to create multicast socket on 0.0.0.0:0, joined to 230.0.0.1:6666 with TTL 1
[2026.02.12-16.24.29:667][471]LogUdpMessaging: Warning: UDP messaging encountered an error. Auto repair routine started for reinitialization
[2026.02.12-16.24.31:509][477]FUdpSocketBuilder: Failed to subscribe UdpMessageMulticastSocket to multicast group 230.0.0.1 on interface 0.0.0.0
[2026.02.12-16.24.31:509][477]FUdpSocketBuilder: Failed to create and initialize socket UdpMessageMulticastSocket (last error: 0)
[2026.02.12-16.24.31:509][477]LogUdpMessaging: Warning: StartTransport failed to create multicast socket on 0.0.0.0:0, joined to 230.0.0.1:6666 with TTL 1
[2026.02.12-16.24.31:681][477]LogUdpMessaging: Warning: UDP messaging encountered an error. Auto repair routine started for reinitialization
[2026.02.12-16.24.33:527][483]FUdpSocketBuilder: Failed to subscribe UdpMessageMulticastSocket to multicast group 230.0.0.1 on interface 0.0.0.0
[2026.02.12-16.24.33:527][483]FUdpSocketBuilder: Failed to create and initialize socket UdpMessageMulticastSocket (last error: 0)
[2026.02.12-16.24.33:527][483]LogUdpMessaging: Warning: StartTransport failed to create multicast socket on 0.0.0.0:0, joined to 230.0.0.1:6666 with TTL 1
[2026.02.12-16.24.33:693][483]LogUdpMessaging: Warning: UDP messaging encountered an error. Auto repair routine started for reinitialization
[2026.02.12-16.24.35:550][489]FUdpSocketBuilder: Failed to subscribe UdpMessageMulticastSocket to multicast group 230.0.0.1 on interface 0.0.0.0
[2026.02.12-16.24.35:550][489]FUdpSocketBuilder: Failed to create and initialize socket UdpMessageMulticastSocket (last error: 0)
[2026.02.12-16.24.35:550][489]LogUdpMessaging: Warning: StartTransport failed to create multicast socket on 0.0.0.0:0, joined to 230.0.0.1:6666 with TTL 1
[2026.02.12-16.24.35:702][489]LogUdpMessaging: Warning: UDP messaging encountered an error. Auto repair routine started for reinitialization
[2026.02.12-16.24.37:473][494]LogUObjectHash: Compacting FUObjectHashTables data took   2.62ms
[2026.02.12-16.24.37:476][494]LogFileHelpers: Editor autosave (incl. external actors) for '/Game/Levels/Main' took 0.042
[2026.02.12-16.24.37:476][494]OBJ SavePackage: Generating thumbnails for [0] asset(s) in package [/Game/BluePrintClass/W_PlayerHUD] ([2] browsable assets)...
[2026.02.12-16.24.37:476][494]OBJ SavePackage: Finished generating thumbnails for package [/Game/BluePrintClass/W_PlayerHUD]
[2026.02.12-16.24.37:481][494]LogSavePackage: Moving '../../../../../Repozytoria/UE 4.27/KZ_TopDownShooter/TopDownAC/Saved/W_PlayerHUD_Auto9B50FB15D4D1E58CC1898A8976564C7E5.tmp' to '../../../../../Repozytoria/UE 4.27/KZ_TopDownShooter/TopDownAC/Saved/Autosaves/Game/BluePrintClass/W_PlayerHUD_Auto9.uasset'
[2026.02.12-16.24.37:481][494]LogFileHelpers: Auto-saving content packages took 0.005
[2026.02.12-16.24.37:668][495]FUdpSocketBuilder: Failed to subscribe UdpMessageMulticastSocket to multicast group 230.0.0.1 on interface 0.0.0.0
[2026.02.12-16.24.37:668][495]FUdpSocketBuilder: Failed to create and initialize socket UdpMessageMulticastSocket (last error: 0)
[2026.02.12-16.24.37:668][495]LogUdpMessaging: Warning: StartTransport failed to create multicast socket on 0.0.0.0:0, joined to 230.0.0.1:6666 with TTL 1
[2026.02.12-16.24.37:713][495]LogUdpMessaging: Warning: UDP messaging encountered an error. Auto repair routine started for reinitialization
[2026.02.12-16.24.39:583][501]FUdpSocketBuilder: Failed to subscribe UdpMessageMulticastSocket to multicast group 230.0.0.1 on interface 0.0.0.0
[2026.02.12-16.24.39:583][501]FUdpSocketBuilder: Failed to create and initialize socket UdpMessageMulticastSocket (last error: 0)
[2026.02.12-16.24.39:583][501]LogUdpMessaging: Warning: StartTransport failed to create multicast socket on 0.0.0.0:0, joined to 230.0.0.1:6666 with TTL 1
[2026.02.12-16.24.39:731][501]LogUdpMessaging: Warning: UDP messaging encountered an error. Auto repair routine started for reinitialization
[2026.02.12-16.24.41:603][507]FUdpSocketBuilder: Failed to subscribe UdpMessageMulticastSocket to multicast group 230.0.0.1 on interface 0.0.0.0
[2026.02.12-16.24.41:603][507]FUdpSocketBuilder: Failed to create and initialize socket UdpMessageMulticastSocket (last error: 0)
[2026.02.12-16.24.41:603][507]LogUdpMessaging: Warning: StartTransport failed to create multicast socket on 0.0.0.0:0, joined to 230.0.0.1:6666 with TTL 1
[2026.02.12-16.24.41:755][507]LogUdpMessaging: Warning: UDP messaging encountered an error. Auto repair routine started for reinitialization
[2026.02.12-16.24.43:621][513]FUdpSocketBuilder: Failed to subscribe UdpMessageMulticastSocket to multicast group 230.0.0.1 on interface 0.0.0.0
[2026.02.12-16.24.43:621][513]FUdpSocketBuilder: Failed to create and initialize socket UdpMessageMulticastSocket (last error: 0)
[2026.02.12-16.24.43:621][513]LogUdpMessaging: Warning: StartTransport failed to create multicast socket on 0.0.0.0:0, joined to 230.0.0.1:6666 with TTL 1
[2026.02.12-16.24.43:772][513]LogUdpMessaging: Warning: UDP messaging encountered an error. Auto repair routine started for reinitialization
[2026.02.12-16.24.45:641][519]FUdpSocketBuilder: Failed to subscribe UdpMessageMulticastSocket to multicast group 230.0.0.1 on interface 0.0.0.0
[2026.02.12-16.24.45:641][519]FUdpSocketBuilder: Failed to create and initialize socket UdpMessageMulticastSocket (last error: 0)
[2026.02.12-16.24.45:641][519]LogUdpMessaging: Warning: StartTransport failed to create multicast socket on 0.0.0.0:0, joined to 230.0.0.1:6666 with TTL 1
[2026.02.12-16.24.45:778][519]LogUdpMessaging: Warning: UDP messaging encountered an error. Auto repair routine started for reinitialization
[2026.02.12-16.24.47:657][525]FUdpSocketBuilder: Failed to subscribe UdpMessageMulticastSocket to multicast group 230.0.0.1 on interface 0.0.0.0
[2026.02.12-16.24.47:657][525]FUdpSocketBuilder: Failed to create and initialize socket UdpMessageMulticastSocket (last error: 0)
[2026.02.12-16.24.47:657][525]LogUdpMessaging: Warning: StartTransport failed to create multicast socket on 0.0.0.0:0, joined to 230.0.0.1:6666 with TTL 1
[2026.02.12-16.24.47:792][525]LogUdpMessaging: Warning: UDP messaging encountered an error. Auto repair routine started for reinitialization
[2026.02.12-16.24.49:674][531]FUdpSocketBuilder: Failed to subscribe UdpMessageMulticastSocket to multicast group 230.0.0.1 on interface 0.0.0.0
[2026.02.12-16.24.49:674][531]FUdpSocketBuilder: Failed to create and initialize socket UdpMessageMulticastSocket (last error: 0)
[2026.02.12-16.24.49:674][531]LogUdpMessaging: Warning: StartTransport failed to create multicast socket on 0.0.0.0:0, joined to 230.0.0.1:6666 with TTL 1
[2026.02.12-16.24.49:804][531]LogUdpMessaging: Warning: UDP messaging encountered an error. Auto repair routine started for reinitialization
[2026.02.12-16.24.51:595][537]FUdpSocketBuilder: Failed to subscribe UdpMessageMulticastSocket to multicast group 230.0.0.1 on interface 0.0.0.0
[2026.02.12-16.24.51:595][537]FUdpSocketBuilder: Failed to create and initialize socket UdpMessageMulticastSocket (last error: 0)
[2026.02.12-16.24.51:595][537]LogUdpMessaging: Warning: StartTransport failed to create multicast socket on 0.0.0.0:0, joined to 230.0.0.1:6666 with TTL 1
[2026.02.12-16.24.51:816][537]LogUdpMessaging: Warning: UDP messaging encountered an error. Auto repair routine started for reinitialization
[2026.02.12-16.24.53:617][543]FUdpSocketBuilder: Failed to subscribe UdpMessageMulticastSocket to multicast group 230.0.0.1 on interface 0.0.0.0
[2026.02.12-16.24.53:617][543]FUdpSocketBuilder: Failed to create and initialize socket UdpMessageMulticastSocket (last error: 0)
[2026.02.12-16.24.53:617][543]LogUdpMessaging: Warning: StartTransport failed to create multicast socket on 0.0.0.0:0, joined to 230.0.0.1:6666 with TTL 1
[2026.02.12-16.24.53:830][543]LogUdpMessaging: Warning: UDP messaging encountered an error. Auto repair routine started for reinitialization
[2026.02.12-16.24.55:636][549]FUdpSocketBuilder: Failed to subscribe UdpMessageMulticastSocket to multicast group 230.0.0.1 on interface 0.0.0.0
[2026.02.12-16.24.55:636][549]FUdpSocketBuilder: Failed to create and initialize socket UdpMessageMulticastSocket (last error: 0)
[2026.02.12-16.24.55:636][549]LogUdpMessaging: Warning: StartTransport failed to create multicast socket on 0.0.0.0:0, joined to 230.0.0.1:6666 with TTL 1
[2026.02.12-16.24.55:836][549]LogUdpMessaging: Warning: UDP messaging encountered an error. Auto repair routine started for reinitialization
[2026.02.12-16.24.57:657][555]FUdpSocketBuilder: Failed to subscribe UdpMessageMulticastSocket to multicast group 230.0.0.1 on interface 0.0.0.0
[2026.02.12-16.24.57:657][555]FUdpSocketBuilder: Failed to create and initialize socket UdpMessageMulticastSocket (last error: 0)
[2026.02.12-16.24.57:657][555]LogUdpMessaging: Warning: StartTransport failed to create multicast socket on 0.0.0.0:0, joined to 230.0.0.1:6666 with TTL 1
[2026.02.12-16.24.57:843][555]LogUdpMessaging: Warning: UDP messaging encountered an error. Auto repair routine started for reinitialization
[2026.02.12-16.24.59:678][561]FUdpSocketBuilder: Failed to subscribe UdpMessageMulticastSocket to multicast group 230.0.0.1 on interface 0.0.0.0
[2026.02.12-16.24.59:678][561]FUdpSocketBuilder: Failed to create and initialize socket UdpMessageMulticastSocket (last error: 0)
[2026.02.12-16.24.59:678][561]LogUdpMessaging: Warning: StartTransport failed to create multicast socket on 0.0.0.0:0, joined to 230.0.0.1:6666 with TTL 1
[2026.02.12-16.24.59:850][561]LogUdpMessaging: Warning: UDP messaging encountered an error. Auto repair routine started for reinitialization
[2026.02.12-16.25.01:698][567]FUdpSocketBuilder: Failed to subscribe UdpMessageMulticastSocket to multicast group 230.0.0.1 on interface 0.0.0.0
[2026.02.12-16.25.01:698][567]FUdpSocketBuilder: Failed to create and initialize socket UdpMessageMulticastSocket (last error: 0)
[2026.02.12-16.25.01:698][567]LogUdpMessaging: Warning: StartTransport failed to create multicast socket on 0.0.0.0:0, joined to 230.0.0.1:6666 with TTL 1
[2026.02.12-16.25.01:858][567]LogUdpMessaging: Warning: UDP messaging encountered an error. Auto repair routine started for reinitialization
[2026.02.12-16.25.03:716][573]FUdpSocketBuilder: Failed to subscribe UdpMessageMulticastSocket to multicast group 230.0.0.1 on interface 0.0.0.0
[2026.02.12-16.25.03:716][573]FUdpSocketBuilder: Failed to create and initialize socket UdpMessageMulticastSocket (last error: 0)
[2026.02.12-16.25.03:716][573]LogUdpMessaging: Warning: StartTransport failed to create multicast socket on 0.0.0.0:0, joined to 230.0.0.1:6666 with TTL 1
[2026.02.12-16.25.03:862][573]LogUdpMessaging: Warning: UDP messaging encountered an error. Auto repair routine started for reinitialization
[2026.02.12-16.25.05:733][579]FUdpSocketBuilder: Failed to subscribe UdpMessageMulticastSocket to multicast group 230.0.0.1 on interface 0.0.0.0
[2026.02.12-16.25.05:733][579]FUdpSocketBuilder: Failed to create and initialize socket UdpMessageMulticastSocket (last error: 0)
[2026.02.12-16.25.05:735][579]LogUdpMessaging: Warning: StartTransport failed to create multicast socket on 0.0.0.0:0, joined to 230.0.0.1:6666 with TTL 1
[2026.02.12-16.25.05:873][579]LogUdpMessaging: Warning: UDP messaging encountered an error. Auto repair routine started for reinitialization
[2026.02.12-16.25.07:652][585]FUdpSocketBuilder: Failed to subscribe UdpMessageMulticastSocket to multicast group 230.0.0.1 on interface 0.0.0.0
[2026.02.12-16.25.07:652][585]FUdpSocketBuilder: Failed to create and initialize socket UdpMessageMulticastSocket (last error: 0)
[2026.02.12-16.25.07:652][585]LogUdpMessaging: Warning: StartTransport failed to create multicast socket on 0.0.0.0:0, joined to 230.0.0.1:6666 with TTL 1
[2026.02.12-16.25.07:874][585]LogUdpMessaging: Warning: UDP messaging encountered an error. Auto repair routine started for reinitialization
[2026.02.12-16.25.09:671][591]FUdpSocketBuilder: Failed to subscribe UdpMessageMulticastSocket to multicast group 230.0.0.1 on interface 0.0.0.0
[2026.02.12-16.25.09:672][591]FUdpSocketBuilder: Failed to create and initialize socket UdpMessageMulticastSocket (last error: 0)
[2026.02.12-16.25.09:672][591]LogUdpMessaging: Warning: StartTransport failed to create multicast socket on 0.0.0.0:0, joined to 230.0.0.1:6666 with TTL 1
[2026.02.12-16.25.09:880][591]LogUdpMessaging: Warning: UDP messaging encountered an error. Auto repair routine started for reinitialization
[2026.02.12-16.25.11:688][597]FUdpSocketBuilder: Failed to subscribe UdpMessageMulticastSocket to multicast group 230.0.0.1 on interface 0.0.0.0
[2026.02.12-16.25.11:688][597]FUdpSocketBuilder: Failed to create and initialize socket UdpMessageMulticastSocket (last error: 0)
[2026.02.12-16.25.11:688][597]LogUdpMessaging: Warning: StartTransport failed to create multicast socket on 0.0.0.0:0, joined to 230.0.0.1:6666 with TTL 1
[2026.02.12-16.25.11:891][597]LogUdpMessaging: Warning: UDP messaging encountered an error. Auto repair routine started for reinitialization
[2026.02.12-16.25.13:705][603]FUdpSocketBuilder: Failed to subscribe UdpMessageMulticastSocket to multicast group 230.0.0.1 on interface 0.0.0.0
[2026.02.12-16.25.13:705][603]FUdpSocketBuilder: Failed to create and initialize socket UdpMessageMulticastSocket (last error: 0)
[2026.02.12-16.25.13:705][603]LogUdpMessaging: Warning: StartTransport failed to create multicast socket on 0.0.0.0:0, joined to 230.0.0.1:6666 with TTL 1
[2026.02.12-16.25.13:900][603]LogUdpMessaging: Warning: UDP messaging encountered an error. Auto repair routine started for reinitialization
[2026.02.12-16.25.15:723][609]FUdpSocketBuilder: Failed to subscribe UdpMessageMulticastSocket to multicast group 230.0.0.1 on interface 0.0.0.0
[2026.02.12-16.25.15:724][609]FUdpSocketBuilder: Failed to create and initialize socket UdpMessageMulticastSocket (last error: 0)
[2026.02.12-16.25.15:724][609]LogUdpMessaging: Warning: StartTransport failed to create multicast socket on 0.0.0.0:0, joined to 230.0.0.1:6666 with TTL 1
[2026.02.12-16.25.15:908][609]LogUdpMessaging: Warning: UDP messaging encountered an error. Auto repair routine started for reinitialization
[2026.02.12-16.25.17:742][615]FUdpSocketBuilder: Failed to subscribe UdpMessageMulticastSocket to multicast group 230.0.0.1 on interface 0.0.0.0
[2026.02.12-16.25.17:742][615]FUdpSocketBuilder: Failed to create and initialize socket UdpMessageMulticastSocket (last error: 0)
[2026.02.12-16.25.17:742][615]LogUdpMessaging: Warning: StartTransport failed to create multicast socket on 0.0.0.0:0, joined to 230.0.0.1:6666 with TTL 1
[2026.02.12-16.25.17:914][615]LogUdpMessaging: Warning: UDP messaging encountered an error. Auto repair routine started for reinitialization
[2026.02.12-16.25.19:761][621]FUdpSocketBuilder: Failed to subscribe UdpMessageMulticastSocket to multicast group 230.0.0.1 on interface 0.0.0.0
[2026.02.12-16.25.19:761][621]FUdpSocketBuilder: Failed to create and initialize socket UdpMessageMulticastSocket (last error: 0)
[2026.02.12-16.25.19:761][621]LogUdpMessaging: Warning: StartTransport failed to create multicast socket on 0.0.0.0:0, joined to 230.0.0.1:6666 with TTL 1
[2026.02.12-16.25.19:921][621]LogUdpMessaging: Warning: UDP messaging encountered an error. Auto repair routine started for reinitialization
[2026.02.12-16.25.21:779][627]FUdpSocketBuilder: Failed to subscribe UdpMessageMulticastSocket to multicast group 230.0.0.1 on interface 0.0.0.0
[2026.02.12-16.25.21:779][627]FUdpSocketBuilder: Failed to create and initialize socket UdpMessageMulticastSocket (last error: 0)
[2026.02.12-16.25.21:780][627]LogUdpMessaging: Warning: StartTransport failed to create multicast socket on 0.0.0.0:0, joined to 230.0.0.1:6666 with TTL 1
[2026.02.12-16.25.21:927][627]LogUdpMessaging: Warning: UDP messaging encountered an error. Auto repair routine started for reinitialization
[2026.02.12-16.25.23:796][633]FUdpSocketBuilder: Failed to subscribe UdpMessageMulticastSocket to multicast group 230.0.0.1 on interface 0.0.0.0
[2026.02.12-16.25.23:796][633]FUdpSocketBuilder: Failed to create and initialize socket UdpMessageMulticastSocket (last error: 0)
[2026.02.12-16.25.23:796][633]LogUdpMessaging: Warning: StartTransport failed to create multicast socket on 0.0.0.0:0, joined to 230.0.0.1:6666 with TTL 1
[2026.02.12-16.25.23:935][633]LogUdpMessaging: Warning: UDP messaging encountered an error. Auto repair routine started for reinitialization
[2026.02.12-16.25.25:713][639]FUdpSocketBuilder: Failed to subscribe UdpMessageMulticastSocket to multicast group 230.0.0.1 on interface 0.0.0.0
[2026.02.12-16.25.25:713][639]FUdpSocketBuilder: Failed to create and initialize socket UdpMessageMulticastSocket (last error: 0)
[2026.02.12-16.25.25:713][639]LogUdpMessaging: Warning: StartTransport failed to create multicast socket on 0.0.0.0:0, joined to 230.0.0.1:6666 with TTL 1
[2026.02.12-16.25.25:937][639]LogUdpMessaging: Warning: UDP messaging encountered an error. Auto repair routine started for reinitialization
[2026.02.12-16.25.27:739][645]FUdpSocketBuilder: Failed to subscribe UdpMessageMulticastSocket to multicast group 230.0.0.1 on interface 0.0.0.0
[2026.02.12-16.25.27:739][645]FUdpSocketBuilder: Failed to create and initialize socket UdpMessageMulticastSocket (last error: 0)
[2026.02.12-16.25.27:739][645]LogUdpMessaging: Warning: StartTransport failed to create multicast socket on 0.0.0.0:0, joined to 230.0.0.1:6666 with TTL 1
[2026.02.12-16.25.27:950][645]LogUdpMessaging: Warning: UDP messaging encountered an error. Auto repair routine started for reinitialization
[2026.02.12-16.25.29:756][651]FUdpSocketBuilder: Failed to subscribe UdpMessageMulticastSocket to multicast group 230.0.0.1 on interface 0.0.0.0
[2026.02.12-16.25.29:756][651]FUdpSocketBuilder: Failed to create and initialize socket UdpMessageMulticastSocket (last error: 0)
[2026.02.12-16.25.29:756][651]LogUdpMessaging: Warning: StartTransport failed to create multicast socket on 0.0.0.0:0, joined to 230.0.0.1:6666 with TTL 1
[2026.02.12-16.25.29:961][651]LogUdpMessaging: Warning: UDP messaging encountered an error. Auto repair routine started for reinitialization
[2026.02.12-16.25.31:775][657]FUdpSocketBuilder: Failed to subscribe UdpMessageMulticastSocket to multicast group 230.0.0.1 on interface 0.0.0.0
[2026.02.12-16.25.31:775][657]FUdpSocketBuilder: Failed to create and initialize socket UdpMessageMulticastSocket (last error: 0)
[2026.02.12-16.25.31:775][657]LogUdpMessaging: Warning: StartTransport failed to create multicast socket on 0.0.0.0:0, joined to 230.0.0.1:6666 with TTL 1
[2026.02.12-16.25.31:970][657]LogUdpMessaging: Warning: UDP messaging encountered an error. Auto repair routine started for reinitialization
[2026.02.12-16.25.33:790][663]FUdpSocketBuilder: Failed to subscribe UdpMessageMulticastSocket to multicast group 230.0.0.1 on interface 0.0.0.0
[2026.02.12-16.25.33:790][663]FUdpSocketBuilder: Failed to create and initialize socket UdpMessageMulticastSocket (last error: 0)
[2026.02.12-16.25.33:791][663]LogUdpMessaging: Warning: StartTransport failed to create multicast socket on 0.0.0.0:0, joined to 230.0.0.1:6666 with TTL 1
[2026.02.12-16.25.33:986][663]LogUdpMessaging: Warning: UDP messaging encountered an error. Auto repair routine started for reinitialization
[2026.02.12-16.25.35:810][669]FUdpSocketBuilder: Failed to subscribe UdpMessageMulticastSocket to multicast group 230.0.0.1 on interface 0.0.0.0
[2026.02.12-16.25.35:810][669]FUdpSocketBuilder: Failed to create and initialize socket UdpMessageMulticastSocket (last error: 0)
[2026.02.12-16.25.35:811][669]LogUdpMessaging: Warning: StartTransport failed to create multicast socket on 0.0.0.0:0, joined to 230.0.0.1:6666 with TTL 1
[2026.02.12-16.25.35:993][669]LogUdpMessaging: Warning: UDP messaging encountered an error. Auto repair routine started for reinitialization
[2026.02.12-16.25.37:827][675]FUdpSocketBuilder: Failed to subscribe UdpMessageMulticastSocket to multicast group 230.0.0.1 on interface 0.0.0.0
[2026.02.12-16.25.37:828][675]FUdpSocketBuilder: Failed to create and initialize socket UdpMessageMulticastSocket (last error: 0)
[2026.02.12-16.25.37:828][675]LogUdpMessaging: Warning: StartTransport failed to create multicast socket on 0.0.0.0:0, joined to 230.0.0.1:6666 with TTL 1
[2026.02.12-16.25.38:001][675]LogUdpMessaging: Warning: UDP messaging encountered an error. Auto repair routine started for reinitialization
[2026.02.12-16.25.39:848][681]FUdpSocketBuilder: Failed to subscribe UdpMessageMulticastSocket to multicast group 230.0.0.1 on interface 0.0.0.0
[2026.02.12-16.25.39:848][681]FUdpSocketBuilder: Failed to create and initialize socket UdpMessageMulticastSocket (last error: 0)
[2026.02.12-16.25.39:848][681]LogUdpMessaging: Warning: StartTransport failed to create multicast socket on 0.0.0.0:0, joined to 230.0.0.1:6666 with TTL 1
[2026.02.12-16.25.40:011][681]LogUdpMessaging: Warning: UDP messaging encountered an error. Auto repair routine started for reinitialization
[2026.02.12-16.25.41:867][687]FUdpSocketBuilder: Failed to subscribe UdpMessageMulticastSocket to multicast group 230.0.0.1 on interface 0.0.0.0
[2026.02.12-16.25.41:867][687]FUdpSocketBuilder: Failed to create and initialize socket UdpMessageMulticastSocket (last error: 0)
[2026.02.12-16.25.41:867][687]LogUdpMessaging: Warning: StartTransport failed to create multicast socket on 0.0.0.0:0, joined to 230.0.0.1:6666 with TTL 1
[2026.02.12-16.25.42:013][687]LogUdpMessaging: Warning: UDP messaging encountered an error. Auto repair routine started for reinitialization
[2026.02.12-16.25.43:883][693]FUdpSocketBuilder: Failed to subscribe UdpMessageMulticastSocket to multicast group 230.0.0.1 on interface 0.0.0.0
[2026.02.12-16.25.43:883][693]FUdpSocketBuilder: Failed to create and initialize socket UdpMessageMulticastSocket (last error: 0)
[2026.02.12-16.25.43:883][693]LogUdpMessaging: Warning: StartTransport failed to create multicast socket on 0.0.0.0:0, joined to 230.0.0.1:6666 with TTL 1
[2026.02.12-16.25.44:020][693]LogUdpMessaging: Warning: UDP messaging encountered an error. Auto repair routine started for reinitialization
[2026.02.12-16.25.45:802][699]FUdpSocketBuilder: Failed to subscribe UdpMessageMulticastSocket to multicast group 230.0.0.1 on interface 0.0.0.0
[2026.02.12-16.25.45:802][699]FUdpSocketBuilder: Failed to create and initialize socket UdpMessageMulticastSocket (last error: 0)
[2026.02.12-16.25.45:802][699]LogUdpMessaging: Warning: StartTransport failed to create multicast socket on 0.0.0.0:0, joined to 230.0.0.1:6666 with TTL 1
[2026.02.12-16.25.46:022][699]LogUdpMessaging: Warning: UDP messaging encountered an error. Auto repair routine started for reinitialization
[2026.02.12-16.25.47:720][705]FUdpSocketBuilder: Failed to subscribe UdpMessageMulticastSocket to multicast group 230.0.0.1 on interface 0.0.0.0
[2026.02.12-16.25.47:720][705]FUdpSocketBuilder: Failed to create and initialize socket UdpMessageMulticastSocket (last error: 0)
[2026.02.12-16.25.47:720][705]LogUdpMessaging: Warning: StartTransport failed to create multicast socket on 0.0.0.0:0, joined to 230.0.0.1:6666 with TTL 1
[2026.02.12-16.25.48:026][705]LogUdpMessaging: Warning: UDP messaging encountered an error. Auto repair routine started for reinitialization
[2026.02.12-16.25.49:838][711]FUdpSocketBuilder: Failed to subscribe UdpMessageMulticastSocket to multicast group 230.0.0.1 on interface 0.0.0.0
[2026.02.12-16.25.49:838][711]FUdpSocketBuilder: Failed to create and initialize socket UdpMessageMulticastSocket (last error: 0)
[2026.02.12-16.25.49:838][711]LogUdpMessaging: Warning: StartTransport failed to create multicast socket on 0.0.0.0:0, joined to 230.0.0.1:6666 with TTL 1
[2026.02.12-16.25.50:042][711]LogUdpMessaging: Warning: UDP messaging encountered an error. Auto repair routine started for reinitialization
[2026.02.12-16.25.51:855][717]FUdpSocketBuilder: Failed to subscribe UdpMessageMulticastSocket to multicast group 230.0.0.1 on interface 0.0.0.0
[2026.02.12-16.25.51:855][717]FUdpSocketBuilder: Failed to create and initialize socket UdpMessageMulticastSocket (last error: 0)
[2026.02.12-16.25.51:855][717]LogUdpMessaging: Warning: StartTransport failed to create multicast socket on 0.0.0.0:0, joined to 230.0.0.1:6666 with TTL 1
[2026.02.12-16.25.52:048][717]LogUdpMessaging: Warning: UDP messaging encountered an error. Auto repair routine started for reinitialization
[2026.02.12-16.25.53:875][723]FUdpSocketBuilder: Failed to subscribe UdpMessageMulticastSocket to multicast group 230.0.0.1 on interface 0.0.0.0
[2026.02.12-16.25.53:875][723]FUdpSocketBuilder: Failed to create and initialize socket UdpMessageMulticastSocket (last error: 0)
[2026.02.12-16.25.53:876][723]LogUdpMessaging: Warning: StartTransport failed to create multicast socket on 0.0.0.0:0, joined to 230.0.0.1:6666 with TTL 1
[2026.02.12-16.25.54:050][723]LogUdpMessaging: Warning: UDP messaging encountered an error. Auto repair routine started for reinitialization
[2026.02.12-16.25.55:891][729]FUdpSocketBuilder: Failed to subscribe UdpMessageMulticastSocket to multicast group 230.0.0.1 on interface 0.0.0.0
[2026.02.12-16.25.55:891][729]FUdpSocketBuilder: Failed to create and initialize socket UdpMessageMulticastSocket (last error: 0)
[2026.02.12-16.25.55:891][729]LogUdpMessaging: Warning: StartTransport failed to create multicast socket on 0.0.0.0:0, joined to 230.0.0.1:6666 with TTL 1
[2026.02.12-16.25.56:063][729]LogUdpMessaging: Warning: UDP messaging encountered an error. Auto repair routine started for reinitialization
[2026.02.12-16.25.57:908][735]FUdpSocketBuilder: Failed to subscribe UdpMessageMulticastSocket to multicast group 230.0.0.1 on interface 0.0.0.0
[2026.02.12-16.25.57:908][735]FUdpSocketBuilder: Failed to create and initialize socket UdpMessageMulticastSocket (last error: 0)
[2026.02.12-16.25.57:908][735]LogUdpMessaging: Warning: StartTransport failed to create multicast socket on 0.0.0.0:0, joined to 230.0.0.1:6666 with TTL 1
[2026.02.12-16.25.58:071][735]LogUdpMessaging: Warning: UDP messaging encountered an error. Auto repair routine started for reinitialization
[2026.02.12-16.25.59:928][741]FUdpSocketBuilder: Failed to subscribe UdpMessageMulticastSocket to multicast group 230.0.0.1 on interface 0.0.0.0
[2026.02.12-16.25.59:928][741]FUdpSocketBuilder: Failed to create and initialize socket UdpMessageMulticastSocket (last error: 0)
[2026.02.12-16.25.59:928][741]LogUdpMessaging: Warning: StartTransport failed to create multicast socket on 0.0.0.0:0, joined to 230.0.0.1:6666 with TTL 1
[2026.02.12-16.26.00:080][741]LogUdpMessaging: Warning: UDP messaging encountered an error. Auto repair routine started for reinitialization
[2026.02.12-16.26.01:947][747]FUdpSocketBuilder: Failed to subscribe UdpMessageMulticastSocket to multicast group 230.0.0.1 on interface 0.0.0.0
[2026.02.12-16.26.01:947][747]FUdpSocketBuilder: Failed to create and initialize socket UdpMessageMulticastSocket (last error: 0)
[2026.02.12-16.26.01:947][747]LogUdpMessaging: Warning: StartTransport failed to create multicast socket on 0.0.0.0:0, joined to 230.0.0.1:6666 with TTL 1
[2026.02.12-16.26.02:085][747]LogUdpMessaging: Warning: UDP messaging encountered an error. Auto repair routine started for reinitialization
[2026.02.12-16.26.03:963][753]FUdpSocketBuilder: Failed to subscribe UdpMessageMulticastSocket to multicast group 230.0.0.1 on interface 0.0.0.0
[2026.02.12-16.26.03:963][753]FUdpSocketBuilder: Failed to create and initialize socket UdpMessageMulticastSocket (last error: 0)
[2026.02.12-16.26.03:963][753]LogUdpMessaging: Warning: StartTransport failed to create multicast socket on 0.0.0.0:0, joined to 230.0.0.1:6666 with TTL 1
[2026.02.12-16.26.04:096][753]LogUdpMessaging: Warning: UDP messaging encountered an error. Auto repair routine started for reinitialization
[2026.02.12-16.26.05:880][759]FUdpSocketBuilder: Failed to subscribe UdpMessageMulticastSocket to multicast group 230.0.0.1 on interface 0.0.0.0
[2026.02.12-16.26.05:880][759]FUdpSocketBuilder: Failed to create and initialize socket UdpMessageMulticastSocket (last error: 0)
[2026.02.12-16.26.05:880][759]LogUdpMessaging: Warning: StartTransport failed to create multicast socket on 0.0.0.0:0, joined to 230.0.0.1:6666 with TTL 1
[2026.02.12-16.26.06:101][759]LogUdpMessaging: Warning: UDP messaging encountered an error. Auto repair routine started for reinitialization
[2026.02.12-16.26.07:900][765]FUdpSocketBuilder: Failed to subscribe UdpMessageMulticastSocket to multicast group 230.0.0.1 on interface 0.0.0.0
[2026.02.12-16.26.07:900][765]FUdpSocketBuilder: Failed to create and initialize socket UdpMessageMulticastSocket (last error: 0)
[2026.02.12-16.26.07:900][765]LogUdpMessaging: Warning: StartTransport failed to create multicast socket on 0.0.0.0:0, joined to 230.0.0.1:6666 with TTL 1
[2026.02.12-16.26.08:110][765]LogUdpMessaging: Warning: UDP messaging encountered an error. Auto repair routine started for reinitialization
[2026.02.12-16.26.09:916][771]FUdpSocketBuilder: Failed to subscribe UdpMessageMulticastSocket to multicast group 230.0.0.1 on interface 0.0.0.0
[2026.02.12-16.26.09:916][771]FUdpSocketBuilder: Failed to create and initialize socket UdpMessageMulticastSocket (last error: 0)
[2026.02.12-16.26.09:916][771]LogUdpMessaging: Warning: StartTransport failed to create multicast socket on 0.0.0.0:0, joined to 230.0.0.1:6666 with TTL 1
[2026.02.12-16.26.10:121][771]LogUdpMessaging: Warning: UDP messaging encountered an error. Auto repair routine started for reinitialization
[2026.02.12-16.26.11:934][777]FUdpSocketBuilder: Failed to subscribe UdpMessageMulticastSocket to multicast group 230.0.0.1 on interface 0.0.0.0
[2026.02.12-16.26.11:934][777]FUdpSocketBuilder: Failed to create and initialize socket UdpMessageMulticastSocket (last error: 0)
[2026.02.12-16.26.11:934][777]LogUdpMessaging: Warning: StartTransport failed to create multicast socket on 0.0.0.0:0, joined to 230.0.0.1:6666 with TTL 1
[2026.02.12-16.26.12:126][777]LogUdpMessaging: Warning: UDP messaging encountered an error. Auto repair routine started for reinitialization
[2026.02.12-16.26.13:951][783]FUdpSocketBuilder: Failed to subscribe UdpMessageMulticastSocket to multicast group 230.0.0.1 on interface 0.0.0.0
[2026.02.12-16.26.13:951][783]FUdpSocketBuilder: Failed to create and initialize socket UdpMessageMulticastSocket (last error: 0)
[2026.02.12-16.26.13:951][783]LogUdpMessaging: Warning: StartTransport failed to create multicast socket on 0.0.0.0:0, joined to 230.0.0.1:6666 with TTL 1
[2026.02.12-16.26.14:129][783]LogUdpMessaging: Warning: UDP messaging encountered an error. Auto repair routine started for reinitialization
[2026.02.12-16.26.15:970][789]FUdpSocketBuilder: Failed to subscribe UdpMessageMulticastSocket to multicast group 230.0.0.1 on interface 0.0.0.0
[2026.02.12-16.26.15:971][789]FUdpSocketBuilder: Failed to create and initialize socket UdpMessageMulticastSocket (last error: 0)
[2026.02.12-16.26.15:971][789]LogUdpMessaging: Warning: StartTransport failed to create multicast socket on 0.0.0.0:0, joined to 230.0.0.1:6666 with TTL 1
[2026.02.12-16.26.16:144][789]LogUdpMessaging: Warning: UDP messaging encountered an error. Auto repair routine started for reinitialization
[2026.02.12-16.26.17:986][795]FUdpSocketBuilder: Failed to subscribe UdpMessageMulticastSocket to multicast group 230.0.0.1 on interface 0.0.0.0
[2026.02.12-16.26.17:986][795]FUdpSocketBuilder: Failed to create and initialize socket UdpMessageMulticastSocket (last error: 0)
[2026.02.12-16.26.17:987][795]LogUdpMessaging: Warning: StartTransport failed to create multicast socket on 0.0.0.0:0, joined to 230.0.0.1:6666 with TTL 1
[2026.02.12-16.26.18:160][795]LogUdpMessaging: Warning: UDP messaging encountered an error. Auto repair routine started for reinitialization
[2026.02.12-16.26.20:003][801]FUdpSocketBuilder: Failed to subscribe UdpMessageMulticastSocket to multicast group 230.0.0.1 on interface 0.0.0.0
[2026.02.12-16.26.20:003][801]FUdpSocketBuilder: Failed to create and initialize socket UdpMessageMulticastSocket (last error: 0)
[2026.02.12-16.26.20:003][801]LogUdpMessaging: Warning: StartTransport failed to create multicast socket on 0.0.0.0:0, joined to 230.0.0.1:6666 with TTL 1
[2026.02.12-16.26.20:177][801]LogUdpMessaging: Warning: UDP messaging encountered an error. Auto repair routine started for reinitialization
[2026.02.12-16.26.22:021][807]FUdpSocketBuilder: Failed to subscribe UdpMessageMulticastSocket to multicast group 230.0.0.1 on interface 0.0.0.0
[2026.02.12-16.26.22:021][807]FUdpSocketBuilder: Failed to create and initialize socket UdpMessageMulticastSocket (last error: 0)
[2026.02.12-16.26.22:021][807]LogUdpMessaging: Warning: StartTransport failed to create multicast socket on 0.0.0.0:0, joined to 230.0.0.1:6666 with TTL 1
[2026.02.12-16.26.22:185][807]LogUdpMessaging: Warning: UDP messaging encountered an error. Auto repair routine started for reinitialization
[2026.02.12-16.26.24:033][813]FUdpSocketBuilder: Failed to subscribe UdpMessageMulticastSocket to multicast group 230.0.0.1 on interface 0.0.0.0
[2026.02.12-16.26.24:033][813]FUdpSocketBuilder: Failed to create and initialize socket UdpMessageMulticastSocket (last error: 0)
[2026.02.12-16.26.24:033][813]LogUdpMessaging: Warning: StartTransport failed to create multicast socket on 0.0.0.0:0, joined to 230.0.0.1:6666 with TTL 1
[2026.02.12-16.26.24:191][813]LogUdpMessaging: Warning: UDP messaging encountered an error. Auto repair routine started for reinitialization
[2026.02.12-16.26.26:048][819]FUdpSocketBuilder: Failed to subscribe UdpMessageMulticastSocket to multicast group 230.0.0.1 on interface 0.0.0.0
[2026.02.12-16.26.26:048][819]FUdpSocketBuilder: Failed to create and initialize socket UdpMessageMulticastSocket (last error: 0)
[2026.02.12-16.26.26:048][819]LogUdpMessaging: Warning: StartTransport failed to create multicast socket on 0.0.0.0:0, joined to 230.0.0.1:6666 with TTL 1
[2026.02.12-16.26.26:196][819]LogUdpMessaging: Warning: UDP messaging encountered an error. Auto repair routine started for reinitialization
[2026.02.12-16.26.28:069][825]FUdpSocketBuilder: Failed to subscribe UdpMessageMulticastSocket to multicast group 230.0.0.1 on interface 0.0.0.0
[2026.02.12-16.26.28:069][825]FUdpSocketBuilder: Failed to create and initialize socket UdpMessageMulticastSocket (last error: 0)
[2026.02.12-16.26.28:069][825]LogUdpMessaging: Warning: StartTransport failed to create multicast socket on 0.0.0.0:0, joined to 230.0.0.1:6666 with TTL 1
[2026.02.12-16.26.28:205][825]LogUdpMessaging: Warning: UDP messaging encountered an error. Auto repair routine started for reinitialization
[2026.02.12-16.26.29:985][831]FUdpSocketBuilder: Failed to subscribe UdpMessageMulticastSocket to multicast group 230.0.0.1 on interface 0.0.0.0
[2026.02.12-16.26.29:985][831]FUdpSocketBuilder: Failed to create and initialize socket UdpMessageMulticastSocket (last error: 0)
[2026.02.12-16.26.29:985][831]LogUdpMessaging: Warning: StartTransport failed to create multicast socket on 0.0.0.0:0, joined to 230.0.0.1:6666 with TTL 1
[2026.02.12-16.26.30:205][831]LogUdpMessaging: Warning: UDP messaging encountered an error. Auto repair routine started for reinitialization
[2026.02.12-16.26.32:004][837]FUdpSocketBuilder: Failed to subscribe UdpMessageMulticastSocket to multicast group 230.0.0.1 on interface 0.0.0.0
[2026.02.12-16.26.32:004][837]FUdpSocketBuilder: Failed to create and initialize socket UdpMessageMulticastSocket (last error: 0)
[2026.02.12-16.26.32:004][837]LogUdpMessaging: Warning: StartTransport failed to create multicast socket on 0.0.0.0:0, joined to 230.0.0.1:6666 with TTL 1
[2026.02.12-16.26.32:222][837]LogUdpMessaging: Warning: UDP messaging encountered an error. Auto repair routine started for reinitialization
[2026.02.12-16.26.34:019][843]FUdpSocketBuilder: Failed to subscribe UdpMessageMulticastSocket to multicast group 230.0.0.1 on interface 0.0.0.0
[2026.02.12-16.26.34:019][843]FUdpSocketBuilder: Failed to create and initialize socket UdpMessageMulticastSocket (last error: 0)
[2026.02.12-16.26.34:019][843]LogUdpMessaging: Warning: StartTransport failed to create multicast socket on 0.0.0.0:0, joined to 230.0.0.1:6666 with TTL 1
[2026.02.12-16.26.34:233][843]LogUdpMessaging: Warning: UDP messaging encountered an error. Auto repair routine started for reinitialization
[2026.02.12-16.26.36:037][849]FUdpSocketBuilder: Failed to subscribe UdpMessageMulticastSocket to multicast group 230.0.0.1 on interface 0.0.0.0
[2026.02.12-16.26.36:037][849]FUdpSocketBuilder: Failed to create and initialize socket UdpMessageMulticastSocket (last error: 0)
[2026.02.12-16.26.36:037][849]LogUdpMessaging: Warning: StartTransport failed to create multicast socket on 0.0.0.0:0, joined to 230.0.0.1:6666 with TTL 1
[2026.02.12-16.26.36:245][849]LogUdpMessaging: Warning: UDP messaging encountered an error. Auto repair routine started for reinitialization
[2026.02.12-16.26.38:058][855]FUdpSocketBuilder: Failed to subscribe UdpMessageMulticastSocket to multicast group 230.0.0.1 on interface 0.0.0.0
[2026.02.12-16.26.38:058][855]FUdpSocketBuilder: Failed to create and initialize socket UdpMessageMulticastSocket (last error: 0)
[2026.02.12-16.26.38:058][855]LogUdpMessaging: Warning: StartTransport failed to create multicast socket on 0.0.0.0:0, joined to 230.0.0.1:6666 with TTL 1
[2026.02.12-16.26.38:252][855]LogUdpMessaging: Warning: UDP messaging encountered an error. Auto repair routine started for reinitialization
[2026.02.12-16.26.40:076][861]FUdpSocketBuilder: Failed to subscribe UdpMessageMulticastSocket to multicast group 230.0.0.1 on interface 0.0.0.0
[2026.02.12-16.26.40:076][861]FUdpSocketBuilder: Failed to create and initialize socket UdpMessageMulticastSocket (last error: 0)
[2026.02.12-16.26.40:076][861]LogUdpMessaging: Warning: StartTransport failed to create multicast socket on 0.0.0.0:0, joined to 230.0.0.1:6666 with TTL 1
[2026.02.12-16.26.40:259][861]LogUdpMessaging: Warning: UDP messaging encountered an error. Auto repair routine started for reinitialization
[2026.02.12-16.26.42:091][867]FUdpSocketBuilder: Failed to subscribe UdpMessageMulticastSocket to multicast group 230.0.0.1 on interface 0.0.0.0
[2026.02.12-16.26.42:091][867]FUdpSocketBuilder: Failed to create and initialize socket UdpMessageMulticastSocket (last error: 0)
[2026.02.12-16.26.42:092][867]LogUdpMessaging: Warning: StartTransport failed to create multicast socket on 0.0.0.0:0, joined to 230.0.0.1:6666 with TTL 1
[2026.02.12-16.26.42:278][867]LogUdpMessaging: Warning: UDP messaging encountered an error. Auto repair routine started for reinitialization
[2026.02.12-16.26.44:109][873]FUdpSocketBuilder: Failed to subscribe UdpMessageMulticastSocket to multicast group 230.0.0.1 on interface 0.0.0.0
[2026.02.12-16.26.44:109][873]FUdpSocketBuilder: Failed to create and initialize socket UdpMessageMulticastSocket (last error: 0)
[2026.02.12-16.26.44:109][873]LogUdpMessaging: Warning: StartTransport failed to create multicast socket on 0.0.0.0:0, joined to 230.0.0.1:6666 with TTL 1
[2026.02.12-16.26.44:282][873]LogUdpMessaging: Warning: UDP messaging encountered an error. Auto repair routine started for reinitialization
[2026.02.12-16.26.46:127][879]FUdpSocketBuilder: Failed to subscribe UdpMessageMulticastSocket to multicast group 230.0.0.1 on interface 0.0.0.0
[2026.02.12-16.26.46:127][879]FUdpSocketBuilder: Failed to create and initialize socket UdpMessageMulticastSocket (last error: 0)
[2026.02.12-16.26.46:128][879]LogUdpMessaging: Warning: StartTransport failed to create multicast socket on 0.0.0.0:0, joined to 230.0.0.1:6666 with TTL 1
[2026.02.12-16.26.46:289][879]LogUdpMessaging: Warning: UDP messaging encountered an error. Auto repair routine started for reinitialization
[2026.02.12-16.26.48:143][885]FUdpSocketBuilder: Failed to subscribe UdpMessageMulticastSocket to multicast group 230.0.0.1 on interface 0.0.0.0
[2026.02.12-16.26.48:143][885]FUdpSocketBuilder: Failed to create and initialize socket UdpMessageMulticastSocket (last error: 0)
[2026.02.12-16.26.48:143][885]LogUdpMessaging: Warning: StartTransport failed to create multicast socket on 0.0.0.0:0, joined to 230.0.0.1:6666 with TTL 1
[2026.02.12-16.26.48:290][885]LogUdpMessaging: Warning: UDP messaging encountered an error. Auto repair routine started for reinitialization
[2026.02.12-16.26.50:163][891]FUdpSocketBuilder: Failed to subscribe UdpMessageMulticastSocket to multicast group 230.0.0.1 on interface 0.0.0.0
[2026.02.12-16.26.50:163][891]FUdpSocketBuilder: Failed to create and initialize socket UdpMessageMulticastSocket (last error: 0)
[2026.02.12-16.26.50:163][891]LogUdpMessaging: Warning: StartTransport failed to create multicast socket on 0.0.0.0:0, joined to 230.0.0.1:6666 with TTL 1
[2026.02.12-16.26.50:301][891]LogUdpMessaging: Warning: UDP messaging encountered an error. Auto repair routine started for reinitialization
[2026.02.12-16.26.52:182][897]FUdpSocketBuilder: Failed to subscribe UdpMessageMulticastSocket to multicast group 230.0.0.1 on interface 0.0.0.0
[2026.02.12-16.26.52:183][897]FUdpSocketBuilder: Failed to create and initialize socket UdpMessageMulticastSocket (last error: 0)
[2026.02.12-16.26.52:183][897]LogUdpMessaging: Warning: StartTransport failed to create multicast socket on 0.0.0.0:0, joined to 230.0.0.1:6666 with TTL 1
[2026.02.12-16.26.52:305][897]LogUdpMessaging: Warning: UDP messaging encountered an error. Auto repair routine started for reinitialization
[2026.02.12-16.26.54:099][903]FUdpSocketBuilder: Failed to subscribe UdpMessageMulticastSocket to multicast group 230.0.0.1 on interface 0.0.0.0
[2026.02.12-16.26.54:099][903]FUdpSocketBuilder: Failed to create and initialize socket UdpMessageMulticastSocket (last error: 0)
[2026.02.12-16.26.54:099][903]LogUdpMessaging: Warning: StartTransport failed to create multicast socket on 0.0.0.0:0, joined to 230.0.0.1:6666 with TTL 1
[2026.02.12-16.26.54:309][903]LogUdpMessaging: Warning: UDP messaging encountered an error. Auto repair routine started for reinitialization
[2026.02.12-16.26.56:118][909]FUdpSocketBuilder: Failed to subscribe UdpMessageMulticastSocket to multicast group 230.0.0.1 on interface 0.0.0.0
[2026.02.12-16.26.56:118][909]FUdpSocketBuilder: Failed to create and initialize socket UdpMessageMulticastSocket (last error: 0)
[2026.02.12-16.26.56:118][909]LogUdpMessaging: Warning: StartTransport failed to create multicast socket on 0.0.0.0:0, joined to 230.0.0.1:6666 with TTL 1
[2026.02.12-16.26.56:320][909]LogUdpMessaging: Warning: UDP messaging encountered an error. Auto repair routine started for reinitialization
[2026.02.12-16.26.58:135][915]FUdpSocketBuilder: Failed to subscribe UdpMessageMulticastSocket to multicast group 230.0.0.1 on interface 0.0.0.0
[2026.02.12-16.26.58:135][915]FUdpSocketBuilder: Failed to create and initialize socket UdpMessageMulticastSocket (last error: 0)
[2026.02.12-16.26.58:135][915]LogUdpMessaging: Warning: StartTransport failed to create multicast socket on 0.0.0.0:0, joined to 230.0.0.1:6666 with TTL 1
[2026.02.12-16.26.58:341][915]LogUdpMessaging: Warning: UDP messaging encountered an error. Auto repair routine started for reinitialization
[2026.02.12-16.27.00:147][921]FUdpSocketBuilder: Failed to subscribe UdpMessageMulticastSocket to multicast group 230.0.0.1 on interface 0.0.0.0
[2026.02.12-16.27.00:147][921]FUdpSocketBuilder: Failed to create and initialize socket UdpMessageMulticastSocket (last error: 0)
[2026.02.12-16.27.00:147][921]LogUdpMessaging: Warning: StartTransport failed to create multicast socket on 0.0.0.0:0, joined to 230.0.0.1:6666 with TTL 1
[2026.02.12-16.27.00:355][921]LogUdpMessaging: Warning: UDP messaging encountered an error. Auto repair routine started for reinitialization
[2026.02.12-16.27.02:163][927]FUdpSocketBuilder: Failed to subscribe UdpMessageMulticastSocket to multicast group 230.0.0.1 on interface 0.0.0.0
[2026.02.12-16.27.02:163][927]FUdpSocketBuilder: Failed to create and initialize socket UdpMessageMulticastSocket (last error: 0)
[2026.02.12-16.27.02:163][927]LogUdpMessaging: Warning: StartTransport failed to create multicast socket on 0.0.0.0:0, joined to 230.0.0.1:6666 with TTL 1
[2026.02.12-16.27.02:369][927]LogUdpMessaging: Warning: UDP messaging encountered an error. Auto repair routine started for reinitialization
[2026.02.12-16.27.04:179][933]FUdpSocketBuilder: Failed to subscribe UdpMessageMulticastSocket to multicast group 230.0.0.1 on interface 0.0.0.0
[2026.02.12-16.27.04:179][933]FUdpSocketBuilder: Failed to create and initialize socket UdpMessageMulticastSocket (last error: 0)
[2026.02.12-16.27.04:179][933]LogUdpMessaging: Warning: StartTransport failed to create multicast socket on 0.0.0.0:0, joined to 230.0.0.1:6666 with TTL 1
[2026.02.12-16.27.04:372][933]LogUdpMessaging: Warning: UDP messaging encountered an error. Auto repair routine started for reinitialization
[2026.02.12-16.27.06:193][939]FUdpSocketBuilder: Failed to subscribe UdpMessageMulticastSocket to multicast group 230.0.0.1 on interface 0.0.0.0
[2026.02.12-16.27.06:193][939]FUdpSocketBuilder: Failed to create and initialize socket UdpMessageMulticastSocket (last error: 0)
[2026.02.12-16.27.06:193][939]LogUdpMessaging: Warning: StartTransport failed to create multicast socket on 0.0.0.0:0, joined to 230.0.0.1:6666 with TTL 1
[2026.02.12-16.27.06:385][939]LogUdpMessaging: Warning: UDP messaging encountered an error. Auto repair routine started for reinitialization
[2026.02.12-16.27.08:208][945]FUdpSocketBuilder: Failed to subscribe UdpMessageMulticastSocket to multicast group 230.0.0.1 on interface 0.0.0.0
[2026.02.12-16.27.08:209][945]FUdpSocketBuilder: Failed to create and initialize socket UdpMessageMulticastSocket (last error: 0)
[2026.02.12-16.27.08:209][945]LogUdpMessaging: Warning: StartTransport failed to create multicast socket on 0.0.0.0:0, joined to 230.0.0.1:6666 with TTL 1
[2026.02.12-16.27.08:391][945]LogUdpMessaging: Warning: UDP messaging encountered an error. Auto repair routine started for reinitialization
[2026.02.12-16.27.10:223][951]FUdpSocketBuilder: Failed to subscribe UdpMessageMulticastSocket to multicast group 230.0.0.1 on interface 0.0.0.0
[2026.02.12-16.27.10:223][951]FUdpSocketBuilder: Failed to create and initialize socket UdpMessageMulticastSocket (last error: 0)
[2026.02.12-16.27.10:223][951]LogUdpMessaging: Warning: StartTransport failed to create multicast socket on 0.0.0.0:0, joined to 230.0.0.1:6666 with TTL 1
[2026.02.12-16.27.10:403][951]LogUdpMessaging: Warning: UDP messaging encountered an error. Auto repair routine started for reinitialization
[2026.02.12-16.27.12:237][957]FUdpSocketBuilder: Failed to subscribe UdpMessageMulticastSocket to multicast group 230.0.0.1 on interface 0.0.0.0
[2026.02.12-16.27.12:237][957]FUdpSocketBuilder: Failed to create and initialize socket UdpMessageMulticastSocket (last error: 0)
[2026.02.12-16.27.12:237][957]LogUdpMessaging: Warning: StartTransport failed to create multicast socket on 0.0.0.0:0, joined to 230.0.0.1:6666 with TTL 1
[2026.02.12-16.27.12:407][957]LogUdpMessaging: Warning: UDP messaging encountered an error. Auto repair routine started for reinitialization
[2026.02.12-16.27.14:250][963]FUdpSocketBuilder: Failed to subscribe UdpMessageMulticastSocket to multicast group 230.0.0.1 on interface 0.0.0.0
[2026.02.12-16.27.14:250][963]FUdpSocketBuilder: Failed to create and initialize socket UdpMessageMulticastSocket (last error: 0)
[2026.02.12-16.27.14:250][963]LogUdpMessaging: Warning: StartTransport failed to create multicast socket on 0.0.0.0:0, joined to 230.0.0.1:6666 with TTL 1
[2026.02.12-16.27.14:413][963]LogUdpMessaging: Warning: UDP messaging encountered an error. Auto repair routine started for reinitialization
[2026.02.12-16.27.16:265][ 26]FUdpSocketBuilder: Failed to subscribe UdpMessageMulticastSocket to multicast group 230.0.0.1 on interface 0.0.0.0
[2026.02.12-16.27.16:265][ 26]FUdpSocketBuilder: Failed to create and initialize socket UdpMessageMulticastSocket (last error: 0)
[2026.02.12-16.27.16:265][ 26]LogUdpMessaging: Warning: StartTransport failed to create multicast socket on 0.0.0.0:0, joined to 230.0.0.1:6666 with TTL 1
[2026.02.12-16.27.16:288][ 27]LogUdpMessaging: Warning: UDP messaging encountered an error. Auto repair routine started for reinitialization
[2026.02.12-16.27.17:678][ 47]FUdpSocketBuilder: Failed to subscribe UdpMessageMulticastSocket to multicast group 230.0.0.1 on interface 0.0.0.0
[2026.02.12-16.27.17:678][ 47]FUdpSocketBuilder: Failed to create and initialize socket UdpMessageMulticastSocket (last error: 0)
[2026.02.12-16.27.17:678][ 47]LogUdpMessaging: Warning: StartTransport failed to create multicast socket on 0.0.0.0:0, joined to 230.0.0.1:6666 with TTL 1
[2026.02.12-16.27.17:906][ 47]LogUdpMessaging: Warning: UDP messaging encountered an error. Auto repair routine started for reinitialization
[2026.02.12-16.27.19:693][ 53]FUdpSocketBuilder: Failed to subscribe UdpMessageMulticastSocket to multicast group 230.0.0.1 on interface 0.0.0.0
[2026.02.12-16.27.19:693][ 53]FUdpSocketBuilder: Failed to create and initialize socket UdpMessageMulticastSocket (last error: 0)
[2026.02.12-16.27.19:693][ 53]LogUdpMessaging: Warning: StartTransport failed to create multicast socket on 0.0.0.0:0, joined to 230.0.0.1:6666 with TTL 1
[2026.02.12-16.27.19:917][ 53]LogUdpMessaging: Warning: UDP messaging encountered an error. Auto repair routine started for reinitialization
[2026.02.12-16.27.21:711][ 78]FUdpSocketBuilder: Failed to subscribe UdpMessageMulticastSocket to multicast group 230.0.0.1 on interface 0.0.0.0
[2026.02.12-16.27.21:711][ 78]FUdpSocketBuilder: Failed to create and initialize socket UdpMessageMulticastSocket (last error: 0)
[2026.02.12-16.27.21:711][ 78]LogUdpMessaging: Warning: StartTransport failed to create multicast socket on 0.0.0.0:0, joined to 230.0.0.1:6666 with TTL 1
[2026.02.12-16.27.21:727][ 79]LogUdpMessaging: Warning: UDP messaging encountered an error. Auto repair routine started for reinitialization
[2026.02.12-16.27.24:033][185]FUdpSocketBuilder: Failed to subscribe UdpMessageMulticastSocket to multicast group 230.0.0.1 on interface 0.0.0.0
[2026.02.12-16.27.24:033][185]FUdpSocketBuilder: Failed to create and initialize socket UdpMessageMulticastSocket (last error: 0)
[2026.02.12-16.27.24:033][185]LogUdpMessaging: Warning: StartTransport failed to create multicast socket on 0.0.0.0:0, joined to 230.0.0.1:6666 with TTL 1
[2026.02.12-16.27.24:237][185]LogUdpMessaging: Warning: UDP messaging encountered an error. Auto repair routine started for reinitialization
[2026.02.12-16.27.26:050][191]FUdpSocketBuilder: Failed to subscribe UdpMessageMulticastSocket to multicast group 230.0.0.1 on interface 0.0.0.0
[2026.02.12-16.27.26:050][191]FUdpSocketBuilder: Failed to create and initialize socket UdpMessageMulticastSocket (last error: 0)
[2026.02.12-16.27.26:050][191]LogUdpMessaging: Warning: StartTransport failed to create multicast socket on 0.0.0.0:0, joined to 230.0.0.1:6666 with TTL 1
[2026.02.12-16.27.26:247][191]LogUdpMessaging: Warning: UDP messaging encountered an error. Auto repair routine started for reinitialization
[2026.02.12-16.27.28:064][197]FUdpSocketBuilder: Failed to subscribe UdpMessageMulticastSocket to multicast group 230.0.0.1 on interface 0.0.0.0
[2026.02.12-16.27.28:064][197]FUdpSocketBuilder: Failed to create and initialize socket UdpMessageMulticastSocket (last error: 0)
[2026.02.12-16.27.28:064][197]LogUdpMessaging: Warning: StartTransport failed to create multicast socket on 0.0.0.0:0, joined to 230.0.0.1:6666 with TTL 1
[2026.02.12-16.27.28:258][197]LogUdpMessaging: Warning: UDP messaging encountered an error. Auto repair routine started for reinitialization
[2026.02.12-16.27.30:078][203]FUdpSocketBuilder: Failed to subscribe UdpMessageMulticastSocket to multicast group 230.0.0.1 on interface 0.0.0.0
[2026.02.12-16.27.30:078][203]FUdpSocketBuilder: Failed to create and initialize socket UdpMessageMulticastSocket (last error: 0)
[2026.02.12-16.27.30:078][203]LogUdpMessaging: Warning: StartTransport failed to create multicast socket on 0.0.0.0:0, joined to 230.0.0.1:6666 with TTL 1
[2026.02.12-16.27.30:271][203]LogUdpMessaging: Warning: UDP messaging encountered an error. Auto repair routine started for reinitialization
[2026.02.12-16.27.32:095][209]FUdpSocketBuilder: Failed to subscribe UdpMessageMulticastSocket to multicast group 230.0.0.1 on interface 0.0.0.0
[2026.02.12-16.27.32:095][209]FUdpSocketBuilder: Failed to create and initialize socket UdpMessageMulticastSocket (last error: 0)
[2026.02.12-16.27.32:095][209]LogUdpMessaging: Warning: StartTransport failed to create multicast socket on 0.0.0.0:0, joined to 230.0.0.1:6666 with TTL 1
[2026.02.12-16.27.32:281][209]LogUdpMessaging: Warning: UDP messaging encountered an error. Auto repair routine started for reinitialization
[2026.02.12-16.27.34:118][215]FUdpSocketBuilder: Failed to subscribe UdpMessageMulticastSocket to multicast group 230.0.0.1 on interface 0.0.0.0
[2026.02.12-16.27.34:118][215]FUdpSocketBuilder: Failed to create and initialize socket UdpMessageMulticastSocket (last error: 0)
[2026.02.12-16.27.34:118][215]LogUdpMessaging: Warning: StartTransport failed to create multicast socket on 0.0.0.0:0, joined to 230.0.0.1:6666 with TTL 1
[2026.02.12-16.27.34:132][215]LogUdpMessaging: Warning: UDP messaging encountered an error. Auto repair routine started for reinitialization
[2026.02.12-16.27.36:138][326]FUdpSocketBuilder: Failed to subscribe UdpMessageMulticastSocket to multicast group 230.0.0.1 on interface 0.0.0.0
[2026.02.12-16.27.36:138][326]FUdpSocketBuilder: Failed to create and initialize socket UdpMessageMulticastSocket (last error: 0)
[2026.02.12-16.27.36:138][326]LogUdpMessaging: Warning: StartTransport failed to create multicast socket on 0.0.0.0:0, joined to 230.0.0.1:6666 with TTL 1
[2026.02.12-16.27.36:156][326]LogUdpMessaging: Warning: UDP messaging encountered an error. Auto repair routine started for reinitialization
[2026.02.12-16.27.38:160][435]FUdpSocketBuilder: Failed to subscribe UdpMessageMulticastSocket to multicast group 230.0.0.1 on interface 0.0.0.0
[2026.02.12-16.27.38:160][435]FUdpSocketBuilder: Failed to create and initialize socket UdpMessageMulticastSocket (last error: 0)
[2026.02.12-16.27.38:160][435]LogUdpMessaging: Warning: StartTransport failed to create multicast socket on 0.0.0.0:0, joined to 230.0.0.1:6666 with TTL 1
[2026.02.12-16.27.38:179][436]LogUdpMessaging: Warning: UDP messaging encountered an error. Auto repair routine started for reinitialization
[2026.02.12-16.27.40:179][544]FUdpSocketBuilder: Failed to subscribe UdpMessageMulticastSocket to multicast group 230.0.0.1 on interface 0.0.0.0
[2026.02.12-16.27.40:179][544]FUdpSocketBuilder: Failed to create and initialize socket UdpMessageMulticastSocket (last error: 0)
[2026.02.12-16.27.40:179][544]LogUdpMessaging: Warning: StartTransport failed to create multicast socket on 0.0.0.0:0, joined to 230.0.0.1:6666 with TTL 1
[2026.02.12-16.27.40:198][545]LogUdpMessaging: Warning: UDP messaging encountered an error. Auto repair routine started for reinitialization
[2026.02.12-16.27.42:196][649]FUdpSocketBuilder: Failed to subscribe UdpMessageMulticastSocket to multicast group 230.0.0.1 on interface 0.0.0.0
[2026.02.12-16.27.42:196][649]FUdpSocketBuilder: Failed to create and initialize socket UdpMessageMulticastSocket (last error: 0)
[2026.02.12-16.27.42:196][649]LogUdpMessaging: Warning: StartTransport failed to create multicast socket on 0.0.0.0:0, joined to 230.0.0.1:6666 with TTL 1
[2026.02.12-16.27.42:218][650]LogUdpMessaging: Warning: UDP messaging encountered an error. Auto repair routine started for reinitialization
[2026.02.12-16.27.44:214][759]FUdpSocketBuilder: Failed to subscribe UdpMessageMulticastSocket to multicast group 230.0.0.1 on interface 0.0.0.0
[2026.02.12-16.27.44:215][759]FUdpSocketBuilder: Failed to create and initialize socket UdpMessageMulticastSocket (last error: 0)
[2026.02.12-16.27.44:215][759]LogUdpMessaging: Warning: StartTransport failed to create multicast socket on 0.0.0.0:0, joined to 230.0.0.1:6666 with TTL 1
[2026.02.12-16.27.44:235][760]LogUdpMessaging: Warning: UDP messaging encountered an error. Auto repair routine started for reinitialization
[2026.02.12-16.27.46:432][880]FUdpSocketBuilder: Failed to subscribe UdpMessageMulticastSocket to multicast group 230.0.0.1 on interface 0.0.0.0
[2026.02.12-16.27.46:432][880]FUdpSocketBuilder: Failed to create and initialize socket UdpMessageMulticastSocket (last error: 0)
[2026.02.12-16.27.46:432][880]LogUdpMessaging: Warning: StartTransport failed to create multicast socket on 0.0.0.0:0, joined to 230.0.0.1:6666 with TTL 1
[2026.02.12-16.27.46:452][881]LogUdpMessaging: Warning: UDP messaging encountered an error. Auto repair routine started for reinitialization
[2026.02.12-16.27.47:643][903]FUdpSocketBuilder: Failed to subscribe UdpMessageMulticastSocket to multicast group 230.0.0.1 on interface 0.0.0.0
[2026.02.12-16.27.47:643][903]FUdpSocketBuilder: Failed to create and initialize socket UdpMessageMulticastSocket (last error: 0)
[2026.02.12-16.27.47:643][903]LogUdpMessaging: Warning: StartTransport failed to create multicast socket on 0.0.0.0:0, joined to 230.0.0.1:6666 with TTL 1
[2026.02.12-16.27.47:781][903]LogUdpMessaging: Warning: UDP messaging encountered an error. Auto repair routine started for reinitialization
[2026.02.12-16.27.49:557][947]FUdpSocketBuilder: Failed to subscribe UdpMessageMulticastSocket to multicast group 230.0.0.1 on interface 0.0.0.0
[2026.02.12-16.27.49:557][947]FUdpSocketBuilder: Failed to create and initialize socket UdpMessageMulticastSocket (last error: 0)
[2026.02.12-16.27.49:557][947]LogUdpMessaging: Warning: StartTransport failed to create multicast socket on 0.0.0.0:0, joined to 230.0.0.1:6666 with TTL 1
[2026.02.12-16.27.49:578][947]LogUdpMessaging: Warning: UDP messaging encountered an error. Auto repair routine started for reinitialization
[2026.02.12-16.27.51:573][ 56]FUdpSocketBuilder: Failed to subscribe UdpMessageMulticastSocket to multicast group 230.0.0.1 on interface 0.0.0.0
[2026.02.12-16.27.51:573][ 56]FUdpSocketBuilder: Failed to create and initialize socket UdpMessageMulticastSocket (last error: 0)
[2026.02.12-16.27.51:573][ 56]LogUdpMessaging: Warning: StartTransport failed to create multicast socket on 0.0.0.0:0, joined to 230.0.0.1:6666 with TTL 1
[2026.02.12-16.27.51:594][ 57]LogUdpMessaging: Warning: UDP messaging encountered an error. Auto repair routine started for reinitialization
[2026.02.12-16.27.53:693][177]FUdpSocketBuilder: Failed to subscribe UdpMessageMulticastSocket to multicast group 230.0.0.1 on interface 0.0.0.0
[2026.02.12-16.27.53:693][177]FUdpSocketBuilder: Failed to create and initialize socket UdpMessageMulticastSocket (last error: 0)
[2026.02.12-16.27.53:693][177]LogUdpMessaging: Warning: StartTransport failed to create multicast socket on 0.0.0.0:0, joined to 230.0.0.1:6666 with TTL 1
[2026.02.12-16.27.53:716][178]LogUdpMessaging: Warning: UDP messaging encountered an error. Auto repair routine started for reinitialization
[2026.02.12-16.27.55:810][298]FUdpSocketBuilder: Failed to subscribe UdpMessageMulticastSocket to multicast group 230.0.0.1 on interface 0.0.0.0
[2026.02.12-16.27.55:810][298]FUdpSocketBuilder: Failed to create and initialize socket UdpMessageMulticastSocket (last error: 0)
[2026.02.12-16.27.55:810][298]LogUdpMessaging: Warning: StartTransport failed to create multicast socket on 0.0.0.0:0, joined to 230.0.0.1:6666 with TTL 1
[2026.02.12-16.27.55:833][299]LogUdpMessaging: Warning: UDP messaging encountered an error. Auto repair routine started for reinitialization
[2026.02.12-16.27.57:927][419]FUdpSocketBuilder: Failed to subscribe UdpMessageMulticastSocket to multicast group 230.0.0.1 on interface 0.0.0.0
[2026.02.12-16.27.57:927][419]FUdpSocketBuilder: Failed to create and initialize socket UdpMessageMulticastSocket (last error: 0)
[2026.02.12-16.27.57:927][419]LogUdpMessaging: Warning: StartTransport failed to create multicast socket on 0.0.0.0:0, joined to 230.0.0.1:6666 with TTL 1
[2026.02.12-16.27.57:941][420]LogUdpMessaging: Warning: UDP messaging encountered an error. Auto repair routine started for reinitialization
[2026.02.12-16.27.59:946][533]FUdpSocketBuilder: Failed to subscribe UdpMessageMulticastSocket to multicast group 230.0.0.1 on interface 0.0.0.0
[2026.02.12-16.27.59:947][533]FUdpSocketBuilder: Failed to create and initialize socket UdpMessageMulticastSocket (last error: 0)
[2026.02.12-16.27.59:947][533]LogUdpMessaging: Warning: StartTransport failed to create multicast socket on 0.0.0.0:0, joined to 230.0.0.1:6666 with TTL 1
[2026.02.12-16.27.59:970][534]LogUdpMessaging: Warning: UDP messaging encountered an error. Auto repair routine started for reinitialization
[2026.02.12-16.28.02:166][654]FUdpSocketBuilder: Failed to subscribe UdpMessageMulticastSocket to multicast group 230.0.0.1 on interface 0.0.0.0
[2026.02.12-16.28.02:166][654]FUdpSocketBuilder: Failed to create and initialize socket UdpMessageMulticastSocket (last error: 0)
[2026.02.12-16.28.02:166][654]LogUdpMessaging: Warning: StartTransport failed to create multicast socket on 0.0.0.0:0, joined to 230.0.0.1:6666 with TTL 1
[2026.02.12-16.28.02:184][655]LogUdpMessaging: Warning: UDP messaging encountered an error. Auto repair routine started for reinitialization
[2026.02.12-16.28.04:081][761]FUdpSocketBuilder: Failed to subscribe UdpMessageMulticastSocket to multicast group 230.0.0.1 on interface 0.0.0.0
[2026.02.12-16.28.04:081][761]FUdpSocketBuilder: Failed to create and initialize socket UdpMessageMulticastSocket (last error: 0)
[2026.02.12-16.28.04:081][761]LogUdpMessaging: Warning: StartTransport failed to create multicast socket on 0.0.0.0:0, joined to 230.0.0.1:6666 with TTL 1
[2026.02.12-16.28.04:104][762]LogUdpMessaging: Warning: UDP messaging encountered an error. Auto repair routine started for reinitialization
[2026.02.12-16.28.05:292][784]FUdpSocketBuilder: Failed to subscribe UdpMessageMulticastSocket to multicast group 230.0.0.1 on interface 0.0.0.0
[2026.02.12-16.28.05:292][784]FUdpSocketBuilder: Failed to create and initialize socket UdpMessageMulticastSocket (last error: 0)
[2026.02.12-16.28.05:292][784]LogUdpMessaging: Warning: StartTransport failed to create multicast socket on 0.0.0.0:0, joined to 230.0.0.1:6666 with TTL 1
[2026.02.12-16.28.05:439][784]LogUdpMessaging: Warning: UDP messaging encountered an error. Auto repair routine started for reinitialization
[2026.02.12-16.28.07:306][790]FUdpSocketBuilder: Failed to subscribe UdpMessageMulticastSocket to multicast group 230.0.0.1 on interface 0.0.0.0
[2026.02.12-16.28.07:306][790]FUdpSocketBuilder: Failed to create and initialize socket UdpMessageMulticastSocket (last error: 0)
[2026.02.12-16.28.07:306][790]LogUdpMessaging: Warning: StartTransport failed to create multicast socket on 0.0.0.0:0, joined to 230.0.0.1:6666 with TTL 1
[2026.02.12-16.28.07:444][790]LogUdpMessaging: Warning: UDP messaging encountered an error. Auto repair routine started for reinitialization
[2026.02.12-16.28.09:320][796]FUdpSocketBuilder: Failed to subscribe UdpMessageMulticastSocket to multicast group 230.0.0.1 on interface 0.0.0.0
[2026.02.12-16.28.09:320][796]FUdpSocketBuilder: Failed to create and initialize socket UdpMessageMulticastSocket (last error: 0)
[2026.02.12-16.28.09:321][796]LogUdpMessaging: Warning: StartTransport failed to create multicast socket on 0.0.0.0:0, joined to 230.0.0.1:6666 with TTL 1
[2026.02.12-16.28.09:468][796]LogUdpMessaging: Warning: UDP messaging encountered an error. Auto repair routine started for reinitialization
[2026.02.12-16.28.11:338][802]FUdpSocketBuilder: Failed to subscribe UdpMessageMulticastSocket to multicast group 230.0.0.1 on interface 0.0.0.0
[2026.02.12-16.28.11:338][802]FUdpSocketBuilder: Failed to create and initialize socket UdpMessageMulticastSocket (last error: 0)
[2026.02.12-16.28.11:338][802]LogUdpMessaging: Warning: StartTransport failed to create multicast socket on 0.0.0.0:0, joined to 230.0.0.1:6666 with TTL 1
[2026.02.12-16.28.11:479][802]LogUdpMessaging: Warning: UDP messaging encountered an error. Auto repair routine started for reinitialization
[2026.02.12-16.28.13:358][808]FUdpSocketBuilder: Failed to subscribe UdpMessageMulticastSocket to multicast group 230.0.0.1 on interface 0.0.0.0
[2026.02.12-16.28.13:358][808]FUdpSocketBuilder: Failed to create and initialize socket UdpMessageMulticastSocket (last error: 0)
[2026.02.12-16.28.13:358][808]LogUdpMessaging: Warning: StartTransport failed to create multicast socket on 0.0.0.0:0, joined to 230.0.0.1:6666 with TTL 1
[2026.02.12-16.28.13:496][808]LogUdpMessaging: Warning: UDP messaging encountered an error. Auto repair routine started for reinitialization
[2026.02.12-16.28.15:377][814]FUdpSocketBuilder: Failed to subscribe UdpMessageMulticastSocket to multicast group 230.0.0.1 on interface 0.0.0.0
[2026.02.12-16.28.15:377][814]FUdpSocketBuilder: Failed to create and initialize socket UdpMessageMulticastSocket (last error: 0)
[2026.02.12-16.28.15:377][814]LogUdpMessaging: Warning: StartTransport failed to create multicast socket on 0.0.0.0:0, joined to 230.0.0.1:6666 with TTL 1
[2026.02.12-16.28.15:504][814]LogUdpMessaging: Warning: UDP messaging encountered an error. Auto repair routine started for reinitialization
[2026.02.12-16.28.17:391][820]FUdpSocketBuilder: Failed to subscribe UdpMessageMulticastSocket to multicast group 230.0.0.1 on interface 0.0.0.0
[2026.02.12-16.28.17:391][820]FUdpSocketBuilder: Failed to create and initialize socket UdpMessageMulticastSocket (last error: 0)
[2026.02.12-16.28.17:391][820]LogUdpMessaging: Warning: StartTransport failed to create multicast socket on 0.0.0.0:0, joined to 230.0.0.1:6666 with TTL 1
[2026.02.12-16.28.17:517][820]LogUdpMessaging: Warning: UDP messaging encountered an error. Auto repair routine started for reinitialization
[2026.02.12-16.28.19:407][826]FUdpSocketBuilder: Failed to subscribe UdpMessageMulticastSocket to multicast group 230.0.0.1 on interface 0.0.0.0
[2026.02.12-16.28.19:407][826]FUdpSocketBuilder: Failed to create and initialize socket UdpMessageMulticastSocket (last error: 0)
[2026.02.12-16.28.19:407][826]LogUdpMessaging: Warning: StartTransport failed to create multicast socket on 0.0.0.0:0, joined to 230.0.0.1:6666 with TTL 1
[2026.02.12-16.28.19:531][826]LogUdpMessaging: Warning: UDP messaging encountered an error. Auto repair routine started for reinitialization
[2026.02.12-16.28.21:323][832]FUdpSocketBuilder: Failed to subscribe UdpMessageMulticastSocket to multicast group 230.0.0.1 on interface 0.0.0.0
[2026.02.12-16.28.21:323][832]FUdpSocketBuilder: Failed to create and initialize socket UdpMessageMulticastSocket (last error: 0)
[2026.02.12-16.28.21:323][832]LogUdpMessaging: Warning: StartTransport failed to create multicast socket on 0.0.0.0:0, joined to 230.0.0.1:6666 with TTL 1
[2026.02.12-16.28.21:539][832]LogUdpMessaging: Warning: UDP messaging encountered an error. Auto repair routine started for reinitialization
[2026.02.12-16.28.23:341][838]FUdpSocketBuilder: Failed to subscribe UdpMessageMulticastSocket to multicast group 230.0.0.1 on interface 0.0.0.0
[2026.02.12-16.28.23:341][838]FUdpSocketBuilder: Failed to create and initialize socket UdpMessageMulticastSocket (last error: 0)
[2026.02.12-16.28.23:341][838]LogUdpMessaging: Warning: StartTransport failed to create multicast socket on 0.0.0.0:0, joined to 230.0.0.1:6666 with TTL 1
[2026.02.12-16.28.23:553][838]LogUdpMessaging: Warning: UDP messaging encountered an error. Auto repair routine started for reinitialization
[2026.02.12-16.28.25:361][844]FUdpSocketBuilder: Failed to subscribe UdpMessageMulticastSocket to multicast group 230.0.0.1 on interface 0.0.0.0
[2026.02.12-16.28.25:361][844]FUdpSocketBuilder: Failed to create and initialize socket UdpMessageMulticastSocket (last error: 0)
[2026.02.12-16.28.25:361][844]LogUdpMessaging: Warning: StartTransport failed to create multicast socket on 0.0.0.0:0, joined to 230.0.0.1:6666 with TTL 1
[2026.02.12-16.28.25:560][844]LogUdpMessaging: Warning: UDP messaging encountered an error. Auto repair routine started for reinitialization
[2026.02.12-16.28.27:379][850]FUdpSocketBuilder: Failed to subscribe UdpMessageMulticastSocket to multicast group 230.0.0.1 on interface 0.0.0.0
[2026.02.12-16.28.27:379][850]FUdpSocketBuilder: Failed to create and initialize socket UdpMessageMulticastSocket (last error: 0)
[2026.02.12-16.28.27:379][850]LogUdpMessaging: Warning: StartTransport failed to create multicast socket on 0.0.0.0:0, joined to 230.0.0.1:6666 with TTL 1
[2026.02.12-16.28.27:562][850]LogUdpMessaging: Warning: UDP messaging encountered an error. Auto repair routine started for reinitialization
[2026.02.12-16.28.29:395][856]FUdpSocketBuilder: Failed to subscribe UdpMessageMulticastSocket to multicast group 230.0.0.1 on interface 0.0.0.0
[2026.02.12-16.28.29:395][856]FUdpSocketBuilder: Failed to create and initialize socket UdpMessageMulticastSocket (last error: 0)
[2026.02.12-16.28.29:395][856]LogUdpMessaging: Warning: StartTransport failed to create multicast socket on 0.0.0.0:0, joined to 230.0.0.1:6666 with TTL 1
[2026.02.12-16.28.29:562][856]LogUdpMessaging: Warning: UDP messaging encountered an error. Auto repair routine started for reinitialization
[2026.02.12-16.28.31:411][862]FUdpSocketBuilder: Failed to subscribe UdpMessageMulticastSocket to multicast group 230.0.0.1 on interface 0.0.0.0
[2026.02.12-16.28.31:411][862]FUdpSocketBuilder: Failed to create and initialize socket UdpMessageMulticastSocket (last error: 0)
[2026.02.12-16.28.31:411][862]LogUdpMessaging: Warning: StartTransport failed to create multicast socket on 0.0.0.0:0, joined to 230.0.0.1:6666 with TTL 1
[2026.02.12-16.28.31:570][862]LogUdpMessaging: Warning: UDP messaging encountered an error. Auto repair routine started for reinitialization
[2026.02.12-16.28.33:426][868]FUdpSocketBuilder: Failed to subscribe UdpMessageMulticastSocket to multicast group 230.0.0.1 on interface 0.0.0.0
[2026.02.12-16.28.33:426][868]FUdpSocketBuilder: Failed to create and initialize socket UdpMessageMulticastSocket (last error: 0)
[2026.02.12-16.28.33:426][868]LogUdpMessaging: Warning: StartTransport failed to create multicast socket on 0.0.0.0:0, joined to 230.0.0.1:6666 with TTL 1
[2026.02.12-16.28.33:587][868]LogUdpMessaging: Warning: UDP messaging encountered an error. Auto repair routine started for reinitialization
[2026.02.12-16.28.35:443][874]FUdpSocketBuilder: Failed to subscribe UdpMessageMulticastSocket to multicast group 230.0.0.1 on interface 0.0.0.0
[2026.02.12-16.28.35:445][874]FUdpSocketBuilder: Failed to create and initialize socket UdpMessageMulticastSocket (last error: 0)
[2026.02.12-16.28.35:445][874]LogUdpMessaging: Warning: StartTransport failed to create multicast socket on 0.0.0.0:0, joined to 230.0.0.1:6666 with TTL 1
[2026.02.12-16.28.35:598][874]LogUdpMessaging: Warning: UDP messaging encountered an error. Auto repair routine started for reinitialization
[2026.02.12-16.28.37:465][880]FUdpSocketBuilder: Failed to subscribe UdpMessageMulticastSocket to multicast group 230.0.0.1 on interface 0.0.0.0
[2026.02.12-16.28.37:465][880]FUdpSocketBuilder: Failed to create and initialize socket UdpMessageMulticastSocket (last error: 0)
[2026.02.12-16.28.37:465][880]LogUdpMessaging: Warning: StartTransport failed to create multicast socket on 0.0.0.0:0, joined to 230.0.0.1:6666 with TTL 1
[2026.02.12-16.28.37:600][880]LogUdpMessaging: Warning: UDP messaging encountered an error. Auto repair routine started for reinitialization
[2026.02.12-16.28.39:485][886]FUdpSocketBuilder: Failed to subscribe UdpMessageMulticastSocket to multicast group 230.0.0.1 on interface 0.0.0.0
[2026.02.12-16.28.39:485][886]FUdpSocketBuilder: Failed to create and initialize socket UdpMessageMulticastSocket (last error: 0)
[2026.02.12-16.28.39:485][886]LogUdpMessaging: Warning: StartTransport failed to create multicast socket on 0.0.0.0:0, joined to 230.0.0.1:6666 with TTL 1
[2026.02.12-16.28.39:614][886]LogUdpMessaging: Warning: UDP messaging encountered an error. Auto repair routine started for reinitialization
[2026.02.12-16.28.41:401][892]FUdpSocketBuilder: Failed to subscribe UdpMessageMulticastSocket to multicast group 230.0.0.1 on interface 0.0.0.0
[2026.02.12-16.28.41:401][892]FUdpSocketBuilder: Failed to create and initialize socket UdpMessageMulticastSocket (last error: 0)
[2026.02.12-16.28.41:401][892]LogUdpMessaging: Warning: StartTransport failed to create multicast socket on 0.0.0.0:0, joined to 230.0.0.1:6666 with TTL 1
[2026.02.12-16.28.41:620][892]LogUdpMessaging: Warning: UDP messaging encountered an error. Auto repair routine started for reinitialization
[2026.02.12-16.28.43:418][898]FUdpSocketBuilder: Failed to subscribe UdpMessageMulticastSocket to multicast group 230.0.0.1 on interface 0.0.0.0
[2026.02.12-16.28.43:418][898]FUdpSocketBuilder: Failed to create and initialize socket UdpMessageMulticastSocket (last error: 0)
[2026.02.12-16.28.43:418][898]LogUdpMessaging: Warning: StartTransport failed to create multicast socket on 0.0.0.0:0, joined to 230.0.0.1:6666 with TTL 1
[2026.02.12-16.28.43:623][898]LogUdpMessaging: Warning: UDP messaging encountered an error. Auto repair routine started for reinitialization
[2026.02.12-16.28.45:436][904]FUdpSocketBuilder: Failed to subscribe UdpMessageMulticastSocket to multicast group 230.0.0.1 on interface 0.0.0.0
[2026.02.12-16.28.45:436][904]FUdpSocketBuilder: Failed to create and initialize socket UdpMessageMulticastSocket (last error: 0)
[2026.02.12-16.28.45:436][904]LogUdpMessaging: Warning: StartTransport failed to create multicast socket on 0.0.0.0:0, joined to 230.0.0.1:6666 with TTL 1
[2026.02.12-16.28.45:627][904]LogUdpMessaging: Warning: UDP messaging encountered an error. Auto repair routine started for reinitialization
[2026.02.12-16.28.47:456][910]FUdpSocketBuilder: Failed to subscribe UdpMessageMulticastSocket to multicast group 230.0.0.1 on interface 0.0.0.0
[2026.02.12-16.28.47:456][910]FUdpSocketBuilder: Failed to create and initialize socket UdpMessageMulticastSocket (last error: 0)
[2026.02.12-16.28.47:456][910]LogUdpMessaging: Warning: StartTransport failed to create multicast socket on 0.0.0.0:0, joined to 230.0.0.1:6666 with TTL 1
[2026.02.12-16.28.47:629][910]LogUdpMessaging: Warning: UDP messaging encountered an error. Auto repair routine started for reinitialization
[2026.02.12-16.28.49:475][916]FUdpSocketBuilder: Failed to subscribe UdpMessageMulticastSocket to multicast group 230.0.0.1 on interface 0.0.0.0
[2026.02.12-16.28.49:475][916]FUdpSocketBuilder: Failed to create and initialize socket UdpMessageMulticastSocket (last error: 0)
[2026.02.12-16.28.49:475][916]LogUdpMessaging: Warning: StartTransport failed to create multicast socket on 0.0.0.0:0, joined to 230.0.0.1:6666 with TTL 1
[2026.02.12-16.28.49:635][916]LogUdpMessaging: Warning: UDP messaging encountered an error. Auto repair routine started for reinitialization
[2026.02.12-16.28.51:492][922]FUdpSocketBuilder: Failed to subscribe UdpMessageMulticastSocket to multicast group 230.0.0.1 on interface 0.0.0.0
[2026.02.12-16.28.51:492][922]FUdpSocketBuilder: Failed to create and initialize socket UdpMessageMulticastSocket (last error: 0)
[2026.02.12-16.28.51:492][922]LogUdpMessaging: Warning: StartTransport failed to create multicast socket on 0.0.0.0:0, joined to 230.0.0.1:6666 with TTL 1
[2026.02.12-16.28.51:642][922]LogUdpMessaging: Warning: UDP messaging encountered an error. Auto repair routine started for reinitialization
[2026.02.12-16.28.53:509][928]FUdpSocketBuilder: Failed to subscribe UdpMessageMulticastSocket to multicast group 230.0.0.1 on interface 0.0.0.0
[2026.02.12-16.28.53:509][928]FUdpSocketBuilder: Failed to create and initialize socket UdpMessageMulticastSocket (last error: 0)
[2026.02.12-16.28.53:509][928]LogUdpMessaging: Warning: StartTransport failed to create multicast socket on 0.0.0.0:0, joined to 230.0.0.1:6666 with TTL 1
[2026.02.12-16.28.53:648][928]LogUdpMessaging: Warning: UDP messaging encountered an error. Auto repair routine started for reinitialization
[2026.02.12-16.28.55:525][934]FUdpSocketBuilder: Failed to subscribe UdpMessageMulticastSocket to multicast group 230.0.0.1 on interface 0.0.0.0
[2026.02.12-16.28.55:525][934]FUdpSocketBuilder: Failed to create and initialize socket UdpMessageMulticastSocket (last error: 0)
[2026.02.12-16.28.55:525][934]LogUdpMessaging: Warning: StartTransport failed to create multicast socket on 0.0.0.0:0, joined to 230.0.0.1:6666 with TTL 1
[2026.02.12-16.28.55:664][934]LogUdpMessaging: Warning: UDP messaging encountered an error. Auto repair routine started for reinitialization
[2026.02.12-16.28.57:540][940]FUdpSocketBuilder: Failed to subscribe UdpMessageMulticastSocket to multicast group 230.0.0.1 on interface 0.0.0.0
[2026.02.12-16.28.57:540][940]FUdpSocketBuilder: Failed to create and initialize socket UdpMessageMulticastSocket (last error: 0)
[2026.02.12-16.28.57:540][940]LogUdpMessaging: Warning: StartTransport failed to create multicast socket on 0.0.0.0:0, joined to 230.0.0.1:6666 with TTL 1
[2026.02.12-16.28.57:676][940]LogUdpMessaging: Warning: UDP messaging encountered an error. Auto repair routine started for reinitialization
[2026.02.12-16.28.59:455][946]FUdpSocketBuilder: Failed to subscribe UdpMessageMulticastSocket to multicast group 230.0.0.1 on interface 0.0.0.0
[2026.02.12-16.28.59:455][946]FUdpSocketBuilder: Failed to create and initialize socket UdpMessageMulticastSocket (last error: 0)
[2026.02.12-16.28.59:455][946]LogUdpMessaging: Warning: StartTransport failed to create multicast socket on 0.0.0.0:0, joined to 230.0.0.1:6666 with TTL 1
[2026.02.12-16.28.59:683][946]LogUdpMessaging: Warning: UDP messaging encountered an error. Auto repair routine started for reinitialization
[2026.02.12-16.29.01:475][952]FUdpSocketBuilder: Failed to subscribe UdpMessageMulticastSocket to multicast group 230.0.0.1 on interface 0.0.0.0
[2026.02.12-16.29.01:475][952]FUdpSocketBuilder: Failed to create and initialize socket UdpMessageMulticastSocket (last error: 0)
[2026.02.12-16.29.01:475][952]LogUdpMessaging: Warning: StartTransport failed to create multicast socket on 0.0.0.0:0, joined to 230.0.0.1:6666 with TTL 1
[2026.02.12-16.29.01:696][952]LogUdpMessaging: Warning: UDP messaging encountered an error. Auto repair routine started for reinitialization
[2026.02.12-16.29.03:498][958]FUdpSocketBuilder: Failed to subscribe UdpMessageMulticastSocket to multicast group 230.0.0.1 on interface 0.0.0.0
[2026.02.12-16.29.03:498][958]FUdpSocketBuilder: Failed to create and initialize socket UdpMessageMulticastSocket (last error: 0)
[2026.02.12-16.29.03:499][958]LogUdpMessaging: Warning: StartTransport failed to create multicast socket on 0.0.0.0:0, joined to 230.0.0.1:6666 with TTL 1
[2026.02.12-16.29.03:708][958]LogUdpMessaging: Warning: UDP messaging encountered an error. Auto repair routine started for reinitialization
[2026.02.12-16.29.05:518][964]FUdpSocketBuilder: Failed to subscribe UdpMessageMulticastSocket to multicast group 230.0.0.1 on interface 0.0.0.0
[2026.02.12-16.29.05:518][964]FUdpSocketBuilder: Failed to create and initialize socket UdpMessageMulticastSocket (last error: 0)
[2026.02.12-16.29.05:518][964]LogUdpMessaging: Warning: StartTransport failed to create multicast socket on 0.0.0.0:0, joined to 230.0.0.1:6666 with TTL 1
[2026.02.12-16.29.05:712][964]LogUdpMessaging: Warning: UDP messaging encountered an error. Auto repair routine started for reinitialization
[2026.02.12-16.29.07:537][970]FUdpSocketBuilder: Failed to subscribe UdpMessageMulticastSocket to multicast group 230.0.0.1 on interface 0.0.0.0
[2026.02.12-16.29.07:537][970]FUdpSocketBuilder: Failed to create and initialize socket UdpMessageMulticastSocket (last error: 0)
[2026.02.12-16.29.07:537][970]LogUdpMessaging: Warning: StartTransport failed to create multicast socket on 0.0.0.0:0, joined to 230.0.0.1:6666 with TTL 1
[2026.02.12-16.29.07:721][970]LogUdpMessaging: Warning: UDP messaging encountered an error. Auto repair routine started for reinitialization
[2026.02.12-16.29.09:551][976]FUdpSocketBuilder: Failed to subscribe UdpMessageMulticastSocket to multicast group 230.0.0.1 on interface 0.0.0.0
[2026.02.12-16.29.09:551][976]FUdpSocketBuilder: Failed to create and initialize socket UdpMessageMulticastSocket (last error: 0)
[2026.02.12-16.29.09:551][976]LogUdpMessaging: Warning: StartTransport failed to create multicast socket on 0.0.0.0:0, joined to 230.0.0.1:6666 with TTL 1
[2026.02.12-16.29.09:728][976]LogUdpMessaging: Warning: UDP messaging encountered an error. Auto repair routine started for reinitialization
[2026.02.12-16.29.11:566][982]FUdpSocketBuilder: Failed to subscribe UdpMessageMulticastSocket to multicast group 230.0.0.1 on interface 0.0.0.0
[2026.02.12-16.29.11:566][982]FUdpSocketBuilder: Failed to create and initialize socket UdpMessageMulticastSocket (last error: 0)
[2026.02.12-16.29.11:566][982]LogUdpMessaging: Warning: StartTransport failed to create multicast socket on 0.0.0.0:0, joined to 230.0.0.1:6666 with TTL 1
[2026.02.12-16.29.11:730][982]LogUdpMessaging: Warning: UDP messaging encountered an error. Auto repair routine started for reinitialization
[2026.02.12-16.29.13:584][988]FUdpSocketBuilder: Failed to subscribe UdpMessageMulticastSocket to multicast group 230.0.0.1 on interface 0.0.0.0
[2026.02.12-16.29.13:584][988]FUdpSocketBuilder: Failed to create and initialize socket UdpMessageMulticastSocket (last error: 0)
[2026.02.12-16.29.13:584][988]LogUdpMessaging: Warning: StartTransport failed to create multicast socket on 0.0.0.0:0, joined to 230.0.0.1:6666 with TTL 1
[2026.02.12-16.29.13:731][988]LogUdpMessaging: Warning: UDP messaging encountered an error. Auto repair routine started for reinitialization
[2026.02.12-16.29.15:597][994]FUdpSocketBuilder: Failed to subscribe UdpMessageMulticastSocket to multicast group 230.0.0.1 on interface 0.0.0.0
[2026.02.12-16.29.15:597][994]FUdpSocketBuilder: Failed to create and initialize socket UdpMessageMulticastSocket (last error: 0)
[2026.02.12-16.29.15:597][994]LogUdpMessaging: Warning: StartTransport failed to create multicast socket on 0.0.0.0:0, joined to 230.0.0.1:6666 with TTL 1
[2026.02.12-16.29.15:747][994]LogUdpMessaging: Warning: UDP messaging encountered an error. Auto repair routine started for reinitialization
[2026.02.12-16.29.17:612][  0]FUdpSocketBuilder: Failed to subscribe UdpMessageMulticastSocket to multicast group 230.0.0.1 on interface 0.0.0.0
[2026.02.12-16.29.17:612][  0]FUdpSocketBuilder: Failed to create and initialize socket UdpMessageMulticastSocket (last error: 0)
[2026.02.12-16.29.17:612][  0]LogUdpMessaging: Warning: StartTransport failed to create multicast socket on 0.0.0.0:0, joined to 230.0.0.1:6666 with TTL 1
[2026.02.12-16.29.17:757][  0]LogUdpMessaging: Warning: UDP messaging encountered an error. Auto repair routine started for reinitialization
[2026.02.12-16.29.19:635][  6]FUdpSocketBuilder: Failed to subscribe UdpMessageMulticastSocket to multicast group 230.0.0.1 on interface 0.0.0.0
[2026.02.12-16.29.19:636][  6]FUdpSocketBuilder: Failed to create and initialize socket UdpMessageMulticastSocket (last error: 0)
[2026.02.12-16.29.19:636][  6]LogUdpMessaging: Warning: StartTransport failed to create multicast socket on 0.0.0.0:0, joined to 230.0.0.1:6666 with TTL 1
[2026.02.12-16.29.19:782][  6]LogUdpMessaging: Warning: UDP messaging encountered an error. Auto repair routine started for reinitialization
[2026.02.12-16.29.21:654][ 12]FUdpSocketBuilder: Failed to subscribe UdpMessageMulticastSocket to multicast group 230.0.0.1 on interface 0.0.0.0
[2026.02.12-16.29.21:654][ 12]FUdpSocketBuilder: Failed to create and initialize socket UdpMessageMulticastSocket (last error: 0)
[2026.02.12-16.29.21:654][ 12]LogUdpMessaging: Warning: StartTransport failed to create multicast socket on 0.0.0.0:0, joined to 230.0.0.1:6666 with TTL 1
[2026.02.12-16.29.21:790][ 12]LogUdpMessaging: Warning: UDP messaging encountered an error. Auto repair routine started for reinitialization
[2026.02.12-16.29.23:574][ 18]FUdpSocketBuilder: Failed to subscribe UdpMessageMulticastSocket to multicast group 230.0.0.1 on interface 0.0.0.0
[2026.02.12-16.29.23:574][ 18]FUdpSocketBuilder: Failed to create and initialize socket UdpMessageMulticastSocket (last error: 0)
[2026.02.12-16.29.23:574][ 18]LogUdpMessaging: Warning: StartTransport failed to create multicast socket on 0.0.0.0:0, joined to 230.0.0.1:6666 with TTL 1
[2026.02.12-16.29.23:796][ 18]LogUdpMessaging: Warning: UDP messaging encountered an error. Auto repair routine started for reinitialization
[2026.02.12-16.29.25:595][ 24]FUdpSocketBuilder: Failed to subscribe UdpMessageMulticastSocket to multicast group 230.0.0.1 on interface 0.0.0.0
[2026.02.12-16.29.25:595][ 24]FUdpSocketBuilder: Failed to create and initialize socket UdpMessageMulticastSocket (last error: 0)
[2026.02.12-16.29.25:595][ 24]LogUdpMessaging: Warning: StartTransport failed to create multicast socket on 0.0.0.0:0, joined to 230.0.0.1:6666 with TTL 1
[2026.02.12-16.29.25:804][ 24]LogUdpMessaging: Warning: UDP messaging encountered an error. Auto repair routine started for reinitialization
[2026.02.12-16.29.27:615][ 30]FUdpSocketBuilder: Failed to subscribe UdpMessageMulticastSocket to multicast group 230.0.0.1 on interface 0.0.0.0
[2026.02.12-16.29.27:615][ 30]FUdpSocketBuilder: Failed to create and initialize socket UdpMessageMulticastSocket (last error: 0)
[2026.02.12-16.29.27:615][ 30]LogUdpMessaging: Warning: StartTransport failed to create multicast socket on 0.0.0.0:0, joined to 230.0.0.1:6666 with TTL 1
[2026.02.12-16.29.27:814][ 30]LogUdpMessaging: Warning: UDP messaging encountered an error. Auto repair routine started for reinitialization
[2026.02.12-16.29.29:632][ 36]FUdpSocketBuilder: Failed to subscribe UdpMessageMulticastSocket to multicast group 230.0.0.1 on interface 0.0.0.0
[2026.02.12-16.29.29:632][ 36]FUdpSocketBuilder: Failed to create and initialize socket UdpMessageMulticastSocket (last error: 0)
[2026.02.12-16.29.29:632][ 36]LogUdpMessaging: Warning: StartTransport failed to create multicast socket on 0.0.0.0:0, joined to 230.0.0.1:6666 with TTL 1
[2026.02.12-16.29.29:818][ 36]LogUdpMessaging: Warning: UDP messaging encountered an error. Auto repair routine started for reinitialization
[2026.02.12-16.29.31:649][ 42]FUdpSocketBuilder: Failed to subscribe UdpMessageMulticastSocket to multicast group 230.0.0.1 on interface 0.0.0.0
[2026.02.12-16.29.31:649][ 42]FUdpSocketBuilder: Failed to create and initialize socket UdpMessageMulticastSocket (last error: 0)
[2026.02.12-16.29.31:650][ 42]LogUdpMessaging: Warning: StartTransport failed to create multicast socket on 0.0.0.0:0, joined to 230.0.0.1:6666 with TTL 1
[2026.02.12-16.29.31:826][ 42]LogUdpMessaging: Warning: UDP messaging encountered an error. Auto repair routine started for reinitialization
[2026.02.12-16.29.33:670][ 48]FUdpSocketBuilder: Failed to subscribe UdpMessageMulticastSocket to multicast group 230.0.0.1 on interface 0.0.0.0
[2026.02.12-16.29.33:670][ 48]FUdpSocketBuilder: Failed to create and initialize socket UdpMessageMulticastSocket (last error: 0)
[2026.02.12-16.29.33:670][ 48]LogUdpMessaging: Warning: StartTransport failed to create multicast socket on 0.0.0.0:0, joined to 230.0.0.1:6666 with TTL 1
[2026.02.12-16.29.33:834][ 48]LogUdpMessaging: Warning: UDP messaging encountered an error. Auto repair routine started for reinitialization
[2026.02.12-16.29.35:687][ 54]FUdpSocketBuilder: Failed to subscribe UdpMessageMulticastSocket to multicast group 230.0.0.1 on interface 0.0.0.0
[2026.02.12-16.29.35:687][ 54]FUdpSocketBuilder: Failed to create and initialize socket UdpMessageMulticastSocket (last error: 0)
[2026.02.12-16.29.35:687][ 54]LogUdpMessaging: Warning: StartTransport failed to create multicast socket on 0.0.0.0:0, joined to 230.0.0.1:6666 with TTL 1
[2026.02.12-16.29.35:840][ 54]LogUdpMessaging: Warning: UDP messaging encountered an error. Auto repair routine started for reinitialization
[2026.02.12-16.29.37:702][ 60]FUdpSocketBuilder: Failed to subscribe UdpMessageMulticastSocket to multicast group 230.0.0.1 on interface 0.0.0.0
[2026.02.12-16.29.37:702][ 60]FUdpSocketBuilder: Failed to create and initialize socket UdpMessageMulticastSocket (last error: 0)
[2026.02.12-16.29.37:702][ 60]LogUdpMessaging: Warning: StartTransport failed to create multicast socket on 0.0.0.0:0, joined to 230.0.0.1:6666 with TTL 1
[2026.02.12-16.29.37:847][ 60]LogUdpMessaging: Warning: UDP messaging encountered an error. Auto repair routine started for reinitialization
[2026.02.12-16.29.39:724][ 66]FUdpSocketBuilder: Failed to subscribe UdpMessageMulticastSocket to multicast group 230.0.0.1 on interface 0.0.0.0
[2026.02.12-16.29.39:724][ 66]FUdpSocketBuilder: Failed to create and initialize socket UdpMessageMulticastSocket (last error: 0)
[2026.02.12-16.29.39:724][ 66]LogUdpMessaging: Warning: StartTransport failed to create multicast socket on 0.0.0.0:0, joined to 230.0.0.1:6666 with TTL 1
[2026.02.12-16.29.39:865][ 66]LogUdpMessaging: Warning: UDP messaging encountered an error. Auto repair routine started for reinitialization
[2026.02.12-16.29.41:743][ 72]FUdpSocketBuilder: Failed to subscribe UdpMessageMulticastSocket to multicast group 230.0.0.1 on interface 0.0.0.0
[2026.02.12-16.29.41:743][ 72]FUdpSocketBuilder: Failed to create and initialize socket UdpMessageMulticastSocket (last error: 0)
[2026.02.12-16.29.41:743][ 72]LogUdpMessaging: Warning: StartTransport failed to create multicast socket on 0.0.0.0:0, joined to 230.0.0.1:6666 with TTL 1
[2026.02.12-16.29.41:877][ 72]LogUdpMessaging: Warning: UDP messaging encountered an error. Auto repair routine started for reinitialization
[2026.02.12-16.29.43:765][ 78]FUdpSocketBuilder: Failed to subscribe UdpMessageMulticastSocket to multicast group 230.0.0.1 on interface 0.0.0.0
[2026.02.12-16.29.43:765][ 78]FUdpSocketBuilder: Failed to create and initialize socket UdpMessageMulticastSocket (last error: 0)
[2026.02.12-16.29.43:765][ 78]LogUdpMessaging: Warning: StartTransport failed to create multicast socket on 0.0.0.0:0, joined to 230.0.0.1:6666 with TTL 1
[2026.02.12-16.29.43:883][ 78]LogUdpMessaging: Warning: UDP messaging encountered an error. Auto repair routine started for reinitialization
[2026.02.12-16.29.45:681][ 84]FUdpSocketBuilder: Failed to subscribe UdpMessageMulticastSocket to multicast group 230.0.0.1 on interface 0.0.0.0
[2026.02.12-16.29.45:681][ 84]FUdpSocketBuilder: Failed to create and initialize socket UdpMessageMulticastSocket (last error: 0)
[2026.02.12-16.29.45:681][ 84]LogUdpMessaging: Warning: StartTransport failed to create multicast socket on 0.0.0.0:0, joined to 230.0.0.1:6666 with TTL 1
[2026.02.12-16.29.45:888][ 84]LogUdpMessaging: Warning: UDP messaging encountered an error. Auto repair routine started for reinitialization
[2026.02.12-16.29.47:698][ 90]FUdpSocketBuilder: Failed to subscribe UdpMessageMulticastSocket to multicast group 230.0.0.1 on interface 0.0.0.0
[2026.02.12-16.29.47:698][ 90]FUdpSocketBuilder: Failed to create and initialize socket UdpMessageMulticastSocket (last error: 0)
[2026.02.12-16.29.47:698][ 90]LogUdpMessaging: Warning: StartTransport failed to create multicast socket on 0.0.0.0:0, joined to 230.0.0.1:6666 with TTL 1
[2026.02.12-16.29.47:893][ 90]LogUdpMessaging: Warning: UDP messaging encountered an error. Auto repair routine started for reinitialization
[2026.02.12-16.29.49:713][190]FUdpSocketBuilder: Failed to subscribe UdpMessageMulticastSocket to multicast group 230.0.0.1 on interface 0.0.0.0
[2026.02.12-16.29.49:713][190]FUdpSocketBuilder: Failed to create and initialize socket UdpMessageMulticastSocket (last error: 0)
[2026.02.12-16.29.49:713][190]LogUdpMessaging: Warning: StartTransport failed to create multicast socket on 0.0.0.0:0, joined to 230.0.0.1:6666 with TTL 1
[2026.02.12-16.29.49:735][191]LogUdpMessaging: Warning: UDP messaging encountered an error. Auto repair routine started for reinitialization
[2026.02.12-16.29.50:927][251]FUdpSocketBuilder: Failed to subscribe UdpMessageMulticastSocket to multicast group 230.0.0.1 on interface 0.0.0.0
[2026.02.12-16.29.50:927][251]FUdpSocketBuilder: Failed to create and initialize socket UdpMessageMulticastSocket (last error: 0)
[2026.02.12-16.29.50:927][251]LogUdpMessaging: Warning: StartTransport failed to create multicast socket on 0.0.0.0:0, joined to 230.0.0.1:6666 with TTL 1
[2026.02.12-16.29.50:949][252]LogUdpMessaging: Warning: UDP messaging encountered an error. Auto repair routine started for reinitialization
[2026.02.12-16.29.51:757][299]BlueprintLog: New page: Compile W_PlayerHUD
[2026.02.12-16.29.51:791][299]LogUObjectHash: Compacting FUObjectHashTables data took   2.15ms
[2026.02.12-16.29.52:137][309]FUdpSocketBuilder: Failed to subscribe UdpMessageMulticastSocket to multicast group 230.0.0.1 on interface 0.0.0.0
[2026.02.12-16.29.52:137][309]FUdpSocketBuilder: Failed to create and initialize socket UdpMessageMulticastSocket (last error: 0)
[2026.02.12-16.29.52:137][309]LogUdpMessaging: Warning: StartTransport failed to create multicast socket on 0.0.0.0:0, joined to 230.0.0.1:6666 with TTL 1
[2026.02.12-16.29.52:158][310]LogUdpMessaging: Warning: UDP messaging encountered an error. Auto repair routine started for reinitialization
[2026.02.12-16.29.54:358][429]FUdpSocketBuilder: Failed to subscribe UdpMessageMulticastSocket to multicast group 230.0.0.1 on interface 0.0.0.0
[2026.02.12-16.29.54:358][429]FUdpSocketBuilder: Failed to create and initialize socket UdpMessageMulticastSocket (last error: 0)
[2026.02.12-16.29.54:358][429]LogUdpMessaging: Warning: StartTransport failed to create multicast socket on 0.0.0.0:0, joined to 230.0.0.1:6666 with TTL 1
[2026.02.12-16.29.54:375][430]LogUdpMessaging: Warning: UDP messaging encountered an error. Auto repair routine started for reinitialization
[2026.02.12-16.29.56:375][539]FUdpSocketBuilder: Failed to subscribe UdpMessageMulticastSocket to multicast group 230.0.0.1 on interface 0.0.0.0
[2026.02.12-16.29.56:375][539]FUdpSocketBuilder: Failed to create and initialize socket UdpMessageMulticastSocket (last error: 0)
[2026.02.12-16.29.56:375][539]LogUdpMessaging: Warning: StartTransport failed to create multicast socket on 0.0.0.0:0, joined to 230.0.0.1:6666 with TTL 1
[2026.02.12-16.29.56:396][540]LogUdpMessaging: Warning: UDP messaging encountered an error. Auto repair routine started for reinitialization
[2026.02.12-16.29.58:593][658]FUdpSocketBuilder: Failed to subscribe UdpMessageMulticastSocket to multicast group 230.0.0.1 on interface 0.0.0.0
[2026.02.12-16.29.58:593][658]FUdpSocketBuilder: Failed to create and initialize socket UdpMessageMulticastSocket (last error: 0)
[2026.02.12-16.29.58:593][658]LogUdpMessaging: Warning: StartTransport failed to create multicast socket on 0.0.0.0:0, joined to 230.0.0.1:6666 with TTL 1
[2026.02.12-16.29.58:624][658]LogUdpMessaging: Warning: UDP messaging encountered an error. Auto repair routine started for reinitialization
[2026.02.12-16.30.00:508][765]FUdpSocketBuilder: Failed to subscribe UdpMessageMulticastSocket to multicast group 230.0.0.1 on interface 0.0.0.0
[2026.02.12-16.30.00:508][765]FUdpSocketBuilder: Failed to create and initialize socket UdpMessageMulticastSocket (last error: 0)
[2026.02.12-16.30.00:508][765]LogUdpMessaging: Warning: StartTransport failed to create multicast socket on 0.0.0.0:0, joined to 230.0.0.1:6666 with TTL 1
[2026.02.12-16.30.00:523][765]LogUdpMessaging: Warning: UDP messaging encountered an error. Auto repair routine started for reinitialization
[2026.02.12-16.30.02:529][879]FUdpSocketBuilder: Failed to subscribe UdpMessageMulticastSocket to multicast group 230.0.0.1 on interface 0.0.0.0
[2026.02.12-16.30.02:529][879]FUdpSocketBuilder: Failed to create and initialize socket UdpMessageMulticastSocket (last error: 0)
[2026.02.12-16.30.02:529][879]LogUdpMessaging: Warning: StartTransport failed to create multicast socket on 0.0.0.0:0, joined to 230.0.0.1:6666 with TTL 1
[2026.02.12-16.30.02:551][880]LogUdpMessaging: Warning: UDP messaging encountered an error. Auto repair routine started for reinitialization
[2026.02.12-16.30.03:942][899]FUdpSocketBuilder: Failed to subscribe UdpMessageMulticastSocket to multicast group 230.0.0.1 on interface 0.0.0.0
[2026.02.12-16.30.03:942][899]FUdpSocketBuilder: Failed to create and initialize socket UdpMessageMulticastSocket (last error: 0)
[2026.02.12-16.30.03:943][899]LogUdpMessaging: Warning: StartTransport failed to create multicast socket on 0.0.0.0:0, joined to 230.0.0.1:6666 with TTL 1
[2026.02.12-16.30.04:142][899]LogUdpMessaging: Warning: UDP messaging encountered an error. Auto repair routine started for reinitialization
[2026.02.12-16.30.05:961][905]FUdpSocketBuilder: Failed to subscribe UdpMessageMulticastSocket to multicast group 230.0.0.1 on interface 0.0.0.0
[2026.02.12-16.30.05:961][905]FUdpSocketBuilder: Failed to create and initialize socket UdpMessageMulticastSocket (last error: 0)
[2026.02.12-16.30.05:961][905]LogUdpMessaging: Warning: StartTransport failed to create multicast socket on 0.0.0.0:0, joined to 230.0.0.1:6666 with TTL 1
[2026.02.12-16.30.06:151][905]LogUdpMessaging: Warning: UDP messaging encountered an error. Auto repair routine started for reinitialization
[2026.02.12-16.30.07:976][911]FUdpSocketBuilder: Failed to subscribe UdpMessageMulticastSocket to multicast group 230.0.0.1 on interface 0.0.0.0
[2026.02.12-16.30.07:976][911]FUdpSocketBuilder: Failed to create and initialize socket UdpMessageMulticastSocket (last error: 0)
[2026.02.12-16.30.07:976][911]LogUdpMessaging: Warning: StartTransport failed to create multicast socket on 0.0.0.0:0, joined to 230.0.0.1:6666 with TTL 1
[2026.02.12-16.30.08:156][911]LogUdpMessaging: Warning: UDP messaging encountered an error. Auto repair routine started for reinitialization
[2026.02.12-16.30.09:991][917]FUdpSocketBuilder: Failed to subscribe UdpMessageMulticastSocket to multicast group 230.0.0.1 on interface 0.0.0.0
[2026.02.12-16.30.09:991][917]FUdpSocketBuilder: Failed to create and initialize socket UdpMessageMulticastSocket (last error: 0)
[2026.02.12-16.30.09:991][917]LogUdpMessaging: Warning: StartTransport failed to create multicast socket on 0.0.0.0:0, joined to 230.0.0.1:6666 with TTL 1
[2026.02.12-16.30.10:173][917]LogUdpMessaging: Warning: UDP messaging encountered an error. Auto repair routine started for reinitialization
[2026.02.12-16.30.12:007][923]FUdpSocketBuilder: Failed to subscribe UdpMessageMulticastSocket to multicast group 230.0.0.1 on interface 0.0.0.0
[2026.02.12-16.30.12:007][923]FUdpSocketBuilder: Failed to create and initialize socket UdpMessageMulticastSocket (last error: 0)
[2026.02.12-16.30.12:007][923]LogUdpMessaging: Warning: StartTransport failed to create multicast socket on 0.0.0.0:0, joined to 230.0.0.1:6666 with TTL 1
[2026.02.12-16.30.12:030][924]LogUdpMessaging: Warning: UDP messaging encountered an error. Auto repair routine started for reinitialization
[2026.02.12-16.30.14:428][ 23]FUdpSocketBuilder: Failed to subscribe UdpMessageMulticastSocket to multicast group 230.0.0.1 on interface 0.0.0.0
[2026.02.12-16.30.14:428][ 23]FUdpSocketBuilder: Failed to create and initialize socket UdpMessageMulticastSocket (last error: 0)
[2026.02.12-16.30.14:428][ 23]LogUdpMessaging: Warning: StartTransport failed to create multicast socket on 0.0.0.0:0, joined to 230.0.0.1:6666 with TTL 1
[2026.02.12-16.30.14:643][ 23]LogUdpMessaging: Warning: UDP messaging encountered an error. Auto repair routine started for reinitialization
[2026.02.12-16.30.16:443][ 29]FUdpSocketBuilder: Failed to subscribe UdpMessageMulticastSocket to multicast group 230.0.0.1 on interface 0.0.0.0
[2026.02.12-16.30.16:443][ 29]FUdpSocketBuilder: Failed to create and initialize socket UdpMessageMulticastSocket (last error: 0)
[2026.02.12-16.30.16:443][ 29]LogUdpMessaging: Warning: StartTransport failed to create multicast socket on 0.0.0.0:0, joined to 230.0.0.1:6666 with TTL 1
[2026.02.12-16.30.16:648][ 29]LogUdpMessaging: Warning: UDP messaging encountered an error. Auto repair routine started for reinitialization
[2026.02.12-16.30.18:462][ 35]FUdpSocketBuilder: Failed to subscribe UdpMessageMulticastSocket to multicast group 230.0.0.1 on interface 0.0.0.0
[2026.02.12-16.30.18:462][ 35]FUdpSocketBuilder: Failed to create and initialize socket UdpMessageMulticastSocket (last error: 0)
[2026.02.12-16.30.18:462][ 35]LogUdpMessaging: Warning: StartTransport failed to create multicast socket on 0.0.0.0:0, joined to 230.0.0.1:6666 with TTL 1
[2026.02.12-16.30.18:655][ 35]LogUdpMessaging: Warning: UDP messaging encountered an error. Auto repair routine started for reinitialization
[2026.02.12-16.30.20:477][ 41]FUdpSocketBuilder: Failed to subscribe UdpMessageMulticastSocket to multicast group 230.0.0.1 on interface 0.0.0.0
[2026.02.12-16.30.20:477][ 41]FUdpSocketBuilder: Failed to create and initialize socket UdpMessageMulticastSocket (last error: 0)
[2026.02.12-16.30.20:477][ 41]LogUdpMessaging: Warning: StartTransport failed to create multicast socket on 0.0.0.0:0, joined to 230.0.0.1:6666 with TTL 1
[2026.02.12-16.30.20:669][ 41]LogUdpMessaging: Warning: UDP messaging encountered an error. Auto repair routine started for reinitialization
[2026.02.12-16.30.22:496][ 47]FUdpSocketBuilder: Failed to subscribe UdpMessageMulticastSocket to multicast group 230.0.0.1 on interface 0.0.0.0
[2026.02.12-16.30.22:496][ 47]FUdpSocketBuilder: Failed to create and initialize socket UdpMessageMulticastSocket (last error: 0)
[2026.02.12-16.30.22:496][ 47]LogUdpMessaging: Warning: StartTransport failed to create multicast socket on 0.0.0.0:0, joined to 230.0.0.1:6666 with TTL 1
[2026.02.12-16.30.22:681][ 47]LogUdpMessaging: Warning: UDP messaging encountered an error. Auto repair routine started for reinitialization
[2026.02.12-16.30.24:515][ 53]FUdpSocketBuilder: Failed to subscribe UdpMessageMulticastSocket to multicast group 230.0.0.1 on interface 0.0.0.0
[2026.02.12-16.30.24:516][ 53]FUdpSocketBuilder: Failed to create and initialize socket UdpMessageMulticastSocket (last error: 0)
[2026.02.12-16.30.24:516][ 53]LogUdpMessaging: Warning: StartTransport failed to create multicast socket on 0.0.0.0:0, joined to 230.0.0.1:6666 with TTL 1
[2026.02.12-16.30.24:689][ 53]LogUdpMessaging: Warning: UDP messaging encountered an error. Auto repair routine started for reinitialization
[2026.02.12-16.30.26:537][ 59]FUdpSocketBuilder: Failed to subscribe UdpMessageMulticastSocket to multicast group 230.0.0.1 on interface 0.0.0.0
[2026.02.12-16.30.26:537][ 59]FUdpSocketBuilder: Failed to create and initialize socket UdpMessageMulticastSocket (last error: 0)
[2026.02.12-16.30.26:537][ 59]LogUdpMessaging: Warning: StartTransport failed to create multicast socket on 0.0.0.0:0, joined to 230.0.0.1:6666 with TTL 1
[2026.02.12-16.30.26:701][ 59]LogUdpMessaging: Warning: UDP messaging encountered an error. Auto repair routine started for reinitialization
[2026.02.12-16.30.28:551][ 65]FUdpSocketBuilder: Failed to subscribe UdpMessageMulticastSocket to multicast group 230.0.0.1 on interface 0.0.0.0
[2026.02.12-16.30.28:551][ 65]FUdpSocketBuilder: Failed to create and initialize socket UdpMessageMulticastSocket (last error: 0)
[2026.02.12-16.30.28:551][ 65]LogUdpMessaging: Warning: StartTransport failed to create multicast socket on 0.0.0.0:0, joined to 230.0.0.1:6666 with TTL 1
[2026.02.12-16.30.28:725][ 65]LogUdpMessaging: Warning: UDP messaging encountered an error. Auto repair routine started for reinitialization
[2026.02.12-16.30.30:570][ 71]FUdpSocketBuilder: Failed to subscribe UdpMessageMulticastSocket to multicast group 230.0.0.1 on interface 0.0.0.0
[2026.02.12-16.30.30:570][ 71]FUdpSocketBuilder: Failed to create and initialize socket UdpMessageMulticastSocket (last error: 0)
[2026.02.12-16.30.30:570][ 71]LogUdpMessaging: Warning: StartTransport failed to create multicast socket on 0.0.0.0:0, joined to 230.0.0.1:6666 with TTL 1
[2026.02.12-16.30.30:736][ 71]LogUdpMessaging: Warning: UDP messaging encountered an error. Auto repair routine started for reinitialization
[2026.02.12-16.30.32:587][ 77]FUdpSocketBuilder: Failed to subscribe UdpMessageMulticastSocket to multicast group 230.0.0.1 on interface 0.0.0.0
[2026.02.12-16.30.32:588][ 77]FUdpSocketBuilder: Failed to create and initialize socket UdpMessageMulticastSocket (last error: 0)
[2026.02.12-16.30.32:588][ 77]LogUdpMessaging: Warning: StartTransport failed to create multicast socket on 0.0.0.0:0, joined to 230.0.0.1:6666 with TTL 1
[2026.02.12-16.30.32:741][ 77]LogUdpMessaging: Warning: UDP messaging encountered an error. Auto repair routine started for reinitialization
[2026.02.12-16.30.34:605][ 83]FUdpSocketBuilder: Failed to subscribe UdpMessageMulticastSocket to multicast group 230.0.0.1 on interface 0.0.0.0
[2026.02.12-16.30.34:605][ 83]FUdpSocketBuilder: Failed to create and initialize socket UdpMessageMulticastSocket (last error: 0)
[2026.02.12-16.30.34:605][ 83]LogUdpMessaging: Warning: StartTransport failed to create multicast socket on 0.0.0.0:0, joined to 230.0.0.1:6666 with TTL 1
[2026.02.12-16.30.34:754][ 83]LogUdpMessaging: Warning: UDP messaging encountered an error. Auto repair routine started for reinitialization
[2026.02.12-16.30.36:620][ 89]FUdpSocketBuilder: Failed to subscribe UdpMessageMulticastSocket to multicast group 230.0.0.1 on interface 0.0.0.0
[2026.02.12-16.30.36:620][ 89]FUdpSocketBuilder: Failed to create and initialize socket UdpMessageMulticastSocket (last error: 0)
[2026.02.12-16.30.36:620][ 89]LogUdpMessaging: Warning: StartTransport failed to create multicast socket on 0.0.0.0:0, joined to 230.0.0.1:6666 with TTL 1
[2026.02.12-16.30.36:765][ 89]LogUdpMessaging: Warning: UDP messaging encountered an error. Auto repair routine started for reinitialization
[2026.02.12-16.30.38:638][ 95]FUdpSocketBuilder: Failed to subscribe UdpMessageMulticastSocket to multicast group 230.0.0.1 on interface 0.0.0.0
[2026.02.12-16.30.38:638][ 95]FUdpSocketBuilder: Failed to create and initialize socket UdpMessageMulticastSocket (last error: 0)
[2026.02.12-16.30.38:638][ 95]LogUdpMessaging: Warning: StartTransport failed to create multicast socket on 0.0.0.0:0, joined to 230.0.0.1:6666 with TTL 1
[2026.02.12-16.30.38:776][ 95]LogUdpMessaging: Warning: UDP messaging encountered an error. Auto repair routine started for reinitialization
[2026.02.12-16.30.40:556][101]FUdpSocketBuilder: Failed to subscribe UdpMessageMulticastSocket to multicast group 230.0.0.1 on interface 0.0.0.0
[2026.02.12-16.30.40:556][101]FUdpSocketBuilder: Failed to create and initialize socket UdpMessageMulticastSocket (last error: 0)
[2026.02.12-16.30.40:556][101]LogUdpMessaging: Warning: StartTransport failed to create multicast socket on 0.0.0.0:0, joined to 230.0.0.1:6666 with TTL 1
[2026.02.12-16.30.40:786][101]LogUdpMessaging: Warning: UDP messaging encountered an error. Auto repair routine started for reinitialization
[2026.02.12-16.30.42:677][107]FUdpSocketBuilder: Failed to subscribe UdpMessageMulticastSocket to multicast group 230.0.0.1 on interface 0.0.0.0
[2026.02.12-16.30.42:677][107]FUdpSocketBuilder: Failed to create and initialize socket UdpMessageMulticastSocket (last error: 0)
[2026.02.12-16.30.42:677][107]LogUdpMessaging: Warning: StartTransport failed to create multicast socket on 0.0.0.0:0, joined to 230.0.0.1:6666 with TTL 1
[2026.02.12-16.30.42:805][107]LogUdpMessaging: Warning: UDP messaging encountered an error. Auto repair routine started for reinitialization
[2026.02.12-16.30.44:597][113]FUdpSocketBuilder: Failed to subscribe UdpMessageMulticastSocket to multicast group 230.0.0.1 on interface 0.0.0.0
[2026.02.12-16.30.44:597][113]FUdpSocketBuilder: Failed to create and initialize socket UdpMessageMulticastSocket (last error: 0)
[2026.02.12-16.30.44:597][113]LogUdpMessaging: Warning: StartTransport failed to create multicast socket on 0.0.0.0:0, joined to 230.0.0.1:6666 with TTL 1
[2026.02.12-16.30.44:807][113]LogUdpMessaging: Warning: UDP messaging encountered an error. Auto repair routine started for reinitialization
[2026.02.12-16.30.46:615][119]FUdpSocketBuilder: Failed to subscribe UdpMessageMulticastSocket to multicast group 230.0.0.1 on interface 0.0.0.0
[2026.02.12-16.30.46:615][119]FUdpSocketBuilder: Failed to create and initialize socket UdpMessageMulticastSocket (last error: 0)
[2026.02.12-16.30.46:615][119]LogUdpMessaging: Warning: StartTransport failed to create multicast socket on 0.0.0.0:0, joined to 230.0.0.1:6666 with TTL 1
[2026.02.12-16.30.46:821][119]LogUdpMessaging: Warning: UDP messaging encountered an error. Auto repair routine started for reinitialization
[2026.02.12-16.30.48:634][125]FUdpSocketBuilder: Failed to subscribe UdpMessageMulticastSocket to multicast group 230.0.0.1 on interface 0.0.0.0
[2026.02.12-16.30.48:634][125]FUdpSocketBuilder: Failed to create and initialize socket UdpMessageMulticastSocket (last error: 0)
[2026.02.12-16.30.48:634][125]LogUdpMessaging: Warning: StartTransport failed to create multicast socket on 0.0.0.0:0, joined to 230.0.0.1:6666 with TTL 1
[2026.02.12-16.30.48:832][125]LogUdpMessaging: Warning: UDP messaging encountered an error. Auto repair routine started for reinitialization
[2026.02.12-16.30.50:647][131]FUdpSocketBuilder: Failed to subscribe UdpMessageMulticastSocket to multicast group 230.0.0.1 on interface 0.0.0.0
[2026.02.12-16.30.50:648][131]FUdpSocketBuilder: Failed to create and initialize socket UdpMessageMulticastSocket (last error: 0)
[2026.02.12-16.30.50:648][131]LogUdpMessaging: Warning: StartTransport failed to create multicast socket on 0.0.0.0:0, joined to 230.0.0.1:6666 with TTL 1
[2026.02.12-16.30.50:839][131]LogUdpMessaging: Warning: UDP messaging encountered an error. Auto repair routine started for reinitialization
[2026.02.12-16.30.52:573][137]FUdpSocketBuilder: Failed to subscribe UdpMessageMulticastSocket to multicast group 230.0.0.1 on interface 0.0.0.0
[2026.02.12-16.30.52:573][137]FUdpSocketBuilder: Failed to create and initialize socket UdpMessageMulticastSocket (last error: 0)
[2026.02.12-16.30.52:573][137]LogUdpMessaging: Warning: StartTransport failed to create multicast socket on 0.0.0.0:0, joined to 230.0.0.1:6666 with TTL 1
[2026.02.12-16.30.52:865][137]LogUdpMessaging: Warning: UDP messaging encountered an error. Auto repair routine started for reinitialization
[2026.02.12-16.30.54:689][143]FUdpSocketBuilder: Failed to subscribe UdpMessageMulticastSocket to multicast group 230.0.0.1 on interface 0.0.0.0
[2026.02.12-16.30.54:689][143]FUdpSocketBuilder: Failed to create and initialize socket UdpMessageMulticastSocket (last error: 0)
[2026.02.12-16.30.54:689][143]LogUdpMessaging: Warning: StartTransport failed to create multicast socket on 0.0.0.0:0, joined to 230.0.0.1:6666 with TTL 1
[2026.02.12-16.30.54:879][143]LogUdpMessaging: Warning: UDP messaging encountered an error. Auto repair routine started for reinitialization
[2026.02.12-16.30.56:704][149]FUdpSocketBuilder: Failed to subscribe UdpMessageMulticastSocket to multicast group 230.0.0.1 on interface 0.0.0.0
[2026.02.12-16.30.56:704][149]FUdpSocketBuilder: Failed to create and initialize socket UdpMessageMulticastSocket (last error: 0)
[2026.02.12-16.30.56:704][149]LogUdpMessaging: Warning: StartTransport failed to create multicast socket on 0.0.0.0:0, joined to 230.0.0.1:6666 with TTL 1
[2026.02.12-16.30.56:889][149]LogUdpMessaging: Warning: UDP messaging encountered an error. Auto repair routine started for reinitialization
[2026.02.12-16.30.58:719][155]FUdpSocketBuilder: Failed to subscribe UdpMessageMulticastSocket to multicast group 230.0.0.1 on interface 0.0.0.0
[2026.02.12-16.30.58:719][155]FUdpSocketBuilder: Failed to create and initialize socket UdpMessageMulticastSocket (last error: 0)
[2026.02.12-16.30.58:719][155]LogUdpMessaging: Warning: StartTransport failed to create multicast socket on 0.0.0.0:0, joined to 230.0.0.1:6666 with TTL 1
[2026.02.12-16.30.58:899][155]LogUdpMessaging: Warning: UDP messaging encountered an error. Auto repair routine started for reinitialization
[2026.02.12-16.31.00:732][256]FUdpSocketBuilder: Failed to subscribe UdpMessageMulticastSocket to multicast group 230.0.0.1 on interface 0.0.0.0
[2026.02.12-16.31.00:732][256]FUdpSocketBuilder: Failed to create and initialize socket UdpMessageMulticastSocket (last error: 0)
[2026.02.12-16.31.00:732][256]LogUdpMessaging: Warning: StartTransport failed to create multicast socket on 0.0.0.0:0, joined to 230.0.0.1:6666 with TTL 1
[2026.02.12-16.31.00:752][257]LogUdpMessaging: Warning: UDP messaging encountered an error. Auto repair routine started for reinitialization
[2026.02.12-16.31.02:847][377]FUdpSocketBuilder: Failed to subscribe UdpMessageMulticastSocket to multicast group 230.0.0.1 on interface 0.0.0.0
[2026.02.12-16.31.02:847][377]FUdpSocketBuilder: Failed to create and initialize socket UdpMessageMulticastSocket (last error: 0)
[2026.02.12-16.31.02:847][377]LogUdpMessaging: Warning: StartTransport failed to create multicast socket on 0.0.0.0:0, joined to 230.0.0.1:6666 with TTL 1
[2026.02.12-16.31.02:870][378]LogUdpMessaging: Warning: UDP messaging encountered an error. Auto repair routine started for reinitialization
[2026.02.12-16.31.04:964][498]FUdpSocketBuilder: Failed to subscribe UdpMessageMulticastSocket to multicast group 230.0.0.1 on interface 0.0.0.0
[2026.02.12-16.31.04:964][498]FUdpSocketBuilder: Failed to create and initialize socket UdpMessageMulticastSocket (last error: 0)
[2026.02.12-16.31.04:964][498]LogUdpMessaging: Warning: StartTransport failed to create multicast socket on 0.0.0.0:0, joined to 230.0.0.1:6666 with TTL 1
[2026.02.12-16.31.04:984][499]LogUdpMessaging: Warning: UDP messaging encountered an error. Auto repair routine started for reinitialization
[2026.02.12-16.31.07:081][619]FUdpSocketBuilder: Failed to subscribe UdpMessageMulticastSocket to multicast group 230.0.0.1 on interface 0.0.0.0
[2026.02.12-16.31.07:081][619]FUdpSocketBuilder: Failed to create and initialize socket UdpMessageMulticastSocket (last error: 0)
[2026.02.12-16.31.07:081][619]LogUdpMessaging: Warning: StartTransport failed to create multicast socket on 0.0.0.0:0, joined to 230.0.0.1:6666 with TTL 1
[2026.02.12-16.31.07:103][620]LogUdpMessaging: Warning: UDP messaging encountered an error. Auto repair routine started for reinitialization
[2026.02.12-16.31.09:300][737]FUdpSocketBuilder: Failed to subscribe UdpMessageMulticastSocket to multicast group 230.0.0.1 on interface 0.0.0.0
[2026.02.12-16.31.09:300][737]FUdpSocketBuilder: Failed to create and initialize socket UdpMessageMulticastSocket (last error: 0)
[2026.02.12-16.31.09:300][737]LogUdpMessaging: Warning: StartTransport failed to create multicast socket on 0.0.0.0:0, joined to 230.0.0.1:6666 with TTL 1
[2026.02.12-16.31.09:317][738]LogUdpMessaging: Warning: UDP messaging encountered an error. Auto repair routine started for reinitialization
[2026.02.12-16.31.11:318][846]FUdpSocketBuilder: Failed to subscribe UdpMessageMulticastSocket to multicast group 230.0.0.1 on interface 0.0.0.0
[2026.02.12-16.31.11:318][846]FUdpSocketBuilder: Failed to create and initialize socket UdpMessageMulticastSocket (last error: 0)
[2026.02.12-16.31.11:318][846]LogUdpMessaging: Warning: StartTransport failed to create multicast socket on 0.0.0.0:0, joined to 230.0.0.1:6666 with TTL 1
[2026.02.12-16.31.11:338][847]LogUdpMessaging: Warning: UDP messaging encountered an error. Auto repair routine started for reinitialization
[2026.02.12-16.31.12:530][907]FUdpSocketBuilder: Failed to subscribe UdpMessageMulticastSocket to multicast group 230.0.0.1 on interface 0.0.0.0
[2026.02.12-16.31.12:530][907]FUdpSocketBuilder: Failed to create and initialize socket UdpMessageMulticastSocket (last error: 0)
[2026.02.12-16.31.12:530][907]LogUdpMessaging: Warning: StartTransport failed to create multicast socket on 0.0.0.0:0, joined to 230.0.0.1:6666 with TTL 1
[2026.02.12-16.31.12:547][908]LogUdpMessaging: Warning: UDP messaging encountered an error. Auto repair routine started for reinitialization
[2026.02.12-16.31.14:545][ 17]FUdpSocketBuilder: Failed to subscribe UdpMessageMulticastSocket to multicast group 230.0.0.1 on interface 0.0.0.0
[2026.02.12-16.31.14:545][ 17]FUdpSocketBuilder: Failed to create and initialize socket UdpMessageMulticastSocket (last error: 0)
[2026.02.12-16.31.14:545][ 17]LogUdpMessaging: Warning: StartTransport failed to create multicast socket on 0.0.0.0:0, joined to 230.0.0.1:6666 with TTL 1
[2026.02.12-16.31.14:560][ 17]LogUdpMessaging: Warning: UDP messaging encountered an error. Auto repair routine started for reinitialization
[2026.02.12-16.31.16:562][127]FUdpSocketBuilder: Failed to subscribe UdpMessageMulticastSocket to multicast group 230.0.0.1 on interface 0.0.0.0
[2026.02.12-16.31.16:562][127]FUdpSocketBuilder: Failed to create and initialize socket UdpMessageMulticastSocket (last error: 0)
[2026.02.12-16.31.16:562][127]LogUdpMessaging: Warning: StartTransport failed to create multicast socket on 0.0.0.0:0, joined to 230.0.0.1:6666 with TTL 1
[2026.02.12-16.31.16:583][128]LogUdpMessaging: Warning: UDP messaging encountered an error. Auto repair routine started for reinitialization
[2026.02.12-16.31.18:679][248]FUdpSocketBuilder: Failed to subscribe UdpMessageMulticastSocket to multicast group 230.0.0.1 on interface 0.0.0.0
[2026.02.12-16.31.18:679][248]FUdpSocketBuilder: Failed to create and initialize socket UdpMessageMulticastSocket (last error: 0)
[2026.02.12-16.31.18:679][248]LogUdpMessaging: Warning: StartTransport failed to create multicast socket on 0.0.0.0:0, joined to 230.0.0.1:6666 with TTL 1
[2026.02.12-16.31.18:701][249]LogUdpMessaging: Warning: UDP messaging encountered an error. Auto repair routine started for reinitialization
[2026.02.12-16.31.20:895][369]FUdpSocketBuilder: Failed to subscribe UdpMessageMulticastSocket to multicast group 230.0.0.1 on interface 0.0.0.0
[2026.02.12-16.31.20:895][369]FUdpSocketBuilder: Failed to create and initialize socket UdpMessageMulticastSocket (last error: 0)
[2026.02.12-16.31.20:896][369]LogUdpMessaging: Warning: StartTransport failed to create multicast socket on 0.0.0.0:0, joined to 230.0.0.1:6666 with TTL 1
[2026.02.12-16.31.20:915][370]LogUdpMessaging: Warning: UDP messaging encountered an error. Auto repair routine started for reinitialization
[2026.02.12-16.31.23:011][490]FUdpSocketBuilder: Failed to subscribe UdpMessageMulticastSocket to multicast group 230.0.0.1 on interface 0.0.0.0
[2026.02.12-16.31.23:011][490]FUdpSocketBuilder: Failed to create and initialize socket UdpMessageMulticastSocket (last error: 0)
[2026.02.12-16.31.23:011][490]LogUdpMessaging: Warning: StartTransport failed to create multicast socket on 0.0.0.0:0, joined to 230.0.0.1:6666 with TTL 1
[2026.02.12-16.31.23:032][491]LogUdpMessaging: Warning: UDP messaging encountered an error. Auto repair routine started for reinitialization
[2026.02.12-16.31.25:129][611]FUdpSocketBuilder: Failed to subscribe UdpMessageMulticastSocket to multicast group 230.0.0.1 on interface 0.0.0.0
[2026.02.12-16.31.25:129][611]FUdpSocketBuilder: Failed to create and initialize socket UdpMessageMulticastSocket (last error: 0)
[2026.02.12-16.31.25:130][611]LogUdpMessaging: Warning: StartTransport failed to create multicast socket on 0.0.0.0:0, joined to 230.0.0.1:6666 with TTL 1
[2026.02.12-16.31.25:145][612]LogUdpMessaging: Warning: UDP messaging encountered an error. Auto repair routine started for reinitialization
[2026.02.12-16.31.27:148][724]FUdpSocketBuilder: Failed to subscribe UdpMessageMulticastSocket to multicast group 230.0.0.1 on interface 0.0.0.0
[2026.02.12-16.31.27:148][724]FUdpSocketBuilder: Failed to create and initialize socket UdpMessageMulticastSocket (last error: 0)
[2026.02.12-16.31.27:148][724]LogUdpMessaging: Warning: StartTransport failed to create multicast socket on 0.0.0.0:0, joined to 230.0.0.1:6666 with TTL 1
[2026.02.12-16.31.27:171][725]LogUdpMessaging: Warning: UDP messaging encountered an error. Auto repair routine started for reinitialization
[2026.02.12-16.31.29:268][845]FUdpSocketBuilder: Failed to subscribe UdpMessageMulticastSocket to multicast group 230.0.0.1 on interface 0.0.0.0
[2026.02.12-16.31.29:268][845]FUdpSocketBuilder: Failed to create and initialize socket UdpMessageMulticastSocket (last error: 0)
[2026.02.12-16.31.29:268][845]LogUdpMessaging: Warning: StartTransport failed to create multicast socket on 0.0.0.0:0, joined to 230.0.0.1:6666 with TTL 1
[2026.02.12-16.31.29:289][846]LogUdpMessaging: Warning: UDP messaging encountered an error. Auto repair routine started for reinitialization
[2026.02.12-16.31.31:382][966]FUdpSocketBuilder: Failed to subscribe UdpMessageMulticastSocket to multicast group 230.0.0.1 on interface 0.0.0.0
[2026.02.12-16.31.31:382][966]FUdpSocketBuilder: Failed to create and initialize socket UdpMessageMulticastSocket (last error: 0)
[2026.02.12-16.31.31:382][966]LogUdpMessaging: Warning: StartTransport failed to create multicast socket on 0.0.0.0:0, joined to 230.0.0.1:6666 with TTL 1
[2026.02.12-16.31.31:403][967]LogUdpMessaging: Warning: UDP messaging encountered an error. Auto repair routine started for reinitialization
[2026.02.12-16.31.33:502][ 87]FUdpSocketBuilder: Failed to subscribe UdpMessageMulticastSocket to multicast group 230.0.0.1 on interface 0.0.0.0
[2026.02.12-16.31.33:502][ 87]FUdpSocketBuilder: Failed to create and initialize socket UdpMessageMulticastSocket (last error: 0)
[2026.02.12-16.31.33:502][ 87]LogUdpMessaging: Warning: StartTransport failed to create multicast socket on 0.0.0.0:0, joined to 230.0.0.1:6666 with TTL 1
[2026.02.12-16.31.33:519][ 88]LogUdpMessaging: Warning: UDP messaging encountered an error. Auto repair routine started for reinitialization
[2026.02.12-16.31.35:522][201]FUdpSocketBuilder: Failed to subscribe UdpMessageMulticastSocket to multicast group 230.0.0.1 on interface 0.0.0.0
[2026.02.12-16.31.35:522][201]FUdpSocketBuilder: Failed to create and initialize socket UdpMessageMulticastSocket (last error: 0)
[2026.02.12-16.31.35:522][201]LogUdpMessaging: Warning: StartTransport failed to create multicast socket on 0.0.0.0:0, joined to 230.0.0.1:6666 with TTL 1
[2026.02.12-16.31.35:546][202]LogUdpMessaging: Warning: UDP messaging encountered an error. Auto repair routine started for reinitialization
[2026.02.12-16.31.36:734][207]FUdpSocketBuilder: Failed to subscribe UdpMessageMulticastSocket to multicast group 230.0.0.1 on interface 0.0.0.0
[2026.02.12-16.31.36:734][207]FUdpSocketBuilder: Failed to create and initialize socket UdpMessageMulticastSocket (last error: 0)
[2026.02.12-16.31.36:734][207]LogUdpMessaging: Warning: StartTransport failed to create multicast socket on 0.0.0.0:0, joined to 230.0.0.1:6666 with TTL 1
[2026.02.12-16.31.36:908][207]LogUdpMessaging: Warning: UDP messaging encountered an error. Auto repair routine started for reinitialization
[2026.02.12-16.31.38:755][213]FUdpSocketBuilder: Failed to subscribe UdpMessageMulticastSocket to multicast group 230.0.0.1 on interface 0.0.0.0
[2026.02.12-16.31.38:755][213]FUdpSocketBuilder: Failed to create and initialize socket UdpMessageMulticastSocket (last error: 0)
[2026.02.12-16.31.38:755][213]LogUdpMessaging: Warning: StartTransport failed to create multicast socket on 0.0.0.0:0, joined to 230.0.0.1:6666 with TTL 1
[2026.02.12-16.31.38:917][213]LogUdpMessaging: Warning: UDP messaging encountered an error. Auto repair routine started for reinitialization
[2026.02.12-16.31.40:770][219]FUdpSocketBuilder: Failed to subscribe UdpMessageMulticastSocket to multicast group 230.0.0.1 on interface 0.0.0.0
[2026.02.12-16.31.40:771][219]FUdpSocketBuilder: Failed to create and initialize socket UdpMessageMulticastSocket (last error: 0)
[2026.02.12-16.31.40:771][219]LogUdpMessaging: Warning: StartTransport failed to create multicast socket on 0.0.0.0:0, joined to 230.0.0.1:6666 with TTL 1
[2026.02.12-16.31.40:928][219]LogUdpMessaging: Warning: UDP messaging encountered an error. Auto repair routine started for reinitialization
[2026.02.12-16.31.42:788][225]FUdpSocketBuilder: Failed to subscribe UdpMessageMulticastSocket to multicast group 230.0.0.1 on interface 0.0.0.0
[2026.02.12-16.31.42:788][225]FUdpSocketBuilder: Failed to create and initialize socket UdpMessageMulticastSocket (last error: 0)
[2026.02.12-16.31.42:788][225]LogUdpMessaging: Warning: StartTransport failed to create multicast socket on 0.0.0.0:0, joined to 230.0.0.1:6666 with TTL 1
[2026.02.12-16.31.42:936][225]LogUdpMessaging: Warning: UDP messaging encountered an error. Auto repair routine started for reinitialization
[2026.02.12-16.31.44:805][269]FUdpSocketBuilder: Failed to subscribe UdpMessageMulticastSocket to multicast group 230.0.0.1 on interface 0.0.0.0
[2026.02.12-16.31.44:805][269]FUdpSocketBuilder: Failed to create and initialize socket UdpMessageMulticastSocket (last error: 0)
[2026.02.12-16.31.44:805][269]LogUdpMessaging: Warning: StartTransport failed to create multicast socket on 0.0.0.0:0, joined to 230.0.0.1:6666 with TTL 1
[2026.02.12-16.31.44:836][269]LogUdpMessaging: Warning: UDP messaging encountered an error. Auto repair routine started for reinitialization
[2026.02.12-16.31.46:822][377]FUdpSocketBuilder: Failed to subscribe UdpMessageMulticastSocket to multicast group 230.0.0.1 on interface 0.0.0.0
[2026.02.12-16.31.46:822][377]FUdpSocketBuilder: Failed to create and initialize socket UdpMessageMulticastSocket (last error: 0)
[2026.02.12-16.31.46:822][377]LogUdpMessaging: Warning: StartTransport failed to create multicast socket on 0.0.0.0:0, joined to 230.0.0.1:6666 with TTL 1
[2026.02.12-16.31.46:843][378]LogUdpMessaging: Warning: UDP messaging encountered an error. Auto repair routine started for reinitialization
[2026.02.12-16.31.48:941][498]FUdpSocketBuilder: Failed to subscribe UdpMessageMulticastSocket to multicast group 230.0.0.1 on interface 0.0.0.0
[2026.02.12-16.31.48:942][498]FUdpSocketBuilder: Failed to create and initialize socket UdpMessageMulticastSocket (last error: 0)
[2026.02.12-16.31.48:942][498]LogUdpMessaging: Warning: StartTransport failed to create multicast socket on 0.0.0.0:0, joined to 230.0.0.1:6666 with TTL 1
[2026.02.12-16.31.48:964][499]LogUdpMessaging: Warning: UDP messaging encountered an error. Auto repair routine started for reinitialization
[2026.02.12-16.31.50:154][559]FUdpSocketBuilder: Failed to subscribe UdpMessageMulticastSocket to multicast group 230.0.0.1 on interface 0.0.0.0
[2026.02.12-16.31.50:154][559]FUdpSocketBuilder: Failed to create and initialize socket UdpMessageMulticastSocket (last error: 0)
[2026.02.12-16.31.50:155][559]LogUdpMessaging: Warning: StartTransport failed to create multicast socket on 0.0.0.0:0, joined to 230.0.0.1:6666 with TTL 1
[2026.02.12-16.31.50:175][560]LogUdpMessaging: Warning: UDP messaging encountered an error. Auto repair routine started for reinitialization
[2026.02.12-16.31.52:370][680]FUdpSocketBuilder: Failed to subscribe UdpMessageMulticastSocket to multicast group 230.0.0.1 on interface 0.0.0.0
[2026.02.12-16.31.52:370][680]FUdpSocketBuilder: Failed to create and initialize socket UdpMessageMulticastSocket (last error: 0)
[2026.02.12-16.31.52:370][680]LogUdpMessaging: Warning: StartTransport failed to create multicast socket on 0.0.0.0:0, joined to 230.0.0.1:6666 with TTL 1
[2026.02.12-16.31.52:390][681]LogUdpMessaging: Warning: UDP messaging encountered an error. Auto repair routine started for reinitialization
[2026.02.12-16.31.54:584][799]FUdpSocketBuilder: Failed to subscribe UdpMessageMulticastSocket to multicast group 230.0.0.1 on interface 0.0.0.0
[2026.02.12-16.31.54:584][799]FUdpSocketBuilder: Failed to create and initialize socket UdpMessageMulticastSocket (last error: 0)
[2026.02.12-16.31.54:584][799]LogUdpMessaging: Warning: StartTransport failed to create multicast socket on 0.0.0.0:0, joined to 230.0.0.1:6666 with TTL 1
[2026.02.12-16.31.54:600][800]LogUdpMessaging: Warning: UDP messaging encountered an error. Auto repair routine started for reinitialization
[2026.02.12-16.31.56:500][907]FUdpSocketBuilder: Failed to subscribe UdpMessageMulticastSocket to multicast group 230.0.0.1 on interface 0.0.0.0
[2026.02.12-16.31.56:500][907]FUdpSocketBuilder: Failed to create and initialize socket UdpMessageMulticastSocket (last error: 0)
[2026.02.12-16.31.56:500][907]LogUdpMessaging: Warning: StartTransport failed to create multicast socket on 0.0.0.0:0, joined to 230.0.0.1:6666 with TTL 1
[2026.02.12-16.31.56:517][908]LogUdpMessaging: Warning: UDP messaging encountered an error. Auto repair routine started for reinitialization
[2026.02.12-16.31.58:519][ 21]FUdpSocketBuilder: Failed to subscribe UdpMessageMulticastSocket to multicast group 230.0.0.1 on interface 0.0.0.0
[2026.02.12-16.31.58:519][ 21]FUdpSocketBuilder: Failed to create and initialize socket UdpMessageMulticastSocket (last error: 0)
[2026.02.12-16.31.58:519][ 21]LogUdpMessaging: Warning: StartTransport failed to create multicast socket on 0.0.0.0:0, joined to 230.0.0.1:6666 with TTL 1
[2026.02.12-16.31.58:533][ 21]LogUdpMessaging: Warning: UDP messaging encountered an error. Auto repair routine started for reinitialization
[2026.02.12-16.32.00:539][132]FUdpSocketBuilder: Failed to subscribe UdpMessageMulticastSocket to multicast group 230.0.0.1 on interface 0.0.0.0
[2026.02.12-16.32.00:539][132]FUdpSocketBuilder: Failed to create and initialize socket UdpMessageMulticastSocket (last error: 0)
[2026.02.12-16.32.00:539][132]LogUdpMessaging: Warning: StartTransport failed to create multicast socket on 0.0.0.0:0, joined to 230.0.0.1:6666 with TTL 1
[2026.02.12-16.32.00:556][133]LogUdpMessaging: Warning: UDP messaging encountered an error. Auto repair routine started for reinitialization
[2026.02.12-16.32.02:561][245]FUdpSocketBuilder: Failed to subscribe UdpMessageMulticastSocket to multicast group 230.0.0.1 on interface 0.0.0.0
[2026.02.12-16.32.02:561][245]FUdpSocketBuilder: Failed to create and initialize socket UdpMessageMulticastSocket (last error: 0)
[2026.02.12-16.32.02:561][245]LogUdpMessaging: Warning: StartTransport failed to create multicast socket on 0.0.0.0:0, joined to 230.0.0.1:6666 with TTL 1
[2026.02.12-16.32.02:584][246]LogUdpMessaging: Warning: UDP messaging encountered an error. Auto repair routine started for reinitialization
[2026.02.12-16.32.04:679][366]FUdpSocketBuilder: Failed to subscribe UdpMessageMulticastSocket to multicast group 230.0.0.1 on interface 0.0.0.0
[2026.02.12-16.32.04:679][366]FUdpSocketBuilder: Failed to create and initialize socket UdpMessageMulticastSocket (last error: 0)
[2026.02.12-16.32.04:679][366]LogUdpMessaging: Warning: StartTransport failed to create multicast socket on 0.0.0.0:0, joined to 230.0.0.1:6666 with TTL 1
[2026.02.12-16.32.04:692][367]LogUdpMessaging: Warning: UDP messaging encountered an error. Auto repair routine started for reinitialization
[2026.02.12-16.32.06:694][478]FUdpSocketBuilder: Failed to subscribe UdpMessageMulticastSocket to multicast group 230.0.0.1 on interface 0.0.0.0
[2026.02.12-16.32.06:694][478]FUdpSocketBuilder: Failed to create and initialize socket UdpMessageMulticastSocket (last error: 0)
[2026.02.12-16.32.06:694][478]LogUdpMessaging: Warning: StartTransport failed to create multicast socket on 0.0.0.0:0, joined to 230.0.0.1:6666 with TTL 1
[2026.02.12-16.32.06:717][479]LogUdpMessaging: Warning: UDP messaging encountered an error. Auto repair routine started for reinitialization
[2026.02.12-16.32.08:811][599]FUdpSocketBuilder: Failed to subscribe UdpMessageMulticastSocket to multicast group 230.0.0.1 on interface 0.0.0.0
[2026.02.12-16.32.08:811][599]FUdpSocketBuilder: Failed to create and initialize socket UdpMessageMulticastSocket (last error: 0)
[2026.02.12-16.32.08:811][599]LogUdpMessaging: Warning: StartTransport failed to create multicast socket on 0.0.0.0:0, joined to 230.0.0.1:6666 with TTL 1
[2026.02.12-16.32.08:831][600]LogUdpMessaging: Warning: UDP messaging encountered an error. Auto repair routine started for reinitialization
[2026.02.12-16.32.10:928][720]FUdpSocketBuilder: Failed to subscribe UdpMessageMulticastSocket to multicast group 230.0.0.1 on interface 0.0.0.0
[2026.02.12-16.32.10:928][720]FUdpSocketBuilder: Failed to create and initialize socket UdpMessageMulticastSocket (last error: 0)
[2026.02.12-16.32.10:928][720]LogUdpMessaging: Warning: StartTransport failed to create multicast socket on 0.0.0.0:0, joined to 230.0.0.1:6666 with TTL 1
[2026.02.12-16.32.10:948][721]LogUdpMessaging: Warning: UDP messaging encountered an error. Auto repair routine started for reinitialization
[2026.02.12-16.32.13:042][841]FUdpSocketBuilder: Failed to subscribe UdpMessageMulticastSocket to multicast group 230.0.0.1 on interface 0.0.0.0
[2026.02.12-16.32.13:042][841]FUdpSocketBuilder: Failed to create and initialize socket UdpMessageMulticastSocket (last error: 0)
[2026.02.12-16.32.13:042][841]LogUdpMessaging: Warning: StartTransport failed to create multicast socket on 0.0.0.0:0, joined to 230.0.0.1:6666 with TTL 1
[2026.02.12-16.32.13:062][842]LogUdpMessaging: Warning: UDP messaging encountered an error. Auto repair routine started for reinitialization
[2026.02.12-16.32.15:159][962]FUdpSocketBuilder: Failed to subscribe UdpMessageMulticastSocket to multicast group 230.0.0.1 on interface 0.0.0.0
[2026.02.12-16.32.15:159][962]FUdpSocketBuilder: Failed to create and initialize socket UdpMessageMulticastSocket (last error: 0)
[2026.02.12-16.32.15:159][962]LogUdpMessaging: Warning: StartTransport failed to create multicast socket on 0.0.0.0:0, joined to 230.0.0.1:6666 with TTL 1
[2026.02.12-16.32.15:179][963]LogUdpMessaging: Warning: UDP messaging encountered an error. Auto repair routine started for reinitialization
[2026.02.12-16.32.17:275][ 77]FUdpSocketBuilder: Failed to subscribe UdpMessageMulticastSocket to multicast group 230.0.0.1 on interface 0.0.0.0
[2026.02.12-16.32.17:275][ 77]FUdpSocketBuilder: Failed to create and initialize socket UdpMessageMulticastSocket (last error: 0)
[2026.02.12-16.32.17:276][ 77]LogUdpMessaging: Warning: StartTransport failed to create multicast socket on 0.0.0.0:0, joined to 230.0.0.1:6666 with TTL 1
[2026.02.12-16.32.17:299][ 78]LogUdpMessaging: Warning: UDP messaging encountered an error. Auto repair routine started for reinitialization
[2026.02.12-16.32.19:496][198]FUdpSocketBuilder: Failed to subscribe UdpMessageMulticastSocket to multicast group 230.0.0.1 on interface 0.0.0.0
[2026.02.12-16.32.19:496][198]FUdpSocketBuilder: Failed to create and initialize socket UdpMessageMulticastSocket (last error: 0)
[2026.02.12-16.32.19:496][198]LogUdpMessaging: Warning: StartTransport failed to create multicast socket on 0.0.0.0:0, joined to 230.0.0.1:6666 with TTL 1
[2026.02.12-16.32.19:518][199]LogUdpMessaging: Warning: UDP messaging encountered an error. Auto repair routine started for reinitialization
[2026.02.12-16.32.20:710][259]FUdpSocketBuilder: Failed to subscribe UdpMessageMulticastSocket to multicast group 230.0.0.1 on interface 0.0.0.0
[2026.02.12-16.32.20:710][259]FUdpSocketBuilder: Failed to create and initialize socket UdpMessageMulticastSocket (last error: 0)
[2026.02.12-16.32.20:710][259]LogUdpMessaging: Warning: StartTransport failed to create multicast socket on 0.0.0.0:0, joined to 230.0.0.1:6666 with TTL 1
[2026.02.12-16.32.20:731][260]LogUdpMessaging: Warning: UDP messaging encountered an error. Auto repair routine started for reinitialization
[2026.02.12-16.32.22:924][380]FUdpSocketBuilder: Failed to subscribe UdpMessageMulticastSocket to multicast group 230.0.0.1 on interface 0.0.0.0
[2026.02.12-16.32.22:924][380]FUdpSocketBuilder: Failed to create and initialize socket UdpMessageMulticastSocket (last error: 0)
[2026.02.12-16.32.22:924][380]LogUdpMessaging: Warning: StartTransport failed to create multicast socket on 0.0.0.0:0, joined to 230.0.0.1:6666 with TTL 1
[2026.02.12-16.32.22:937][381]LogUdpMessaging: Warning: UDP messaging encountered an error. Auto repair routine started for reinitialization
[2026.02.12-16.32.24:841][488]FUdpSocketBuilder: Failed to subscribe UdpMessageMulticastSocket to multicast group 230.0.0.1 on interface 0.0.0.0
[2026.02.12-16.32.24:841][488]FUdpSocketBuilder: Failed to create and initialize socket UdpMessageMulticastSocket (last error: 0)
[2026.02.12-16.32.24:841][488]LogUdpMessaging: Warning: StartTransport failed to create multicast socket on 0.0.0.0:0, joined to 230.0.0.1:6666 with TTL 1
[2026.02.12-16.32.24:861][489]LogUdpMessaging: Warning: UDP messaging encountered an error. Auto repair routine started for reinitialization
[2026.02.12-16.32.27:059][609]FUdpSocketBuilder: Failed to subscribe UdpMessageMulticastSocket to multicast group 230.0.0.1 on interface 0.0.0.0
[2026.02.12-16.32.27:059][609]FUdpSocketBuilder: Failed to create and initialize socket UdpMessageMulticastSocket (last error: 0)
[2026.02.12-16.32.27:059][609]LogUdpMessaging: Warning: StartTransport failed to create multicast socket on 0.0.0.0:0, joined to 230.0.0.1:6666 with TTL 1
[2026.02.12-16.32.27:077][610]LogUdpMessaging: Warning: UDP messaging encountered an error. Auto repair routine started for reinitialization
[2026.02.12-16.32.28:270][635]FUdpSocketBuilder: Failed to subscribe UdpMessageMulticastSocket to multicast group 230.0.0.1 on interface 0.0.0.0
[2026.02.12-16.32.28:270][635]FUdpSocketBuilder: Failed to create and initialize socket UdpMessageMulticastSocket (last error: 0)
[2026.02.12-16.32.28:270][635]LogUdpMessaging: Warning: StartTransport failed to create multicast socket on 0.0.0.0:0, joined to 230.0.0.1:6666 with TTL 1
[2026.02.12-16.32.28:471][635]LogUdpMessaging: Warning: UDP messaging encountered an error. Auto repair routine started for reinitialization
[2026.02.12-16.32.30:288][679]FUdpSocketBuilder: Failed to subscribe UdpMessageMulticastSocket to multicast group 230.0.0.1 on interface 0.0.0.0
[2026.02.12-16.32.30:289][679]FUdpSocketBuilder: Failed to create and initialize socket UdpMessageMulticastSocket (last error: 0)
[2026.02.12-16.32.30:289][679]LogUdpMessaging: Warning: StartTransport failed to create multicast socket on 0.0.0.0:0, joined to 230.0.0.1:6666 with TTL 1
[2026.02.12-16.32.30:311][680]LogUdpMessaging: Warning: UDP messaging encountered an error. Auto repair routine started for reinitialization
[2026.02.12-16.32.32:510][798]FUdpSocketBuilder: Failed to subscribe UdpMessageMulticastSocket to multicast group 230.0.0.1 on interface 0.0.0.0
[2026.02.12-16.32.32:510][798]FUdpSocketBuilder: Failed to create and initialize socket UdpMessageMulticastSocket (last error: 0)
[2026.02.12-16.32.32:510][798]LogUdpMessaging: Warning: StartTransport failed to create multicast socket on 0.0.0.0:0, joined to 230.0.0.1:6666 with TTL 1
[2026.02.12-16.32.32:530][799]LogUdpMessaging: Warning: UDP messaging encountered an error. Auto repair routine started for reinitialization
[2026.02.12-16.32.34:426][907]FUdpSocketBuilder: Failed to subscribe UdpMessageMulticastSocket to multicast group 230.0.0.1 on interface 0.0.0.0
[2026.02.12-16.32.34:426][907]FUdpSocketBuilder: Failed to create and initialize socket UdpMessageMulticastSocket (last error: 0)
[2026.02.12-16.32.34:426][907]LogUdpMessaging: Warning: StartTransport failed to create multicast socket on 0.0.0.0:0, joined to 230.0.0.1:6666 with TTL 1
[2026.02.12-16.32.34:443][908]LogUdpMessaging: Warning: UDP messaging encountered an error. Auto repair routine started for reinitialization
[2026.02.12-16.32.36:543][ 21]FUdpSocketBuilder: Failed to subscribe UdpMessageMulticastSocket to multicast group 230.0.0.1 on interface 0.0.0.0
[2026.02.12-16.32.36:543][ 21]FUdpSocketBuilder: Failed to create and initialize socket UdpMessageMulticastSocket (last error: 0)
[2026.02.12-16.32.36:543][ 21]LogUdpMessaging: Warning: StartTransport failed to create multicast socket on 0.0.0.0:0, joined to 230.0.0.1:6666 with TTL 1
[2026.02.12-16.32.36:561][ 22]LogUdpMessaging: Warning: UDP messaging encountered an error. Auto repair routine started for reinitialization
[2026.02.12-16.32.38:763][ 85]FUdpSocketBuilder: Failed to subscribe UdpMessageMulticastSocket to multicast group 230.0.0.1 on interface 0.0.0.0
[2026.02.12-16.32.38:764][ 85]FUdpSocketBuilder: Failed to create and initialize socket UdpMessageMulticastSocket (last error: 0)
[2026.02.12-16.32.38:764][ 85]LogUdpMessaging: Warning: StartTransport failed to create multicast socket on 0.0.0.0:0, joined to 230.0.0.1:6666 with TTL 1
[2026.02.12-16.32.38:891][ 85]LogUdpMessaging: Warning: UDP messaging encountered an error. Auto repair routine started for reinitialization
[2026.02.12-16.32.40:414][100]LogProperty: Warning: ObjectProperty /Script/SlateCore.SlateBrush:ResourceObject: unresolved reference to 'Texture2D'"/Game/UI/Textures/MarinePortrait.MarinePortrait"')'
[2026.02.12-16.32.40:681][108]FUdpSocketBuilder: Failed to subscribe UdpMessageMulticastSocket to multicast group 230.0.0.1 on interface 0.0.0.0
[2026.02.12-16.32.40:682][108]FUdpSocketBuilder: Failed to create and initialize socket UdpMessageMulticastSocket (last error: 0)
[2026.02.12-16.32.40:682][108]LogUdpMessaging: Warning: StartTransport failed to create multicast socket on 0.0.0.0:0, joined to 230.0.0.1:6666 with TTL 1
[2026.02.12-16.32.40:700][109]LogUdpMessaging: Warning: UDP messaging encountered an error. Auto repair routine started for reinitialization
[2026.02.12-16.32.42:702][218]FUdpSocketBuilder: Failed to subscribe UdpMessageMulticastSocket to multicast group 230.0.0.1 on interface 0.0.0.0
[2026.02.12-16.32.42:702][218]FUdpSocketBuilder: Failed to create and initialize socket UdpMessageMulticastSocket (last error: 0)
[2026.02.12-16.32.42:702][218]LogUdpMessaging: Warning: StartTransport failed to create multicast socket on 0.0.0.0:0, joined to 230.0.0.1:6666 with TTL 1
[2026.02.12-16.32.42:726][219]LogUdpMessaging: Warning: UDP messaging encountered an error. Auto repair routine started for reinitialization
[2026.02.12-16.32.43:915][278]FUdpSocketBuilder: Failed to subscribe UdpMessageMulticastSocket to multicast group 230.0.0.1 on interface 0.0.0.0
[2026.02.12-16.32.43:915][278]FUdpSocketBuilder: Failed to create and initialize socket UdpMessageMulticastSocket (last error: 0)
[2026.02.12-16.32.43:915][278]LogUdpMessaging: Warning: StartTransport failed to create multicast socket on 0.0.0.0:0, joined to 230.0.0.1:6666 with TTL 1
[2026.02.12-16.32.43:930][278]LogUdpMessaging: Warning: UDP messaging encountered an error. Auto repair routine started for reinitialization
[2026.02.12-16.32.45:932][383]FUdpSocketBuilder: Failed to subscribe UdpMessageMulticastSocket to multicast group 230.0.0.1 on interface 0.0.0.0
[2026.02.12-16.32.45:932][383]FUdpSocketBuilder: Failed to create and initialize socket UdpMessageMulticastSocket (last error: 0)
[2026.02.12-16.32.45:932][383]LogUdpMessaging: Warning: StartTransport failed to create multicast socket on 0.0.0.0:0, joined to 230.0.0.1:6666 with TTL 1
[2026.02.12-16.32.45:954][383]LogUdpMessaging: Warning: UDP messaging encountered an error. Auto repair routine started for reinitialization
[2026.02.12-16.32.47:953][492]FUdpSocketBuilder: Failed to subscribe UdpMessageMulticastSocket to multicast group 230.0.0.1 on interface 0.0.0.0
[2026.02.12-16.32.47:953][492]FUdpSocketBuilder: Failed to create and initialize socket UdpMessageMulticastSocket (last error: 0)
[2026.02.12-16.32.47:953][492]LogUdpMessaging: Warning: StartTransport failed to create multicast socket on 0.0.0.0:0, joined to 230.0.0.1:6666 with TTL 1
[2026.02.12-16.32.47:968][493]LogUdpMessaging: Warning: UDP messaging encountered an error. Auto repair routine started for reinitialization
[2026.02.12-16.32.49:967][587]FUdpSocketBuilder: Failed to subscribe UdpMessageMulticastSocket to multicast group 230.0.0.1 on interface 0.0.0.0
[2026.02.12-16.32.49:967][587]FUdpSocketBuilder: Failed to create and initialize socket UdpMessageMulticastSocket (last error: 0)
[2026.02.12-16.32.49:967][587]LogUdpMessaging: Warning: StartTransport failed to create multicast socket on 0.0.0.0:0, joined to 230.0.0.1:6666 with TTL 1
[2026.02.12-16.32.49:983][588]LogUdpMessaging: Warning: UDP messaging encountered an error. Auto repair routine started for reinitialization
[2026.02.12-16.32.51:882][694]FUdpSocketBuilder: Failed to subscribe UdpMessageMulticastSocket to multicast group 230.0.0.1 on interface 0.0.0.0
[2026.02.12-16.32.51:882][694]FUdpSocketBuilder: Failed to create and initialize socket UdpMessageMulticastSocket (last error: 0)
[2026.02.12-16.32.51:882][694]LogUdpMessaging: Warning: StartTransport failed to create multicast socket on 0.0.0.0:0, joined to 230.0.0.1:6666 with TTL 1
[2026.02.12-16.32.51:903][695]LogUdpMessaging: Warning: UDP messaging encountered an error. Auto repair routine started for reinitialization
[2026.02.12-16.32.54:002][815]FUdpSocketBuilder: Failed to subscribe UdpMessageMulticastSocket to multicast group 230.0.0.1 on interface 0.0.0.0
[2026.02.12-16.32.54:002][815]FUdpSocketBuilder: Failed to create and initialize socket UdpMessageMulticastSocket (last error: 0)
[2026.02.12-16.32.54:002][815]LogUdpMessaging: Warning: StartTransport failed to create multicast socket on 0.0.0.0:0, joined to 230.0.0.1:6666 with TTL 1
[2026.02.12-16.32.54:016][816]LogUdpMessaging: Warning: UDP messaging encountered an error. Auto repair routine started for reinitialization
[2026.02.12-16.32.56:020][929]FUdpSocketBuilder: Failed to subscribe UdpMessageMulticastSocket to multicast group 230.0.0.1 on interface 0.0.0.0
[2026.02.12-16.32.56:020][929]FUdpSocketBuilder: Failed to create and initialize socket UdpMessageMulticastSocket (last error: 0)
[2026.02.12-16.32.56:020][929]LogUdpMessaging: Warning: StartTransport failed to create multicast socket on 0.0.0.0:0, joined to 230.0.0.1:6666 with TTL 1
[2026.02.12-16.32.56:040][930]LogUdpMessaging: Warning: UDP messaging encountered an error. Auto repair routine started for reinitialization
[2026.02.12-16.32.58:039][ 39]FUdpSocketBuilder: Failed to subscribe UdpMessageMulticastSocket to multicast group 230.0.0.1 on interface 0.0.0.0
[2026.02.12-16.32.58:039][ 39]FUdpSocketBuilder: Failed to create and initialize socket UdpMessageMulticastSocket (last error: 0)
[2026.02.12-16.32.58:039][ 39]LogUdpMessaging: Warning: StartTransport failed to create multicast socket on 0.0.0.0:0, joined to 230.0.0.1:6666 with TTL 1
[2026.02.12-16.32.58:053][ 39]LogUdpMessaging: Warning: UDP messaging encountered an error. Auto repair routine started for reinitialization
[2026.02.12-16.33.00:059][151]FUdpSocketBuilder: Failed to subscribe UdpMessageMulticastSocket to multicast group 230.0.0.1 on interface 0.0.0.0
[2026.02.12-16.33.00:059][151]FUdpSocketBuilder: Failed to create and initialize socket UdpMessageMulticastSocket (last error: 0)
[2026.02.12-16.33.00:059][151]LogUdpMessaging: Warning: StartTransport failed to create multicast socket on 0.0.0.0:0, joined to 230.0.0.1:6666 with TTL 1
[2026.02.12-16.33.00:081][152]LogUdpMessaging: Warning: UDP messaging encountered an error. Auto repair routine started for reinitialization
[2026.02.12-16.33.02:175][272]FUdpSocketBuilder: Failed to subscribe UdpMessageMulticastSocket to multicast group 230.0.0.1 on interface 0.0.0.0
[2026.02.12-16.33.02:176][272]FUdpSocketBuilder: Failed to create and initialize socket UdpMessageMulticastSocket (last error: 0)
[2026.02.12-16.33.02:176][272]LogUdpMessaging: Warning: StartTransport failed to create multicast socket on 0.0.0.0:0, joined to 230.0.0.1:6666 with TTL 1
[2026.02.12-16.33.02:195][273]LogUdpMessaging: Warning: UDP messaging encountered an error. Auto repair routine started for reinitialization
[2026.02.12-16.33.03:692][314]FUdpSocketBuilder: Failed to subscribe UdpMessageMulticastSocket to multicast group 230.0.0.1 on interface 0.0.0.0
[2026.02.12-16.33.03:692][314]FUdpSocketBuilder: Failed to create and initialize socket UdpMessageMulticastSocket (last error: 0)
[2026.02.12-16.33.03:692][314]LogUdpMessaging: Warning: StartTransport failed to create multicast socket on 0.0.0.0:0, joined to 230.0.0.1:6666 with TTL 1
[2026.02.12-16.33.03:834][314]LogUdpMessaging: Warning: UDP messaging encountered an error. Auto repair routine started for reinitialization
[2026.02.12-16.33.05:707][320]FUdpSocketBuilder: Failed to subscribe UdpMessageMulticastSocket to multicast group 230.0.0.1 on interface 0.0.0.0
[2026.02.12-16.33.05:707][320]FUdpSocketBuilder: Failed to create and initialize socket UdpMessageMulticastSocket (last error: 0)
[2026.02.12-16.33.05:707][320]LogUdpMessaging: Warning: StartTransport failed to create multicast socket on 0.0.0.0:0, joined to 230.0.0.1:6666 with TTL 1
[2026.02.12-16.33.05:848][320]LogUdpMessaging: Warning: UDP messaging encountered an error. Auto repair routine started for reinitialization
[2026.02.12-16.33.07:725][326]FUdpSocketBuilder: Failed to subscribe UdpMessageMulticastSocket to multicast group 230.0.0.1 on interface 0.0.0.0
[2026.02.12-16.33.07:725][326]FUdpSocketBuilder: Failed to create and initialize socket UdpMessageMulticastSocket (last error: 0)
[2026.02.12-16.33.07:726][326]LogUdpMessaging: Warning: StartTransport failed to create multicast socket on 0.0.0.0:0, joined to 230.0.0.1:6666 with TTL 1
[2026.02.12-16.33.07:849][326]LogUdpMessaging: Warning: UDP messaging encountered an error. Auto repair routine started for reinitialization
[2026.02.12-16.33.09:640][425]FUdpSocketBuilder: Failed to subscribe UdpMessageMulticastSocket to multicast group 230.0.0.1 on interface 0.0.0.0
[2026.02.12-16.33.09:640][425]FUdpSocketBuilder: Failed to create and initialize socket UdpMessageMulticastSocket (last error: 0)
[2026.02.12-16.33.09:640][425]LogUdpMessaging: Warning: StartTransport failed to create multicast socket on 0.0.0.0:0, joined to 230.0.0.1:6666 with TTL 1
[2026.02.12-16.33.09:654][426]LogUdpMessaging: Warning: UDP messaging encountered an error. Auto repair routine started for reinitialization
[2026.02.12-16.33.11:660][539]FUdpSocketBuilder: Failed to subscribe UdpMessageMulticastSocket to multicast group 230.0.0.1 on interface 0.0.0.0
[2026.02.12-16.33.11:660][539]FUdpSocketBuilder: Failed to create and initialize socket UdpMessageMulticastSocket (last error: 0)
[2026.02.12-16.33.11:660][539]LogUdpMessaging: Warning: StartTransport failed to create multicast socket on 0.0.0.0:0, joined to 230.0.0.1:6666 with TTL 1
[2026.02.12-16.33.11:677][540]LogUdpMessaging: Warning: UDP messaging encountered an error. Auto repair routine started for reinitialization
[2026.02.12-16.33.13:681][652]FUdpSocketBuilder: Failed to subscribe UdpMessageMulticastSocket to multicast group 230.0.0.1 on interface 0.0.0.0
[2026.02.12-16.33.13:681][652]FUdpSocketBuilder: Failed to create and initialize socket UdpMessageMulticastSocket (last error: 0)
[2026.02.12-16.33.13:681][652]LogUdpMessaging: Warning: StartTransport failed to create multicast socket on 0.0.0.0:0, joined to 230.0.0.1:6666 with TTL 1
[2026.02.12-16.33.13:693][653]LogUdpMessaging: Warning: UDP messaging encountered an error. Auto repair routine started for reinitialization
[2026.02.12-16.33.15:696][764]FUdpSocketBuilder: Failed to subscribe UdpMessageMulticastSocket to multicast group 230.0.0.1 on interface 0.0.0.0
[2026.02.12-16.33.15:696][764]FUdpSocketBuilder: Failed to create and initialize socket UdpMessageMulticastSocket (last error: 0)
[2026.02.12-16.33.15:696][764]LogUdpMessaging: Warning: StartTransport failed to create multicast socket on 0.0.0.0:0, joined to 230.0.0.1:6666 with TTL 1
[2026.02.12-16.33.15:710][765]LogUdpMessaging: Warning: UDP messaging encountered an error. Auto repair routine started for reinitialization
[2026.02.12-16.33.17:713][873]FUdpSocketBuilder: Failed to subscribe UdpMessageMulticastSocket to multicast group 230.0.0.1 on interface 0.0.0.0
[2026.02.12-16.33.17:713][873]FUdpSocketBuilder: Failed to create and initialize socket UdpMessageMulticastSocket (last error: 0)
[2026.02.12-16.33.17:713][873]LogUdpMessaging: Warning: StartTransport failed to create multicast socket on 0.0.0.0:0, joined to 230.0.0.1:6666 with TTL 1
[2026.02.12-16.33.17:734][874]LogUdpMessaging: Warning: UDP messaging encountered an error. Auto repair routine started for reinitialization
[2026.02.12-16.33.19:932][994]FUdpSocketBuilder: Failed to subscribe UdpMessageMulticastSocket to multicast group 230.0.0.1 on interface 0.0.0.0
[2026.02.12-16.33.19:932][994]FUdpSocketBuilder: Failed to create and initialize socket UdpMessageMulticastSocket (last error: 0)
[2026.02.12-16.33.19:932][994]LogUdpMessaging: Warning: StartTransport failed to create multicast socket on 0.0.0.0:0, joined to 230.0.0.1:6666 with TTL 1
[2026.02.12-16.33.19:947][995]LogUdpMessaging: Warning: UDP messaging encountered an error. Auto repair routine started for reinitialization
[2026.02.12-16.33.22:053][ 55]FUdpSocketBuilder: Failed to subscribe UdpMessageMulticastSocket to multicast group 230.0.0.1 on interface 0.0.0.0
[2026.02.12-16.33.22:053][ 55]FUdpSocketBuilder: Failed to create and initialize socket UdpMessageMulticastSocket (last error: 0)
[2026.02.12-16.33.22:053][ 55]LogUdpMessaging: Warning: StartTransport failed to create multicast socket on 0.0.0.0:0, joined to 230.0.0.1:6666 with TTL 1
[2026.02.12-16.33.22:232][ 55]LogUdpMessaging: Warning: UDP messaging encountered an error. Auto repair routine started for reinitialization
[2026.02.12-16.33.24:069][ 61]FUdpSocketBuilder: Failed to subscribe UdpMessageMulticastSocket to multicast group 230.0.0.1 on interface 0.0.0.0
[2026.02.12-16.33.24:070][ 61]FUdpSocketBuilder: Failed to create and initialize socket UdpMessageMulticastSocket (last error: 0)
[2026.02.12-16.33.24:070][ 61]LogUdpMessaging: Warning: StartTransport failed to create multicast socket on 0.0.0.0:0, joined to 230.0.0.1:6666 with TTL 1
[2026.02.12-16.33.24:238][ 61]LogUdpMessaging: Warning: UDP messaging encountered an error. Auto repair routine started for reinitialization
[2026.02.12-16.33.26:086][ 67]FUdpSocketBuilder: Failed to subscribe UdpMessageMulticastSocket to multicast group 230.0.0.1 on interface 0.0.0.0
[2026.02.12-16.33.26:086][ 67]FUdpSocketBuilder: Failed to create and initialize socket UdpMessageMulticastSocket (last error: 0)
[2026.02.12-16.33.26:086][ 67]LogUdpMessaging: Warning: StartTransport failed to create multicast socket on 0.0.0.0:0, joined to 230.0.0.1:6666 with TTL 1
[2026.02.12-16.33.26:251][ 67]LogUdpMessaging: Warning: UDP messaging encountered an error. Auto repair routine started for reinitialization
[2026.02.12-16.33.28:104][ 73]FUdpSocketBuilder: Failed to subscribe UdpMessageMulticastSocket to multicast group 230.0.0.1 on interface 0.0.0.0
[2026.02.12-16.33.28:104][ 73]FUdpSocketBuilder: Failed to create and initialize socket UdpMessageMulticastSocket (last error: 0)
[2026.02.12-16.33.28:104][ 73]LogUdpMessaging: Warning: StartTransport failed to create multicast socket on 0.0.0.0:0, joined to 230.0.0.1:6666 with TTL 1
[2026.02.12-16.33.28:262][ 73]LogUdpMessaging: Warning: UDP messaging encountered an error. Auto repair routine started for reinitialization
[2026.02.12-16.33.30:124][ 79]FUdpSocketBuilder: Failed to subscribe UdpMessageMulticastSocket to multicast group 230.0.0.1 on interface 0.0.0.0
[2026.02.12-16.33.30:125][ 79]FUdpSocketBuilder: Failed to create and initialize socket UdpMessageMulticastSocket (last error: 0)
[2026.02.12-16.33.30:125][ 79]LogUdpMessaging: Warning: StartTransport failed to create multicast socket on 0.0.0.0:0, joined to 230.0.0.1:6666 with TTL 1
[2026.02.12-16.33.30:271][ 79]LogUdpMessaging: Warning: UDP messaging encountered an error. Auto repair routine started for reinitialization
[2026.02.12-16.33.32:145][ 85]FUdpSocketBuilder: Failed to subscribe UdpMessageMulticastSocket to multicast group 230.0.0.1 on interface 0.0.0.0
[2026.02.12-16.33.32:145][ 85]FUdpSocketBuilder: Failed to create and initialize socket UdpMessageMulticastSocket (last error: 0)
[2026.02.12-16.33.32:145][ 85]LogUdpMessaging: Warning: StartTransport failed to create multicast socket on 0.0.0.0:0, joined to 230.0.0.1:6666 with TTL 1
[2026.02.12-16.33.32:294][ 85]LogUdpMessaging: Warning: UDP messaging encountered an error. Auto repair routine started for reinitialization
[2026.02.12-16.33.34:161][ 91]FUdpSocketBuilder: Failed to subscribe UdpMessageMulticastSocket to multicast group 230.0.0.1 on interface 0.0.0.0
[2026.02.12-16.33.34:161][ 91]FUdpSocketBuilder: Failed to create and initialize socket UdpMessageMulticastSocket (last error: 0)
[2026.02.12-16.33.34:161][ 91]LogUdpMessaging: Warning: StartTransport failed to create multicast socket on 0.0.0.0:0, joined to 230.0.0.1:6666 with TTL 1
[2026.02.12-16.33.34:307][ 91]LogUdpMessaging: Warning: UDP messaging encountered an error. Auto repair routine started for reinitialization
[2026.02.12-16.33.36:176][ 97]FUdpSocketBuilder: Failed to subscribe UdpMessageMulticastSocket to multicast group 230.0.0.1 on interface 0.0.0.0
[2026.02.12-16.33.36:176][ 97]FUdpSocketBuilder: Failed to create and initialize socket UdpMessageMulticastSocket (last error: 0)
[2026.02.12-16.33.36:176][ 97]LogUdpMessaging: Warning: StartTransport failed to create multicast socket on 0.0.0.0:0, joined to 230.0.0.1:6666 with TTL 1
[2026.02.12-16.33.36:321][ 97]LogUdpMessaging: Warning: UDP messaging encountered an error. Auto repair routine started for reinitialization
[2026.02.12-16.33.38:195][103]FUdpSocketBuilder: Failed to subscribe UdpMessageMulticastSocket to multicast group 230.0.0.1 on interface 0.0.0.0
[2026.02.12-16.33.38:195][103]FUdpSocketBuilder: Failed to create and initialize socket UdpMessageMulticastSocket (last error: 0)
[2026.02.12-16.33.38:195][103]LogUdpMessaging: Warning: StartTransport failed to create multicast socket on 0.0.0.0:0, joined to 230.0.0.1:6666 with TTL 1
[2026.02.12-16.33.38:331][103]LogUdpMessaging: Warning: UDP messaging encountered an error. Auto repair routine started for reinitialization
[2026.02.12-16.33.40:210][109]FUdpSocketBuilder: Failed to subscribe UdpMessageMulticastSocket to multicast group 230.0.0.1 on interface 0.0.0.0
[2026.02.12-16.33.40:210][109]FUdpSocketBuilder: Failed to create and initialize socket UdpMessageMulticastSocket (last error: 0)
[2026.02.12-16.33.40:210][109]LogUdpMessaging: Warning: StartTransport failed to create multicast socket on 0.0.0.0:0, joined to 230.0.0.1:6666 with TTL 1
[2026.02.12-16.33.40:343][109]LogUdpMessaging: Warning: UDP messaging encountered an error. Auto repair routine started for reinitialization
[2026.02.12-16.33.42:226][115]FUdpSocketBuilder: Failed to subscribe UdpMessageMulticastSocket to multicast group 230.0.0.1 on interface 0.0.0.0
[2026.02.12-16.33.42:227][115]FUdpSocketBuilder: Failed to create and initialize socket UdpMessageMulticastSocket (last error: 0)
[2026.02.12-16.33.42:227][115]LogUdpMessaging: Warning: StartTransport failed to create multicast socket on 0.0.0.0:0, joined to 230.0.0.1:6666 with TTL 1
[2026.02.12-16.33.42:351][115]LogUdpMessaging: Warning: UDP messaging encountered an error. Auto repair routine started for reinitialization
[2026.02.12-16.33.44:149][121]FUdpSocketBuilder: Failed to subscribe UdpMessageMulticastSocket to multicast group 230.0.0.1 on interface 0.0.0.0
[2026.02.12-16.33.44:149][121]FUdpSocketBuilder: Failed to create and initialize socket UdpMessageMulticastSocket (last error: 0)
[2026.02.12-16.33.44:149][121]LogUdpMessaging: Warning: StartTransport failed to create multicast socket on 0.0.0.0:0, joined to 230.0.0.1:6666 with TTL 1
[2026.02.12-16.33.44:364][121]LogUdpMessaging: Warning: UDP messaging encountered an error. Auto repair routine started for reinitialization
[2026.02.12-16.33.46:166][127]FUdpSocketBuilder: Failed to subscribe UdpMessageMulticastSocket to multicast group 230.0.0.1 on interface 0.0.0.0
[2026.02.12-16.33.46:166][127]FUdpSocketBuilder: Failed to create and initialize socket UdpMessageMulticastSocket (last error: 0)
[2026.02.12-16.33.46:166][127]LogUdpMessaging: Warning: StartTransport failed to create multicast socket on 0.0.0.0:0, joined to 230.0.0.1:6666 with TTL 1
[2026.02.12-16.33.46:374][127]LogUdpMessaging: Warning: UDP messaging encountered an error. Auto repair routine started for reinitialization
[2026.02.12-16.33.48:184][133]FUdpSocketBuilder: Failed to subscribe UdpMessageMulticastSocket to multicast group 230.0.0.1 on interface 0.0.0.0
[2026.02.12-16.33.48:184][133]FUdpSocketBuilder: Failed to create and initialize socket UdpMessageMulticastSocket (last error: 0)
[2026.02.12-16.33.48:184][133]LogUdpMessaging: Warning: StartTransport failed to create multicast socket on 0.0.0.0:0, joined to 230.0.0.1:6666 with TTL 1
[2026.02.12-16.33.48:393][133]LogUdpMessaging: Warning: UDP messaging encountered an error. Auto repair routine started for reinitialization
[2026.02.12-16.33.50:202][139]FUdpSocketBuilder: Failed to subscribe UdpMessageMulticastSocket to multicast group 230.0.0.1 on interface 0.0.0.0
[2026.02.12-16.33.50:202][139]FUdpSocketBuilder: Failed to create and initialize socket UdpMessageMulticastSocket (last error: 0)
[2026.02.12-16.33.50:202][139]LogUdpMessaging: Warning: StartTransport failed to create multicast socket on 0.0.0.0:0, joined to 230.0.0.1:6666 with TTL 1
[2026.02.12-16.33.50:398][139]LogUdpMessaging: Warning: UDP messaging encountered an error. Auto repair routine started for reinitialization
[2026.02.12-16.33.52:221][145]FUdpSocketBuilder: Failed to subscribe UdpMessageMulticastSocket to multicast group 230.0.0.1 on interface 0.0.0.0
[2026.02.12-16.33.52:221][145]FUdpSocketBuilder: Failed to create and initialize socket UdpMessageMulticastSocket (last error: 0)
[2026.02.12-16.33.52:221][145]LogUdpMessaging: Warning: StartTransport failed to create multicast socket on 0.0.0.0:0, joined to 230.0.0.1:6666 with TTL 1
[2026.02.12-16.33.52:407][145]LogUdpMessaging: Warning: UDP messaging encountered an error. Auto repair routine started for reinitialization
[2026.02.12-16.33.54:239][151]FUdpSocketBuilder: Failed to subscribe UdpMessageMulticastSocket to multicast group 230.0.0.1 on interface 0.0.0.0
[2026.02.12-16.33.54:239][151]FUdpSocketBuilder: Failed to create and initialize socket UdpMessageMulticastSocket (last error: 0)
[2026.02.12-16.33.54:239][151]LogUdpMessaging: Warning: StartTransport failed to create multicast socket on 0.0.0.0:0, joined to 230.0.0.1:6666 with TTL 1
[2026.02.12-16.33.54:418][151]LogUdpMessaging: Warning: UDP messaging encountered an error. Auto repair routine started for reinitialization
[2026.02.12-16.33.56:254][157]FUdpSocketBuilder: Failed to subscribe UdpMessageMulticastSocket to multicast group 230.0.0.1 on interface 0.0.0.0
[2026.02.12-16.33.56:254][157]FUdpSocketBuilder: Failed to create and initialize socket UdpMessageMulticastSocket (last error: 0)
[2026.02.12-16.33.56:254][157]LogUdpMessaging: Warning: StartTransport failed to create multicast socket on 0.0.0.0:0, joined to 230.0.0.1:6666 with TTL 1
[2026.02.12-16.33.56:429][157]LogUdpMessaging: Warning: UDP messaging encountered an error. Auto repair routine started for reinitialization
[2026.02.12-16.33.58:269][163]FUdpSocketBuilder: Failed to subscribe UdpMessageMulticastSocket to multicast group 230.0.0.1 on interface 0.0.0.0
[2026.02.12-16.33.58:269][163]FUdpSocketBuilder: Failed to create and initialize socket UdpMessageMulticastSocket (last error: 0)
[2026.02.12-16.33.58:269][163]LogUdpMessaging: Warning: StartTransport failed to create multicast socket on 0.0.0.0:0, joined to 230.0.0.1:6666 with TTL 1
[2026.02.12-16.33.58:433][163]LogUdpMessaging: Warning: UDP messaging encountered an error. Auto repair routine started for reinitialization
[2026.02.12-16.34.00:285][169]FUdpSocketBuilder: Failed to subscribe UdpMessageMulticastSocket to multicast group 230.0.0.1 on interface 0.0.0.0
[2026.02.12-16.34.00:286][169]FUdpSocketBuilder: Failed to create and initialize socket UdpMessageMulticastSocket (last error: 0)
[2026.02.12-16.34.00:286][169]LogUdpMessaging: Warning: StartTransport failed to create multicast socket on 0.0.0.0:0, joined to 230.0.0.1:6666 with TTL 1
[2026.02.12-16.34.00:440][169]LogUdpMessaging: Warning: UDP messaging encountered an error. Auto repair routine started for reinitialization
[2026.02.12-16.34.02:303][175]FUdpSocketBuilder: Failed to subscribe UdpMessageMulticastSocket to multicast group 230.0.0.1 on interface 0.0.0.0
[2026.02.12-16.34.02:303][175]FUdpSocketBuilder: Failed to create and initialize socket UdpMessageMulticastSocket (last error: 0)
[2026.02.12-16.34.02:303][175]LogUdpMessaging: Warning: StartTransport failed to create multicast socket on 0.0.0.0:0, joined to 230.0.0.1:6666 with TTL 1
[2026.02.12-16.34.02:451][175]LogUdpMessaging: Warning: UDP messaging encountered an error. Auto repair routine started for reinitialization
[2026.02.12-16.34.04:316][181]FUdpSocketBuilder: Failed to subscribe UdpMessageMulticastSocket to multicast group 230.0.0.1 on interface 0.0.0.0
[2026.02.12-16.34.04:316][181]FUdpSocketBuilder: Failed to create and initialize socket UdpMessageMulticastSocket (last error: 0)
[2026.02.12-16.34.04:316][181]LogUdpMessaging: Warning: StartTransport failed to create multicast socket on 0.0.0.0:0, joined to 230.0.0.1:6666 with TTL 1
[2026.02.12-16.34.04:460][181]LogUdpMessaging: Warning: UDP messaging encountered an error. Auto repair routine started for reinitialization
[2026.02.12-16.34.06:330][187]FUdpSocketBuilder: Failed to subscribe UdpMessageMulticastSocket to multicast group 230.0.0.1 on interface 0.0.0.0
[2026.02.12-16.34.06:330][187]FUdpSocketBuilder: Failed to create and initialize socket UdpMessageMulticastSocket (last error: 0)
[2026.02.12-16.34.06:330][187]LogUdpMessaging: Warning: StartTransport failed to create multicast socket on 0.0.0.0:0, joined to 230.0.0.1:6666 with TTL 1
[2026.02.12-16.34.06:476][187]LogUdpMessaging: Warning: UDP messaging encountered an error. Auto repair routine started for reinitialization
[2026.02.12-16.34.08:344][193]FUdpSocketBuilder: Failed to subscribe UdpMessageMulticastSocket to multicast group 230.0.0.1 on interface 0.0.0.0
[2026.02.12-16.34.08:344][193]FUdpSocketBuilder: Failed to create and initialize socket UdpMessageMulticastSocket (last error: 0)
[2026.02.12-16.34.08:344][193]LogUdpMessaging: Warning: StartTransport failed to create multicast socket on 0.0.0.0:0, joined to 230.0.0.1:6666 with TTL 1
[2026.02.12-16.34.08:491][193]LogUdpMessaging: Warning: UDP messaging encountered an error. Auto repair routine started for reinitialization
[2026.02.12-16.34.10:361][199]FUdpSocketBuilder: Failed to subscribe UdpMessageMulticastSocket to multicast group 230.0.0.1 on interface 0.0.0.0
[2026.02.12-16.34.10:361][199]FUdpSocketBuilder: Failed to create and initialize socket UdpMessageMulticastSocket (last error: 0)
[2026.02.12-16.34.10:362][199]LogUdpMessaging: Warning: StartTransport failed to create multicast socket on 0.0.0.0:0, joined to 230.0.0.1:6666 with TTL 1
[2026.02.12-16.34.10:491][199]LogUdpMessaging: Warning: UDP messaging encountered an error. Auto repair routine started for reinitialization
[2026.02.12-16.34.12:276][205]FUdpSocketBuilder: Failed to subscribe UdpMessageMulticastSocket to multicast group 230.0.0.1 on interface 0.0.0.0
[2026.02.12-16.34.12:276][205]FUdpSocketBuilder: Failed to create and initialize socket UdpMessageMulticastSocket (last error: 0)
[2026.02.12-16.34.12:276][205]LogUdpMessaging: Warning: StartTransport failed to create multicast socket on 0.0.0.0:0, joined to 230.0.0.1:6666 with TTL 1
[2026.02.12-16.34.12:505][205]LogUdpMessaging: Warning: UDP messaging encountered an error. Auto repair routine started for reinitialization
[2026.02.12-16.34.14:293][211]FUdpSocketBuilder: Failed to subscribe UdpMessageMulticastSocket to multicast group 230.0.0.1 on interface 0.0.0.0
[2026.02.12-16.34.14:293][211]FUdpSocketBuilder: Failed to create and initialize socket UdpMessageMulticastSocket (last error: 0)
[2026.02.12-16.34.14:293][211]LogUdpMessaging: Warning: StartTransport failed to create multicast socket on 0.0.0.0:0, joined to 230.0.0.1:6666 with TTL 1
[2026.02.12-16.34.14:510][211]LogUdpMessaging: Warning: UDP messaging encountered an error. Auto repair routine started for reinitialization
[2026.02.12-16.34.16:311][217]FUdpSocketBuilder: Failed to subscribe UdpMessageMulticastSocket to multicast group 230.0.0.1 on interface 0.0.0.0
[2026.02.12-16.34.16:311][217]FUdpSocketBuilder: Failed to create and initialize socket UdpMessageMulticastSocket (last error: 0)
[2026.02.12-16.34.16:311][217]LogUdpMessaging: Warning: StartTransport failed to create multicast socket on 0.0.0.0:0, joined to 230.0.0.1:6666 with TTL 1
[2026.02.12-16.34.16:523][217]LogUdpMessaging: Warning: UDP messaging encountered an error. Auto repair routine started for reinitialization
[2026.02.12-16.34.18:327][223]FUdpSocketBuilder: Failed to subscribe UdpMessageMulticastSocket to multicast group 230.0.0.1 on interface 0.0.0.0
[2026.02.12-16.34.18:327][223]FUdpSocketBuilder: Failed to create and initialize socket UdpMessageMulticastSocket (last error: 0)
[2026.02.12-16.34.18:327][223]LogUdpMessaging: Warning: StartTransport failed to create multicast socket on 0.0.0.0:0, joined to 230.0.0.1:6666 with TTL 1
[2026.02.12-16.34.18:527][223]LogUdpMessaging: Warning: UDP messaging encountered an error. Auto repair routine started for reinitialization
[2026.02.12-16.34.20:342][229]FUdpSocketBuilder: Failed to subscribe UdpMessageMulticastSocket to multicast group 230.0.0.1 on interface 0.0.0.0
[2026.02.12-16.34.20:342][229]FUdpSocketBuilder: Failed to create and initialize socket UdpMessageMulticastSocket (last error: 0)
[2026.02.12-16.34.20:342][229]LogUdpMessaging: Warning: StartTransport failed to create multicast socket on 0.0.0.0:0, joined to 230.0.0.1:6666 with TTL 1
[2026.02.12-16.34.20:544][229]LogUdpMessaging: Warning: UDP messaging encountered an error. Auto repair routine started for reinitialization
[2026.02.12-16.34.22:360][235]FUdpSocketBuilder: Failed to subscribe UdpMessageMulticastSocket to multicast group 230.0.0.1 on interface 0.0.0.0
[2026.02.12-16.34.22:360][235]FUdpSocketBuilder: Failed to create and initialize socket UdpMessageMulticastSocket (last error: 0)
[2026.02.12-16.34.22:360][235]LogUdpMessaging: Warning: StartTransport failed to create multicast socket on 0.0.0.0:0, joined to 230.0.0.1:6666 with TTL 1
[2026.02.12-16.34.22:543][235]LogUdpMessaging: Warning: UDP messaging encountered an error. Auto repair routine started for reinitialization
[2026.02.12-16.34.24:281][260]FUdpSocketBuilder: Failed to subscribe UdpMessageMulticastSocket to multicast group 230.0.0.1 on interface 0.0.0.0
[2026.02.12-16.34.24:281][260]FUdpSocketBuilder: Failed to create and initialize socket UdpMessageMulticastSocket (last error: 0)
[2026.02.12-16.34.24:281][260]LogUdpMessaging: Warning: StartTransport failed to create multicast socket on 0.0.0.0:0, joined to 230.0.0.1:6666 with TTL 1
[2026.02.12-16.34.24:301][261]LogUdpMessaging: Warning: UDP messaging encountered an error. Auto repair routine started for reinitialization
[2026.02.12-16.34.25:492][286]FUdpSocketBuilder: Failed to subscribe UdpMessageMulticastSocket to multicast group 230.0.0.1 on interface 0.0.0.0
[2026.02.12-16.34.25:492][286]FUdpSocketBuilder: Failed to create and initialize socket UdpMessageMulticastSocket (last error: 0)
[2026.02.12-16.34.25:492][286]LogUdpMessaging: Warning: StartTransport failed to create multicast socket on 0.0.0.0:0, joined to 230.0.0.1:6666 with TTL 1
[2026.02.12-16.34.25:674][286]LogUdpMessaging: Warning: UDP messaging encountered an error. Auto repair routine started for reinitialization
[2026.02.12-16.34.27:508][292]FUdpSocketBuilder: Failed to subscribe UdpMessageMulticastSocket to multicast group 230.0.0.1 on interface 0.0.0.0
[2026.02.12-16.34.27:508][292]FUdpSocketBuilder: Failed to create and initialize socket UdpMessageMulticastSocket (last error: 0)
[2026.02.12-16.34.27:508][292]LogUdpMessaging: Warning: StartTransport failed to create multicast socket on 0.0.0.0:0, joined to 230.0.0.1:6666 with TTL 1
[2026.02.12-16.34.27:688][292]LogUdpMessaging: Warning: UDP messaging encountered an error. Auto repair routine started for reinitialization
[2026.02.12-16.34.29:523][298]FUdpSocketBuilder: Failed to subscribe UdpMessageMulticastSocket to multicast group 230.0.0.1 on interface 0.0.0.0
[2026.02.12-16.34.29:523][298]FUdpSocketBuilder: Failed to create and initialize socket UdpMessageMulticastSocket (last error: 0)
[2026.02.12-16.34.29:523][298]LogUdpMessaging: Warning: StartTransport failed to create multicast socket on 0.0.0.0:0, joined to 230.0.0.1:6666 with TTL 1
[2026.02.12-16.34.29:698][298]LogUdpMessaging: Warning: UDP messaging encountered an error. Auto repair routine started for reinitialization
[2026.02.12-16.34.31:540][304]FUdpSocketBuilder: Failed to subscribe UdpMessageMulticastSocket to multicast group 230.0.0.1 on interface 0.0.0.0
[2026.02.12-16.34.31:540][304]FUdpSocketBuilder: Failed to create and initialize socket UdpMessageMulticastSocket (last error: 0)
[2026.02.12-16.34.31:540][304]LogUdpMessaging: Warning: StartTransport failed to create multicast socket on 0.0.0.0:0, joined to 230.0.0.1:6666 with TTL 1
[2026.02.12-16.34.31:554][305]LogUdpMessaging: Warning: UDP messaging encountered an error. Auto repair routine started for reinitialization
[2026.02.12-16.34.33:559][415]FUdpSocketBuilder: Failed to subscribe UdpMessageMulticastSocket to multicast group 230.0.0.1 on interface 0.0.0.0
[2026.02.12-16.34.33:559][415]FUdpSocketBuilder: Failed to create and initialize socket UdpMessageMulticastSocket (last error: 0)
[2026.02.12-16.34.33:559][415]LogUdpMessaging: Warning: StartTransport failed to create multicast socket on 0.0.0.0:0, joined to 230.0.0.1:6666 with TTL 1
[2026.02.12-16.34.33:722][415]LogUdpMessaging: Warning: UDP messaging encountered an error. Auto repair routine started for reinitialization
[2026.02.12-16.34.35:576][440]FUdpSocketBuilder: Failed to subscribe UdpMessageMulticastSocket to multicast group 230.0.0.1 on interface 0.0.0.0
[2026.02.12-16.34.35:576][440]FUdpSocketBuilder: Failed to create and initialize socket UdpMessageMulticastSocket (last error: 0)
[2026.02.12-16.34.35:576][440]LogUdpMessaging: Warning: StartTransport failed to create multicast socket on 0.0.0.0:0, joined to 230.0.0.1:6666 with TTL 1
[2026.02.12-16.34.35:600][441]LogUdpMessaging: Warning: UDP messaging encountered an error. Auto repair routine started for reinitialization
[2026.02.12-16.34.36:788][501]FUdpSocketBuilder: Failed to subscribe UdpMessageMulticastSocket to multicast group 230.0.0.1 on interface 0.0.0.0
[2026.02.12-16.34.36:788][501]FUdpSocketBuilder: Failed to create and initialize socket UdpMessageMulticastSocket (last error: 0)
[2026.02.12-16.34.36:788][501]LogUdpMessaging: Warning: StartTransport failed to create multicast socket on 0.0.0.0:0, joined to 230.0.0.1:6666 with TTL 1
[2026.02.12-16.34.36:807][502]LogUdpMessaging: Warning: UDP messaging encountered an error. Auto repair routine started for reinitialization
[2026.02.12-16.34.38:903][622]FUdpSocketBuilder: Failed to subscribe UdpMessageMulticastSocket to multicast group 230.0.0.1 on interface 0.0.0.0
[2026.02.12-16.34.38:903][622]FUdpSocketBuilder: Failed to create and initialize socket UdpMessageMulticastSocket (last error: 0)
[2026.02.12-16.34.38:903][622]LogUdpMessaging: Warning: StartTransport failed to create multicast socket on 0.0.0.0:0, joined to 230.0.0.1:6666 with TTL 1
[2026.02.12-16.34.38:923][623]LogUdpMessaging: Warning: UDP messaging encountered an error. Auto repair routine started for reinitialization
[2026.02.12-16.34.41:016][743]FUdpSocketBuilder: Failed to subscribe UdpMessageMulticastSocket to multicast group 230.0.0.1 on interface 0.0.0.0
[2026.02.12-16.34.41:016][743]FUdpSocketBuilder: Failed to create and initialize socket UdpMessageMulticastSocket (last error: 0)
[2026.02.12-16.34.41:017][743]LogUdpMessaging: Warning: StartTransport failed to create multicast socket on 0.0.0.0:0, joined to 230.0.0.1:6666 with TTL 1
[2026.02.12-16.34.41:037][744]LogUdpMessaging: Warning: UDP messaging encountered an error. Auto repair routine started for reinitialization
[2026.02.12-16.34.43:133][864]FUdpSocketBuilder: Failed to subscribe UdpMessageMulticastSocket to multicast group 230.0.0.1 on interface 0.0.0.0
[2026.02.12-16.34.43:133][864]FUdpSocketBuilder: Failed to create and initialize socket UdpMessageMulticastSocket (last error: 0)
[2026.02.12-16.34.43:133][864]LogUdpMessaging: Warning: StartTransport failed to create multicast socket on 0.0.0.0:0, joined to 230.0.0.1:6666 with TTL 1
[2026.02.12-16.34.43:151][865]LogUdpMessaging: Warning: UDP messaging encountered an error. Auto repair routine started for reinitialization
[2026.02.12-16.34.45:255][976]FUdpSocketBuilder: Failed to subscribe UdpMessageMulticastSocket to multicast group 230.0.0.1 on interface 0.0.0.0
[2026.02.12-16.34.45:255][976]FUdpSocketBuilder: Failed to create and initialize socket UdpMessageMulticastSocket (last error: 0)
[2026.02.12-16.34.45:255][976]LogUdpMessaging: Warning: StartTransport failed to create multicast socket on 0.0.0.0:0, joined to 230.0.0.1:6666 with TTL 1
[2026.02.12-16.34.45:276][977]LogUdpMessaging: Warning: UDP messaging encountered an error. Auto repair routine started for reinitialization
[2026.02.12-16.34.47:374][ 97]FUdpSocketBuilder: Failed to subscribe UdpMessageMulticastSocket to multicast group 230.0.0.1 on interface 0.0.0.0
[2026.02.12-16.34.47:374][ 97]FUdpSocketBuilder: Failed to create and initialize socket UdpMessageMulticastSocket (last error: 0)
[2026.02.12-16.34.47:375][ 97]LogUdpMessaging: Warning: StartTransport failed to create multicast socket on 0.0.0.0:0, joined to 230.0.0.1:6666 with TTL 1
[2026.02.12-16.34.47:398][ 98]LogUdpMessaging: Warning: UDP messaging encountered an error. Auto repair routine started for reinitialization
[2026.02.12-16.34.49:493][218]FUdpSocketBuilder: Failed to subscribe UdpMessageMulticastSocket to multicast group 230.0.0.1 on interface 0.0.0.0
[2026.02.12-16.34.49:493][218]FUdpSocketBuilder: Failed to create and initialize socket UdpMessageMulticastSocket (last error: 0)
[2026.02.12-16.34.49:493][218]LogUdpMessaging: Warning: StartTransport failed to create multicast socket on 0.0.0.0:0, joined to 230.0.0.1:6666 with TTL 1
[2026.02.12-16.34.49:515][219]LogUdpMessaging: Warning: UDP messaging encountered an error. Auto repair routine started for reinitialization
[2026.02.12-16.34.51:612][339]FUdpSocketBuilder: Failed to subscribe UdpMessageMulticastSocket to multicast group 230.0.0.1 on interface 0.0.0.0
[2026.02.12-16.34.51:612][339]FUdpSocketBuilder: Failed to create and initialize socket UdpMessageMulticastSocket (last error: 0)
[2026.02.12-16.34.51:612][339]LogUdpMessaging: Warning: StartTransport failed to create multicast socket on 0.0.0.0:0, joined to 230.0.0.1:6666 with TTL 1
[2026.02.12-16.34.51:638][340]LogUdpMessaging: Warning: UDP messaging encountered an error. Auto repair routine started for reinitialization
[2026.02.12-16.34.53:832][460]FUdpSocketBuilder: Failed to subscribe UdpMessageMulticastSocket to multicast group 230.0.0.1 on interface 0.0.0.0
[2026.02.12-16.34.53:832][460]FUdpSocketBuilder: Failed to create and initialize socket UdpMessageMulticastSocket (last error: 0)
[2026.02.12-16.34.53:832][460]LogUdpMessaging: Warning: StartTransport failed to create multicast socket on 0.0.0.0:0, joined to 230.0.0.1:6666 with TTL 1
[2026.02.12-16.34.53:852][461]LogUdpMessaging: Warning: UDP messaging encountered an error. Auto repair routine started for reinitialization
[2026.02.12-16.34.55:949][581]FUdpSocketBuilder: Failed to subscribe UdpMessageMulticastSocket to multicast group 230.0.0.1 on interface 0.0.0.0
[2026.02.12-16.34.55:950][581]FUdpSocketBuilder: Failed to create and initialize socket UdpMessageMulticastSocket (last error: 0)
[2026.02.12-16.34.55:950][581]LogUdpMessaging: Warning: StartTransport failed to create multicast socket on 0.0.0.0:0, joined to 230.0.0.1:6666 with TTL 1
[2026.02.12-16.34.55:971][582]LogUdpMessaging: Warning: UDP messaging encountered an error. Auto repair routine started for reinitialization
[2026.02.12-16.34.58:069][702]FUdpSocketBuilder: Failed to subscribe UdpMessageMulticastSocket to multicast group 230.0.0.1 on interface 0.0.0.0
[2026.02.12-16.34.58:069][702]FUdpSocketBuilder: Failed to create and initialize socket UdpMessageMulticastSocket (last error: 0)
[2026.02.12-16.34.58:069][702]LogUdpMessaging: Warning: StartTransport failed to create multicast socket on 0.0.0.0:0, joined to 230.0.0.1:6666 with TTL 1
[2026.02.12-16.34.58:094][703]LogUdpMessaging: Warning: UDP messaging encountered an error. Auto repair routine started for reinitialization
[2026.02.12-16.35.00:189][823]FUdpSocketBuilder: Failed to subscribe UdpMessageMulticastSocket to multicast group 230.0.0.1 on interface 0.0.0.0
[2026.02.12-16.35.00:189][823]FUdpSocketBuilder: Failed to create and initialize socket UdpMessageMulticastSocket (last error: 0)
[2026.02.12-16.35.00:189][823]LogUdpMessaging: Warning: StartTransport failed to create multicast socket on 0.0.0.0:0, joined to 230.0.0.1:6666 with TTL 1
[2026.02.12-16.35.00:213][824]LogUdpMessaging: Warning: UDP messaging encountered an error. Auto repair routine started for reinitialization
[2026.02.12-16.35.01:731][915]LogOutputDevice: Warning: 

Script Stack (0 frames):

[2026.02.12-16.35.01:768][915]LogStats: FPlatformStackWalk::StackWalkAndDump -  0.037 s
[2026.02.12-16.35.01:768][915]LogOutputDevice: Error: === Handled ensure: ===
[2026.02.12-16.35.01:768][915]LogOutputDevice: Error: 
[2026.02.12-16.35.01:768][915]LogOutputDevice: Error: Ensure condition failed: ScopedTransaction != nullptr [File:D:/Build/++UE4/Sync/Engine/Source/Editor/UMGEditor/Private/Extensions/DesignerExtension.cpp] [Line: 60]
[2026.02.12-16.35.01:768][915]LogOutputDevice: Error: 
[2026.02.12-16.35.01:768][915]LogOutputDevice: Error: Stack: 
[2026.02.12-16.35.01:768][915]LogOutputDevice: Error: [Callstack] 0x00007ffc854f1228 UE4Editor-UMGEditor.dll!UnknownFunction []
[2026.02.12-16.35.01:768][915]LogOutputDevice: Error: [Callstack] 0x00007ffc853eedd4 UE4Editor-UMGEditor.dll!UnknownFunction []
[2026.02.12-16.35.01:768][915]LogOutputDevice: Error: [Callstack] 0x00007ffc853407bf UE4Editor-UMGEditor.dll!UnknownFunction []
[2026.02.12-16.35.01:768][915]LogOutputDevice: Error: [Callstack] 0x00007ffc8531d2e6 UE4Editor-UMGEditor.dll!UnknownFunction []
[2026.02.12-16.35.01:768][915]LogOutputDevice: Error: [Callstack] 0x00007ffcf81c3011 UE4Editor-SlateCore.dll!UnknownFunction []
[2026.02.12-16.35.01:768][915]LogOutputDevice: Error: [Callstack] 0x00007ffcf8560a3f UE4Editor-Slate.dll!UnknownFunction []
[2026.02.12-16.35.01:768][915]LogOutputDevice: Error: [Callstack] 0x00007ffcf8543581 UE4Editor-Slate.dll!UnknownFunction []
[2026.02.12-16.35.01:768][915]LogOutputDevice: Error: [Callstack] 0x00007ffcf85be360 UE4Editor-Slate.dll!UnknownFunction []
[2026.02.12-16.35.01:768][915]LogOutputDevice: Error: [Callstack] 0x00007ffcf85a7097 UE4Editor-Slate.dll!UnknownFunction []
[2026.02.12-16.35.01:768][915]LogOutputDevice: Error: [Callstack] 0x00007ffcf8599b62 UE4Editor-Slate.dll!UnknownFunction []
[2026.02.12-16.35.01:768][915]LogOutputDevice: Error: [Callstack] 0x00007ffd4880c025 UE4Editor-ApplicationCore.dll!UnknownFunction []
[2026.02.12-16.35.01:768][915]LogOutputDevice: Error: [Callstack] 0x00007ffd487f92b7 UE4Editor-ApplicationCore.dll!UnknownFunction []
[2026.02.12-16.35.01:768][915]LogOutputDevice: Error: [Callstack] 0x00007ffd4880e465 UE4Editor-ApplicationCore.dll!UnknownFunction []
[2026.02.12-16.35.01:768][915]LogOutputDevice: Error: [Callstack] 0x00007ffd487f4410 UE4Editor-ApplicationCore.dll!UnknownFunction []
[2026.02.12-16.35.01:768][915]LogOutputDevice: Error: [Callstack] 0x00007ffd8f707846 USER32.dll!UnknownFunction []
[2026.02.12-16.35.01:768][915]LogOutputDevice: Error: [Callstack] 0x00007ffd8f70539d USER32.dll!UnknownFunction []
[2026.02.12-16.35.01:768][915]LogOutputDevice: Error: [Callstack] 0x00007ffd4880fcd4 UE4Editor-ApplicationCore.dll!UnknownFunction []
[2026.02.12-16.35.01:768][915]LogOutputDevice: Error: [Callstack] 0x00007ff60f247621 UE4Editor.exe!UnknownFunction []
[2026.02.12-16.35.01:768][915]LogOutputDevice: Error: [Callstack] 0x00007ff60f260fcc UE4Editor.exe!UnknownFunction []
[2026.02.12-16.35.01:768][915]LogOutputDevice: Error: [Callstack] 0x00007ff60f2610ba UE4Editor.exe!UnknownFunction []
[2026.02.12-16.35.01:768][915]LogOutputDevice: Error: [Callstack] 0x00007ff60f2640dd UE4Editor.exe!UnknownFunction []
[2026.02.12-16.35.01:768][915]LogOutputDevice: Error: [Callstack] 0x00007ff60f275984 UE4Editor.exe!UnknownFunction []
[2026.02.12-16.35.01:768][915]LogOutputDevice: Error: [Callstack] 0x00007ff60f27853a UE4Editor.exe!UnknownFunction []
[2026.02.12-16.35.01:768][915]LogOutputDevice: Error: [Callstack] 0x00007ffd8dcfe8d7 KERNEL32.DLL!UnknownFunction []
[2026.02.12-16.35.01:768][915]LogOutputDevice: Error: [Callstack] 0x00007ffd8f98c53c ntdll.dll!UnknownFunction []
[2026.02.12-16.35.01:768][915]LogOutputDevice: Error: 
[2026.02.12-16.35.01:774][915]LogStats:                SubmitErrorReport -  0.000 s
[2026.02.12-16.35.02:793][915]LogStats:                    SendNewReport -  1.018 s
[2026.02.12-16.35.02:793][915]LogStats:             FDebug::EnsureFailed -  1.061 s
[2026.02.12-16.35.02:994][917]FUdpSocketBuilder: Failed to subscribe UdpMessageMulticastSocket to multicast group 230.0.0.1 on interface 0.0.0.0
[2026.02.12-16.35.02:994][917]FUdpSocketBuilder: Failed to create and initialize socket UdpMessageMulticastSocket (last error: 0)
[2026.02.12-16.35.02:994][917]LogUdpMessaging: Warning: StartTransport failed to create multicast socket on 0.0.0.0:0, joined to 230.0.0.1:6666 with TTL 1
[2026.02.12-16.35.03:015][918]LogUdpMessaging: Warning: UDP messaging encountered an error. Auto repair routine started for reinitialization
[2026.02.12-16.35.05:111][ 38]FUdpSocketBuilder: Failed to subscribe UdpMessageMulticastSocket to multicast group 230.0.0.1 on interface 0.0.0.0
[2026.02.12-16.35.05:111][ 38]FUdpSocketBuilder: Failed to create and initialize socket UdpMessageMulticastSocket (last error: 0)
[2026.02.12-16.35.05:111][ 38]LogUdpMessaging: Warning: StartTransport failed to create multicast socket on 0.0.0.0:0, joined to 230.0.0.1:6666 with TTL 1
[2026.02.12-16.35.05:130][ 39]LogUdpMessaging: Warning: UDP messaging encountered an error. Auto repair routine started for reinitialization
[2026.02.12-16.35.07:330][157]FUdpSocketBuilder: Failed to subscribe UdpMessageMulticastSocket to multicast group 230.0.0.1 on interface 0.0.0.0
[2026.02.12-16.35.07:330][157]FUdpSocketBuilder: Failed to create and initialize socket UdpMessageMulticastSocket (last error: 0)
[2026.02.12-16.35.07:330][157]LogUdpMessaging: Warning: StartTransport failed to create multicast socket on 0.0.0.0:0, joined to 230.0.0.1:6666 with TTL 1
[2026.02.12-16.35.07:344][158]LogUdpMessaging: Warning: UDP messaging encountered an error. Auto repair routine started for reinitialization
[2026.02.12-16.35.09:346][266]FUdpSocketBuilder: Failed to subscribe UdpMessageMulticastSocket to multicast group 230.0.0.1 on interface 0.0.0.0
[2026.02.12-16.35.09:346][266]FUdpSocketBuilder: Failed to create and initialize socket UdpMessageMulticastSocket (last error: 0)
[2026.02.12-16.35.09:346][266]LogUdpMessaging: Warning: StartTransport failed to create multicast socket on 0.0.0.0:0, joined to 230.0.0.1:6666 with TTL 1
[2026.02.12-16.35.09:367][267]LogUdpMessaging: Warning: UDP messaging encountered an error. Auto repair routine started for reinitialization
[2026.02.12-16.35.11:265][375]FUdpSocketBuilder: Failed to subscribe UdpMessageMulticastSocket to multicast group 230.0.0.1 on interface 0.0.0.0
[2026.02.12-16.35.11:265][375]FUdpSocketBuilder: Failed to create and initialize socket UdpMessageMulticastSocket (last error: 0)
[2026.02.12-16.35.11:265][375]LogUdpMessaging: Warning: StartTransport failed to create multicast socket on 0.0.0.0:0, joined to 230.0.0.1:6666 with TTL 1
[2026.02.12-16.35.11:281][376]LogUdpMessaging: Warning: UDP messaging encountered an error. Auto repair routine started for reinitialization
[2026.02.12-16.35.13:281][490]FUdpSocketBuilder: Failed to subscribe UdpMessageMulticastSocket to multicast group 230.0.0.1 on interface 0.0.0.0
[2026.02.12-16.35.13:281][490]FUdpSocketBuilder: Failed to create and initialize socket UdpMessageMulticastSocket (last error: 0)
[2026.02.12-16.35.13:281][490]LogUdpMessaging: Warning: StartTransport failed to create multicast socket on 0.0.0.0:0, joined to 230.0.0.1:6666 with TTL 1
[2026.02.12-16.35.13:302][491]LogUdpMessaging: Warning: UDP messaging encountered an error. Auto repair routine started for reinitialization
[2026.02.12-16.35.15:498][610]FUdpSocketBuilder: Failed to subscribe UdpMessageMulticastSocket to multicast group 230.0.0.1 on interface 0.0.0.0
[2026.02.12-16.35.15:498][610]FUdpSocketBuilder: Failed to create and initialize socket UdpMessageMulticastSocket (last error: 0)
[2026.02.12-16.35.15:498][610]LogUdpMessaging: Warning: StartTransport failed to create multicast socket on 0.0.0.0:0, joined to 230.0.0.1:6666 with TTL 1
[2026.02.12-16.35.15:515][611]LogUdpMessaging: Warning: UDP messaging encountered an error. Auto repair routine started for reinitialization
[2026.02.12-16.35.17:514][719]FUdpSocketBuilder: Failed to subscribe UdpMessageMulticastSocket to multicast group 230.0.0.1 on interface 0.0.0.0
[2026.02.12-16.35.17:514][719]FUdpSocketBuilder: Failed to create and initialize socket UdpMessageMulticastSocket (last error: 0)
[2026.02.12-16.35.17:514][719]LogUdpMessaging: Warning: StartTransport failed to create multicast socket on 0.0.0.0:0, joined to 230.0.0.1:6666 with TTL 1
[2026.02.12-16.35.17:529][720]LogUdpMessaging: Warning: UDP messaging encountered an error. Auto repair routine started for reinitialization
[2026.02.12-16.35.19:428][828]FUdpSocketBuilder: Failed to subscribe UdpMessageMulticastSocket to multicast group 230.0.0.1 on interface 0.0.0.0
[2026.02.12-16.35.19:428][828]FUdpSocketBuilder: Failed to create and initialize socket UdpMessageMulticastSocket (last error: 0)
[2026.02.12-16.35.19:428][828]LogUdpMessaging: Warning: StartTransport failed to create multicast socket on 0.0.0.0:0, joined to 230.0.0.1:6666 with TTL 1
[2026.02.12-16.35.19:442][829]LogUdpMessaging: Warning: UDP messaging encountered an error. Auto repair routine started for reinitialization
[2026.02.12-16.35.21:445][940]FUdpSocketBuilder: Failed to subscribe UdpMessageMulticastSocket to multicast group 230.0.0.1 on interface 0.0.0.0
[2026.02.12-16.35.21:445][940]FUdpSocketBuilder: Failed to create and initialize socket UdpMessageMulticastSocket (last error: 0)
[2026.02.12-16.35.21:445][940]LogUdpMessaging: Warning: StartTransport failed to create multicast socket on 0.0.0.0:0, joined to 230.0.0.1:6666 with TTL 1
[2026.02.12-16.35.21:462][941]LogUdpMessaging: Warning: UDP messaging encountered an error. Auto repair routine started for reinitialization
[2026.02.12-16.35.23:464][ 55]FUdpSocketBuilder: Failed to subscribe UdpMessageMulticastSocket to multicast group 230.0.0.1 on interface 0.0.0.0
[2026.02.12-16.35.23:464][ 55]FUdpSocketBuilder: Failed to create and initialize socket UdpMessageMulticastSocket (last error: 0)
[2026.02.12-16.35.23:464][ 55]LogUdpMessaging: Warning: StartTransport failed to create multicast socket on 0.0.0.0:0, joined to 230.0.0.1:6666 with TTL 1
[2026.02.12-16.35.23:483][ 56]LogUdpMessaging: Warning: UDP messaging encountered an error. Auto repair routine started for reinitialization
[2026.02.12-16.35.25:481][169]FUdpSocketBuilder: Failed to subscribe UdpMessageMulticastSocket to multicast group 230.0.0.1 on interface 0.0.0.0
[2026.02.12-16.35.25:481][169]FUdpSocketBuilder: Failed to create and initialize socket UdpMessageMulticastSocket (last error: 0)
[2026.02.12-16.35.25:481][169]LogUdpMessaging: Warning: StartTransport failed to create multicast socket on 0.0.0.0:0, joined to 230.0.0.1:6666 with TTL 1
[2026.02.12-16.35.25:519][170]LogUdpMessaging: Warning: UDP messaging encountered an error. Auto repair routine started for reinitialization
[2026.02.12-16.35.27:498][275]FUdpSocketBuilder: Failed to subscribe UdpMessageMulticastSocket to multicast group 230.0.0.1 on interface 0.0.0.0
[2026.02.12-16.35.27:498][275]FUdpSocketBuilder: Failed to create and initialize socket UdpMessageMulticastSocket (last error: 0)
[2026.02.12-16.35.27:498][275]LogUdpMessaging: Warning: StartTransport failed to create multicast socket on 0.0.0.0:0, joined to 230.0.0.1:6666 with TTL 1
[2026.02.12-16.35.27:518][276]LogUdpMessaging: Warning: UDP messaging encountered an error. Auto repair routine started for reinitialization
[2026.02.12-16.35.29:616][396]FUdpSocketBuilder: Failed to subscribe UdpMessageMulticastSocket to multicast group 230.0.0.1 on interface 0.0.0.0
[2026.02.12-16.35.29:616][396]FUdpSocketBuilder: Failed to create and initialize socket UdpMessageMulticastSocket (last error: 0)
[2026.02.12-16.35.29:616][396]LogUdpMessaging: Warning: StartTransport failed to create multicast socket on 0.0.0.0:0, joined to 230.0.0.1:6666 with TTL 1
[2026.02.12-16.35.29:634][396]LogUdpMessaging: Warning: UDP messaging encountered an error. Auto repair routine started for reinitialization
[2026.02.12-16.35.31:635][508]FUdpSocketBuilder: Failed to subscribe UdpMessageMulticastSocket to multicast group 230.0.0.1 on interface 0.0.0.0
[2026.02.12-16.35.31:635][508]FUdpSocketBuilder: Failed to create and initialize socket UdpMessageMulticastSocket (last error: 0)
[2026.02.12-16.35.31:635][508]LogUdpMessaging: Warning: StartTransport failed to create multicast socket on 0.0.0.0:0, joined to 230.0.0.1:6666 with TTL 1
[2026.02.12-16.35.31:653][509]LogUdpMessaging: Warning: UDP messaging encountered an error. Auto repair routine started for reinitialization
[2026.02.12-16.35.33:649][622]FUdpSocketBuilder: Failed to subscribe UdpMessageMulticastSocket to multicast group 230.0.0.1 on interface 0.0.0.0
[2026.02.12-16.35.33:649][622]FUdpSocketBuilder: Failed to create and initialize socket UdpMessageMulticastSocket (last error: 0)
[2026.02.12-16.35.33:649][622]LogUdpMessaging: Warning: StartTransport failed to create multicast socket on 0.0.0.0:0, joined to 230.0.0.1:6666 with TTL 1
[2026.02.12-16.35.33:868][622]LogUdpMessaging: Warning: UDP messaging encountered an error. Auto repair routine started for reinitialization
[2026.02.12-16.35.35:660][628]FUdpSocketBuilder: Failed to subscribe UdpMessageMulticastSocket to multicast group 230.0.0.1 on interface 0.0.0.0
[2026.02.12-16.35.35:660][628]FUdpSocketBuilder: Failed to create and initialize socket UdpMessageMulticastSocket (last error: 0)
[2026.02.12-16.35.35:660][628]LogUdpMessaging: Warning: StartTransport failed to create multicast socket on 0.0.0.0:0, joined to 230.0.0.1:6666 with TTL 1
[2026.02.12-16.35.35:888][628]LogUdpMessaging: Warning: UDP messaging encountered an error. Auto repair routine started for reinitialization
[2026.02.12-16.35.37:677][634]FUdpSocketBuilder: Failed to subscribe UdpMessageMulticastSocket to multicast group 230.0.0.1 on interface 0.0.0.0
[2026.02.12-16.35.37:678][634]FUdpSocketBuilder: Failed to create and initialize socket UdpMessageMulticastSocket (last error: 0)
[2026.02.12-16.35.37:678][634]LogUdpMessaging: Warning: StartTransport failed to create multicast socket on 0.0.0.0:0, joined to 230.0.0.1:6666 with TTL 1
[2026.02.12-16.35.37:899][634]LogUdpMessaging: Warning: UDP messaging encountered an error. Auto repair routine started for reinitialization
[2026.02.12-16.35.39:695][640]FUdpSocketBuilder: Failed to subscribe UdpMessageMulticastSocket to multicast group 230.0.0.1 on interface 0.0.0.0
[2026.02.12-16.35.39:695][640]FUdpSocketBuilder: Failed to create and initialize socket UdpMessageMulticastSocket (last error: 0)
[2026.02.12-16.35.39:695][640]LogUdpMessaging: Warning: StartTransport failed to create multicast socket on 0.0.0.0:0, joined to 230.0.0.1:6666 with TTL 1
[2026.02.12-16.35.39:916][640]LogUdpMessaging: Warning: UDP messaging encountered an error. Auto repair routine started for reinitialization
[2026.02.12-16.35.41:713][646]FUdpSocketBuilder: Failed to subscribe UdpMessageMulticastSocket to multicast group 230.0.0.1 on interface 0.0.0.0
[2026.02.12-16.35.41:713][646]FUdpSocketBuilder: Failed to create and initialize socket UdpMessageMulticastSocket (last error: 0)
[2026.02.12-16.35.41:713][646]LogUdpMessaging: Warning: StartTransport failed to create multicast socket on 0.0.0.0:0, joined to 230.0.0.1:6666 with TTL 1
[2026.02.12-16.35.41:921][646]LogUdpMessaging: Warning: UDP messaging encountered an error. Auto repair routine started for reinitialization
[2026.02.12-16.35.43:733][652]FUdpSocketBuilder: Failed to subscribe UdpMessageMulticastSocket to multicast group 230.0.0.1 on interface 0.0.0.0
[2026.02.12-16.35.43:733][652]FUdpSocketBuilder: Failed to create and initialize socket UdpMessageMulticastSocket (last error: 0)
[2026.02.12-16.35.43:733][652]LogUdpMessaging: Warning: StartTransport failed to create multicast socket on 0.0.0.0:0, joined to 230.0.0.1:6666 with TTL 1
[2026.02.12-16.35.43:940][652]LogUdpMessaging: Warning: UDP messaging encountered an error. Auto repair routine started for reinitialization
[2026.02.12-16.35.45:749][658]FUdpSocketBuilder: Failed to subscribe UdpMessageMulticastSocket to multicast group 230.0.0.1 on interface 0.0.0.0
[2026.02.12-16.35.45:749][658]FUdpSocketBuilder: Failed to create and initialize socket UdpMessageMulticastSocket (last error: 0)
[2026.02.12-16.35.45:749][658]LogUdpMessaging: Warning: StartTransport failed to create multicast socket on 0.0.0.0:0, joined to 230.0.0.1:6666 with TTL 1
[2026.02.12-16.35.45:957][658]LogUdpMessaging: Warning: UDP messaging encountered an error. Auto repair routine started for reinitialization
[2026.02.12-16.35.47:763][664]FUdpSocketBuilder: Failed to subscribe UdpMessageMulticastSocket to multicast group 230.0.0.1 on interface 0.0.0.0
[2026.02.12-16.35.47:763][664]FUdpSocketBuilder: Failed to create and initialize socket UdpMessageMulticastSocket (last error: 0)
[2026.02.12-16.35.47:763][664]LogUdpMessaging: Warning: StartTransport failed to create multicast socket on 0.0.0.0:0, joined to 230.0.0.1:6666 with TTL 1
[2026.02.12-16.35.47:960][664]LogUdpMessaging: Warning: UDP messaging encountered an error. Auto repair routine started for reinitialization
[2026.02.12-16.35.49:780][670]FUdpSocketBuilder: Failed to subscribe UdpMessageMulticastSocket to multicast group 230.0.0.1 on interface 0.0.0.0
[2026.02.12-16.35.49:780][670]FUdpSocketBuilder: Failed to create and initialize socket UdpMessageMulticastSocket (last error: 0)
[2026.02.12-16.35.49:780][670]LogUdpMessaging: Warning: StartTransport failed to create multicast socket on 0.0.0.0:0, joined to 230.0.0.1:6666 with TTL 1
[2026.02.12-16.35.49:965][670]LogUdpMessaging: Warning: UDP messaging encountered an error. Auto repair routine started for reinitialization
[2026.02.12-16.35.51:793][676]FUdpSocketBuilder: Failed to subscribe UdpMessageMulticastSocket to multicast group 230.0.0.1 on interface 0.0.0.0
[2026.02.12-16.35.51:794][676]FUdpSocketBuilder: Failed to create and initialize socket UdpMessageMulticastSocket (last error: 0)
[2026.02.12-16.35.51:794][676]LogUdpMessaging: Warning: StartTransport failed to create multicast socket on 0.0.0.0:0, joined to 230.0.0.1:6666 with TTL 1
[2026.02.12-16.35.51:974][676]LogUdpMessaging: Warning: UDP messaging encountered an error. Auto repair routine started for reinitialization
[2026.02.12-16.35.53:813][682]FUdpSocketBuilder: Failed to subscribe UdpMessageMulticastSocket to multicast group 230.0.0.1 on interface 0.0.0.0
[2026.02.12-16.35.53:813][682]FUdpSocketBuilder: Failed to create and initialize socket UdpMessageMulticastSocket (last error: 0)
[2026.02.12-16.35.53:813][682]LogUdpMessaging: Warning: StartTransport failed to create multicast socket on 0.0.0.0:0, joined to 230.0.0.1:6666 with TTL 1
[2026.02.12-16.35.53:992][682]LogUdpMessaging: Warning: UDP messaging encountered an error. Auto repair routine started for reinitialization
[2026.02.12-16.35.55:832][688]FUdpSocketBuilder: Failed to subscribe UdpMessageMulticastSocket to multicast group 230.0.0.1 on interface 0.0.0.0
[2026.02.12-16.35.55:832][688]FUdpSocketBuilder: Failed to create and initialize socket UdpMessageMulticastSocket (last error: 0)
[2026.02.12-16.35.55:832][688]LogUdpMessaging: Warning: StartTransport failed to create multicast socket on 0.0.0.0:0, joined to 230.0.0.1:6666 with TTL 1
[2026.02.12-16.35.56:006][688]LogUdpMessaging: Warning: UDP messaging encountered an error. Auto repair routine started for reinitialization
[2026.02.12-16.35.57:751][694]FUdpSocketBuilder: Failed to subscribe UdpMessageMulticastSocket to multicast group 230.0.0.1 on interface 0.0.0.0
[2026.02.12-16.35.57:751][694]FUdpSocketBuilder: Failed to create and initialize socket UdpMessageMulticastSocket (last error: 0)
[2026.02.12-16.35.57:751][694]LogUdpMessaging: Warning: StartTransport failed to create multicast socket on 0.0.0.0:0, joined to 230.0.0.1:6666 with TTL 1
[2026.02.12-16.35.58:012][694]LogUdpMessaging: Warning: UDP messaging encountered an error. Auto repair routine started for reinitialization
[2026.02.12-16.35.58:422][695]LogUObjectHash: Compacting FUObjectHashTables data took   2.72ms
[2026.02.12-16.35.58:427][695]LogFileHelpers: Editor autosave (incl. external actors) for '/Game/Levels/Main' took 0.041
[2026.02.12-16.35.58:427][695]OBJ SavePackage: Generating thumbnails for [0] asset(s) in package [/Game/BluePrintClass/W_PlayerHUD] ([2] browsable assets)...
[2026.02.12-16.35.58:427][695]OBJ SavePackage: Finished generating thumbnails for package [/Game/BluePrintClass/W_PlayerHUD]
[2026.02.12-16.35.58:434][695]LogSavePackage: Moving '../../../../../Repozytoria/UE 4.27/KZ_TopDownShooter/TopDownAC/Saved/W_PlayerHUD_Auto0606C22BF4676F1D4B0597DB6D9949FB2.tmp' to '../../../../../Repozytoria/UE 4.27/KZ_TopDownShooter/TopDownAC/Saved/Autosaves/Game/BluePrintClass/W_PlayerHUD_Auto0.uasset'
[2026.02.12-16.35.58:434][695]LogFileHelpers: Auto-saving content packages took 0.007
[2026.02.12-16.35.59:870][700]FUdpSocketBuilder: Failed to subscribe UdpMessageMulticastSocket to multicast group 230.0.0.1 on interface 0.0.0.0
[2026.02.12-16.35.59:870][700]FUdpSocketBuilder: Failed to create and initialize socket UdpMessageMulticastSocket (last error: 0)
[2026.02.12-16.35.59:870][700]LogUdpMessaging: Warning: StartTransport failed to create multicast socket on 0.0.0.0:0, joined to 230.0.0.1:6666 with TTL 1
[2026.02.12-16.36.00:021][700]LogUdpMessaging: Warning: UDP messaging encountered an error. Auto repair routine started for reinitialization
[2026.02.12-16.36.01:889][706]FUdpSocketBuilder: Failed to subscribe UdpMessageMulticastSocket to multicast group 230.0.0.1 on interface 0.0.0.0
[2026.02.12-16.36.01:889][706]FUdpSocketBuilder: Failed to create and initialize socket UdpMessageMulticastSocket (last error: 0)
[2026.02.12-16.36.01:889][706]LogUdpMessaging: Warning: StartTransport failed to create multicast socket on 0.0.0.0:0, joined to 230.0.0.1:6666 with TTL 1
[2026.02.12-16.36.02:033][706]LogUdpMessaging: Warning: UDP messaging encountered an error. Auto repair routine started for reinitialization
[2026.02.12-16.36.03:905][712]FUdpSocketBuilder: Failed to subscribe UdpMessageMulticastSocket to multicast group 230.0.0.1 on interface 0.0.0.0
[2026.02.12-16.36.03:906][712]FUdpSocketBuilder: Failed to create and initialize socket UdpMessageMulticastSocket (last error: 0)
[2026.02.12-16.36.03:906][712]LogUdpMessaging: Warning: StartTransport failed to create multicast socket on 0.0.0.0:0, joined to 230.0.0.1:6666 with TTL 1
[2026.02.12-16.36.04:044][712]LogUdpMessaging: Warning: UDP messaging encountered an error. Auto repair routine started for reinitialization
[2026.02.12-16.36.05:920][718]FUdpSocketBuilder: Failed to subscribe UdpMessageMulticastSocket to multicast group 230.0.0.1 on interface 0.0.0.0
[2026.02.12-16.36.05:920][718]FUdpSocketBuilder: Failed to create and initialize socket UdpMessageMulticastSocket (last error: 0)
[2026.02.12-16.36.05:920][718]LogUdpMessaging: Warning: StartTransport failed to create multicast socket on 0.0.0.0:0, joined to 230.0.0.1:6666 with TTL 1
[2026.02.12-16.36.06:053][718]LogUdpMessaging: Warning: UDP messaging encountered an error. Auto repair routine started for reinitialization
[2026.02.12-16.36.07:838][724]FUdpSocketBuilder: Failed to subscribe UdpMessageMulticastSocket to multicast group 230.0.0.1 on interface 0.0.0.0
[2026.02.12-16.36.07:838][724]FUdpSocketBuilder: Failed to create and initialize socket UdpMessageMulticastSocket (last error: 0)
[2026.02.12-16.36.07:838][724]LogUdpMessaging: Warning: StartTransport failed to create multicast socket on 0.0.0.0:0, joined to 230.0.0.1:6666 with TTL 1
[2026.02.12-16.36.08:056][724]LogUdpMessaging: Warning: UDP messaging encountered an error. Auto repair routine started for reinitialization
[2026.02.12-16.36.09:855][730]FUdpSocketBuilder: Failed to subscribe UdpMessageMulticastSocket to multicast group 230.0.0.1 on interface 0.0.0.0
[2026.02.12-16.36.09:855][730]FUdpSocketBuilder: Failed to create and initialize socket UdpMessageMulticastSocket (last error: 0)
[2026.02.12-16.36.09:855][730]LogUdpMessaging: Warning: StartTransport failed to create multicast socket on 0.0.0.0:0, joined to 230.0.0.1:6666 with TTL 1
[2026.02.12-16.36.10:060][730]LogUdpMessaging: Warning: UDP messaging encountered an error. Auto repair routine started for reinitialization
[2026.02.12-16.36.11:872][736]FUdpSocketBuilder: Failed to subscribe UdpMessageMulticastSocket to multicast group 230.0.0.1 on interface 0.0.0.0
[2026.02.12-16.36.11:872][736]FUdpSocketBuilder: Failed to create and initialize socket UdpMessageMulticastSocket (last error: 0)
[2026.02.12-16.36.11:872][736]LogUdpMessaging: Warning: StartTransport failed to create multicast socket on 0.0.0.0:0, joined to 230.0.0.1:6666 with TTL 1
[2026.02.12-16.36.12:075][736]LogUdpMessaging: Warning: UDP messaging encountered an error. Auto repair routine started for reinitialization
[2026.02.12-16.36.13:886][742]FUdpSocketBuilder: Failed to subscribe UdpMessageMulticastSocket to multicast group 230.0.0.1 on interface 0.0.0.0
[2026.02.12-16.36.13:886][742]FUdpSocketBuilder: Failed to create and initialize socket UdpMessageMulticastSocket (last error: 0)
[2026.02.12-16.36.13:886][742]LogUdpMessaging: Warning: StartTransport failed to create multicast socket on 0.0.0.0:0, joined to 230.0.0.1:6666 with TTL 1
[2026.02.12-16.36.14:092][742]LogUdpMessaging: Warning: UDP messaging encountered an error. Auto repair routine started for reinitialization
[2026.02.12-16.36.15:911][748]FUdpSocketBuilder: Failed to subscribe UdpMessageMulticastSocket to multicast group 230.0.0.1 on interface 0.0.0.0
[2026.02.12-16.36.15:911][748]FUdpSocketBuilder: Failed to create and initialize socket UdpMessageMulticastSocket (last error: 0)
[2026.02.12-16.36.15:911][748]LogUdpMessaging: Warning: StartTransport failed to create multicast socket on 0.0.0.0:0, joined to 230.0.0.1:6666 with TTL 1
[2026.02.12-16.36.16:104][748]LogUdpMessaging: Warning: UDP messaging encountered an error. Auto repair routine started for reinitialization
[2026.02.12-16.36.17:935][754]FUdpSocketBuilder: Failed to subscribe UdpMessageMulticastSocket to multicast group 230.0.0.1 on interface 0.0.0.0
[2026.02.12-16.36.17:935][754]FUdpSocketBuilder: Failed to create and initialize socket UdpMessageMulticastSocket (last error: 0)
[2026.02.12-16.36.17:935][754]LogUdpMessaging: Warning: StartTransport failed to create multicast socket on 0.0.0.0:0, joined to 230.0.0.1:6666 with TTL 1
[2026.02.12-16.36.18:113][754]LogUdpMessaging: Warning: UDP messaging encountered an error. Auto repair routine started for reinitialization
[2026.02.12-16.36.19:952][760]FUdpSocketBuilder: Failed to subscribe UdpMessageMulticastSocket to multicast group 230.0.0.1 on interface 0.0.0.0
[2026.02.12-16.36.19:952][760]FUdpSocketBuilder: Failed to create and initialize socket UdpMessageMulticastSocket (last error: 0)
[2026.02.12-16.36.19:952][760]LogUdpMessaging: Warning: StartTransport failed to create multicast socket on 0.0.0.0:0, joined to 230.0.0.1:6666 with TTL 1
[2026.02.12-16.36.20:119][760]LogUdpMessaging: Warning: UDP messaging encountered an error. Auto repair routine started for reinitialization
[2026.02.12-16.36.21:975][766]FUdpSocketBuilder: Failed to subscribe UdpMessageMulticastSocket to multicast group 230.0.0.1 on interface 0.0.0.0
[2026.02.12-16.36.21:975][766]FUdpSocketBuilder: Failed to create and initialize socket UdpMessageMulticastSocket (last error: 0)
[2026.02.12-16.36.21:975][766]LogUdpMessaging: Warning: StartTransport failed to create multicast socket on 0.0.0.0:0, joined to 230.0.0.1:6666 with TTL 1
[2026.02.12-16.36.22:124][766]LogUdpMessaging: Warning: UDP messaging encountered an error. Auto repair routine started for reinitialization
[2026.02.12-16.36.23:991][772]FUdpSocketBuilder: Failed to subscribe UdpMessageMulticastSocket to multicast group 230.0.0.1 on interface 0.0.0.0
[2026.02.12-16.36.23:991][772]FUdpSocketBuilder: Failed to create and initialize socket UdpMessageMulticastSocket (last error: 0)
[2026.02.12-16.36.23:991][772]LogUdpMessaging: Warning: StartTransport failed to create multicast socket on 0.0.0.0:0, joined to 230.0.0.1:6666 with TTL 1
[2026.02.12-16.36.24:129][772]LogUdpMessaging: Warning: UDP messaging encountered an error. Auto repair routine started for reinitialization
[2026.02.12-16.36.26:011][778]FUdpSocketBuilder: Failed to subscribe UdpMessageMulticastSocket to multicast group 230.0.0.1 on interface 0.0.0.0
[2026.02.12-16.36.26:011][778]FUdpSocketBuilder: Failed to create and initialize socket UdpMessageMulticastSocket (last error: 0)
[2026.02.12-16.36.26:011][778]LogUdpMessaging: Warning: StartTransport failed to create multicast socket on 0.0.0.0:0, joined to 230.0.0.1:6666 with TTL 1
[2026.02.12-16.36.26:141][778]LogUdpMessaging: Warning: UDP messaging encountered an error. Auto repair routine started for reinitialization
[2026.02.12-16.36.27:829][784]FUdpSocketBuilder: Failed to subscribe UdpMessageMulticastSocket to multicast group 230.0.0.1 on interface 0.0.0.0
[2026.02.12-16.36.27:829][784]FUdpSocketBuilder: Failed to create and initialize socket UdpMessageMulticastSocket (last error: 0)
[2026.02.12-16.36.27:829][784]LogUdpMessaging: Warning: StartTransport failed to create multicast socket on 0.0.0.0:0, joined to 230.0.0.1:6666 with TTL 1
[2026.02.12-16.36.28:142][784]LogUdpMessaging: Warning: UDP messaging encountered an error. Auto repair routine started for reinitialization
[2026.02.12-16.36.29:948][790]FUdpSocketBuilder: Failed to subscribe UdpMessageMulticastSocket to multicast group 230.0.0.1 on interface 0.0.0.0
[2026.02.12-16.36.29:948][790]FUdpSocketBuilder: Failed to create and initialize socket UdpMessageMulticastSocket (last error: 0)
[2026.02.12-16.36.29:948][790]LogUdpMessaging: Warning: StartTransport failed to create multicast socket on 0.0.0.0:0, joined to 230.0.0.1:6666 with TTL 1
[2026.02.12-16.36.30:156][790]LogUdpMessaging: Warning: UDP messaging encountered an error. Auto repair routine started for reinitialization
[2026.02.12-16.36.31:965][796]FUdpSocketBuilder: Failed to subscribe UdpMessageMulticastSocket to multicast group 230.0.0.1 on interface 0.0.0.0
[2026.02.12-16.36.31:965][796]FUdpSocketBuilder: Failed to create and initialize socket UdpMessageMulticastSocket (last error: 0)
[2026.02.12-16.36.31:965][796]LogUdpMessaging: Warning: StartTransport failed to create multicast socket on 0.0.0.0:0, joined to 230.0.0.1:6666 with TTL 1
[2026.02.12-16.36.32:171][796]LogUdpMessaging: Warning: UDP messaging encountered an error. Auto repair routine started for reinitialization
[2026.02.12-16.36.33:982][802]FUdpSocketBuilder: Failed to subscribe UdpMessageMulticastSocket to multicast group 230.0.0.1 on interface 0.0.0.0
[2026.02.12-16.36.33:982][802]FUdpSocketBuilder: Failed to create and initialize socket UdpMessageMulticastSocket (last error: 0)
[2026.02.12-16.36.33:982][802]LogUdpMessaging: Warning: StartTransport failed to create multicast socket on 0.0.0.0:0, joined to 230.0.0.1:6666 with TTL 1
[2026.02.12-16.36.34:179][802]LogUdpMessaging: Warning: UDP messaging encountered an error. Auto repair routine started for reinitialization
[2026.02.12-16.36.36:002][808]FUdpSocketBuilder: Failed to subscribe UdpMessageMulticastSocket to multicast group 230.0.0.1 on interface 0.0.0.0
[2026.02.12-16.36.36:002][808]FUdpSocketBuilder: Failed to create and initialize socket UdpMessageMulticastSocket (last error: 0)
[2026.02.12-16.36.36:002][808]LogUdpMessaging: Warning: StartTransport failed to create multicast socket on 0.0.0.0:0, joined to 230.0.0.1:6666 with TTL 1
[2026.02.12-16.36.36:192][808]LogUdpMessaging: Warning: UDP messaging encountered an error. Auto repair routine started for reinitialization
[2026.02.12-16.36.38:018][814]FUdpSocketBuilder: Failed to subscribe UdpMessageMulticastSocket to multicast group 230.0.0.1 on interface 0.0.0.0
[2026.02.12-16.36.38:018][814]FUdpSocketBuilder: Failed to create and initialize socket UdpMessageMulticastSocket (last error: 0)
[2026.02.12-16.36.38:018][814]LogUdpMessaging: Warning: StartTransport failed to create multicast socket on 0.0.0.0:0, joined to 230.0.0.1:6666 with TTL 1
[2026.02.12-16.36.38:194][814]LogUdpMessaging: Warning: UDP messaging encountered an error. Auto repair routine started for reinitialization
[2026.02.12-16.36.40:336][875]FUdpSocketBuilder: Failed to subscribe UdpMessageMulticastSocket to multicast group 230.0.0.1 on interface 0.0.0.0
[2026.02.12-16.36.40:336][875]FUdpSocketBuilder: Failed to create and initialize socket UdpMessageMulticastSocket (last error: 0)
[2026.02.12-16.36.40:337][875]LogUdpMessaging: Warning: StartTransport failed to create multicast socket on 0.0.0.0:0, joined to 230.0.0.1:6666 with TTL 1
[2026.02.12-16.36.40:485][875]LogUdpMessaging: Warning: UDP messaging encountered an error. Auto repair routine started for reinitialization
[2026.02.12-16.36.42:357][900]FUdpSocketBuilder: Failed to subscribe UdpMessageMulticastSocket to multicast group 230.0.0.1 on interface 0.0.0.0
[2026.02.12-16.36.42:358][900]FUdpSocketBuilder: Failed to create and initialize socket UdpMessageMulticastSocket (last error: 0)
[2026.02.12-16.36.42:358][900]LogUdpMessaging: Warning: StartTransport failed to create multicast socket on 0.0.0.0:0, joined to 230.0.0.1:6666 with TTL 1
[2026.02.12-16.36.42:381][901]LogUdpMessaging: Warning: UDP messaging encountered an error. Auto repair routine started for reinitialization
[2026.02.12-16.36.43:572][961]FUdpSocketBuilder: Failed to subscribe UdpMessageMulticastSocket to multicast group 230.0.0.1 on interface 0.0.0.0
[2026.02.12-16.36.43:572][961]FUdpSocketBuilder: Failed to create and initialize socket UdpMessageMulticastSocket (last error: 0)
[2026.02.12-16.36.43:573][961]LogUdpMessaging: Warning: StartTransport failed to create multicast socket on 0.0.0.0:0, joined to 230.0.0.1:6666 with TTL 1
[2026.02.12-16.36.43:590][961]LogUdpMessaging: Warning: UDP messaging encountered an error. Auto repair routine started for reinitialization
[2026.02.12-16.36.45:589][ 68]FUdpSocketBuilder: Failed to subscribe UdpMessageMulticastSocket to multicast group 230.0.0.1 on interface 0.0.0.0
[2026.02.12-16.36.45:589][ 68]FUdpSocketBuilder: Failed to create and initialize socket UdpMessageMulticastSocket (last error: 0)
[2026.02.12-16.36.45:590][ 68]LogUdpMessaging: Warning: StartTransport failed to create multicast socket on 0.0.0.0:0, joined to 230.0.0.1:6666 with TTL 1
[2026.02.12-16.36.45:606][ 69]LogUdpMessaging: Warning: UDP messaging encountered an error. Auto repair routine started for reinitialization
[2026.02.12-16.36.47:608][175]FUdpSocketBuilder: Failed to subscribe UdpMessageMulticastSocket to multicast group 230.0.0.1 on interface 0.0.0.0
[2026.02.12-16.36.47:608][175]FUdpSocketBuilder: Failed to create and initialize socket UdpMessageMulticastSocket (last error: 0)
[2026.02.12-16.36.47:608][175]LogUdpMessaging: Warning: StartTransport failed to create multicast socket on 0.0.0.0:0, joined to 230.0.0.1:6666 with TTL 1
[2026.02.12-16.36.47:626][175]LogUdpMessaging: Warning: UDP messaging encountered an error. Auto repair routine started for reinitialization
[2026.02.12-16.36.49:626][277]FUdpSocketBuilder: Failed to subscribe UdpMessageMulticastSocket to multicast group 230.0.0.1 on interface 0.0.0.0
[2026.02.12-16.36.49:626][277]FUdpSocketBuilder: Failed to create and initialize socket UdpMessageMulticastSocket (last error: 0)
[2026.02.12-16.36.49:626][277]LogUdpMessaging: Warning: StartTransport failed to create multicast socket on 0.0.0.0:0, joined to 230.0.0.1:6666 with TTL 1
[2026.02.12-16.36.49:647][278]LogUdpMessaging: Warning: UDP messaging encountered an error. Auto repair routine started for reinitialization
[2026.02.12-16.36.51:843][398]FUdpSocketBuilder: Failed to subscribe UdpMessageMulticastSocket to multicast group 230.0.0.1 on interface 0.0.0.0
[2026.02.12-16.36.51:843][398]FUdpSocketBuilder: Failed to create and initialize socket UdpMessageMulticastSocket (last error: 0)
[2026.02.12-16.36.51:843][398]LogUdpMessaging: Warning: StartTransport failed to create multicast socket on 0.0.0.0:0, joined to 230.0.0.1:6666 with TTL 1
[2026.02.12-16.36.51:882][398]LogUdpMessaging: Warning: UDP messaging encountered an error. Auto repair routine started for reinitialization
[2026.02.12-16.36.53:860][503]FUdpSocketBuilder: Failed to subscribe UdpMessageMulticastSocket to multicast group 230.0.0.1 on interface 0.0.0.0
[2026.02.12-16.36.53:861][503]FUdpSocketBuilder: Failed to create and initialize socket UdpMessageMulticastSocket (last error: 0)
[2026.02.12-16.36.53:861][503]LogUdpMessaging: Warning: StartTransport failed to create multicast socket on 0.0.0.0:0, joined to 230.0.0.1:6666 with TTL 1
[2026.02.12-16.36.53:878][504]LogUdpMessaging: Warning: UDP messaging encountered an error. Auto repair routine started for reinitialization
[2026.02.12-16.36.55:776][612]FUdpSocketBuilder: Failed to subscribe UdpMessageMulticastSocket to multicast group 230.0.0.1 on interface 0.0.0.0
[2026.02.12-16.36.55:776][612]FUdpSocketBuilder: Failed to create and initialize socket UdpMessageMulticastSocket (last error: 0)
[2026.02.12-16.36.55:776][612]LogUdpMessaging: Warning: StartTransport failed to create multicast socket on 0.0.0.0:0, joined to 230.0.0.1:6666 with TTL 1
[2026.02.12-16.36.55:795][613]LogUdpMessaging: Warning: UDP messaging encountered an error. Auto repair routine started for reinitialization
[2026.02.12-16.36.57:084][665]FUdpSocketBuilder: Failed to subscribe UdpMessageMulticastSocket to multicast group 230.0.0.1 on interface 0.0.0.0
[2026.02.12-16.36.57:084][665]FUdpSocketBuilder: Failed to create and initialize socket UdpMessageMulticastSocket (last error: 0)
[2026.02.12-16.36.57:084][665]LogUdpMessaging: Warning: StartTransport failed to create multicast socket on 0.0.0.0:0, joined to 230.0.0.1:6666 with TTL 1
[2026.02.12-16.36.57:301][665]LogUdpMessaging: Warning: UDP messaging encountered an error. Auto repair routine started for reinitialization
[2026.02.12-16.36.59:098][671]FUdpSocketBuilder: Failed to subscribe UdpMessageMulticastSocket to multicast group 230.0.0.1 on interface 0.0.0.0
[2026.02.12-16.36.59:098][671]FUdpSocketBuilder: Failed to create and initialize socket UdpMessageMulticastSocket (last error: 0)
[2026.02.12-16.36.59:098][671]LogUdpMessaging: Warning: StartTransport failed to create multicast socket on 0.0.0.0:0, joined to 230.0.0.1:6666 with TTL 1
[2026.02.12-16.36.59:313][671]LogUdpMessaging: Warning: UDP messaging encountered an error. Auto repair routine started for reinitialization
[2026.02.12-16.37.01:116][677]FUdpSocketBuilder: Failed to subscribe UdpMessageMulticastSocket to multicast group 230.0.0.1 on interface 0.0.0.0
[2026.02.12-16.37.01:116][677]FUdpSocketBuilder: Failed to create and initialize socket UdpMessageMulticastSocket (last error: 0)
[2026.02.12-16.37.01:116][677]LogUdpMessaging: Warning: StartTransport failed to create multicast socket on 0.0.0.0:0, joined to 230.0.0.1:6666 with TTL 1
[2026.02.12-16.37.01:317][677]LogUdpMessaging: Warning: UDP messaging encountered an error. Auto repair routine started for reinitialization
[2026.02.12-16.37.03:135][683]FUdpSocketBuilder: Failed to subscribe UdpMessageMulticastSocket to multicast group 230.0.0.1 on interface 0.0.0.0
[2026.02.12-16.37.03:135][683]FUdpSocketBuilder: Failed to create and initialize socket UdpMessageMulticastSocket (last error: 0)
[2026.02.12-16.37.03:135][683]LogUdpMessaging: Warning: StartTransport failed to create multicast socket on 0.0.0.0:0, joined to 230.0.0.1:6666 with TTL 1
[2026.02.12-16.37.03:332][683]LogUdpMessaging: Warning: UDP messaging encountered an error. Auto repair routine started for reinitialization
[2026.02.12-16.37.05:148][689]FUdpSocketBuilder: Failed to subscribe UdpMessageMulticastSocket to multicast group 230.0.0.1 on interface 0.0.0.0
[2026.02.12-16.37.05:148][689]FUdpSocketBuilder: Failed to create and initialize socket UdpMessageMulticastSocket (last error: 0)
[2026.02.12-16.37.05:148][689]LogUdpMessaging: Warning: StartTransport failed to create multicast socket on 0.0.0.0:0, joined to 230.0.0.1:6666 with TTL 1
[2026.02.12-16.37.05:341][689]LogUdpMessaging: Warning: UDP messaging encountered an error. Auto repair routine started for reinitialization
[2026.02.12-16.37.07:160][695]FUdpSocketBuilder: Failed to subscribe UdpMessageMulticastSocket to multicast group 230.0.0.1 on interface 0.0.0.0
[2026.02.12-16.37.07:160][695]FUdpSocketBuilder: Failed to create and initialize socket UdpMessageMulticastSocket (last error: 0)
[2026.02.12-16.37.07:160][695]LogUdpMessaging: Warning: StartTransport failed to create multicast socket on 0.0.0.0:0, joined to 230.0.0.1:6666 with TTL 1
[2026.02.12-16.37.07:346][695]LogUdpMessaging: Warning: UDP messaging encountered an error. Auto repair routine started for reinitialization
[2026.02.12-16.37.09:177][701]FUdpSocketBuilder: Failed to subscribe UdpMessageMulticastSocket to multicast group 230.0.0.1 on interface 0.0.0.0
[2026.02.12-16.37.09:177][701]FUdpSocketBuilder: Failed to create and initialize socket UdpMessageMulticastSocket (last error: 0)
[2026.02.12-16.37.09:177][701]LogUdpMessaging: Warning: StartTransport failed to create multicast socket on 0.0.0.0:0, joined to 230.0.0.1:6666 with TTL 1
[2026.02.12-16.37.09:348][701]LogUdpMessaging: Warning: UDP messaging encountered an error. Auto repair routine started for reinitialization
[2026.02.12-16.37.11:198][707]FUdpSocketBuilder: Failed to subscribe UdpMessageMulticastSocket to multicast group 230.0.0.1 on interface 0.0.0.0
[2026.02.12-16.37.11:198][707]FUdpSocketBuilder: Failed to create and initialize socket UdpMessageMulticastSocket (last error: 0)
[2026.02.12-16.37.11:198][707]LogUdpMessaging: Warning: StartTransport failed to create multicast socket on 0.0.0.0:0, joined to 230.0.0.1:6666 with TTL 1
[2026.02.12-16.37.11:239][707]LogUdpMessaging: Warning: UDP messaging encountered an error. Auto repair routine started for reinitialization
[2026.02.12-16.37.13:217][806]FUdpSocketBuilder: Failed to subscribe UdpMessageMulticastSocket to multicast group 230.0.0.1 on interface 0.0.0.0
[2026.02.12-16.37.13:218][806]FUdpSocketBuilder: Failed to create and initialize socket UdpMessageMulticastSocket (last error: 0)
[2026.02.12-16.37.13:218][806]LogUdpMessaging: Warning: StartTransport failed to create multicast socket on 0.0.0.0:0, joined to 230.0.0.1:6666 with TTL 1
[2026.02.12-16.37.13:237][807]LogUdpMessaging: Warning: UDP messaging encountered an error. Auto repair routine started for reinitialization
[2026.02.12-16.37.15:235][914]FUdpSocketBuilder: Failed to subscribe UdpMessageMulticastSocket to multicast group 230.0.0.1 on interface 0.0.0.0
[2026.02.12-16.37.15:235][914]FUdpSocketBuilder: Failed to create and initialize socket UdpMessageMulticastSocket (last error: 0)
[2026.02.12-16.37.15:236][914]LogUdpMessaging: Warning: StartTransport failed to create multicast socket on 0.0.0.0:0, joined to 230.0.0.1:6666 with TTL 1
[2026.02.12-16.37.15:256][914]LogUdpMessaging: Warning: UDP messaging encountered an error. Auto repair routine started for reinitialization
[2026.02.12-16.37.17:252][ 14]FUdpSocketBuilder: Failed to subscribe UdpMessageMulticastSocket to multicast group 230.0.0.1 on interface 0.0.0.0
[2026.02.12-16.37.17:252][ 14]FUdpSocketBuilder: Failed to create and initialize socket UdpMessageMulticastSocket (last error: 0)
[2026.02.12-16.37.17:252][ 14]LogUdpMessaging: Warning: StartTransport failed to create multicast socket on 0.0.0.0:0, joined to 230.0.0.1:6666 with TTL 1
[2026.02.12-16.37.17:274][ 15]LogUdpMessaging: Warning: UDP messaging encountered an error. Auto repair routine started for reinitialization
[2026.02.12-16.37.19:469][131]FUdpSocketBuilder: Failed to subscribe UdpMessageMulticastSocket to multicast group 230.0.0.1 on interface 0.0.0.0
[2026.02.12-16.37.19:470][131]FUdpSocketBuilder: Failed to create and initialize socket UdpMessageMulticastSocket (last error: 0)
[2026.02.12-16.37.19:470][131]LogUdpMessaging: Warning: StartTransport failed to create multicast socket on 0.0.0.0:0, joined to 230.0.0.1:6666 with TTL 1
[2026.02.12-16.37.19:485][132]LogUdpMessaging: Warning: UDP messaging encountered an error. Auto repair routine started for reinitialization
[2026.02.12-16.37.21:588][227]FUdpSocketBuilder: Failed to subscribe UdpMessageMulticastSocket to multicast group 230.0.0.1 on interface 0.0.0.0
[2026.02.12-16.37.21:588][227]FUdpSocketBuilder: Failed to create and initialize socket UdpMessageMulticastSocket (last error: 0)
[2026.02.12-16.37.21:588][227]LogUdpMessaging: Warning: StartTransport failed to create multicast socket on 0.0.0.0:0, joined to 230.0.0.1:6666 with TTL 1
[2026.02.12-16.37.21:721][227]LogUdpMessaging: Warning: UDP messaging encountered an error. Auto repair routine started for reinitialization
[2026.02.12-16.37.23:506][233]FUdpSocketBuilder: Failed to subscribe UdpMessageMulticastSocket to multicast group 230.0.0.1 on interface 0.0.0.0
[2026.02.12-16.37.23:506][233]FUdpSocketBuilder: Failed to create and initialize socket UdpMessageMulticastSocket (last error: 0)
[2026.02.12-16.37.23:507][233]LogUdpMessaging: Warning: StartTransport failed to create multicast socket on 0.0.0.0:0, joined to 230.0.0.1:6666 with TTL 1
[2026.02.12-16.37.23:723][233]LogUdpMessaging: Warning: UDP messaging encountered an error. Auto repair routine started for reinitialization
[2026.02.12-16.37.25:524][239]FUdpSocketBuilder: Failed to subscribe UdpMessageMulticastSocket to multicast group 230.0.0.1 on interface 0.0.0.0
[2026.02.12-16.37.25:524][239]FUdpSocketBuilder: Failed to create and initialize socket UdpMessageMulticastSocket (last error: 0)
[2026.02.12-16.37.25:524][239]LogUdpMessaging: Warning: StartTransport failed to create multicast socket on 0.0.0.0:0, joined to 230.0.0.1:6666 with TTL 1
[2026.02.12-16.37.25:724][239]LogUdpMessaging: Warning: UDP messaging encountered an error. Auto repair routine started for reinitialization
[2026.02.12-16.37.25:843][246]LogProperty: Warning: ObjectProperty /Script/Engine.MemberReference:MemberParent: unresolved reference to 'BlueprintGeneratedClass'"/Game/Blueprints/Pawns/BP_Marine.BP_Marine_C"',MemberName="KillCount",MemberGuid=75571EC5484217B5F9B13A9CCE4D4381)'
[2026.02.12-16.37.27:542][340]FUdpSocketBuilder: Failed to subscribe UdpMessageMulticastSocket to multicast group 230.0.0.1 on interface 0.0.0.0
[2026.02.12-16.37.27:542][340]FUdpSocketBuilder: Failed to create and initialize socket UdpMessageMulticastSocket (last error: 0)
[2026.02.12-16.37.27:542][340]LogUdpMessaging: Warning: StartTransport failed to create multicast socket on 0.0.0.0:0, joined to 230.0.0.1:6666 with TTL 1
[2026.02.12-16.37.27:561][340]LogUdpMessaging: Warning: UDP messaging encountered an error. Auto repair routine started for reinitialization
[2026.02.12-16.37.29:559][452]FUdpSocketBuilder: Failed to subscribe UdpMessageMulticastSocket to multicast group 230.0.0.1 on interface 0.0.0.0
[2026.02.12-16.37.29:559][452]FUdpSocketBuilder: Failed to create and initialize socket UdpMessageMulticastSocket (last error: 0)
[2026.02.12-16.37.29:560][452]LogUdpMessaging: Warning: StartTransport failed to create multicast socket on 0.0.0.0:0, joined to 230.0.0.1:6666 with TTL 1
[2026.02.12-16.37.29:580][453]LogUdpMessaging: Warning: UDP messaging encountered an error. Auto repair routine started for reinitialization
[2026.02.12-16.37.30:774][513]FUdpSocketBuilder: Failed to subscribe UdpMessageMulticastSocket to multicast group 230.0.0.1 on interface 0.0.0.0
[2026.02.12-16.37.30:774][513]FUdpSocketBuilder: Failed to create and initialize socket UdpMessageMulticastSocket (last error: 0)
[2026.02.12-16.37.30:774][513]LogUdpMessaging: Warning: StartTransport failed to create multicast socket on 0.0.0.0:0, joined to 230.0.0.1:6666 with TTL 1
[2026.02.12-16.37.30:797][514]LogUdpMessaging: Warning: UDP messaging encountered an error. Auto repair routine started for reinitialization
[2026.02.12-16.37.32:991][633]FUdpSocketBuilder: Failed to subscribe UdpMessageMulticastSocket to multicast group 230.0.0.1 on interface 0.0.0.0
[2026.02.12-16.37.32:991][633]FUdpSocketBuilder: Failed to create and initialize socket UdpMessageMulticastSocket (last error: 0)
[2026.02.12-16.37.32:991][633]LogUdpMessaging: Warning: StartTransport failed to create multicast socket on 0.0.0.0:0, joined to 230.0.0.1:6666 with TTL 1
[2026.02.12-16.37.33:012][634]LogUdpMessaging: Warning: UDP messaging encountered an error. Auto repair routine started for reinitialization
[2026.02.12-16.37.34:206][693]FUdpSocketBuilder: Failed to subscribe UdpMessageMulticastSocket to multicast group 230.0.0.1 on interface 0.0.0.0
[2026.02.12-16.37.34:206][693]FUdpSocketBuilder: Failed to create and initialize socket UdpMessageMulticastSocket (last error: 0)
[2026.02.12-16.37.34:206][693]LogUdpMessaging: Warning: StartTransport failed to create multicast socket on 0.0.0.0:0, joined to 230.0.0.1:6666 with TTL 1
[2026.02.12-16.37.34:219][694]LogUdpMessaging: Warning: UDP messaging encountered an error. Auto repair routine started for reinitialization
[2026.02.12-16.37.36:221][802]FUdpSocketBuilder: Failed to subscribe UdpMessageMulticastSocket to multicast group 230.0.0.1 on interface 0.0.0.0
[2026.02.12-16.37.36:221][802]FUdpSocketBuilder: Failed to create and initialize socket UdpMessageMulticastSocket (last error: 0)
[2026.02.12-16.37.36:222][802]LogUdpMessaging: Warning: StartTransport failed to create multicast socket on 0.0.0.0:0, joined to 230.0.0.1:6666 with TTL 1
[2026.02.12-16.37.36:243][803]LogUdpMessaging: Warning: UDP messaging encountered an error. Auto repair routine started for reinitialization
[2026.02.12-16.37.38:437][918]FUdpSocketBuilder: Failed to subscribe UdpMessageMulticastSocket to multicast group 230.0.0.1 on interface 0.0.0.0
[2026.02.12-16.37.38:437][918]FUdpSocketBuilder: Failed to create and initialize socket UdpMessageMulticastSocket (last error: 0)
[2026.02.12-16.37.38:437][918]LogUdpMessaging: Warning: StartTransport failed to create multicast socket on 0.0.0.0:0, joined to 230.0.0.1:6666 with TTL 1
[2026.02.12-16.37.38:450][918]LogUdpMessaging: Warning: UDP messaging encountered an error. Auto repair routine started for reinitialization
[2026.02.12-16.37.40:455][ 27]FUdpSocketBuilder: Failed to subscribe UdpMessageMulticastSocket to multicast group 230.0.0.1 on interface 0.0.0.0
[2026.02.12-16.37.40:455][ 27]FUdpSocketBuilder: Failed to create and initialize socket UdpMessageMulticastSocket (last error: 0)
[2026.02.12-16.37.40:456][ 27]LogUdpMessaging: Warning: StartTransport failed to create multicast socket on 0.0.0.0:0, joined to 230.0.0.1:6666 with TTL 1
[2026.02.12-16.37.40:468][ 28]LogUdpMessaging: Warning: UDP messaging encountered an error. Auto repair routine started for reinitialization
[2026.02.12-16.37.42:474][136]FUdpSocketBuilder: Failed to subscribe UdpMessageMulticastSocket to multicast group 230.0.0.1 on interface 0.0.0.0
[2026.02.12-16.37.42:474][136]FUdpSocketBuilder: Failed to create and initialize socket UdpMessageMulticastSocket (last error: 0)
[2026.02.12-16.37.42:474][136]LogUdpMessaging: Warning: StartTransport failed to create multicast socket on 0.0.0.0:0, joined to 230.0.0.1:6666 with TTL 1
[2026.02.12-16.37.42:490][136]LogUdpMessaging: Warning: UDP messaging encountered an error. Auto repair routine started for reinitialization
[2026.02.12-16.37.44:490][244]FUdpSocketBuilder: Failed to subscribe UdpMessageMulticastSocket to multicast group 230.0.0.1 on interface 0.0.0.0
[2026.02.12-16.37.44:490][244]FUdpSocketBuilder: Failed to create and initialize socket UdpMessageMulticastSocket (last error: 0)
[2026.02.12-16.37.44:490][244]LogUdpMessaging: Warning: StartTransport failed to create multicast socket on 0.0.0.0:0, joined to 230.0.0.1:6666 with TTL 1
[2026.02.12-16.37.44:510][245]LogUdpMessaging: Warning: UDP messaging encountered an error. Auto repair routine started for reinitialization
[2026.02.12-16.37.46:407][351]FUdpSocketBuilder: Failed to subscribe UdpMessageMulticastSocket to multicast group 230.0.0.1 on interface 0.0.0.0
[2026.02.12-16.37.46:408][351]FUdpSocketBuilder: Failed to create and initialize socket UdpMessageMulticastSocket (last error: 0)
[2026.02.12-16.37.46:408][351]LogUdpMessaging: Warning: StartTransport failed to create multicast socket on 0.0.0.0:0, joined to 230.0.0.1:6666 with TTL 1
[2026.02.12-16.37.46:432][352]LogUdpMessaging: Warning: UDP messaging encountered an error. Auto repair routine started for reinitialization
[2026.02.12-16.37.47:623][412]FUdpSocketBuilder: Failed to subscribe UdpMessageMulticastSocket to multicast group 230.0.0.1 on interface 0.0.0.0
[2026.02.12-16.37.47:623][412]FUdpSocketBuilder: Failed to create and initialize socket UdpMessageMulticastSocket (last error: 0)
[2026.02.12-16.37.47:623][412]LogUdpMessaging: Warning: StartTransport failed to create multicast socket on 0.0.0.0:0, joined to 230.0.0.1:6666 with TTL 1
[2026.02.12-16.37.47:640][413]LogUdpMessaging: Warning: UDP messaging encountered an error. Auto repair routine started for reinitialization
[2026.02.12-16.37.49:541][518]FUdpSocketBuilder: Failed to subscribe UdpMessageMulticastSocket to multicast group 230.0.0.1 on interface 0.0.0.0
[2026.02.12-16.37.49:541][518]FUdpSocketBuilder: Failed to create and initialize socket UdpMessageMulticastSocket (last error: 0)
[2026.02.12-16.37.49:541][518]LogUdpMessaging: Warning: StartTransport failed to create multicast socket on 0.0.0.0:0, joined to 230.0.0.1:6666 with TTL 1
[2026.02.12-16.37.49:560][519]LogUdpMessaging: Warning: UDP messaging encountered an error. Auto repair routine started for reinitialization
[2026.02.12-16.37.50:951][557]FUdpSocketBuilder: Failed to subscribe UdpMessageMulticastSocket to multicast group 230.0.0.1 on interface 0.0.0.0
[2026.02.12-16.37.50:951][557]FUdpSocketBuilder: Failed to create and initialize socket UdpMessageMulticastSocket (last error: 0)
[2026.02.12-16.37.50:951][557]LogUdpMessaging: Warning: StartTransport failed to create multicast socket on 0.0.0.0:0, joined to 230.0.0.1:6666 with TTL 1
[2026.02.12-16.37.51:156][557]LogUdpMessaging: Warning: UDP messaging encountered an error. Auto repair routine started for reinitialization
[2026.02.12-16.37.52:969][563]FUdpSocketBuilder: Failed to subscribe UdpMessageMulticastSocket to multicast group 230.0.0.1 on interface 0.0.0.0
[2026.02.12-16.37.52:969][563]FUdpSocketBuilder: Failed to create and initialize socket UdpMessageMulticastSocket (last error: 0)
[2026.02.12-16.37.52:969][563]LogUdpMessaging: Warning: StartTransport failed to create multicast socket on 0.0.0.0:0, joined to 230.0.0.1:6666 with TTL 1
[2026.02.12-16.37.53:164][563]LogUdpMessaging: Warning: UDP messaging encountered an error. Auto repair routine started for reinitialization
[2026.02.12-16.37.54:986][569]FUdpSocketBuilder: Failed to subscribe UdpMessageMulticastSocket to multicast group 230.0.0.1 on interface 0.0.0.0
[2026.02.12-16.37.54:987][569]FUdpSocketBuilder: Failed to create and initialize socket UdpMessageMulticastSocket (last error: 0)
[2026.02.12-16.37.54:987][569]LogUdpMessaging: Warning: StartTransport failed to create multicast socket on 0.0.0.0:0, joined to 230.0.0.1:6666 with TTL 1
[2026.02.12-16.37.55:178][569]LogUdpMessaging: Warning: UDP messaging encountered an error. Auto repair routine started for reinitialization
[2026.02.12-16.37.57:000][575]FUdpSocketBuilder: Failed to subscribe UdpMessageMulticastSocket to multicast group 230.0.0.1 on interface 0.0.0.0
[2026.02.12-16.37.57:000][575]FUdpSocketBuilder: Failed to create and initialize socket UdpMessageMulticastSocket (last error: 0)
[2026.02.12-16.37.57:000][575]LogUdpMessaging: Warning: StartTransport failed to create multicast socket on 0.0.0.0:0, joined to 230.0.0.1:6666 with TTL 1
[2026.02.12-16.37.57:184][575]LogUdpMessaging: Warning: UDP messaging encountered an error. Auto repair routine started for reinitialization
[2026.02.12-16.37.59:014][581]FUdpSocketBuilder: Failed to subscribe UdpMessageMulticastSocket to multicast group 230.0.0.1 on interface 0.0.0.0
[2026.02.12-16.37.59:014][581]FUdpSocketBuilder: Failed to create and initialize socket UdpMessageMulticastSocket (last error: 0)
[2026.02.12-16.37.59:014][581]LogUdpMessaging: Warning: StartTransport failed to create multicast socket on 0.0.0.0:0, joined to 230.0.0.1:6666 with TTL 1
[2026.02.12-16.37.59:195][581]LogUdpMessaging: Warning: UDP messaging encountered an error. Auto repair routine started for reinitialization
[2026.02.12-16.38.01:029][643]FUdpSocketBuilder: Failed to subscribe UdpMessageMulticastSocket to multicast group 230.0.0.1 on interface 0.0.0.0
[2026.02.12-16.38.01:029][643]FUdpSocketBuilder: Failed to create and initialize socket UdpMessageMulticastSocket (last error: 0)
[2026.02.12-16.38.01:029][643]LogUdpMessaging: Warning: StartTransport failed to create multicast socket on 0.0.0.0:0, joined to 230.0.0.1:6666 with TTL 1
[2026.02.12-16.38.01:050][644]LogUdpMessaging: Warning: UDP messaging encountered an error. Auto repair routine started for reinitialization
[2026.02.12-16.38.03:244][764]FUdpSocketBuilder: Failed to subscribe UdpMessageMulticastSocket to multicast group 230.0.0.1 on interface 0.0.0.0
[2026.02.12-16.38.03:244][764]FUdpSocketBuilder: Failed to create and initialize socket UdpMessageMulticastSocket (last error: 0)
[2026.02.12-16.38.03:244][764]LogUdpMessaging: Warning: StartTransport failed to create multicast socket on 0.0.0.0:0, joined to 230.0.0.1:6666 with TTL 1
[2026.02.12-16.38.03:264][765]LogUdpMessaging: Warning: UDP messaging encountered an error. Auto repair routine started for reinitialization
[2026.02.12-16.38.05:458][880]FUdpSocketBuilder: Failed to subscribe UdpMessageMulticastSocket to multicast group 230.0.0.1 on interface 0.0.0.0
[2026.02.12-16.38.05:460][880]FUdpSocketBuilder: Failed to create and initialize socket UdpMessageMulticastSocket (last error: 0)
[2026.02.12-16.38.05:460][880]LogUdpMessaging: Warning: StartTransport failed to create multicast socket on 0.0.0.0:0, joined to 230.0.0.1:6666 with TTL 1
[2026.02.12-16.38.05:479][881]LogUdpMessaging: Warning: UDP messaging encountered an error. Auto repair routine started for reinitialization
[2026.02.12-16.38.07:676][  1]FUdpSocketBuilder: Failed to subscribe UdpMessageMulticastSocket to multicast group 230.0.0.1 on interface 0.0.0.0
[2026.02.12-16.38.07:676][  1]FUdpSocketBuilder: Failed to create and initialize socket UdpMessageMulticastSocket (last error: 0)
[2026.02.12-16.38.07:676][  1]LogUdpMessaging: Warning: StartTransport failed to create multicast socket on 0.0.0.0:0, joined to 230.0.0.1:6666 with TTL 1
[2026.02.12-16.38.07:696][  2]LogUdpMessaging: Warning: UDP messaging encountered an error. Auto repair routine started for reinitialization
[2026.02.12-16.38.09:693][110]FUdpSocketBuilder: Failed to subscribe UdpMessageMulticastSocket to multicast group 230.0.0.1 on interface 0.0.0.0
[2026.02.12-16.38.09:693][110]FUdpSocketBuilder: Failed to create and initialize socket UdpMessageMulticastSocket (last error: 0)
[2026.02.12-16.38.09:693][110]LogUdpMessaging: Warning: StartTransport failed to create multicast socket on 0.0.0.0:0, joined to 230.0.0.1:6666 with TTL 1
[2026.02.12-16.38.09:714][111]LogUdpMessaging: Warning: UDP messaging encountered an error. Auto repair routine started for reinitialization
[2026.02.12-16.38.10:905][167]FUdpSocketBuilder: Failed to subscribe UdpMessageMulticastSocket to multicast group 230.0.0.1 on interface 0.0.0.0
[2026.02.12-16.38.10:905][167]FUdpSocketBuilder: Failed to create and initialize socket UdpMessageMulticastSocket (last error: 0)
[2026.02.12-16.38.10:905][167]LogUdpMessaging: Warning: StartTransport failed to create multicast socket on 0.0.0.0:0, joined to 230.0.0.1:6666 with TTL 1
[2026.02.12-16.38.10:924][168]LogUdpMessaging: Warning: UDP messaging encountered an error. Auto repair routine started for reinitialization
[2026.02.12-16.38.12:923][277]FUdpSocketBuilder: Failed to subscribe UdpMessageMulticastSocket to multicast group 230.0.0.1 on interface 0.0.0.0
[2026.02.12-16.38.12:923][277]FUdpSocketBuilder: Failed to create and initialize socket UdpMessageMulticastSocket (last error: 0)
[2026.02.12-16.38.12:923][277]LogUdpMessaging: Warning: StartTransport failed to create multicast socket on 0.0.0.0:0, joined to 230.0.0.1:6666 with TTL 1
[2026.02.12-16.38.12:945][277]LogUdpMessaging: Warning: UDP messaging encountered an error. Auto repair routine started for reinitialization
[2026.02.12-16.38.14:942][384]FUdpSocketBuilder: Failed to subscribe UdpMessageMulticastSocket to multicast group 230.0.0.1 on interface 0.0.0.0
[2026.02.12-16.38.14:942][384]FUdpSocketBuilder: Failed to create and initialize socket UdpMessageMulticastSocket (last error: 0)
[2026.02.12-16.38.14:943][384]LogUdpMessaging: Warning: StartTransport failed to create multicast socket on 0.0.0.0:0, joined to 230.0.0.1:6666 with TTL 1
[2026.02.12-16.38.14:962][385]LogUdpMessaging: Warning: UDP messaging encountered an error. Auto repair routine started for reinitialization
[2026.02.12-16.38.17:160][503]FUdpSocketBuilder: Failed to subscribe UdpMessageMulticastSocket to multicast group 230.0.0.1 on interface 0.0.0.0
[2026.02.12-16.38.17:160][503]FUdpSocketBuilder: Failed to create and initialize socket UdpMessageMulticastSocket (last error: 0)
[2026.02.12-16.38.17:160][503]LogUdpMessaging: Warning: StartTransport failed to create multicast socket on 0.0.0.0:0, joined to 230.0.0.1:6666 with TTL 1
[2026.02.12-16.38.17:181][504]LogUdpMessaging: Warning: UDP messaging encountered an error. Auto repair routine started for reinitialization
[2026.02.12-16.38.18:370][563]FUdpSocketBuilder: Failed to subscribe UdpMessageMulticastSocket to multicast group 230.0.0.1 on interface 0.0.0.0
[2026.02.12-16.38.18:370][563]FUdpSocketBuilder: Failed to create and initialize socket UdpMessageMulticastSocket (last error: 0)
[2026.02.12-16.38.18:370][563]LogUdpMessaging: Warning: StartTransport failed to create multicast socket on 0.0.0.0:0, joined to 230.0.0.1:6666 with TTL 1
[2026.02.12-16.38.18:384][564]LogUdpMessaging: Warning: UDP messaging encountered an error. Auto repair routine started for reinitialization
[2026.02.12-16.38.20:392][672]FUdpSocketBuilder: Failed to subscribe UdpMessageMulticastSocket to multicast group 230.0.0.1 on interface 0.0.0.0
[2026.02.12-16.38.20:392][672]FUdpSocketBuilder: Failed to create and initialize socket UdpMessageMulticastSocket (last error: 0)
[2026.02.12-16.38.20:392][672]LogUdpMessaging: Warning: StartTransport failed to create multicast socket on 0.0.0.0:0, joined to 230.0.0.1:6666 with TTL 1
[2026.02.12-16.38.20:406][672]LogUdpMessaging: Warning: UDP messaging encountered an error. Auto repair routine started for reinitialization
[2026.02.12-16.38.22:410][781]FUdpSocketBuilder: Failed to subscribe UdpMessageMulticastSocket to multicast group 230.0.0.1 on interface 0.0.0.0
[2026.02.12-16.38.22:410][781]FUdpSocketBuilder: Failed to create and initialize socket UdpMessageMulticastSocket (last error: 0)
[2026.02.12-16.38.22:410][781]LogUdpMessaging: Warning: StartTransport failed to create multicast socket on 0.0.0.0:0, joined to 230.0.0.1:6666 with TTL 1
[2026.02.12-16.38.22:425][781]LogUdpMessaging: Warning: UDP messaging encountered an error. Auto repair routine started for reinitialization
[2026.02.12-16.38.24:327][890]FUdpSocketBuilder: Failed to subscribe UdpMessageMulticastSocket to multicast group 230.0.0.1 on interface 0.0.0.0
[2026.02.12-16.38.24:327][890]FUdpSocketBuilder: Failed to create and initialize socket UdpMessageMulticastSocket (last error: 0)
[2026.02.12-16.38.24:327][890]LogUdpMessaging: Warning: StartTransport failed to create multicast socket on 0.0.0.0:0, joined to 230.0.0.1:6666 with TTL 1
[2026.02.12-16.38.24:349][891]LogUdpMessaging: Warning: UDP messaging encountered an error. Auto repair routine started for reinitialization
[2026.02.12-16.38.26:548][  9]FUdpSocketBuilder: Failed to subscribe UdpMessageMulticastSocket to multicast group 230.0.0.1 on interface 0.0.0.0
[2026.02.12-16.38.26:548][  9]FUdpSocketBuilder: Failed to create and initialize socket UdpMessageMulticastSocket (last error: 0)
[2026.02.12-16.38.26:548][  9]LogUdpMessaging: Warning: StartTransport failed to create multicast socket on 0.0.0.0:0, joined to 230.0.0.1:6666 with TTL 1
[2026.02.12-16.38.26:567][ 10]LogUdpMessaging: Warning: UDP messaging encountered an error. Auto repair routine started for reinitialization
[2026.02.12-16.38.28:765][125]FUdpSocketBuilder: Failed to subscribe UdpMessageMulticastSocket to multicast group 230.0.0.1 on interface 0.0.0.0
[2026.02.12-16.38.28:765][125]FUdpSocketBuilder: Failed to create and initialize socket UdpMessageMulticastSocket (last error: 0)
[2026.02.12-16.38.28:765][125]LogUdpMessaging: Warning: StartTransport failed to create multicast socket on 0.0.0.0:0, joined to 230.0.0.1:6666 with TTL 1
[2026.02.12-16.38.28:784][125]LogUdpMessaging: Warning: UDP messaging encountered an error. Auto repair routine started for reinitialization
[2026.02.12-16.38.30:682][233]FUdpSocketBuilder: Failed to subscribe UdpMessageMulticastSocket to multicast group 230.0.0.1 on interface 0.0.0.0
[2026.02.12-16.38.30:683][233]FUdpSocketBuilder: Failed to create and initialize socket UdpMessageMulticastSocket (last error: 0)
[2026.02.12-16.38.30:683][233]LogUdpMessaging: Warning: StartTransport failed to create multicast socket on 0.0.0.0:0, joined to 230.0.0.1:6666 with TTL 1
[2026.02.12-16.38.30:696][233]LogUdpMessaging: Warning: UDP messaging encountered an error. Auto repair routine started for reinitialization
[2026.02.12-16.38.32:702][346]FUdpSocketBuilder: Failed to subscribe UdpMessageMulticastSocket to multicast group 230.0.0.1 on interface 0.0.0.0
[2026.02.12-16.38.32:702][346]FUdpSocketBuilder: Failed to create and initialize socket UdpMessageMulticastSocket (last error: 0)
[2026.02.12-16.38.32:702][346]LogUdpMessaging: Warning: StartTransport failed to create multicast socket on 0.0.0.0:0, joined to 230.0.0.1:6666 with TTL 1
[2026.02.12-16.38.32:723][347]LogUdpMessaging: Warning: UDP messaging encountered an error. Auto repair routine started for reinitialization
[2026.02.12-16.38.34:918][466]FUdpSocketBuilder: Failed to subscribe UdpMessageMulticastSocket to multicast group 230.0.0.1 on interface 0.0.0.0
[2026.02.12-16.38.34:918][466]FUdpSocketBuilder: Failed to create and initialize socket UdpMessageMulticastSocket (last error: 0)
[2026.02.12-16.38.34:918][466]LogUdpMessaging: Warning: StartTransport failed to create multicast socket on 0.0.0.0:0, joined to 230.0.0.1:6666 with TTL 1
[2026.02.12-16.38.34:941][467]LogUdpMessaging: Warning: UDP messaging encountered an error. Auto repair routine started for reinitialization
[2026.02.12-16.38.36:132][525]FUdpSocketBuilder: Failed to subscribe UdpMessageMulticastSocket to multicast group 230.0.0.1 on interface 0.0.0.0
[2026.02.12-16.38.36:132][525]FUdpSocketBuilder: Failed to create and initialize socket UdpMessageMulticastSocket (last error: 0)
[2026.02.12-16.38.36:132][525]LogUdpMessaging: Warning: StartTransport failed to create multicast socket on 0.0.0.0:0, joined to 230.0.0.1:6666 with TTL 1
[2026.02.12-16.38.36:191][525]LogUdpMessaging: Warning: UDP messaging encountered an error. Auto repair routine started for reinitialization
[2026.02.12-16.38.38:150][623]FUdpSocketBuilder: Failed to subscribe UdpMessageMulticastSocket to multicast group 230.0.0.1 on interface 0.0.0.0
[2026.02.12-16.38.38:150][623]FUdpSocketBuilder: Failed to create and initialize socket UdpMessageMulticastSocket (last error: 0)
[2026.02.12-16.38.38:150][623]LogUdpMessaging: Warning: StartTransport failed to create multicast socket on 0.0.0.0:0, joined to 230.0.0.1:6666 with TTL 1
[2026.02.12-16.38.38:187][624]LogUdpMessaging: Warning: UDP messaging encountered an error. Auto repair routine started for reinitialization
[2026.02.12-16.38.40:168][722]FUdpSocketBuilder: Failed to subscribe UdpMessageMulticastSocket to multicast group 230.0.0.1 on interface 0.0.0.0
[2026.02.12-16.38.40:168][722]FUdpSocketBuilder: Failed to create and initialize socket UdpMessageMulticastSocket (last error: 0)
[2026.02.12-16.38.40:168][722]LogUdpMessaging: Warning: StartTransport failed to create multicast socket on 0.0.0.0:0, joined to 230.0.0.1:6666 with TTL 1
[2026.02.12-16.38.40:193][722]LogUdpMessaging: Warning: UDP messaging encountered an error. Auto repair routine started for reinitialization
[2026.02.12-16.38.41:456][796]BlueprintLog: New page: Compile W_PlayerHUD
[2026.02.12-16.38.41:488][796]LogUObjectHash: Compacting FUObjectHashTables data took   2.18ms
[2026.02.12-16.38.42:183][826]FUdpSocketBuilder: Failed to subscribe UdpMessageMulticastSocket to multicast group 230.0.0.1 on interface 0.0.0.0
[2026.02.12-16.38.42:183][826]FUdpSocketBuilder: Failed to create and initialize socket UdpMessageMulticastSocket (last error: 0)
[2026.02.12-16.38.42:183][826]LogUdpMessaging: Warning: StartTransport failed to create multicast socket on 0.0.0.0:0, joined to 230.0.0.1:6666 with TTL 1
[2026.02.12-16.38.42:203][827]LogUdpMessaging: Warning: UDP messaging encountered an error. Auto repair routine started for reinitialization
[2026.02.12-16.38.43:395][887]FUdpSocketBuilder: Failed to subscribe UdpMessageMulticastSocket to multicast group 230.0.0.1 on interface 0.0.0.0
[2026.02.12-16.38.43:395][887]FUdpSocketBuilder: Failed to create and initialize socket UdpMessageMulticastSocket (last error: 0)
[2026.02.12-16.38.43:395][887]LogUdpMessaging: Warning: StartTransport failed to create multicast socket on 0.0.0.0:0, joined to 230.0.0.1:6666 with TTL 1
[2026.02.12-16.38.43:414][888]LogUdpMessaging: Warning: UDP messaging encountered an error. Auto repair routine started for reinitialization
[2026.02.12-16.38.44:906][909]FUdpSocketBuilder: Failed to subscribe UdpMessageMulticastSocket to multicast group 230.0.0.1 on interface 0.0.0.0
[2026.02.12-16.38.44:906][909]FUdpSocketBuilder: Failed to create and initialize socket UdpMessageMulticastSocket (last error: 0)
[2026.02.12-16.38.44:907][909]LogUdpMessaging: Warning: StartTransport failed to create multicast socket on 0.0.0.0:0, joined to 230.0.0.1:6666 with TTL 1
[2026.02.12-16.38.45:046][909]LogUdpMessaging: Warning: UDP messaging encountered an error. Auto repair routine started for reinitialization
[2026.02.12-16.38.46:921][915]FUdpSocketBuilder: Failed to subscribe UdpMessageMulticastSocket to multicast group 230.0.0.1 on interface 0.0.0.0
[2026.02.12-16.38.46:921][915]FUdpSocketBuilder: Failed to create and initialize socket UdpMessageMulticastSocket (last error: 0)
[2026.02.12-16.38.46:921][915]LogUdpMessaging: Warning: StartTransport failed to create multicast socket on 0.0.0.0:0, joined to 230.0.0.1:6666 with TTL 1
[2026.02.12-16.38.47:054][915]LogUdpMessaging: Warning: UDP messaging encountered an error. Auto repair routine started for reinitialization
[2026.02.12-16.38.48:937][921]FUdpSocketBuilder: Failed to subscribe UdpMessageMulticastSocket to multicast group 230.0.0.1 on interface 0.0.0.0
[2026.02.12-16.38.48:937][921]FUdpSocketBuilder: Failed to create and initialize socket UdpMessageMulticastSocket (last error: 0)
[2026.02.12-16.38.48:937][921]LogUdpMessaging: Warning: StartTransport failed to create multicast socket on 0.0.0.0:0, joined to 230.0.0.1:6666 with TTL 1
[2026.02.12-16.38.49:065][921]LogUdpMessaging: Warning: UDP messaging encountered an error. Auto repair routine started for reinitialization
[2026.02.12-16.38.50:854][927]FUdpSocketBuilder: Failed to subscribe UdpMessageMulticastSocket to multicast group 230.0.0.1 on interface 0.0.0.0
[2026.02.12-16.38.50:854][927]FUdpSocketBuilder: Failed to create and initialize socket UdpMessageMulticastSocket (last error: 0)
[2026.02.12-16.38.50:854][927]LogUdpMessaging: Warning: StartTransport failed to create multicast socket on 0.0.0.0:0, joined to 230.0.0.1:6666 with TTL 1
[2026.02.12-16.38.51:070][927]LogUdpMessaging: Warning: UDP messaging encountered an error. Auto repair routine started for reinitialization
[2026.02.12-16.38.52:872][933]FUdpSocketBuilder: Failed to subscribe UdpMessageMulticastSocket to multicast group 230.0.0.1 on interface 0.0.0.0
[2026.02.12-16.38.52:872][933]FUdpSocketBuilder: Failed to create and initialize socket UdpMessageMulticastSocket (last error: 0)
[2026.02.12-16.38.52:873][933]LogUdpMessaging: Warning: StartTransport failed to create multicast socket on 0.0.0.0:0, joined to 230.0.0.1:6666 with TTL 1
[2026.02.12-16.38.53:075][933]LogUdpMessaging: Warning: UDP messaging encountered an error. Auto repair routine started for reinitialization
[2026.02.12-16.38.54:888][939]FUdpSocketBuilder: Failed to subscribe UdpMessageMulticastSocket to multicast group 230.0.0.1 on interface 0.0.0.0
[2026.02.12-16.38.54:888][939]FUdpSocketBuilder: Failed to create and initialize socket UdpMessageMulticastSocket (last error: 0)
[2026.02.12-16.38.54:888][939]LogUdpMessaging: Warning: StartTransport failed to create multicast socket on 0.0.0.0:0, joined to 230.0.0.1:6666 with TTL 1
[2026.02.12-16.38.55:109][939]LogUdpMessaging: Warning: UDP messaging encountered an error. Auto repair routine started for reinitialization
[2026.02.12-16.38.56:903][ 20]FUdpSocketBuilder: Failed to subscribe UdpMessageMulticastSocket to multicast group 230.0.0.1 on interface 0.0.0.0
[2026.02.12-16.38.56:903][ 20]FUdpSocketBuilder: Failed to create and initialize socket UdpMessageMulticastSocket (last error: 0)
[2026.02.12-16.38.56:903][ 20]LogUdpMessaging: Warning: StartTransport failed to create multicast socket on 0.0.0.0:0, joined to 230.0.0.1:6666 with TTL 1
[2026.02.12-16.38.56:932][ 21]LogUdpMessaging: Warning: UDP messaging encountered an error. Auto repair routine started for reinitialization
[2026.02.12-16.38.57:183][ 36]LogProperty: Warning: ObjectProperty /Script/Engine.MemberReference:MemberParent: unresolved reference to 'BlueprintGeneratedClass'"/Game/Blueprints/Pawns/BP_Marine.BP_Marine_C"',MemberName="Kills",MemberGuid=A4966A2D421AA5D431B5649A7F9E0D4D)'
[2026.02.12-16.38.58:922][133]FUdpSocketBuilder: Failed to subscribe UdpMessageMulticastSocket to multicast group 230.0.0.1 on interface 0.0.0.0
[2026.02.12-16.38.58:922][133]FUdpSocketBuilder: Failed to create and initialize socket UdpMessageMulticastSocket (last error: 0)
[2026.02.12-16.38.58:922][133]LogUdpMessaging: Warning: StartTransport failed to create multicast socket on 0.0.0.0:0, joined to 230.0.0.1:6666 with TTL 1
[2026.02.12-16.38.58:939][133]LogUdpMessaging: Warning: UDP messaging encountered an error. Auto repair routine started for reinitialization
[2026.02.12-16.39.00:939][245]FUdpSocketBuilder: Failed to subscribe UdpMessageMulticastSocket to multicast group 230.0.0.1 on interface 0.0.0.0
[2026.02.12-16.39.00:939][245]FUdpSocketBuilder: Failed to create and initialize socket UdpMessageMulticastSocket (last error: 0)
[2026.02.12-16.39.00:939][245]LogUdpMessaging: Warning: StartTransport failed to create multicast socket on 0.0.0.0:0, joined to 230.0.0.1:6666 with TTL 1
[2026.02.12-16.39.00:952][246]LogUdpMessaging: Warning: UDP messaging encountered an error. Auto repair routine started for reinitialization
[2026.02.12-16.39.02:956][358]FUdpSocketBuilder: Failed to subscribe UdpMessageMulticastSocket to multicast group 230.0.0.1 on interface 0.0.0.0
[2026.02.12-16.39.02:956][358]FUdpSocketBuilder: Failed to create and initialize socket UdpMessageMulticastSocket (last error: 0)
[2026.02.12-16.39.02:956][358]LogUdpMessaging: Warning: StartTransport failed to create multicast socket on 0.0.0.0:0, joined to 230.0.0.1:6666 with TTL 1
[2026.02.12-16.39.02:978][359]LogUdpMessaging: Warning: UDP messaging encountered an error. Auto repair routine started for reinitialization
[2026.02.12-16.39.04:168][418]FUdpSocketBuilder: Failed to subscribe UdpMessageMulticastSocket to multicast group 230.0.0.1 on interface 0.0.0.0
[2026.02.12-16.39.04:168][418]FUdpSocketBuilder: Failed to create and initialize socket UdpMessageMulticastSocket (last error: 0)
[2026.02.12-16.39.04:169][418]LogUdpMessaging: Warning: StartTransport failed to create multicast socket on 0.0.0.0:0, joined to 230.0.0.1:6666 with TTL 1
[2026.02.12-16.39.04:183][419]LogUdpMessaging: Warning: UDP messaging encountered an error. Auto repair routine started for reinitialization
[2026.02.12-16.39.06:186][525]FUdpSocketBuilder: Failed to subscribe UdpMessageMulticastSocket to multicast group 230.0.0.1 on interface 0.0.0.0
[2026.02.12-16.39.06:186][525]FUdpSocketBuilder: Failed to create and initialize socket UdpMessageMulticastSocket (last error: 0)
[2026.02.12-16.39.06:186][525]LogUdpMessaging: Warning: StartTransport failed to create multicast socket on 0.0.0.0:0, joined to 230.0.0.1:6666 with TTL 1
[2026.02.12-16.39.06:206][526]LogUdpMessaging: Warning: UDP messaging encountered an error. Auto repair routine started for reinitialization
[2026.02.12-16.39.07:500][537]FUdpSocketBuilder: Failed to subscribe UdpMessageMulticastSocket to multicast group 230.0.0.1 on interface 0.0.0.0
[2026.02.12-16.39.07:500][537]FUdpSocketBuilder: Failed to create and initialize socket UdpMessageMulticastSocket (last error: 0)
[2026.02.12-16.39.07:500][537]LogUdpMessaging: Warning: StartTransport failed to create multicast socket on 0.0.0.0:0, joined to 230.0.0.1:6666 with TTL 1
[2026.02.12-16.39.07:670][537]LogUdpMessaging: Warning: UDP messaging encountered an error. Auto repair routine started for reinitialization
[2026.02.12-16.39.09:519][543]FUdpSocketBuilder: Failed to subscribe UdpMessageMulticastSocket to multicast group 230.0.0.1 on interface 0.0.0.0
[2026.02.12-16.39.09:519][543]FUdpSocketBuilder: Failed to create and initialize socket UdpMessageMulticastSocket (last error: 0)
[2026.02.12-16.39.09:519][543]LogUdpMessaging: Warning: StartTransport failed to create multicast socket on 0.0.0.0:0, joined to 230.0.0.1:6666 with TTL 1
[2026.02.12-16.39.09:684][543]LogUdpMessaging: Warning: UDP messaging encountered an error. Auto repair routine started for reinitialization
[2026.02.12-16.39.11:537][641]FUdpSocketBuilder: Failed to subscribe UdpMessageMulticastSocket to multicast group 230.0.0.1 on interface 0.0.0.0
[2026.02.12-16.39.11:537][641]FUdpSocketBuilder: Failed to create and initialize socket UdpMessageMulticastSocket (last error: 0)
[2026.02.12-16.39.11:537][641]LogUdpMessaging: Warning: StartTransport failed to create multicast socket on 0.0.0.0:0, joined to 230.0.0.1:6666 with TTL 1
[2026.02.12-16.39.11:558][642]LogUdpMessaging: Warning: UDP messaging encountered an error. Auto repair routine started for reinitialization
[2026.02.12-16.39.13:754][756]FUdpSocketBuilder: Failed to subscribe UdpMessageMulticastSocket to multicast group 230.0.0.1 on interface 0.0.0.0
[2026.02.12-16.39.13:754][756]FUdpSocketBuilder: Failed to create and initialize socket UdpMessageMulticastSocket (last error: 0)
[2026.02.12-16.39.13:754][756]LogUdpMessaging: Warning: StartTransport failed to create multicast socket on 0.0.0.0:0, joined to 230.0.0.1:6666 with TTL 1
[2026.02.12-16.39.13:777][757]LogUdpMessaging: Warning: UDP messaging encountered an error. Auto repair routine started for reinitialization
[2026.02.12-16.39.15:974][876]FUdpSocketBuilder: Failed to subscribe UdpMessageMulticastSocket to multicast group 230.0.0.1 on interface 0.0.0.0
[2026.02.12-16.39.15:974][876]FUdpSocketBuilder: Failed to create and initialize socket UdpMessageMulticastSocket (last error: 0)
[2026.02.12-16.39.15:974][876]LogUdpMessaging: Warning: StartTransport failed to create multicast socket on 0.0.0.0:0, joined to 230.0.0.1:6666 with TTL 1
[2026.02.12-16.39.16:004][877]LogUdpMessaging: Warning: UDP messaging encountered an error. Auto repair routine started for reinitialization
[2026.02.12-16.39.17:187][937]FUdpSocketBuilder: Failed to subscribe UdpMessageMulticastSocket to multicast group 230.0.0.1 on interface 0.0.0.0
[2026.02.12-16.39.17:187][937]FUdpSocketBuilder: Failed to create and initialize socket UdpMessageMulticastSocket (last error: 0)
[2026.02.12-16.39.17:187][937]LogUdpMessaging: Warning: StartTransport failed to create multicast socket on 0.0.0.0:0, joined to 230.0.0.1:6666 with TTL 1
[2026.02.12-16.39.17:217][937]LogUdpMessaging: Warning: UDP messaging encountered an error. Auto repair routine started for reinitialization
[2026.02.12-16.39.19:203][ 44]FUdpSocketBuilder: Failed to subscribe UdpMessageMulticastSocket to multicast group 230.0.0.1 on interface 0.0.0.0
[2026.02.12-16.39.19:203][ 44]FUdpSocketBuilder: Failed to create and initialize socket UdpMessageMulticastSocket (last error: 0)
[2026.02.12-16.39.19:203][ 44]LogUdpMessaging: Warning: StartTransport failed to create multicast socket on 0.0.0.0:0, joined to 230.0.0.1:6666 with TTL 1
[2026.02.12-16.39.19:208][ 44]BlueprintLog: New page: Compile W_PlayerHUD
[2026.02.12-16.39.19:252][ 44]LogUObjectHash: Compacting FUObjectHashTables data took   3.79ms
[2026.02.12-16.39.19:273][ 44]LogUdpMessaging: Warning: UDP messaging encountered an error. Auto repair routine started for reinitialization
[2026.02.12-16.39.21:220][149]FUdpSocketBuilder: Failed to subscribe UdpMessageMulticastSocket to multicast group 230.0.0.1 on interface 0.0.0.0
[2026.02.12-16.39.21:220][149]FUdpSocketBuilder: Failed to create and initialize socket UdpMessageMulticastSocket (last error: 0)
[2026.02.12-16.39.21:220][149]LogUdpMessaging: Warning: StartTransport failed to create multicast socket on 0.0.0.0:0, joined to 230.0.0.1:6666 with TTL 1
[2026.02.12-16.39.21:240][150]LogUdpMessaging: Warning: UDP messaging encountered an error. Auto repair routine started for reinitialization
[2026.02.12-16.39.23:436][270]FUdpSocketBuilder: Failed to subscribe UdpMessageMulticastSocket to multicast group 230.0.0.1 on interface 0.0.0.0
[2026.02.12-16.39.23:436][270]FUdpSocketBuilder: Failed to create and initialize socket UdpMessageMulticastSocket (last error: 0)
[2026.02.12-16.39.23:436][270]LogUdpMessaging: Warning: StartTransport failed to create multicast socket on 0.0.0.0:0, joined to 230.0.0.1:6666 with TTL 1
[2026.02.12-16.39.23:460][271]LogUdpMessaging: Warning: UDP messaging encountered an error. Auto repair routine started for reinitialization
[2026.02.12-16.39.25:657][388]FUdpSocketBuilder: Failed to subscribe UdpMessageMulticastSocket to multicast group 230.0.0.1 on interface 0.0.0.0
[2026.02.12-16.39.25:657][388]FUdpSocketBuilder: Failed to create and initialize socket UdpMessageMulticastSocket (last error: 0)
[2026.02.12-16.39.25:657][388]LogUdpMessaging: Warning: StartTransport failed to create multicast socket on 0.0.0.0:0, joined to 230.0.0.1:6666 with TTL 1
[2026.02.12-16.39.25:672][388]LogUdpMessaging: Warning: UDP messaging encountered an error. Auto repair routine started for reinitialization
[2026.02.12-16.39.27:673][460]FUdpSocketBuilder: Failed to subscribe UdpMessageMulticastSocket to multicast group 230.0.0.1 on interface 0.0.0.0
[2026.02.12-16.39.27:673][460]FUdpSocketBuilder: Failed to create and initialize socket UdpMessageMulticastSocket (last error: 0)
[2026.02.12-16.39.27:673][460]LogUdpMessaging: Warning: StartTransport failed to create multicast socket on 0.0.0.0:0, joined to 230.0.0.1:6666 with TTL 1
[2026.02.12-16.39.27:823][460]LogUdpMessaging: Warning: UDP messaging encountered an error. Auto repair routine started for reinitialization
[2026.02.12-16.39.29:688][466]FUdpSocketBuilder: Failed to subscribe UdpMessageMulticastSocket to multicast group 230.0.0.1 on interface 0.0.0.0
[2026.02.12-16.39.29:688][466]FUdpSocketBuilder: Failed to create and initialize socket UdpMessageMulticastSocket (last error: 0)
[2026.02.12-16.39.29:688][466]LogUdpMessaging: Warning: StartTransport failed to create multicast socket on 0.0.0.0:0, joined to 230.0.0.1:6666 with TTL 1
[2026.02.12-16.39.29:826][466]LogUdpMessaging: Warning: UDP messaging encountered an error. Auto repair routine started for reinitialization
[2026.02.12-16.39.31:704][472]FUdpSocketBuilder: Failed to subscribe UdpMessageMulticastSocket to multicast group 230.0.0.1 on interface 0.0.0.0
[2026.02.12-16.39.31:704][472]FUdpSocketBuilder: Failed to create and initialize socket UdpMessageMulticastSocket (last error: 0)
[2026.02.12-16.39.31:704][472]LogUdpMessaging: Warning: StartTransport failed to create multicast socket on 0.0.0.0:0, joined to 230.0.0.1:6666 with TTL 1
[2026.02.12-16.39.31:833][472]LogUdpMessaging: Warning: UDP messaging encountered an error. Auto repair routine started for reinitialization
[2026.02.12-16.39.33:721][478]FUdpSocketBuilder: Failed to subscribe UdpMessageMulticastSocket to multicast group 230.0.0.1 on interface 0.0.0.0
[2026.02.12-16.39.33:721][478]FUdpSocketBuilder: Failed to create and initialize socket UdpMessageMulticastSocket (last error: 0)
[2026.02.12-16.39.33:721][478]LogUdpMessaging: Warning: StartTransport failed to create multicast socket on 0.0.0.0:0, joined to 230.0.0.1:6666 with TTL 1
[2026.02.12-16.39.33:846][478]LogUdpMessaging: Warning: UDP messaging encountered an error. Auto repair routine started for reinitialization
[2026.02.12-16.39.35:636][484]FUdpSocketBuilder: Failed to subscribe UdpMessageMulticastSocket to multicast group 230.0.0.1 on interface 0.0.0.0
[2026.02.12-16.39.35:636][484]FUdpSocketBuilder: Failed to create and initialize socket UdpMessageMulticastSocket (last error: 0)
[2026.02.12-16.39.35:637][484]LogUdpMessaging: Warning: StartTransport failed to create multicast socket on 0.0.0.0:0, joined to 230.0.0.1:6666 with TTL 1
[2026.02.12-16.39.35:849][484]LogUdpMessaging: Warning: UDP messaging encountered an error. Auto repair routine started for reinitialization
[2026.02.12-16.39.37:654][490]FUdpSocketBuilder: Failed to subscribe UdpMessageMulticastSocket to multicast group 230.0.0.1 on interface 0.0.0.0
[2026.02.12-16.39.37:654][490]FUdpSocketBuilder: Failed to create and initialize socket UdpMessageMulticastSocket (last error: 0)
[2026.02.12-16.39.37:654][490]LogUdpMessaging: Warning: StartTransport failed to create multicast socket on 0.0.0.0:0, joined to 230.0.0.1:6666 with TTL 1
[2026.02.12-16.39.37:859][490]LogUdpMessaging: Warning: UDP messaging encountered an error. Auto repair routine started for reinitialization
[2026.02.12-16.39.39:673][496]FUdpSocketBuilder: Failed to subscribe UdpMessageMulticastSocket to multicast group 230.0.0.1 on interface 0.0.0.0
[2026.02.12-16.39.39:673][496]FUdpSocketBuilder: Failed to create and initialize socket UdpMessageMulticastSocket (last error: 0)
[2026.02.12-16.39.39:673][496]LogUdpMessaging: Warning: StartTransport failed to create multicast socket on 0.0.0.0:0, joined to 230.0.0.1:6666 with TTL 1
[2026.02.12-16.39.39:709][496]LogUdpMessaging: Warning: UDP messaging encountered an error. Auto repair routine started for reinitialization
[2026.02.12-16.39.40:164][514]LogProperty: Warning: ClassProperty /Script/BlueprintGraph.K2Node_DynamicCast:TargetType: unresolved reference to 'BlueprintGeneratedClass'"/Game/Blueprints/GameMode/BP_MarsMarine_GameMode.BP_MarsMarine_GameMode_C"''
[2026.02.12-16.39.40:164][514]LogProperty: Warning: ObjectProperty /Script/Engine.MemberReference:MemberParent: unresolved reference to 'BlueprintGeneratedClass'"/Game/Blueprints/GameMode/BP_MarsMarine_GameMode.BP_MarsMarine_GameMode_C"',MemberName="Current Wave",MemberGuid=2134175543CBD6B481B372B4C45873A6)'
[2026.02.12-16.39.41:694][596]FUdpSocketBuilder: Failed to subscribe UdpMessageMulticastSocket to multicast group 230.0.0.1 on interface 0.0.0.0
[2026.02.12-16.39.41:694][596]FUdpSocketBuilder: Failed to create and initialize socket UdpMessageMulticastSocket (last error: 0)
[2026.02.12-16.39.41:694][596]LogUdpMessaging: Warning: StartTransport failed to create multicast socket on 0.0.0.0:0, joined to 230.0.0.1:6666 with TTL 1
[2026.02.12-16.39.41:717][597]LogUdpMessaging: Warning: UDP messaging encountered an error. Auto repair routine started for reinitialization
[2026.02.12-16.39.42:907][657]FUdpSocketBuilder: Failed to subscribe UdpMessageMulticastSocket to multicast group 230.0.0.1 on interface 0.0.0.0
[2026.02.12-16.39.42:907][657]FUdpSocketBuilder: Failed to create and initialize socket UdpMessageMulticastSocket (last error: 0)
[2026.02.12-16.39.42:907][657]LogUdpMessaging: Warning: StartTransport failed to create multicast socket on 0.0.0.0:0, joined to 230.0.0.1:6666 with TTL 1
[2026.02.12-16.39.42:920][657]LogUdpMessaging: Warning: UDP messaging encountered an error. Auto repair routine started for reinitialization
[2026.02.12-16.39.44:824][764]FUdpSocketBuilder: Failed to subscribe UdpMessageMulticastSocket to multicast group 230.0.0.1 on interface 0.0.0.0
[2026.02.12-16.39.44:824][764]FUdpSocketBuilder: Failed to create and initialize socket UdpMessageMulticastSocket (last error: 0)
[2026.02.12-16.39.44:824][764]LogUdpMessaging: Warning: StartTransport failed to create multicast socket on 0.0.0.0:0, joined to 230.0.0.1:6666 with TTL 1
[2026.02.12-16.39.44:836][764]LogUdpMessaging: Warning: UDP messaging encountered an error. Auto repair routine started for reinitialization
[2026.02.12-16.39.46:841][878]FUdpSocketBuilder: Failed to subscribe UdpMessageMulticastSocket to multicast group 230.0.0.1 on interface 0.0.0.0
[2026.02.12-16.39.46:842][878]FUdpSocketBuilder: Failed to create and initialize socket UdpMessageMulticastSocket (last error: 0)
[2026.02.12-16.39.46:842][878]LogUdpMessaging: Warning: StartTransport failed to create multicast socket on 0.0.0.0:0, joined to 230.0.0.1:6666 with TTL 1
[2026.02.12-16.39.46:857][878]LogUdpMessaging: Warning: UDP messaging encountered an error. Auto repair routine started for reinitialization
[2026.02.12-16.39.48:857][987]FUdpSocketBuilder: Failed to subscribe UdpMessageMulticastSocket to multicast group 230.0.0.1 on interface 0.0.0.0
[2026.02.12-16.39.48:857][987]FUdpSocketBuilder: Failed to create and initialize socket UdpMessageMulticastSocket (last error: 0)
[2026.02.12-16.39.48:857][987]LogUdpMessaging: Warning: StartTransport failed to create multicast socket on 0.0.0.0:0, joined to 230.0.0.1:6666 with TTL 1
[2026.02.12-16.39.48:879][988]LogUdpMessaging: Warning: UDP messaging encountered an error. Auto repair routine started for reinitialization
[2026.02.12-16.39.50:069][ 48]FUdpSocketBuilder: Failed to subscribe UdpMessageMulticastSocket to multicast group 230.0.0.1 on interface 0.0.0.0
[2026.02.12-16.39.50:069][ 48]FUdpSocketBuilder: Failed to create and initialize socket UdpMessageMulticastSocket (last error: 0)
[2026.02.12-16.39.50:069][ 48]LogUdpMessaging: Warning: StartTransport failed to create multicast socket on 0.0.0.0:0, joined to 230.0.0.1:6666 with TTL 1
[2026.02.12-16.39.50:104][ 48]LogUdpMessaging: Warning: UDP messaging encountered an error. Auto repair routine started for reinitialization
[2026.02.12-16.39.52:086][152]FUdpSocketBuilder: Failed to subscribe UdpMessageMulticastSocket to multicast group 230.0.0.1 on interface 0.0.0.0
[2026.02.12-16.39.52:086][152]FUdpSocketBuilder: Failed to create and initialize socket UdpMessageMulticastSocket (last error: 0)
[2026.02.12-16.39.52:086][152]LogUdpMessaging: Warning: StartTransport failed to create multicast socket on 0.0.0.0:0, joined to 230.0.0.1:6666 with TTL 1
[2026.02.12-16.39.52:107][153]LogUdpMessaging: Warning: UDP messaging encountered an error. Auto repair routine started for reinitialization
[2026.02.12-16.39.54:300][271]FUdpSocketBuilder: Failed to subscribe UdpMessageMulticastSocket to multicast group 230.0.0.1 on interface 0.0.0.0
[2026.02.12-16.39.54:300][271]FUdpSocketBuilder: Failed to create and initialize socket UdpMessageMulticastSocket (last error: 0)
[2026.02.12-16.39.54:300][271]LogUdpMessaging: Warning: StartTransport failed to create multicast socket on 0.0.0.0:0, joined to 230.0.0.1:6666 with TTL 1
[2026.02.12-16.39.54:317][272]LogUdpMessaging: Warning: UDP messaging encountered an error. Auto repair routine started for reinitialization
[2026.02.12-16.39.56:320][378]FUdpSocketBuilder: Failed to subscribe UdpMessageMulticastSocket to multicast group 230.0.0.1 on interface 0.0.0.0
[2026.02.12-16.39.56:320][378]FUdpSocketBuilder: Failed to create and initialize socket UdpMessageMulticastSocket (last error: 0)
[2026.02.12-16.39.56:320][378]LogUdpMessaging: Warning: StartTransport failed to create multicast socket on 0.0.0.0:0, joined to 230.0.0.1:6666 with TTL 1
[2026.02.12-16.39.56:338][379]LogUdpMessaging: Warning: UDP messaging encountered an error. Auto repair routine started for reinitialization
[2026.02.12-16.39.58:337][484]FUdpSocketBuilder: Failed to subscribe UdpMessageMulticastSocket to multicast group 230.0.0.1 on interface 0.0.0.0
[2026.02.12-16.39.58:337][484]FUdpSocketBuilder: Failed to create and initialize socket UdpMessageMulticastSocket (last error: 0)
[2026.02.12-16.39.58:338][484]LogUdpMessaging: Warning: StartTransport failed to create multicast socket on 0.0.0.0:0, joined to 230.0.0.1:6666 with TTL 1
[2026.02.12-16.39.58:354][485]LogUdpMessaging: Warning: UDP messaging encountered an error. Auto repair routine started for reinitialization
[2026.02.12-16.40.00:254][593]FUdpSocketBuilder: Failed to subscribe UdpMessageMulticastSocket to multicast group 230.0.0.1 on interface 0.0.0.0
[2026.02.12-16.40.00:254][593]FUdpSocketBuilder: Failed to create and initialize socket UdpMessageMulticastSocket (last error: 0)
[2026.02.12-16.40.00:254][593]LogUdpMessaging: Warning: StartTransport failed to create multicast socket on 0.0.0.0:0, joined to 230.0.0.1:6666 with TTL 1
[2026.02.12-16.40.00:266][594]LogUdpMessaging: Warning: UDP messaging encountered an error. Auto repair routine started for reinitialization
[2026.02.12-16.40.02:271][705]FUdpSocketBuilder: Failed to subscribe UdpMessageMulticastSocket to multicast group 230.0.0.1 on interface 0.0.0.0
[2026.02.12-16.40.02:271][705]FUdpSocketBuilder: Failed to create and initialize socket UdpMessageMulticastSocket (last error: 0)
[2026.02.12-16.40.02:271][705]LogUdpMessaging: Warning: StartTransport failed to create multicast socket on 0.0.0.0:0, joined to 230.0.0.1:6666 with TTL 1
[2026.02.12-16.40.02:295][706]LogUdpMessaging: Warning: UDP messaging encountered an error. Auto repair routine started for reinitialization
[2026.02.12-16.40.04:389][826]FUdpSocketBuilder: Failed to subscribe UdpMessageMulticastSocket to multicast group 230.0.0.1 on interface 0.0.0.0
[2026.02.12-16.40.04:389][826]FUdpSocketBuilder: Failed to create and initialize socket UdpMessageMulticastSocket (last error: 0)
[2026.02.12-16.40.04:389][826]LogUdpMessaging: Warning: StartTransport failed to create multicast socket on 0.0.0.0:0, joined to 230.0.0.1:6666 with TTL 1
[2026.02.12-16.40.04:404][827]LogUdpMessaging: Warning: UDP messaging encountered an error. Auto repair routine started for reinitialization
[2026.02.12-16.40.06:509][939]FUdpSocketBuilder: Failed to subscribe UdpMessageMulticastSocket to multicast group 230.0.0.1 on interface 0.0.0.0
[2026.02.12-16.40.06:509][939]FUdpSocketBuilder: Failed to create and initialize socket UdpMessageMulticastSocket (last error: 0)
[2026.02.12-16.40.06:509][939]LogUdpMessaging: Warning: StartTransport failed to create multicast socket on 0.0.0.0:0, joined to 230.0.0.1:6666 with TTL 1
[2026.02.12-16.40.06:524][939]LogUdpMessaging: Warning: UDP messaging encountered an error. Auto repair routine started for reinitialization
[2026.02.12-16.40.07:083][973]BlueprintLog: New page: Compile W_PlayerHUD
[2026.02.12-16.40.07:114][973]LogUObjectHash: Compacting FUObjectHashTables data took   2.30ms
[2026.02.12-16.40.08:426][ 45]FUdpSocketBuilder: Failed to subscribe UdpMessageMulticastSocket to multicast group 230.0.0.1 on interface 0.0.0.0
[2026.02.12-16.40.08:426][ 45]FUdpSocketBuilder: Failed to create and initialize socket UdpMessageMulticastSocket (last error: 0)
[2026.02.12-16.40.08:427][ 45]LogUdpMessaging: Warning: StartTransport failed to create multicast socket on 0.0.0.0:0, joined to 230.0.0.1:6666 with TTL 1
[2026.02.12-16.40.08:445][ 46]LogUdpMessaging: Warning: UDP messaging encountered an error. Auto repair routine started for reinitialization
[2026.02.12-16.40.10:444][159]FUdpSocketBuilder: Failed to subscribe UdpMessageMulticastSocket to multicast group 230.0.0.1 on interface 0.0.0.0
[2026.02.12-16.40.10:444][159]FUdpSocketBuilder: Failed to create and initialize socket UdpMessageMulticastSocket (last error: 0)
[2026.02.12-16.40.10:444][159]LogUdpMessaging: Warning: StartTransport failed to create multicast socket on 0.0.0.0:0, joined to 230.0.0.1:6666 with TTL 1
[2026.02.12-16.40.10:466][160]LogUdpMessaging: Warning: UDP messaging encountered an error. Auto repair routine started for reinitialization
[2026.02.12-16.40.12:665][280]FUdpSocketBuilder: Failed to subscribe UdpMessageMulticastSocket to multicast group 230.0.0.1 on interface 0.0.0.0
[2026.02.12-16.40.12:665][280]FUdpSocketBuilder: Failed to create and initialize socket UdpMessageMulticastSocket (last error: 0)
[2026.02.12-16.40.12:665][280]LogUdpMessaging: Warning: StartTransport failed to create multicast socket on 0.0.0.0:0, joined to 230.0.0.1:6666 with TTL 1
[2026.02.12-16.40.12:687][281]LogUdpMessaging: Warning: UDP messaging encountered an error. Auto repair routine started for reinitialization
[2026.02.12-16.40.14:884][401]FUdpSocketBuilder: Failed to subscribe UdpMessageMulticastSocket to multicast group 230.0.0.1 on interface 0.0.0.0
[2026.02.12-16.40.14:884][401]FUdpSocketBuilder: Failed to create and initialize socket UdpMessageMulticastSocket (last error: 0)
[2026.02.12-16.40.14:884][401]LogUdpMessaging: Warning: StartTransport failed to create multicast socket on 0.0.0.0:0, joined to 230.0.0.1:6666 with TTL 1
[2026.02.12-16.40.14:905][402]LogUdpMessaging: Warning: UDP messaging encountered an error. Auto repair routine started for reinitialization
[2026.02.12-16.40.17:100][522]FUdpSocketBuilder: Failed to subscribe UdpMessageMulticastSocket to multicast group 230.0.0.1 on interface 0.0.0.0
[2026.02.12-16.40.17:100][522]FUdpSocketBuilder: Failed to create and initialize socket UdpMessageMulticastSocket (last error: 0)
[2026.02.12-16.40.17:100][522]LogUdpMessaging: Warning: StartTransport failed to create multicast socket on 0.0.0.0:0, joined to 230.0.0.1:6666 with TTL 1
[2026.02.12-16.40.17:120][522]LogUdpMessaging: Warning: UDP messaging encountered an error. Auto repair routine started for reinitialization
[2026.02.12-16.40.19:017][630]FUdpSocketBuilder: Failed to subscribe UdpMessageMulticastSocket to multicast group 230.0.0.1 on interface 0.0.0.0
[2026.02.12-16.40.19:017][630]FUdpSocketBuilder: Failed to create and initialize socket UdpMessageMulticastSocket (last error: 0)
[2026.02.12-16.40.19:018][630]LogUdpMessaging: Warning: StartTransport failed to create multicast socket on 0.0.0.0:0, joined to 230.0.0.1:6666 with TTL 1
[2026.02.12-16.40.19:244][630]LogUdpMessaging: Warning: UDP messaging encountered an error. Auto repair routine started for reinitialization
[2026.02.12-16.40.21:035][636]FUdpSocketBuilder: Failed to subscribe UdpMessageMulticastSocket to multicast group 230.0.0.1 on interface 0.0.0.0
[2026.02.12-16.40.21:035][636]FUdpSocketBuilder: Failed to create and initialize socket UdpMessageMulticastSocket (last error: 0)
[2026.02.12-16.40.21:035][636]LogUdpMessaging: Warning: StartTransport failed to create multicast socket on 0.0.0.0:0, joined to 230.0.0.1:6666 with TTL 1
[2026.02.12-16.40.21:254][636]LogUdpMessaging: Warning: UDP messaging encountered an error. Auto repair routine started for reinitialization
[2026.02.12-16.40.23:053][642]FUdpSocketBuilder: Failed to subscribe UdpMessageMulticastSocket to multicast group 230.0.0.1 on interface 0.0.0.0
[2026.02.12-16.40.23:053][642]FUdpSocketBuilder: Failed to create and initialize socket UdpMessageMulticastSocket (last error: 0)
[2026.02.12-16.40.23:054][642]LogUdpMessaging: Warning: StartTransport failed to create multicast socket on 0.0.0.0:0, joined to 230.0.0.1:6666 with TTL 1
[2026.02.12-16.40.23:259][642]LogUdpMessaging: Warning: UDP messaging encountered an error. Auto repair routine started for reinitialization
[2026.02.12-16.40.25:069][648]FUdpSocketBuilder: Failed to subscribe UdpMessageMulticastSocket to multicast group 230.0.0.1 on interface 0.0.0.0
[2026.02.12-16.40.25:069][648]FUdpSocketBuilder: Failed to create and initialize socket UdpMessageMulticastSocket (last error: 0)
[2026.02.12-16.40.25:069][648]LogUdpMessaging: Warning: StartTransport failed to create multicast socket on 0.0.0.0:0, joined to 230.0.0.1:6666 with TTL 1
[2026.02.12-16.40.25:273][648]LogUdpMessaging: Warning: UDP messaging encountered an error. Auto repair routine started for reinitialization
[2026.02.12-16.40.27:083][654]FUdpSocketBuilder: Failed to subscribe UdpMessageMulticastSocket to multicast group 230.0.0.1 on interface 0.0.0.0
[2026.02.12-16.40.27:083][654]FUdpSocketBuilder: Failed to create and initialize socket UdpMessageMulticastSocket (last error: 0)
[2026.02.12-16.40.27:083][654]LogUdpMessaging: Warning: StartTransport failed to create multicast socket on 0.0.0.0:0, joined to 230.0.0.1:6666 with TTL 1
[2026.02.12-16.40.27:284][654]LogUdpMessaging: Warning: UDP messaging encountered an error. Auto repair routine started for reinitialization
[2026.02.12-16.40.29:098][660]FUdpSocketBuilder: Failed to subscribe UdpMessageMulticastSocket to multicast group 230.0.0.1 on interface 0.0.0.0
[2026.02.12-16.40.29:098][660]FUdpSocketBuilder: Failed to create and initialize socket UdpMessageMulticastSocket (last error: 0)
[2026.02.12-16.40.29:098][660]LogUdpMessaging: Warning: StartTransport failed to create multicast socket on 0.0.0.0:0, joined to 230.0.0.1:6666 with TTL 1
[2026.02.12-16.40.29:291][660]LogUdpMessaging: Warning: UDP messaging encountered an error. Auto repair routine started for reinitialization
[2026.02.12-16.40.31:117][666]FUdpSocketBuilder: Failed to subscribe UdpMessageMulticastSocket to multicast group 230.0.0.1 on interface 0.0.0.0
[2026.02.12-16.40.31:117][666]FUdpSocketBuilder: Failed to create and initialize socket UdpMessageMulticastSocket (last error: 0)
[2026.02.12-16.40.31:117][666]LogUdpMessaging: Warning: StartTransport failed to create multicast socket on 0.0.0.0:0, joined to 230.0.0.1:6666 with TTL 1
[2026.02.12-16.40.31:304][666]LogUdpMessaging: Warning: UDP messaging encountered an error. Auto repair routine started for reinitialization
[2026.02.12-16.40.33:136][672]FUdpSocketBuilder: Failed to subscribe UdpMessageMulticastSocket to multicast group 230.0.0.1 on interface 0.0.0.0
[2026.02.12-16.40.33:136][672]FUdpSocketBuilder: Failed to create and initialize socket UdpMessageMulticastSocket (last error: 0)
[2026.02.12-16.40.33:136][672]LogUdpMessaging: Warning: StartTransport failed to create multicast socket on 0.0.0.0:0, joined to 230.0.0.1:6666 with TTL 1
[2026.02.12-16.40.33:314][672]LogUdpMessaging: Warning: UDP messaging encountered an error. Auto repair routine started for reinitialization
[2026.02.12-16.40.35:153][678]FUdpSocketBuilder: Failed to subscribe UdpMessageMulticastSocket to multicast group 230.0.0.1 on interface 0.0.0.0
[2026.02.12-16.40.35:153][678]FUdpSocketBuilder: Failed to create and initialize socket UdpMessageMulticastSocket (last error: 0)
[2026.02.12-16.40.35:153][678]LogUdpMessaging: Warning: StartTransport failed to create multicast socket on 0.0.0.0:0, joined to 230.0.0.1:6666 with TTL 1
[2026.02.12-16.40.35:326][678]LogUdpMessaging: Warning: UDP messaging encountered an error. Auto repair routine started for reinitialization
[2026.02.12-16.40.37:170][684]FUdpSocketBuilder: Failed to subscribe UdpMessageMulticastSocket to multicast group 230.0.0.1 on interface 0.0.0.0
[2026.02.12-16.40.37:170][684]FUdpSocketBuilder: Failed to create and initialize socket UdpMessageMulticastSocket (last error: 0)
[2026.02.12-16.40.37:170][684]LogUdpMessaging: Warning: StartTransport failed to create multicast socket on 0.0.0.0:0, joined to 230.0.0.1:6666 with TTL 1
[2026.02.12-16.40.37:331][684]LogUdpMessaging: Warning: UDP messaging encountered an error. Auto repair routine started for reinitialization
[2026.02.12-16.40.39:187][690]FUdpSocketBuilder: Failed to subscribe UdpMessageMulticastSocket to multicast group 230.0.0.1 on interface 0.0.0.0
[2026.02.12-16.40.39:187][690]FUdpSocketBuilder: Failed to create and initialize socket UdpMessageMulticastSocket (last error: 0)
[2026.02.12-16.40.39:187][690]LogUdpMessaging: Warning: StartTransport failed to create multicast socket on 0.0.0.0:0, joined to 230.0.0.1:6666 with TTL 1
[2026.02.12-16.40.39:338][690]LogUdpMessaging: Warning: UDP messaging encountered an error. Auto repair routine started for reinitialization
[2026.02.12-16.40.41:206][696]FUdpSocketBuilder: Failed to subscribe UdpMessageMulticastSocket to multicast group 230.0.0.1 on interface 0.0.0.0
[2026.02.12-16.40.41:207][696]FUdpSocketBuilder: Failed to create and initialize socket UdpMessageMulticastSocket (last error: 0)
[2026.02.12-16.40.41:207][696]LogUdpMessaging: Warning: StartTransport failed to create multicast socket on 0.0.0.0:0, joined to 230.0.0.1:6666 with TTL 1
[2026.02.12-16.40.41:344][696]LogUdpMessaging: Warning: UDP messaging encountered an error. Auto repair routine started for reinitialization
[2026.02.12-16.40.43:221][702]FUdpSocketBuilder: Failed to subscribe UdpMessageMulticastSocket to multicast group 230.0.0.1 on interface 0.0.0.0
[2026.02.12-16.40.43:221][702]FUdpSocketBuilder: Failed to create and initialize socket UdpMessageMulticastSocket (last error: 0)
[2026.02.12-16.40.43:221][702]LogUdpMessaging: Warning: StartTransport failed to create multicast socket on 0.0.0.0:0, joined to 230.0.0.1:6666 with TTL 1
[2026.02.12-16.40.43:355][702]LogUdpMessaging: Warning: UDP messaging encountered an error. Auto repair routine started for reinitialization
[2026.02.12-16.40.45:237][708]FUdpSocketBuilder: Failed to subscribe UdpMessageMulticastSocket to multicast group 230.0.0.1 on interface 0.0.0.0
[2026.02.12-16.40.45:237][708]FUdpSocketBuilder: Failed to create and initialize socket UdpMessageMulticastSocket (last error: 0)
[2026.02.12-16.40.45:237][708]LogUdpMessaging: Warning: StartTransport failed to create multicast socket on 0.0.0.0:0, joined to 230.0.0.1:6666 with TTL 1
[2026.02.12-16.40.45:365][708]LogUdpMessaging: Warning: UDP messaging encountered an error. Auto repair routine started for reinitialization
[2026.02.12-16.40.47:150][714]FUdpSocketBuilder: Failed to subscribe UdpMessageMulticastSocket to multicast group 230.0.0.1 on interface 0.0.0.0
[2026.02.12-16.40.47:150][714]FUdpSocketBuilder: Failed to create and initialize socket UdpMessageMulticastSocket (last error: 0)
[2026.02.12-16.40.47:150][714]LogUdpMessaging: Warning: StartTransport failed to create multicast socket on 0.0.0.0:0, joined to 230.0.0.1:6666 with TTL 1
[2026.02.12-16.40.47:369][714]LogUdpMessaging: Warning: UDP messaging encountered an error. Auto repair routine started for reinitialization
[2026.02.12-16.40.49:167][720]FUdpSocketBuilder: Failed to subscribe UdpMessageMulticastSocket to multicast group 230.0.0.1 on interface 0.0.0.0
[2026.02.12-16.40.49:167][720]FUdpSocketBuilder: Failed to create and initialize socket UdpMessageMulticastSocket (last error: 0)
[2026.02.12-16.40.49:167][720]LogUdpMessaging: Warning: StartTransport failed to create multicast socket on 0.0.0.0:0, joined to 230.0.0.1:6666 with TTL 1
[2026.02.12-16.40.49:191][721]LogUdpMessaging: Warning: UDP messaging encountered an error. Auto repair routine started for reinitialization
[2026.02.12-16.40.51:386][841]FUdpSocketBuilder: Failed to subscribe UdpMessageMulticastSocket to multicast group 230.0.0.1 on interface 0.0.0.0
[2026.02.12-16.40.51:386][841]FUdpSocketBuilder: Failed to create and initialize socket UdpMessageMulticastSocket (last error: 0)
[2026.02.12-16.40.51:386][841]LogUdpMessaging: Warning: StartTransport failed to create multicast socket on 0.0.0.0:0, joined to 230.0.0.1:6666 with TTL 1
[2026.02.12-16.40.51:401][841]LogUdpMessaging: Warning: UDP messaging encountered an error. Auto repair routine started for reinitialization
[2026.02.12-16.40.53:302][948]FUdpSocketBuilder: Failed to subscribe UdpMessageMulticastSocket to multicast group 230.0.0.1 on interface 0.0.0.0
[2026.02.12-16.40.53:302][948]FUdpSocketBuilder: Failed to create and initialize socket UdpMessageMulticastSocket (last error: 0)
[2026.02.12-16.40.53:302][948]LogUdpMessaging: Warning: StartTransport failed to create multicast socket on 0.0.0.0:0, joined to 230.0.0.1:6666 with TTL 1
[2026.02.12-16.40.53:317][949]LogUdpMessaging: Warning: UDP messaging encountered an error. Auto repair routine started for reinitialization
[2026.02.12-16.40.55:421][ 62]FUdpSocketBuilder: Failed to subscribe UdpMessageMulticastSocket to multicast group 230.0.0.1 on interface 0.0.0.0
[2026.02.12-16.40.55:421][ 62]FUdpSocketBuilder: Failed to create and initialize socket UdpMessageMulticastSocket (last error: 0)
[2026.02.12-16.40.55:421][ 62]LogUdpMessaging: Warning: StartTransport failed to create multicast socket on 0.0.0.0:0, joined to 230.0.0.1:6666 with TTL 1
[2026.02.12-16.40.55:444][ 63]LogUdpMessaging: Warning: UDP messaging encountered an error. Auto repair routine started for reinitialization
[2026.02.12-16.40.57:637][182]FUdpSocketBuilder: Failed to subscribe UdpMessageMulticastSocket to multicast group 230.0.0.1 on interface 0.0.0.0
[2026.02.12-16.40.57:637][182]FUdpSocketBuilder: Failed to create and initialize socket UdpMessageMulticastSocket (last error: 0)
[2026.02.12-16.40.57:637][182]LogUdpMessaging: Warning: StartTransport failed to create multicast socket on 0.0.0.0:0, joined to 230.0.0.1:6666 with TTL 1
[2026.02.12-16.40.57:666][182]LogUdpMessaging: Warning: UDP messaging encountered an error. Auto repair routine started for reinitialization
[2026.02.12-16.40.59:654][290]FUdpSocketBuilder: Failed to subscribe UdpMessageMulticastSocket to multicast group 230.0.0.1 on interface 0.0.0.0
[2026.02.12-16.40.59:654][290]FUdpSocketBuilder: Failed to create and initialize socket UdpMessageMulticastSocket (last error: 0)
[2026.02.12-16.40.59:654][290]LogUdpMessaging: Warning: StartTransport failed to create multicast socket on 0.0.0.0:0, joined to 230.0.0.1:6666 with TTL 1
[2026.02.12-16.40.59:669][291]LogUdpMessaging: Warning: UDP messaging encountered an error. Auto repair routine started for reinitialization
[2026.02.12-16.41.01:671][397]FUdpSocketBuilder: Failed to subscribe UdpMessageMulticastSocket to multicast group 230.0.0.1 on interface 0.0.0.0
[2026.02.12-16.41.01:671][397]FUdpSocketBuilder: Failed to create and initialize socket UdpMessageMulticastSocket (last error: 0)
[2026.02.12-16.41.01:671][397]LogUdpMessaging: Warning: StartTransport failed to create multicast socket on 0.0.0.0:0, joined to 230.0.0.1:6666 with TTL 1
[2026.02.12-16.41.01:692][398]LogUdpMessaging: Warning: UDP messaging encountered an error. Auto repair routine started for reinitialization
[2026.02.12-16.41.03:890][516]FUdpSocketBuilder: Failed to subscribe UdpMessageMulticastSocket to multicast group 230.0.0.1 on interface 0.0.0.0
[2026.02.12-16.41.03:890][516]FUdpSocketBuilder: Failed to create and initialize socket UdpMessageMulticastSocket (last error: 0)
[2026.02.12-16.41.03:890][516]LogUdpMessaging: Warning: StartTransport failed to create multicast socket on 0.0.0.0:0, joined to 230.0.0.1:6666 with TTL 1
[2026.02.12-16.41.03:910][517]LogUdpMessaging: Warning: UDP messaging encountered an error. Auto repair routine started for reinitialization
[2026.02.12-16.41.05:910][624]FUdpSocketBuilder: Failed to subscribe UdpMessageMulticastSocket to multicast group 230.0.0.1 on interface 0.0.0.0
[2026.02.12-16.41.05:910][624]FUdpSocketBuilder: Failed to create and initialize socket UdpMessageMulticastSocket (last error: 0)
[2026.02.12-16.41.05:910][624]LogUdpMessaging: Warning: StartTransport failed to create multicast socket on 0.0.0.0:0, joined to 230.0.0.1:6666 with TTL 1
[2026.02.12-16.41.06:064][624]LogUdpMessaging: Warning: UDP messaging encountered an error. Auto repair routine started for reinitialization
[2026.02.12-16.41.07:928][723]FUdpSocketBuilder: Failed to subscribe UdpMessageMulticastSocket to multicast group 230.0.0.1 on interface 0.0.0.0
[2026.02.12-16.41.07:928][723]FUdpSocketBuilder: Failed to create and initialize socket UdpMessageMulticastSocket (last error: 0)
[2026.02.12-16.41.07:929][723]LogUdpMessaging: Warning: StartTransport failed to create multicast socket on 0.0.0.0:0, joined to 230.0.0.1:6666 with TTL 1
[2026.02.12-16.41.07:944][724]LogUdpMessaging: Warning: UDP messaging encountered an error. Auto repair routine started for reinitialization
[2026.02.12-16.41.10:147][793]FUdpSocketBuilder: Failed to subscribe UdpMessageMulticastSocket to multicast group 230.0.0.1 on interface 0.0.0.0
[2026.02.12-16.41.10:147][793]FUdpSocketBuilder: Failed to create and initialize socket UdpMessageMulticastSocket (last error: 0)
[2026.02.12-16.41.10:148][793]LogUdpMessaging: Warning: StartTransport failed to create multicast socket on 0.0.0.0:0, joined to 230.0.0.1:6666 with TTL 1
[2026.02.12-16.41.10:376][793]LogUdpMessaging: Warning: UDP messaging encountered an error. Auto repair routine started for reinitialization
[2026.02.12-16.41.12:159][799]FUdpSocketBuilder: Failed to subscribe UdpMessageMulticastSocket to multicast group 230.0.0.1 on interface 0.0.0.0
[2026.02.12-16.41.12:159][799]FUdpSocketBuilder: Failed to create and initialize socket UdpMessageMulticastSocket (last error: 0)
[2026.02.12-16.41.12:159][799]LogUdpMessaging: Warning: StartTransport failed to create multicast socket on 0.0.0.0:0, joined to 230.0.0.1:6666 with TTL 1
[2026.02.12-16.41.12:381][799]LogUdpMessaging: Warning: UDP messaging encountered an error. Auto repair routine started for reinitialization
[2026.02.12-16.41.14:176][805]FUdpSocketBuilder: Failed to subscribe UdpMessageMulticastSocket to multicast group 230.0.0.1 on interface 0.0.0.0
[2026.02.12-16.41.14:176][805]FUdpSocketBuilder: Failed to create and initialize socket UdpMessageMulticastSocket (last error: 0)
[2026.02.12-16.41.14:176][805]LogUdpMessaging: Warning: StartTransport failed to create multicast socket on 0.0.0.0:0, joined to 230.0.0.1:6666 with TTL 1
[2026.02.12-16.41.14:389][805]LogUdpMessaging: Warning: UDP messaging encountered an error. Auto repair routine started for reinitialization
[2026.02.12-16.41.16:194][811]FUdpSocketBuilder: Failed to subscribe UdpMessageMulticastSocket to multicast group 230.0.0.1 on interface 0.0.0.0
[2026.02.12-16.41.16:194][811]FUdpSocketBuilder: Failed to create and initialize socket UdpMessageMulticastSocket (last error: 0)
[2026.02.12-16.41.16:194][811]LogUdpMessaging: Warning: StartTransport failed to create multicast socket on 0.0.0.0:0, joined to 230.0.0.1:6666 with TTL 1
[2026.02.12-16.41.16:393][811]LogUdpMessaging: Warning: UDP messaging encountered an error. Auto repair routine started for reinitialization
[2026.02.12-16.41.18:210][817]FUdpSocketBuilder: Failed to subscribe UdpMessageMulticastSocket to multicast group 230.0.0.1 on interface 0.0.0.0
[2026.02.12-16.41.18:210][817]FUdpSocketBuilder: Failed to create and initialize socket UdpMessageMulticastSocket (last error: 0)
[2026.02.12-16.41.18:210][817]LogUdpMessaging: Warning: StartTransport failed to create multicast socket on 0.0.0.0:0, joined to 230.0.0.1:6666 with TTL 1
[2026.02.12-16.41.18:402][817]LogUdpMessaging: Warning: UDP messaging encountered an error. Auto repair routine started for reinitialization
[2026.02.12-16.41.20:223][823]FUdpSocketBuilder: Failed to subscribe UdpMessageMulticastSocket to multicast group 230.0.0.1 on interface 0.0.0.0
[2026.02.12-16.41.20:223][823]FUdpSocketBuilder: Failed to create and initialize socket UdpMessageMulticastSocket (last error: 0)
[2026.02.12-16.41.20:223][823]LogUdpMessaging: Warning: StartTransport failed to create multicast socket on 0.0.0.0:0, joined to 230.0.0.1:6666 with TTL 1
[2026.02.12-16.41.20:417][823]LogUdpMessaging: Warning: UDP messaging encountered an error. Auto repair routine started for reinitialization
[2026.02.12-16.41.22:238][829]FUdpSocketBuilder: Failed to subscribe UdpMessageMulticastSocket to multicast group 230.0.0.1 on interface 0.0.0.0
[2026.02.12-16.41.22:238][829]FUdpSocketBuilder: Failed to create and initialize socket UdpMessageMulticastSocket (last error: 0)
[2026.02.12-16.41.22:239][829]LogUdpMessaging: Warning: StartTransport failed to create multicast socket on 0.0.0.0:0, joined to 230.0.0.1:6666 with TTL 1
[2026.02.12-16.41.22:417][829]LogUdpMessaging: Warning: UDP messaging encountered an error. Auto repair routine started for reinitialization
[2026.02.12-16.41.24:256][835]FUdpSocketBuilder: Failed to subscribe UdpMessageMulticastSocket to multicast group 230.0.0.1 on interface 0.0.0.0
[2026.02.12-16.41.24:256][835]FUdpSocketBuilder: Failed to create and initialize socket UdpMessageMulticastSocket (last error: 0)
[2026.02.12-16.41.24:256][835]LogUdpMessaging: Warning: StartTransport failed to create multicast socket on 0.0.0.0:0, joined to 230.0.0.1:6666 with TTL 1
[2026.02.12-16.41.24:424][835]LogUdpMessaging: Warning: UDP messaging encountered an error. Auto repair routine started for reinitialization
[2026.02.12-16.41.26:270][841]FUdpSocketBuilder: Failed to subscribe UdpMessageMulticastSocket to multicast group 230.0.0.1 on interface 0.0.0.0
[2026.02.12-16.41.26:270][841]FUdpSocketBuilder: Failed to create and initialize socket UdpMessageMulticastSocket (last error: 0)
[2026.02.12-16.41.26:270][841]LogUdpMessaging: Warning: StartTransport failed to create multicast socket on 0.0.0.0:0, joined to 230.0.0.1:6666 with TTL 1
[2026.02.12-16.41.26:441][841]LogUdpMessaging: Warning: UDP messaging encountered an error. Auto repair routine started for reinitialization
[2026.02.12-16.41.28:286][847]FUdpSocketBuilder: Failed to subscribe UdpMessageMulticastSocket to multicast group 230.0.0.1 on interface 0.0.0.0
[2026.02.12-16.41.28:286][847]FUdpSocketBuilder: Failed to create and initialize socket UdpMessageMulticastSocket (last error: 0)
[2026.02.12-16.41.28:286][847]LogUdpMessaging: Warning: StartTransport failed to create multicast socket on 0.0.0.0:0, joined to 230.0.0.1:6666 with TTL 1
[2026.02.12-16.41.28:446][847]LogUdpMessaging: Warning: UDP messaging encountered an error. Auto repair routine started for reinitialization
[2026.02.12-16.41.30:301][853]FUdpSocketBuilder: Failed to subscribe UdpMessageMulticastSocket to multicast group 230.0.0.1 on interface 0.0.0.0
[2026.02.12-16.41.30:301][853]FUdpSocketBuilder: Failed to create and initialize socket UdpMessageMulticastSocket (last error: 0)
[2026.02.12-16.41.30:301][853]LogUdpMessaging: Warning: StartTransport failed to create multicast socket on 0.0.0.0:0, joined to 230.0.0.1:6666 with TTL 1
[2026.02.12-16.41.30:448][853]LogUdpMessaging: Warning: UDP messaging encountered an error. Auto repair routine started for reinitialization
[2026.02.12-16.41.32:318][859]FUdpSocketBuilder: Failed to subscribe UdpMessageMulticastSocket to multicast group 230.0.0.1 on interface 0.0.0.0
[2026.02.12-16.41.32:318][859]FUdpSocketBuilder: Failed to create and initialize socket UdpMessageMulticastSocket (last error: 0)
[2026.02.12-16.41.32:318][859]LogUdpMessaging: Warning: StartTransport failed to create multicast socket on 0.0.0.0:0, joined to 230.0.0.1:6666 with TTL 1
[2026.02.12-16.41.32:459][859]LogUdpMessaging: Warning: UDP messaging encountered an error. Auto repair routine started for reinitialization
[2026.02.12-16.41.34:334][865]FUdpSocketBuilder: Failed to subscribe UdpMessageMulticastSocket to multicast group 230.0.0.1 on interface 0.0.0.0
[2026.02.12-16.41.34:334][865]FUdpSocketBuilder: Failed to create and initialize socket UdpMessageMulticastSocket (last error: 0)
[2026.02.12-16.41.34:334][865]LogUdpMessaging: Warning: StartTransport failed to create multicast socket on 0.0.0.0:0, joined to 230.0.0.1:6666 with TTL 1
[2026.02.12-16.41.34:472][865]LogUdpMessaging: Warning: UDP messaging encountered an error. Auto repair routine started for reinitialization
[2026.02.12-16.41.36:348][871]FUdpSocketBuilder: Failed to subscribe UdpMessageMulticastSocket to multicast group 230.0.0.1 on interface 0.0.0.0
[2026.02.12-16.41.36:348][871]FUdpSocketBuilder: Failed to create and initialize socket UdpMessageMulticastSocket (last error: 0)
[2026.02.12-16.41.36:348][871]LogUdpMessaging: Warning: StartTransport failed to create multicast socket on 0.0.0.0:0, joined to 230.0.0.1:6666 with TTL 1
[2026.02.12-16.41.36:482][871]LogUdpMessaging: Warning: UDP messaging encountered an error. Auto repair routine started for reinitialization
[2026.02.12-16.41.38:360][877]FUdpSocketBuilder: Failed to subscribe UdpMessageMulticastSocket to multicast group 230.0.0.1 on interface 0.0.0.0
[2026.02.12-16.41.38:360][877]FUdpSocketBuilder: Failed to create and initialize socket UdpMessageMulticastSocket (last error: 0)
[2026.02.12-16.41.38:360][877]LogUdpMessaging: Warning: StartTransport failed to create multicast socket on 0.0.0.0:0, joined to 230.0.0.1:6666 with TTL 1
[2026.02.12-16.41.38:494][877]LogUdpMessaging: Warning: UDP messaging encountered an error. Auto repair routine started for reinitialization
[2026.02.12-16.41.40:375][883]FUdpSocketBuilder: Failed to subscribe UdpMessageMulticastSocket to multicast group 230.0.0.1 on interface 0.0.0.0
[2026.02.12-16.41.40:375][883]FUdpSocketBuilder: Failed to create and initialize socket UdpMessageMulticastSocket (last error: 0)
[2026.02.12-16.41.40:375][883]LogUdpMessaging: Warning: StartTransport failed to create multicast socket on 0.0.0.0:0, joined to 230.0.0.1:6666 with TTL 1
[2026.02.12-16.41.40:510][883]LogUdpMessaging: Warning: UDP messaging encountered an error. Auto repair routine started for reinitialization
[2026.02.12-16.41.42:290][889]FUdpSocketBuilder: Failed to subscribe UdpMessageMulticastSocket to multicast group 230.0.0.1 on interface 0.0.0.0
[2026.02.12-16.41.42:290][889]FUdpSocketBuilder: Failed to create and initialize socket UdpMessageMulticastSocket (last error: 0)
[2026.02.12-16.41.42:290][889]LogUdpMessaging: Warning: StartTransport failed to create multicast socket on 0.0.0.0:0, joined to 230.0.0.1:6666 with TTL 1
[2026.02.12-16.41.42:516][889]LogUdpMessaging: Warning: UDP messaging encountered an error. Auto repair routine started for reinitialization
[2026.02.12-16.41.44:306][895]FUdpSocketBuilder: Failed to subscribe UdpMessageMulticastSocket to multicast group 230.0.0.1 on interface 0.0.0.0
[2026.02.12-16.41.44:306][895]FUdpSocketBuilder: Failed to create and initialize socket UdpMessageMulticastSocket (last error: 0)
[2026.02.12-16.41.44:306][895]LogUdpMessaging: Warning: StartTransport failed to create multicast socket on 0.0.0.0:0, joined to 230.0.0.1:6666 with TTL 1
[2026.02.12-16.41.44:522][895]LogUdpMessaging: Warning: UDP messaging encountered an error. Auto repair routine started for reinitialization
[2026.02.12-16.41.46:321][901]FUdpSocketBuilder: Failed to subscribe UdpMessageMulticastSocket to multicast group 230.0.0.1 on interface 0.0.0.0
[2026.02.12-16.41.46:322][901]FUdpSocketBuilder: Failed to create and initialize socket UdpMessageMulticastSocket (last error: 0)
[2026.02.12-16.41.46:322][901]LogUdpMessaging: Warning: StartTransport failed to create multicast socket on 0.0.0.0:0, joined to 230.0.0.1:6666 with TTL 1
[2026.02.12-16.41.46:534][901]LogUdpMessaging: Warning: UDP messaging encountered an error. Auto repair routine started for reinitialization
[2026.02.12-16.41.48:336][907]FUdpSocketBuilder: Failed to subscribe UdpMessageMulticastSocket to multicast group 230.0.0.1 on interface 0.0.0.0
[2026.02.12-16.41.48:336][907]FUdpSocketBuilder: Failed to create and initialize socket UdpMessageMulticastSocket (last error: 0)
[2026.02.12-16.41.48:336][907]LogUdpMessaging: Warning: StartTransport failed to create multicast socket on 0.0.0.0:0, joined to 230.0.0.1:6666 with TTL 1
[2026.02.12-16.41.48:542][907]LogUdpMessaging: Warning: UDP messaging encountered an error. Auto repair routine started for reinitialization
[2026.02.12-16.41.50:352][913]FUdpSocketBuilder: Failed to subscribe UdpMessageMulticastSocket to multicast group 230.0.0.1 on interface 0.0.0.0
[2026.02.12-16.41.50:352][913]FUdpSocketBuilder: Failed to create and initialize socket UdpMessageMulticastSocket (last error: 0)
[2026.02.12-16.41.50:352][913]LogUdpMessaging: Warning: StartTransport failed to create multicast socket on 0.0.0.0:0, joined to 230.0.0.1:6666 with TTL 1
[2026.02.12-16.41.50:551][913]LogUdpMessaging: Warning: UDP messaging encountered an error. Auto repair routine started for reinitialization
[2026.02.12-16.41.52:369][919]FUdpSocketBuilder: Failed to subscribe UdpMessageMulticastSocket to multicast group 230.0.0.1 on interface 0.0.0.0
[2026.02.12-16.41.52:369][919]FUdpSocketBuilder: Failed to create and initialize socket UdpMessageMulticastSocket (last error: 0)
[2026.02.12-16.41.52:369][919]LogUdpMessaging: Warning: StartTransport failed to create multicast socket on 0.0.0.0:0, joined to 230.0.0.1:6666 with TTL 1
[2026.02.12-16.41.52:562][919]LogUdpMessaging: Warning: UDP messaging encountered an error. Auto repair routine started for reinitialization
[2026.02.12-16.41.54:386][925]FUdpSocketBuilder: Failed to subscribe UdpMessageMulticastSocket to multicast group 230.0.0.1 on interface 0.0.0.0
[2026.02.12-16.41.54:386][925]FUdpSocketBuilder: Failed to create and initialize socket UdpMessageMulticastSocket (last error: 0)
[2026.02.12-16.41.54:386][925]LogUdpMessaging: Warning: StartTransport failed to create multicast socket on 0.0.0.0:0, joined to 230.0.0.1:6666 with TTL 1
[2026.02.12-16.41.54:568][925]LogUdpMessaging: Warning: UDP messaging encountered an error. Auto repair routine started for reinitialization
[2026.02.12-16.41.56:403][931]FUdpSocketBuilder: Failed to subscribe UdpMessageMulticastSocket to multicast group 230.0.0.1 on interface 0.0.0.0
[2026.02.12-16.41.56:403][931]FUdpSocketBuilder: Failed to create and initialize socket UdpMessageMulticastSocket (last error: 0)
[2026.02.12-16.41.56:403][931]LogUdpMessaging: Warning: StartTransport failed to create multicast socket on 0.0.0.0:0, joined to 230.0.0.1:6666 with TTL 1
[2026.02.12-16.41.56:584][931]LogUdpMessaging: Warning: UDP messaging encountered an error. Auto repair routine started for reinitialization
[2026.02.12-16.41.58:418][937]FUdpSocketBuilder: Failed to subscribe UdpMessageMulticastSocket to multicast group 230.0.0.1 on interface 0.0.0.0
[2026.02.12-16.41.58:418][937]FUdpSocketBuilder: Failed to create and initialize socket UdpMessageMulticastSocket (last error: 0)
[2026.02.12-16.41.58:418][937]LogUdpMessaging: Warning: StartTransport failed to create multicast socket on 0.0.0.0:0, joined to 230.0.0.1:6666 with TTL 1
[2026.02.12-16.41.58:591][937]LogUdpMessaging: Warning: UDP messaging encountered an error. Auto repair routine started for reinitialization
[2026.02.12-16.42.00:436][943]FUdpSocketBuilder: Failed to subscribe UdpMessageMulticastSocket to multicast group 230.0.0.1 on interface 0.0.0.0
[2026.02.12-16.42.00:436][943]FUdpSocketBuilder: Failed to create and initialize socket UdpMessageMulticastSocket (last error: 0)
[2026.02.12-16.42.00:436][943]LogUdpMessaging: Warning: StartTransport failed to create multicast socket on 0.0.0.0:0, joined to 230.0.0.1:6666 with TTL 1
[2026.02.12-16.42.00:595][943]LogUdpMessaging: Warning: UDP messaging encountered an error. Auto repair routine started for reinitialization
[2026.02.12-16.42.02:455][949]FUdpSocketBuilder: Failed to subscribe UdpMessageMulticastSocket to multicast group 230.0.0.1 on interface 0.0.0.0
[2026.02.12-16.42.02:455][949]FUdpSocketBuilder: Failed to create and initialize socket UdpMessageMulticastSocket (last error: 0)
[2026.02.12-16.42.02:455][949]LogUdpMessaging: Warning: StartTransport failed to create multicast socket on 0.0.0.0:0, joined to 230.0.0.1:6666 with TTL 1
[2026.02.12-16.42.02:600][949]LogUdpMessaging: Warning: UDP messaging encountered an error. Auto repair routine started for reinitialization
[2026.02.12-16.42.04:470][955]FUdpSocketBuilder: Failed to subscribe UdpMessageMulticastSocket to multicast group 230.0.0.1 on interface 0.0.0.0
[2026.02.12-16.42.04:470][955]FUdpSocketBuilder: Failed to create and initialize socket UdpMessageMulticastSocket (last error: 0)
[2026.02.12-16.42.04:470][955]LogUdpMessaging: Warning: StartTransport failed to create multicast socket on 0.0.0.0:0, joined to 230.0.0.1:6666 with TTL 1
[2026.02.12-16.42.04:610][955]LogUdpMessaging: Warning: UDP messaging encountered an error. Auto repair routine started for reinitialization
[2026.02.12-16.42.06:487][961]FUdpSocketBuilder: Failed to subscribe UdpMessageMulticastSocket to multicast group 230.0.0.1 on interface 0.0.0.0
[2026.02.12-16.42.06:487][961]FUdpSocketBuilder: Failed to create and initialize socket UdpMessageMulticastSocket (last error: 0)
[2026.02.12-16.42.06:487][961]LogUdpMessaging: Warning: StartTransport failed to create multicast socket on 0.0.0.0:0, joined to 230.0.0.1:6666 with TTL 1
[2026.02.12-16.42.06:627][961]LogUdpMessaging: Warning: UDP messaging encountered an error. Auto repair routine started for reinitialization
[2026.02.12-16.42.08:506][ 42]FUdpSocketBuilder: Failed to subscribe UdpMessageMulticastSocket to multicast group 230.0.0.1 on interface 0.0.0.0
[2026.02.12-16.42.08:506][ 42]FUdpSocketBuilder: Failed to create and initialize socket UdpMessageMulticastSocket (last error: 0)
[2026.02.12-16.42.08:506][ 42]LogUdpMessaging: Warning: StartTransport failed to create multicast socket on 0.0.0.0:0, joined to 230.0.0.1:6666 with TTL 1
[2026.02.12-16.42.08:523][ 43]LogUdpMessaging: Warning: UDP messaging encountered an error. Auto repair routine started for reinitialization
[2026.02.12-16.42.09:180][ 82]BlueprintLog: New page: Compile BP_PLAYER
[2026.02.12-16.42.09:231][ 82]LogUObjectHash: Compacting FUObjectHashTables data took   2.26ms
[2026.02.12-16.42.10:524][145]FUdpSocketBuilder: Failed to subscribe UdpMessageMulticastSocket to multicast group 230.0.0.1 on interface 0.0.0.0
[2026.02.12-16.42.10:524][145]FUdpSocketBuilder: Failed to create and initialize socket UdpMessageMulticastSocket (last error: 0)
[2026.02.12-16.42.10:524][145]LogUdpMessaging: Warning: StartTransport failed to create multicast socket on 0.0.0.0:0, joined to 230.0.0.1:6666 with TTL 1
[2026.02.12-16.42.10:539][146]LogUdpMessaging: Warning: UDP messaging encountered an error. Auto repair routine started for reinitialization
[2026.02.12-16.42.12:542][216]FUdpSocketBuilder: Failed to subscribe UdpMessageMulticastSocket to multicast group 230.0.0.1 on interface 0.0.0.0
[2026.02.12-16.42.12:542][216]FUdpSocketBuilder: Failed to create and initialize socket UdpMessageMulticastSocket (last error: 0)
[2026.02.12-16.42.12:542][216]LogUdpMessaging: Warning: StartTransport failed to create multicast socket on 0.0.0.0:0, joined to 230.0.0.1:6666 with TTL 1
[2026.02.12-16.42.12:669][216]LogUdpMessaging: Warning: UDP messaging encountered an error. Auto repair routine started for reinitialization
[2026.02.12-16.42.14:560][222]FUdpSocketBuilder: Failed to subscribe UdpMessageMulticastSocket to multicast group 230.0.0.1 on interface 0.0.0.0
[2026.02.12-16.42.14:560][222]FUdpSocketBuilder: Failed to create and initialize socket UdpMessageMulticastSocket (last error: 0)
[2026.02.12-16.42.14:560][222]LogUdpMessaging: Warning: StartTransport failed to create multicast socket on 0.0.0.0:0, joined to 230.0.0.1:6666 with TTL 1
[2026.02.12-16.42.14:687][222]LogUdpMessaging: Warning: UDP messaging encountered an error. Auto repair routine started for reinitialization
[2026.02.12-16.42.16:476][228]FUdpSocketBuilder: Failed to subscribe UdpMessageMulticastSocket to multicast group 230.0.0.1 on interface 0.0.0.0
[2026.02.12-16.42.16:476][228]FUdpSocketBuilder: Failed to create and initialize socket UdpMessageMulticastSocket (last error: 0)
[2026.02.12-16.42.16:476][228]LogUdpMessaging: Warning: StartTransport failed to create multicast socket on 0.0.0.0:0, joined to 230.0.0.1:6666 with TTL 1
[2026.02.12-16.42.16:693][228]LogUdpMessaging: Warning: UDP messaging encountered an error. Auto repair routine started for reinitialization
[2026.02.12-16.42.18:491][234]FUdpSocketBuilder: Failed to subscribe UdpMessageMulticastSocket to multicast group 230.0.0.1 on interface 0.0.0.0
[2026.02.12-16.42.18:491][234]FUdpSocketBuilder: Failed to create and initialize socket UdpMessageMulticastSocket (last error: 0)
[2026.02.12-16.42.18:491][234]LogUdpMessaging: Warning: StartTransport failed to create multicast socket on 0.0.0.0:0, joined to 230.0.0.1:6666 with TTL 1
[2026.02.12-16.42.18:696][234]LogUdpMessaging: Warning: UDP messaging encountered an error. Auto repair routine started for reinitialization
[2026.02.12-16.42.20:508][240]FUdpSocketBuilder: Failed to subscribe UdpMessageMulticastSocket to multicast group 230.0.0.1 on interface 0.0.0.0
[2026.02.12-16.42.20:508][240]FUdpSocketBuilder: Failed to create and initialize socket UdpMessageMulticastSocket (last error: 0)
[2026.02.12-16.42.20:509][240]LogUdpMessaging: Warning: StartTransport failed to create multicast socket on 0.0.0.0:0, joined to 230.0.0.1:6666 with TTL 1
[2026.02.12-16.42.20:708][240]LogUdpMessaging: Warning: UDP messaging encountered an error. Auto repair routine started for reinitialization
[2026.02.12-16.42.22:525][246]FUdpSocketBuilder: Failed to subscribe UdpMessageMulticastSocket to multicast group 230.0.0.1 on interface 0.0.0.0
[2026.02.12-16.42.22:525][246]FUdpSocketBuilder: Failed to create and initialize socket UdpMessageMulticastSocket (last error: 0)
[2026.02.12-16.42.22:525][246]LogUdpMessaging: Warning: StartTransport failed to create multicast socket on 0.0.0.0:0, joined to 230.0.0.1:6666 with TTL 1
[2026.02.12-16.42.22:716][246]LogUdpMessaging: Warning: UDP messaging encountered an error. Auto repair routine started for reinitialization
[2026.02.12-16.42.24:544][252]FUdpSocketBuilder: Failed to subscribe UdpMessageMulticastSocket to multicast group 230.0.0.1 on interface 0.0.0.0
[2026.02.12-16.42.24:544][252]FUdpSocketBuilder: Failed to create and initialize socket UdpMessageMulticastSocket (last error: 0)
[2026.02.12-16.42.24:544][252]LogUdpMessaging: Warning: StartTransport failed to create multicast socket on 0.0.0.0:0, joined to 230.0.0.1:6666 with TTL 1
[2026.02.12-16.42.24:723][252]LogUdpMessaging: Warning: UDP messaging encountered an error. Auto repair routine started for reinitialization
[2026.02.12-16.42.26:559][258]FUdpSocketBuilder: Failed to subscribe UdpMessageMulticastSocket to multicast group 230.0.0.1 on interface 0.0.0.0
[2026.02.12-16.42.26:559][258]FUdpSocketBuilder: Failed to create and initialize socket UdpMessageMulticastSocket (last error: 0)
[2026.02.12-16.42.26:559][258]LogUdpMessaging: Warning: StartTransport failed to create multicast socket on 0.0.0.0:0, joined to 230.0.0.1:6666 with TTL 1
[2026.02.12-16.42.26:728][258]LogUdpMessaging: Warning: UDP messaging encountered an error. Auto repair routine started for reinitialization
[2026.02.12-16.42.28:576][264]FUdpSocketBuilder: Failed to subscribe UdpMessageMulticastSocket to multicast group 230.0.0.1 on interface 0.0.0.0
[2026.02.12-16.42.28:576][264]FUdpSocketBuilder: Failed to create and initialize socket UdpMessageMulticastSocket (last error: 0)
[2026.02.12-16.42.28:576][264]LogUdpMessaging: Warning: StartTransport failed to create multicast socket on 0.0.0.0:0, joined to 230.0.0.1:6666 with TTL 1
[2026.02.12-16.42.28:743][264]LogUdpMessaging: Warning: UDP messaging encountered an error. Auto repair routine started for reinitialization
[2026.02.12-16.42.30:587][270]FUdpSocketBuilder: Failed to subscribe UdpMessageMulticastSocket to multicast group 230.0.0.1 on interface 0.0.0.0
[2026.02.12-16.42.30:589][270]FUdpSocketBuilder: Failed to create and initialize socket UdpMessageMulticastSocket (last error: 0)
[2026.02.12-16.42.30:589][270]LogUdpMessaging: Warning: StartTransport failed to create multicast socket on 0.0.0.0:0, joined to 230.0.0.1:6666 with TTL 1
[2026.02.12-16.42.30:747][270]LogUdpMessaging: Warning: UDP messaging encountered an error. Auto repair routine started for reinitialization
[2026.02.12-16.42.32:604][276]FUdpSocketBuilder: Failed to subscribe UdpMessageMulticastSocket to multicast group 230.0.0.1 on interface 0.0.0.0
[2026.02.12-16.42.32:604][276]FUdpSocketBuilder: Failed to create and initialize socket UdpMessageMulticastSocket (last error: 0)
[2026.02.12-16.42.32:604][276]LogUdpMessaging: Warning: StartTransport failed to create multicast socket on 0.0.0.0:0, joined to 230.0.0.1:6666 with TTL 1
[2026.02.12-16.42.32:750][276]LogUdpMessaging: Warning: UDP messaging encountered an error. Auto repair routine started for reinitialization
[2026.02.12-16.42.34:620][282]FUdpSocketBuilder: Failed to subscribe UdpMessageMulticastSocket to multicast group 230.0.0.1 on interface 0.0.0.0
[2026.02.12-16.42.34:620][282]FUdpSocketBuilder: Failed to create and initialize socket UdpMessageMulticastSocket (last error: 0)
[2026.02.12-16.42.34:620][282]LogUdpMessaging: Warning: StartTransport failed to create multicast socket on 0.0.0.0:0, joined to 230.0.0.1:6666 with TTL 1
[2026.02.12-16.42.34:754][282]LogUdpMessaging: Warning: UDP messaging encountered an error. Auto repair routine started for reinitialization
[2026.02.12-16.42.36:636][288]FUdpSocketBuilder: Failed to subscribe UdpMessageMulticastSocket to multicast group 230.0.0.1 on interface 0.0.0.0
[2026.02.12-16.42.36:636][288]FUdpSocketBuilder: Failed to create and initialize socket UdpMessageMulticastSocket (last error: 0)
[2026.02.12-16.42.36:636][288]LogUdpMessaging: Warning: StartTransport failed to create multicast socket on 0.0.0.0:0, joined to 230.0.0.1:6666 with TTL 1
[2026.02.12-16.42.36:776][288]LogUdpMessaging: Warning: UDP messaging encountered an error. Auto repair routine started for reinitialization
[2026.02.12-16.42.38:651][294]FUdpSocketBuilder: Failed to subscribe UdpMessageMulticastSocket to multicast group 230.0.0.1 on interface 0.0.0.0
[2026.02.12-16.42.38:651][294]FUdpSocketBuilder: Failed to create and initialize socket UdpMessageMulticastSocket (last error: 0)
[2026.02.12-16.42.38:651][294]LogUdpMessaging: Warning: StartTransport failed to create multicast socket on 0.0.0.0:0, joined to 230.0.0.1:6666 with TTL 1
[2026.02.12-16.42.38:787][294]LogUdpMessaging: Warning: UDP messaging encountered an error. Auto repair routine started for reinitialization
[2026.02.12-16.42.40:668][300]FUdpSocketBuilder: Failed to subscribe UdpMessageMulticastSocket to multicast group 230.0.0.1 on interface 0.0.0.0
[2026.02.12-16.42.40:668][300]FUdpSocketBuilder: Failed to create and initialize socket UdpMessageMulticastSocket (last error: 0)
[2026.02.12-16.42.40:668][300]LogUdpMessaging: Warning: StartTransport failed to create multicast socket on 0.0.0.0:0, joined to 230.0.0.1:6666 with TTL 1
[2026.02.12-16.42.40:798][300]LogUdpMessaging: Warning: UDP messaging encountered an error. Auto repair routine started for reinitialization
[2026.02.12-16.42.42:584][306]FUdpSocketBuilder: Failed to subscribe UdpMessageMulticastSocket to multicast group 230.0.0.1 on interface 0.0.0.0
[2026.02.12-16.42.42:584][306]FUdpSocketBuilder: Failed to create and initialize socket UdpMessageMulticastSocket (last error: 0)
[2026.02.12-16.42.42:585][306]LogUdpMessaging: Warning: StartTransport failed to create multicast socket on 0.0.0.0:0, joined to 230.0.0.1:6666 with TTL 1
[2026.02.12-16.42.42:804][306]LogUdpMessaging: Warning: UDP messaging encountered an error. Auto repair routine started for reinitialization
[2026.02.12-16.42.44:602][405]FUdpSocketBuilder: Failed to subscribe UdpMessageMulticastSocket to multicast group 230.0.0.1 on interface 0.0.0.0
[2026.02.12-16.42.44:602][405]FUdpSocketBuilder: Failed to create and initialize socket UdpMessageMulticastSocket (last error: 0)
[2026.02.12-16.42.44:602][405]LogUdpMessaging: Warning: StartTransport failed to create multicast socket on 0.0.0.0:0, joined to 230.0.0.1:6666 with TTL 1
[2026.02.12-16.42.44:622][406]LogUdpMessaging: Warning: UDP messaging encountered an error. Auto repair routine started for reinitialization
[2026.02.12-16.42.45:813][466]FUdpSocketBuilder: Failed to subscribe UdpMessageMulticastSocket to multicast group 230.0.0.1 on interface 0.0.0.0
[2026.02.12-16.42.45:813][466]FUdpSocketBuilder: Failed to create and initialize socket UdpMessageMulticastSocket (last error: 0)
[2026.02.12-16.42.45:813][466]LogUdpMessaging: Warning: StartTransport failed to create multicast socket on 0.0.0.0:0, joined to 230.0.0.1:6666 with TTL 1
[2026.02.12-16.42.45:837][467]LogUdpMessaging: Warning: UDP messaging encountered an error. Auto repair routine started for reinitialization
[2026.02.12-16.42.47:029][527]FUdpSocketBuilder: Failed to subscribe UdpMessageMulticastSocket to multicast group 230.0.0.1 on interface 0.0.0.0
[2026.02.12-16.42.47:029][527]FUdpSocketBuilder: Failed to create and initialize socket UdpMessageMulticastSocket (last error: 0)
[2026.02.12-16.42.47:029][527]LogUdpMessaging: Warning: StartTransport failed to create multicast socket on 0.0.0.0:0, joined to 230.0.0.1:6666 with TTL 1
[2026.02.12-16.42.47:049][527]LogUdpMessaging: Warning: UDP messaging encountered an error. Auto repair routine started for reinitialization
[2026.02.12-16.42.49:047][629]FUdpSocketBuilder: Failed to subscribe UdpMessageMulticastSocket to multicast group 230.0.0.1 on interface 0.0.0.0
[2026.02.12-16.42.49:047][629]FUdpSocketBuilder: Failed to create and initialize socket UdpMessageMulticastSocket (last error: 0)
[2026.02.12-16.42.49:047][629]LogUdpMessaging: Warning: StartTransport failed to create multicast socket on 0.0.0.0:0, joined to 230.0.0.1:6666 with TTL 1
[2026.02.12-16.42.49:062][630]LogUdpMessaging: Warning: UDP messaging encountered an error. Auto repair routine started for reinitialization
[2026.02.12-16.42.51:068][729]FUdpSocketBuilder: Failed to subscribe UdpMessageMulticastSocket to multicast group 230.0.0.1 on interface 0.0.0.0
[2026.02.12-16.42.51:068][729]FUdpSocketBuilder: Failed to create and initialize socket UdpMessageMulticastSocket (last error: 0)
[2026.02.12-16.42.51:068][729]LogUdpMessaging: Warning: StartTransport failed to create multicast socket on 0.0.0.0:0, joined to 230.0.0.1:6666 with TTL 1
[2026.02.12-16.42.51:080][730]LogUdpMessaging: Warning: UDP messaging encountered an error. Auto repair routine started for reinitialization
[2026.02.12-16.42.52:984][838]FUdpSocketBuilder: Failed to subscribe UdpMessageMulticastSocket to multicast group 230.0.0.1 on interface 0.0.0.0
[2026.02.12-16.42.52:986][838]FUdpSocketBuilder: Failed to create and initialize socket UdpMessageMulticastSocket (last error: 0)
[2026.02.12-16.42.52:986][838]LogUdpMessaging: Warning: StartTransport failed to create multicast socket on 0.0.0.0:0, joined to 230.0.0.1:6666 with TTL 1
[2026.02.12-16.42.53:008][839]LogUdpMessaging: Warning: UDP messaging encountered an error. Auto repair routine started for reinitialization
[2026.02.12-16.42.54:194][897]FUdpSocketBuilder: Failed to subscribe UdpMessageMulticastSocket to multicast group 230.0.0.1 on interface 0.0.0.0
[2026.02.12-16.42.54:194][897]FUdpSocketBuilder: Failed to create and initialize socket UdpMessageMulticastSocket (last error: 0)
[2026.02.12-16.42.54:194][897]LogUdpMessaging: Warning: StartTransport failed to create multicast socket on 0.0.0.0:0, joined to 230.0.0.1:6666 with TTL 1
[2026.02.12-16.42.54:209][898]LogUdpMessaging: Warning: UDP messaging encountered an error. Auto repair routine started for reinitialization
[2026.02.12-16.42.56:214][  7]FUdpSocketBuilder: Failed to subscribe UdpMessageMulticastSocket to multicast group 230.0.0.1 on interface 0.0.0.0
[2026.02.12-16.42.56:214][  7]FUdpSocketBuilder: Failed to create and initialize socket UdpMessageMulticastSocket (last error: 0)
[2026.02.12-16.42.56:214][  7]LogUdpMessaging: Warning: StartTransport failed to create multicast socket on 0.0.0.0:0, joined to 230.0.0.1:6666 with TTL 1
[2026.02.12-16.42.56:239][  8]LogUdpMessaging: Warning: UDP messaging encountered an error. Auto repair routine started for reinitialization
[2026.02.12-16.42.58:133][115]FUdpSocketBuilder: Failed to subscribe UdpMessageMulticastSocket to multicast group 230.0.0.1 on interface 0.0.0.0
[2026.02.12-16.42.58:133][115]FUdpSocketBuilder: Failed to create and initialize socket UdpMessageMulticastSocket (last error: 0)
[2026.02.12-16.42.58:133][115]LogUdpMessaging: Warning: StartTransport failed to create multicast socket on 0.0.0.0:0, joined to 230.0.0.1:6666 with TTL 1
[2026.02.12-16.42.58:158][116]LogUdpMessaging: Warning: UDP messaging encountered an error. Auto repair routine started for reinitialization
[2026.02.12-16.42.59:344][174]FUdpSocketBuilder: Failed to subscribe UdpMessageMulticastSocket to multicast group 230.0.0.1 on interface 0.0.0.0
[2026.02.12-16.42.59:344][174]FUdpSocketBuilder: Failed to create and initialize socket UdpMessageMulticastSocket (last error: 0)
[2026.02.12-16.42.59:344][174]LogUdpMessaging: Warning: StartTransport failed to create multicast socket on 0.0.0.0:0, joined to 230.0.0.1:6666 with TTL 1
[2026.02.12-16.42.59:365][175]LogUdpMessaging: Warning: UDP messaging encountered an error. Auto repair routine started for reinitialization
[2026.02.12-16.43.01:862][256]FUdpSocketBuilder: Failed to subscribe UdpMessageMulticastSocket to multicast group 230.0.0.1 on interface 0.0.0.0
[2026.02.12-16.43.01:862][256]FUdpSocketBuilder: Failed to create and initialize socket UdpMessageMulticastSocket (last error: 0)
[2026.02.12-16.43.01:862][256]LogUdpMessaging: Warning: StartTransport failed to create multicast socket on 0.0.0.0:0, joined to 230.0.0.1:6666 with TTL 1
[2026.02.12-16.43.02:002][256]LogUdpMessaging: Warning: UDP messaging encountered an error. Auto repair routine started for reinitialization
[2026.02.12-16.43.03:878][345]FUdpSocketBuilder: Failed to subscribe UdpMessageMulticastSocket to multicast group 230.0.0.1 on interface 0.0.0.0
[2026.02.12-16.43.03:878][345]FUdpSocketBuilder: Failed to create and initialize socket UdpMessageMulticastSocket (last error: 0)
[2026.02.12-16.43.03:878][345]LogUdpMessaging: Warning: StartTransport failed to create multicast socket on 0.0.0.0:0, joined to 230.0.0.1:6666 with TTL 1
[2026.02.12-16.43.03:894][346]LogUdpMessaging: Warning: UDP messaging encountered an error. Auto repair routine started for reinitialization
[2026.02.12-16.43.05:894][452]FUdpSocketBuilder: Failed to subscribe UdpMessageMulticastSocket to multicast group 230.0.0.1 on interface 0.0.0.0
[2026.02.12-16.43.05:894][452]FUdpSocketBuilder: Failed to create and initialize socket UdpMessageMulticastSocket (last error: 0)
[2026.02.12-16.43.05:894][452]LogUdpMessaging: Warning: StartTransport failed to create multicast socket on 0.0.0.0:0, joined to 230.0.0.1:6666 with TTL 1
[2026.02.12-16.43.05:915][453]LogUdpMessaging: Warning: UDP messaging encountered an error. Auto repair routine started for reinitialization
[2026.02.12-16.43.08:112][573]FUdpSocketBuilder: Failed to subscribe UdpMessageMulticastSocket to multicast group 230.0.0.1 on interface 0.0.0.0
[2026.02.12-16.43.08:113][573]FUdpSocketBuilder: Failed to create and initialize socket UdpMessageMulticastSocket (last error: 0)
[2026.02.12-16.43.08:113][573]LogUdpMessaging: Warning: StartTransport failed to create multicast socket on 0.0.0.0:0, joined to 230.0.0.1:6666 with TTL 1
[2026.02.12-16.43.08:204][573]LogUdpMessaging: Warning: UDP messaging encountered an error. Auto repair routine started for reinitialization
[2026.02.12-16.43.10:134][677]FUdpSocketBuilder: Failed to subscribe UdpMessageMulticastSocket to multicast group 230.0.0.1 on interface 0.0.0.0
[2026.02.12-16.43.10:134][677]FUdpSocketBuilder: Failed to create and initialize socket UdpMessageMulticastSocket (last error: 0)
[2026.02.12-16.43.10:134][677]LogUdpMessaging: Warning: StartTransport failed to create multicast socket on 0.0.0.0:0, joined to 230.0.0.1:6666 with TTL 1
[2026.02.12-16.43.10:152][678]LogUdpMessaging: Warning: UDP messaging encountered an error. Auto repair routine started for reinitialization
[2026.02.12-16.43.12:155][785]FUdpSocketBuilder: Failed to subscribe UdpMessageMulticastSocket to multicast group 230.0.0.1 on interface 0.0.0.0
[2026.02.12-16.43.12:156][785]FUdpSocketBuilder: Failed to create and initialize socket UdpMessageMulticastSocket (last error: 0)
[2026.02.12-16.43.12:156][785]LogUdpMessaging: Warning: StartTransport failed to create multicast socket on 0.0.0.0:0, joined to 230.0.0.1:6666 with TTL 1
[2026.02.12-16.43.12:172][786]LogUdpMessaging: Warning: UDP messaging encountered an error. Auto repair routine started for reinitialization
[2026.02.12-16.43.14:174][894]FUdpSocketBuilder: Failed to subscribe UdpMessageMulticastSocket to multicast group 230.0.0.1 on interface 0.0.0.0
[2026.02.12-16.43.14:174][894]FUdpSocketBuilder: Failed to create and initialize socket UdpMessageMulticastSocket (last error: 0)
[2026.02.12-16.43.14:174][894]LogUdpMessaging: Warning: StartTransport failed to create multicast socket on 0.0.0.0:0, joined to 230.0.0.1:6666 with TTL 1
[2026.02.12-16.43.14:266][894]LogUdpMessaging: Warning: UDP messaging encountered an error. Auto repair routine started for reinitialization
[2026.02.12-16.43.16:189][997]FUdpSocketBuilder: Failed to subscribe UdpMessageMulticastSocket to multicast group 230.0.0.1 on interface 0.0.0.0
[2026.02.12-16.43.16:189][997]FUdpSocketBuilder: Failed to create and initialize socket UdpMessageMulticastSocket (last error: 0)
[2026.02.12-16.43.16:189][997]LogUdpMessaging: Warning: StartTransport failed to create multicast socket on 0.0.0.0:0, joined to 230.0.0.1:6666 with TTL 1
[2026.02.12-16.43.16:211][997]LogUdpMessaging: Warning: UDP messaging encountered an error. Auto repair routine started for reinitialization
[2026.02.12-16.43.16:240][997]LogSlate: Prevented a slow task dialog from being summoned while a context menu was open
[2026.02.12-16.43.16:256][997]LogEditorClassViewer: Warning: Class /Engine/Tutorial/InWorldBlueprintEditing/TutorialAssets/IWBE_Blutility.IWBE_Blutility_C has parent /Script/Blutility.PlacedEditorUtilityBase, but this parent is not found. The Class will not be shown in ClassViewer.
[2026.02.12-16.43.18:104][102]FUdpSocketBuilder: Failed to subscribe UdpMessageMulticastSocket to multicast group 230.0.0.1 on interface 0.0.0.0
[2026.02.12-16.43.18:104][102]FUdpSocketBuilder: Failed to create and initialize socket UdpMessageMulticastSocket (last error: 0)
[2026.02.12-16.43.18:104][102]LogUdpMessaging: Warning: StartTransport failed to create multicast socket on 0.0.0.0:0, joined to 230.0.0.1:6666 with TTL 1
[2026.02.12-16.43.18:126][103]LogUdpMessaging: Warning: UDP messaging encountered an error. Auto repair routine started for reinitialization
[2026.02.12-16.43.19:317][162]FUdpSocketBuilder: Failed to subscribe UdpMessageMulticastSocket to multicast group 230.0.0.1 on interface 0.0.0.0
[2026.02.12-16.43.19:317][162]FUdpSocketBuilder: Failed to create and initialize socket UdpMessageMulticastSocket (last error: 0)
[2026.02.12-16.43.19:317][162]LogUdpMessaging: Warning: StartTransport failed to create multicast socket on 0.0.0.0:0, joined to 230.0.0.1:6666 with TTL 1
[2026.02.12-16.43.19:329][162]LogUdpMessaging: Warning: UDP messaging encountered an error. Auto repair routine started for reinitialization
[2026.02.12-16.43.21:331][271]FUdpSocketBuilder: Failed to subscribe UdpMessageMulticastSocket to multicast group 230.0.0.1 on interface 0.0.0.0
[2026.02.12-16.43.21:331][271]FUdpSocketBuilder: Failed to create and initialize socket UdpMessageMulticastSocket (last error: 0)
[2026.02.12-16.43.21:331][271]LogUdpMessaging: Warning: StartTransport failed to create multicast socket on 0.0.0.0:0, joined to 230.0.0.1:6666 with TTL 1
[2026.02.12-16.43.21:347][272]LogUdpMessaging: Warning: UDP messaging encountered an error. Auto repair routine started for reinitialization
[2026.02.12-16.43.21:896][304]BlueprintLog: New page: Compile BP_PLAYER
[2026.02.12-16.43.21:950][304]LogUObjectHash: Compacting FUObjectHashTables data took   2.09ms
[2026.02.12-16.43.23:348][374]FUdpSocketBuilder: Failed to subscribe UdpMessageMulticastSocket to multicast group 230.0.0.1 on interface 0.0.0.0
[2026.02.12-16.43.23:348][374]FUdpSocketBuilder: Failed to create and initialize socket UdpMessageMulticastSocket (last error: 0)
[2026.02.12-16.43.23:348][374]LogUdpMessaging: Warning: StartTransport failed to create multicast socket on 0.0.0.0:0, joined to 230.0.0.1:6666 with TTL 1
[2026.02.12-16.43.23:367][375]LogUdpMessaging: Warning: UDP messaging encountered an error. Auto repair routine started for reinitialization
[2026.02.12-16.43.25:367][483]FUdpSocketBuilder: Failed to subscribe UdpMessageMulticastSocket to multicast group 230.0.0.1 on interface 0.0.0.0
[2026.02.12-16.43.25:367][483]FUdpSocketBuilder: Failed to create and initialize socket UdpMessageMulticastSocket (last error: 0)
[2026.02.12-16.43.25:367][483]LogUdpMessaging: Warning: StartTransport failed to create multicast socket on 0.0.0.0:0, joined to 230.0.0.1:6666 with TTL 1
[2026.02.12-16.43.25:397][483]LogUdpMessaging: Warning: UDP messaging encountered an error. Auto repair routine started for reinitialization
[2026.02.12-16.43.25:807][506]LogTemp: Repeating last play command: Selected Viewport
[2026.02.12-16.43.25:824][506]LogPlayLevel: PlayLevel: No blueprints needed recompiling
[2026.02.12-16.43.25:824][506]PIE: New page: PIE session: Main (12 lut 2026, 18:43:25)
[2026.02.12-16.43.25:824][506]LogPlayLevel: Creating play world package: /Game/Levels/UEDPIE_0_Main
[2026.02.12-16.43.25:827][506]LogPlayLevel: PIE: StaticDuplicateObject took: (0.003423s)
[2026.02.12-16.43.25:828][506]LogAIModule: Creating AISystem for world Main
[2026.02.12-16.43.25:828][506]LogPlayLevel: PIE: World Init took: (0.001014s)
[2026.02.12-16.43.25:828][506]LogPlayLevel: PIE: Created PIE world by copying editor world from /Game/Levels/Main.Main to /Game/Levels/UEDPIE_0_Main.Main (0.004544s)
[2026.02.12-16.43.25:853][506]LogUObjectHash: Compacting FUObjectHashTables data took   2.19ms
[2026.02.12-16.43.25:854][506]LogAudio: Display: Creating Audio Device:                 Id: 20, Scope: Unique, Realtime: True
[2026.02.12-16.43.25:854][506]LogAudioMixer: Display: Audio Mixer Platform Settings:
[2026.02.12-16.43.25:854][506]LogAudioMixer: Display: 	Sample Rate:						  48000
[2026.02.12-16.43.25:854][506]LogAudioMixer: Display: 	Callback Buffer Frame Size Requested: 1024
[2026.02.12-16.43.25:854][506]LogAudioMixer: Display: 	Callback Buffer Frame Size To Use:	  1024
[2026.02.12-16.43.25:854][506]LogAudioMixer: Display: 	Number of buffers to queue:			  2
[2026.02.12-16.43.25:854][506]LogAudioMixer: Display: 	Max Channels (voices):				  32
[2026.02.12-16.43.25:854][506]LogAudioMixer: Display: 	Number of Async Source Workers:		  0
[2026.02.12-16.43.25:854][506]LogAudio: Display: AudioDevice MaxSources: 32
[2026.02.12-16.43.25:854][506]LogAudio: Display: Audio Spatialization Plugin: None (built-in).
[2026.02.12-16.43.25:854][506]LogAudio: Display: Audio Reverb Plugin: None (built-in).
[2026.02.12-16.43.25:854][506]LogAudio: Display: Audio Occlusion Plugin: None (built-in).
[2026.02.12-16.43.25:854][506]LogAudioMixer: Display: Initializing audio mixer.
[2026.02.12-16.43.25:857][506]LogAudioMixer: Display: 0: FrontLeft
[2026.02.12-16.43.25:858][506]LogAudioMixer: Display: 1: FrontRight
[2026.02.12-16.43.25:866][506]LogAudioMixer: Display: Using Audio Device Speakers (USB Audio Device)
[2026.02.12-16.43.25:866][506]LogAudioMixer: Display: Initializing Sound Submixes...
[2026.02.12-16.43.25:866][506]LogAudioMixer: Display: Creating Master Submix 'MasterSubmixDefault'
[2026.02.12-16.43.25:866][506]LogAudioMixer: Display: Creating Master Submix 'MasterReverbSubmixDefault'
[2026.02.12-16.43.25:867][506]LogAudioMixer: Display: Creating Master Submix 'MasterEQSubmixDefault'
[2026.02.12-16.43.25:867][506]LogAudioMixer: FMixerPlatformXAudio2::StartAudioStream() called
[2026.02.12-16.43.25:867][506]LogAudioMixer: Display: Output buffers initialized: Frames=1024, Channels=2, Samples=2048
[2026.02.12-16.43.25:867][506]LogAudioMixer: Display: Starting AudioMixerPlatformInterface::RunInternal()
[2026.02.12-16.43.25:867][506]LogAudioMixer: Display: FMixerPlatformXAudio2::SubmitBuffer() called for the first time
[2026.02.12-16.43.25:867][506]LogInit: FAudioDevice initialized.
[2026.02.12-16.43.25:867][506]LogAudio: Display: Audio Device (ID: 20) registered with world 'Main'.
[2026.02.12-16.43.25:879][506]LogLoad: Game class is 'BP_GameMode_01_C'
[2026.02.12-16.43.25:880][506]LogWorld: Bringing World /Game/Levels/UEDPIE_0_Main.Main up for play (max tick rate 60) at 2026.02.12-17.43.25
[2026.02.12-16.43.25:880][506]LogWorld: Bringing up level for play took: 0.000916
[2026.02.12-16.43.25:880][506]LogOnline: OSS: Creating online subsystem instance for: :Context_32
[2026.02.12-16.43.25:884][506]PIE: Server logged in
[2026.02.12-16.43.25:885][506]PIE: Play in editor total start time 0,062 seconds.
[2026.02.12-16.43.27:386][585]FUdpSocketBuilder: Failed to subscribe UdpMessageMulticastSocket to multicast group 230.0.0.1 on interface 0.0.0.0
[2026.02.12-16.43.27:386][585]FUdpSocketBuilder: Failed to create and initialize socket UdpMessageMulticastSocket (last error: 0)
[2026.02.12-16.43.27:386][585]LogUdpMessaging: Warning: StartTransport failed to create multicast socket on 0.0.0.0:0, joined to 230.0.0.1:6666 with TTL 1
[2026.02.12-16.43.27:408][586]LogUdpMessaging: Warning: UDP messaging encountered an error. Auto repair routine started for reinitialization
[2026.02.12-16.43.29:604][706]FUdpSocketBuilder: Failed to subscribe UdpMessageMulticastSocket to multicast group 230.0.0.1 on interface 0.0.0.0
[2026.02.12-16.43.29:604][706]FUdpSocketBuilder: Failed to create and initialize socket UdpMessageMulticastSocket (last error: 0)
[2026.02.12-16.43.29:604][706]LogUdpMessaging: Warning: StartTransport failed to create multicast socket on 0.0.0.0:0, joined to 230.0.0.1:6666 with TTL 1
[2026.02.12-16.43.29:626][707]LogUdpMessaging: Warning: UDP messaging encountered an error. Auto repair routine started for reinitialization
[2026.02.12-16.43.31:723][827]FUdpSocketBuilder: Failed to subscribe UdpMessageMulticastSocket to multicast group 230.0.0.1 on interface 0.0.0.0
[2026.02.12-16.43.31:723][827]FUdpSocketBuilder: Failed to create and initialize socket UdpMessageMulticastSocket (last error: 0)
[2026.02.12-16.43.31:723][827]LogUdpMessaging: Warning: StartTransport failed to create multicast socket on 0.0.0.0:0, joined to 230.0.0.1:6666 with TTL 1
[2026.02.12-16.43.31:743][828]LogUdpMessaging: Warning: UDP messaging encountered an error. Auto repair routine started for reinitialization
[2026.02.12-16.43.33:741][941]FUdpSocketBuilder: Failed to subscribe UdpMessageMulticastSocket to multicast group 230.0.0.1 on interface 0.0.0.0
[2026.02.12-16.43.33:741][941]FUdpSocketBuilder: Failed to create and initialize socket UdpMessageMulticastSocket (last error: 0)
[2026.02.12-16.43.33:741][941]LogUdpMessaging: Warning: StartTransport failed to create multicast socket on 0.0.0.0:0, joined to 230.0.0.1:6666 with TTL 1
[2026.02.12-16.43.33:762][942]LogUdpMessaging: Warning: UDP messaging encountered an error. Auto repair routine started for reinitialization
[2026.02.12-16.43.35:957][ 62]FUdpSocketBuilder: Failed to subscribe UdpMessageMulticastSocket to multicast group 230.0.0.1 on interface 0.0.0.0
[2026.02.12-16.43.35:957][ 62]FUdpSocketBuilder: Failed to create and initialize socket UdpMessageMulticastSocket (last error: 0)
[2026.02.12-16.43.35:957][ 62]LogUdpMessaging: Warning: StartTransport failed to create multicast socket on 0.0.0.0:0, joined to 230.0.0.1:6666 with TTL 1
[2026.02.12-16.43.35:975][ 62]LogUdpMessaging: Warning: UDP messaging encountered an error. Auto repair routine started for reinitialization
[2026.02.12-16.43.37:872][170]FUdpSocketBuilder: Failed to subscribe UdpMessageMulticastSocket to multicast group 230.0.0.1 on interface 0.0.0.0
[2026.02.12-16.43.37:872][170]FUdpSocketBuilder: Failed to create and initialize socket UdpMessageMulticastSocket (last error: 0)
[2026.02.12-16.43.37:872][170]LogUdpMessaging: Warning: StartTransport failed to create multicast socket on 0.0.0.0:0, joined to 230.0.0.1:6666 with TTL 1
[2026.02.12-16.43.37:893][171]LogUdpMessaging: Warning: UDP messaging encountered an error. Auto repair routine started for reinitialization
[2026.02.12-16.43.39:991][291]FUdpSocketBuilder: Failed to subscribe UdpMessageMulticastSocket to multicast group 230.0.0.1 on interface 0.0.0.0
[2026.02.12-16.43.39:991][291]FUdpSocketBuilder: Failed to create and initialize socket UdpMessageMulticastSocket (last error: 0)
[2026.02.12-16.43.39:992][291]LogUdpMessaging: Warning: StartTransport failed to create multicast socket on 0.0.0.0:0, joined to 230.0.0.1:6666 with TTL 1
[2026.02.12-16.43.40:012][292]LogUdpMessaging: Warning: UDP messaging encountered an error. Auto repair routine started for reinitialization
[2026.02.12-16.43.42:012][412]FUdpSocketBuilder: Failed to subscribe UdpMessageMulticastSocket to multicast group 230.0.0.1 on interface 0.0.0.0
[2026.02.12-16.43.42:012][412]FUdpSocketBuilder: Failed to create and initialize socket UdpMessageMulticastSocket (last error: 0)
[2026.02.12-16.43.42:012][412]LogUdpMessaging: Warning: StartTransport failed to create multicast socket on 0.0.0.0:0, joined to 230.0.0.1:6666 with TTL 1
[2026.02.12-16.43.42:036][413]LogUdpMessaging: Warning: UDP messaging encountered an error. Auto repair routine started for reinitialization
[2026.02.12-16.43.44:132][533]FUdpSocketBuilder: Failed to subscribe UdpMessageMulticastSocket to multicast group 230.0.0.1 on interface 0.0.0.0
[2026.02.12-16.43.44:132][533]FUdpSocketBuilder: Failed to create and initialize socket UdpMessageMulticastSocket (last error: 0)
[2026.02.12-16.43.44:132][533]LogUdpMessaging: Warning: StartTransport failed to create multicast socket on 0.0.0.0:0, joined to 230.0.0.1:6666 with TTL 1
[2026.02.12-16.43.44:151][534]LogUdpMessaging: Warning: UDP messaging encountered an error. Auto repair routine started for reinitialization
[2026.02.12-16.43.46:150][647]FUdpSocketBuilder: Failed to subscribe UdpMessageMulticastSocket to multicast group 230.0.0.1 on interface 0.0.0.0
[2026.02.12-16.43.46:150][647]FUdpSocketBuilder: Failed to create and initialize socket UdpMessageMulticastSocket (last error: 0)
[2026.02.12-16.43.46:150][647]LogUdpMessaging: Warning: StartTransport failed to create multicast socket on 0.0.0.0:0, joined to 230.0.0.1:6666 with TTL 1
[2026.02.12-16.43.46:172][648]LogUdpMessaging: Warning: UDP messaging encountered an error. Auto repair routine started for reinitialization
[2026.02.12-16.43.48:272][768]FUdpSocketBuilder: Failed to subscribe UdpMessageMulticastSocket to multicast group 230.0.0.1 on interface 0.0.0.0
[2026.02.12-16.43.48:272][768]FUdpSocketBuilder: Failed to create and initialize socket UdpMessageMulticastSocket (last error: 0)
[2026.02.12-16.43.48:272][768]LogUdpMessaging: Warning: StartTransport failed to create multicast socket on 0.0.0.0:0, joined to 230.0.0.1:6666 with TTL 1
[2026.02.12-16.43.48:293][769]LogUdpMessaging: Warning: UDP messaging encountered an error. Auto repair routine started for reinitialization
[2026.02.12-16.43.50:388][889]FUdpSocketBuilder: Failed to subscribe UdpMessageMulticastSocket to multicast group 230.0.0.1 on interface 0.0.0.0
[2026.02.12-16.43.50:388][889]FUdpSocketBuilder: Failed to create and initialize socket UdpMessageMulticastSocket (last error: 0)
[2026.02.12-16.43.50:388][889]LogUdpMessaging: Warning: StartTransport failed to create multicast socket on 0.0.0.0:0, joined to 230.0.0.1:6666 with TTL 1
[2026.02.12-16.43.50:404][890]LogUdpMessaging: Warning: UDP messaging encountered an error. Auto repair routine started for reinitialization
[2026.02.12-16.43.50:618][900]LogSlate: Updating window title bar state: overlay mode, drag disabled, window buttons hidden, title bar hidden
[2026.02.12-16.43.50:618][900]LogWorld: BeginTearingDown for /Game/Levels/UEDPIE_0_Main
[2026.02.12-16.43.50:618][900]LogWorld: UWorld::CleanupWorld for Main, bSessionEnded=true, bCleanupResources=true
[2026.02.12-16.43.50:618][900]LogSlate: InvalidateAllWidgets triggered.  All widgets were invalidated
[2026.02.12-16.43.50:631][900]LogPlayLevel: Display: Shutting down PIE online subsystems
[2026.02.12-16.43.50:634][900]LogSlate: InvalidateAllWidgets triggered.  All widgets were invalidated
[2026.02.12-16.43.50:663][900]LogAudio: Display: Audio Device unregistered from world 'None'.
[2026.02.12-16.43.50:664][900]LogAudioMixer: FMixerPlatformXAudio2::StopAudioStream() called
[2026.02.12-16.43.50:664][900]LogAudioMixer: FMixerPlatformXAudio2::StopAudioStream() called
[2026.02.12-16.43.50:666][900]LogSlate: Updating window title bar state: overlay mode, drag disabled, window buttons hidden, title bar hidden
[2026.02.12-16.43.50:669][900]LogUObjectHash: Compacting FUObjectHashTables data took   2.28ms
[2026.02.12-16.43.50:684][901]LogPlayLevel: Display: Destroying online subsystem :Context_32
[2026.02.12-16.43.52:239][991]Cmd: OBJ SAVEPACKAGE PACKAGE="/Game/Levels/Main" FILE="../../../../../Repozytoria/UE 4.27/KZ_TopDownShooter/TopDownAC/Content/Levels/Main.umap" SILENT=true AUTOSAVING=false KEEPDIRTY=false
[2026.02.12-16.43.52:256][991]LogUObjectHash: Compacting FUObjectHashTables data took   2.07ms
[2026.02.12-16.43.52:264][991]LogSavePackage: Moving '../../../../../Repozytoria/UE 4.27/KZ_TopDownShooter/TopDownAC/Saved/MainAABC77324D548EE64016A08274B5E06D.tmp' to '../../../../../Repozytoria/UE 4.27/KZ_TopDownShooter/TopDownAC/Content/Levels/Main.umap'
[2026.02.12-16.43.52:293][991]AssetCheck: New page: Asset Save: Main
[2026.02.12-16.43.52:293][991]LogContentValidation: Display: Validating World /Game/Levels/Main.Main
[2026.02.12-16.43.52:509][993]FUdpSocketBuilder: Failed to subscribe UdpMessageMulticastSocket to multicast group 230.0.0.1 on interface 0.0.0.0
[2026.02.12-16.43.52:509][993]FUdpSocketBuilder: Failed to create and initialize socket UdpMessageMulticastSocket (last error: 0)
[2026.02.12-16.43.52:509][993]LogUdpMessaging: Warning: StartTransport failed to create multicast socket on 0.0.0.0:0, joined to 230.0.0.1:6666 with TTL 1
[2026.02.12-16.43.52:527][993]LogUdpMessaging: Warning: UDP messaging encountered an error. Auto repair routine started for reinitialization
[2026.02.12-16.43.54:199][ 93]LogWorld: UWorld::CleanupWorld for World_3, bSessionEnded=true, bCleanupResources=true
[2026.02.12-16.43.54:199][ 93]LogSlate: InvalidateAllWidgets triggered.  All widgets were invalidated
[2026.02.12-16.43.54:528][ 99]FUdpSocketBuilder: Failed to subscribe UdpMessageMulticastSocket to multicast group 230.0.0.1 on interface 0.0.0.0
[2026.02.12-16.43.54:528][ 99]FUdpSocketBuilder: Failed to create and initialize socket UdpMessageMulticastSocket (last error: 0)
[2026.02.12-16.43.54:528][ 99]LogUdpMessaging: Warning: StartTransport failed to create multicast socket on 0.0.0.0:0, joined to 230.0.0.1:6666 with TTL 1
[2026.02.12-16.43.54:548][100]LogUdpMessaging: Warning: UDP messaging encountered an error. Auto repair routine started for reinitialization
[2026.02.12-16.43.54:637][103]LogActorComponent: UnregisterComponent: (/Engine/Transient.EditorFloorComp) Not registered. Aborting.
[2026.02.12-16.43.54:637][103]LogWorld: UWorld::CleanupWorld for World_9, bSessionEnded=true, bCleanupResources=true
[2026.02.12-16.43.54:637][103]LogSlate: InvalidateAllWidgets triggered.  All widgets were invalidated
[2026.02.12-16.43.54:989][121]LogActorComponent: UnregisterComponent: (/Engine/Transient.EditorFloorComp) Not registered. Aborting.
[2026.02.12-16.43.54:989][121]LogWorld: UWorld::CleanupWorld for World_10, bSessionEnded=true, bCleanupResources=true
[2026.02.12-16.43.54:989][121]LogSlate: InvalidateAllWidgets triggered.  All widgets were invalidated
[2026.02.12-16.43.55:367][141]LogWorld: UWorld::CleanupWorld for World_12, bSessionEnded=true, bCleanupResources=true
[2026.02.12-16.43.55:367][141]LogSlate: InvalidateAllWidgets triggered.  All widgets were invalidated
[2026.02.12-16.43.55:376][141]LogWorld: UWorld::CleanupWorld for World_11, bSessionEnded=true, bCleanupResources=true
[2026.02.12-16.43.55:376][141]LogSlate: InvalidateAllWidgets triggered.  All widgets were invalidated
[2026.02.12-16.43.55:738][151]FUdpSocketBuilder: Failed to subscribe UdpMessageMulticastSocket to multicast group 230.0.0.1 on interface 0.0.0.0
[2026.02.12-16.43.55:738][151]FUdpSocketBuilder: Failed to create and initialize socket UdpMessageMulticastSocket (last error: 0)
[2026.02.12-16.43.55:738][151]LogUdpMessaging: Warning: StartTransport failed to create multicast socket on 0.0.0.0:0, joined to 230.0.0.1:6666 with TTL 1
[2026.02.12-16.43.55:766][152]LogUdpMessaging: Warning: UDP messaging encountered an error. Auto repair routine started for reinitialization
[2026.02.12-16.43.56:289][181]LogUObjectHash: Compacting FUObjectHashTables data took   1.89ms
[2026.02.12-16.43.58:064][181]LogSlate: Window 'Save Content' being destroyed
[2026.02.12-16.43.58:124][181]Cmd: OBJ SAVEPACKAGE PACKAGE="/Game/BluePrintClass/BP_GameMode_01" FILE="../../../../../Repozytoria/UE 4.27/KZ_TopDownShooter/TopDownAC/Content/BluePrintClass/BP_GameMode_01.uasset" SILENT=true
[2026.02.12-16.43.58:142][181]LogSavePackage: Moving '../../../../../Repozytoria/UE 4.27/KZ_TopDownShooter/TopDownAC/Saved/BP_GameMode_01A6A84D6246D3B6D843F1769FB1ADD1D7.tmp' to '../../../../../Repozytoria/UE 4.27/KZ_TopDownShooter/TopDownAC/Content/BluePrintClass/BP_GameMode_01.uasset'
[2026.02.12-16.43.58:168][181]Cmd: OBJ SAVEPACKAGE PACKAGE="/Game/BluePrintClass/BP_PLAYER" FILE="../../../../../Repozytoria/UE 4.27/KZ_TopDownShooter/TopDownAC/Content/BluePrintClass/BP_PLAYER.uasset" SILENT=true
[2026.02.12-16.43.58:204][181]LogSavePackage: Moving '../../../../../Repozytoria/UE 4.27/KZ_TopDownShooter/TopDownAC/Saved/BP_PLAYERDEE508C540E1D6BE5D3E86A3D651FE02.tmp' to '../../../../../Repozytoria/UE 4.27/KZ_TopDownShooter/TopDownAC/Content/BluePrintClass/BP_PLAYER.uasset'
[2026.02.12-16.43.58:231][181]Cmd: OBJ SAVEPACKAGE PACKAGE="/Game/BluePrintClass/BP_Spider" FILE="../../../../../Repozytoria/UE 4.27/KZ_TopDownShooter/TopDownAC/Content/BluePrintClass/BP_Spider.uasset" SILENT=true
[2026.02.12-16.43.58:259][181]LogSavePackage: Moving '../../../../../Repozytoria/UE 4.27/KZ_TopDownShooter/TopDownAC/Saved/BP_Spider8BD8A66A4D534B38C508F497D906D6E9.tmp' to '../../../../../Repozytoria/UE 4.27/KZ_TopDownShooter/TopDownAC/Content/BluePrintClass/BP_Spider.uasset'
[2026.02.12-16.43.58:260][181]Cmd: OBJ SAVEPACKAGE PACKAGE="/Game/BluePrintClass/W_PlayerHUD" FILE="../../../../../Repozytoria/UE 4.27/KZ_TopDownShooter/TopDownAC/Content/BluePrintClass/W_PlayerHUD.uasset" SILENT=true
[2026.02.12-16.43.58:268][181]LogSavePackage: Moving '../../../../../Repozytoria/UE 4.27/KZ_TopDownShooter/TopDownAC/Saved/W_PlayerHUD8265A6634EC6B3D0A965548A0401F6C5.tmp' to '../../../../../Repozytoria/UE 4.27/KZ_TopDownShooter/TopDownAC/Content/BluePrintClass/W_PlayerHUD.uasset'
[2026.02.12-16.43.58:318][181]LogSlate: Window 'TopDownAC - Unreal Editor' being destroyed
[2026.02.12-16.43.58:449][181]AssetCheck: New page: Asset Save: multiple assets
[2026.02.12-16.43.58:449][181]LogContentValidation: Display: Validating Blueprint /Game/BluePrintClass/BP_PLAYER.BP_PLAYER
[2026.02.12-16.43.58:449][181]LogContentValidation: Display: Validating Blueprint /Game/BluePrintClass/BP_Spider.BP_Spider
[2026.02.12-16.43.58:449][181]LogContentValidation: Display: Validating Blueprint /Game/BluePrintClass/BP_GameMode_01.BP_GameMode_01
[2026.02.12-16.43.58:449][181]LogContentValidation: Display: Validating WidgetBlueprint /Game/BluePrintClass/W_PlayerHUD.W_PlayerHUD
[2026.02.12-16.43.58:451][182]Cmd: QUIT_EDITOR
[2026.02.12-16.43.58:451][182]LogCore: Engine exit requested (reason: UUnrealEdEngine::CloseEditor())
[2026.02.12-16.43.58:453][182]LogCore: Engine exit requested (reason: EngineExit() was called; note: exit was already requested)
[2026.02.12-16.43.58:741][182]LogAudio: Display: Beginning Audio Device Manager Shutdown (Module: AudioMixerXAudio2)...
[2026.02.12-16.43.58:741][182]LogAudio: Display: Destroying 1 Remaining Audio Device(s)...
[2026.02.12-16.43.58:741][182]LogAudio: Display: Audio Device unregistered from world 'Main'.
[2026.02.12-16.43.58:741][182]LogAudioMixer: FMixerPlatformXAudio2::StopAudioStream() called
[2026.02.12-16.43.58:743][182]LogAudioMixer: FMixerPlatformXAudio2::StopAudioStream() called
[2026.02.12-16.43.58:747][182]LogAudio: Display: Audio Device Manager Shutdown
[2026.02.12-16.43.58:747][182]LogWindowsTextInputMethodSystem: Display: IME system deactivated.
[2026.02.12-16.43.58:754][182]LogExit: Preparing to exit.
[2026.02.12-16.43.58:797][182]LogUObjectHash: Compacting FUObjectHashTables data took   2.03ms
[2026.02.12-16.43.58:874][182]LogWorld: UWorld::CleanupWorld for World_7, bSessionEnded=true, bCleanupResources=true
[2026.02.12-16.43.58:876][182]LogWorld: UWorld::CleanupWorld for World_8, bSessionEnded=true, bCleanupResources=true
[2026.02.12-16.43.58:877][182]LogWorld: UWorld::CleanupWorld for World_0, bSessionEnded=true, bCleanupResources=true
[2026.02.12-16.43.58:878][182]LogWorld: UWorld::CleanupWorld for World_1, bSessionEnded=true, bCleanupResources=true
[2026.02.12-16.43.58:880][182]LogWorld: UWorld::CleanupWorld for World_4, bSessionEnded=true, bCleanupResources=true
[2026.02.12-16.43.58:881][182]LogWorld: UWorld::CleanupWorld for World_6, bSessionEnded=true, bCleanupResources=true
[2026.02.12-16.43.58:882][182]LogWorld: UWorld::CleanupWorld for World_5, bSessionEnded=true, bCleanupResources=true
[2026.02.12-16.43.58:923][182]LogDemo: Cleaned up 0 splitscreen connections with owner deletion
[2026.02.12-16.43.58:932][182]LogWorld: UWorld::CleanupWorld for None, bSessionEnded=true, bCleanupResources=true
[2026.02.12-16.43.58:932][182]LogExit: Editor shut down
[2026.02.12-16.43.58:932][182]LogExit: Transaction tracking system shut down
[2026.02.12-16.43.59:154][182]LogExit: Object subsystem successfully closed.
[2026.02.12-16.43.59:184][182]LogShaderCompilers: Display: === FShaderJobCache stats ===
[2026.02.12-16.43.59:184][182]LogShaderCompilers: Display: Total job queries 0, among them cache hits 0 (0.00%)
[2026.02.12-16.43.59:184][182]LogShaderCompilers: Display: Tracking 0 distinct input hashes that result in 0 distinct outputs (0.00%)
[2026.02.12-16.43.59:184][182]LogShaderCompilers: Display: RAM used: 0.00 MB (0.00 GB) of 1638.40 MB (1.60 GB) budget. Usage: 0.00%
[2026.02.12-16.43.59:184][182]LogShaderCompilers: Display: ================================================
[2026.02.12-16.43.59:200][182]LogShaderCompilers: Display: Shaders left to compile 0
[2026.02.12-16.43.59:210][182]LogModuleManager: Shutting down and abandoning module SequencerWidgets (878)
[2026.02.12-16.43.59:210][182]LogModuleManager: Shutting down and abandoning module BlueprintGraph (876)
[2026.02.12-16.43.59:210][182]LogModuleManager: Shutting down and abandoning module MovieSceneCapture (874)
[2026.02.12-16.43.59:210][182]LogModuleManager: Shutting down and abandoning module Voice (872)
[2026.02.12-16.43.59:210][182]LogModuleManager: Shutting down and abandoning module HierarchicalLODOutliner (870)
[2026.02.12-16.43.59:210][182]LogModuleManager: Shutting down and abandoning module AddContentDialog (868)
[2026.02.12-16.43.59:211][182]LogModuleManager: Shutting down and abandoning module WidgetCarousel (867)
[2026.02.12-16.43.59:211][182]LogModuleManager: Shutting down and abandoning module EditorWidgets (864)
[2026.02.12-16.43.59:211][182]LogModuleManager: Shutting down and abandoning module SceneOutliner (862)
[2026.02.12-16.43.59:211][182]LogModuleManager: Shutting down and abandoning module StatsViewer (860)
[2026.02.12-16.43.59:211][182]LogModuleManager: Shutting down and abandoning module PIEPreviewDeviceProfileSelector (858)
[2026.02.12-16.43.59:211][182]LogModuleManager: Shutting down and abandoning module SequenceRecorderSections (856)
[2026.02.12-16.43.59:211][182]LogModuleManager: Shutting down and abandoning module AutomationWorker (854)
[2026.02.12-16.43.59:211][182]LogModuleManager: Shutting down and abandoning module SteamVREditor (852)
[2026.02.12-16.43.59:211][182]LogModuleManager: Shutting down and abandoning module OculusMR (850)
[2026.02.12-16.43.59:211][182]LogModuleManager: Shutting down and abandoning module TakeRecorderSources (848)
[2026.02.12-16.43.59:211][182]LogModuleManager: Shutting down and abandoning module TakeRecorder (847)
[2026.02.12-16.43.59:211][182]LogModuleManager: Shutting down and abandoning module TakeTrackRecorders (844)
[2026.02.12-16.43.59:211][182]LogModuleManager: Shutting down and abandoning module TakesCore (842)
[2026.02.12-16.43.59:211][182]LogModuleManager: Shutting down and abandoning module GooglePADEditor (840)
[2026.02.12-16.43.59:211][182]LogModuleManager: Shutting down and abandoning module OpenXRInput (838)
[2026.02.12-16.43.59:211][182]LogModuleManager: Shutting down and abandoning module AudioCaptureEditor (836)
[2026.02.12-16.43.59:211][182]LogModuleManager: Shutting down and abandoning module TemplateSequenceEditor (834)
[2026.02.12-16.43.59:211][182]LogModuleManager: Shutting down and abandoning module MatineeToLevelSequence (832)
[2026.02.12-16.43.59:211][182]LogModuleManager: Shutting down and abandoning module LevelSequenceEditor (830)
[2026.02.12-16.43.59:211][182]LogModuleManager: Shutting down and abandoning module ActorSequenceEditor (828)
[2026.02.12-16.43.59:211][182]LogModuleManager: Shutting down and abandoning module WmfMediaFactory (826)
[2026.02.12-16.43.59:211][182]LogModuleManager: Shutting down and abandoning module WmfMediaEditor (824)
[2026.02.12-16.43.59:211][182]LogModuleManager: Shutting down and abandoning module WebMMediaFactory (822)
[2026.02.12-16.43.59:211][182]LogModuleManager: Shutting down and abandoning module WebMMediaEditor (820)
[2026.02.12-16.43.59:211][182]LogModuleManager: Shutting down and abandoning module WebMMedia (818)
[2026.02.12-16.43.59:211][182]LogModuleManager: Shutting down and abandoning module MediaCompositingEditor (816)
[2026.02.12-16.43.59:211][182]LogModuleManager: Shutting down and abandoning module SequenceRecorder (815)
[2026.02.12-16.43.59:211][182]LogModuleManager: Shutting down and abandoning module MediaPlayerEditor (812)
[2026.02.12-16.43.59:211][182]LogModuleManager: Shutting down and abandoning module OpenExrWrapper (810)
[2026.02.12-16.43.59:211][182]LogModuleManager: Shutting down and abandoning module ImgMediaFactory (808)
[2026.02.12-16.43.59:211][182]LogModuleManager: Shutting down and abandoning module ImgMediaEditor (806)
[2026.02.12-16.43.59:211][182]LogModuleManager: Shutting down and abandoning module AvfMediaFactory (804)
[2026.02.12-16.43.59:211][182]LogModuleManager: Shutting down and abandoning module AvfMediaEditor (802)
[2026.02.12-16.43.59:211][182]LogModuleManager: Shutting down and abandoning module AndroidMediaFactory (800)
[2026.02.12-16.43.59:211][182]LogModuleManager: Shutting down and abandoning module AndroidMediaEditor (798)
[2026.02.12-16.43.59:211][182]LogModuleManager: Shutting down and abandoning module MagicLeapMediaCodecFactory (796)
[2026.02.12-16.43.59:211][182]LogModuleManager: Shutting down and abandoning module MagicLeapMediaFactory (794)
[2026.02.12-16.43.59:211][182]LogModuleManager: Shutting down and abandoning module MagicLeapMediaEditor (792)
[2026.02.12-16.43.59:211][182]LogModuleManager: Shutting down and abandoning module TextureAlignMode (790)
[2026.02.12-16.43.59:211][182]LogModuleManager: Shutting down and abandoning module BspMode (788)
[2026.02.12-16.43.59:211][182]LogModuleManager: Shutting down and abandoning module GeometryMode (786)
[2026.02.12-16.43.59:211][182]LogModuleManager: Shutting down and abandoning module PlanarCut (784)
[2026.02.12-16.43.59:211][182]LogModuleManager: Shutting down and abandoning module CharacterAI (782)
[2026.02.12-16.43.59:211][182]LogModuleManager: Shutting down and abandoning module CameraShakePreviewer (780)
[2026.02.12-16.43.59:211][182]LogModuleManager: Shutting down and abandoning module SmartSnapping (778)
[2026.02.12-16.43.59:211][182]LogModuleManager: Shutting down and abandoning module SessionServices (776)
[2026.02.12-16.43.59:211][182]LogModuleManager: Shutting down and abandoning module MeshPaint (774)
[2026.02.12-16.43.59:211][182]LogModuleManager: Shutting down and abandoning module VirtualTexturingEditor (772)
[2026.02.12-16.43.59:211][182]LogModuleManager: Shutting down and abandoning module FoliageEdit (770)
[2026.02.12-16.43.59:211][182]LogModuleManager: Shutting down and abandoning module LandscapeEditor (768)
[2026.02.12-16.43.59:211][182]LogModuleManager: Shutting down and abandoning module MeshPaintMode (766)
[2026.02.12-16.43.59:212][182]LogModuleManager: Shutting down and abandoning module SceneDepthPickerMode (764)
[2026.02.12-16.43.59:212][182]LogModuleManager: Shutting down and abandoning module ActorPickerMode (762)
[2026.02.12-16.43.59:212][182]LogModuleManager: Shutting down and abandoning module PlacementMode (760)
[2026.02.12-16.43.59:212][182]LogModuleManager: Shutting down and abandoning module ViewportSnapping (758)
[2026.02.12-16.43.59:212][182]LogModuleManager: Shutting down and abandoning module ViewportInteraction (756)
[2026.02.12-16.43.59:212][182]LogModuleManager: Shutting down and abandoning module ClothPainter (754)
[2026.02.12-16.43.59:212][182]LogModuleManager: Shutting down and abandoning module SkeletalMeshEditor (753)
[2026.02.12-16.43.59:212][182]LogModuleManager: Shutting down and abandoning module LogVisualizer (750)
[2026.02.12-16.43.59:212][182]LogModuleManager: Shutting down and abandoning module IntroTutorials (748)
[2026.02.12-16.43.59:212][182]LogModuleManager: Shutting down and abandoning module GameProjectGeneration (747)
[2026.02.12-16.43.59:212][182]LogModuleManager: Shutting down and abandoning module LuminPlatformEditor (744)
[2026.02.12-16.43.59:212][182]LogModuleManager: Shutting down and abandoning module IOSPlatformEditor (742)
[2026.02.12-16.43.59:212][182]LogModuleManager: Shutting down and abandoning module AndroidPlatformEditor (740)
[2026.02.12-16.43.59:212][182]LogModuleManager: Shutting down and abandoning module AndroidDeviceDetection (739)
[2026.02.12-16.44.01:140][182]LogModuleManager: Shutting down and abandoning module WindowsPlatformEditor (736)
[2026.02.12-16.44.01:140][182]LogModuleManager: Shutting down and abandoning module LuminRuntimeSettings (734)
[2026.02.12-16.44.01:140][182]LogModuleManager: Shutting down and abandoning module IOSRuntimeSettings (732)
[2026.02.12-16.44.01:140][182]LogModuleManager: Shutting down and abandoning module AndroidRuntimeSettings (730)
[2026.02.12-16.44.01:140][182]LogModuleManager: Shutting down and abandoning module TraceInsights (728)
[2026.02.12-16.44.01:140][182]MemoryProfiler: Shutdown
[2026.02.12-16.44.01:140][182]NetworkingProfiler: Shutdown
[2026.02.12-16.44.01:140][182]LoadingProfiler: Shutdown
[2026.02.12-16.44.01:140][182]TimingProfiler: Shutdown
[2026.02.12-16.44.01:140][182]LogModuleManager: Shutting down and abandoning module TraceServices (727)
[2026.02.12-16.44.01:140][182]LogModuleManager: Shutting down and abandoning module EditorInteractiveToolsFramework (724)
[2026.02.12-16.44.01:140][182]LogModuleManager: Shutting down and abandoning module TimeManagementEditor (722)
[2026.02.12-16.44.01:140][182]LogModuleManager: Shutting down and abandoning module InputBindingEditor (720)
[2026.02.12-16.44.01:140][182]LogModuleManager: Shutting down and abandoning module MergeActors (718)
[2026.02.12-16.44.01:140][182]LogModuleManager: Shutting down and abandoning module LocalizationDashboard (716)
[2026.02.12-16.44.01:140][182]LogModuleManager: Shutting down and abandoning module LocalizationService (715)
[2026.02.12-16.44.01:140][182]LogModuleManager: Shutting down and abandoning module HardwareTargeting (712)
[2026.02.12-16.44.01:140][182]LogModuleManager: Shutting down and abandoning module DeviceProfileEditor (710)
[2026.02.12-16.44.01:140][182]LogModuleManager: Shutting down and abandoning module UndoHistory (708)
[2026.02.12-16.44.01:140][182]LogModuleManager: Shutting down and abandoning module XmlParser (706)
[2026.02.12-16.44.01:140][182]LogModuleManager: Shutting down and abandoning module Blutility (704)
[2026.02.12-16.44.01:140][182]LogModuleManager: Shutting down and abandoning module ProjectSettingsViewer (702)
[2026.02.12-16.44.01:140][182]LogModuleManager: Shutting down and abandoning module ProjectTargetPlatformEditor (701)
[2026.02.12-16.44.01:140][182]LogModuleManager: Shutting down and abandoning module EditorSettingsViewer (698)
[2026.02.12-16.44.01:140][182]LogModuleManager: Shutting down and abandoning module InternationalizationSettings (697)
[2026.02.12-16.44.01:140][182]LogModuleManager: Shutting down and abandoning module SettingsEditor (694)
[2026.02.12-16.44.01:140][182]LogModuleManager: Shutting down and abandoning module ProjectLauncher (692)
[2026.02.12-16.44.01:140][182]LogModuleManager: Shutting down and abandoning module SessionFrontend (690)
[2026.02.12-16.44.01:140][182]LogModuleManager: Shutting down and abandoning module ProfilerClient (688)
[2026.02.12-16.44.01:140][182]LogModuleManager: Shutting down and abandoning module DeviceManager (686)
[2026.02.12-16.44.01:140][182]LogModuleManager: Shutting down and abandoning module TargetDeviceServices (685)
[2026.02.12-16.44.01:172][182]LogModuleManager: Shutting down and abandoning module AutomationController (682)
[2026.02.12-16.44.01:172][182]LogModuleManager: Shutting down and abandoning module AutomationWindow (680)
[2026.02.12-16.44.01:172][182]LogModuleManager: Shutting down and abandoning module Layers (678)
[2026.02.12-16.44.01:172][182]LogModuleManager: Shutting down and abandoning module ComponentVisualizers (676)
[2026.02.12-16.44.01:172][182]LogModuleManager: Shutting down and abandoning module DetailCustomizations (674)
[2026.02.12-16.44.01:172][182]LogModuleManager: Shutting down and abandoning module PackagesDialog (672)
[2026.02.12-16.44.01:172][182]LogModuleManager: Shutting down and abandoning module AnimationBlueprintEditor (670)
[2026.02.12-16.44.01:172][182]LogModuleManager: Shutting down and abandoning module Persona (668)
[2026.02.12-16.44.01:172][182]LogModuleManager: Shutting down and abandoning module AdvancedPreviewScene (667)
[2026.02.12-16.44.01:172][182]LogModuleManager: Shutting down and abandoning module AnimGraph (665)
[2026.02.12-16.44.01:172][182]LogModuleManager: Shutting down and abandoning module Kismet (662)
[2026.02.12-16.44.01:181][182]LogModuleManager: Shutting down and abandoning module KismetWidgets (661)
[2026.02.12-16.44.01:181][182]LogModuleManager: Shutting down and abandoning module GraphEditor (658)
[2026.02.12-16.44.01:181][182]LogModuleManager: Shutting down and abandoning module StructViewer (656)
[2026.02.12-16.44.01:181][182]LogModuleManager: Shutting down and abandoning module ClassViewer (654)
[2026.02.12-16.44.01:182][182]LogModuleManager: Shutting down and abandoning module Toolbox (652)
[2026.02.12-16.44.01:182][182]LogModuleManager: Shutting down and abandoning module ModuleUI (650)
[2026.02.12-16.44.01:182][182]LogModuleManager: Shutting down and abandoning module OutputLog (648)
[2026.02.12-16.44.01:184][182]LogModuleManager: Shutting down and abandoning module GammaUI (646)
[2026.02.12-16.44.01:184][182]LogModuleManager: Shutting down and abandoning module Documentation (644)
[2026.02.12-16.44.01:184][182]LogModuleManager: Shutting down and abandoning module LiveCoding (642)
[2026.02.12-16.44.01:185][182]LogModuleManager: Shutting down and abandoning module LevelSequence (640)
[2026.02.12-16.44.01:185][182]LogModuleManager: Shutting down and abandoning module MovieSceneTracks (638)
[2026.02.12-16.44.01:185][182]LogModuleManager: Shutting down and abandoning module MovieScene (636)
[2026.02.12-16.44.01:185][182]LogModuleManager: Shutting down and abandoning module StreamingPauseRendering (634)
[2026.02.12-16.44.01:185][182]LogModuleManager: Shutting down and abandoning module LauncherPlatform (632)
[2026.02.12-16.44.01:185][182]LogModuleManager: Shutting down and abandoning module AnalyticsET (630)
[2026.02.12-16.44.01:185][182]LogModuleManager: Shutting down and abandoning module PortalServices (628)
[2026.02.12-16.44.01:185][182]LogModuleManager: Shutting down and abandoning module PortalRpc (626)
[2026.02.12-16.44.01:185][182]LogModuleManager: Shutting down and abandoning module MessagingRpc (624)
[2026.02.12-16.44.01:185][182]LogModuleManager: Shutting down and abandoning module AudioMixerXAudio2 (622)
[2026.02.12-16.44.01:185][182]LogModuleManager: Shutting down and abandoning module AudioMixerCore (621)
[2026.02.12-16.44.01:185][182]LogModuleManager: Shutting down and abandoning module AIModule (618)
[2026.02.12-16.44.01:185][182]LogModuleManager: Shutting down and abandoning module GameplayDebugger (617)
[2026.02.12-16.44.01:185][182]LogModuleManager: Shutting down and abandoning module AITestSuite (615)
[2026.02.12-16.44.01:185][182]LogModuleManager: Shutting down and abandoning module NavigationSystem (613)
[2026.02.12-16.44.01:185][182]LogModuleManager: Shutting down and abandoning module ImageWriteQueue (610)
[2026.02.12-16.44.01:193][182]LogModuleManager: Shutting down and abandoning module ProfilerService (608)
[2026.02.12-16.44.01:213][182]LogModuleManager: Shutting down and abandoning module TaskGraph (606)
[2026.02.12-16.44.01:213][182]LogModuleManager: Shutting down and abandoning module AudioSynesthesiaEditor (604)
[2026.02.12-16.44.01:213][182]LogModuleManager: Shutting down and abandoning module OculusEditor (602)
[2026.02.12-16.44.01:213][182]LogModuleManager: Shutting down and abandoning module OculusInput (600)
[2026.02.12-16.44.01:213][182]LogModuleManager: Shutting down and abandoning module ContentBrowserFileDataSource (598)
[2026.02.12-16.44.01:213][182]LogModuleManager: Shutting down and abandoning module ContentBrowserClassDataSource (596)
[2026.02.12-16.44.01:213][182]LogModuleManager: Shutting down and abandoning module ContentBrowserAssetDataSource (594)
[2026.02.12-16.44.01:213][182]LogModuleManager: Shutting down and abandoning module CollectionManager (593)
[2026.02.12-16.44.01:213][182]LogModuleManager: Shutting down and abandoning module TakeSequencer (590)
[2026.02.12-16.44.01:213][182]LogModuleManager: Shutting down and abandoning module TakeMovieScene (588)
[2026.02.12-16.44.01:213][182]LogModuleManager: Shutting down and abandoning module GooglePAD (586)
[2026.02.12-16.44.01:213][182]LogModuleManager: Shutting down and abandoning module SynthesisEditor (584)
[2026.02.12-16.44.01:213][182]LogModuleManager: Shutting down and abandoning module Synthesis (582)
[2026.02.12-16.44.01:213][182]LogModuleManager: Shutting down and abandoning module ScreenshotTools (580)
[2026.02.12-16.44.01:213][182]LogModuleManager: Shutting down and abandoning module ProceduralMeshComponentEditor (578)
[2026.02.12-16.44.01:213][182]LogModuleManager: Shutting down and abandoning module ProceduralMeshComponent (576)
[2026.02.12-16.44.01:213][182]LogModuleManager: Shutting down and abandoning module OpenXREditor (574)
[2026.02.12-16.44.01:213][182]LogModuleManager: Shutting down and abandoning module MobilePatchingUtils (572)
[2026.02.12-16.44.01:214][182]LogModuleManager: Shutting down and abandoning module EditableMesh (570)
[2026.02.12-16.44.01:214][182]LogModuleManager: Shutting down and abandoning module CustomMeshComponent (568)
[2026.02.12-16.44.01:214][182]LogModuleManager: Shutting down and abandoning module CableComponent (566)
[2026.02.12-16.44.01:214][182]LogModuleManager: Shutting down and abandoning module ArchVisCharacter (564)
[2026.02.12-16.44.01:214][182]LogModuleManager: Shutting down and abandoning module AudioCapture (562)
[2026.02.12-16.44.01:214][182]LogModuleManager: Shutting down and abandoning module AudioCaptureRtAudio (561)
[2026.02.12-16.44.01:214][182]LogModuleManager: Shutting down and abandoning module AssetTags (558)
[2026.02.12-16.44.01:214][182]LogModuleManager: Shutting down and abandoning module AppleImageUtilsBlueprintSupport (556)
[2026.02.12-16.44.01:214][182]LogModuleManager: Shutting down and abandoning module AppleImageUtils (554)
[2026.02.12-16.44.01:214][182]LogModuleManager: Shutting down and abandoning module AndroidPermission (552)
[2026.02.12-16.44.01:214][182]LogModuleManager: Shutting down and abandoning module ActorLayerUtilitiesEditor (550)
[2026.02.12-16.44.01:214][182]LogModuleManager: Shutting down and abandoning module ActorLayerUtilities (548)
[2026.02.12-16.44.01:214][182]LogModuleManager: Shutting down and abandoning module TemplateSequence (546)
[2026.02.12-16.44.01:214][182]LogModuleManager: Shutting down and abandoning module MediaCompositing (544)
[2026.02.12-16.44.01:214][182]LogModuleManager: Shutting down and abandoning module ImgMedia (542)
[2026.02.12-16.44.01:214][182]LogModuleManager: Shutting down and abandoning module MagicLeapSharedWorld (540)
[2026.02.12-16.44.01:214][182]LogModuleManager: Shutting down and abandoning module NiagaraEditorWidgets (538)
[2026.02.12-16.44.01:214][182]LogModuleManager: Shutting down and abandoning module MagicLeapLightEstimation (536)
[2026.02.12-16.44.01:214][182]LogModuleManager: Shutting down and abandoning module MagicLeapHelperVulkan (534)
[2026.02.12-16.44.01:214][182]LogModuleManager: Shutting down and abandoning module MagicLeapHelperOpenGL (532)
[2026.02.12-16.44.01:214][182]LogModuleManager: Shutting down and abandoning module MagicLeapAudio (530)
[2026.02.12-16.44.01:214][182]LogModuleManager: Shutting down and abandoning module SpeedTreeImporter (528)
[2026.02.12-16.44.01:214][182]LogModuleManager: Shutting down and abandoning module PluginBrowser (526)
[2026.02.12-16.44.01:214][182]LogModuleManager: Shutting down and abandoning module MobileLauncherProfileWizard (524)
[2026.02.12-16.44.01:214][182]LogModuleManager: Shutting down and abandoning module MaterialAnalyzer (522)
[2026.02.12-16.44.01:214][182]LogModuleManager: Shutting down and abandoning module CurveEditorTools (520)
[2026.02.12-16.44.01:214][182]LogModuleManager: Shutting down and abandoning module CryptoKeysOpenSSL (518)
[2026.02.12-16.44.01:214][182]LogModuleManager: Shutting down and abandoning module CryptoKeys (516)
[2026.02.12-16.44.01:214][182]LogModuleManager: Shutting down and abandoning module OpenImageDenoise (514)
[2026.02.12-16.44.01:214][182]LogOpenImageDenoise: OIDN shutting down
[2026.02.12-16.44.01:214][182]LogModuleManager: Shutting down and abandoning module MotoSynthEditor (512)
[2026.02.12-16.44.01:214][182]LogModuleManager: Shutting down and abandoning module MotoSynth (510)
[2026.02.12-16.44.01:214][182]LogModuleManager: Shutting down and abandoning module GeometryCollectionTracks (508)
[2026.02.12-16.44.01:214][182]LogModuleManager: Shutting down and abandoning module GeometryCollectionSequencer (507)
[2026.02.12-16.44.01:214][182]LogModuleManager: Shutting down and abandoning module GeometryCollectionEditor (504)
[2026.02.12-16.44.01:214][182]LogModuleManager: Shutting down and abandoning module MeshConversion (502)
[2026.02.12-16.44.01:214][182]LogModuleManager: Shutting down and abandoning module DynamicMesh (500)
[2026.02.12-16.44.01:214][182]LogModuleManager: Shutting down and abandoning module GeometryAlgorithms (498)
[2026.02.12-16.44.01:214][182]LogModuleManager: Shutting down and abandoning module GeometricObjects (496)
[2026.02.12-16.44.01:214][182]LogModuleManager: Shutting down and abandoning module GeometryCacheTracks (494)
[2026.02.12-16.44.01:214][182]LogModuleManager: Shutting down and abandoning module GeometryCacheStreamer (492)
[2026.02.12-16.44.01:214][182]LogModuleManager: Shutting down and abandoning module GeometryCacheSequencer (490)
[2026.02.12-16.44.01:214][182]LogModuleManager: Shutting down and abandoning module BackChannel (488)
[2026.02.12-16.44.01:214][182]LogModuleManager: Shutting down and abandoning module ChaosSolverEditor (486)
[2026.02.12-16.44.01:214][182]LogModuleManager: Shutting down and abandoning module ChaosNiagara (484)
[2026.02.12-16.44.01:214][182]LogModuleManager: Shutting down and abandoning module FractureEditor (482)
[2026.02.12-16.44.01:214][182]LogModuleManager: Shutting down and abandoning module FieldSystemEngine (481)
[2026.02.12-16.44.01:214][182]LogModuleManager: Shutting down and abandoning module ChaosClothEditor (478)
[2026.02.12-16.44.01:214][182]LogModuleManager: Shutting down and abandoning module AutomationUtilsEditor (476)
[2026.02.12-16.44.01:214][182]LogModuleManager: Shutting down and abandoning module AutomationUtils (474)
[2026.02.12-16.44.01:214][182]LogModuleManager: Shutting down and abandoning module AlembicImporter (472)
[2026.02.12-16.44.01:214][182]LogModuleManager: Shutting down and abandoning module AlembicLibrary (471)
[2026.02.12-16.44.01:214][182]LogModuleManager: Shutting down and abandoning module GeometryCache (470)
[2026.02.12-16.44.01:214][182]LogModuleManager: Shutting down and abandoning module GeometryCacheEd (469)
[2026.02.12-16.44.01:214][182]LogModuleManager: Shutting down and abandoning module VariantManagerContentEditor (464)
[2026.02.12-16.44.01:214][182]LogModuleManager: Shutting down and abandoning module DatasmithContentEditor (462)
[2026.02.12-16.44.01:214][182]LogModuleManager: Shutting down and abandoning module VisualStudioSourceCodeAccess (460)
[2026.02.12-16.44.01:214][182]LogModuleManager: Shutting down and abandoning module VisualStudioCodeSourceCodeAccess (458)
[2026.02.12-16.44.01:214][182]LogModuleManager: Shutting down and abandoning module UObjectPlugin (456)
[2026.02.12-16.44.01:214][182]LogModuleManager: Shutting down and abandoning module SubversionSourceControl (454)
[2026.02.12-16.44.01:214][182]LogModuleManager: Shutting down and abandoning module RiderSourceCodeAccess (452)
[2026.02.12-16.44.01:214][182]LogModuleManager: Shutting down and abandoning module PluginUtils (450)
[2026.02.12-16.44.01:214][182]LogModuleManager: Shutting down and abandoning module GitSourceControl (448)
[2026.02.12-16.44.01:214][182]LogModuleManager: Shutting down and abandoning module PlasticSourceControl (446)
[2026.02.12-16.44.01:214][182]LogModuleManager: Shutting down and abandoning module PerforceSourceControl (444)
[2026.02.12-16.44.01:214][182]LogModuleManager: Shutting down and abandoning module SourceControl (443)
[2026.02.12-16.44.01:214][182]LogModuleManager: Shutting down and abandoning module CLionSourceCodeAccess (440)
[2026.02.12-16.44.01:214][182]LogModuleManager: Shutting down and abandoning module AnimationSharingEd (438)
[2026.02.12-16.44.01:214][182]LogModuleManager: Shutting down and abandoning module OodleNetworkHandlerComponent (436)
[2026.02.12-16.44.01:214][182]LogModuleManager: Shutting down and abandoning module LightPropagationVolumeEditor (434)
[2026.02.12-16.44.01:214][182]LogModuleManager: Shutting down and abandoning module LiveLinkSequencer (432)
[2026.02.12-16.44.01:214][182]LogModuleManager: Shutting down and abandoning module LiveLinkMovieScene (430)
[2026.02.12-16.44.01:214][182]LogModuleManager: Shutting down and abandoning module LiveLinkGraphNode (428)
[2026.02.12-16.44.01:214][182]LogModuleManager: Shutting down and abandoning module LiveLinkEditor (426)
[2026.02.12-16.44.01:214][182]LogModuleManager: Shutting down and abandoning module LiveLinkComponents (424)
[2026.02.12-16.44.01:214][182]LogModuleManager: Shutting down and abandoning module LiveLink (422)
[2026.02.12-16.44.02:132][182]LogModuleManager: Shutting down and abandoning module PaperTiledImporter (420)
[2026.02.12-16.44.02:132][182]LogModuleManager: Shutting down and abandoning module PaperSpriteSheetImporter (418)
[2026.02.12-16.44.02:132][182]LogModuleManager: Shutting down and abandoning module Paper2DEditor (416)
[2026.02.12-16.44.02:132][182]LogModuleManager: Shutting down and abandoning module MeshPaintingToolset (414)
[2026.02.12-16.44.02:132][182]LogModuleManager: Shutting down and abandoning module MeshPaintEditorMode (412)
[2026.02.12-16.44.02:132][182]LogModuleManager: Shutting down and abandoning module SoundFields (410)
[2026.02.12-16.44.02:132][182]LogModuleManager: Shutting down and abandoning module SignificanceManager (408)
[2026.02.12-16.44.02:132][182]LogModuleManager: Shutting down and abandoning module RuntimePhysXCooking (406)
[2026.02.12-16.44.02:132][182]LogModuleManager: Shutting down and abandoning module PropertyAccessEditor (404)
[2026.02.12-16.44.02:132][182]LogModuleManager: Shutting down and abandoning module PhysXVehiclesEditor (402)
[2026.02.12-16.44.02:132][182]LogModuleManager: Shutting down and abandoning module LocationServicesBPLibrary (398)
[2026.02.12-16.44.02:132][182]LogModuleManager: Shutting down and abandoning module AudioSynesthesia (396)
[2026.02.12-16.44.02:132][182]LogModuleManager: Shutting down and abandoning module AudioSynesthesiaCore (394)
[2026.02.12-16.44.02:132][182]LogModuleManager: Shutting down and abandoning module TcpMessaging (392)
[2026.02.12-16.44.02:233][182]LogModuleManager: Shutting down and abandoning module ActorSequence (390)
[2026.02.12-16.44.02:233][182]LogModuleManager: Shutting down and abandoning module UdpMessaging (388)
[2026.02.12-16.44.02:334][182]LogModuleManager: Shutting down and abandoning module ImgMediaEngine (386)
[2026.02.12-16.44.02:334][182]LogModuleManager: Shutting down and abandoning module MagicLeapARPin (384)
[2026.02.12-16.44.02:334][182]LogModuleManager: Shutting down and abandoning module NiagaraAnimNotifies (382)
[2026.02.12-16.44.02:334][182]LogModuleManager: Shutting down and abandoning module Niagara (380)
[2026.02.12-16.44.02:334][182]LogModuleManager: Shutting down and abandoning module SignalProcessing (379)
[2026.02.12-16.44.02:334][182]LogModuleManager: Shutting down and abandoning module NiagaraEditor (377)
[2026.02.12-16.44.02:334][182]LogModuleManager: Shutting down and abandoning module NiagaraCore (374)
[2026.02.12-16.44.02:334][182]LogModuleManager: Shutting down and abandoning module MagicLeapHandMeshing (372)
[2026.02.12-16.44.02:334][182]LogModuleManager: Shutting down and abandoning module MagicLeapSecureStorage (370)
[2026.02.12-16.44.02:334][182]LogModuleManager: Shutting down and abandoning module MagicLeapPrivileges (368)
[2026.02.12-16.44.02:334][182]LogModuleManager: Shutting down and abandoning module MagicLeapPlanes (366)
[2026.02.12-16.44.02:334][182]LogMagicLeapPlanes: Planes tracker already destroyed.
[2026.02.12-16.44.02:334][182]LogModuleManager: Shutting down and abandoning module MagicLeapImageTracker (364)
[2026.02.12-16.44.02:334][182]LogModuleManager: Shutting down and abandoning module MagicLeapIdentity (362)
[2026.02.12-16.44.02:334][182]LogModuleManager: Shutting down and abandoning module MagicLeapHandTracking (360)
[2026.02.12-16.44.02:334][182]LogModuleManager: Shutting down and abandoning module MagicLeapEyeTracker (358)
[2026.02.12-16.44.02:334][182]LogModuleManager: Shutting down and abandoning module MagicLeapController (356)
[2026.02.12-16.44.02:334][182]LogModuleManager: Shutting down and abandoning module MagicLeapARPinImpl (354)
[2026.02.12-16.44.02:334][182]LogModuleManager: Shutting down and abandoning module MagicLeapAR (352)
[2026.02.12-16.44.02:334][182]LogModuleManager: Shutting down and abandoning module GameplayTagsEditor (350)
[2026.02.12-16.44.02:334][182]LogModuleManager: Shutting down and abandoning module FacialAnimationEditor (348)
[2026.02.12-16.44.02:334][182]LogModuleManager: Shutting down and abandoning module FacialAnimation (346)
[2026.02.12-16.44.02:334][182]LogModuleManager: Shutting down and abandoning module DataValidation (344)
[2026.02.12-16.44.02:334][182]LogModuleManager: Shutting down and abandoning module PythonScriptPlugin (342)
[2026.02.12-16.44.02:334][182]LogModuleManager: Shutting down and abandoning module AssetManagerEditor (340)
[2026.02.12-16.44.02:334][182]LogModuleManager: Shutting down and abandoning module LevelEditor (339)
[2026.02.12-16.44.02:336][182]LogModuleManager: Shutting down and abandoning module PixelInspectorModule (338)
[2026.02.12-16.44.02:336][182]LogModuleManager: Shutting down and abandoning module CommonMenuExtensions (336)
[2026.02.12-16.44.02:336][182]LogModuleManager: Shutting down and abandoning module MainFrame (334)
[2026.02.12-16.44.02:336][182]LogModuleManager: Shutting down and abandoning module HotReload (333)
[2026.02.12-16.44.02:336][182]LogModuleManager: Shutting down and abandoning module ToolMenus (329)
[2026.02.12-16.44.02:336][182]LogModuleManager: Shutting down and abandoning module ContentBrowser (327)
[2026.02.12-16.44.02:336][182]LogModuleManager: Shutting down and abandoning module ContentBrowserData (326)
[2026.02.12-16.44.02:336][182]LogModuleManager: Shutting down and abandoning module TreeMap (323)
[2026.02.12-16.44.02:336][182]LogModuleManager: Shutting down and abandoning module PropertyAccessNode (320)
[2026.02.12-16.44.02:336][182]LogModuleManager: Shutting down and abandoning module AnimationSharing (318)
[2026.02.12-16.44.02:336][182]LogModuleManager: Shutting down and abandoning module GameplayCameras (316)
[2026.02.12-16.44.02:336][182]LogModuleManager: Shutting down and abandoning module LightPropagationVolumeRuntime (314)
[2026.02.12-16.44.02:336][182]LogModuleManager: Shutting down and abandoning module EnvironmentQueryEditor (312)
[2026.02.12-16.44.02:336][182]LogModuleManager: Shutting down and abandoning module Paper2D (310)
[2026.02.12-16.44.02:336][182]LogModuleManager: Shutting down and abandoning module WindowsMoviePlayer (308)
[2026.02.12-16.44.02:339][182]LogModuleManager: Shutting down and abandoning module WebMMoviePlayer (306)
[2026.02.12-16.44.02:339][182]LogModuleManager: Shutting down and abandoning module NetworkReplayStreaming (304)
[2026.02.12-16.44.02:339][182]LogModuleManager: Shutting down and abandoning module PacketHandler (302)
[2026.02.12-16.44.02:339][182]LogModuleManager: Shutting down and abandoning module ClothingSystemEditor (300)
[2026.02.12-16.44.02:339][182]LogModuleManager: Shutting down and abandoning module ClothingSystemRuntimeNv (298)
[2026.02.12-16.44.02:339][182]LogModuleManager: Shutting down and abandoning module MediaAssets (296)
[2026.02.12-16.44.02:339][182]LogModuleManager: Shutting down and abandoning module Overlay (294)
[2026.02.12-16.44.02:339][182]LogModuleManager: Shutting down and abandoning module OverlayEditor (293)
[2026.02.12-16.44.02:339][182]LogModuleManager: Shutting down and abandoning module VREditor (290)
[2026.02.12-16.44.02:339][182]LogModuleManager: Shutting down and abandoning module StringTableEditor (288)
[2026.02.12-16.44.02:339][182]LogModuleManager: Shutting down and abandoning module GameplayTasksEditor (286)
[2026.02.12-16.44.02:339][182]LogModuleManager: Shutting down and abandoning module BehaviorTreeEditor (284)
[2026.02.12-16.44.02:339][182]LogModuleManager: Shutting down and abandoning module FunctionalTesting (282)
[2026.02.12-16.44.02:339][182]LogModuleManager: Shutting down and abandoning module CollisionAnalyzer (280)
[2026.02.12-16.44.02:339][182]LogModuleManager: Shutting down and abandoning module WorkspaceMenuStructure (279)
[2026.02.12-16.44.02:339][182]LogModuleManager: Shutting down and abandoning module UMG (276)
[2026.02.12-16.44.02:339][182]LogModuleManager: Shutting down and abandoning module UMGEditor (275)
[2026.02.12-16.44.02:339][182]LogModuleManager: Shutting down and abandoning module MessageLog (273)
[2026.02.12-16.44.02:339][182]LogModuleManager: Shutting down and abandoning module SlateReflector (268)
[2026.02.12-16.44.02:339][182]LogModuleManager: Shutting down and abandoning module Slate (266)
[2026.02.12-16.44.02:339][182]LogModuleManager: Shutting down and abandoning module SlateCore (264)
[2026.02.12-16.44.02:340][182]LogModuleManager: Shutting down and abandoning module LandscapeEditorUtilities (262)
[2026.02.12-16.44.02:340][182]LogModuleManager: Shutting down and abandoning module UnrealEd (260)
[2026.02.12-16.44.02:340][182]LogModuleManager: Shutting down and abandoning module MRMesh (258)
[2026.02.12-16.44.02:340][182]LogModuleManager: Shutting down and abandoning module SourceCodeAccess (256)
[2026.02.12-16.44.02:340][182]LogModuleManager: Shutting down and abandoning module HeadMountedDisplay (254)
[2026.02.12-16.44.02:340][182]LogModuleManager: Shutting down and abandoning module XAudio2 (252)
[2026.02.12-16.44.02:340][182]LogModuleManager: Shutting down and abandoning module Networking (250)
[2026.02.12-16.44.02:340][182]LogModuleManager: Shutting down and abandoning module Core (248)
[2026.02.12-16.44.02:340][182]LogModuleManager: Shutting down and abandoning module MaterialEditor (246)
[2026.02.12-16.44.02:340][182]LogModuleManager: Shutting down and abandoning module MovieSceneTools (244)
[2026.02.12-16.44.02:340][182]LogModuleManager: Shutting down and abandoning module CurveEditor (243)
[2026.02.12-16.44.02:340][182]LogModuleManager: Shutting down and abandoning module Sequencer (241)
[2026.02.12-16.44.02:340][182]LogModuleManager: Shutting down and abandoning module EditorStyle (240)
[2026.02.12-16.44.02:341][182]LogModuleManager: Shutting down and abandoning module KismetCompiler (236)
[2026.02.12-16.44.02:341][182]LogModuleManager: Shutting down and abandoning module MeshBuilder (234)
[2026.02.12-16.44.02:341][182]LogModuleManager: Shutting down and abandoning module MeshUtilities (232)
[2026.02.12-16.44.02:341][182]LogModuleManager: Shutting down and abandoning module MeshMergeUtilities (231)
[2026.02.12-16.44.02:341][182]LogModuleManager: Shutting down and abandoning module MeshReductionInterface (230)
[2026.02.12-16.44.02:341][182]LogModuleManager: Shutting down and abandoning module MeshBoneReduction (229)
[2026.02.12-16.44.02:341][182]LogModuleManager: Shutting down and abandoning module SkeletalMeshReduction (227)
[2026.02.12-16.44.02:341][182]LogModuleManager: Shutting down and abandoning module ProxyLODMeshReduction (225)
[2026.02.12-16.44.02:341][182]LogModuleManager: Shutting down and abandoning module QuadricMeshReduction (223)
[2026.02.12-16.44.02:341][182]LogModuleManager: Shutting down and abandoning module MaterialBaking (219)
[2026.02.12-16.44.02:341][182]LogModuleManager: Shutting down and abandoning module NullInstallBundleManager (214)
[2026.02.12-16.44.02:341][182]LogModuleManager: Shutting down and abandoning module DerivedDataCache (212)
[2026.02.12-16.44.02:341][182]LogModuleManager: Shutting down and abandoning module TargetPlatform (210)
[2026.02.12-16.44.02:341][182]LogModuleManager: Shutting down and abandoning module VulkanShaderFormat (209)
[2026.02.12-16.44.02:341][182]LogModuleManager: Shutting down and abandoning module ShaderFormatVectorVM (207)
[2026.02.12-16.44.02:341][182]LogModuleManager: Shutting down and abandoning module ShaderFormatOpenGL (205)
[2026.02.12-16.44.02:341][182]LogModuleManager: Shutting down and abandoning module ShaderFormatD3D (203)
[2026.02.12-16.44.02:341][182]LogModuleManager: Shutting down and abandoning module MetalShaderFormat (201)
[2026.02.12-16.44.02:341][182]LogModuleManager: Shutting down and abandoning module TextureFormatOodle (199)
[2026.02.12-16.44.02:341][182]LogModuleManager: Shutting down and abandoning module TextureFormatUncompressed (197)
[2026.02.12-16.44.02:341][182]LogModuleManager: Shutting down and abandoning module TextureFormatPVR (195)
[2026.02.12-16.44.02:341][182]LogModuleManager: Shutting down and abandoning module TextureFormatETC2 (193)
[2026.02.12-16.44.02:341][182]LogModuleManager: Shutting down and abandoning module TextureFormatDXT (191)
[2026.02.12-16.44.02:341][182]LogModuleManager: Shutting down and abandoning module TextureFormatIntelISPCTexComp (189)
[2026.02.12-16.44.02:341][182]LogModuleManager: Shutting down and abandoning module TextureFormatASTC (187)
[2026.02.12-16.44.02:341][182]LogModuleManager: Shutting down and abandoning module ImageWrapper (186)
[2026.02.12-16.44.02:341][182]LogModuleManager: Shutting down and abandoning module AudioFormatOpus (183)
[2026.02.12-16.44.02:341][182]LogModuleManager: Shutting down and abandoning module AudioFormatOgg (181)
[2026.02.12-16.44.02:341][182]LogModuleManager: Shutting down and abandoning module AudioFormatADPCM (179)
[2026.02.12-16.44.02:341][182]LogModuleManager: Shutting down and abandoning module WindowsServerTargetPlatform (177)
[2026.02.12-16.44.02:341][182]LogModuleManager: Shutting down and abandoning module WindowsClientTargetPlatform (175)
[2026.02.12-16.44.02:342][182]LogModuleManager: Shutting down and abandoning module WindowsTargetPlatform (173)
[2026.02.12-16.44.02:342][182]LogModuleManager: Shutting down and abandoning module WindowsNoEditorTargetPlatform (171)
[2026.02.12-16.44.02:342][182]LogModuleManager: Shutting down and abandoning module TVOSTargetPlatform (169)
[2026.02.12-16.44.02:343][182]LogModuleManager: Shutting down and abandoning module MacServerTargetPlatform (167)
[2026.02.12-16.44.02:343][182]LogModuleManager: Shutting down and abandoning module MacClientTargetPlatform (165)
[2026.02.12-16.44.02:343][182]LogModuleManager: Shutting down and abandoning module MacTargetPlatform (163)
[2026.02.12-16.44.02:343][182]LogModuleManager: Shutting down and abandoning module MacNoEditorTargetPlatform (161)
[2026.02.12-16.44.02:343][182]LogModuleManager: Shutting down and abandoning module LuminTargetPlatform (159)
[2026.02.12-16.44.02:344][182]LogModuleManager: Shutting down and abandoning module LinuxAArch64ServerTargetPlatform (157)
[2026.02.12-16.44.02:344][182]LogModuleManager: Shutting down and abandoning module LinuxAArch64ClientTargetPlatform (155)
[2026.02.12-16.44.02:344][182]LogModuleManager: Shutting down and abandoning module LinuxAArch64NoEditorTargetPlatform (153)
[2026.02.12-16.44.02:344][182]LogModuleManager: Shutting down and abandoning module LinuxServerTargetPlatform (151)
[2026.02.12-16.44.02:344][182]LogModuleManager: Shutting down and abandoning module LinuxClientTargetPlatform (149)
[2026.02.12-16.44.02:344][182]LogModuleManager: Shutting down and abandoning module LinuxNoEditorTargetPlatform (147)
[2026.02.12-16.44.02:344][182]LogModuleManager: Shutting down and abandoning module LinuxTargetPlatform (145)
[2026.02.12-16.44.02:344][182]LogModuleManager: Shutting down and abandoning module Messaging (143)
[2026.02.12-16.44.02:344][182]LogModuleManager: Shutting down and abandoning module IOSTargetPlatform (141)
[2026.02.12-16.44.02:345][182]LogModuleManager: Shutting down and abandoning module AndroidTargetPlatform (139)
[2026.02.12-16.44.02:349][182]LogModuleManager: Shutting down and abandoning module AllDesktopTargetPlatform (137)
[2026.02.12-16.44.02:349][182]LogModuleManager: Shutting down and abandoning module D3D11RHI (134)
[2026.02.12-16.44.02:349][182]LogModuleManager: Shutting down and abandoning module InputCore (132)
[2026.02.12-16.44.02:349][182]LogModuleManager: Shutting down and abandoning module Settings (130)
[2026.02.12-16.44.02:349][182]LogModuleManager: Shutting down and abandoning module DirectoryWatcher (128)
[2026.02.12-16.44.02:350][182]LogModuleManager: Shutting down and abandoning module PhysXCooking (126)
[2026.02.12-16.44.02:350][182]LogModuleManager: Shutting down and abandoning module Chaos (124)
[2026.02.12-16.44.02:350][182]LogModuleManager: Shutting down and abandoning module WindowsPlatformFeatures (122)
[2026.02.12-16.44.02:350][182]LogModuleManager: Shutting down and abandoning module GameplayMediaEncoder (121)
[2026.02.12-16.44.02:350][182]LogModuleManager: Shutting down and abandoning module AVEncoder (120)
[2026.02.12-16.44.02:350][182]LogModuleManager: Shutting down and abandoning module SteamVRInputDevice (116)
[2026.02.12-16.44.02:350][182]LogModuleManager: Shutting down and abandoning module SteamVRInput (114)
[2026.02.12-16.44.02:350][182]LogModuleManager: Shutting down and abandoning module SteamVR (112)
[2026.02.12-16.44.02:350][182]LogHMD: Freeing OpenVRDLLHandle.
[2026.02.12-16.44.02:350][182]LogModuleManager: Shutting down and abandoning module OculusHMD (110)
[2026.02.12-16.44.02:350][182]LogModuleManager: Shutting down and abandoning module OpenXRAR (108)
[2026.02.12-16.44.02:350][182]LogModuleManager: Shutting down and abandoning module AugmentedReality (107)
[2026.02.12-16.44.02:350][182]LogModuleManager: Shutting down and abandoning module OpenXRHandTracking (104)
[2026.02.12-16.44.02:350][182]LogSlate: Slate User Destroyed.  User Index 0, Is Virtual User: 0
[2026.02.12-16.44.02:350][182]LogModuleManager: Shutting down and abandoning module OpenXRHMD (103)
[2026.02.12-16.44.02:350][182]LogModuleManager: Shutting down and abandoning module OpenXREyeTracker (100)
[2026.02.12-16.44.02:350][182]LogModuleManager: Shutting down and abandoning module ExampleDeviceProfileSelector (98)
[2026.02.12-16.44.02:350][182]LogModuleManager: Shutting down and abandoning module ChunkDownloader (96)
[2026.02.12-16.44.02:350][182]LogModuleManager: Shutting down and abandoning module LauncherChunkInstaller (94)
[2026.02.12-16.44.02:350][182]LogModuleManager: Shutting down and abandoning module OnlineBlueprintSupport (92)
[2026.02.12-16.44.02:350][182]LogModuleManager: Shutting down and abandoning module OnlineSubsystem (88)
[2026.02.12-16.44.02:351][182]LogModuleManager: Shutting down and abandoning module XMPP (83)
[2026.02.12-16.44.02:351][182]LogModuleManager: Shutting down and abandoning module WebSockets (82)
[2026.02.12-16.44.02:377][182]LogModuleManager: Shutting down and abandoning module HTTP (79)
[2026.02.12-16.44.02:377][182]LogHttp: Display: Http module shutting down, but needs to wait on 1 outstanding Http requests:
[2026.02.12-16.44.02:377][182]LogHttp: Display: 	verb=[POST] url=[https://datarouter.ol.epicgames.com/datarouter/api/v1/public/data?SessionID=%7BC36D707B-47A5-2EED-C706-FDB3C0E69BEA%7D&AppID=UEEditor.Rocket.Release&AppVersion=4.27.2-18319896%2B%2B%2BUE4%2BRelease-4.27&UserID=3eadeb334a09c138a68d60b593878835%7C8c0f7f1633984bb789070dad4917d369%7C97a2f4a2-b958-4fc7-b9dd-dc3998f53197&AppEnvironment=datacollector-binary&UploadType=eteventstream] refs=[1] status=Processing
[2026.02.12-16.44.02:377][182]LogHttp: Display: cleaning up 1 outstanding Http requests.
[2026.02.12-16.44.02:379][182]LogModuleManager: Shutting down and abandoning module SSL (78)
[2026.02.12-16.44.02:380][182]LogModuleManager: Shutting down and abandoning module WmfMedia (74)
[2026.02.12-16.44.02:381][182]LogModuleManager: Shutting down and abandoning module Media (73)
[2026.02.12-16.44.02:382][182]LogModuleManager: Shutting down and abandoning module MediaInfo (72)
[2026.02.12-16.44.02:382][182]LogModuleManager: Shutting down and abandoning module ExrReaderGpu (68)
[2026.02.12-16.44.02:382][182]LogModuleManager: Shutting down and abandoning module MLSDK (66)
[2026.02.12-16.44.02:382][182]LogModuleManager: Shutting down and abandoning module NiagaraVertexFactories (64)
[2026.02.12-16.44.02:382][182]LogModuleManager: Shutting down and abandoning module NiagaraShader (62)
[2026.02.12-16.44.02:382][182]LogModuleManager: Shutting down and abandoning module MagicLeap (60)
[2026.02.12-16.44.02:382][182]LogModuleManager: Shutting down and abandoning module ChaosCloth (58)
[2026.02.12-16.44.02:382][182]LogModuleManager: Shutting down and abandoning module VariantManagerContent (56)
[2026.02.12-16.44.02:382][182]LogModuleManager: Shutting down and abandoning module DatasmithContent (54)
[2026.02.12-16.44.02:382][182]LogModuleManager: Shutting down and abandoning module PixWinPlugin (52)
[2026.02.12-16.44.02:382][182]LogModuleManager: Shutting down and abandoning module AISupportModule (50)
[2026.02.12-16.44.02:382][182]LogModuleManager: Shutting down and abandoning module DesktopPlatform (48)
[2026.02.12-16.44.02:382][182]LogModuleManager: Shutting down and abandoning module PythonScriptPluginPreload (46)
[2026.02.12-16.44.02:382][182]LogModuleManager: Shutting down and abandoning module PlatformCryptoOpenSSL (44)
[2026.02.12-16.44.02:382][182]LogModuleManager: Shutting down and abandoning module PlatformCryptoTypes (42)
[2026.02.12-16.44.02:382][182]LogModuleManager: Shutting down and abandoning module PlatformCrypto (40)
[2026.02.12-16.44.02:382][182]LogModuleManager: Shutting down and abandoning module OodleDataCompressionFormat (38)
[2026.02.12-16.44.02:382][182]LogModuleManager: Shutting down and abandoning module XGEController (36)
[2026.02.12-16.44.02:382][182]LogModuleManager: Shutting down and abandoning module AnimationModifiers (34)
[2026.02.12-16.44.02:382][182]LogModuleManager: Shutting down and abandoning module AudioEditor (32)
[2026.02.12-16.44.02:382][182]LogModuleManager: Shutting down and abandoning module PropertyEditor (31)
[2026.02.12-16.44.02:383][182]LogModuleManager: Shutting down and abandoning module TextureCompressor (28)
[2026.02.12-16.44.02:383][182]LogModuleManager: Shutting down and abandoning module RenderCore (26)
[2026.02.12-16.44.02:383][182]LogModuleManager: Shutting down and abandoning module Landscape (24)
[2026.02.12-16.44.02:383][182]LogModuleManager: Shutting down and abandoning module SlateRHIRenderer (22)
[2026.02.12-16.44.02:384][182]LogModuleManager: Shutting down and abandoning module AnimGraphRuntime (20)
[2026.02.12-16.44.02:384][182]LogModuleManager: Shutting down and abandoning module Renderer (18)
[2026.02.12-16.44.02:384][182]LogModuleManager: Shutting down and abandoning module Engine (16)
[2026.02.12-16.44.02:384][182]LogModuleManager: Shutting down and abandoning module CoreUObject (14)
[2026.02.12-16.44.02:384][182]LogModuleManager: Shutting down and abandoning module NetworkFile (12)
[2026.02.12-16.44.02:384][182]LogModuleManager: Shutting down and abandoning module CookedIterativeFile (10)
[2026.02.12-16.44.02:384][182]LogModuleManager: Shutting down and abandoning module StreamingFile (8)
[2026.02.12-16.44.02:384][182]LogModuleManager: Shutting down and abandoning module SandboxFile (6)
[2026.02.12-16.44.02:384][182]LogModuleManager: Shutting down and abandoning module PakFile (4)
[2026.02.12-16.44.02:384][182]LogModuleManager: Shutting down and abandoning module RSA (3)
[2026.02.12-16.44.02:384][182]LogContentStreaming: Display: There are 1 unreleased StreamingManagers
[2026.02.12-16.44.02:410][182]LogD3D11RHI: Shutdown
[2026.02.12-16.44.02:410][182]LogD3D11RHI: CleanupD3DDevice
[2026.02.12-16.44.02:412][182]LogExit: Exiting.
[2026.02.12-16.44.02:422][182]Log file closed, 02/12/26 17:44:02
