Log file open, 06/14/25 19:04:57
LogWindows: Failed to load 'aqProf.dll' (GetLastError=126)
LogWindows: File 'aqProf.dll' does not exist
LogWindows: Failed to load 'VtuneApi.dll' (GetLastError=126)
LogWindows: File 'VtuneApi.dll' does not exist
LogWindows: Failed to load 'VtuneApi32e.dll' (GetLastError=126)
LogWindows: File 'VtuneApi32e.dll' does not exist
LogConsoleResponse: Display: Failed to find resolution value strings in scalability ini. Falling back to default.
LogConsoleResponse: Display: Failed to find resolution value strings in scalability ini. Falling back to default.
LogInit: Display: Running engine for game: TopDownAC
LogPlatformFile: Not using cached read wrapper
LogTaskGraph: Started task graph with 5 named threads and 59 total threads with 3 sets of task threads.
LogStats: Stats thread started at 0.203988
LogICUInternationalization: ICU TimeZone Detection - Raw Offset: +1:00, Platform Override: ''
LogInit: Display: Loading text-based GConfig....
LogPluginManager: Mounting plugin MeshPainting
LogPluginManager: Mounting plugin XGEController
LogPluginManager: Mounting plugin Paper2D
LogPluginManager: Mounting plugin AISupport
LogPluginManager: Mounting plugin EnvironmentQueryEditor
LogPluginManager: Mounting plugin LiveLink
LogPluginManager: Mounting plugin LightPropagationVolume
LogPluginManager: Mounting plugin CameraShakePreviewer
LogPluginManager: Mounting plugin GameplayCameras
LogPluginManager: Mounting plugin OodleData
LogPluginManager: Mounting plugin OodleNetwork
LogPluginManager: Mounting plugin AnimationSharing
LogPluginManager: Mounting plugin CLionSourceCodeAccess
LogPluginManager: Mounting plugin CodeLiteSourceCodeAccess
LogPluginManager: Mounting plugin GitSourceControl
LogPluginManager: Mounting plugin KDevelopSourceCodeAccess
LogPluginManager: Mounting plugin NullSourceCodeAccess
LogPluginManager: Mounting plugin PerforceSourceControl
LogPluginManager: Mounting plugin PixWinPlugin
LogPluginManager: Mounting plugin PlasticSourceControl
LogPluginManager: Mounting plugin PluginUtils
LogPluginManager: Mounting plugin PropertyAccessNode
LogPluginManager: Mounting plugin RiderSourceCodeAccess
LogPluginManager: Mounting plugin SubversionSourceControl
LogPluginManager: Mounting plugin TextureFormatOodle
LogPluginManager: Mounting plugin UObjectPlugin
LogPluginManager: Mounting plugin VisualStudioCodeSourceCodeAccess
LogPluginManager: Mounting plugin XCodeSourceCodeAccess
LogPluginManager: Mounting plugin VisualStudioSourceCodeAccess
LogPluginManager: Mounting plugin AssetManagerEditor
LogPluginManager: Mounting plugin CryptoKeys
LogPluginManager: Mounting plugin CurveEditorTools
LogPluginManager: Mounting plugin DataValidation
LogPluginManager: Mounting plugin GameplayTagsEditor
LogPluginManager: Mounting plugin FacialAnimation
LogPluginManager: Mounting plugin GeometryMode
LogPluginManager: Mounting plugin MacGraphicsSwitching
LogPluginManager: Mounting plugin MaterialAnalyzer
LogPluginManager: Mounting plugin MobileLauncherProfileWizard
LogPluginManager: Mounting plugin PluginBrowser
LogPluginManager: Mounting plugin SpeedTreeImporter
LogPluginManager: Mounting plugin AlembicImporter
LogPluginManager: Mounting plugin AutomationUtils
LogPluginManager: Mounting plugin BackChannel
LogPluginManager: Mounting plugin ChaosCloth
LogPluginManager: Mounting plugin ChaosEditor
LogPluginManager: Mounting plugin ChaosNiagara
LogPluginManager: Mounting plugin ChaosSolverPlugin
LogPluginManager: Mounting plugin CharacterAI
LogPluginManager: Mounting plugin ChaosClothEditor
LogPluginManager: Mounting plugin GeometryCache
LogPluginManager: Mounting plugin GeometryCollectionPlugin
LogPluginManager: Mounting plugin GeometryProcessing
LogPluginManager: Mounting plugin OpenImageDenoise
LogPluginManager: Mounting plugin MotoSynth
LogPluginManager: Mounting plugin PlanarCut
LogPluginManager: Mounting plugin PlatformCrypto
LogPluginManager: Mounting plugin ProxyLODPlugin
LogPluginManager: Mounting plugin PythonScriptPlugin
LogPluginManager: Mounting plugin Niagara
LogPluginManager: Mounting plugin DatasmithContent
LogPluginManager: Mounting plugin SkeletalReduction
LogPluginManager: Mounting plugin VariantManagerContent
LogPluginManager: Mounting plugin LuminPlatformFeatures
LogPluginManager: Mounting plugin MagicLeap
LogPluginManager: Mounting plugin MagicLeapLightEstimation
LogPluginManager: Mounting plugin MagicLeapMedia
LogPluginManager: Mounting plugin MagicLeapPassableWorld
LogPluginManager: Mounting plugin MLSDK
LogPluginManager: Mounting plugin AndroidMedia
LogPluginManager: Mounting plugin AvfMedia
LogPluginManager: Mounting plugin ImgMedia
LogPluginManager: Mounting plugin MediaCompositing
LogPluginManager: Mounting plugin MediaPlayerEditor
LogPluginManager: Mounting plugin WebMMedia
LogPluginManager: Mounting plugin WmfMedia
LogPluginManager: Mounting plugin TcpMessaging
LogPluginManager: Mounting plugin UdpMessaging
LogPluginManager: Mounting plugin ActorSequence
LogPluginManager: Mounting plugin LevelSequenceEditor
LogPluginManager: Mounting plugin MatineeToLevelSequence
LogPluginManager: Mounting plugin TemplateSequence
LogPluginManager: Mounting plugin OnlineSubsystem
LogPluginManager: Mounting plugin OnlineSubsystemNull
LogPluginManager: Mounting plugin OnlineSubsystemUtils
LogPluginManager: Mounting plugin LauncherChunkInstaller
LogPluginManager: Mounting plugin ActorLayerUtilities
LogPluginManager: Mounting plugin AndroidMoviePlayer
LogPluginManager: Mounting plugin AndroidPermission
LogPluginManager: Mounting plugin AppleMoviePlayer
LogPluginManager: Mounting plugin AppleImageUtils
LogPluginManager: Mounting plugin AndroidDeviceProfileSelector
LogPluginManager: Mounting plugin ArchVisCharacter
LogPluginManager: Mounting plugin AssetTags
LogPluginManager: Mounting plugin AudioCapture
LogPluginManager: Mounting plugin CableComponent
LogPluginManager: Mounting plugin AudioSynesthesia
LogPluginManager: Mounting plugin ChunkDownloader
LogPluginManager: Mounting plugin CustomMeshComponent
LogPluginManager: Mounting plugin EditableMesh
LogPluginManager: Mounting plugin ExampleDeviceProfileSelector
LogPluginManager: Mounting plugin GoogleCloudMessaging
LogPluginManager: Mounting plugin GooglePAD
LogPluginManager: Mounting plugin IOSDeviceProfileSelector
LogPluginManager: Mounting plugin LinuxDeviceProfileSelector
LogPluginManager: Mounting plugin LocationServicesBPLibrary
LogPluginManager: Mounting plugin MobilePatchingUtils
LogPluginManager: Mounting plugin OpenXR
LogPluginManager: Mounting plugin OpenXREyeTracker
LogPluginManager: Mounting plugin OpenXRHandTracking
LogPluginManager: Mounting plugin PhysXVehicles
LogPluginManager: Mounting plugin PostSplashScreen
LogPluginManager: Mounting plugin ProceduralMeshComponent
LogPluginManager: Mounting plugin PropertyAccessEditor
LogPluginManager: Mounting plugin RuntimePhysXCooking
LogPluginManager: Mounting plugin SignificanceManager
LogPluginManager: Mounting plugin SoundFields
LogPluginManager: Mounting plugin Synthesis
LogPluginManager: Mounting plugin WebMMoviePlayer
LogPluginManager: Mounting plugin WindowsMoviePlayer
LogPluginManager: Mounting plugin ScreenshotTools
LogPluginManager: Mounting plugin Takes
LogPluginManager: Mounting plugin ContentBrowserAssetDataSource
LogPluginManager: Mounting plugin ContentBrowserClassDataSource
LogPluginManager: Mounting plugin ContentBrowserFileDataSource
LogPluginManager: Mounting plugin OnlineSubsystemIOS
LogPluginManager: Mounting plugin OnlineSubsystemGooglePlay
LogPluginManager: Mounting plugin OculusVR
LogPluginManager: Mounting plugin SteamVR
PixWinPlugin: PIX capture plugin failed to initialize! Check that the process is launched from PIX.
LogInit: Using libcurl 7.55.1-DEV
LogInit:  - built for x86_64-pc-win32
LogInit:  - supports SSL with OpenSSL/1.1.1
LogInit:  - supports HTTP deflate (compression) using libz 1.2.8
LogInit:  - other features:
LogInit:      CURL_VERSION_SSL
LogInit:      CURL_VERSION_LIBZ
LogInit:      CURL_VERSION_IPV6
LogInit:      CURL_VERSION_ASYNCHDNS
LogInit:      CURL_VERSION_LARGEFILE
LogInit:      CURL_VERSION_IDN
LogInit:  CurlRequestOptions (configurable via config and command line):
LogInit:  - bVerifyPeer = true  - Libcurl will verify peer certificate
LogInit:  - bUseHttpProxy = false  - Libcurl will NOT use HTTP proxy
LogInit:  - bDontReuseConnections = false  - Libcurl will reuse connections
LogInit:  - MaxHostConnections = 16  - Libcurl will limit the number of connections to a host
LogInit:  - LocalHostAddr = Default
LogInit:  - BufferSize = 65536
LogOnline: OSS: Creating online subsystem instance for: NULL
LogInit: WinSock: version 1.1 (2.2), MaxSocks=32767, MaxUdp=65467
LogOnline: OSS: TryLoadSubsystemAndSetDefault: Loaded subsystem for module [NULL]
LogOculusPluginWrapper: OculusPlugin initialized successfully
LogHMD: Failed initializing OVRPlugin 1.59.0
LogInit: Build: ++UE4+Release-4.27-CL-18319896
LogInit: Engine Version: 4.27.2-18319896+++UE4+Release-4.27
LogInit: Compatible Engine Version: 4.27.0-17155196+++UE4+Release-4.27
LogInit: Net CL: 17155196
LogInit: OS: Windows 10 (Release 2009) (), CPU: 13th Gen Intel(R) Core(TM) i7-13650HX, GPU: Intel(R) UHD Graphics
LogInit: Compiled (64-bit): Nov 30 2021 07:12:08
LogInit: Compiled with Visual C++: 19.24.28315.00
LogInit: Build Configuration: Development
LogInit: Branch Name: ++UE4+Release-4.27
LogInit: Command Line:  -AUTH_LOGIN=unused -AUTH_PASSWORD=9b3375676e7f414dbdc149c37f5eadd4 -AUTH_TYPE=exchangecode -epicapp=UE_4.27 -epicenv=Prod -EpicPortal -epicusername=Xotii -epicuserid=8c0f7f1633984bb789070dad4917d369 -epiclocale=pl -epicsandboxid=ue
LogInit: Base Directory: D:/Epic Games/UE_4.27/Engine/Binaries/Win64/
LogInit: Allocator: TBB
LogInit: Installed Engine Build: 1
LogDevObjectVersion: Number of dev versions registered: 29
LogDevObjectVersion:   Dev-Blueprints (B0D832E4-1F89-4F0D-ACCF-7EB736FD4AA2): 10
LogDevObjectVersion:   Dev-Build (E1C64328-A22C-4D53-A36C-8E866417BD8C): 0
LogDevObjectVersion:   Dev-Core (375EC13C-06E4-48FB-B500-84F0262A717E): 4
LogDevObjectVersion:   Dev-Editor (E4B068ED-F494-42E9-A231-DA0B2E46BB41): 40
LogDevObjectVersion:   Dev-Framework (CFFC743F-43B0-4480-9391-14DF171D2073): 37
LogDevObjectVersion:   Dev-Mobile (B02B49B5-BB20-44E9-A304-32B752E40360): 3
LogDevObjectVersion:   Dev-Networking (A4E4105C-59A1-49B5-A7C5-40C4547EDFEE): 0
LogDevObjectVersion:   Dev-Online (39C831C9-5AE6-47DC-9A44-9C173E1C8E7C): 0
LogDevObjectVersion:   Dev-Physics (78F01B33-EBEA-4F98-B9B4-84EACCB95AA2): 14
LogDevObjectVersion:   Dev-Platform (6631380F-2D4D-43E0-8009-CF276956A95A): 0
LogDevObjectVersion:   Dev-Rendering (12F88B9F-8875-4AFC-A67C-D90C383ABD29): 45
LogDevObjectVersion:   Dev-Sequencer (7B5AE74C-D270-4C10-A958-57980B212A5A): 13
LogDevObjectVersion:   Dev-VR (D7296918-1DD6-4BDD-9DE2-64A83CC13884): 3
LogDevObjectVersion:   Dev-LoadTimes (C2A15278-BFE7-4AFE-6C17-90FF531DF755): 1
LogDevObjectVersion:   Private-Geometry (6EACA3D4-40EC-4CC1-B786-8BED09428FC5): 3
LogDevObjectVersion:   Dev-AnimPhys (29E575DD-E0A3-4627-9D10-D276232CDCEA): 17
LogDevObjectVersion:   Dev-Anim (AF43A65D-7FD3-4947-9873-3E8ED9C1BB05): 15
LogDevObjectVersion:   Dev-ReflectionCapture (6B266CEC-1EC7-4B8F-A30B-E4D90942FC07): 1
LogDevObjectVersion:   Dev-Automation (0DF73D61-A23F-47EA-B727-89E90C41499A): 1
LogDevObjectVersion:   FortniteMain (601D1886-AC64-4F84-AA16-D3DE0DEAC7D6): 47
LogDevObjectVersion:   FortniteRelease (E7086368-6B23-4C58-8439-1B7016265E91): 1
LogDevObjectVersion:   Dev-Enterprise (9DFFBCD6-494F-0158-E221-12823C92A888): 10
LogDevObjectVersion:   Dev-Niagara (F2AED0AC-9AFE-416F-8664-AA7FFA26D6FC): 1
LogDevObjectVersion:   Dev-Destruction (174F1F0B-B4C6-45A5-B13F-2EE8D0FB917D): 10
LogDevObjectVersion:   Dev-Physics-Ext (35F94A83-E258-406C-A318-09F59610247C): 41
LogDevObjectVersion:   Dev-PhysicsMaterial-Chaos (B68FC16E-8B1B-42E2-B453-215C058844FE): 1
LogDevObjectVersion:   Dev-CineCamera (B2E18506-4273-CFC2-A54E-F4BB758BBA07): 1
LogDevObjectVersion:   Dev-VirtualProduction (64F58936-FD1B-42BA-BA96-7289D5D0FA4E): 1
LogDevObjectVersion:   Dev-MediaFramework (6F0ED827-A609-4895-9C91-998D90180EA4): 2
LogInit: Presizing for max 25165824 objects, including 0 objects not considered by GC, pre-allocating 0 bytes for permanent pool.
LogConfig: Applying CVar settings from Section [/Script/Engine.StreamingSettings] File [D:/Repozytoria/UE 4.27/KZ_TopDownShooter/TopDownAC/Saved/Config/Windows/Engine.ini]
LogConfig: Setting CVar [[s.MinBulkDataSizeForAsyncLoading:131072]]
LogConfig: Setting CVar [[s.AsyncLoadingThreadEnabled:0]]
LogConfig: Setting CVar [[s.EventDrivenLoaderEnabled:1]]
LogConfig: Setting CVar [[s.WarnIfTimeLimitExceeded:0]]
LogConfig: Setting CVar [[s.TimeLimitExceededMultiplier:1.5]]
LogConfig: Setting CVar [[s.TimeLimitExceededMinTime:0.005]]
LogConfig: Setting CVar [[s.UseBackgroundLevelStreaming:1]]
LogConfig: Setting CVar [[s.PriorityAsyncLoadingExtraTime:15.0]]
LogConfig: Setting CVar [[s.LevelStreamingActorsUpdateTimeLimit:5.0]]
LogConfig: Setting CVar [[s.PriorityLevelStreamingActorsUpdateExtraTime:5.0]]
LogConfig: Setting CVar [[s.LevelStreamingComponentsRegistrationGranularity:10]]
LogConfig: Setting CVar [[s.UnregisterComponentsTimeLimit:1.0]]
LogConfig: Setting CVar [[s.LevelStreamingComponentsUnregistrationGranularity:5]]
LogConfig: Setting CVar [[s.FlushStreamingOnExit:1]]
LogInit: Object subsystem initialized
LogConfig: Setting CVar [[con.DebugEarlyDefault:1]]
LogConfig: Setting CVar [[r.setres:1280x720]]
[2025.06.14-17.04.57:435][  0]LogConfig: Setting CVar [[r.VSync:0]]
[2025.06.14-17.04.57:435][  0]LogConfig: Setting CVar [[r.RHICmdBypass:0]]
[2025.06.14-17.04.57:435][  0]LogConfig: Applying CVar settings from Section [/Script/Engine.RendererSettings] File [D:/Repozytoria/UE 4.27/KZ_TopDownShooter/TopDownAC/Saved/Config/Windows/Engine.ini]
[2025.06.14-17.04.57:435][  0]LogConfig: Setting CVar [[r.GPUCrashDebugging:0]]
[2025.06.14-17.04.57:435][  0]LogConfig: Applying CVar settings from Section [/Script/Engine.RendererOverrideSettings] File [D:/Repozytoria/UE 4.27/KZ_TopDownShooter/TopDownAC/Saved/Config/Windows/Engine.ini]
[2025.06.14-17.04.57:435][  0]LogConfig: Applying CVar settings from Section [/Script/Engine.StreamingSettings] File [D:/Repozytoria/UE 4.27/KZ_TopDownShooter/TopDownAC/Saved/Config/Windows/Engine.ini]
[2025.06.14-17.04.57:435][  0]LogConfig: Setting CVar [[s.MinBulkDataSizeForAsyncLoading:131072]]
[2025.06.14-17.04.57:435][  0]LogConfig: Setting CVar [[s.AsyncLoadingThreadEnabled:0]]
[2025.06.14-17.04.57:435][  0]LogConfig: Setting CVar [[s.EventDrivenLoaderEnabled:1]]
[2025.06.14-17.04.57:435][  0]LogConfig: Setting CVar [[s.WarnIfTimeLimitExceeded:0]]
[2025.06.14-17.04.57:435][  0]LogConfig: Setting CVar [[s.TimeLimitExceededMultiplier:1.5]]
[2025.06.14-17.04.57:435][  0]LogConfig: Setting CVar [[s.TimeLimitExceededMinTime:0.005]]
[2025.06.14-17.04.57:435][  0]LogConfig: Setting CVar [[s.UseBackgroundLevelStreaming:1]]
[2025.06.14-17.04.57:435][  0]LogConfig: Setting CVar [[s.PriorityAsyncLoadingExtraTime:15.0]]
[2025.06.14-17.04.57:435][  0]LogConfig: Setting CVar [[s.LevelStreamingActorsUpdateTimeLimit:5.0]]
[2025.06.14-17.04.57:435][  0]LogConfig: Setting CVar [[s.PriorityLevelStreamingActorsUpdateExtraTime:5.0]]
[2025.06.14-17.04.57:435][  0]LogConfig: Setting CVar [[s.LevelStreamingComponentsRegistrationGranularity:10]]
[2025.06.14-17.04.57:435][  0]LogConfig: Setting CVar [[s.UnregisterComponentsTimeLimit:1.0]]
[2025.06.14-17.04.57:435][  0]LogConfig: Setting CVar [[s.LevelStreamingComponentsUnregistrationGranularity:5]]
[2025.06.14-17.04.57:435][  0]LogConfig: Setting CVar [[s.FlushStreamingOnExit:1]]
[2025.06.14-17.04.57:435][  0]LogConfig: Applying CVar settings from Section [/Script/Engine.GarbageCollectionSettings] File [D:/Repozytoria/UE 4.27/KZ_TopDownShooter/TopDownAC/Saved/Config/Windows/Engine.ini]
[2025.06.14-17.04.57:435][  0]LogConfig: Setting CVar [[gc.MaxObjectsNotConsideredByGC:1]]
[2025.06.14-17.04.57:435][  0]LogConfig: Setting CVar [[gc.SizeOfPermanentObjectPool:0]]
[2025.06.14-17.04.57:435][  0]LogConfig: Setting CVar [[gc.FlushStreamingOnGC:0]]
[2025.06.14-17.04.57:435][  0]LogConfig: Setting CVar [[gc.NumRetriesBeforeForcingGC:10]]
[2025.06.14-17.04.57:435][  0]LogConfig: Setting CVar [[gc.AllowParallelGC:1]]
[2025.06.14-17.04.57:435][  0]LogConfig: Setting CVar [[gc.TimeBetweenPurgingPendingKillObjects:61.1]]
[2025.06.14-17.04.57:435][  0]LogConfig: Setting CVar [[gc.MaxObjectsInEditor:25165824]]
[2025.06.14-17.04.57:435][  0]LogConfig: Setting CVar [[gc.IncrementalBeginDestroyEnabled:1]]
[2025.06.14-17.04.57:435][  0]LogConfig: Setting CVar [[gc.CreateGCClusters:1]]
[2025.06.14-17.04.57:435][  0]LogConfig: Setting CVar [[gc.MinGCClusterSize:5]]
[2025.06.14-17.04.57:435][  0]LogConfig: Setting CVar [[gc.ActorClusteringEnabled:0]]
[2025.06.14-17.04.57:435][  0]LogConfig: Setting CVar [[gc.BlueprintClusteringEnabled:0]]
[2025.06.14-17.04.57:435][  0]LogConfig: Setting CVar [[gc.UseDisregardForGCOnDedicatedServers:0]]
[2025.06.14-17.04.57:435][  0]LogConfig: Setting CVar [[gc.MultithreadedDestructionEnabled:1]]
[2025.06.14-17.04.57:435][  0]LogConfig: Applying CVar settings from Section [/Script/Engine.NetworkSettings] File [D:/Repozytoria/UE 4.27/KZ_TopDownShooter/TopDownAC/Saved/Config/Windows/Engine.ini]
[2025.06.14-17.04.57:435][  0]LogConfig: Applying CVar settings from Section [/Script/UnrealEd.CookerSettings] File [D:/Repozytoria/UE 4.27/KZ_TopDownShooter/TopDownAC/Saved/Config/Windows/Engine.ini]
[2025.06.14-17.04.57:443][  0]LogConfig: Applying CVar settings from Section [ViewDistanceQuality@3] File [D:/Repozytoria/UE 4.27/KZ_TopDownShooter/TopDownAC/Saved/Config/Windows/Scalability.ini]
[2025.06.14-17.04.57:443][  0]LogConfig: Setting CVar [[r.SkeletalMeshLODBias:0]]
[2025.06.14-17.04.57:443][  0]LogConfig: Setting CVar [[r.ViewDistanceScale:1.0]]
[2025.06.14-17.04.57:443][  0]LogConfig: Applying CVar settings from Section [AntiAliasingQuality@3] File [D:/Repozytoria/UE 4.27/KZ_TopDownShooter/TopDownAC/Saved/Config/Windows/Scalability.ini]
[2025.06.14-17.04.57:443][  0]LogConfig: Setting CVar [[r.PostProcessAAQuality:4]]
[2025.06.14-17.04.57:443][  0]LogConfig: Applying CVar settings from Section [ShadowQuality@3] File [D:/Repozytoria/UE 4.27/KZ_TopDownShooter/TopDownAC/Saved/Config/Windows/Scalability.ini]
[2025.06.14-17.04.57:443][  0]LogConfig: Setting CVar [[r.LightFunctionQuality:1]]
[2025.06.14-17.04.57:443][  0]LogConfig: Setting CVar [[r.ShadowQuality:5]]
[2025.06.14-17.04.57:443][  0]LogConfig: Setting CVar [[r.Shadow.CSM.MaxCascades:10]]
[2025.06.14-17.04.57:443][  0]LogConfig: Setting CVar [[r.Shadow.MaxResolution:2048]]
[2025.06.14-17.04.57:443][  0]LogConfig: Setting CVar [[r.Shadow.MaxCSMResolution:2048]]
[2025.06.14-17.04.57:443][  0]LogConfig: Setting CVar [[r.Shadow.RadiusThreshold:0.01]]
[2025.06.14-17.04.57:443][  0]LogConfig: Setting CVar [[r.Shadow.DistanceScale:1.0]]
[2025.06.14-17.04.57:443][  0]LogConfig: Setting CVar [[r.Shadow.CSM.TransitionScale:1.0]]
[2025.06.14-17.04.57:443][  0]LogConfig: Setting CVar [[r.Shadow.PreShadowResolutionFactor:1.0]]
[2025.06.14-17.04.57:443][  0]LogConfig: Setting CVar [[r.DistanceFieldShadowing:1]]
[2025.06.14-17.04.57:443][  0]LogConfig: Setting CVar [[r.DistanceFieldAO:1]]
[2025.06.14-17.04.57:443][  0]LogConfig: Setting CVar [[r.AOQuality:2]]
[2025.06.14-17.04.57:443][  0]LogConfig: Setting CVar [[r.VolumetricFog:1]]
[2025.06.14-17.04.57:443][  0]LogConfig: Setting CVar [[r.VolumetricFog.GridPixelSize:8]]
[2025.06.14-17.04.57:443][  0]LogConfig: Setting CVar [[r.VolumetricFog.GridSizeZ:128]]
[2025.06.14-17.04.57:443][  0]LogConfig: Setting CVar [[r.VolumetricFog.HistoryMissSupersampleCount:4]]
[2025.06.14-17.04.57:443][  0]LogConfig: Setting CVar [[r.LightMaxDrawDistanceScale:1]]
[2025.06.14-17.04.57:443][  0]LogConfig: Setting CVar [[r.CapsuleShadows:1]]
[2025.06.14-17.04.57:443][  0]LogConfig: Applying CVar settings from Section [PostProcessQuality@3] File [D:/Repozytoria/UE 4.27/KZ_TopDownShooter/TopDownAC/Saved/Config/Windows/Scalability.ini]
[2025.06.14-17.04.57:443][  0]LogConfig: Setting CVar [[r.MotionBlurQuality:4]]
[2025.06.14-17.04.57:443][  0]LogConfig: Setting CVar [[r.AmbientOcclusionMipLevelFactor:0.4]]
[2025.06.14-17.04.57:443][  0]LogConfig: Setting CVar [[r.AmbientOcclusionMaxQuality:100]]
[2025.06.14-17.04.57:443][  0]LogConfig: Setting CVar [[r.AmbientOcclusionLevels:-1]]
[2025.06.14-17.04.57:443][  0]LogConfig: Setting CVar [[r.AmbientOcclusionRadiusScale:1.0]]
[2025.06.14-17.04.57:443][  0]LogConfig: Setting CVar [[r.DepthOfFieldQuality:2]]
[2025.06.14-17.04.57:443][  0]LogConfig: Setting CVar [[r.RenderTargetPoolMin:400]]
[2025.06.14-17.04.57:443][  0]LogConfig: Setting CVar [[r.LensFlareQuality:2]]
[2025.06.14-17.04.57:443][  0]LogConfig: Setting CVar [[r.SceneColorFringeQuality:1]]
[2025.06.14-17.04.57:443][  0]LogConfig: Setting CVar [[r.EyeAdaptationQuality:2]]
[2025.06.14-17.04.57:443][  0]LogConfig: Setting CVar [[r.BloomQuality:5]]
[2025.06.14-17.04.57:443][  0]LogConfig: Setting CVar [[r.FastBlurThreshold:100]]
[2025.06.14-17.04.57:443][  0]LogConfig: Setting CVar [[r.Upscale.Quality:3]]
[2025.06.14-17.04.57:443][  0]LogConfig: Setting CVar [[r.Tonemapper.GrainQuantization:1]]
[2025.06.14-17.04.57:443][  0]LogConfig: Setting CVar [[r.LightShaftQuality:1]]
[2025.06.14-17.04.57:443][  0]LogConfig: Setting CVar [[r.Filter.SizeScale:1]]
[2025.06.14-17.04.57:443][  0]LogConfig: Setting CVar [[r.Tonemapper.Quality:5]]
[2025.06.14-17.04.57:443][  0]LogConfig: Setting CVar [[r.DOF.Gather.AccumulatorQuality:1        ; higher gathering accumulator quality]]
[2025.06.14-17.04.57:443][  0]LogConfig: Setting CVar [[r.DOF.Gather.PostfilterMethod:1          ; Median3x3 postfilering method]]
[2025.06.14-17.04.57:443][  0]LogConfig: Setting CVar [[r.DOF.Gather.EnableBokehSettings:0       ; no bokeh simulation when gathering]]
[2025.06.14-17.04.57:443][  0]LogConfig: Setting CVar [[r.DOF.Gather.RingCount:4                 ; medium number of samples when gathering]]
[2025.06.14-17.04.57:443][  0]LogConfig: Setting CVar [[r.DOF.Scatter.ForegroundCompositing:1    ; additive foreground scattering]]
[2025.06.14-17.04.57:443][  0]LogConfig: Setting CVar [[r.DOF.Scatter.BackgroundCompositing:2    ; additive background scattering]]
[2025.06.14-17.04.57:443][  0]LogConfig: Setting CVar [[r.DOF.Scatter.EnableBokehSettings:1      ; bokeh simulation when scattering]]
[2025.06.14-17.04.57:443][  0]LogConfig: Setting CVar [[r.DOF.Scatter.MaxSpriteRatio:0.1         ; only a maximum of 10% of scattered bokeh]]
[2025.06.14-17.04.57:443][  0]LogConfig: Setting CVar [[r.DOF.Recombine.Quality:1                ; cheap slight out of focus]]
[2025.06.14-17.04.57:443][  0]LogConfig: Setting CVar [[r.DOF.Recombine.EnableBokehSettings:0    ; no bokeh simulation on slight out of focus]]
[2025.06.14-17.04.57:443][  0]LogConfig: Setting CVar [[r.DOF.TemporalAAQuality:1                ; more stable temporal accumulation]]
[2025.06.14-17.04.57:443][  0]LogConfig: Setting CVar [[r.DOF.Kernel.MaxForegroundRadius:0.025]]
[2025.06.14-17.04.57:443][  0]LogConfig: Setting CVar [[r.DOF.Kernel.MaxBackgroundRadius:0.025]]
[2025.06.14-17.04.57:443][  0]LogConfig: Applying CVar settings from Section [TextureQuality@3] File [D:/Repozytoria/UE 4.27/KZ_TopDownShooter/TopDownAC/Saved/Config/Windows/Scalability.ini]
[2025.06.14-17.04.57:443][  0]LogConfig: Setting CVar [[r.Streaming.MipBias:0]]
[2025.06.14-17.04.57:443][  0]LogConfig: Setting CVar [[r.Streaming.AmortizeCPUToGPUCopy:0]]
[2025.06.14-17.04.57:443][  0]LogConfig: Setting CVar [[r.Streaming.MaxNumTexturesToStreamPerFrame:0]]
[2025.06.14-17.04.57:443][  0]LogConfig: Setting CVar [[r.Streaming.Boost:1]]
[2025.06.14-17.04.57:443][  0]LogConfig: Setting CVar [[r.MaxAnisotropy:8]]
[2025.06.14-17.04.57:443][  0]LogConfig: Setting CVar [[r.VT.MaxAnisotropy:8]]
[2025.06.14-17.04.57:443][  0]LogConfig: Setting CVar [[r.Streaming.LimitPoolSizeToVRAM:0]]
[2025.06.14-17.04.57:443][  0]LogConfig: Setting CVar [[r.Streaming.PoolSize:1000]]
[2025.06.14-17.04.57:443][  0]LogConfig: Setting CVar [[r.Streaming.MaxEffectiveScreenSize:0]]
[2025.06.14-17.04.57:443][  0]LogConfig: Applying CVar settings from Section [EffectsQuality@3] File [D:/Repozytoria/UE 4.27/KZ_TopDownShooter/TopDownAC/Saved/Config/Windows/Scalability.ini]
[2025.06.14-17.04.57:443][  0]LogConfig: Setting CVar [[r.TranslucencyLightingVolumeDim:64]]
[2025.06.14-17.04.57:443][  0]LogConfig: Setting CVar [[r.RefractionQuality:2]]
[2025.06.14-17.04.57:443][  0]LogConfig: Setting CVar [[r.SSR.Quality:3]]
[2025.06.14-17.04.57:443][  0]LogConfig: Setting CVar [[r.SSR.HalfResSceneColor:0]]
[2025.06.14-17.04.57:443][  0]LogConfig: Setting CVar [[r.SceneColorFormat:4]]
[2025.06.14-17.04.57:443][  0]LogConfig: Setting CVar [[r.DetailMode:2]]
[2025.06.14-17.04.57:443][  0]LogConfig: Setting CVar [[r.TranslucencyVolumeBlur:1]]
[2025.06.14-17.04.57:443][  0]LogConfig: Setting CVar [[r.MaterialQualityLevel:1 ; High quality]]
[2025.06.14-17.04.57:443][  0]LogConfig: Setting CVar [[r.AnisotropicMaterials:1]]
[2025.06.14-17.04.57:443][  0]LogConfig: Setting CVar [[r.SSS.Scale:1]]
[2025.06.14-17.04.57:443][  0]LogConfig: Setting CVar [[r.SSS.SampleSet:2]]
[2025.06.14-17.04.57:443][  0]LogConfig: Setting CVar [[r.SSS.Quality:1]]
[2025.06.14-17.04.57:443][  0]LogConfig: Setting CVar [[r.SSS.HalfRes:0]]
[2025.06.14-17.04.57:443][  0]LogConfig: Setting CVar [[r.SSGI.Quality:3]]
[2025.06.14-17.04.57:443][  0]LogConfig: Setting CVar [[r.EmitterSpawnRateScale:1.0]]
[2025.06.14-17.04.57:443][  0]LogConfig: Setting CVar [[r.ParticleLightQuality:2]]
[2025.06.14-17.04.57:443][  0]LogConfig: Setting CVar [[r.SkyAtmosphere.AerialPerspectiveLUT.FastApplyOnOpaque:1 ; Always have FastSkyLUT 1 in this case to avoid wrong sky]]
[2025.06.14-17.04.57:443][  0]LogConfig: Setting CVar [[r.SkyAtmosphere.AerialPerspectiveLUT.SampleCountMaxPerSlice:4]]
[2025.06.14-17.04.57:443][  0]LogConfig: Setting CVar [[r.SkyAtmosphere.AerialPerspectiveLUT.DepthResolution:16.0]]
[2025.06.14-17.04.57:443][  0]LogConfig: Setting CVar [[r.SkyAtmosphere.FastSkyLUT:1]]
[2025.06.14-17.04.57:443][  0]LogConfig: Setting CVar [[r.SkyAtmosphere.FastSkyLUT.SampleCountMin:4.0]]
[2025.06.14-17.04.57:443][  0]LogConfig: Setting CVar [[r.SkyAtmosphere.FastSkyLUT.SampleCountMax:128.0]]
[2025.06.14-17.04.57:443][  0]LogConfig: Setting CVar [[r.SkyAtmosphere.SampleCountMin:4.0]]
[2025.06.14-17.04.57:443][  0]LogConfig: Setting CVar [[r.SkyAtmosphere.SampleCountMax:128.0]]
[2025.06.14-17.04.57:443][  0]LogConfig: Setting CVar [[r.SkyAtmosphere.TransmittanceLUT.UseSmallFormat:0]]
[2025.06.14-17.04.57:443][  0]LogConfig: Setting CVar [[r.SkyAtmosphere.TransmittanceLUT.SampleCount:10.0]]
[2025.06.14-17.04.57:443][  0]LogConfig: Setting CVar [[r.SkyAtmosphere.MultiScatteringLUT.SampleCount:15.0]]
[2025.06.14-17.04.57:443][  0]LogConfig: Setting CVar [[r.SkyLight.RealTimeReflectionCapture:1]]
[2025.06.14-17.04.57:443][  0]LogConfig: Applying CVar settings from Section [FoliageQuality@3] File [D:/Repozytoria/UE 4.27/KZ_TopDownShooter/TopDownAC/Saved/Config/Windows/Scalability.ini]
[2025.06.14-17.04.57:443][  0]LogConfig: Setting CVar [[foliage.DensityScale:1.0]]
[2025.06.14-17.04.57:443][  0]LogConfig: Setting CVar [[grass.DensityScale:1.0]]
[2025.06.14-17.04.57:443][  0]LogConfig: Applying CVar settings from Section [ShadingQuality@3] File [D:/Repozytoria/UE 4.27/KZ_TopDownShooter/TopDownAC/Saved/Config/Windows/Scalability.ini]
[2025.06.14-17.04.57:443][  0]LogConfig: Setting CVar [[r.HairStrands.SkyLighting.IntegrationType:2]]
[2025.06.14-17.04.57:443][  0]LogConfig: Setting CVar [[r.HairStrands.SkyAO.SampleCount:4]]
[2025.06.14-17.04.57:443][  0]LogConfig: Setting CVar [[r.HairStrands.Visibility.MSAA.SamplePerPixel:4]]
[2025.06.14-17.04.57:443][  0]LogInit: Selected Device Profile: [Windows]
[2025.06.14-17.04.57:443][  0]LogInit: Applying CVar settings loaded from the selected device profile: [Windows]
[2025.06.14-17.04.57:443][  0]LogHAL: Display: Platform has ~ 32 GB [34007195648 / 34359738368 / 32], which maps to Largest [LargestMinGB=32, LargerMinGB=12, DefaultMinGB=8, SmallerMinGB=6, SmallestMinGB=0)
[2025.06.14-17.04.57:443][  0]LogInit: Going up to parent DeviceProfile []
[2025.06.14-17.04.57:443][  0]LogConfig: Applying CVar settings from Section [ViewDistanceQuality@3] File [D:/Repozytoria/UE 4.27/KZ_TopDownShooter/TopDownAC/Saved/Config/Windows/Scalability.ini]
[2025.06.14-17.04.57:443][  0]LogConfig: Setting CVar [[r.SkeletalMeshLODBias:0]]
[2025.06.14-17.04.57:443][  0]LogConfig: Setting CVar [[r.ViewDistanceScale:1.0]]
[2025.06.14-17.04.57:443][  0]LogConfig: Applying CVar settings from Section [AntiAliasingQuality@3] File [D:/Repozytoria/UE 4.27/KZ_TopDownShooter/TopDownAC/Saved/Config/Windows/Scalability.ini]
[2025.06.14-17.04.57:443][  0]LogConfig: Setting CVar [[r.PostProcessAAQuality:4]]
[2025.06.14-17.04.57:443][  0]LogConfig: Applying CVar settings from Section [ShadowQuality@3] File [D:/Repozytoria/UE 4.27/KZ_TopDownShooter/TopDownAC/Saved/Config/Windows/Scalability.ini]
[2025.06.14-17.04.57:443][  0]LogConfig: Setting CVar [[r.LightFunctionQuality:1]]
[2025.06.14-17.04.57:443][  0]LogConfig: Setting CVar [[r.ShadowQuality:5]]
[2025.06.14-17.04.57:443][  0]LogConfig: Setting CVar [[r.Shadow.CSM.MaxCascades:10]]
[2025.06.14-17.04.57:443][  0]LogConfig: Setting CVar [[r.Shadow.MaxResolution:2048]]
[2025.06.14-17.04.57:444][  0]LogConfig: Setting CVar [[r.Shadow.MaxCSMResolution:2048]]
[2025.06.14-17.04.57:444][  0]LogConfig: Setting CVar [[r.Shadow.RadiusThreshold:0.01]]
[2025.06.14-17.04.57:444][  0]LogConfig: Setting CVar [[r.Shadow.DistanceScale:1.0]]
[2025.06.14-17.04.57:444][  0]LogConfig: Setting CVar [[r.Shadow.CSM.TransitionScale:1.0]]
[2025.06.14-17.04.57:444][  0]LogConfig: Setting CVar [[r.Shadow.PreShadowResolutionFactor:1.0]]
[2025.06.14-17.04.57:444][  0]LogConfig: Setting CVar [[r.DistanceFieldShadowing:1]]
[2025.06.14-17.04.57:444][  0]LogConfig: Setting CVar [[r.DistanceFieldAO:1]]
[2025.06.14-17.04.57:444][  0]LogConfig: Setting CVar [[r.AOQuality:2]]
[2025.06.14-17.04.57:444][  0]LogConfig: Setting CVar [[r.VolumetricFog:1]]
[2025.06.14-17.04.57:444][  0]LogConfig: Setting CVar [[r.VolumetricFog.GridPixelSize:8]]
[2025.06.14-17.04.57:444][  0]LogConfig: Setting CVar [[r.VolumetricFog.GridSizeZ:128]]
[2025.06.14-17.04.57:444][  0]LogConfig: Setting CVar [[r.VolumetricFog.HistoryMissSupersampleCount:4]]
[2025.06.14-17.04.57:444][  0]LogConfig: Setting CVar [[r.LightMaxDrawDistanceScale:1]]
[2025.06.14-17.04.57:444][  0]LogConfig: Setting CVar [[r.CapsuleShadows:1]]
[2025.06.14-17.04.57:444][  0]LogConfig: Applying CVar settings from Section [PostProcessQuality@3] File [D:/Repozytoria/UE 4.27/KZ_TopDownShooter/TopDownAC/Saved/Config/Windows/Scalability.ini]
[2025.06.14-17.04.57:444][  0]LogConfig: Setting CVar [[r.MotionBlurQuality:4]]
[2025.06.14-17.04.57:444][  0]LogConfig: Setting CVar [[r.AmbientOcclusionMipLevelFactor:0.4]]
[2025.06.14-17.04.57:444][  0]LogConfig: Setting CVar [[r.AmbientOcclusionMaxQuality:100]]
[2025.06.14-17.04.57:444][  0]LogConfig: Setting CVar [[r.AmbientOcclusionLevels:-1]]
[2025.06.14-17.04.57:444][  0]LogConfig: Setting CVar [[r.AmbientOcclusionRadiusScale:1.0]]
[2025.06.14-17.04.57:444][  0]LogConfig: Setting CVar [[r.DepthOfFieldQuality:2]]
[2025.06.14-17.04.57:444][  0]LogConfig: Setting CVar [[r.RenderTargetPoolMin:400]]
[2025.06.14-17.04.57:444][  0]LogConfig: Setting CVar [[r.LensFlareQuality:2]]
[2025.06.14-17.04.57:444][  0]LogConfig: Setting CVar [[r.SceneColorFringeQuality:1]]
[2025.06.14-17.04.57:444][  0]LogConfig: Setting CVar [[r.EyeAdaptationQuality:2]]
[2025.06.14-17.04.57:444][  0]LogConfig: Setting CVar [[r.BloomQuality:5]]
[2025.06.14-17.04.57:444][  0]LogConfig: Setting CVar [[r.FastBlurThreshold:100]]
[2025.06.14-17.04.57:444][  0]LogConfig: Setting CVar [[r.Upscale.Quality:3]]
[2025.06.14-17.04.57:444][  0]LogConfig: Setting CVar [[r.Tonemapper.GrainQuantization:1]]
[2025.06.14-17.04.57:444][  0]LogConfig: Setting CVar [[r.LightShaftQuality:1]]
[2025.06.14-17.04.57:444][  0]LogConfig: Setting CVar [[r.Filter.SizeScale:1]]
[2025.06.14-17.04.57:444][  0]LogConfig: Setting CVar [[r.Tonemapper.Quality:5]]
[2025.06.14-17.04.57:444][  0]LogConfig: Setting CVar [[r.DOF.Gather.AccumulatorQuality:1        ; higher gathering accumulator quality]]
[2025.06.14-17.04.57:444][  0]LogConfig: Setting CVar [[r.DOF.Gather.PostfilterMethod:1          ; Median3x3 postfilering method]]
[2025.06.14-17.04.57:444][  0]LogConfig: Setting CVar [[r.DOF.Gather.EnableBokehSettings:0       ; no bokeh simulation when gathering]]
[2025.06.14-17.04.57:444][  0]LogConfig: Setting CVar [[r.DOF.Gather.RingCount:4                 ; medium number of samples when gathering]]
[2025.06.14-17.04.57:444][  0]LogConfig: Setting CVar [[r.DOF.Scatter.ForegroundCompositing:1    ; additive foreground scattering]]
[2025.06.14-17.04.57:444][  0]LogConfig: Setting CVar [[r.DOF.Scatter.BackgroundCompositing:2    ; additive background scattering]]
[2025.06.14-17.04.57:444][  0]LogConfig: Setting CVar [[r.DOF.Scatter.EnableBokehSettings:1      ; bokeh simulation when scattering]]
[2025.06.14-17.04.57:444][  0]LogConfig: Setting CVar [[r.DOF.Scatter.MaxSpriteRatio:0.1         ; only a maximum of 10% of scattered bokeh]]
[2025.06.14-17.04.57:444][  0]LogConfig: Setting CVar [[r.DOF.Recombine.Quality:1                ; cheap slight out of focus]]
[2025.06.14-17.04.57:444][  0]LogConfig: Setting CVar [[r.DOF.Recombine.EnableBokehSettings:0    ; no bokeh simulation on slight out of focus]]
[2025.06.14-17.04.57:444][  0]LogConfig: Setting CVar [[r.DOF.TemporalAAQuality:1                ; more stable temporal accumulation]]
[2025.06.14-17.04.57:444][  0]LogConfig: Setting CVar [[r.DOF.Kernel.MaxForegroundRadius:0.025]]
[2025.06.14-17.04.57:444][  0]LogConfig: Setting CVar [[r.DOF.Kernel.MaxBackgroundRadius:0.025]]
[2025.06.14-17.04.57:444][  0]LogConfig: Applying CVar settings from Section [TextureQuality@3] File [D:/Repozytoria/UE 4.27/KZ_TopDownShooter/TopDownAC/Saved/Config/Windows/Scalability.ini]
[2025.06.14-17.04.57:444][  0]LogConfig: Setting CVar [[r.Streaming.MipBias:0]]
[2025.06.14-17.04.57:444][  0]LogConfig: Setting CVar [[r.Streaming.AmortizeCPUToGPUCopy:0]]
[2025.06.14-17.04.57:444][  0]LogConfig: Setting CVar [[r.Streaming.MaxNumTexturesToStreamPerFrame:0]]
[2025.06.14-17.04.57:444][  0]LogConfig: Setting CVar [[r.Streaming.Boost:1]]
[2025.06.14-17.04.57:444][  0]LogConfig: Setting CVar [[r.MaxAnisotropy:8]]
[2025.06.14-17.04.57:444][  0]LogConfig: Setting CVar [[r.VT.MaxAnisotropy:8]]
[2025.06.14-17.04.57:444][  0]LogConfig: Setting CVar [[r.Streaming.LimitPoolSizeToVRAM:0]]
[2025.06.14-17.04.57:444][  0]LogConfig: Setting CVar [[r.Streaming.PoolSize:1000]]
[2025.06.14-17.04.57:444][  0]LogConfig: Setting CVar [[r.Streaming.MaxEffectiveScreenSize:0]]
[2025.06.14-17.04.57:444][  0]LogConfig: Applying CVar settings from Section [EffectsQuality@3] File [D:/Repozytoria/UE 4.27/KZ_TopDownShooter/TopDownAC/Saved/Config/Windows/Scalability.ini]
[2025.06.14-17.04.57:444][  0]LogConfig: Setting CVar [[r.TranslucencyLightingVolumeDim:64]]
[2025.06.14-17.04.57:444][  0]LogConfig: Setting CVar [[r.RefractionQuality:2]]
[2025.06.14-17.04.57:444][  0]LogConfig: Setting CVar [[r.SSR.Quality:3]]
[2025.06.14-17.04.57:444][  0]LogConfig: Setting CVar [[r.SSR.HalfResSceneColor:0]]
[2025.06.14-17.04.57:444][  0]LogConfig: Setting CVar [[r.SceneColorFormat:4]]
[2025.06.14-17.04.57:444][  0]LogConfig: Setting CVar [[r.DetailMode:2]]
[2025.06.14-17.04.57:444][  0]LogConfig: Setting CVar [[r.TranslucencyVolumeBlur:1]]
[2025.06.14-17.04.57:444][  0]LogConfig: Setting CVar [[r.MaterialQualityLevel:1 ; High quality]]
[2025.06.14-17.04.57:444][  0]LogConfig: Setting CVar [[r.AnisotropicMaterials:1]]
[2025.06.14-17.04.57:444][  0]LogConfig: Setting CVar [[r.SSS.Scale:1]]
[2025.06.14-17.04.57:444][  0]LogConfig: Setting CVar [[r.SSS.SampleSet:2]]
[2025.06.14-17.04.57:444][  0]LogConfig: Setting CVar [[r.SSS.Quality:1]]
[2025.06.14-17.04.57:444][  0]LogConfig: Setting CVar [[r.SSS.HalfRes:0]]
[2025.06.14-17.04.57:444][  0]LogConfig: Setting CVar [[r.SSGI.Quality:3]]
[2025.06.14-17.04.57:444][  0]LogConfig: Setting CVar [[r.EmitterSpawnRateScale:1.0]]
[2025.06.14-17.04.57:444][  0]LogConfig: Setting CVar [[r.ParticleLightQuality:2]]
[2025.06.14-17.04.57:444][  0]LogConfig: Setting CVar [[r.SkyAtmosphere.AerialPerspectiveLUT.FastApplyOnOpaque:1 ; Always have FastSkyLUT 1 in this case to avoid wrong sky]]
[2025.06.14-17.04.57:444][  0]LogConfig: Setting CVar [[r.SkyAtmosphere.AerialPerspectiveLUT.SampleCountMaxPerSlice:4]]
[2025.06.14-17.04.57:444][  0]LogConfig: Setting CVar [[r.SkyAtmosphere.AerialPerspectiveLUT.DepthResolution:16.0]]
[2025.06.14-17.04.57:444][  0]LogConfig: Setting CVar [[r.SkyAtmosphere.FastSkyLUT:1]]
[2025.06.14-17.04.57:444][  0]LogConfig: Setting CVar [[r.SkyAtmosphere.FastSkyLUT.SampleCountMin:4.0]]
[2025.06.14-17.04.57:444][  0]LogConfig: Setting CVar [[r.SkyAtmosphere.FastSkyLUT.SampleCountMax:128.0]]
[2025.06.14-17.04.57:444][  0]LogConfig: Setting CVar [[r.SkyAtmosphere.SampleCountMin:4.0]]
[2025.06.14-17.04.57:444][  0]LogConfig: Setting CVar [[r.SkyAtmosphere.SampleCountMax:128.0]]
[2025.06.14-17.04.57:444][  0]LogConfig: Setting CVar [[r.SkyAtmosphere.TransmittanceLUT.UseSmallFormat:0]]
[2025.06.14-17.04.57:444][  0]LogConfig: Setting CVar [[r.SkyAtmosphere.TransmittanceLUT.SampleCount:10.0]]
[2025.06.14-17.04.57:444][  0]LogConfig: Setting CVar [[r.SkyAtmosphere.MultiScatteringLUT.SampleCount:15.0]]
[2025.06.14-17.04.57:444][  0]LogConfig: Setting CVar [[r.SkyLight.RealTimeReflectionCapture:1]]
[2025.06.14-17.04.57:444][  0]LogConfig: Applying CVar settings from Section [FoliageQuality@3] File [D:/Repozytoria/UE 4.27/KZ_TopDownShooter/TopDownAC/Saved/Config/Windows/Scalability.ini]
[2025.06.14-17.04.57:444][  0]LogConfig: Setting CVar [[foliage.DensityScale:1.0]]
[2025.06.14-17.04.57:444][  0]LogConfig: Setting CVar [[grass.DensityScale:1.0]]
[2025.06.14-17.04.57:444][  0]LogConfig: Applying CVar settings from Section [ShadingQuality@3] File [D:/Repozytoria/UE 4.27/KZ_TopDownShooter/TopDownAC/Saved/Config/Windows/Scalability.ini]
[2025.06.14-17.04.57:444][  0]LogConfig: Setting CVar [[r.HairStrands.SkyLighting.IntegrationType:2]]
[2025.06.14-17.04.57:444][  0]LogConfig: Setting CVar [[r.HairStrands.SkyAO.SampleCount:4]]
[2025.06.14-17.04.57:444][  0]LogConfig: Setting CVar [[r.HairStrands.Visibility.MSAA.SamplePerPixel:4]]
[2025.06.14-17.04.57:444][  0]LogConfig: Applying CVar settings from Section [Startup] File [../../../Engine/Config/ConsoleVariables.ini]
[2025.06.14-17.04.57:444][  0]LogConfig: Setting CVar [[net.UseAdaptiveNetUpdateFrequency:0]]
[2025.06.14-17.04.57:444][  0]LogConfig: Setting CVar [[p.chaos.AllowCreatePhysxBodies:1]]
[2025.06.14-17.04.57:444][  0]LogConfig: Setting CVar [[fx.SkipVectorVMBackendOptimizations:1]]
[2025.06.14-17.04.57:444][  0]LogConfig: Applying CVar settings from Section [ConsoleVariables] File [D:/Repozytoria/UE 4.27/KZ_TopDownShooter/TopDownAC/Saved/Config/Windows/Engine.ini]
[2025.06.14-17.04.57:444][  0]LogConfig: Applying CVar settings from Section [ConsoleVariables] File [D:/Repozytoria/UE 4.27/KZ_TopDownShooter/TopDownAC/Saved/Config/Windows/Editor.ini]
[2025.06.14-17.04.57:444][  0]LogInit: Computer: LAPTOP-AN92MERF
[2025.06.14-17.04.57:444][  0]LogInit: User: harry
[2025.06.14-17.04.57:444][  0]LogInit: CPU Page size=4096, Cores=14
[2025.06.14-17.04.57:444][  0]LogInit: High frequency timer resolution =10.000000 MHz
[2025.06.14-17.04.57:444][  0]LogMemory: Memory total: Physical=31.7GB (32GB approx)
[2025.06.14-17.04.57:444][  0]LogMemory: Platform Memory Stats for Windows
[2025.06.14-17.04.57:444][  0]LogMemory: Process Physical Memory: 156.36 MB used, 156.36 MB peak
[2025.06.14-17.04.57:444][  0]LogMemory: Process Virtual Memory: 135.40 MB used, 135.40 MB peak
[2025.06.14-17.04.57:444][  0]LogMemory: Physical Memory: 14325.68 MB used,  18106.11 MB free, 32431.79 MB total
[2025.06.14-17.04.57:444][  0]LogMemory: Virtual Memory: 134199568.00 MB used,  18159.83 MB free, 134217728.00 MB total
[2025.06.14-17.04.57:448][  0]LogWindows: WindowsPlatformFeatures enabled
[2025.06.14-17.04.57:473][  0]LogInit: Physics initialised using underlying interface: PhysX
[2025.06.14-17.04.57:474][  0]LogInit: Using OS detected language (pl-PL).
[2025.06.14-17.04.57:474][  0]LogInit: Using OS detected locale (pl-PL).
[2025.06.14-17.04.57:474][  0]LogTextLocalizationManager: No specific localization for 'pl-PL' exists, so the 'pl' localization will be used.
[2025.06.14-17.04.57:475][  0]LogTextLocalizationResource: LocRes '../../../Engine/Content/Localization/Editor/pl/Editor.locres' could not be opened for reading!
[2025.06.14-17.04.57:475][  0]LogTextLocalizationResource: LocRes '../../../Engine/Content/Localization/EditorTutorials/pl/EditorTutorials.locres' could not be opened for reading!
[2025.06.14-17.04.57:475][  0]LogTextLocalizationResource: LocRes '../../../Engine/Content/Localization/Keywords/pl/Keywords.locres' could not be opened for reading!
[2025.06.14-17.04.57:475][  0]LogTextLocalizationResource: LocRes '../../../Engine/Content/Localization/Category/pl/Category.locres' could not be opened for reading!
[2025.06.14-17.04.57:475][  0]LogTextLocalizationResource: LocRes '../../../Engine/Content/Localization/ToolTips/pl/ToolTips.locres' could not be opened for reading!
[2025.06.14-17.04.57:475][  0]LogTextLocalizationResource: LocRes '../../../Engine/Content/Localization/PropertyNames/pl/PropertyNames.locres' could not be opened for reading!
[2025.06.14-17.04.57:475][  0]LogTextLocalizationResource: LocRes '../../../Engine/Content/Localization/Engine/pl/Engine.locres' could not be opened for reading!
[2025.06.14-17.04.57:475][  0]LogInit: Setting process to per monitor DPI aware
[2025.06.14-17.04.57:491][  0]LogWindowsTextInputMethodSystem: Display: IME system deactivated.
[2025.06.14-17.04.57:497][  0]LogSlate: New Slate User Created.  User Index 0, Is Virtual User: 0
[2025.06.14-17.04.57:497][  0]LogSlate: Slate User Registered.  User Index 0, Is Virtual User: 0
[2025.06.14-17.04.57:557][  0]LogD3D11RHI: Loaded GFSDK_Aftermath_Lib.x64.dll
[2025.06.14-17.04.57:596][  0]LogHMD: Failed to initialize OpenVR with code 110
[2025.06.14-17.04.57:596][  0]LogD3D11RHI: D3D11 min allowed feature level: 11_0
[2025.06.14-17.04.57:596][  0]LogD3D11RHI: D3D11 max allowed feature level: 11_0
[2025.06.14-17.04.57:596][  0]LogD3D11RHI: D3D11 adapters:
[2025.06.14-17.04.57:773][  0]LogD3D11RHI:    0. 'NVIDIA GeForce RTX 4060 Laptop GPU' (Feature Level 11_0)
[2025.06.14-17.04.57:773][  0]LogD3D11RHI:       7972/0/16215 MB DedicatedVideo/DedicatedSystem/SharedSystem, Outputs:2, VendorId:0x10de
[2025.06.14-17.04.57:793][  0]LogD3D11RHI:    1. 'Intel(R) UHD Graphics' (Feature Level 11_0)
[2025.06.14-17.04.57:793][  0]LogD3D11RHI:       128/0/16215 MB DedicatedVideo/DedicatedSystem/SharedSystem, Outputs:0, VendorId:0x8086
[2025.06.14-17.04.57:796][  0]LogD3D11RHI:    2. 'Microsoft Basic Render Driver' (Feature Level 11_0)
[2025.06.14-17.04.57:796][  0]LogD3D11RHI:       0/0/16215 MB DedicatedVideo/DedicatedSystem/SharedSystem, Outputs:0, VendorId:0x1414
[2025.06.14-17.04.57:796][  0]LogD3D11RHI: Chosen D3D11 Adapter:
[2025.06.14-17.04.57:796][  0]LogD3D11RHI:     Description : NVIDIA GeForce RTX 4060 Laptop GPU
[2025.06.14-17.04.57:796][  0]LogD3D11RHI:     VendorId    : 10de
[2025.06.14-17.04.57:796][  0]LogD3D11RHI:     DeviceId    : 28e0
[2025.06.14-17.04.57:796][  0]LogD3D11RHI:     SubSysId    : 96011458
[2025.06.14-17.04.57:796][  0]LogD3D11RHI:     Revision    : 00a1
[2025.06.14-17.04.57:796][  0]LogD3D11RHI:     DedicatedVideoMemory : 8359247872 bytes
[2025.06.14-17.04.57:796][  0]LogD3D11RHI:     DedicatedSystemMemory : 0 bytes
[2025.06.14-17.04.57:796][  0]LogD3D11RHI:     SharedSystemMemory : 17003597824 bytes
[2025.06.14-17.04.57:796][  0]LogD3D11RHI:     AdapterLuid : 0 85986
[2025.06.14-17.04.57:803][  0]LogD3D11RHI: Creating new Direct3DDevice
[2025.06.14-17.04.57:803][  0]LogD3D11RHI:     GPU DeviceId: 0x28e0 (for the marketing name, search the web for "GPU Device Id")
[2025.06.14-17.04.57:803][  0]LogWindows: EnumDisplayDevices:
[2025.06.14-17.04.57:803][  0]LogWindows:    0. 'Intel(R) UHD Graphics' (P:1 D:1)
[2025.06.14-17.04.57:804][  0]LogWindows:    1. 'Intel(R) UHD Graphics' (P:0 D:0)
[2025.06.14-17.04.57:804][  0]LogWindows:    2. 'Intel(R) UHD Graphics' (P:0 D:0)
[2025.06.14-17.04.57:804][  0]LogWindows:    3. 'Intel(R) UHD Graphics' (P:0 D:0)
[2025.06.14-17.04.57:804][  0]LogWindows:    4. 'NVIDIA GeForce RTX 4060 Laptop GPU' (P:0 D:1)
[2025.06.14-17.04.57:804][  0]LogWindows:    5. 'NVIDIA GeForce RTX 4060 Laptop GPU' (P:0 D:0)
[2025.06.14-17.04.57:804][  0]LogWindows:    6. 'NVIDIA GeForce RTX 4060 Laptop GPU' (P:0 D:0)
[2025.06.14-17.04.57:804][  0]LogWindows:    7. 'NVIDIA GeForce RTX 4060 Laptop GPU' (P:0 D:0)
[2025.06.14-17.04.57:804][  0]LogWindows: DebugString: PrimaryIsNotTheChoosenAdapter PrimaryIsNotTheChoosenAdapter PrimaryIsNotTheChoosenAdapter PrimaryIsNotTheChoosenAdapter FoundDriverCount:4 
[2025.06.14-17.04.57:804][  0]LogD3D11RHI:     Adapter Name: NVIDIA GeForce RTX 4060 Laptop GPU
[2025.06.14-17.04.57:804][  0]LogD3D11RHI:   Driver Version: 546.46 (internal:31.0.15.4646, unified:546.46)
[2025.06.14-17.04.57:804][  0]LogD3D11RHI:      Driver Date: 12-14-2023
[2025.06.14-17.04.57:804][  0]LogRHI: Texture pool is 5580 MB (70% of 7972 MB)
[2025.06.14-17.04.57:804][  0]LogD3D11RHI: Creating D3DDevice using adapter:
[2025.06.14-17.04.57:804][  0]LogD3D11RHI:     Description : NVIDIA GeForce RTX 4060 Laptop GPU
[2025.06.14-17.04.57:804][  0]LogD3D11RHI:     VendorId    : 10de
[2025.06.14-17.04.57:804][  0]LogD3D11RHI:     DeviceId    : 28e0
[2025.06.14-17.04.57:804][  0]LogD3D11RHI:     SubSysId    : 96011458
[2025.06.14-17.04.57:804][  0]LogD3D11RHI:     Revision    : 00a1
[2025.06.14-17.04.57:804][  0]LogD3D11RHI:     DedicatedVideoMemory : 8359247872 bytes
[2025.06.14-17.04.57:804][  0]LogD3D11RHI:     DedicatedSystemMemory : 0 bytes
[2025.06.14-17.04.57:804][  0]LogD3D11RHI:     SharedSystemMemory : 17003597824 bytes
[2025.06.14-17.04.57:804][  0]LogD3D11RHI:     AdapterLuid : 0 85986
[2025.06.14-17.04.57:894][  0]LogD3D11RHI: RHI has support for 64 bit atomics
[2025.06.14-17.04.57:894][  0]LogD3D11RHI: Async texture creation enabled
[2025.06.14-17.04.57:894][  0]LogD3D11RHI: Array index from any shader is supported
[2025.06.14-17.04.57:914][  0]LogD3D11RHI: GPU Timing Frequency: 1000.000000 (Debug: 2 2)
[2025.06.14-17.04.57:933][  0]LogRHI: GeForceNow SDK initialized: 1
[2025.06.14-17.04.58:132][  0]LogTargetPlatformManager: Display: Loaded TargetPlatform 'AllDesktop'
[2025.06.14-17.04.58:147][  0]LogTargetPlatformManager: Display: Loaded TargetPlatform 'Android'
[2025.06.14-17.04.58:147][  0]LogTargetPlatformManager: Display: Loaded TargetPlatform 'Android_ASTC'
[2025.06.14-17.04.58:147][  0]LogTargetPlatformManager: Display: Loaded TargetPlatform 'Android_DXT'
[2025.06.14-17.04.58:147][  0]LogTargetPlatformManager: Display: Loaded TargetPlatform 'Android_ETC2'
[2025.06.14-17.04.58:147][  0]LogTargetPlatformManager: Display: Loaded TargetPlatform 'AndroidClient'
[2025.06.14-17.04.58:147][  0]LogTargetPlatformManager: Display: Loaded TargetPlatform 'Android_ASTCClient'
[2025.06.14-17.04.58:147][  0]LogTargetPlatformManager: Display: Loaded TargetPlatform 'Android_DXTClient'
[2025.06.14-17.04.58:147][  0]LogTargetPlatformManager: Display: Loaded TargetPlatform 'Android_ETC2Client'
[2025.06.14-17.04.58:147][  0]LogTargetPlatformManager: Display: Loaded TargetPlatform 'Android_Multi'
[2025.06.14-17.04.58:147][  0]LogTargetPlatformManager: Display: Loaded TargetPlatform 'Android_MultiClient'
[2025.06.14-17.04.58:157][  0]LogTargetPlatformManager: Display: Loaded TargetPlatform 'IOSClient'
[2025.06.14-17.04.58:157][  0]LogTargetPlatformManager: Display: Loaded TargetPlatform 'IOS'
[2025.06.14-17.04.58:162][  0]LogTargetPlatformManager: Display: Loaded TargetPlatform 'Linux'
[2025.06.14-17.04.58:165][  0]LogTargetPlatformManager: Display: Loaded TargetPlatform 'LinuxNoEditor'
[2025.06.14-17.04.58:168][  0]LogTargetPlatformManager: Display: Loaded TargetPlatform 'LinuxClient'
[2025.06.14-17.04.58:171][  0]LogTargetPlatformManager: Display: Loaded TargetPlatform 'LinuxServer'
[2025.06.14-17.04.58:175][  0]LogTargetPlatformManager: Display: Loaded TargetPlatform 'LinuxAArch64NoEditor'
[2025.06.14-17.04.58:178][  0]LogTargetPlatformManager: Display: Loaded TargetPlatform 'LinuxAArch64Client'
[2025.06.14-17.04.58:181][  0]LogTargetPlatformManager: Display: Loaded TargetPlatform 'LinuxAArch64Server'
[2025.06.14-17.04.58:193][  0]LogTargetPlatformManager: Display: Loaded TargetPlatform 'Lumin'
[2025.06.14-17.04.58:193][  0]LogTargetPlatformManager: Display: Loaded TargetPlatform 'LuminClient'
[2025.06.14-17.04.58:198][  0]LogTargetPlatformManager: Display: Loaded TargetPlatform 'MacNoEditor'
[2025.06.14-17.04.58:201][  0]LogTargetPlatformManager: Display: Loaded TargetPlatform 'Mac'
[2025.06.14-17.04.58:203][  0]LogTargetPlatformManager: Display: Loaded TargetPlatform 'MacClient'
[2025.06.14-17.04.58:205][  0]LogTargetPlatformManager: Display: Loaded TargetPlatform 'MacServer'
[2025.06.14-17.04.58:211][  0]LogTargetPlatformManager: Display: Loaded TargetPlatform 'TVOSClient'
[2025.06.14-17.04.58:211][  0]LogTargetPlatformManager: Display: Loaded TargetPlatform 'TVOS'
[2025.06.14-17.04.58:216][  0]LogTargetPlatformManager: Display: Loaded TargetPlatform 'WindowsNoEditor'
[2025.06.14-17.04.58:219][  0]LogTargetPlatformManager: Display: Loaded TargetPlatform 'Windows'
[2025.06.14-17.04.58:222][  0]LogTargetPlatformManager: Display: Loaded TargetPlatform 'WindowsClient'
[2025.06.14-17.04.58:226][  0]LogTargetPlatformManager: Display: Loaded TargetPlatform 'WindowsServer'
[2025.06.14-17.04.58:226][  0]LogTargetPlatformManager: Display: Building Assets For Windows
[2025.06.14-17.04.58:230][  0]LogAudioDebug: Display: Lib vorbis DLL was dynamically loaded.
[2025.06.14-17.04.58:247][  0]LogTextureFormatOodle: Display: Oodle Texture 2.9.0 init RDO Off
[2025.06.14-17.04.58:267][  0]LogRendererCore: Ray tracing is disabled. Reason: r.RayTracing=0.
[2025.06.14-17.04.58:267][  0]LogShaderCompilers: Guid format shader working directory is -17 characters bigger than the processId version (../../../../../Repozytoria/UE 4.27/KZ_TopDownShooter/TopDownAC/Intermediate/Shaders/WorkingDirectory/24948/).
[2025.06.14-17.04.58:267][  0]LogShaderCompilers: Cleaned the shader compiler working directory 'C:/Users/harry/AppData/Local/Temp/UnrealShaderWorkingDir/0A22B4CF4E051F1FF4CA8C846BAC83EF/'.
[2025.06.14-17.04.58:268][  0]LogXGEController: Cannot use XGE Controller as Incredibuild is not installed on this machine.
[2025.06.14-17.04.58:268][  0]LogShaderCompilers: Cannot use XGE Shader Compiler as Incredibuild is not installed on this machine.
[2025.06.14-17.04.58:268][  0]LogShaderCompilers: Display: Using Local Shader Compiler.
[2025.06.14-17.04.58:815][  0]LogDerivedDataCache: Display: Max Cache Size: 512 MB
[2025.06.14-17.04.58:861][  0]LogDerivedDataCache: Loaded boot cache 0.05s 96MB C:/Users/harry/AppData/Local/UnrealEngine/4.27/DerivedDataCache/Boot.ddc.
[2025.06.14-17.04.58:861][  0]LogDerivedDataCache: Display: Loaded Boot cache: C:/Users/harry/AppData/Local/UnrealEngine/4.27/DerivedDataCache/Boot.ddc
[2025.06.14-17.04.58:861][  0]LogDerivedDataCache: FDerivedDataBackendGraph:  Pak pak cache file ../../../../../Repozytoria/UE 4.27/KZ_TopDownShooter/TopDownAC/DerivedDataCache/DDC.ddp not found, will not use a pak cache.
[2025.06.14-17.04.58:861][  0]LogDerivedDataCache: Unable to find inner node Pak for hierarchical cache Hierarchy.
[2025.06.14-17.04.58:861][  0]LogDerivedDataCache: FDerivedDataBackendGraph:  CompressedPak pak cache file ../../../../../Repozytoria/UE 4.27/KZ_TopDownShooter/TopDownAC/DerivedDataCache/Compressed.ddp not found, will not use a pak cache.
[2025.06.14-17.04.58:861][  0]LogDerivedDataCache: Unable to find inner node CompressedPak for hierarchical cache Hierarchy.
[2025.06.14-17.04.58:873][  0]LogDerivedDataCache: Display: Pak cache opened for reading ../../../Engine/DerivedDataCache/Compressed.ddp.
[2025.06.14-17.04.58:873][  0]LogDerivedDataCache: FDerivedDataBackendGraph:  EnterprisePak pak cache file ../../../Enterprise/DerivedDataCache/Compressed.ddp not found, will not use a pak cache.
[2025.06.14-17.04.58:873][  0]LogDerivedDataCache: Unable to find inner node EnterprisePak for hierarchical cache Hierarchy.
[2025.06.14-17.04.58:878][  0]LogDerivedDataCache: Speed tests for C:/Users/harry/AppData/Local/UnrealEngine/Common/DerivedDataCache took 0.01 seconds
[2025.06.14-17.04.58:878][  0]LogDerivedDataCache: Display: Performance to C:/Users/harry/AppData/Local/UnrealEngine/Common/DerivedDataCache: Latency=0.02ms. RandomReadSpeed=2020.62MBs, RandomWriteSpeed=194.69MBs. Assigned SpeedClass 'Local'
[2025.06.14-17.04.58:880][  0]LogDerivedDataCache: Using Local data cache path C:/Users/harry/AppData/Local/UnrealEngine/Common/DerivedDataCache: Writable
[2025.06.14-17.04.58:880][  0]LogDerivedDataCache: Shared data cache path not found in *engine.ini, will not use an Shared cache.
[2025.06.14-17.04.58:880][  0]LogDerivedDataCache: Unable to find inner node Shared for hierarchical cache Hierarchy.
[2025.06.14-17.04.58:906][  0]LogSlate: Using FreeType 2.10.0
[2025.06.14-17.04.58:906][  0]LogSlate: SlateFontServices - WITH_FREETYPE: 1, WITH_HARFBUZZ: 1
[2025.06.14-17.04.58:925][  0]LogAssetRegistry: FAssetRegistry took 0.0019 seconds to start up
[2025.06.14-17.04.59:082][  0]LogInit: Selected Device Profile: [Windows]
[2025.06.14-17.04.59:082][  0]LogInit: Active device profile: [000001D574B40700][000001D574DE2280 49] Windows
[2025.06.14-17.04.59:082][  0]LogInit: Profiles: [000001D574B40700][000001D574DE2280 49] Windows, [000001D574B03700][000001D574DEA400 49] WindowsNoEditor, [000001D574B43300][000001D574DEE580 49] WindowsServer, [000001D574B00F00][000001D574DF2700 49] WindowsClient, [000001D574B43500][000001D574DF6880 49] IOS, [000001D574AFBF00][000001D574DE69C0 49] iPadAir, [000001D574B03B00][000001D574DFAB00 49] iPadAir2, [000001D574AAC500][000001D574E02D40 49] IPadPro, [000001D574AAC600][000001D574DFED80 49] iPadAir3, [000001D574AF8100][000001D574E0AF00 49] iPadAir4, [000001D574AAEC00][000001D574E0F080 49] iPadMini2, [000001D574AFA500][000001D574E13200 49] iPadMini3, [000001D574AAF400][000001D574E17380 49] iPadMini4, [000001D574AF8F00][000001D574E1B500 49] iPadMini5, [000001D574AABE00][000001D574E237C0 49] iPhone6, [000001D574AABF00][000001D574E1F800 49] iPodTouch6, [000001D574B43900][000001D574E2BAC0 49] iPhone7, [000001D574B42100][000001D574E27B00 49] iPodTouch7, [000001D574AA8400][000001D574E2E100 49] iPhone5S, [000001D574AAFD00][000001D574E32280 49] iPhone6Plus, [000001D574B43400][000001D574E36400 49] iPhone6S, [000001D574AAE000][000001D574E3A580 49] iPhone6SPlus, [000001D574B40900][000001D574E3E700 49] iPhone7Plus, [000001D574AACE00][000001D574E42880 49] iPhoneSE, [000001D574B40200][000001D574E46A00 49] iPhone8, [000001D574AAE400][000001D574E06B40 49] iPhone8Plus, [000001D574B41E00][000001D574E4AC80 49] iPhoneX, [000001D574AAFE00][000001D574E4EDC0 49] iPhoneXS, [000001D574B41600][000001D574E52F00 49] iPhoneXSMax, [000001D574AAE500][000001D574E5B080 49] iPhoneXR, [000001D574B42A00][000001D574E5F200 49] iPhone11, [000001D574AAFA00][000001D574E63380 49] iPhone11Pro, [000001D574B40F00][000001D574E67500 49] iPhone11ProMax, [000001D574AAE300][000001D574E6B680 49] iPhoneSE2, [000001D574B42700][000001D574E6F800 49] iPhone12Mini, [000001D574AAC700][000001D574E73980 49] iPhone12, [000001D574B43100][000001D574E77B00 49] iPhone12Pro, [000001D574AAF500][000001D574E7A100 49] iPhone12ProMax, [000001D574B40800][000001D574E7E280 49] iPadPro105, [000001D574AADC00][000001D574E82400 49] iPadPro129, [000001D574B40300][000001D574E86580 49] iPadPro97, [000001D574AADD00][000001D574E8A700 49] iPadPro2_129, [000001D574B40C00][000001D574E8E880 49] iPad5, [000001D574AAF000][000001D574E92A00 49] iPad6, [000001D574B42C00][000001D574E96B80 49] iPad7, [000001D574AAEE00][000001D574E9AD00 49] iPad8, [000001D574B41800][000001D574E56E40 49] iPadPro11, [000001D574AADB00][000001D574E9EF80 49] iPadPro2_11, [000001D574B41500][000001D574EA30C0 49] iPadPro3_129, [000001D574AAE700][000001D574EAB240 49] iPadPro4_129, [000001D574B40100][000001D574EAF3C0 49] AppleTV, [000001D574AAEB00][000001D574EBB540 49] AppleTV4K, [000001D574B41B00][000001D574F2B6C0 49] TVOS, [000001D574AAC900][000001D574F2F840 49] Mac, [000001D574B41700][000001D574F339C0 49] MacClient, [000001D574AAEF00][000001D574F37B40 49] MacNoEditor, [000001D574B40D00][000001D574F3A140 49] MacServer, [000001D574AAC300][000001D574F3E2C0 49] Linux, [000001D574B42E00][000001D574F42440 49] LinuxAArch64, [000001D574AAD500][000001D574F465C0 49] LinuxNoEditor, [000001D574B42400][000001D574F52740 49] LinuxAArch64NoEditor, [000001D574AAC200][000001D574F568C0 49] LinuxClient, [000001D574B42D00][000001D574F5AA40 49] LinuxAArch64Client, [000001D574AACC00][000001D574F5EBC0 49] LinuxServer, [000001D574B40400][000001D574F62D40 49] LinuxAArch64Server, [000001D574AAD000][000001D574F66EC0 49] Android, [000001D574AFB900][000001D574EA7000 49] Android_Low, [000001D574AA9B00][000001D574F6B140 49] Android_Mid, [000001D574AFB000][000001D574FF1280 49] Android_High, [000001D574AAA300][000001D5750453C0 49] Android_Default, [000001D574AFA000][000001D575051540 49] Android_Adreno4xx, [000001D574AA8100][000001D57506D6C0 49] Android_Adreno5xx_Low, [000001D574AF8B00][000001D575071840 49] Android_Adreno5xx, [000001D574AA9800][000001D5750759C0 49] Android_Adreno6xx, [000001D574AF9100][000001D575079B40 49] Android_Adreno6xx_Vulkan, [000001D574AA8800][000001D575088140 49] Android_Mali_T6xx, [000001D574AFB600][000001D5750902C0 49] Android_Mali_T7xx, [000001D574AA8D00][000001D575094440 49] Android_Mali_T8xx, [000001D574AFBC00][000001D5750985C0 49] Android_Mali_G71, [000001D574AA9500][000001D57509C740 49] Android_Mali_G72, [000001D574AFBE00][000001D5750A08C0 49] Android_Mali_G72_Vulkan, [000001D574AABD00][000001D5750ACA40 49] Android_Mali_G76, [000001D574AFBA00][000001D5754CCBC0 49] Android_Mali_G76_Vulkan, [000001D574AAB600][000001D5750B8D40 49] Android_Mali_G77, [000001D574AFA200][000001D5750BCEC0 49] Android_Mali_G77_Vulkan, [000001D574AA9200][000001D56CE33040 49] Android_Mali_G78, [000001D574AF8A00][000001D57504D180 49] Android_Mali_G78_Vulkan, [000001D574AAB000][000001D56CE372C0 49] Android_Mali_G710, [000001D574AF9400][000001D574FDD400 49] Android_Mali_G710_Vulkan, [000001D574AA8700][000001D574FE1540 49] Android_Vulkan_SM5, [000001D574AF9800][000001D574FE96C0 49] Android_PowerVR_G6xxx, [000001D574AA8E00][000001D571731840 49] Android_PowerVR_GT7xxx, [000001D574AF8200][000001D5717359C0 49] Android_PowerVR_GE8xxx, [000001D574AA8600][000001D571739B40 49] Android_PowerVR_GM9xxx, [000001D574AFA600][000001D57173C140 49] Android_PowerVR_GM9xxx_Vulkan, [000001D574AACF00][000001D5717402C0 49] Android_TegraK1, [000001D574AFAA00][000001D571744440 49] Android_Unknown_Vulkan, [000001D574AACD00][000001D574F165C0 49] Lumin, [000001D574AF9200][000001D574F1A740 49] Lumin_Desktop, [000001D574AACB00][000001D574F268C0 49] HoloLens, 
[2025.06.14-17.04.59:161][  0]LogMeshReduction: Using QuadricMeshReduction for automatic static mesh reduction
[2025.06.14-17.04.59:161][  0]LogMeshReduction: Using SimplygonMeshReduction for automatic skeletal mesh reduction
[2025.06.14-17.04.59:161][  0]LogMeshReduction: Using ProxyLODMeshReduction for automatic mesh merging
[2025.06.14-17.04.59:161][  0]LogMeshReduction: No distributed automatic mesh merging module available
[2025.06.14-17.04.59:161][  0]LogMeshMerging: No distributed automatic mesh merging module available
[2025.06.14-17.04.59:171][  0]LogNetVersion: TopDownAC 1.0.0, NetCL: 17155196, EngineNetVer: 17, GameNetVer: 0 (Checksum: 548030664)
[2025.06.14-17.04.59:431][  0]LogTexture: Default maximum texture size for cubemaps generated from long-lat sources has been changed from 512 to unlimited. In order to preserve old behaiour for '/Engine/MapTemplates/Sky/DaylightAmbientCubemap.DaylightAmbientCubemap', its maximum texture size has been explicitly set to 512.
[2025.06.14-17.04.59:479][  0]LogHMD: PokeAHoleMaterial loaded successfully
[2025.06.14-17.04.59:482][  0]LogUObjectArray: 17178 objects as part of root set at end of initial load.
[2025.06.14-17.04.59:482][  0]LogUObjectAllocator: 4302048 out of 0 bytes used by permanent object pool.
[2025.06.14-17.04.59:482][  0]LogUObjectArray: CloseDisregardForGC: 0/0 objects in disregard for GC pool
[2025.06.14-17.04.59:659][  0]LogPython: Using Python 3.7.7
[2025.06.14-17.04.59:936][  0]LogNiagaraDebuggerClient: Niagara Debugger Client Initialized | Session: 44D8D25B43A331B35104719BB6F615E9 | Instance: AC35C723419E7A46F18E34933EAAB9C1 (LAPTOP-AN92MERF-24948).
[2025.06.14-17.05.00:027][  0]LogTcpMessaging: Initializing TcpMessaging bridge
[2025.06.14-17.05.00:032][  0]LogUdpMessaging: Initializing bridge on interface 0.0.0.0:0 to multicast group 230.0.0.1:6666.
[2025.06.14-17.05.00:120][  0]SourceControl: Source control is disabled
[2025.06.14-17.05.00:120][  0]SourceControl: Source control is disabled
[2025.06.14-17.05.00:122][  0]SourceControl: Source control is disabled
[2025.06.14-17.05.00:123][  0]SourceControl: Source control is disabled
[2025.06.14-17.05.00:129][  0]SourceControl: Source control is disabled
[2025.06.14-17.05.00:132][  0]LogUProjectInfo: Found projects:
[2025.06.14-17.05.00:136][  0]LogVSAccessor: Display: Unable to create Visual Studio setup instance: 80040154
[2025.06.14-17.05.00:138][  0]LogVSAccessor: Display: Unable to create Visual Studio setup instance: 80040154
[2025.06.14-17.05.00:138][  0]LogVSAccessor: Display: Unable to create Visual Studio setup instance: 80040154
[2025.06.14-17.05.00:259][  0]LogOpenImageDenoise: OIDN starting up
[2025.06.14-17.05.00:303][  0]LogAndroidPermission: UAndroidPermissionCallbackProxy::GetInstance
[2025.06.14-17.05.00:317][  0]LogAudioCaptureCore: Display: No Audio Capture implementations found. Audio input will be silent.
[2025.06.14-17.05.00:317][  0]LogAudioCaptureCore: Display: No Audio Capture implementations found. Audio input will be silent.
[2025.06.14-17.05.00:394][  0]LogCollectionManager: Loaded 0 collections in 0.000416 seconds
[2025.06.14-17.05.00:410][  0]LogFileCache: Scanning file cache for directory 'D:/Repozytoria/UE 4.27/KZ_TopDownShooter/TopDownAC/Saved/Collections/' took 0.00s
[2025.06.14-17.05.00:410][  0]LogFileCache: Scanning file cache for directory 'D:/Repozytoria/UE 4.27/KZ_TopDownShooter/TopDownAC/Content/Developers/harry/Collections/' took 0.00s
[2025.06.14-17.05.00:410][  0]LogFileCache: Scanning file cache for directory 'D:/Repozytoria/UE 4.27/KZ_TopDownShooter/TopDownAC/Content/Collections/' took 0.00s
[2025.06.14-17.05.00:410][  0]LogOcInput: OculusInput pre-init called
[2025.06.14-17.05.00:563][  0]LogEngine: Initializing Engine...
[2025.06.14-17.05.00:570][  0]LogHMD: Failed to enumerate extensions. Please check that you have a valid OpenXR runtime installed.
[2025.06.14-17.05.00:570][  0]LogHMD: Failed to initialize OpenVR with code 110
[2025.06.14-17.05.00:570][  0]LogMagicLeap: Warning: VR disabled because ZI is not enabled.  To enable, in the editor, Edit -> Project Settings -> Plugins -> Magic Leap Plugin -> Enable Zero Iteration
[2025.06.14-17.05.00:570][  0]LogStats: UGameplayTagsManager::InitializeManager -  0.000 s
[2025.06.14-17.05.00:645][  0]LogInit: Initializing FReadOnlyCVARCache
[2025.06.14-17.05.00:651][  0]LogAIModule: Creating AISystem for world Untitled
[2025.06.14-17.05.00:656][  0]LogAudio: Display: Initializing Audio Device Manager...
[2025.06.14-17.05.00:657][  0]LogAudio: Display: Loading Default Audio Settings Objects...
[2025.06.14-17.05.00:658][  0]LogAudio: Display: No default SoundConcurrencyObject specified (or failed to load).
[2025.06.14-17.05.00:658][  0]LogAudio: Display: Audio Device Manager Initialized
[2025.06.14-17.05.00:658][  0]LogAudio: Display: Creating Audio Device:                 Id: 1, Scope: Shared, Realtime: True
[2025.06.14-17.05.00:658][  0]LogAudioMixer: Display: Audio Mixer Platform Settings:
[2025.06.14-17.05.00:658][  0]LogAudioMixer: Display: 	Sample Rate:						  48000
[2025.06.14-17.05.00:658][  0]LogAudioMixer: Display: 	Callback Buffer Frame Size Requested: 1024
[2025.06.14-17.05.00:658][  0]LogAudioMixer: Display: 	Callback Buffer Frame Size To Use:	  1024
[2025.06.14-17.05.00:658][  0]LogAudioMixer: Display: 	Number of buffers to queue:			  2
[2025.06.14-17.05.00:658][  0]LogAudioMixer: Display: 	Max Channels (voices):				  32
[2025.06.14-17.05.00:658][  0]LogAudioMixer: Display: 	Number of Async Source Workers:		  0
[2025.06.14-17.05.00:658][  0]LogAudio: Display: AudioDevice MaxSources: 32
[2025.06.14-17.05.00:658][  0]LogAudio: Display: Audio Spatialization Plugin: None (built-in).
[2025.06.14-17.05.00:658][  0]LogAudio: Display: Audio Reverb Plugin: None (built-in).
[2025.06.14-17.05.00:658][  0]LogAudio: Display: Audio Occlusion Plugin: None (built-in).
[2025.06.14-17.05.00:658][  0]LogAudioMixer: Display: Initializing audio mixer.
[2025.06.14-17.05.00:665][  0]LogAudioMixer: Display: 0: FrontLeft
[2025.06.14-17.05.00:665][  0]LogAudioMixer: Display: 1: FrontRight
[2025.06.14-17.05.00:674][  0]LogAudioMixer: Display: Using Audio Device Headphones (Realtek(R) Audio)
[2025.06.14-17.05.00:675][  0]LogAudioMixer: Display: Initializing Sound Submixes...
[2025.06.14-17.05.00:676][  0]LogAudioMixer: Display: Creating Master Submix 'MasterSubmixDefault'
[2025.06.14-17.05.00:676][  0]LogAudioMixer: Display: Creating Master Submix 'MasterReverbSubmixDefault'
[2025.06.14-17.05.00:676][  0]LogAudioMixer: Display: Creating Master Submix 'MasterEQSubmixDefault'
[2025.06.14-17.05.00:676][  0]LogAudioMixer: FMixerPlatformXAudio2::StartAudioStream() called
[2025.06.14-17.05.00:676][  0]LogAudioMixer: Display: Output buffers initialized: Frames=1024, Channels=2, Samples=2048
[2025.06.14-17.05.00:677][  0]LogAudioMixer: Display: Starting AudioMixerPlatformInterface::RunInternal()
[2025.06.14-17.05.00:677][  0]LogAudioMixer: Display: FMixerPlatformXAudio2::SubmitBuffer() called for the first time
[2025.06.14-17.05.00:677][  0]LogInit: FAudioDevice initialized.
[2025.06.14-17.05.00:677][  0]LogAudio: Display: Audio Device (ID: 1) registered with world 'Untitled'.
[2025.06.14-17.05.00:677][  0]LogNetVersion: Set ProjectVersion to 1.0.0.0. Version Checksum will be recalculated on next use.
[2025.06.14-17.05.00:736][  0]LogDerivedDataCache: Saved boot cache 0.06s 96MB C:/Users/harry/AppData/Local/UnrealEngine/4.27/DerivedDataCache/Boot.ddc.
[2025.06.14-17.05.00:737][  0]LogInit: Texture streaming: Enabled
[2025.06.14-17.05.00:745][  0]LogAnalytics: Display: [UEEditor.Rocket.Release] APIServer = https://datarouter.ol.epicgames.com/. AppVersion = 4.27.2-18319896+++UE4+Release-4.27
[2025.06.14-17.05.00:747][  0]LogEngineSessionManager: EngineSessionManager initialized
[2025.06.14-17.05.00:747][  0]LogEditorSessionSummary: Verbose: Initializing EditorSessionSummaryWriter for editor session tracking
[2025.06.14-17.05.00:748][  0]LogEditorSessionSummary: EditorSessionSummaryWriter initialized
[2025.06.14-17.05.00:770][  0]LogInit: Transaction tracking system initialized
[2025.06.14-17.05.00:786][  0]BlueprintLog: New page: Editor Load
[2025.06.14-17.05.00:825][  0]LocalizationService: Localization service is disabled
[2025.06.14-17.05.00:840][  0]TimingProfiler: Initialize
[2025.06.14-17.05.00:841][  0]TimingProfiler: OnSessionChanged
[2025.06.14-17.05.00:841][  0]LoadingProfiler: Initialize
[2025.06.14-17.05.00:841][  0]LoadingProfiler: OnSessionChanged
[2025.06.14-17.05.00:841][  0]NetworkingProfiler: Initialize
[2025.06.14-17.05.00:841][  0]NetworkingProfiler: OnSessionChanged
[2025.06.14-17.05.00:841][  0]MemoryProfiler: Initialize
[2025.06.14-17.05.00:841][  0]MemoryProfiler: OnSessionChanged
[2025.06.14-17.05.00:884][  0]LogVSAccessor: Display: Unable to create Visual Studio setup instance: 80040154
[2025.06.14-17.05.00:884][  0]LogVSAccessor: Display: Unable to create Visual Studio setup instance: 80040154
[2025.06.14-17.05.00:886][  0]LogVSAccessor: Display: Unable to create Visual Studio setup instance: 80040154
[2025.06.14-17.05.00:988][  0]LogCook: Display: CookSettings for Memory: MemoryMaxUsedVirtual 0MiB, MemoryMaxUsedPhysical 16384MiB, MemoryMinFreeVirtual 0MiB, MemoryMinFreePhysical 1024MiB
[2025.06.14-17.05.00:988][  0]LogCook: Display: Mobile HDR setting 1
[2025.06.14-17.05.01:109][  0]LogFileCache: Scanning file cache for directory 'D:/Repozytoria/UE 4.27/KZ_TopDownShooter/TopDownAC/Content/' took 0.00s
[2025.06.14-17.05.01:233][  0]LogInit: Display: Engine is initialized. Leaving FEngineLoop::Init()
[2025.06.14-17.05.01:235][  0]SourceControl: Source control is disabled
[2025.06.14-17.05.01:235][  0]LogUnrealEdMisc: Loading editor; pre map load, took 4.421
[2025.06.14-17.05.01:235][  0]Cmd: MAP LOAD FILE="../../../../../Repozytoria/UE 4.27/KZ_TopDownShooter/TopDownAC/Content/Levels/Main.umap" TEMPLATE=0 SHOWPROGRESS=1 FEATURELEVEL=3
[2025.06.14-17.05.01:239][  0]LightingResults: New page: Lighting Build
[2025.06.14-17.05.01:239][  0]LogWorld: UWorld::CleanupWorld for Untitled, bSessionEnded=true, bCleanupResources=true
[2025.06.14-17.05.01:239][  0]LogSlate: InvalidateAllWidgets triggered.  All widgets were invalidated
[2025.06.14-17.05.01:240][  0]MapCheck: New page: Map Check
[2025.06.14-17.05.01:240][  0]LightingResults: New page: Lighting Build
[2025.06.14-17.05.01:243][  0]LogAudio: Display: Audio Device unregistered from world 'None'.
[2025.06.14-17.05.01:245][  0]LogUObjectHash: Compacting FUObjectHashTables data took   0.47ms
[2025.06.14-17.05.02:094][  0]LogTexture: Display: Building textures: LQ_Lightmap_0_2 (OODLE_DXT1, 64X64)
[2025.06.14-17.05.02:094][  0]LogTexture: Display: Building textures: HQ_Lightmap0_2 (OODLE_AutoDXT, 64X64)
[2025.06.14-17.05.02:094][  0]LogTexture: Display: Building textures: LQ_Lightmap_0_1 (OODLE_DXT1, 256X256)
[2025.06.14-17.05.02:094][  0]LogTexture: Display: Building textures: HQ_Lightmap0_1 (OODLE_AutoDXT, 256X256)
[2025.06.14-17.05.02:094][  0]LogTexture: Display: Building textures: ShadowMapTexture2D_1 (G8, 32X32)
[2025.06.14-17.05.02:094][  0]LogTexture: Display: Building textures: ShadowMapTexture2D_0 (G8, 256X128)
[2025.06.14-17.05.02:094][  0]LogTexture: Display: Building textures: NewReflectionComponentTextureEB9CBE3C423008B5E8E130901E171C89 (BGRA8, 128X128)
[2025.06.14-17.05.02:094][  0]LogTexture: Display: Building textures: Chr_FPS_Fabric_N_01 (OODLE_BC5, 512X512)
[2025.06.14-17.05.02:094][  0]LogTexture: Display: Building textures: T_Enemy_GreaterSpider_Fire_M (OODLE_AutoDXT, 2048X2048)
[2025.06.14-17.05.02:094][  0]LogTexture: Display: Building textures: T_Vista_Grass_N (OODLE_BC5, 1024X1024)
[2025.06.14-17.05.02:094][  0]LogTextureFormatOodle: Display: non-RDO encode 1024 x 1024 x 1 to format OODLE_BC5 (Oodle OodleTex_BC5U) lambda=0 effort=20 
[2025.06.14-17.05.02:094][  0]LogTexture: Display: Building textures: Chr_FPS_02_M (OODLE_AutoDXT, 2048X2048)
[2025.06.14-17.05.02:094][  0]LogTexture: Display: Building textures: Chr_FPS_M (BGRA8, 2048X2048)
[2025.06.14-17.05.02:094][  0]LogTexture: Display: Building textures: T_Sctraches_01 (OODLE_AutoDXT, 2048X2048)
[2025.06.14-17.05.02:094][  0]LogTextureFormatOodle: Display: non-RDO encode 2048 x 2048 x 1 to format OODLE_AutoDXT (Oodle OodleTex_BC1_WithTransparency) lambda=0 effort=20 
[2025.06.14-17.05.02:094][  0]LogTextureFormatOodle: Display: non-RDO encode 1024 x 1024 x 1 to format OODLE_AutoDXT (Oodle OodleTex_BC1_WithTransparency) lambda=0 effort=20 
[2025.06.14-17.05.02:094][  0]LogTexture: Display: Building textures: Chr_FPS_D (OODLE_AutoDXT, 2048X2048)
[2025.06.14-17.05.02:094][  0]LogTexture: Display: Building textures: T_Enemy_GreaterSpider_Fire_D (OODLE_AutoDXT, 2048X2048)
[2025.06.14-17.05.02:094][  0]LogTexture: Display: Building textures: Chr_FPS_Metal_01 (OODLE_BC5, 2048X2048)
[2025.06.14-17.05.02:094][  0]LogTextureFormatOodle: Display: non-RDO encode 1024 x 1024 x 1 to format OODLE_AutoDXT (Oodle OodleTex_BC3) lambda=0 effort=20 
[2025.06.14-17.05.02:094][  0]LogTextureFormatOodle: Display: non-RDO encode 2048 x 2048 x 1 to format OODLE_AutoDXT (Oodle OodleTex_BC3) lambda=0 effort=20 
[2025.06.14-17.05.02:094][  0]LogTexture: Display: Building textures: T_Enemy_GreaterSpider_Fire_N (OODLE_BC5, 2048X2048)
[2025.06.14-17.05.02:094][  0]LogTexture: Display: Building textures: Chr_FPS_Metal_02 (OODLE_AutoDXT, 2048X2048)
[2025.06.14-17.05.02:094][  0]LogTexture: Display: Building textures: Chr_FPS_M_03tga (OODLE_AutoDXT, 2048X2048)
[2025.06.14-17.05.02:094][  0]LogTexture: Display: Building textures: Chr_FPS_N (OODLE_BC5, 2048X2048)
[2025.06.14-17.05.02:094][  0]LogTextureFormatOodle: Display: non-RDO encode 2048 x 2048 x 1 to format OODLE_BC5 (Oodle OodleTex_BC5U) lambda=0 effort=20 
[2025.06.14-17.05.02:094][  0]LogTextureFormatOodle: Display: non-RDO encode 2048 x 2048 x 1 to format OODLE_BC5 (Oodle OodleTex_BC5U) lambda=0 effort=20 
[2025.06.14-17.05.02:094][  0]LogTextureFormatOodle: Display: non-RDO encode 1024 x 1024 x 1 to format OODLE_BC5 (Oodle OodleTex_BC5U) lambda=0 effort=20 
[2025.06.14-17.05.02:094][  0]LogTextureFormatOodle: Display: non-RDO encode 2048 x 2048 x 1 to format OODLE_AutoDXT (Oodle OodleTex_BC3) lambda=0 effort=20 
[2025.06.14-17.05.02:094][  0]LogTextureFormatOodle: Display: non-RDO encode 1024 x 1024 x 1 to format OODLE_AutoDXT (Oodle OodleTex_BC3) lambda=0 effort=20 
[2025.06.14-17.05.02:094][  0]LogTextureFormatOodle: Display: non-RDO encode 2048 x 2048 x 1 to format OODLE_BC5 (Oodle OodleTex_BC5U) lambda=0 effort=20 
[2025.06.14-17.05.02:094][  0]LogTextureFormatOodle: Display: non-RDO encode 2048 x 2048 x 1 to format OODLE_AutoDXT (Oodle OodleTex_BC3) lambda=0 effort=20 
[2025.06.14-17.05.02:094][  0]LogTextureFormatOodle: Display: non-RDO encode 1024 x 1024 x 1 to format OODLE_AutoDXT (Oodle OodleTex_BC3) lambda=0 effort=20 
[2025.06.14-17.05.02:094][  0]LogTextureFormatOodle: Display: non-RDO encode 2048 x 2048 x 1 to format OODLE_AutoDXT (Oodle OodleTex_BC1_WithTransparency) lambda=0 effort=20 
[2025.06.14-17.05.02:094][  0]LogTextureFormatOodle: Display: non-RDO encode 2048 x 2048 x 1 to format OODLE_AutoDXT (Oodle OodleTex_BC3) lambda=0 effort=20 
[2025.06.14-17.05.02:094][  0]LogTextureFormatOodle: Display: non-RDO encode 1024 x 1024 x 1 to format OODLE_AutoDXT (Oodle OodleTex_BC1_WithTransparency) lambda=0 effort=20 
[2025.06.14-17.05.02:094][  0]LogTextureFormatOodle: Display: non-RDO encode 2048 x 2048 x 1 to format OODLE_AutoDXT (Oodle OodleTex_BC1_WithTransparency) lambda=0 effort=20 
[2025.06.14-17.05.02:094][  0]LogTextureFormatOodle: Display: non-RDO encode 1024 x 1024 x 1 to format OODLE_BC5 (Oodle OodleTex_BC5U) lambda=0 effort=20 
[2025.06.14-17.05.02:094][  0]LogTextureFormatOodle: Display: non-RDO encode 1024 x 1024 x 1 to format OODLE_AutoDXT (Oodle OodleTex_BC3) lambda=0 effort=20 
[2025.06.14-17.05.02:094][  0]LogTextureFormatOodle: Display: non-RDO encode 1024 x 1024 x 1 to format OODLE_AutoDXT (Oodle OodleTex_BC1_WithTransparency) lambda=0 effort=20 
[2025.06.14-17.05.02:095][  0]LogMaterial: Display: Missing cached shadermap for CharM_Greater_Spider in PCD3D_SM5, Default, SM5 (DDC key hash: 141AA4A0A3CC87D1B2553F049186D0033CBE8A0A), compiling. 
[2025.06.14-17.05.02:152][  0]LogShaderCompilers: Display: Submitted 32 shader compile jobs with 'Low' priority
[2025.06.14-17.05.02:153][  0]LogSkeletalMesh: Building Skeletal Mesh SK_Greater_Spider...
[2025.06.14-17.05.02:155][  0]LogSkeletalMesh: Built Skeletal Mesh [0.00s] /Game/Characters/Enemy_Great_Spider/SK_Greater_Spider.SK_Greater_Spider
[2025.06.14-17.05.02:160][  0]LogAnimationCompression: Building Anim DDC data for AnimSequence /Game/Characters/Enemy_Great_Spider/Animations/ExoGame_Greater_Spider_Walk_Fwd.ExoGame_Greater_Spider_Walk_Fwd
[2025.06.14-17.05.02:160][  0]LogAnimationCompression: Building Anim DDC data for AnimSequence /Game/Characters/Enemy_Great_Spider/Animations/ExoGame_Greater_Spider_Idle.ExoGame_Greater_Spider_Idle
[2025.06.14-17.05.02:160][  0]LogSkeletalMesh: Building Skeletal Mesh Marine...
[2025.06.14-17.05.02:172][  0]LogShaderCompilers: Display: Worker (1/17): shaders left to compile 32
[2025.06.14-17.05.02:172][  0]LogShaderCompilers: Display: Worker (2/17): shaders left to compile 30
[2025.06.14-17.05.02:172][  0]LogShaderCompilers: Display: Worker (3/17): shaders left to compile 28
[2025.06.14-17.05.02:172][  0]LogShaderCompilers: Display: Worker (4/17): shaders left to compile 26
[2025.06.14-17.05.02:172][  0]LogShaderCompilers: Display: Worker (5/17): shaders left to compile 24
[2025.06.14-17.05.02:172][  0]LogShaderCompilers: Display: Worker (6/17): shaders left to compile 22
[2025.06.14-17.05.02:172][  0]LogShaderCompilers: Display: Worker (7/17): shaders left to compile 20
[2025.06.14-17.05.02:172][  0]LogShaderCompilers: Display: Worker (8/17): shaders left to compile 18
[2025.06.14-17.05.02:172][  0]LogShaderCompilers: Display: Worker (9/17): shaders left to compile 16
[2025.06.14-17.05.02:172][  0]LogShaderCompilers: Display: Worker (10/17): shaders left to compile 14
[2025.06.14-17.05.02:172][  0]LogShaderCompilers: Display: Worker (11/17): shaders left to compile 12
[2025.06.14-17.05.02:172][  0]LogShaderCompilers: Display: Worker (12/17): shaders left to compile 10
[2025.06.14-17.05.02:172][  0]LogShaderCompilers: Display: Worker (13/17): shaders left to compile 8
[2025.06.14-17.05.02:172][  0]LogShaderCompilers: Display: Worker (14/17): shaders left to compile 6
[2025.06.14-17.05.02:172][  0]LogShaderCompilers: Display: Worker (15/17): shaders left to compile 4
[2025.06.14-17.05.02:172][  0]LogShaderCompilers: Display: Worker (16/17): shaders left to compile 2
[2025.06.14-17.05.02:172][  0]LogShaderCompilers: Display: Started 32 'Local' shader compile jobs with 'Low' priority
[2025.06.14-17.05.02:172][  0]LogSkeletalMesh: Built Skeletal Mesh [0.01s] /Game/Characters/Marine/Marine.Marine
[2025.06.14-17.05.02:177][  0]LogMaterial: Display: Missing cached shadermap for M_Marine in PCD3D_SM5, Default, SM5 (DDC key hash: 108BFBEABD2BB7718FABC360F51D051FAC1D09E8), compiling. 
[2025.06.14-17.05.02:228][  0]LogShaderCompilers: Display: Submitted 84 shader compile jobs with 'Low' priority
[2025.06.14-17.05.02:235][  0]LogAudio: Display: Audio Device (ID: 1) registered with world 'Main'.
[2025.06.14-17.05.02:235][  0]LogAIModule: Creating AISystem for world Main
[2025.06.14-17.05.02:242][  0]LogEditorServer: Finished looking for orphan Actors (0.000 secs)
[2025.06.14-17.05.02:249][  0]LogUObjectHash: Compacting FUObjectHashTables data took   0.62ms
[2025.06.14-17.05.02:255][  0]Cmd: MAP CHECKDEP NOCLEARLOG
[2025.06.14-17.05.02:255][  0]MapCheck: Map check complete: 0 Error(s), 0 Warning(s), took 0,066ms to complete.
[2025.06.14-17.05.02:255][  0]LogFileHelpers: Loading map 'Main' took 1.019
[2025.06.14-17.05.02:256][  0]LogUnrealEdMisc: Total Editor Startup Time, took 5.441
[2025.06.14-17.05.02:305][  0]LogShaderCompilers: Display: Worker (17/17): shaders left to compile 84
[2025.06.14-17.05.02:305][  0]LogShaderCompilers: Display: Started 5 'Local' shader compile jobs with 'Low' priority
[2025.06.14-17.05.02:383][  0]LogSlate: Updating window title bar state: overlay mode, drag disabled, window buttons hidden, title bar hidden
[2025.06.14-17.05.02:404][  0]LogSlate: Updating window title bar state: overlay mode, drag disabled, window buttons hidden, title bar hidden
[2025.06.14-17.05.02:425][  0]LogSlate: Updating window title bar state: overlay mode, drag disabled, window buttons hidden, title bar hidden
[2025.06.14-17.05.02:439][  0]LogSlate: Updating window title bar state: overlay mode, drag disabled, window buttons hidden, title bar hidden
[2025.06.14-17.05.02:466][  0]LogNativeClassHierarchy: Verbose: Native class hierarchy populated in 0.0067 seconds. Added 3822 classes and 928 folders.
[2025.06.14-17.05.02:471][  0]LogNativeClassHierarchy: Verbose: Native class hierarchy updated for 'WidgetCarousel' in 0.0002 seconds. Added 0 classes and 0 folders.
[2025.06.14-17.05.02:485][  0]LogPakFile: PakFile PrimaryIndexSize=187
[2025.06.14-17.05.02:485][  0]LogPakFile: PakFile PathHashIndexSize=101
[2025.06.14-17.05.02:485][  0]LogPakFile: PakFile FullDirectoryIndexSize=148
[2025.06.14-17.05.02:485][  0]LogShaderLibrary: Display: ShaderCodeLibraryPakFileMountedCallback: PakFile 'D:/Epic Games/UE_4.27/FeaturePacks/FP_FirstPerson.upack' (chunk index -1, root 'root:/') mounted
[2025.06.14-17.05.02:485][  0]LogShaderLibrary: Display: ShaderCodeLibraryPakFileMountedCallback: pending pak file info (ChunkID:-1 Root:root:/ File:D:/Epic Games/UE_4.27/FeaturePacks/FP_FirstPerson.upack)
[2025.06.14-17.05.02:485][  0]LogPakFile: OnPakFileMounted2Time == 0.000045
[2025.06.14-17.05.02:490][  0]LogPakFile: PakFile PrimaryIndexSize=189
[2025.06.14-17.05.02:490][  0]LogPakFile: PakFile PathHashIndexSize=101
[2025.06.14-17.05.02:490][  0]LogPakFile: PakFile FullDirectoryIndexSize=152
[2025.06.14-17.05.02:490][  0]LogShaderLibrary: Display: ShaderCodeLibraryPakFileMountedCallback: PakFile 'D:/Epic Games/UE_4.27/FeaturePacks/FP_FirstPersonBP.upack' (chunk index -1, root 'root:/') mounted
[2025.06.14-17.05.02:490][  0]LogShaderLibrary: Display: ShaderCodeLibraryPakFileMountedCallback: pending pak file info (ChunkID:-1 Root:root:/ File:D:/Epic Games/UE_4.27/FeaturePacks/FP_FirstPersonBP.upack)
[2025.06.14-17.05.02:490][  0]LogPakFile: OnPakFileMounted2Time == 0.000035
[2025.06.14-17.05.02:492][  0]LogPakFile: PakFile PrimaryIndexSize=191
[2025.06.14-17.05.02:492][  0]LogPakFile: PakFile PathHashIndexSize=101
[2025.06.14-17.05.02:492][  0]LogPakFile: PakFile FullDirectoryIndexSize=160
[2025.06.14-17.05.02:492][  0]LogShaderLibrary: Display: ShaderCodeLibraryPakFileMountedCallback: PakFile 'D:/Epic Games/UE_4.27/FeaturePacks/MobileStarterContent.upack' (chunk index -1, root 'root:/') mounted
[2025.06.14-17.05.02:492][  0]LogShaderLibrary: Display: ShaderCodeLibraryPakFileMountedCallback: pending pak file info (ChunkID:-1 Root:root:/ File:D:/Epic Games/UE_4.27/FeaturePacks/MobileStarterContent.upack)
[2025.06.14-17.05.02:492][  0]LogPakFile: OnPakFileMounted2Time == 0.000049
[2025.06.14-17.05.02:493][  0]LogPakFile: PakFile PrimaryIndexSize=185
[2025.06.14-17.05.02:493][  0]LogPakFile: PakFile PathHashIndexSize=101
[2025.06.14-17.05.02:493][  0]LogPakFile: PakFile FullDirectoryIndexSize=148
[2025.06.14-17.05.02:494][  0]LogShaderLibrary: Display: ShaderCodeLibraryPakFileMountedCallback: PakFile 'D:/Epic Games/UE_4.27/FeaturePacks/StarterContent.upack' (chunk index -1, root 'root:/') mounted
[2025.06.14-17.05.02:494][  0]LogShaderLibrary: Display: ShaderCodeLibraryPakFileMountedCallback: pending pak file info (ChunkID:-1 Root:root:/ File:D:/Epic Games/UE_4.27/FeaturePacks/StarterContent.upack)
[2025.06.14-17.05.02:494][  0]LogPakFile: OnPakFileMounted2Time == 0.000064
[2025.06.14-17.05.02:495][  0]LogPakFile: PakFile PrimaryIndexSize=190
[2025.06.14-17.05.02:495][  0]LogPakFile: PakFile PathHashIndexSize=101
[2025.06.14-17.05.02:495][  0]LogPakFile: PakFile FullDirectoryIndexSize=154
[2025.06.14-17.05.02:495][  0]LogShaderLibrary: Display: ShaderCodeLibraryPakFileMountedCallback: PakFile 'D:/Epic Games/UE_4.27/FeaturePacks/TP_2DSideScroller.upack' (chunk index -1, root 'root:/') mounted
[2025.06.14-17.05.02:495][  0]LogShaderLibrary: Display: ShaderCodeLibraryPakFileMountedCallback: pending pak file info (ChunkID:-1 Root:root:/ File:D:/Epic Games/UE_4.27/FeaturePacks/TP_2DSideScroller.upack)
[2025.06.14-17.05.02:495][  0]LogPakFile: OnPakFileMounted2Time == 0.000041
[2025.06.14-17.05.02:497][  0]LogPakFile: PakFile PrimaryIndexSize=192
[2025.06.14-17.05.02:497][  0]LogPakFile: PakFile PathHashIndexSize=101
[2025.06.14-17.05.02:497][  0]LogPakFile: PakFile FullDirectoryIndexSize=158
[2025.06.14-17.05.02:497][  0]LogShaderLibrary: Display: ShaderCodeLibraryPakFileMountedCallback: PakFile 'D:/Epic Games/UE_4.27/FeaturePacks/TP_2DSideScrollerBP.upack' (chunk index -1, root 'root:/') mounted
[2025.06.14-17.05.02:497][  0]LogShaderLibrary: Display: ShaderCodeLibraryPakFileMountedCallback: pending pak file info (ChunkID:-1 Root:root:/ File:D:/Epic Games/UE_4.27/FeaturePacks/TP_2DSideScrollerBP.upack)
[2025.06.14-17.05.02:497][  0]LogPakFile: OnPakFileMounted2Time == 0.000033
[2025.06.14-17.05.02:499][  0]LogPakFile: PakFile PrimaryIndexSize=182
[2025.06.14-17.05.02:499][  0]LogPakFile: PakFile PathHashIndexSize=101
[2025.06.14-17.05.02:499][  0]LogPakFile: PakFile FullDirectoryIndexSize=138
[2025.06.14-17.05.02:499][  0]LogShaderLibrary: Display: ShaderCodeLibraryPakFileMountedCallback: PakFile 'D:/Epic Games/UE_4.27/FeaturePacks/TP_Flying.upack' (chunk index -1, root 'root:/') mounted
[2025.06.14-17.05.02:499][  0]LogShaderLibrary: Display: ShaderCodeLibraryPakFileMountedCallback: pending pak file info (ChunkID:-1 Root:root:/ File:D:/Epic Games/UE_4.27/FeaturePacks/TP_Flying.upack)
[2025.06.14-17.05.02:499][  0]LogPakFile: OnPakFileMounted2Time == 0.000027
[2025.06.14-17.05.02:501][  0]LogPakFile: PakFile PrimaryIndexSize=184
[2025.06.14-17.05.02:501][  0]LogPakFile: PakFile PathHashIndexSize=101
[2025.06.14-17.05.02:501][  0]LogPakFile: PakFile FullDirectoryIndexSize=142
[2025.06.14-17.05.02:501][  0]LogShaderLibrary: Display: ShaderCodeLibraryPakFileMountedCallback: PakFile 'D:/Epic Games/UE_4.27/FeaturePacks/TP_FlyingBP.upack' (chunk index -1, root 'root:/') mounted
[2025.06.14-17.05.02:501][  0]LogShaderLibrary: Display: ShaderCodeLibraryPakFileMountedCallback: pending pak file info (ChunkID:-1 Root:root:/ File:D:/Epic Games/UE_4.27/FeaturePacks/TP_FlyingBP.upack)
[2025.06.14-17.05.02:501][  0]LogPakFile: OnPakFileMounted2Time == 0.000025
[2025.06.14-17.05.02:503][  0]LogPakFile: PakFile PrimaryIndexSize=188
[2025.06.14-17.05.02:503][  0]LogPakFile: PakFile PathHashIndexSize=101
[2025.06.14-17.05.02:503][  0]LogPakFile: PakFile FullDirectoryIndexSize=150
[2025.06.14-17.05.02:503][  0]LogShaderLibrary: Display: ShaderCodeLibraryPakFileMountedCallback: PakFile 'D:/Epic Games/UE_4.27/FeaturePacks/TP_HandheldARBP.upack' (chunk index -1, root 'root:/') mounted
[2025.06.14-17.05.02:503][  0]LogShaderLibrary: Display: ShaderCodeLibraryPakFileMountedCallback: pending pak file info (ChunkID:-1 Root:root:/ File:D:/Epic Games/UE_4.27/FeaturePacks/TP_HandheldARBP.upack)
[2025.06.14-17.05.02:503][  0]LogPakFile: OnPakFileMounted2Time == 0.000025
[2025.06.14-17.05.02:505][  0]LogPakFile: PakFile PrimaryIndexSize=182
[2025.06.14-17.05.02:505][  0]LogPakFile: PakFile PathHashIndexSize=101
[2025.06.14-17.05.02:505][  0]LogPakFile: PakFile FullDirectoryIndexSize=138
[2025.06.14-17.05.02:505][  0]LogShaderLibrary: Display: ShaderCodeLibraryPakFileMountedCallback: PakFile 'D:/Epic Games/UE_4.27/FeaturePacks/TP_Puzzle.upack' (chunk index -1, root 'root:/') mounted
[2025.06.14-17.05.02:505][  0]LogShaderLibrary: Display: ShaderCodeLibraryPakFileMountedCallback: pending pak file info (ChunkID:-1 Root:root:/ File:D:/Epic Games/UE_4.27/FeaturePacks/TP_Puzzle.upack)
[2025.06.14-17.05.02:505][  0]LogPakFile: OnPakFileMounted2Time == 0.000041
[2025.06.14-17.05.02:507][  0]LogPakFile: PakFile PrimaryIndexSize=184
[2025.06.14-17.05.02:507][  0]LogPakFile: PakFile PathHashIndexSize=101
[2025.06.14-17.05.02:507][  0]LogPakFile: PakFile FullDirectoryIndexSize=142
[2025.06.14-17.05.02:507][  0]LogShaderLibrary: Display: ShaderCodeLibraryPakFileMountedCallback: PakFile 'D:/Epic Games/UE_4.27/FeaturePacks/TP_PuzzleBP.upack' (chunk index -1, root 'root:/') mounted
[2025.06.14-17.05.02:507][  0]LogShaderLibrary: Display: ShaderCodeLibraryPakFileMountedCallback: pending pak file info (ChunkID:-1 Root:root:/ File:D:/Epic Games/UE_4.27/FeaturePacks/TP_PuzzleBP.upack)
[2025.06.14-17.05.02:507][  0]LogPakFile: OnPakFileMounted2Time == 0.000034
[2025.06.14-17.05.02:508][  0]LogPakFile: PakFile PrimaryIndexSize=183
[2025.06.14-17.05.02:509][  0]LogPakFile: PakFile PathHashIndexSize=101
[2025.06.14-17.05.02:509][  0]LogPakFile: PakFile FullDirectoryIndexSize=140
[2025.06.14-17.05.02:509][  0]LogShaderLibrary: Display: ShaderCodeLibraryPakFileMountedCallback: PakFile 'D:/Epic Games/UE_4.27/FeaturePacks/TP_Rolling.upack' (chunk index -1, root 'root:/') mounted
[2025.06.14-17.05.02:509][  0]LogShaderLibrary: Display: ShaderCodeLibraryPakFileMountedCallback: pending pak file info (ChunkID:-1 Root:root:/ File:D:/Epic Games/UE_4.27/FeaturePacks/TP_Rolling.upack)
[2025.06.14-17.05.02:509][  0]LogPakFile: OnPakFileMounted2Time == 0.000024
[2025.06.14-17.05.02:510][  0]LogPakFile: PakFile PrimaryIndexSize=185
[2025.06.14-17.05.02:510][  0]LogPakFile: PakFile PathHashIndexSize=101
[2025.06.14-17.05.02:510][  0]LogPakFile: PakFile FullDirectoryIndexSize=144
[2025.06.14-17.05.02:510][  0]LogShaderLibrary: Display: ShaderCodeLibraryPakFileMountedCallback: PakFile 'D:/Epic Games/UE_4.27/FeaturePacks/TP_RollingBP.upack' (chunk index -1, root 'root:/') mounted
[2025.06.14-17.05.02:510][  0]LogShaderLibrary: Display: ShaderCodeLibraryPakFileMountedCallback: pending pak file info (ChunkID:-1 Root:root:/ File:D:/Epic Games/UE_4.27/FeaturePacks/TP_RollingBP.upack)
[2025.06.14-17.05.02:510][  0]LogPakFile: OnPakFileMounted2Time == 0.000023
[2025.06.14-17.05.02:511][  0]LogPakFile: PakFile PrimaryIndexSize=188
[2025.06.14-17.05.02:511][  0]LogPakFile: PakFile PathHashIndexSize=101
[2025.06.14-17.05.02:511][  0]LogPakFile: PakFile FullDirectoryIndexSize=150
[2025.06.14-17.05.02:511][  0]LogShaderLibrary: Display: ShaderCodeLibraryPakFileMountedCallback: PakFile 'D:/Epic Games/UE_4.27/FeaturePacks/TP_SideScroller.upack' (chunk index -1, root 'root:/') mounted
[2025.06.14-17.05.02:511][  0]LogShaderLibrary: Display: ShaderCodeLibraryPakFileMountedCallback: pending pak file info (ChunkID:-1 Root:root:/ File:D:/Epic Games/UE_4.27/FeaturePacks/TP_SideScroller.upack)
[2025.06.14-17.05.02:511][  0]LogPakFile: OnPakFileMounted2Time == 0.000023
[2025.06.14-17.05.02:512][  0]LogPakFile: PakFile PrimaryIndexSize=190
[2025.06.14-17.05.02:512][  0]LogPakFile: PakFile PathHashIndexSize=101
[2025.06.14-17.05.02:512][  0]LogPakFile: PakFile FullDirectoryIndexSize=154
[2025.06.14-17.05.02:512][  0]LogShaderLibrary: Display: ShaderCodeLibraryPakFileMountedCallback: PakFile 'D:/Epic Games/UE_4.27/FeaturePacks/TP_SideScrollerBP.upack' (chunk index -1, root 'root:/') mounted
[2025.06.14-17.05.02:512][  0]LogShaderLibrary: Display: ShaderCodeLibraryPakFileMountedCallback: pending pak file info (ChunkID:-1 Root:root:/ File:D:/Epic Games/UE_4.27/FeaturePacks/TP_SideScrollerBP.upack)
[2025.06.14-17.05.02:512][  0]LogPakFile: OnPakFileMounted2Time == 0.000022
[2025.06.14-17.05.02:514][  0]LogPakFile: PakFile PrimaryIndexSize=187
[2025.06.14-17.05.02:514][  0]LogPakFile: PakFile PathHashIndexSize=101
[2025.06.14-17.05.02:514][  0]LogPakFile: PakFile FullDirectoryIndexSize=148
[2025.06.14-17.05.02:514][  0]LogShaderLibrary: Display: ShaderCodeLibraryPakFileMountedCallback: PakFile 'D:/Epic Games/UE_4.27/FeaturePacks/TP_ThirdPerson.upack' (chunk index -1, root 'root:/') mounted
[2025.06.14-17.05.02:514][  0]LogShaderLibrary: Display: ShaderCodeLibraryPakFileMountedCallback: pending pak file info (ChunkID:-1 Root:root:/ File:D:/Epic Games/UE_4.27/FeaturePacks/TP_ThirdPerson.upack)
[2025.06.14-17.05.02:514][  0]LogPakFile: OnPakFileMounted2Time == 0.000022
[2025.06.14-17.05.02:515][  0]LogPakFile: PakFile PrimaryIndexSize=189
[2025.06.14-17.05.02:515][  0]LogPakFile: PakFile PathHashIndexSize=101
[2025.06.14-17.05.02:515][  0]LogPakFile: PakFile FullDirectoryIndexSize=152
[2025.06.14-17.05.02:515][  0]LogShaderLibrary: Display: ShaderCodeLibraryPakFileMountedCallback: PakFile 'D:/Epic Games/UE_4.27/FeaturePacks/TP_ThirdPersonBP.upack' (chunk index -1, root 'root:/') mounted
[2025.06.14-17.05.02:515][  0]LogShaderLibrary: Display: ShaderCodeLibraryPakFileMountedCallback: pending pak file info (ChunkID:-1 Root:root:/ File:D:/Epic Games/UE_4.27/FeaturePacks/TP_ThirdPersonBP.upack)
[2025.06.14-17.05.02:515][  0]LogPakFile: OnPakFileMounted2Time == 0.000022
[2025.06.14-17.05.02:517][  0]LogPakFile: PakFile PrimaryIndexSize=183
[2025.06.14-17.05.02:517][  0]LogPakFile: PakFile PathHashIndexSize=101
[2025.06.14-17.05.02:517][  0]LogPakFile: PakFile FullDirectoryIndexSize=140
[2025.06.14-17.05.02:517][  0]LogShaderLibrary: Display: ShaderCodeLibraryPakFileMountedCallback: PakFile 'D:/Epic Games/UE_4.27/FeaturePacks/TP_TopDown.upack' (chunk index -1, root 'root:/') mounted
[2025.06.14-17.05.02:517][  0]LogShaderLibrary: Display: ShaderCodeLibraryPakFileMountedCallback: pending pak file info (ChunkID:-1 Root:root:/ File:D:/Epic Games/UE_4.27/FeaturePacks/TP_TopDown.upack)
[2025.06.14-17.05.02:517][  0]LogPakFile: OnPakFileMounted2Time == 0.000028
[2025.06.14-17.05.02:518][  0]LogPakFile: PakFile PrimaryIndexSize=185
[2025.06.14-17.05.02:518][  0]LogPakFile: PakFile PathHashIndexSize=101
[2025.06.14-17.05.02:518][  0]LogPakFile: PakFile FullDirectoryIndexSize=144
[2025.06.14-17.05.02:518][  0]LogShaderLibrary: Display: ShaderCodeLibraryPakFileMountedCallback: PakFile 'D:/Epic Games/UE_4.27/FeaturePacks/TP_TopDownBP.upack' (chunk index -1, root 'root:/') mounted
[2025.06.14-17.05.02:518][  0]LogShaderLibrary: Display: ShaderCodeLibraryPakFileMountedCallback: pending pak file info (ChunkID:-1 Root:root:/ File:D:/Epic Games/UE_4.27/FeaturePacks/TP_TopDownBP.upack)
[2025.06.14-17.05.02:518][  0]LogPakFile: OnPakFileMounted2Time == 0.000024
[2025.06.14-17.05.02:520][  0]LogPakFile: PakFile PrimaryIndexSize=185
[2025.06.14-17.05.02:520][  0]LogPakFile: PakFile PathHashIndexSize=101
[2025.06.14-17.05.02:520][  0]LogPakFile: PakFile FullDirectoryIndexSize=144
[2025.06.14-17.05.02:520][  0]LogShaderLibrary: Display: ShaderCodeLibraryPakFileMountedCallback: PakFile 'D:/Epic Games/UE_4.27/FeaturePacks/TP_TwinStick.upack' (chunk index -1, root 'root:/') mounted
[2025.06.14-17.05.02:520][  0]LogShaderLibrary: Display: ShaderCodeLibraryPakFileMountedCallback: pending pak file info (ChunkID:-1 Root:root:/ File:D:/Epic Games/UE_4.27/FeaturePacks/TP_TwinStick.upack)
[2025.06.14-17.05.02:520][  0]LogPakFile: OnPakFileMounted2Time == 0.000023
[2025.06.14-17.05.02:521][  0]LogPakFile: PakFile PrimaryIndexSize=187
[2025.06.14-17.05.02:521][  0]LogPakFile: PakFile PathHashIndexSize=101
[2025.06.14-17.05.02:521][  0]LogPakFile: PakFile FullDirectoryIndexSize=148
[2025.06.14-17.05.02:521][  0]LogShaderLibrary: Display: ShaderCodeLibraryPakFileMountedCallback: PakFile 'D:/Epic Games/UE_4.27/FeaturePacks/TP_TwinStickBP.upack' (chunk index -1, root 'root:/') mounted
[2025.06.14-17.05.02:521][  0]LogShaderLibrary: Display: ShaderCodeLibraryPakFileMountedCallback: pending pak file info (ChunkID:-1 Root:root:/ File:D:/Epic Games/UE_4.27/FeaturePacks/TP_TwinStickBP.upack)
[2025.06.14-17.05.02:521][  0]LogPakFile: OnPakFileMounted2Time == 0.000021
[2025.06.14-17.05.02:523][  0]LogPakFile: PakFile PrimaryIndexSize=183
[2025.06.14-17.05.02:523][  0]LogPakFile: PakFile PathHashIndexSize=101
[2025.06.14-17.05.02:523][  0]LogPakFile: PakFile FullDirectoryIndexSize=140
[2025.06.14-17.05.02:523][  0]LogShaderLibrary: Display: ShaderCodeLibraryPakFileMountedCallback: PakFile 'D:/Epic Games/UE_4.27/FeaturePacks/TP_Vehicle.upack' (chunk index -1, root 'root:/') mounted
[2025.06.14-17.05.02:523][  0]LogShaderLibrary: Display: ShaderCodeLibraryPakFileMountedCallback: pending pak file info (ChunkID:-1 Root:root:/ File:D:/Epic Games/UE_4.27/FeaturePacks/TP_Vehicle.upack)
[2025.06.14-17.05.02:523][  0]LogPakFile: OnPakFileMounted2Time == 0.000022
[2025.06.14-17.05.02:524][  0]LogPakFile: PakFile PrimaryIndexSize=186
[2025.06.14-17.05.02:524][  0]LogPakFile: PakFile PathHashIndexSize=101
[2025.06.14-17.05.02:524][  0]LogPakFile: PakFile FullDirectoryIndexSize=146
[2025.06.14-17.05.02:524][  0]LogShaderLibrary: Display: ShaderCodeLibraryPakFileMountedCallback: PakFile 'D:/Epic Games/UE_4.27/FeaturePacks/TP_VehicleAdv.upack' (chunk index -1, root 'root:/') mounted
[2025.06.14-17.05.02:524][  0]LogShaderLibrary: Display: ShaderCodeLibraryPakFileMountedCallback: pending pak file info (ChunkID:-1 Root:root:/ File:D:/Epic Games/UE_4.27/FeaturePacks/TP_VehicleAdv.upack)
[2025.06.14-17.05.02:524][  0]LogPakFile: OnPakFileMounted2Time == 0.000022
[2025.06.14-17.05.02:526][  0]LogPakFile: PakFile PrimaryIndexSize=188
[2025.06.14-17.05.02:526][  0]LogPakFile: PakFile PathHashIndexSize=101
[2025.06.14-17.05.02:526][  0]LogPakFile: PakFile FullDirectoryIndexSize=150
[2025.06.14-17.05.02:526][  0]LogShaderLibrary: Display: ShaderCodeLibraryPakFileMountedCallback: PakFile 'D:/Epic Games/UE_4.27/FeaturePacks/TP_VehicleAdvBP.upack' (chunk index -1, root 'root:/') mounted
[2025.06.14-17.05.02:526][  0]LogShaderLibrary: Display: ShaderCodeLibraryPakFileMountedCallback: pending pak file info (ChunkID:-1 Root:root:/ File:D:/Epic Games/UE_4.27/FeaturePacks/TP_VehicleAdvBP.upack)
[2025.06.14-17.05.02:526][  0]LogPakFile: OnPakFileMounted2Time == 0.000023
[2025.06.14-17.05.02:527][  0]LogPakFile: PakFile PrimaryIndexSize=185
[2025.06.14-17.05.02:527][  0]LogPakFile: PakFile PathHashIndexSize=101
[2025.06.14-17.05.02:527][  0]LogPakFile: PakFile FullDirectoryIndexSize=144
[2025.06.14-17.05.02:527][  0]LogShaderLibrary: Display: ShaderCodeLibraryPakFileMountedCallback: PakFile 'D:/Epic Games/UE_4.27/FeaturePacks/TP_VehicleBP.upack' (chunk index -1, root 'root:/') mounted
[2025.06.14-17.05.02:527][  0]LogShaderLibrary: Display: ShaderCodeLibraryPakFileMountedCallback: pending pak file info (ChunkID:-1 Root:root:/ File:D:/Epic Games/UE_4.27/FeaturePacks/TP_VehicleBP.upack)
[2025.06.14-17.05.02:527][  0]LogPakFile: OnPakFileMounted2Time == 0.000022
[2025.06.14-17.05.02:529][  0]LogPakFile: PakFile PrimaryIndexSize=192
[2025.06.14-17.05.02:529][  0]LogPakFile: PakFile PathHashIndexSize=101
[2025.06.14-17.05.02:529][  0]LogPakFile: PakFile FullDirectoryIndexSize=158
[2025.06.14-17.05.02:529][  0]LogShaderLibrary: Display: ShaderCodeLibraryPakFileMountedCallback: PakFile 'D:/Epic Games/UE_4.27/FeaturePacks/TP_VirtualRealityBP.upack' (chunk index -1, root 'root:/') mounted
[2025.06.14-17.05.02:529][  0]LogShaderLibrary: Display: ShaderCodeLibraryPakFileMountedCallback: pending pak file info (ChunkID:-1 Root:root:/ File:D:/Epic Games/UE_4.27/FeaturePacks/TP_VirtualRealityBP.upack)
[2025.06.14-17.05.02:529][  0]LogPakFile: OnPakFileMounted2Time == 0.000022
[2025.06.14-17.05.02:637][  0]LogNativeClassHierarchy: Verbose: Native class hierarchy updated for 'AddContentDialog' in 0.0002 seconds. Added 0 classes and 0 folders.
[2025.06.14-17.05.02:640][  0]LogNativeClassHierarchy: Verbose: Native class hierarchy updated for 'SceneOutliner' in 0.0002 seconds. Added 2 classes and 0 folders.
[2025.06.14-17.05.02:827][  0]LogSlate: Took 0.000298 seconds to synchronously load lazily loaded font '../../../Engine/Content/Slate/Fonts/Roboto-Regular.ttf' (155K)
[2025.06.14-17.05.02:829][  0]LogSlate: Took 0.001808 seconds to synchronously load lazily loaded font '../../../Engine/Content/Editor/Slate/Fonts/FontAwesome.ttf' (139K)
[2025.06.14-17.05.02:831][  0]LogSlate: Took 0.000262 seconds to synchronously load lazily loaded font '../../../Engine/Content/Slate/Fonts/Roboto-Bold.ttf' (160K)
[2025.06.14-17.05.03:044][  0]LogRenderer: Reallocating scene render targets to support 920x560 Format 10 NumSamples 1 (Frame:1).
[2025.06.14-17.05.03:339][  0]LogShaderCompilers: Display: Worker (10/17): shaders left to compile 79
[2025.06.14-17.05.03:339][  0]LogShaderCompilers: Display: Started 5 'Local' shader compile jobs with 'Low' priority
[2025.06.14-17.05.03:339][  0]LogShaderCompilers: Display: Worker (9/17): shaders left to compile 74
[2025.06.14-17.05.03:339][  0]LogShaderCompilers: Display: Started 5 'Local' shader compile jobs with 'Low' priority
[2025.06.14-17.05.03:339][  0]LogShaderCompilers: Display: Worker (2/17): shaders left to compile 69
[2025.06.14-17.05.03:339][  0]LogShaderCompilers: Display: Started 5 'Local' shader compile jobs with 'Low' priority
[2025.06.14-17.05.03:339][  0]LogShaderCompilers: Display: Worker (15/17): shaders left to compile 64
[2025.06.14-17.05.03:339][  0]LogShaderCompilers: Display: Started 4 'Local' shader compile jobs with 'Low' priority
[2025.06.14-17.05.03:339][  0]LogShaderCompilers: Display: Worker (12/17): shaders left to compile 60
[2025.06.14-17.05.03:340][  0]LogShaderCompilers: Display: Started 4 'Local' shader compile jobs with 'Low' priority
[2025.06.14-17.05.03:340][  0]LogShaderCompilers: Display: Worker (1/17): shaders left to compile 56
[2025.06.14-17.05.03:340][  0]LogShaderCompilers: Display: Started 4 'Local' shader compile jobs with 'Low' priority
[2025.06.14-17.05.03:340][  0]LogShaderCompilers: Display: Worker (13/17): shaders left to compile 52
[2025.06.14-17.05.03:340][  0]LogShaderCompilers: Display: Started 4 'Local' shader compile jobs with 'Low' priority
[2025.06.14-17.05.03:340][  0]LogShaderCompilers: Display: Worker (16/17): shaders left to compile 48
[2025.06.14-17.05.03:340][  0]LogShaderCompilers: Display: Started 3 'Local' shader compile jobs with 'Low' priority
[2025.06.14-17.05.03:340][  0]LogShaderCompilers: Display: Worker (4/17): shaders left to compile 45
[2025.06.14-17.05.03:340][  0]LogShaderCompilers: Display: Started 3 'Local' shader compile jobs with 'Low' priority
[2025.06.14-17.05.03:355][  0]LogNativeClassHierarchy: Verbose: Native class hierarchy updated for 'HierarchicalLODOutliner' in 0.0038 seconds. Added 0 classes and 0 folders.
[2025.06.14-17.05.03:355][  0]LogLoad: (Engine Initialization) Total time: 6.54 seconds
[2025.06.14-17.05.03:355][  0]LogLoad: (Engine Initialization) Total Blueprint compile time: 0.00 seconds
[2025.06.14-17.05.03:441][  0]LogShaderCompilers: Display: Worker (11/17): shaders left to compile 42
[2025.06.14-17.05.03:442][  0]LogShaderCompilers: Display: Started 3 'Local' shader compile jobs with 'Low' priority
[2025.06.14-17.05.03:442][  0]LogAnimationCompression: Building Anim DDC data for AnimSequence /Game/Characters/Marine/Animations/Idle.Idle
[2025.06.14-17.05.03:442][  0]LogAnimationCompression: Building Anim DDC data for AnimSequence /Game/Characters/Marine/Animations/Run_Fwd.Run_Fwd
[2025.06.14-17.05.03:442][  0]LogShaderCompilers: Display: Worker (14/17): shaders left to compile 39
[2025.06.14-17.05.03:442][  0]LogShaderCompilers: Display: Started 3 'Local' shader compile jobs with 'Low' priority
[2025.06.14-17.05.03:442][  0]LogShaderCompilers: Display: Worker (7/17): shaders left to compile 36
[2025.06.14-17.05.03:442][  0]LogShaderCompilers: Display: Started 3 'Local' shader compile jobs with 'Low' priority
[2025.06.14-17.05.03:442][  0]LogShaderCompilers: Display: Worker (8/17): shaders left to compile 33
[2025.06.14-17.05.03:442][  0]LogShaderCompilers: Display: Started 2 'Local' shader compile jobs with 'Low' priority
[2025.06.14-17.05.03:442][  0]LogContentStreaming: Texture pool size now 1000 MB
[2025.06.14-17.05.03:481][  1]LogAnimationCompression: Building Anim DDC data for AnimSequence /Game/Characters/Marine/Animations/Run_Bwd.Run_Bwd
[2025.06.14-17.05.03:481][  1]LogAnimationCompression: Building Anim DDC data for AnimSequence /Game/Characters/Marine/Animations/Run_Lt.Run_Lt
[2025.06.14-17.05.03:481][  1]LogAssetRegistry: Asset discovery search completed in 4.5574 seconds
[2025.06.14-17.05.03:485][  1]LogCollectionManager: Fixed up redirectors for 0 collections in 0.000005 seconds (updated 0 objects)
[2025.06.14-17.05.03:535][  2]LogAnimationCompression: Building Anim DDC data for AnimSequence /Game/Characters/Marine/Animations/Run_Rt.Run_Rt
[2025.06.14-17.05.03:535][  2]LogShaderCompilers: Display: Worker (5/17): shaders left to compile 31
[2025.06.14-17.05.03:535][  2]LogShaderCompilers: Display: Started 2 'Local' shader compile jobs with 'Low' priority
[2025.06.14-17.05.03:535][  2]LogSlate: Took 0.001675 seconds to synchronously load lazily loaded font '../../../Engine/Content/Slate/Fonts/Roboto-Light.ttf' (167K)
[2025.06.14-17.05.03:599][  6]LogShaderCompilers: Display: Worker (6/17): shaders left to compile 1
[2025.06.14-17.05.03:599][  6]LogShaderCompilers: Display: Started 1 'Local' shader compile jobs with 'ForceLocal' priority
[2025.06.14-17.05.03:659][  7]LogShaderCompilers: Display: Worker (3/17): shaders left to compile 28
[2025.06.14-17.05.03:659][  7]LogShaderCompilers: Display: Started 2 'Local' shader compile jobs with 'Low' priority
[2025.06.14-17.05.03:925][ 23]LogShaderCompilers: Display: Worker (8/17): shaders left to compile 26
[2025.06.14-17.05.03:925][ 23]LogShaderCompilers: Display: Started 2 'Local' shader compile jobs with 'Low' priority
[2025.06.14-17.05.03:961][ 25]LogShaderCompilers: Display: Worker (5/17): shaders left to compile 24
[2025.06.14-17.05.03:961][ 25]LogShaderCompilers: Display: Started 2 'Local' shader compile jobs with 'Low' priority
[2025.06.14-17.05.04:027][ 29]LogShaderCompilers: Display: Worker (6/17): shaders left to compile 22
[2025.06.14-17.05.04:027][ 29]LogShaderCompilers: Display: Started 2 'Local' shader compile jobs with 'Low' priority
[2025.06.14-17.05.04:059][ 31]LogShaderCompilers: Display: Worker (16/17): shaders left to compile 20
[2025.06.14-17.05.04:059][ 31]LogShaderCompilers: Display: Started 2 'Local' shader compile jobs with 'Low' priority
[2025.06.14-17.05.04:059][ 31]LogShaderCompilers: Display: Worker (7/17): shaders left to compile 18
[2025.06.14-17.05.04:059][ 31]LogShaderCompilers: Display: Started 2 'Local' shader compile jobs with 'Low' priority
[2025.06.14-17.05.04:093][ 33]LogShaderCompilers: Display: Worker (8/17): shaders left to compile 16
[2025.06.14-17.05.04:093][ 33]LogShaderCompilers: Display: Started 2 'Local' shader compile jobs with 'Low' priority
[2025.06.14-17.05.04:257][ 43]LogShaderCompilers: Display: Worker (5/17): shaders left to compile 14
[2025.06.14-17.05.04:257][ 43]LogShaderCompilers: Display: Started 1 'Local' shader compile jobs with 'Low' priority
[2025.06.14-17.05.04:274][ 44]LogShaderCompilers: Display: Worker (16/17): shaders left to compile 13
[2025.06.14-17.05.04:274][ 44]LogShaderCompilers: Display: Started 1 'Local' shader compile jobs with 'Low' priority
[2025.06.14-17.05.04:294][ 45]LogShaderCompilers: Display: Worker (3/17): shaders left to compile 12
[2025.06.14-17.05.04:294][ 45]LogShaderCompilers: Display: Started 1 'Local' shader compile jobs with 'Low' priority
[2025.06.14-17.05.04:363][ 49]LogShaderCompilers: Display: Worker (13/17): shaders left to compile 11
[2025.06.14-17.05.04:363][ 49]LogShaderCompilers: Display: Started 1 'Local' shader compile jobs with 'Low' priority
[2025.06.14-17.05.04:363][ 49]LogShaderCompilers: Display: Worker (15/17): shaders left to compile 10
[2025.06.14-17.05.04:364][ 49]LogShaderCompilers: Display: Started 1 'Local' shader compile jobs with 'Low' priority
[2025.06.14-17.05.04:395][ 50]LogSlate: Took 0.000341 seconds to synchronously load lazily loaded font '../../../Engine/Content/Slate/Fonts/Roboto-Light.ttf' (167K)
[2025.06.14-17.05.04:443][ 52]LogShaderCompilers: Display: Worker (4/17): shaders left to compile 9
[2025.06.14-17.05.04:443][ 52]LogShaderCompilers: Display: Started 1 'Local' shader compile jobs with 'Low' priority
[2025.06.14-17.05.04:467][ 53]LogShaderCompilers: Display: Worker (5/17): shaders left to compile 8
[2025.06.14-17.05.04:467][ 53]LogShaderCompilers: Display: Started 1 'Local' shader compile jobs with 'Low' priority
[2025.06.14-17.05.04:495][ 54]LogShaderCompilers: Display: Worker (13/17): shaders left to compile 7
[2025.06.14-17.05.04:495][ 54]LogShaderCompilers: Display: Started 1 'Local' shader compile jobs with 'Low' priority
[2025.06.14-17.05.04:499][ 54]LogShaderCompilers: Display: Worker (10/17): shaders left to compile 6
[2025.06.14-17.05.04:499][ 54]LogShaderCompilers: Display: Started 1 'Local' shader compile jobs with 'Low' priority
[2025.06.14-17.05.04:526][ 55]LogShaderCompilers: Display: Worker (15/17): shaders left to compile 5
[2025.06.14-17.05.04:526][ 55]LogShaderCompilers: Display: Started 1 'Local' shader compile jobs with 'Low' priority
[2025.06.14-17.05.04:526][ 55]LogShaderCompilers: Display: Worker (3/17): shaders left to compile 4
[2025.06.14-17.05.04:526][ 55]LogShaderCompilers: Display: Started 1 'Local' shader compile jobs with 'Low' priority
[2025.06.14-17.05.04:550][ 56]LogShaderCompilers: Display: Worker (4/17): shaders left to compile 3
[2025.06.14-17.05.04:550][ 56]LogShaderCompilers: Display: Started 1 'Local' shader compile jobs with 'Low' priority
[2025.06.14-17.05.04:550][ 56]LogShaderCompilers: Display: Worker (14/17): shaders left to compile 2
[2025.06.14-17.05.04:550][ 56]LogShaderCompilers: Display: Started 1 'Local' shader compile jobs with 'Low' priority
[2025.06.14-17.05.04:606][ 57]LogShaderCompilers: Display: Worker (9/17): shaders left to compile 1
[2025.06.14-17.05.04:606][ 57]LogShaderCompilers: Display: Started 1 'Local' shader compile jobs with 'Low' priority
[2025.06.14-17.06.08:334][467]LogAssetEditorSubsystem: Opening Asset editor for AnimBlueprint /Game/Characters/Marine/Animations/AB_Soldier_01.AB_Soldier_01
[2025.06.14-17.06.08:347][467]LogNativeClassHierarchy: Verbose: Native class hierarchy updated for 'SkeletonEditor' in 0.0003 seconds. Added 1 classes and 2 folders.
[2025.06.14-17.06.08:352][467]LogTexture: Default maximum texture size for cubemaps generated from long-lat sources has been changed from 512 to unlimited. In order to preserve old behaiour for '/Engine/EditorMaterials/AssetViewer/EpicQuadPanorama_CC+EV1.EpicQuadPanorama_CC+EV1', its maximum texture size has been explicitly set to 512.
[2025.06.14-17.06.08:430][467]LogTexture: Default maximum texture size for cubemaps generated from long-lat sources has been changed from 512 to unlimited. In order to preserve old behaiour for '/Engine/MapTemplates/Sky/SunsetAmbientCubemap.SunsetAmbientCubemap', its maximum texture size has been explicitly set to 512.
[2025.06.14-17.06.08:488][467]LogActorComponent: RegisterComponentWithWorld: (/Engine/Transient.World_4:PersistentLevel.AnimationEditorPreviewActor_0.DebugSkelMeshComponent_0) Already registered. Aborting.
[2025.06.14-17.06.08:491][467]LogNativeClassHierarchy: Verbose: Native class hierarchy updated for 'PinnedCommandList' in 0.0002 seconds. Added 1 classes and 0 folders.
[2025.06.14-17.06.08:713][467]LogNativeClassHierarchy: Verbose: Native class hierarchy updated for 'BlueprintGraph' in 0.0005 seconds. Added 126 classes and 0 folders.
[2025.06.14-17.06.09:392][467]LogSlate: Took 0.000158 seconds to synchronously load lazily loaded font '../../../Engine/Content/Slate/Fonts/Roboto-BoldCondensed.ttf' (158K)
[2025.06.14-17.06.09:521][467]LogContentBrowser: Verbose: The majority of assets in the view are of type: AnimSequence
[2025.06.14-17.06.09:537][468]LogSlate: Took 0.001734 seconds to synchronously load lazily loaded font '../../../Engine/Content/Slate/Fonts/Roboto-Italic.ttf' (157K)
[2025.06.14-17.06.17:522][826]LogSlate: Window 'AB_Soldier_01' being destroyed
[2025.06.14-17.06.19:541][945]LogTemp: Repeating last play command: Selected Viewport
[2025.06.14-17.06.19:550][945]LogPlayLevel: PlayLevel: No blueprints needed recompiling
[2025.06.14-17.06.19:551][945]PIE: New page: PIE session: Main (14 cze 2025, 21:06:19)
[2025.06.14-17.06.19:553][945]LogOnline: OSS: Creating online subsystem instance for: NULL
[2025.06.14-17.06.19:554][945]LogOnline: OSS: TryLoadSubsystemAndSetDefault: Loaded subsystem for module [NULL]
[2025.06.14-17.06.19:555][945]LogPlayLevel: Creating play world package: /Game/Levels/UEDPIE_0_Main
[2025.06.14-17.06.19:559][945]LogPlayLevel: PIE: StaticDuplicateObject took: (0.004036s)
[2025.06.14-17.06.19:561][945]LogAIModule: Creating AISystem for world Main
[2025.06.14-17.06.19:562][945]LogPlayLevel: PIE: World Init took: (0.002274s)
[2025.06.14-17.06.19:562][945]LogPlayLevel: PIE: Created PIE world by copying editor world from /Game/Levels/Main.Main to /Game/Levels/UEDPIE_0_Main.Main (0.006758s)
[2025.06.14-17.06.19:587][945]LogUObjectHash: Compacting FUObjectHashTables data took   2.24ms
[2025.06.14-17.06.19:591][945]LogAudio: Display: Creating Audio Device:                 Id: 2, Scope: Unique, Realtime: True
[2025.06.14-17.06.19:591][945]LogAudioMixer: Display: Audio Mixer Platform Settings:
[2025.06.14-17.06.19:591][945]LogAudioMixer: Display: 	Sample Rate:						  48000
[2025.06.14-17.06.19:591][945]LogAudioMixer: Display: 	Callback Buffer Frame Size Requested: 1024
[2025.06.14-17.06.19:591][945]LogAudioMixer: Display: 	Callback Buffer Frame Size To Use:	  1024
[2025.06.14-17.06.19:591][945]LogAudioMixer: Display: 	Number of buffers to queue:			  2
[2025.06.14-17.06.19:591][945]LogAudioMixer: Display: 	Max Channels (voices):				  32
[2025.06.14-17.06.19:591][945]LogAudioMixer: Display: 	Number of Async Source Workers:		  0
[2025.06.14-17.06.19:591][945]LogAudio: Display: AudioDevice MaxSources: 32
[2025.06.14-17.06.19:591][945]LogAudio: Display: Audio Spatialization Plugin: None (built-in).
[2025.06.14-17.06.19:591][945]LogAudio: Display: Audio Reverb Plugin: None (built-in).
[2025.06.14-17.06.19:591][945]LogAudio: Display: Audio Occlusion Plugin: None (built-in).
[2025.06.14-17.06.19:591][945]LogAudioMixer: Display: Initializing audio mixer.
[2025.06.14-17.06.19:595][945]LogAudioMixer: Display: 0: FrontLeft
[2025.06.14-17.06.19:595][945]LogAudioMixer: Display: 1: FrontRight
[2025.06.14-17.06.19:600][945]LogAudioMixer: Display: Using Audio Device Headphones (Realtek(R) Audio)
[2025.06.14-17.06.19:600][945]LogAudioMixer: Display: Initializing Sound Submixes...
[2025.06.14-17.06.19:600][945]LogAudioMixer: Display: Creating Master Submix 'MasterSubmixDefault'
[2025.06.14-17.06.19:600][945]LogAudioMixer: Display: Creating Master Submix 'MasterReverbSubmixDefault'
[2025.06.14-17.06.19:600][945]LogAudioMixer: Display: Creating Master Submix 'MasterEQSubmixDefault'
[2025.06.14-17.06.19:601][945]LogAudioMixer: FMixerPlatformXAudio2::StartAudioStream() called
[2025.06.14-17.06.19:601][945]LogAudioMixer: Display: Output buffers initialized: Frames=1024, Channels=2, Samples=2048
[2025.06.14-17.06.19:601][945]LogAudioMixer: Display: Starting AudioMixerPlatformInterface::RunInternal()
[2025.06.14-17.06.19:601][945]LogAudioMixer: Display: FMixerPlatformXAudio2::SubmitBuffer() called for the first time
[2025.06.14-17.06.19:601][945]LogInit: FAudioDevice initialized.
[2025.06.14-17.06.19:601][945]LogAudio: Display: Audio Device (ID: 2) registered with world 'Main'.
[2025.06.14-17.06.19:606][945]LogLoad: Game class is 'BP_GameMode_01_C'
[2025.06.14-17.06.19:607][945]LogWorld: Bringing World /Game/Levels/UEDPIE_0_Main.Main up for play (max tick rate 60) at 2025.06.14-19.06.19
[2025.06.14-17.06.19:608][945]LogWorld: Bringing up level for play took: 0.001930
[2025.06.14-17.06.19:608][945]LogOnline: OSS: Creating online subsystem instance for: :Context_9
[2025.06.14-17.06.19:611][945]LogNativeClassHierarchy: Verbose: Native class hierarchy updated for 'MovieSceneCapture' in 0.0002 seconds. Added 20 classes and 0 folders.
[2025.06.14-17.06.19:613][945]PIE: Server logged in
[2025.06.14-17.06.19:614][945]PIE: Play in editor total start time 0,066 seconds.
[2025.06.14-17.06.35:806][904]LogSlate: Updating window title bar state: overlay mode, drag disabled, window buttons hidden, title bar hidden
[2025.06.14-17.06.35:806][904]LogWorld: BeginTearingDown for /Game/Levels/UEDPIE_0_Main
[2025.06.14-17.06.35:806][904]LogWorld: UWorld::CleanupWorld for Main, bSessionEnded=true, bCleanupResources=true
[2025.06.14-17.06.35:807][904]LogSlate: InvalidateAllWidgets triggered.  All widgets were invalidated
[2025.06.14-17.06.35:823][904]LogPlayLevel: Display: Shutting down PIE online subsystems
[2025.06.14-17.06.35:827][904]LogSlate: InvalidateAllWidgets triggered.  All widgets were invalidated
[2025.06.14-17.06.35:863][904]LogAudio: Display: Audio Device unregistered from world 'None'.
[2025.06.14-17.06.35:863][904]LogAudioMixer: FMixerPlatformXAudio2::StopAudioStream() called
[2025.06.14-17.06.35:865][904]LogAudioMixer: FMixerPlatformXAudio2::StopAudioStream() called
[2025.06.14-17.06.35:867][904]LogSlate: Updating window title bar state: overlay mode, drag disabled, window buttons hidden, title bar hidden
[2025.06.14-17.06.35:889][904]LogUObjectHash: Compacting FUObjectHashTables data took   3.86ms
[2025.06.14-17.06.35:911][905]LogPlayLevel: Display: Destroying online subsystem :Context_9
[2025.06.14-17.23.40:091][473]LogUObjectHash: Compacting FUObjectHashTables data took   4.90ms
[2025.06.14-17.23.40:152][473]LogWorld: UWorld::CleanupWorld for World_5, bSessionEnded=true, bCleanupResources=true
[2025.06.14-17.23.40:152][473]LogSlate: InvalidateAllWidgets triggered.  All widgets were invalidated
[2025.06.14-17.23.40:173][473]LogWorld: UWorld::CleanupWorld for World_4, bSessionEnded=true, bCleanupResources=true
[2025.06.14-17.23.40:173][473]LogSlate: InvalidateAllWidgets triggered.  All widgets were invalidated
[2025.06.14-17.23.40:184][473]LogWorld: UWorld::CleanupWorld for World_3, bSessionEnded=true, bCleanupResources=true
[2025.06.14-17.23.40:184][473]LogSlate: InvalidateAllWidgets triggered.  All widgets were invalidated
[2025.06.14-17.23.40:239][473]LogSlate: Window 'TopDownAC - Unreal Editor' being destroyed
[2025.06.14-17.23.40:333][474]Cmd: QUIT_EDITOR
[2025.06.14-17.23.40:333][474]LogCore: Engine exit requested (reason: UUnrealEdEngine::CloseEditor())
[2025.06.14-17.23.40:335][474]LogCore: Engine exit requested (reason: EngineExit() was called; note: exit was already requested)
[2025.06.14-17.23.41:165][474]LogAudio: Display: Beginning Audio Device Manager Shutdown (Module: AudioMixerXAudio2)...
[2025.06.14-17.23.41:165][474]LogAudio: Display: Destroying 1 Remaining Audio Device(s)...
[2025.06.14-17.23.41:165][474]LogAudio: Display: Audio Device unregistered from world 'Main'.
[2025.06.14-17.23.41:165][474]LogAudioMixer: FMixerPlatformXAudio2::StopAudioStream() called
[2025.06.14-17.23.41:168][474]LogAudioMixer: FMixerPlatformXAudio2::StopAudioStream() called
[2025.06.14-17.23.41:176][474]LogAudio: Display: Audio Device Manager Shutdown
[2025.06.14-17.23.41:181][474]LogWindowsTextInputMethodSystem: Display: IME system deactivated.
[2025.06.14-17.23.41:205][474]LogExit: Preparing to exit.
[2025.06.14-17.23.41:813][474]LogUObjectHash: Compacting FUObjectHashTables data took   6.26ms
[2025.06.14-17.23.41:952][474]LogWorld: UWorld::CleanupWorld for World_6, bSessionEnded=true, bCleanupResources=true
[2025.06.14-17.23.41:960][474]LogWorld: UWorld::CleanupWorld for World_0, bSessionEnded=true, bCleanupResources=true
[2025.06.14-17.23.41:965][474]LogWorld: UWorld::CleanupWorld for World_2, bSessionEnded=true, bCleanupResources=true
[2025.06.14-17.23.41:970][474]LogWorld: UWorld::CleanupWorld for World_1, bSessionEnded=true, bCleanupResources=true
[2025.06.14-17.23.41:975][474]LogWorld: UWorld::CleanupWorld for World_7, bSessionEnded=true, bCleanupResources=true
[2025.06.14-17.23.42:079][474]LogDemo: Cleaned up 0 splitscreen connections with owner deletion
[2025.06.14-17.23.42:098][474]LogWorld: UWorld::CleanupWorld for None, bSessionEnded=true, bCleanupResources=true
[2025.06.14-17.23.42:099][474]LogExit: Editor shut down
[2025.06.14-17.23.42:100][474]LogExit: Transaction tracking system shut down
[2025.06.14-17.23.42:514][474]LogExit: Object subsystem successfully closed.
[2025.06.14-17.23.42:619][474]LogShaderCompilers: Display: === FShaderJobCache stats ===
[2025.06.14-17.23.42:619][474]LogShaderCompilers: Display: Total job queries 116, among them cache hits 0 (0.00%)
[2025.06.14-17.23.42:619][474]LogShaderCompilers: Display: Tracking 116 distinct input hashes that result in 87 distinct outputs (75.00%)
[2025.06.14-17.23.42:619][474]LogShaderCompilers: Display: RAM used: 0.50 MB (0.00 GB) of 1638.40 MB (1.60 GB) budget. Usage: 0.03%
[2025.06.14-17.23.42:619][474]LogShaderCompilers: Display: ================================================
[2025.06.14-17.23.42:634][474]LogShaderCompilers: Display: Shaders left to compile 0
[2025.06.14-17.23.42:657][474]LogModuleManager: Shutting down and abandoning module MovieSceneCapture (880)
[2025.06.14-17.23.42:657][474]LogModuleManager: Shutting down and abandoning module Voice (878)
[2025.06.14-17.23.42:657][474]LogModuleManager: Shutting down and abandoning module BlueprintGraph (876)
[2025.06.14-17.23.42:657][474]LogModuleManager: Shutting down and abandoning module PinnedCommandList (874)
[2025.06.14-17.23.42:657][474]LogModuleManager: Shutting down and abandoning module SkeletonEditor (872)
[2025.06.14-17.23.42:657][474]LogModuleManager: Shutting down and abandoning module HierarchicalLODOutliner (870)
[2025.06.14-17.23.42:657][474]LogModuleManager: Shutting down and abandoning module SceneOutliner (868)
[2025.06.14-17.23.42:657][474]LogModuleManager: Shutting down and abandoning module AddContentDialog (866)
[2025.06.14-17.23.42:658][474]LogModuleManager: Shutting down and abandoning module WidgetCarousel (865)
[2025.06.14-17.23.42:658][474]LogModuleManager: Shutting down and abandoning module EditorWidgets (862)
[2025.06.14-17.23.42:658][474]LogModuleManager: Shutting down and abandoning module StatsViewer (860)
[2025.06.14-17.23.42:658][474]LogModuleManager: Shutting down and abandoning module PIEPreviewDeviceProfileSelector (858)
[2025.06.14-17.23.42:658][474]LogModuleManager: Shutting down and abandoning module SequenceRecorderSections (856)
[2025.06.14-17.23.42:658][474]LogModuleManager: Shutting down and abandoning module AutomationWorker (854)
[2025.06.14-17.23.42:658][474]LogModuleManager: Shutting down and abandoning module SteamVREditor (852)
[2025.06.14-17.23.42:658][474]LogModuleManager: Shutting down and abandoning module OculusMR (850)
[2025.06.14-17.23.42:658][474]LogModuleManager: Shutting down and abandoning module TakeRecorderSources (848)
[2025.06.14-17.23.42:658][474]LogModuleManager: Shutting down and abandoning module TakeRecorder (847)
[2025.06.14-17.23.42:658][474]LogModuleManager: Shutting down and abandoning module TakeTrackRecorders (844)
[2025.06.14-17.23.42:658][474]LogModuleManager: Shutting down and abandoning module TakesCore (842)
[2025.06.14-17.23.42:658][474]LogModuleManager: Shutting down and abandoning module OpenXRInput (840)
[2025.06.14-17.23.42:658][474]LogModuleManager: Shutting down and abandoning module GooglePADEditor (838)
[2025.06.14-17.23.42:658][474]LogModuleManager: Shutting down and abandoning module AudioCaptureEditor (836)
[2025.06.14-17.23.42:658][474]LogModuleManager: Shutting down and abandoning module TemplateSequenceEditor (834)
[2025.06.14-17.23.42:658][474]LogModuleManager: Shutting down and abandoning module MatineeToLevelSequence (832)
[2025.06.14-17.23.42:658][474]LogModuleManager: Shutting down and abandoning module LevelSequenceEditor (830)
[2025.06.14-17.23.42:659][474]LogModuleManager: Shutting down and abandoning module ActorSequenceEditor (828)
[2025.06.14-17.23.42:659][474]LogModuleManager: Shutting down and abandoning module WmfMediaFactory (826)
[2025.06.14-17.23.42:659][474]LogModuleManager: Shutting down and abandoning module WmfMediaEditor (824)
[2025.06.14-17.23.42:659][474]LogModuleManager: Shutting down and abandoning module WebMMediaFactory (822)
[2025.06.14-17.23.42:659][474]LogModuleManager: Shutting down and abandoning module WebMMediaEditor (820)
[2025.06.14-17.23.42:659][474]LogModuleManager: Shutting down and abandoning module WebMMedia (818)
[2025.06.14-17.23.42:659][474]LogModuleManager: Shutting down and abandoning module MediaPlayerEditor (816)
[2025.06.14-17.23.42:659][474]LogModuleManager: Shutting down and abandoning module MediaCompositingEditor (814)
[2025.06.14-17.23.42:659][474]LogModuleManager: Shutting down and abandoning module SequenceRecorder (813)
[2025.06.14-17.23.42:659][474]LogModuleManager: Shutting down and abandoning module OpenExrWrapper (810)
[2025.06.14-17.23.42:659][474]LogModuleManager: Shutting down and abandoning module ImgMediaFactory (808)
[2025.06.14-17.23.42:659][474]LogModuleManager: Shutting down and abandoning module ImgMediaEditor (806)
[2025.06.14-17.23.42:659][474]LogModuleManager: Shutting down and abandoning module AvfMediaFactory (804)
[2025.06.14-17.23.42:659][474]LogModuleManager: Shutting down and abandoning module AvfMediaEditor (802)
[2025.06.14-17.23.42:659][474]LogModuleManager: Shutting down and abandoning module AndroidMediaFactory (800)
[2025.06.14-17.23.42:659][474]LogModuleManager: Shutting down and abandoning module AndroidMediaEditor (798)
[2025.06.14-17.23.42:659][474]LogModuleManager: Shutting down and abandoning module MagicLeapMediaCodecFactory (796)
[2025.06.14-17.23.42:659][474]LogModuleManager: Shutting down and abandoning module MagicLeapMediaFactory (794)
[2025.06.14-17.23.42:659][474]LogModuleManager: Shutting down and abandoning module MagicLeapMediaEditor (792)
[2025.06.14-17.23.42:659][474]LogModuleManager: Shutting down and abandoning module PlanarCut (790)
[2025.06.14-17.23.42:659][474]LogModuleManager: Shutting down and abandoning module CharacterAI (788)
[2025.06.14-17.23.42:659][474]LogModuleManager: Shutting down and abandoning module TextureAlignMode (786)
[2025.06.14-17.23.42:659][474]LogModuleManager: Shutting down and abandoning module BspMode (784)
[2025.06.14-17.23.42:659][474]LogModuleManager: Shutting down and abandoning module GeometryMode (782)
[2025.06.14-17.23.42:659][474]LogModuleManager: Shutting down and abandoning module CameraShakePreviewer (780)
[2025.06.14-17.23.42:659][474]LogModuleManager: Shutting down and abandoning module SmartSnapping (778)
[2025.06.14-17.23.42:659][474]LogModuleManager: Shutting down and abandoning module SessionServices (776)
[2025.06.14-17.23.42:659][474]LogModuleManager: Shutting down and abandoning module MeshPaint (774)
[2025.06.14-17.23.42:659][474]LogModuleManager: Shutting down and abandoning module VirtualTexturingEditor (772)
[2025.06.14-17.23.42:660][474]LogModuleManager: Shutting down and abandoning module FoliageEdit (770)
[2025.06.14-17.23.42:660][474]LogModuleManager: Shutting down and abandoning module LandscapeEditor (768)
[2025.06.14-17.23.42:660][474]LogModuleManager: Shutting down and abandoning module MeshPaintMode (766)
[2025.06.14-17.23.42:660][474]LogModuleManager: Shutting down and abandoning module SceneDepthPickerMode (764)
[2025.06.14-17.23.42:660][474]LogModuleManager: Shutting down and abandoning module ActorPickerMode (762)
[2025.06.14-17.23.42:660][474]LogModuleManager: Shutting down and abandoning module PlacementMode (760)
[2025.06.14-17.23.42:660][474]LogModuleManager: Shutting down and abandoning module ViewportSnapping (758)
[2025.06.14-17.23.42:660][474]LogModuleManager: Shutting down and abandoning module ViewportInteraction (756)
[2025.06.14-17.23.42:660][474]LogModuleManager: Shutting down and abandoning module ClothPainter (754)
[2025.06.14-17.23.42:660][474]LogModuleManager: Shutting down and abandoning module SkeletalMeshEditor (753)
[2025.06.14-17.23.42:660][474]LogModuleManager: Shutting down and abandoning module LogVisualizer (750)
[2025.06.14-17.23.42:660][474]LogModuleManager: Shutting down and abandoning module IntroTutorials (748)
[2025.06.14-17.23.42:660][474]LogModuleManager: Shutting down and abandoning module GameProjectGeneration (747)
[2025.06.14-17.23.42:660][474]LogModuleManager: Shutting down and abandoning module LuminPlatformEditor (744)
[2025.06.14-17.23.42:660][474]LogModuleManager: Shutting down and abandoning module IOSPlatformEditor (742)
[2025.06.14-17.23.42:660][474]LogModuleManager: Shutting down and abandoning module AndroidPlatformEditor (740)
[2025.06.14-17.23.42:660][474]LogModuleManager: Shutting down and abandoning module AndroidDeviceDetection (739)
[2025.06.14-17.23.44:614][474]LogModuleManager: Shutting down and abandoning module WindowsPlatformEditor (736)
[2025.06.14-17.23.44:614][474]LogModuleManager: Shutting down and abandoning module LuminRuntimeSettings (734)
[2025.06.14-17.23.44:614][474]LogModuleManager: Shutting down and abandoning module IOSRuntimeSettings (732)
[2025.06.14-17.23.44:614][474]LogModuleManager: Shutting down and abandoning module AndroidRuntimeSettings (730)
[2025.06.14-17.23.44:614][474]LogModuleManager: Shutting down and abandoning module TraceInsights (728)
[2025.06.14-17.23.44:614][474]MemoryProfiler: Shutdown
[2025.06.14-17.23.44:614][474]NetworkingProfiler: Shutdown
[2025.06.14-17.23.44:614][474]LoadingProfiler: Shutdown
[2025.06.14-17.23.44:614][474]TimingProfiler: Shutdown
[2025.06.14-17.23.44:614][474]LogModuleManager: Shutting down and abandoning module TraceServices (727)
[2025.06.14-17.23.44:614][474]LogModuleManager: Shutting down and abandoning module EditorInteractiveToolsFramework (724)
[2025.06.14-17.23.44:614][474]LogModuleManager: Shutting down and abandoning module TimeManagementEditor (722)
[2025.06.14-17.23.44:614][474]LogModuleManager: Shutting down and abandoning module InputBindingEditor (720)
[2025.06.14-17.23.44:614][474]LogModuleManager: Shutting down and abandoning module MergeActors (718)
[2025.06.14-17.23.44:614][474]LogModuleManager: Shutting down and abandoning module LocalizationDashboard (716)
[2025.06.14-17.23.44:614][474]LogModuleManager: Shutting down and abandoning module LocalizationService (715)
[2025.06.14-17.23.44:615][474]LogModuleManager: Shutting down and abandoning module HardwareTargeting (712)
[2025.06.14-17.23.44:615][474]LogModuleManager: Shutting down and abandoning module DeviceProfileEditor (710)
[2025.06.14-17.23.44:615][474]LogModuleManager: Shutting down and abandoning module UndoHistory (708)
[2025.06.14-17.23.44:615][474]LogModuleManager: Shutting down and abandoning module XmlParser (706)
[2025.06.14-17.23.44:615][474]LogModuleManager: Shutting down and abandoning module Blutility (704)
[2025.06.14-17.23.44:615][474]LogModuleManager: Shutting down and abandoning module ProjectSettingsViewer (702)
[2025.06.14-17.23.44:615][474]LogModuleManager: Shutting down and abandoning module ProjectTargetPlatformEditor (701)
[2025.06.14-17.23.44:615][474]LogModuleManager: Shutting down and abandoning module EditorSettingsViewer (698)
[2025.06.14-17.23.44:615][474]LogModuleManager: Shutting down and abandoning module InternationalizationSettings (697)
[2025.06.14-17.23.44:615][474]LogModuleManager: Shutting down and abandoning module SettingsEditor (694)
[2025.06.14-17.23.44:615][474]LogModuleManager: Shutting down and abandoning module ProjectLauncher (692)
[2025.06.14-17.23.44:615][474]LogModuleManager: Shutting down and abandoning module SessionFrontend (690)
[2025.06.14-17.23.44:615][474]LogModuleManager: Shutting down and abandoning module ProfilerClient (688)
[2025.06.14-17.23.44:615][474]LogModuleManager: Shutting down and abandoning module DeviceManager (686)
[2025.06.14-17.23.44:615][474]LogModuleManager: Shutting down and abandoning module TargetDeviceServices (685)
[2025.06.14-17.23.44:647][474]LogModuleManager: Shutting down and abandoning module AutomationController (682)
[2025.06.14-17.23.44:647][474]LogModuleManager: Shutting down and abandoning module AutomationWindow (680)
[2025.06.14-17.23.44:647][474]LogModuleManager: Shutting down and abandoning module Layers (678)
[2025.06.14-17.23.44:647][474]LogModuleManager: Shutting down and abandoning module ComponentVisualizers (676)
[2025.06.14-17.23.44:647][474]LogModuleManager: Shutting down and abandoning module DetailCustomizations (674)
[2025.06.14-17.23.44:647][474]LogModuleManager: Shutting down and abandoning module PackagesDialog (672)
[2025.06.14-17.23.44:647][474]LogModuleManager: Shutting down and abandoning module AnimationBlueprintEditor (670)
[2025.06.14-17.23.44:647][474]LogModuleManager: Shutting down and abandoning module Persona (668)
[2025.06.14-17.23.44:647][474]LogModuleManager: Shutting down and abandoning module AdvancedPreviewScene (667)
[2025.06.14-17.23.44:647][474]LogModuleManager: Shutting down and abandoning module AnimGraph (665)
[2025.06.14-17.23.44:647][474]LogModuleManager: Shutting down and abandoning module Kismet (662)
[2025.06.14-17.23.44:662][474]LogModuleManager: Shutting down and abandoning module KismetWidgets (661)
[2025.06.14-17.23.44:662][474]LogModuleManager: Shutting down and abandoning module GraphEditor (658)
[2025.06.14-17.23.44:662][474]LogModuleManager: Shutting down and abandoning module StructViewer (656)
[2025.06.14-17.23.44:662][474]LogModuleManager: Shutting down and abandoning module ClassViewer (654)
[2025.06.14-17.23.44:664][474]LogModuleManager: Shutting down and abandoning module Toolbox (652)
[2025.06.14-17.23.44:664][474]LogModuleManager: Shutting down and abandoning module ModuleUI (650)
[2025.06.14-17.23.44:664][474]LogModuleManager: Shutting down and abandoning module OutputLog (648)
[2025.06.14-17.23.44:664][474]LogModuleManager: Shutting down and abandoning module GammaUI (646)
[2025.06.14-17.23.44:664][474]LogModuleManager: Shutting down and abandoning module Documentation (644)
[2025.06.14-17.23.44:664][474]LogModuleManager: Shutting down and abandoning module LiveCoding (642)
[2025.06.14-17.23.44:664][474]LogModuleManager: Shutting down and abandoning module LevelSequence (640)
[2025.06.14-17.23.44:664][474]LogModuleManager: Shutting down and abandoning module MovieSceneTracks (638)
[2025.06.14-17.23.44:664][474]LogModuleManager: Shutting down and abandoning module MovieScene (636)
[2025.06.14-17.23.44:664][474]LogModuleManager: Shutting down and abandoning module StreamingPauseRendering (634)
[2025.06.14-17.23.44:664][474]LogModuleManager: Shutting down and abandoning module LauncherPlatform (632)
[2025.06.14-17.23.44:664][474]LogModuleManager: Shutting down and abandoning module AnalyticsET (630)
[2025.06.14-17.23.44:664][474]LogModuleManager: Shutting down and abandoning module PortalServices (628)
[2025.06.14-17.23.44:664][474]LogModuleManager: Shutting down and abandoning module PortalRpc (626)
[2025.06.14-17.23.44:664][474]LogModuleManager: Shutting down and abandoning module MessagingRpc (624)
[2025.06.14-17.23.44:664][474]LogModuleManager: Shutting down and abandoning module AudioMixerXAudio2 (622)
[2025.06.14-17.23.44:664][474]LogModuleManager: Shutting down and abandoning module AudioMixerCore (621)
[2025.06.14-17.23.44:664][474]LogModuleManager: Shutting down and abandoning module AIModule (618)
[2025.06.14-17.23.44:664][474]LogModuleManager: Shutting down and abandoning module GameplayDebugger (617)
[2025.06.14-17.23.44:664][474]LogModuleManager: Shutting down and abandoning module AITestSuite (615)
[2025.06.14-17.23.44:664][474]LogModuleManager: Shutting down and abandoning module NavigationSystem (613)
[2025.06.14-17.23.44:664][474]LogModuleManager: Shutting down and abandoning module ImageWriteQueue (610)
[2025.06.14-17.23.44:679][474]LogModuleManager: Shutting down and abandoning module ProfilerService (608)
[2025.06.14-17.23.44:680][474]LogModuleManager: Shutting down and abandoning module TaskGraph (606)
[2025.06.14-17.23.44:680][474]LogModuleManager: Shutting down and abandoning module AudioSynesthesiaEditor (604)
[2025.06.14-17.23.44:680][474]LogModuleManager: Shutting down and abandoning module OculusEditor (602)
[2025.06.14-17.23.44:681][474]LogModuleManager: Shutting down and abandoning module OculusInput (600)
[2025.06.14-17.23.44:681][474]LogModuleManager: Shutting down and abandoning module ContentBrowserFileDataSource (598)
[2025.06.14-17.23.44:681][474]LogModuleManager: Shutting down and abandoning module ContentBrowserClassDataSource (596)
[2025.06.14-17.23.44:681][474]LogModuleManager: Shutting down and abandoning module ContentBrowserAssetDataSource (594)
[2025.06.14-17.23.44:681][474]LogModuleManager: Shutting down and abandoning module CollectionManager (593)
[2025.06.14-17.23.44:681][474]LogModuleManager: Shutting down and abandoning module TakeSequencer (590)
[2025.06.14-17.23.44:681][474]LogModuleManager: Shutting down and abandoning module TakeMovieScene (588)
[2025.06.14-17.23.44:681][474]LogModuleManager: Shutting down and abandoning module ScreenshotTools (586)
[2025.06.14-17.23.44:681][474]LogModuleManager: Shutting down and abandoning module SynthesisEditor (584)
[2025.06.14-17.23.44:681][474]LogModuleManager: Shutting down and abandoning module Synthesis (582)
[2025.06.14-17.23.44:681][474]LogModuleManager: Shutting down and abandoning module ProceduralMeshComponentEditor (580)
[2025.06.14-17.23.44:681][474]LogModuleManager: Shutting down and abandoning module ProceduralMeshComponent (578)
[2025.06.14-17.23.44:681][474]LogModuleManager: Shutting down and abandoning module OpenXREditor (576)
[2025.06.14-17.23.44:681][474]LogModuleManager: Shutting down and abandoning module MobilePatchingUtils (574)
[2025.06.14-17.23.44:681][474]LogModuleManager: Shutting down and abandoning module GooglePAD (572)
[2025.06.14-17.23.44:681][474]LogModuleManager: Shutting down and abandoning module EditableMesh (570)
[2025.06.14-17.23.44:681][474]LogModuleManager: Shutting down and abandoning module CustomMeshComponent (568)
[2025.06.14-17.23.44:683][474]LogModuleManager: Shutting down and abandoning module CableComponent (566)
[2025.06.14-17.23.44:683][474]LogModuleManager: Shutting down and abandoning module AudioCapture (564)
[2025.06.14-17.23.44:683][474]LogModuleManager: Shutting down and abandoning module AudioCaptureRtAudio (563)
[2025.06.14-17.23.44:683][474]LogModuleManager: Shutting down and abandoning module AssetTags (560)
[2025.06.14-17.23.44:683][474]LogModuleManager: Shutting down and abandoning module ArchVisCharacter (558)
[2025.06.14-17.23.44:683][474]LogModuleManager: Shutting down and abandoning module AppleImageUtilsBlueprintSupport (556)
[2025.06.14-17.23.44:683][474]LogModuleManager: Shutting down and abandoning module AppleImageUtils (554)
[2025.06.14-17.23.44:683][474]LogModuleManager: Shutting down and abandoning module AndroidPermission (552)
[2025.06.14-17.23.44:683][474]LogModuleManager: Shutting down and abandoning module ActorLayerUtilitiesEditor (550)
[2025.06.14-17.23.44:683][474]LogModuleManager: Shutting down and abandoning module ActorLayerUtilities (548)
[2025.06.14-17.23.44:683][474]LogModuleManager: Shutting down and abandoning module TemplateSequence (546)
[2025.06.14-17.23.44:683][474]LogModuleManager: Shutting down and abandoning module MediaCompositing (544)
[2025.06.14-17.23.44:683][474]LogModuleManager: Shutting down and abandoning module ImgMedia (542)
[2025.06.14-17.23.44:683][474]LogModuleManager: Shutting down and abandoning module MagicLeapSharedWorld (540)
[2025.06.14-17.23.44:683][474]LogModuleManager: Shutting down and abandoning module MagicLeapLightEstimation (538)
[2025.06.14-17.23.44:683][474]LogModuleManager: Shutting down and abandoning module MagicLeapHelperVulkan (536)
[2025.06.14-17.23.44:683][474]LogModuleManager: Shutting down and abandoning module MagicLeapHelperOpenGL (534)
[2025.06.14-17.23.44:683][474]LogModuleManager: Shutting down and abandoning module MagicLeapAudio (532)
[2025.06.14-17.23.44:683][474]LogModuleManager: Shutting down and abandoning module VariantManagerContentEditor (530)
[2025.06.14-17.23.44:683][474]LogModuleManager: Shutting down and abandoning module DatasmithContentEditor (528)
[2025.06.14-17.23.44:683][474]LogModuleManager: Shutting down and abandoning module NiagaraEditorWidgets (526)
[2025.06.14-17.23.44:683][474]LogModuleManager: Shutting down and abandoning module MotoSynthEditor (524)
[2025.06.14-17.23.44:683][474]LogModuleManager: Shutting down and abandoning module MotoSynth (522)
[2025.06.14-17.23.44:683][474]LogModuleManager: Shutting down and abandoning module OpenImageDenoise (520)
[2025.06.14-17.23.44:683][474]LogOpenImageDenoise: OIDN shutting down
[2025.06.14-17.23.44:683][474]LogModuleManager: Shutting down and abandoning module MeshConversion (518)
[2025.06.14-17.23.44:683][474]LogModuleManager: Shutting down and abandoning module DynamicMesh (516)
[2025.06.14-17.23.44:683][474]LogModuleManager: Shutting down and abandoning module GeometryAlgorithms (514)
[2025.06.14-17.23.44:683][474]LogModuleManager: Shutting down and abandoning module GeometricObjects (512)
[2025.06.14-17.23.44:683][474]LogModuleManager: Shutting down and abandoning module GeometryCollectionTracks (510)
[2025.06.14-17.23.44:683][474]LogModuleManager: Shutting down and abandoning module GeometryCollectionSequencer (509)
[2025.06.14-17.23.44:683][474]LogModuleManager: Shutting down and abandoning module GeometryCollectionEditor (506)
[2025.06.14-17.23.44:683][474]LogModuleManager: Shutting down and abandoning module GeometryCacheTracks (504)
[2025.06.14-17.23.44:683][474]LogModuleManager: Shutting down and abandoning module GeometryCacheStreamer (502)
[2025.06.14-17.23.44:683][474]LogModuleManager: Shutting down and abandoning module GeometryCacheSequencer (500)
[2025.06.14-17.23.44:684][474]LogModuleManager: Shutting down and abandoning module ChaosClothEditor (498)
[2025.06.14-17.23.44:684][474]LogModuleManager: Shutting down and abandoning module ChaosSolverEditor (496)
[2025.06.14-17.23.44:684][474]LogModuleManager: Shutting down and abandoning module ChaosNiagara (494)
[2025.06.14-17.23.44:684][474]LogModuleManager: Shutting down and abandoning module FractureEditor (492)
[2025.06.14-17.23.44:684][474]LogModuleManager: Shutting down and abandoning module FieldSystemEngine (491)
[2025.06.14-17.23.44:684][474]LogModuleManager: Shutting down and abandoning module BackChannel (488)
[2025.06.14-17.23.44:684][474]LogModuleManager: Shutting down and abandoning module AutomationUtilsEditor (486)
[2025.06.14-17.23.44:684][474]LogModuleManager: Shutting down and abandoning module AutomationUtils (484)
[2025.06.14-17.23.44:684][474]LogModuleManager: Shutting down and abandoning module AlembicImporter (482)
[2025.06.14-17.23.44:684][474]LogModuleManager: Shutting down and abandoning module AlembicLibrary (481)
[2025.06.14-17.23.44:684][474]LogModuleManager: Shutting down and abandoning module GeometryCache (480)
[2025.06.14-17.23.44:684][474]LogModuleManager: Shutting down and abandoning module GeometryCacheEd (479)
[2025.06.14-17.23.44:684][474]LogModuleManager: Shutting down and abandoning module SpeedTreeImporter (474)
[2025.06.14-17.23.44:684][474]LogModuleManager: Shutting down and abandoning module PluginBrowser (472)
[2025.06.14-17.23.44:684][474]LogModuleManager: Shutting down and abandoning module MobileLauncherProfileWizard (470)
[2025.06.14-17.23.44:684][474]LogModuleManager: Shutting down and abandoning module MaterialAnalyzer (468)
[2025.06.14-17.23.44:684][474]LogModuleManager: Shutting down and abandoning module CurveEditorTools (466)
[2025.06.14-17.23.44:684][474]LogModuleManager: Shutting down and abandoning module CryptoKeysOpenSSL (464)
[2025.06.14-17.23.44:684][474]LogModuleManager: Shutting down and abandoning module CryptoKeys (462)
[2025.06.14-17.23.44:684][474]LogModuleManager: Shutting down and abandoning module VisualStudioSourceCodeAccess (460)
[2025.06.14-17.23.44:684][474]LogModuleManager: Shutting down and abandoning module VisualStudioCodeSourceCodeAccess (458)
[2025.06.14-17.23.44:684][474]LogModuleManager: Shutting down and abandoning module UObjectPlugin (456)
[2025.06.14-17.23.44:684][474]LogModuleManager: Shutting down and abandoning module SubversionSourceControl (454)
[2025.06.14-17.23.44:684][474]LogModuleManager: Shutting down and abandoning module RiderSourceCodeAccess (452)
[2025.06.14-17.23.44:684][474]LogModuleManager: Shutting down and abandoning module PluginUtils (450)
[2025.06.14-17.23.44:684][474]LogModuleManager: Shutting down and abandoning module PlasticSourceControl (448)
[2025.06.14-17.23.44:684][474]LogModuleManager: Shutting down and abandoning module PerforceSourceControl (446)
[2025.06.14-17.23.44:684][474]LogModuleManager: Shutting down and abandoning module GitSourceControl (444)
[2025.06.14-17.23.44:684][474]LogModuleManager: Shutting down and abandoning module SourceControl (443)
[2025.06.14-17.23.44:684][474]LogModuleManager: Shutting down and abandoning module CLionSourceCodeAccess (440)
[2025.06.14-17.23.44:684][474]LogModuleManager: Shutting down and abandoning module AnimationSharingEd (438)
[2025.06.14-17.23.44:684][474]LogModuleManager: Shutting down and abandoning module OodleNetworkHandlerComponent (436)
[2025.06.14-17.23.44:684][474]LogModuleManager: Shutting down and abandoning module LightPropagationVolumeEditor (434)
[2025.06.14-17.23.44:684][474]LogModuleManager: Shutting down and abandoning module LiveLinkSequencer (432)
[2025.06.14-17.23.44:684][474]LogModuleManager: Shutting down and abandoning module LiveLinkMovieScene (430)
[2025.06.14-17.23.44:685][474]LogModuleManager: Shutting down and abandoning module LiveLinkGraphNode (428)
[2025.06.14-17.23.44:685][474]LogModuleManager: Shutting down and abandoning module LiveLinkEditor (426)
[2025.06.14-17.23.44:685][474]LogModuleManager: Shutting down and abandoning module LiveLinkComponents (424)
[2025.06.14-17.23.44:685][474]LogModuleManager: Shutting down and abandoning module LiveLink (422)
[2025.06.14-17.23.44:842][474]LogModuleManager: Shutting down and abandoning module PaperTiledImporter (420)
[2025.06.14-17.23.44:843][474]LogModuleManager: Shutting down and abandoning module PaperSpriteSheetImporter (418)
[2025.06.14-17.23.44:843][474]LogModuleManager: Shutting down and abandoning module Paper2DEditor (416)
[2025.06.14-17.23.44:843][474]LogModuleManager: Shutting down and abandoning module MeshPaintingToolset (414)
[2025.06.14-17.23.44:843][474]LogModuleManager: Shutting down and abandoning module MeshPaintEditorMode (412)
[2025.06.14-17.23.44:843][474]LogModuleManager: Shutting down and abandoning module SoundFields (410)
[2025.06.14-17.23.44:843][474]LogModuleManager: Shutting down and abandoning module SignificanceManager (408)
[2025.06.14-17.23.44:843][474]LogModuleManager: Shutting down and abandoning module RuntimePhysXCooking (406)
[2025.06.14-17.23.44:843][474]LogModuleManager: Shutting down and abandoning module PropertyAccessEditor (404)
[2025.06.14-17.23.44:843][474]LogModuleManager: Shutting down and abandoning module PhysXVehiclesEditor (402)
[2025.06.14-17.23.44:843][474]LogModuleManager: Shutting down and abandoning module LocationServicesBPLibrary (398)
[2025.06.14-17.23.44:843][474]LogModuleManager: Shutting down and abandoning module AudioSynesthesia (396)
[2025.06.14-17.23.44:843][474]LogModuleManager: Shutting down and abandoning module AudioSynesthesiaCore (394)
[2025.06.14-17.23.44:843][474]LogModuleManager: Shutting down and abandoning module ActorSequence (392)
[2025.06.14-17.23.44:843][474]LogModuleManager: Shutting down and abandoning module UdpMessaging (390)
[2025.06.14-17.23.44:944][474]LogModuleManager: Shutting down and abandoning module TcpMessaging (388)
[2025.06.14-17.23.45:045][474]LogModuleManager: Shutting down and abandoning module ImgMediaEngine (386)
[2025.06.14-17.23.45:045][474]LogModuleManager: Shutting down and abandoning module MagicLeapARPin (384)
[2025.06.14-17.23.45:045][474]LogModuleManager: Shutting down and abandoning module MagicLeapHandMeshing (382)
[2025.06.14-17.23.45:045][474]LogModuleManager: Shutting down and abandoning module MagicLeapSecureStorage (380)
[2025.06.14-17.23.45:045][474]LogModuleManager: Shutting down and abandoning module MagicLeapPrivileges (378)
[2025.06.14-17.23.45:045][474]LogModuleManager: Shutting down and abandoning module MagicLeapPlanes (376)
[2025.06.14-17.23.45:045][474]LogMagicLeapPlanes: Planes tracker already destroyed.
[2025.06.14-17.23.45:045][474]LogModuleManager: Shutting down and abandoning module MagicLeapImageTracker (374)
[2025.06.14-17.23.45:045][474]LogModuleManager: Shutting down and abandoning module MagicLeapIdentity (372)
[2025.06.14-17.23.45:045][474]LogModuleManager: Shutting down and abandoning module MagicLeapHandTracking (370)
[2025.06.14-17.23.45:045][474]LogModuleManager: Shutting down and abandoning module MagicLeapEyeTracker (368)
[2025.06.14-17.23.45:045][474]LogModuleManager: Shutting down and abandoning module MagicLeapController (366)
[2025.06.14-17.23.45:045][474]LogModuleManager: Shutting down and abandoning module MagicLeapARPinImpl (364)
[2025.06.14-17.23.45:045][474]LogModuleManager: Shutting down and abandoning module MagicLeapAR (362)
[2025.06.14-17.23.45:045][474]LogModuleManager: Shutting down and abandoning module NiagaraAnimNotifies (360)
[2025.06.14-17.23.45:045][474]LogModuleManager: Shutting down and abandoning module Niagara (358)
[2025.06.14-17.23.45:045][474]LogModuleManager: Shutting down and abandoning module SignalProcessing (357)
[2025.06.14-17.23.45:045][474]LogModuleManager: Shutting down and abandoning module NiagaraEditor (355)
[2025.06.14-17.23.45:045][474]LogModuleManager: Shutting down and abandoning module NiagaraCore (352)
[2025.06.14-17.23.45:045][474]LogModuleManager: Shutting down and abandoning module PythonScriptPlugin (350)
[2025.06.14-17.23.45:045][474]LogModuleManager: Shutting down and abandoning module FacialAnimationEditor (348)
[2025.06.14-17.23.45:045][474]LogModuleManager: Shutting down and abandoning module FacialAnimation (346)
[2025.06.14-17.23.45:045][474]LogModuleManager: Shutting down and abandoning module GameplayTagsEditor (344)
[2025.06.14-17.23.45:045][474]LogModuleManager: Shutting down and abandoning module DataValidation (342)
[2025.06.14-17.23.45:046][474]LogModuleManager: Shutting down and abandoning module AssetManagerEditor (340)
[2025.06.14-17.23.45:046][474]LogModuleManager: Shutting down and abandoning module LevelEditor (339)
[2025.06.14-17.23.45:048][474]LogModuleManager: Shutting down and abandoning module PixelInspectorModule (338)
[2025.06.14-17.23.45:048][474]LogModuleManager: Shutting down and abandoning module CommonMenuExtensions (336)
[2025.06.14-17.23.45:048][474]LogModuleManager: Shutting down and abandoning module MainFrame (334)
[2025.06.14-17.23.45:048][474]LogModuleManager: Shutting down and abandoning module HotReload (333)
[2025.06.14-17.23.45:049][474]LogModuleManager: Shutting down and abandoning module ToolMenus (329)
[2025.06.14-17.23.45:049][474]LogModuleManager: Shutting down and abandoning module ContentBrowser (327)
[2025.06.14-17.23.45:049][474]LogModuleManager: Shutting down and abandoning module ContentBrowserData (326)
[2025.06.14-17.23.45:049][474]LogModuleManager: Shutting down and abandoning module TreeMap (323)
[2025.06.14-17.23.45:049][474]LogModuleManager: Shutting down and abandoning module PropertyAccessNode (320)
[2025.06.14-17.23.45:049][474]LogModuleManager: Shutting down and abandoning module AnimationSharing (318)
[2025.06.14-17.23.45:049][474]LogModuleManager: Shutting down and abandoning module GameplayCameras (316)
[2025.06.14-17.23.45:049][474]LogModuleManager: Shutting down and abandoning module LightPropagationVolumeRuntime (314)
[2025.06.14-17.23.45:049][474]LogModuleManager: Shutting down and abandoning module EnvironmentQueryEditor (312)
[2025.06.14-17.23.45:049][474]LogModuleManager: Shutting down and abandoning module Paper2D (310)
[2025.06.14-17.23.45:049][474]LogModuleManager: Shutting down and abandoning module WindowsMoviePlayer (308)
[2025.06.14-17.23.45:050][474]LogModuleManager: Shutting down and abandoning module WebMMoviePlayer (306)
[2025.06.14-17.23.45:050][474]LogModuleManager: Shutting down and abandoning module NetworkReplayStreaming (304)
[2025.06.14-17.23.45:050][474]LogModuleManager: Shutting down and abandoning module PacketHandler (302)
[2025.06.14-17.23.45:050][474]LogModuleManager: Shutting down and abandoning module ClothingSystemEditor (300)
[2025.06.14-17.23.45:050][474]LogModuleManager: Shutting down and abandoning module ClothingSystemRuntimeNv (298)
[2025.06.14-17.23.45:050][474]LogModuleManager: Shutting down and abandoning module MediaAssets (296)
[2025.06.14-17.23.45:050][474]LogModuleManager: Shutting down and abandoning module Overlay (294)
[2025.06.14-17.23.45:050][474]LogModuleManager: Shutting down and abandoning module OverlayEditor (293)
[2025.06.14-17.23.45:050][474]LogModuleManager: Shutting down and abandoning module VREditor (290)
[2025.06.14-17.23.45:050][474]LogModuleManager: Shutting down and abandoning module StringTableEditor (288)
[2025.06.14-17.23.45:050][474]LogModuleManager: Shutting down and abandoning module GameplayTasksEditor (286)
[2025.06.14-17.23.45:050][474]LogModuleManager: Shutting down and abandoning module BehaviorTreeEditor (284)
[2025.06.14-17.23.45:050][474]LogModuleManager: Shutting down and abandoning module FunctionalTesting (282)
[2025.06.14-17.23.45:050][474]LogModuleManager: Shutting down and abandoning module CollisionAnalyzer (280)
[2025.06.14-17.23.45:050][474]LogModuleManager: Shutting down and abandoning module WorkspaceMenuStructure (279)
[2025.06.14-17.23.45:050][474]LogModuleManager: Shutting down and abandoning module UMG (276)
[2025.06.14-17.23.45:051][474]LogModuleManager: Shutting down and abandoning module UMGEditor (275)
[2025.06.14-17.23.45:051][474]LogModuleManager: Shutting down and abandoning module MessageLog (273)
[2025.06.14-17.23.45:051][474]LogModuleManager: Shutting down and abandoning module SlateReflector (268)
[2025.06.14-17.23.45:051][474]LogModuleManager: Shutting down and abandoning module Slate (266)
[2025.06.14-17.23.45:051][474]LogModuleManager: Shutting down and abandoning module SlateCore (264)
[2025.06.14-17.23.45:053][474]LogModuleManager: Shutting down and abandoning module LandscapeEditorUtilities (262)
[2025.06.14-17.23.45:053][474]LogModuleManager: Shutting down and abandoning module UnrealEd (260)
[2025.06.14-17.23.45:053][474]LogModuleManager: Shutting down and abandoning module MRMesh (258)
[2025.06.14-17.23.45:053][474]LogModuleManager: Shutting down and abandoning module SourceCodeAccess (256)
[2025.06.14-17.23.45:053][474]LogModuleManager: Shutting down and abandoning module HeadMountedDisplay (254)
[2025.06.14-17.23.45:053][474]LogModuleManager: Shutting down and abandoning module XAudio2 (252)
[2025.06.14-17.23.45:053][474]LogModuleManager: Shutting down and abandoning module Networking (250)
[2025.06.14-17.23.45:053][474]LogModuleManager: Shutting down and abandoning module Core (248)
[2025.06.14-17.23.45:053][474]LogModuleManager: Shutting down and abandoning module MaterialEditor (246)
[2025.06.14-17.23.45:053][474]LogModuleManager: Shutting down and abandoning module MovieSceneTools (244)
[2025.06.14-17.23.45:053][474]LogModuleManager: Shutting down and abandoning module CurveEditor (243)
[2025.06.14-17.23.45:053][474]LogModuleManager: Shutting down and abandoning module Sequencer (241)
[2025.06.14-17.23.45:053][474]LogModuleManager: Shutting down and abandoning module EditorStyle (240)
[2025.06.14-17.23.45:055][474]LogModuleManager: Shutting down and abandoning module KismetCompiler (236)
[2025.06.14-17.23.45:055][474]LogModuleManager: Shutting down and abandoning module MeshBuilder (234)
[2025.06.14-17.23.45:055][474]LogModuleManager: Shutting down and abandoning module MeshUtilities (232)
[2025.06.14-17.23.45:055][474]LogModuleManager: Shutting down and abandoning module MeshMergeUtilities (231)
[2025.06.14-17.23.45:055][474]LogModuleManager: Shutting down and abandoning module MeshReductionInterface (230)
[2025.06.14-17.23.45:055][474]LogModuleManager: Shutting down and abandoning module MeshBoneReduction (229)
[2025.06.14-17.23.45:055][474]LogModuleManager: Shutting down and abandoning module SkeletalMeshReduction (227)
[2025.06.14-17.23.45:055][474]LogModuleManager: Shutting down and abandoning module ProxyLODMeshReduction (225)
[2025.06.14-17.23.45:055][474]LogModuleManager: Shutting down and abandoning module QuadricMeshReduction (223)
[2025.06.14-17.23.45:055][474]LogModuleManager: Shutting down and abandoning module MaterialBaking (219)
[2025.06.14-17.23.45:055][474]LogModuleManager: Shutting down and abandoning module NullInstallBundleManager (214)
[2025.06.14-17.23.45:055][474]LogModuleManager: Shutting down and abandoning module DerivedDataCache (212)
[2025.06.14-17.23.45:055][474]LogModuleManager: Shutting down and abandoning module TargetPlatform (210)
[2025.06.14-17.23.45:055][474]LogModuleManager: Shutting down and abandoning module VulkanShaderFormat (209)
[2025.06.14-17.23.45:055][474]LogModuleManager: Shutting down and abandoning module ShaderFormatVectorVM (207)
[2025.06.14-17.23.45:055][474]LogModuleManager: Shutting down and abandoning module ShaderFormatOpenGL (205)
[2025.06.14-17.23.45:055][474]LogModuleManager: Shutting down and abandoning module ShaderFormatD3D (203)
[2025.06.14-17.23.45:055][474]LogModuleManager: Shutting down and abandoning module MetalShaderFormat (201)
[2025.06.14-17.23.45:056][474]LogModuleManager: Shutting down and abandoning module TextureFormatOodle (199)
[2025.06.14-17.23.45:056][474]LogModuleManager: Shutting down and abandoning module TextureFormatUncompressed (197)
[2025.06.14-17.23.45:056][474]LogModuleManager: Shutting down and abandoning module TextureFormatPVR (195)
[2025.06.14-17.23.45:056][474]LogModuleManager: Shutting down and abandoning module TextureFormatETC2 (193)
[2025.06.14-17.23.45:056][474]LogModuleManager: Shutting down and abandoning module TextureFormatDXT (191)
[2025.06.14-17.23.45:056][474]LogModuleManager: Shutting down and abandoning module TextureFormatIntelISPCTexComp (189)
[2025.06.14-17.23.45:056][474]LogModuleManager: Shutting down and abandoning module TextureFormatASTC (187)
[2025.06.14-17.23.45:056][474]LogModuleManager: Shutting down and abandoning module ImageWrapper (186)
[2025.06.14-17.23.45:056][474]LogModuleManager: Shutting down and abandoning module AudioFormatOpus (183)
[2025.06.14-17.23.45:056][474]LogModuleManager: Shutting down and abandoning module AudioFormatOgg (181)
[2025.06.14-17.23.45:056][474]LogModuleManager: Shutting down and abandoning module AudioFormatADPCM (179)
[2025.06.14-17.23.45:056][474]LogModuleManager: Shutting down and abandoning module WindowsServerTargetPlatform (177)
[2025.06.14-17.23.45:056][474]LogModuleManager: Shutting down and abandoning module WindowsClientTargetPlatform (175)
[2025.06.14-17.23.45:056][474]LogModuleManager: Shutting down and abandoning module WindowsTargetPlatform (173)
[2025.06.14-17.23.45:056][474]LogModuleManager: Shutting down and abandoning module WindowsNoEditorTargetPlatform (171)
[2025.06.14-17.23.45:056][474]LogModuleManager: Shutting down and abandoning module TVOSTargetPlatform (169)
[2025.06.14-17.23.45:058][474]LogModuleManager: Shutting down and abandoning module MacServerTargetPlatform (167)
[2025.06.14-17.23.45:058][474]LogModuleManager: Shutting down and abandoning module MacClientTargetPlatform (165)
[2025.06.14-17.23.45:058][474]LogModuleManager: Shutting down and abandoning module MacTargetPlatform (163)
[2025.06.14-17.23.45:058][474]LogModuleManager: Shutting down and abandoning module MacNoEditorTargetPlatform (161)
[2025.06.14-17.23.45:058][474]LogModuleManager: Shutting down and abandoning module LuminTargetPlatform (159)
[2025.06.14-17.23.45:059][474]LogModuleManager: Shutting down and abandoning module LinuxAArch64ServerTargetPlatform (157)
[2025.06.14-17.23.45:059][474]LogModuleManager: Shutting down and abandoning module LinuxAArch64ClientTargetPlatform (155)
[2025.06.14-17.23.45:059][474]LogModuleManager: Shutting down and abandoning module LinuxAArch64NoEditorTargetPlatform (153)
[2025.06.14-17.23.45:059][474]LogModuleManager: Shutting down and abandoning module LinuxServerTargetPlatform (151)
[2025.06.14-17.23.45:059][474]LogModuleManager: Shutting down and abandoning module LinuxClientTargetPlatform (149)
[2025.06.14-17.23.45:059][474]LogModuleManager: Shutting down and abandoning module LinuxNoEditorTargetPlatform (147)
[2025.06.14-17.23.45:059][474]LogModuleManager: Shutting down and abandoning module LinuxTargetPlatform (145)
[2025.06.14-17.23.45:059][474]LogModuleManager: Shutting down and abandoning module Messaging (143)
[2025.06.14-17.23.45:059][474]LogModuleManager: Shutting down and abandoning module IOSTargetPlatform (141)
[2025.06.14-17.23.45:060][474]LogModuleManager: Shutting down and abandoning module AndroidTargetPlatform (139)
[2025.06.14-17.23.45:065][474]LogModuleManager: Shutting down and abandoning module AllDesktopTargetPlatform (137)
[2025.06.14-17.23.45:065][474]LogModuleManager: Shutting down and abandoning module D3D11RHI (134)
[2025.06.14-17.23.45:065][474]LogModuleManager: Shutting down and abandoning module InputCore (132)
[2025.06.14-17.23.45:065][474]LogModuleManager: Shutting down and abandoning module Settings (130)
[2025.06.14-17.23.45:065][474]LogModuleManager: Shutting down and abandoning module DirectoryWatcher (128)
[2025.06.14-17.23.45:065][474]LogModuleManager: Shutting down and abandoning module PhysXCooking (126)
[2025.06.14-17.23.45:065][474]LogModuleManager: Shutting down and abandoning module Chaos (124)
[2025.06.14-17.23.45:065][474]LogModuleManager: Shutting down and abandoning module WindowsPlatformFeatures (122)
[2025.06.14-17.23.45:065][474]LogModuleManager: Shutting down and abandoning module GameplayMediaEncoder (121)
[2025.06.14-17.23.45:065][474]LogModuleManager: Shutting down and abandoning module AVEncoder (120)
[2025.06.14-17.23.45:065][474]LogModuleManager: Shutting down and abandoning module SteamVRInputDevice (116)
[2025.06.14-17.23.45:065][474]LogModuleManager: Shutting down and abandoning module SteamVRInput (114)
[2025.06.14-17.23.45:065][474]LogModuleManager: Shutting down and abandoning module SteamVR (112)
[2025.06.14-17.23.45:065][474]LogHMD: Freeing OpenVRDLLHandle.
[2025.06.14-17.23.45:065][474]LogModuleManager: Shutting down and abandoning module OculusHMD (110)
[2025.06.14-17.23.45:065][474]LogModuleManager: Shutting down and abandoning module OpenXRHandTracking (108)
[2025.06.14-17.23.45:067][474]LogSlate: Slate User Destroyed.  User Index 0, Is Virtual User: 0
[2025.06.14-17.23.45:067][474]LogModuleManager: Shutting down and abandoning module OpenXREyeTracker (106)
[2025.06.14-17.23.45:067][474]LogModuleManager: Shutting down and abandoning module OpenXRAR (104)
[2025.06.14-17.23.45:067][474]LogModuleManager: Shutting down and abandoning module AugmentedReality (103)
[2025.06.14-17.23.45:067][474]LogModuleManager: Shutting down and abandoning module OpenXRHMD (100)
[2025.06.14-17.23.45:067][474]LogModuleManager: Shutting down and abandoning module ExampleDeviceProfileSelector (98)
[2025.06.14-17.23.45:067][474]LogModuleManager: Shutting down and abandoning module ChunkDownloader (96)
[2025.06.14-17.23.45:067][474]LogModuleManager: Shutting down and abandoning module LauncherChunkInstaller (94)
[2025.06.14-17.23.45:067][474]LogModuleManager: Shutting down and abandoning module OnlineBlueprintSupport (92)
[2025.06.14-17.23.45:067][474]LogModuleManager: Shutting down and abandoning module OnlineSubsystem (88)
[2025.06.14-17.23.45:069][474]LogModuleManager: Shutting down and abandoning module XMPP (83)
[2025.06.14-17.23.45:069][474]LogModuleManager: Shutting down and abandoning module WebSockets (82)
[2025.06.14-17.23.45:088][474]LogModuleManager: Shutting down and abandoning module HTTP (79)
[2025.06.14-17.23.45:088][474]LogHttp: Display: Http module shutting down, but needs to wait on 1 outstanding Http requests:
[2025.06.14-17.23.45:088][474]LogHttp: Display: 	verb=[POST] url=[https://datarouter.ol.epicgames.com/datarouter/api/v1/public/data?SessionID=%7BAF6E6AF7-4E8A-73F2-032C-6AB73FD47DA7%7D&AppID=UEEditor.Rocket.Release&AppVersion=4.27.2-18319896%2B%2B%2BUE4%2BRelease-4.27&UserID=3eadeb334a09c138a68d60b593878835%7C8c0f7f1633984bb789070dad4917d369%7C97a2f4a2-b958-4fc7-b9dd-dc3998f53197&AppEnvironment=datacollector-binary&UploadType=eteventstream] refs=[1] status=Processing
[2025.06.14-17.23.45:088][474]LogHttp: Display: cleaning up 1 outstanding Http requests.
[2025.06.14-17.23.45:103][474]LogModuleManager: Shutting down and abandoning module SSL (78)
[2025.06.14-17.23.45:105][474]LogModuleManager: Shutting down and abandoning module WmfMedia (74)
[2025.06.14-17.23.45:108][474]LogModuleManager: Shutting down and abandoning module Media (73)
[2025.06.14-17.23.45:110][474]LogModuleManager: Shutting down and abandoning module MediaInfo (72)
[2025.06.14-17.23.45:110][474]LogModuleManager: Shutting down and abandoning module ExrReaderGpu (68)
[2025.06.14-17.23.45:110][474]LogModuleManager: Shutting down and abandoning module MLSDK (66)
[2025.06.14-17.23.45:110][474]LogModuleManager: Shutting down and abandoning module MagicLeap (64)
[2025.06.14-17.23.45:110][474]LogModuleManager: Shutting down and abandoning module VariantManagerContent (62)
[2025.06.14-17.23.45:110][474]LogModuleManager: Shutting down and abandoning module DatasmithContent (60)
[2025.06.14-17.23.45:111][474]LogModuleManager: Shutting down and abandoning module NiagaraVertexFactories (58)
[2025.06.14-17.23.45:111][474]LogModuleManager: Shutting down and abandoning module NiagaraShader (56)
[2025.06.14-17.23.45:111][474]LogModuleManager: Shutting down and abandoning module ChaosCloth (54)
[2025.06.14-17.23.45:111][474]LogModuleManager: Shutting down and abandoning module PixWinPlugin (52)
[2025.06.14-17.23.45:111][474]LogModuleManager: Shutting down and abandoning module AISupportModule (50)
[2025.06.14-17.23.45:111][474]LogModuleManager: Shutting down and abandoning module DesktopPlatform (48)
[2025.06.14-17.23.45:111][474]LogModuleManager: Shutting down and abandoning module PythonScriptPluginPreload (46)
[2025.06.14-17.23.45:112][474]LogModuleManager: Shutting down and abandoning module PlatformCryptoOpenSSL (44)
[2025.06.14-17.23.45:112][474]LogModuleManager: Shutting down and abandoning module PlatformCryptoTypes (42)
[2025.06.14-17.23.45:112][474]LogModuleManager: Shutting down and abandoning module PlatformCrypto (40)
[2025.06.14-17.23.45:112][474]LogModuleManager: Shutting down and abandoning module OodleDataCompressionFormat (38)
[2025.06.14-17.23.45:112][474]LogModuleManager: Shutting down and abandoning module XGEController (36)
[2025.06.14-17.23.45:112][474]LogModuleManager: Shutting down and abandoning module AnimationModifiers (34)
[2025.06.14-17.23.45:112][474]LogModuleManager: Shutting down and abandoning module AudioEditor (32)
[2025.06.14-17.23.45:112][474]LogModuleManager: Shutting down and abandoning module PropertyEditor (31)
[2025.06.14-17.23.45:112][474]LogModuleManager: Shutting down and abandoning module TextureCompressor (28)
[2025.06.14-17.23.45:112][474]LogModuleManager: Shutting down and abandoning module RenderCore (26)
[2025.06.14-17.23.45:112][474]LogModuleManager: Shutting down and abandoning module Landscape (24)
[2025.06.14-17.23.45:112][474]LogModuleManager: Shutting down and abandoning module SlateRHIRenderer (22)
[2025.06.14-17.23.45:113][474]LogModuleManager: Shutting down and abandoning module AnimGraphRuntime (20)
[2025.06.14-17.23.45:113][474]LogModuleManager: Shutting down and abandoning module Renderer (18)
[2025.06.14-17.23.45:113][474]LogModuleManager: Shutting down and abandoning module Engine (16)
[2025.06.14-17.23.45:113][474]LogModuleManager: Shutting down and abandoning module CoreUObject (14)
[2025.06.14-17.23.45:113][474]LogModuleManager: Shutting down and abandoning module NetworkFile (12)
[2025.06.14-17.23.45:114][474]LogModuleManager: Shutting down and abandoning module CookedIterativeFile (10)
[2025.06.14-17.23.45:114][474]LogModuleManager: Shutting down and abandoning module StreamingFile (8)
[2025.06.14-17.23.45:114][474]LogModuleManager: Shutting down and abandoning module SandboxFile (6)
[2025.06.14-17.23.45:114][474]LogModuleManager: Shutting down and abandoning module PakFile (4)
[2025.06.14-17.23.45:114][474]LogModuleManager: Shutting down and abandoning module RSA (3)
[2025.06.14-17.23.45:114][474]LogContentStreaming: Display: There are 1 unreleased StreamingManagers
[2025.06.14-17.23.45:231][474]LogD3D11RHI: Shutdown
[2025.06.14-17.23.45:231][474]LogD3D11RHI: CleanupD3DDevice
[2025.06.14-17.23.45:233][474]LogExit: Exiting.
[2025.06.14-17.23.45:238][474]Log file closed, 06/14/25 19:23:45
