Log file open, 02/11/26 18:14:33
LogWindows: Failed to load 'aqProf.dll' (GetLastError=126)
LogWindows: File 'aqProf.dll' does not exist
LogWindows: Failed to load 'VtuneApi.dll' (GetLastError=126)
LogWindows: File 'VtuneApi.dll' does not exist
LogWindows: Failed to load 'VtuneApi32e.dll' (GetLastError=126)
LogWindows: File 'VtuneApi32e.dll' does not exist
LogConsoleResponse: Display: Failed to find resolution value strings in scalability ini. Falling back to default.
LogConsoleResponse: Display: Failed to find resolution value strings in scalability ini. Falling back to default.
LogInit: Display: Running engine for game: TopDownAC
LogPlatformFile: Not using cached read wrapper
LogTaskGraph: Started task graph with 5 named threads and 59 total threads with 3 sets of task threads.
LogStats: Stats thread started at 0.176027
LogICUInternationalization: ICU TimeZone Detection - Raw Offset: +1:00, Platform Override: ''
LogInit: Display: Loading text-based GConfig....
LogPluginManager: Mounting plugin MeshPainting
LogPluginManager: Mounting plugin XGEController
LogPluginManager: Mounting plugin Paper2D
LogPluginManager: Mounting plugin AISupport
LogPluginManager: Mounting plugin EnvironmentQueryEditor
LogPluginManager: Mounting plugin CameraShakePreviewer
LogPluginManager: Mounting plugin LightPropagationVolume
LogPluginManager: Mounting plugin GameplayCameras
LogPluginManager: Mounting plugin LiveLink
LogPluginManager: Mounting plugin AnimationSharing
LogPluginManager: Mounting plugin OodleData
LogPluginManager: Mounting plugin CLionSourceCodeAccess
LogPluginManager: Mounting plugin CodeLiteSourceCodeAccess
LogPluginManager: Mounting plugin GitSourceControl
LogPluginManager: Mounting plugin KDevelopSourceCodeAccess
LogPluginManager: Mounting plugin NullSourceCodeAccess
LogPluginManager: Mounting plugin PerforceSourceControl
LogPluginManager: Mounting plugin PluginUtils
LogPluginManager: Mounting plugin PropertyAccessNode
LogPluginManager: Mounting plugin PixWinPlugin
LogPluginManager: Mounting plugin SubversionSourceControl
LogPluginManager: Mounting plugin TextureFormatOodle
LogPluginManager: Mounting plugin UObjectPlugin
LogPluginManager: Mounting plugin OodleNetwork
LogPluginManager: Mounting plugin VisualStudioSourceCodeAccess
LogPluginManager: Mounting plugin XCodeSourceCodeAccess
LogPluginManager: Mounting plugin VisualStudioCodeSourceCodeAccess
LogPluginManager: Mounting plugin CurveEditorTools
LogPluginManager: Mounting plugin DataValidation
LogPluginManager: Mounting plugin CryptoKeys
LogPluginManager: Mounting plugin AssetManagerEditor
LogPluginManager: Mounting plugin FacialAnimation
LogPluginManager: Mounting plugin DatasmithContent
LogPluginManager: Mounting plugin GeometryMode
LogPluginManager: Mounting plugin PlasticSourceControl
LogPluginManager: Mounting plugin GameplayTagsEditor
LogPluginManager: Mounting plugin MacGraphicsSwitching
LogPluginManager: Mounting plugin MaterialAnalyzer
LogPluginManager: Mounting plugin MobileLauncherProfileWizard
LogPluginManager: Mounting plugin PluginBrowser
LogPluginManager: Mounting plugin VariantManagerContent
LogPluginManager: Mounting plugin SpeedTreeImporter
LogPluginManager: Mounting plugin Niagara
LogPluginManager: Mounting plugin RiderSourceCodeAccess
LogPluginManager: Mounting plugin LuminPlatformFeatures
LogPluginManager: Mounting plugin MagicLeapMedia
LogPluginManager: Mounting plugin MagicLeapPassableWorld
LogPluginManager: Mounting plugin MagicLeapLightEstimation
LogPluginManager: Mounting plugin AndroidMedia
LogPluginManager: Mounting plugin MLSDK
LogPluginManager: Mounting plugin AvfMedia
LogPluginManager: Mounting plugin ImgMedia
LogPluginManager: Mounting plugin MediaCompositing
LogPluginManager: Mounting plugin MediaPlayerEditor
LogPluginManager: Mounting plugin WebMMedia
LogPluginManager: Mounting plugin WmfMedia
LogPluginManager: Mounting plugin AlembicImporter
LogPluginManager: Mounting plugin BackChannel
LogPluginManager: Mounting plugin ChaosCloth
LogPluginManager: Mounting plugin AutomationUtils
LogPluginManager: Mounting plugin ChaosClothEditor
LogPluginManager: Mounting plugin ChaosEditor
LogPluginManager: Mounting plugin ChaosSolverPlugin
LogPluginManager: Mounting plugin ChaosNiagara
LogPluginManager: Mounting plugin TcpMessaging
LogPluginManager: Mounting plugin UdpMessaging
LogPluginManager: Mounting plugin CharacterAI
LogPluginManager: Mounting plugin GeometryCache
LogPluginManager: Mounting plugin GeometryCollectionPlugin
LogPluginManager: Mounting plugin GeometryProcessing
LogPluginManager: Mounting plugin MotoSynth
LogPluginManager: Mounting plugin PlanarCut
LogPluginManager: Mounting plugin OpenImageDenoise
LogPluginManager: Mounting plugin PythonScriptPlugin
LogPluginManager: Mounting plugin PlatformCrypto
LogPluginManager: Mounting plugin ProxyLODPlugin
LogPluginManager: Mounting plugin SkeletalReduction
LogPluginManager: Mounting plugin ActorSequence
LogPluginManager: Mounting plugin LevelSequenceEditor
LogPluginManager: Mounting plugin MatineeToLevelSequence
LogPluginManager: Mounting plugin MagicLeap
LogPluginManager: Mounting plugin TemplateSequence
LogPluginManager: Mounting plugin OnlineSubsystem
LogPluginManager: Mounting plugin OnlineSubsystemNull
LogPluginManager: Mounting plugin OnlineSubsystemUtils
LogPluginManager: Mounting plugin LauncherChunkInstaller
LogPluginManager: Mounting plugin ActorLayerUtilities
LogPluginManager: Mounting plugin AndroidDeviceProfileSelector
LogPluginManager: Mounting plugin AndroidPermission
LogPluginManager: Mounting plugin AndroidMoviePlayer
LogPluginManager: Mounting plugin AppleImageUtils
LogPluginManager: Mounting plugin AppleMoviePlayer
LogPluginManager: Mounting plugin AssetTags
LogPluginManager: Mounting plugin AudioCapture
LogPluginManager: Mounting plugin ArchVisCharacter
LogPluginManager: Mounting plugin CableComponent
LogPluginManager: Mounting plugin ChunkDownloader
LogPluginManager: Mounting plugin CustomMeshComponent
LogPluginManager: Mounting plugin AudioSynesthesia
LogPluginManager: Mounting plugin EditableMesh
LogPluginManager: Mounting plugin ExampleDeviceProfileSelector
LogPluginManager: Mounting plugin GooglePAD
LogPluginManager: Mounting plugin LinuxDeviceProfileSelector
LogPluginManager: Mounting plugin LocationServicesBPLibrary
LogPluginManager: Mounting plugin IOSDeviceProfileSelector
LogPluginManager: Mounting plugin MobilePatchingUtils
LogPluginManager: Mounting plugin ScreenshotTools
LogPluginManager: Mounting plugin OpenXR
LogPluginManager: Mounting plugin OpenXREyeTracker
LogPluginManager: Mounting plugin OpenXRHandTracking
LogPluginManager: Mounting plugin PhysXVehicles
LogPluginManager: Mounting plugin PostSplashScreen
LogPluginManager: Mounting plugin PropertyAccessEditor
LogPluginManager: Mounting plugin ProceduralMeshComponent
LogPluginManager: Mounting plugin RuntimePhysXCooking
LogPluginManager: Mounting plugin SignificanceManager
LogPluginManager: Mounting plugin GoogleCloudMessaging
LogPluginManager: Mounting plugin SoundFields
LogPluginManager: Mounting plugin Synthesis
LogPluginManager: Mounting plugin WebMMoviePlayer
LogPluginManager: Mounting plugin WindowsMoviePlayer
LogPluginManager: Mounting plugin Takes
LogPluginManager: Mounting plugin ContentBrowserAssetDataSource
LogPluginManager: Mounting plugin ContentBrowserFileDataSource
LogPluginManager: Mounting plugin OnlineSubsystemIOS
LogPluginManager: Mounting plugin OnlineSubsystemGooglePlay
LogPluginManager: Mounting plugin ContentBrowserClassDataSource
LogPluginManager: Mounting plugin OculusVR
LogPluginManager: Mounting plugin SteamVR
PixWinPlugin: PIX capture plugin failed to initialize! Check that the process is launched from PIX.
LogInit: Using libcurl 7.55.1-DEV
LogInit:  - built for x86_64-pc-win32
LogInit:  - supports SSL with OpenSSL/1.1.1
LogInit:  - supports HTTP deflate (compression) using libz 1.2.8
LogInit:  - other features:
LogInit:      CURL_VERSION_SSL
LogInit:      CURL_VERSION_LIBZ
LogInit:      CURL_VERSION_IPV6
LogInit:      CURL_VERSION_ASYNCHDNS
LogInit:      CURL_VERSION_LARGEFILE
LogInit:      CURL_VERSION_IDN
LogInit:  CurlRequestOptions (configurable via config and command line):
LogInit:  - bVerifyPeer = true  - Libcurl will verify peer certificate
LogInit:  - bUseHttpProxy = false  - Libcurl will NOT use HTTP proxy
LogInit:  - bDontReuseConnections = false  - Libcurl will reuse connections
LogInit:  - MaxHostConnections = 16  - Libcurl will limit the number of connections to a host
LogInit:  - LocalHostAddr = Default
LogInit:  - BufferSize = 65536
LogOnline: OSS: Creating online subsystem instance for: NULL
LogInit: WinSock: version 1.1 (2.2), MaxSocks=32767, MaxUdp=65467
LogOnline: OSS: TryLoadSubsystemAndSetDefault: Loaded subsystem for module [NULL]
LogOculusPluginWrapper: OculusPlugin initialized successfully
LogHMD: Failed initializing OVRPlugin 1.59.0
LogInit: Build: ++UE4+Release-4.27-CL-18319896
LogInit: Engine Version: 4.27.2-18319896+++UE4+Release-4.27
LogInit: Compatible Engine Version: 4.27.0-17155196+++UE4+Release-4.27
LogInit: Net CL: 17155196
LogInit: OS: Windows 10 (Release 2009) (), CPU: 13th Gen Intel(R) Core(TM) i7-13650HX, GPU: Intel(R) UHD Graphics
LogInit: Compiled (64-bit): Nov 30 2021 07:12:08
LogInit: Compiled with Visual C++: 19.24.28315.00
LogInit: Build Configuration: Development
LogInit: Branch Name: ++UE4+Release-4.27
LogInit: Command Line:  -AUTH_LOGIN=unused -AUTH_PASSWORD=c51a88495c2544b896c502c0e052072b -AUTH_TYPE=exchangecode -epicapp=UE_4.27 -epicenv=Prod -EpicPortal -epicusername=Xotii -epicuserid=8c0f7f1633984bb789070dad4917d369 -epiclocale=pl -epicsandboxid=ue
LogInit: Base Directory: D:/Epic Games/UE_4.27/Engine/Binaries/Win64/
LogInit: Allocator: TBB
LogInit: Installed Engine Build: 1
LogDevObjectVersion: Number of dev versions registered: 29
LogDevObjectVersion:   Dev-Blueprints (B0D832E4-1F89-4F0D-ACCF-7EB736FD4AA2): 10
LogDevObjectVersion:   Dev-Build (E1C64328-A22C-4D53-A36C-8E866417BD8C): 0
LogDevObjectVersion:   Dev-Core (375EC13C-06E4-48FB-B500-84F0262A717E): 4
LogDevObjectVersion:   Dev-Editor (E4B068ED-F494-42E9-A231-DA0B2E46BB41): 40
LogDevObjectVersion:   Dev-Framework (CFFC743F-43B0-4480-9391-14DF171D2073): 37
LogDevObjectVersion:   Dev-Mobile (B02B49B5-BB20-44E9-A304-32B752E40360): 3
LogDevObjectVersion:   Dev-Networking (A4E4105C-59A1-49B5-A7C5-40C4547EDFEE): 0
LogDevObjectVersion:   Dev-Online (39C831C9-5AE6-47DC-9A44-9C173E1C8E7C): 0
LogDevObjectVersion:   Dev-Physics (78F01B33-EBEA-4F98-B9B4-84EACCB95AA2): 14
LogDevObjectVersion:   Dev-Platform (6631380F-2D4D-43E0-8009-CF276956A95A): 0
LogDevObjectVersion:   Dev-Rendering (12F88B9F-8875-4AFC-A67C-D90C383ABD29): 45
LogDevObjectVersion:   Dev-Sequencer (7B5AE74C-D270-4C10-A958-57980B212A5A): 13
LogDevObjectVersion:   Dev-VR (D7296918-1DD6-4BDD-9DE2-64A83CC13884): 3
LogDevObjectVersion:   Dev-LoadTimes (C2A15278-BFE7-4AFE-6C17-90FF531DF755): 1
LogDevObjectVersion:   Private-Geometry (6EACA3D4-40EC-4CC1-B786-8BED09428FC5): 3
LogDevObjectVersion:   Dev-AnimPhys (29E575DD-E0A3-4627-9D10-D276232CDCEA): 17
LogDevObjectVersion:   Dev-Anim (AF43A65D-7FD3-4947-9873-3E8ED9C1BB05): 15
LogDevObjectVersion:   Dev-ReflectionCapture (6B266CEC-1EC7-4B8F-A30B-E4D90942FC07): 1
LogDevObjectVersion:   Dev-Automation (0DF73D61-A23F-47EA-B727-89E90C41499A): 1
LogDevObjectVersion:   FortniteMain (601D1886-AC64-4F84-AA16-D3DE0DEAC7D6): 47
LogDevObjectVersion:   FortniteRelease (E7086368-6B23-4C58-8439-1B7016265E91): 1
LogDevObjectVersion:   Dev-Enterprise (9DFFBCD6-494F-0158-E221-12823C92A888): 10
LogDevObjectVersion:   Dev-Niagara (F2AED0AC-9AFE-416F-8664-AA7FFA26D6FC): 1
LogDevObjectVersion:   Dev-Destruction (174F1F0B-B4C6-45A5-B13F-2EE8D0FB917D): 10
LogDevObjectVersion:   Dev-Physics-Ext (35F94A83-E258-406C-A318-09F59610247C): 41
LogDevObjectVersion:   Dev-PhysicsMaterial-Chaos (B68FC16E-8B1B-42E2-B453-215C058844FE): 1
LogDevObjectVersion:   Dev-CineCamera (B2E18506-4273-CFC2-A54E-F4BB758BBA07): 1
LogDevObjectVersion:   Dev-VirtualProduction (64F58936-FD1B-42BA-BA96-7289D5D0FA4E): 1
LogDevObjectVersion:   Dev-MediaFramework (6F0ED827-A609-4895-9C91-998D90180EA4): 2
LogInit: Presizing for max 25165824 objects, including 0 objects not considered by GC, pre-allocating 0 bytes for permanent pool.
LogConfig: Applying CVar settings from Section [/Script/Engine.StreamingSettings] File [D:/Repozytoria/UE 4.27/KZ_TopDownShooter/TopDownAC/Saved/Config/Windows/Engine.ini]
LogConfig: Setting CVar [[s.MinBulkDataSizeForAsyncLoading:131072]]
LogConfig: Setting CVar [[s.AsyncLoadingThreadEnabled:0]]
LogConfig: Setting CVar [[s.EventDrivenLoaderEnabled:1]]
LogConfig: Setting CVar [[s.WarnIfTimeLimitExceeded:0]]
LogConfig: Setting CVar [[s.TimeLimitExceededMultiplier:1.5]]
LogConfig: Setting CVar [[s.TimeLimitExceededMinTime:0.005]]
LogConfig: Setting CVar [[s.UseBackgroundLevelStreaming:1]]
LogConfig: Setting CVar [[s.PriorityAsyncLoadingExtraTime:15.0]]
LogConfig: Setting CVar [[s.LevelStreamingActorsUpdateTimeLimit:5.0]]
LogConfig: Setting CVar [[s.PriorityLevelStreamingActorsUpdateExtraTime:5.0]]
LogConfig: Setting CVar [[s.LevelStreamingComponentsRegistrationGranularity:10]]
LogConfig: Setting CVar [[s.UnregisterComponentsTimeLimit:1.0]]
LogConfig: Setting CVar [[s.LevelStreamingComponentsUnregistrationGranularity:5]]
LogConfig: Setting CVar [[s.FlushStreamingOnExit:1]]
LogInit: Object subsystem initialized
LogConfig: Setting CVar [[con.DebugEarlyDefault:1]]
LogConfig: Setting CVar [[r.setres:1280x720]]
[2026.02.11-17.14.34:035][  0]LogConfig: Setting CVar [[r.VSync:0]]
[2026.02.11-17.14.34:035][  0]LogConfig: Setting CVar [[r.RHICmdBypass:0]]
[2026.02.11-17.14.34:035][  0]LogConfig: Applying CVar settings from Section [/Script/Engine.RendererSettings] File [D:/Repozytoria/UE 4.27/KZ_TopDownShooter/TopDownAC/Saved/Config/Windows/Engine.ini]
[2026.02.11-17.14.34:035][  0]LogConfig: Setting CVar [[r.GPUCrashDebugging:0]]
[2026.02.11-17.14.34:035][  0]LogConfig: Applying CVar settings from Section [/Script/Engine.RendererOverrideSettings] File [D:/Repozytoria/UE 4.27/KZ_TopDownShooter/TopDownAC/Saved/Config/Windows/Engine.ini]
[2026.02.11-17.14.34:035][  0]LogConfig: Applying CVar settings from Section [/Script/Engine.StreamingSettings] File [D:/Repozytoria/UE 4.27/KZ_TopDownShooter/TopDownAC/Saved/Config/Windows/Engine.ini]
[2026.02.11-17.14.34:035][  0]LogConfig: Setting CVar [[s.MinBulkDataSizeForAsyncLoading:131072]]
[2026.02.11-17.14.34:035][  0]LogConfig: Setting CVar [[s.AsyncLoadingThreadEnabled:0]]
[2026.02.11-17.14.34:035][  0]LogConfig: Setting CVar [[s.EventDrivenLoaderEnabled:1]]
[2026.02.11-17.14.34:035][  0]LogConfig: Setting CVar [[s.WarnIfTimeLimitExceeded:0]]
[2026.02.11-17.14.34:035][  0]LogConfig: Setting CVar [[s.TimeLimitExceededMultiplier:1.5]]
[2026.02.11-17.14.34:035][  0]LogConfig: Setting CVar [[s.TimeLimitExceededMinTime:0.005]]
[2026.02.11-17.14.34:035][  0]LogConfig: Setting CVar [[s.UseBackgroundLevelStreaming:1]]
[2026.02.11-17.14.34:035][  0]LogConfig: Setting CVar [[s.PriorityAsyncLoadingExtraTime:15.0]]
[2026.02.11-17.14.34:035][  0]LogConfig: Setting CVar [[s.LevelStreamingActorsUpdateTimeLimit:5.0]]
[2026.02.11-17.14.34:035][  0]LogConfig: Setting CVar [[s.PriorityLevelStreamingActorsUpdateExtraTime:5.0]]
[2026.02.11-17.14.34:035][  0]LogConfig: Setting CVar [[s.LevelStreamingComponentsRegistrationGranularity:10]]
[2026.02.11-17.14.34:035][  0]LogConfig: Setting CVar [[s.UnregisterComponentsTimeLimit:1.0]]
[2026.02.11-17.14.34:035][  0]LogConfig: Setting CVar [[s.LevelStreamingComponentsUnregistrationGranularity:5]]
[2026.02.11-17.14.34:035][  0]LogConfig: Setting CVar [[s.FlushStreamingOnExit:1]]
[2026.02.11-17.14.34:037][  0]LogConfig: Applying CVar settings from Section [/Script/Engine.GarbageCollectionSettings] File [D:/Repozytoria/UE 4.27/KZ_TopDownShooter/TopDownAC/Saved/Config/Windows/Engine.ini]
[2026.02.11-17.14.34:037][  0]LogConfig: Setting CVar [[gc.MaxObjectsNotConsideredByGC:1]]
[2026.02.11-17.14.34:037][  0]LogConfig: Setting CVar [[gc.SizeOfPermanentObjectPool:0]]
[2026.02.11-17.14.34:037][  0]LogConfig: Setting CVar [[gc.FlushStreamingOnGC:0]]
[2026.02.11-17.14.34:037][  0]LogConfig: Setting CVar [[gc.NumRetriesBeforeForcingGC:10]]
[2026.02.11-17.14.34:037][  0]LogConfig: Setting CVar [[gc.AllowParallelGC:1]]
[2026.02.11-17.14.34:037][  0]LogConfig: Setting CVar [[gc.TimeBetweenPurgingPendingKillObjects:61.1]]
[2026.02.11-17.14.34:037][  0]LogConfig: Setting CVar [[gc.MaxObjectsInEditor:25165824]]
[2026.02.11-17.14.34:037][  0]LogConfig: Setting CVar [[gc.IncrementalBeginDestroyEnabled:1]]
[2026.02.11-17.14.34:037][  0]LogConfig: Setting CVar [[gc.CreateGCClusters:1]]
[2026.02.11-17.14.34:037][  0]LogConfig: Setting CVar [[gc.MinGCClusterSize:5]]
[2026.02.11-17.14.34:037][  0]LogConfig: Setting CVar [[gc.ActorClusteringEnabled:0]]
[2026.02.11-17.14.34:037][  0]LogConfig: Setting CVar [[gc.BlueprintClusteringEnabled:0]]
[2026.02.11-17.14.34:037][  0]LogConfig: Setting CVar [[gc.UseDisregardForGCOnDedicatedServers:0]]
[2026.02.11-17.14.34:037][  0]LogConfig: Setting CVar [[gc.MultithreadedDestructionEnabled:1]]
[2026.02.11-17.14.34:037][  0]LogConfig: Applying CVar settings from Section [/Script/Engine.NetworkSettings] File [D:/Repozytoria/UE 4.27/KZ_TopDownShooter/TopDownAC/Saved/Config/Windows/Engine.ini]
[2026.02.11-17.14.34:037][  0]LogConfig: Applying CVar settings from Section [/Script/UnrealEd.CookerSettings] File [D:/Repozytoria/UE 4.27/KZ_TopDownShooter/TopDownAC/Saved/Config/Windows/Engine.ini]
[2026.02.11-17.14.34:045][  0]LogConfig: Applying CVar settings from Section [ViewDistanceQuality@3] File [D:/Repozytoria/UE 4.27/KZ_TopDownShooter/TopDownAC/Saved/Config/Windows/Scalability.ini]
[2026.02.11-17.14.34:045][  0]LogConfig: Setting CVar [[r.SkeletalMeshLODBias:0]]
[2026.02.11-17.14.34:045][  0]LogConfig: Setting CVar [[r.ViewDistanceScale:1.0]]
[2026.02.11-17.14.34:045][  0]LogConfig: Applying CVar settings from Section [AntiAliasingQuality@3] File [D:/Repozytoria/UE 4.27/KZ_TopDownShooter/TopDownAC/Saved/Config/Windows/Scalability.ini]
[2026.02.11-17.14.34:045][  0]LogConfig: Setting CVar [[r.PostProcessAAQuality:4]]
[2026.02.11-17.14.34:045][  0]LogConfig: Applying CVar settings from Section [ShadowQuality@3] File [D:/Repozytoria/UE 4.27/KZ_TopDownShooter/TopDownAC/Saved/Config/Windows/Scalability.ini]
[2026.02.11-17.14.34:045][  0]LogConfig: Setting CVar [[r.LightFunctionQuality:1]]
[2026.02.11-17.14.34:045][  0]LogConfig: Setting CVar [[r.ShadowQuality:5]]
[2026.02.11-17.14.34:045][  0]LogConfig: Setting CVar [[r.Shadow.CSM.MaxCascades:10]]
[2026.02.11-17.14.34:045][  0]LogConfig: Setting CVar [[r.Shadow.MaxResolution:2048]]
[2026.02.11-17.14.34:045][  0]LogConfig: Setting CVar [[r.Shadow.MaxCSMResolution:2048]]
[2026.02.11-17.14.34:045][  0]LogConfig: Setting CVar [[r.Shadow.RadiusThreshold:0.01]]
[2026.02.11-17.14.34:045][  0]LogConfig: Setting CVar [[r.Shadow.DistanceScale:1.0]]
[2026.02.11-17.14.34:045][  0]LogConfig: Setting CVar [[r.Shadow.CSM.TransitionScale:1.0]]
[2026.02.11-17.14.34:045][  0]LogConfig: Setting CVar [[r.Shadow.PreShadowResolutionFactor:1.0]]
[2026.02.11-17.14.34:045][  0]LogConfig: Setting CVar [[r.DistanceFieldShadowing:1]]
[2026.02.11-17.14.34:045][  0]LogConfig: Setting CVar [[r.DistanceFieldAO:1]]
[2026.02.11-17.14.34:045][  0]LogConfig: Setting CVar [[r.AOQuality:2]]
[2026.02.11-17.14.34:045][  0]LogConfig: Setting CVar [[r.VolumetricFog:1]]
[2026.02.11-17.14.34:045][  0]LogConfig: Setting CVar [[r.VolumetricFog.GridPixelSize:8]]
[2026.02.11-17.14.34:045][  0]LogConfig: Setting CVar [[r.VolumetricFog.GridSizeZ:128]]
[2026.02.11-17.14.34:045][  0]LogConfig: Setting CVar [[r.VolumetricFog.HistoryMissSupersampleCount:4]]
[2026.02.11-17.14.34:045][  0]LogConfig: Setting CVar [[r.LightMaxDrawDistanceScale:1]]
[2026.02.11-17.14.34:045][  0]LogConfig: Setting CVar [[r.CapsuleShadows:1]]
[2026.02.11-17.14.34:045][  0]LogConfig: Applying CVar settings from Section [PostProcessQuality@3] File [D:/Repozytoria/UE 4.27/KZ_TopDownShooter/TopDownAC/Saved/Config/Windows/Scalability.ini]
[2026.02.11-17.14.34:045][  0]LogConfig: Setting CVar [[r.MotionBlurQuality:4]]
[2026.02.11-17.14.34:045][  0]LogConfig: Setting CVar [[r.AmbientOcclusionMipLevelFactor:0.4]]
[2026.02.11-17.14.34:045][  0]LogConfig: Setting CVar [[r.AmbientOcclusionMaxQuality:100]]
[2026.02.11-17.14.34:045][  0]LogConfig: Setting CVar [[r.AmbientOcclusionLevels:-1]]
[2026.02.11-17.14.34:045][  0]LogConfig: Setting CVar [[r.AmbientOcclusionRadiusScale:1.0]]
[2026.02.11-17.14.34:045][  0]LogConfig: Setting CVar [[r.DepthOfFieldQuality:2]]
[2026.02.11-17.14.34:045][  0]LogConfig: Setting CVar [[r.RenderTargetPoolMin:400]]
[2026.02.11-17.14.34:045][  0]LogConfig: Setting CVar [[r.LensFlareQuality:2]]
[2026.02.11-17.14.34:045][  0]LogConfig: Setting CVar [[r.SceneColorFringeQuality:1]]
[2026.02.11-17.14.34:045][  0]LogConfig: Setting CVar [[r.EyeAdaptationQuality:2]]
[2026.02.11-17.14.34:045][  0]LogConfig: Setting CVar [[r.BloomQuality:5]]
[2026.02.11-17.14.34:045][  0]LogConfig: Setting CVar [[r.FastBlurThreshold:100]]
[2026.02.11-17.14.34:045][  0]LogConfig: Setting CVar [[r.Upscale.Quality:3]]
[2026.02.11-17.14.34:045][  0]LogConfig: Setting CVar [[r.Tonemapper.GrainQuantization:1]]
[2026.02.11-17.14.34:045][  0]LogConfig: Setting CVar [[r.LightShaftQuality:1]]
[2026.02.11-17.14.34:045][  0]LogConfig: Setting CVar [[r.Filter.SizeScale:1]]
[2026.02.11-17.14.34:045][  0]LogConfig: Setting CVar [[r.Tonemapper.Quality:5]]
[2026.02.11-17.14.34:045][  0]LogConfig: Setting CVar [[r.DOF.Gather.AccumulatorQuality:1        ; higher gathering accumulator quality]]
[2026.02.11-17.14.34:045][  0]LogConfig: Setting CVar [[r.DOF.Gather.PostfilterMethod:1          ; Median3x3 postfilering method]]
[2026.02.11-17.14.34:045][  0]LogConfig: Setting CVar [[r.DOF.Gather.EnableBokehSettings:0       ; no bokeh simulation when gathering]]
[2026.02.11-17.14.34:045][  0]LogConfig: Setting CVar [[r.DOF.Gather.RingCount:4                 ; medium number of samples when gathering]]
[2026.02.11-17.14.34:045][  0]LogConfig: Setting CVar [[r.DOF.Scatter.ForegroundCompositing:1    ; additive foreground scattering]]
[2026.02.11-17.14.34:045][  0]LogConfig: Setting CVar [[r.DOF.Scatter.BackgroundCompositing:2    ; additive background scattering]]
[2026.02.11-17.14.34:045][  0]LogConfig: Setting CVar [[r.DOF.Scatter.EnableBokehSettings:1      ; bokeh simulation when scattering]]
[2026.02.11-17.14.34:045][  0]LogConfig: Setting CVar [[r.DOF.Scatter.MaxSpriteRatio:0.1         ; only a maximum of 10% of scattered bokeh]]
[2026.02.11-17.14.34:045][  0]LogConfig: Setting CVar [[r.DOF.Recombine.Quality:1                ; cheap slight out of focus]]
[2026.02.11-17.14.34:045][  0]LogConfig: Setting CVar [[r.DOF.Recombine.EnableBokehSettings:0    ; no bokeh simulation on slight out of focus]]
[2026.02.11-17.14.34:045][  0]LogConfig: Setting CVar [[r.DOF.TemporalAAQuality:1                ; more stable temporal accumulation]]
[2026.02.11-17.14.34:045][  0]LogConfig: Setting CVar [[r.DOF.Kernel.MaxForegroundRadius:0.025]]
[2026.02.11-17.14.34:045][  0]LogConfig: Setting CVar [[r.DOF.Kernel.MaxBackgroundRadius:0.025]]
[2026.02.11-17.14.34:045][  0]LogConfig: Applying CVar settings from Section [TextureQuality@3] File [D:/Repozytoria/UE 4.27/KZ_TopDownShooter/TopDownAC/Saved/Config/Windows/Scalability.ini]
[2026.02.11-17.14.34:045][  0]LogConfig: Setting CVar [[r.Streaming.MipBias:0]]
[2026.02.11-17.14.34:045][  0]LogConfig: Setting CVar [[r.Streaming.AmortizeCPUToGPUCopy:0]]
[2026.02.11-17.14.34:045][  0]LogConfig: Setting CVar [[r.Streaming.MaxNumTexturesToStreamPerFrame:0]]
[2026.02.11-17.14.34:045][  0]LogConfig: Setting CVar [[r.Streaming.Boost:1]]
[2026.02.11-17.14.34:045][  0]LogConfig: Setting CVar [[r.MaxAnisotropy:8]]
[2026.02.11-17.14.34:045][  0]LogConfig: Setting CVar [[r.VT.MaxAnisotropy:8]]
[2026.02.11-17.14.34:045][  0]LogConfig: Setting CVar [[r.Streaming.LimitPoolSizeToVRAM:0]]
[2026.02.11-17.14.34:045][  0]LogConfig: Setting CVar [[r.Streaming.PoolSize:1000]]
[2026.02.11-17.14.34:045][  0]LogConfig: Setting CVar [[r.Streaming.MaxEffectiveScreenSize:0]]
[2026.02.11-17.14.34:045][  0]LogConfig: Applying CVar settings from Section [EffectsQuality@3] File [D:/Repozytoria/UE 4.27/KZ_TopDownShooter/TopDownAC/Saved/Config/Windows/Scalability.ini]
[2026.02.11-17.14.34:045][  0]LogConfig: Setting CVar [[r.TranslucencyLightingVolumeDim:64]]
[2026.02.11-17.14.34:045][  0]LogConfig: Setting CVar [[r.RefractionQuality:2]]
[2026.02.11-17.14.34:045][  0]LogConfig: Setting CVar [[r.SSR.Quality:3]]
[2026.02.11-17.14.34:045][  0]LogConfig: Setting CVar [[r.SSR.HalfResSceneColor:0]]
[2026.02.11-17.14.34:045][  0]LogConfig: Setting CVar [[r.SceneColorFormat:4]]
[2026.02.11-17.14.34:045][  0]LogConfig: Setting CVar [[r.DetailMode:2]]
[2026.02.11-17.14.34:045][  0]LogConfig: Setting CVar [[r.TranslucencyVolumeBlur:1]]
[2026.02.11-17.14.34:045][  0]LogConfig: Setting CVar [[r.MaterialQualityLevel:1 ; High quality]]
[2026.02.11-17.14.34:045][  0]LogConfig: Setting CVar [[r.AnisotropicMaterials:1]]
[2026.02.11-17.14.34:045][  0]LogConfig: Setting CVar [[r.SSS.Scale:1]]
[2026.02.11-17.14.34:045][  0]LogConfig: Setting CVar [[r.SSS.SampleSet:2]]
[2026.02.11-17.14.34:045][  0]LogConfig: Setting CVar [[r.SSS.Quality:1]]
[2026.02.11-17.14.34:045][  0]LogConfig: Setting CVar [[r.SSS.HalfRes:0]]
[2026.02.11-17.14.34:045][  0]LogConfig: Setting CVar [[r.SSGI.Quality:3]]
[2026.02.11-17.14.34:045][  0]LogConfig: Setting CVar [[r.EmitterSpawnRateScale:1.0]]
[2026.02.11-17.14.34:045][  0]LogConfig: Setting CVar [[r.ParticleLightQuality:2]]
[2026.02.11-17.14.34:045][  0]LogConfig: Setting CVar [[r.SkyAtmosphere.AerialPerspectiveLUT.FastApplyOnOpaque:1 ; Always have FastSkyLUT 1 in this case to avoid wrong sky]]
[2026.02.11-17.14.34:045][  0]LogConfig: Setting CVar [[r.SkyAtmosphere.AerialPerspectiveLUT.SampleCountMaxPerSlice:4]]
[2026.02.11-17.14.34:045][  0]LogConfig: Setting CVar [[r.SkyAtmosphere.AerialPerspectiveLUT.DepthResolution:16.0]]
[2026.02.11-17.14.34:045][  0]LogConfig: Setting CVar [[r.SkyAtmosphere.FastSkyLUT:1]]
[2026.02.11-17.14.34:045][  0]LogConfig: Setting CVar [[r.SkyAtmosphere.FastSkyLUT.SampleCountMin:4.0]]
[2026.02.11-17.14.34:045][  0]LogConfig: Setting CVar [[r.SkyAtmosphere.FastSkyLUT.SampleCountMax:128.0]]
[2026.02.11-17.14.34:045][  0]LogConfig: Setting CVar [[r.SkyAtmosphere.SampleCountMin:4.0]]
[2026.02.11-17.14.34:045][  0]LogConfig: Setting CVar [[r.SkyAtmosphere.SampleCountMax:128.0]]
[2026.02.11-17.14.34:045][  0]LogConfig: Setting CVar [[r.SkyAtmosphere.TransmittanceLUT.UseSmallFormat:0]]
[2026.02.11-17.14.34:045][  0]LogConfig: Setting CVar [[r.SkyAtmosphere.TransmittanceLUT.SampleCount:10.0]]
[2026.02.11-17.14.34:045][  0]LogConfig: Setting CVar [[r.SkyAtmosphere.MultiScatteringLUT.SampleCount:15.0]]
[2026.02.11-17.14.34:045][  0]LogConfig: Setting CVar [[r.SkyLight.RealTimeReflectionCapture:1]]
[2026.02.11-17.14.34:045][  0]LogConfig: Applying CVar settings from Section [FoliageQuality@3] File [D:/Repozytoria/UE 4.27/KZ_TopDownShooter/TopDownAC/Saved/Config/Windows/Scalability.ini]
[2026.02.11-17.14.34:045][  0]LogConfig: Setting CVar [[foliage.DensityScale:1.0]]
[2026.02.11-17.14.34:045][  0]LogConfig: Setting CVar [[grass.DensityScale:1.0]]
[2026.02.11-17.14.34:045][  0]LogConfig: Applying CVar settings from Section [ShadingQuality@3] File [D:/Repozytoria/UE 4.27/KZ_TopDownShooter/TopDownAC/Saved/Config/Windows/Scalability.ini]
[2026.02.11-17.14.34:045][  0]LogConfig: Setting CVar [[r.HairStrands.SkyLighting.IntegrationType:2]]
[2026.02.11-17.14.34:045][  0]LogConfig: Setting CVar [[r.HairStrands.SkyAO.SampleCount:4]]
[2026.02.11-17.14.34:045][  0]LogConfig: Setting CVar [[r.HairStrands.Visibility.MSAA.SamplePerPixel:4]]
[2026.02.11-17.14.34:045][  0]LogInit: Selected Device Profile: [Windows]
[2026.02.11-17.14.34:045][  0]LogInit: Applying CVar settings loaded from the selected device profile: [Windows]
[2026.02.11-17.14.34:045][  0]LogHAL: Display: Platform has ~ 32 GB [34007195648 / 34359738368 / 32], which maps to Largest [LargestMinGB=32, LargerMinGB=12, DefaultMinGB=8, SmallerMinGB=6, SmallestMinGB=0)
[2026.02.11-17.14.34:045][  0]LogInit: Going up to parent DeviceProfile []
[2026.02.11-17.14.34:045][  0]LogConfig: Applying CVar settings from Section [ViewDistanceQuality@3] File [D:/Repozytoria/UE 4.27/KZ_TopDownShooter/TopDownAC/Saved/Config/Windows/Scalability.ini]
[2026.02.11-17.14.34:045][  0]LogConfig: Setting CVar [[r.SkeletalMeshLODBias:0]]
[2026.02.11-17.14.34:045][  0]LogConfig: Setting CVar [[r.ViewDistanceScale:1.0]]
[2026.02.11-17.14.34:045][  0]LogConfig: Applying CVar settings from Section [AntiAliasingQuality@3] File [D:/Repozytoria/UE 4.27/KZ_TopDownShooter/TopDownAC/Saved/Config/Windows/Scalability.ini]
[2026.02.11-17.14.34:045][  0]LogConfig: Setting CVar [[r.PostProcessAAQuality:4]]
[2026.02.11-17.14.34:045][  0]LogConfig: Applying CVar settings from Section [ShadowQuality@3] File [D:/Repozytoria/UE 4.27/KZ_TopDownShooter/TopDownAC/Saved/Config/Windows/Scalability.ini]
[2026.02.11-17.14.34:045][  0]LogConfig: Setting CVar [[r.LightFunctionQuality:1]]
[2026.02.11-17.14.34:045][  0]LogConfig: Setting CVar [[r.ShadowQuality:5]]
[2026.02.11-17.14.34:045][  0]LogConfig: Setting CVar [[r.Shadow.CSM.MaxCascades:10]]
[2026.02.11-17.14.34:045][  0]LogConfig: Setting CVar [[r.Shadow.MaxResolution:2048]]
[2026.02.11-17.14.34:045][  0]LogConfig: Setting CVar [[r.Shadow.MaxCSMResolution:2048]]
[2026.02.11-17.14.34:045][  0]LogConfig: Setting CVar [[r.Shadow.RadiusThreshold:0.01]]
[2026.02.11-17.14.34:045][  0]LogConfig: Setting CVar [[r.Shadow.DistanceScale:1.0]]
[2026.02.11-17.14.34:045][  0]LogConfig: Setting CVar [[r.Shadow.CSM.TransitionScale:1.0]]
[2026.02.11-17.14.34:045][  0]LogConfig: Setting CVar [[r.Shadow.PreShadowResolutionFactor:1.0]]
[2026.02.11-17.14.34:045][  0]LogConfig: Setting CVar [[r.DistanceFieldShadowing:1]]
[2026.02.11-17.14.34:045][  0]LogConfig: Setting CVar [[r.DistanceFieldAO:1]]
[2026.02.11-17.14.34:045][  0]LogConfig: Setting CVar [[r.AOQuality:2]]
[2026.02.11-17.14.34:045][  0]LogConfig: Setting CVar [[r.VolumetricFog:1]]
[2026.02.11-17.14.34:045][  0]LogConfig: Setting CVar [[r.VolumetricFog.GridPixelSize:8]]
[2026.02.11-17.14.34:045][  0]LogConfig: Setting CVar [[r.VolumetricFog.GridSizeZ:128]]
[2026.02.11-17.14.34:045][  0]LogConfig: Setting CVar [[r.VolumetricFog.HistoryMissSupersampleCount:4]]
[2026.02.11-17.14.34:045][  0]LogConfig: Setting CVar [[r.LightMaxDrawDistanceScale:1]]
[2026.02.11-17.14.34:045][  0]LogConfig: Setting CVar [[r.CapsuleShadows:1]]
[2026.02.11-17.14.34:045][  0]LogConfig: Applying CVar settings from Section [PostProcessQuality@3] File [D:/Repozytoria/UE 4.27/KZ_TopDownShooter/TopDownAC/Saved/Config/Windows/Scalability.ini]
[2026.02.11-17.14.34:045][  0]LogConfig: Setting CVar [[r.MotionBlurQuality:4]]
[2026.02.11-17.14.34:045][  0]LogConfig: Setting CVar [[r.AmbientOcclusionMipLevelFactor:0.4]]
[2026.02.11-17.14.34:045][  0]LogConfig: Setting CVar [[r.AmbientOcclusionMaxQuality:100]]
[2026.02.11-17.14.34:045][  0]LogConfig: Setting CVar [[r.AmbientOcclusionLevels:-1]]
[2026.02.11-17.14.34:045][  0]LogConfig: Setting CVar [[r.AmbientOcclusionRadiusScale:1.0]]
[2026.02.11-17.14.34:045][  0]LogConfig: Setting CVar [[r.DepthOfFieldQuality:2]]
[2026.02.11-17.14.34:045][  0]LogConfig: Setting CVar [[r.RenderTargetPoolMin:400]]
[2026.02.11-17.14.34:045][  0]LogConfig: Setting CVar [[r.LensFlareQuality:2]]
[2026.02.11-17.14.34:045][  0]LogConfig: Setting CVar [[r.SceneColorFringeQuality:1]]
[2026.02.11-17.14.34:045][  0]LogConfig: Setting CVar [[r.EyeAdaptationQuality:2]]
[2026.02.11-17.14.34:045][  0]LogConfig: Setting CVar [[r.BloomQuality:5]]
[2026.02.11-17.14.34:045][  0]LogConfig: Setting CVar [[r.FastBlurThreshold:100]]
[2026.02.11-17.14.34:045][  0]LogConfig: Setting CVar [[r.Upscale.Quality:3]]
[2026.02.11-17.14.34:045][  0]LogConfig: Setting CVar [[r.Tonemapper.GrainQuantization:1]]
[2026.02.11-17.14.34:045][  0]LogConfig: Setting CVar [[r.LightShaftQuality:1]]
[2026.02.11-17.14.34:045][  0]LogConfig: Setting CVar [[r.Filter.SizeScale:1]]
[2026.02.11-17.14.34:045][  0]LogConfig: Setting CVar [[r.Tonemapper.Quality:5]]
[2026.02.11-17.14.34:045][  0]LogConfig: Setting CVar [[r.DOF.Gather.AccumulatorQuality:1        ; higher gathering accumulator quality]]
[2026.02.11-17.14.34:045][  0]LogConfig: Setting CVar [[r.DOF.Gather.PostfilterMethod:1          ; Median3x3 postfilering method]]
[2026.02.11-17.14.34:045][  0]LogConfig: Setting CVar [[r.DOF.Gather.EnableBokehSettings:0       ; no bokeh simulation when gathering]]
[2026.02.11-17.14.34:045][  0]LogConfig: Setting CVar [[r.DOF.Gather.RingCount:4                 ; medium number of samples when gathering]]
[2026.02.11-17.14.34:045][  0]LogConfig: Setting CVar [[r.DOF.Scatter.ForegroundCompositing:1    ; additive foreground scattering]]
[2026.02.11-17.14.34:045][  0]LogConfig: Setting CVar [[r.DOF.Scatter.BackgroundCompositing:2    ; additive background scattering]]
[2026.02.11-17.14.34:045][  0]LogConfig: Setting CVar [[r.DOF.Scatter.EnableBokehSettings:1      ; bokeh simulation when scattering]]
[2026.02.11-17.14.34:045][  0]LogConfig: Setting CVar [[r.DOF.Scatter.MaxSpriteRatio:0.1         ; only a maximum of 10% of scattered bokeh]]
[2026.02.11-17.14.34:045][  0]LogConfig: Setting CVar [[r.DOF.Recombine.Quality:1                ; cheap slight out of focus]]
[2026.02.11-17.14.34:045][  0]LogConfig: Setting CVar [[r.DOF.Recombine.EnableBokehSettings:0    ; no bokeh simulation on slight out of focus]]
[2026.02.11-17.14.34:045][  0]LogConfig: Setting CVar [[r.DOF.TemporalAAQuality:1                ; more stable temporal accumulation]]
[2026.02.11-17.14.34:045][  0]LogConfig: Setting CVar [[r.DOF.Kernel.MaxForegroundRadius:0.025]]
[2026.02.11-17.14.34:045][  0]LogConfig: Setting CVar [[r.DOF.Kernel.MaxBackgroundRadius:0.025]]
[2026.02.11-17.14.34:045][  0]LogConfig: Applying CVar settings from Section [TextureQuality@3] File [D:/Repozytoria/UE 4.27/KZ_TopDownShooter/TopDownAC/Saved/Config/Windows/Scalability.ini]
[2026.02.11-17.14.34:045][  0]LogConfig: Setting CVar [[r.Streaming.MipBias:0]]
[2026.02.11-17.14.34:045][  0]LogConfig: Setting CVar [[r.Streaming.AmortizeCPUToGPUCopy:0]]
[2026.02.11-17.14.34:045][  0]LogConfig: Setting CVar [[r.Streaming.MaxNumTexturesToStreamPerFrame:0]]
[2026.02.11-17.14.34:045][  0]LogConfig: Setting CVar [[r.Streaming.Boost:1]]
[2026.02.11-17.14.34:045][  0]LogConfig: Setting CVar [[r.MaxAnisotropy:8]]
[2026.02.11-17.14.34:045][  0]LogConfig: Setting CVar [[r.VT.MaxAnisotropy:8]]
[2026.02.11-17.14.34:045][  0]LogConfig: Setting CVar [[r.Streaming.LimitPoolSizeToVRAM:0]]
[2026.02.11-17.14.34:045][  0]LogConfig: Setting CVar [[r.Streaming.PoolSize:1000]]
[2026.02.11-17.14.34:045][  0]LogConfig: Setting CVar [[r.Streaming.MaxEffectiveScreenSize:0]]
[2026.02.11-17.14.34:045][  0]LogConfig: Applying CVar settings from Section [EffectsQuality@3] File [D:/Repozytoria/UE 4.27/KZ_TopDownShooter/TopDownAC/Saved/Config/Windows/Scalability.ini]
[2026.02.11-17.14.34:045][  0]LogConfig: Setting CVar [[r.TranslucencyLightingVolumeDim:64]]
[2026.02.11-17.14.34:045][  0]LogConfig: Setting CVar [[r.RefractionQuality:2]]
[2026.02.11-17.14.34:045][  0]LogConfig: Setting CVar [[r.SSR.Quality:3]]
[2026.02.11-17.14.34:045][  0]LogConfig: Setting CVar [[r.SSR.HalfResSceneColor:0]]
[2026.02.11-17.14.34:045][  0]LogConfig: Setting CVar [[r.SceneColorFormat:4]]
[2026.02.11-17.14.34:045][  0]LogConfig: Setting CVar [[r.DetailMode:2]]
[2026.02.11-17.14.34:045][  0]LogConfig: Setting CVar [[r.TranslucencyVolumeBlur:1]]
[2026.02.11-17.14.34:045][  0]LogConfig: Setting CVar [[r.MaterialQualityLevel:1 ; High quality]]
[2026.02.11-17.14.34:045][  0]LogConfig: Setting CVar [[r.AnisotropicMaterials:1]]
[2026.02.11-17.14.34:045][  0]LogConfig: Setting CVar [[r.SSS.Scale:1]]
[2026.02.11-17.14.34:045][  0]LogConfig: Setting CVar [[r.SSS.SampleSet:2]]
[2026.02.11-17.14.34:045][  0]LogConfig: Setting CVar [[r.SSS.Quality:1]]
[2026.02.11-17.14.34:045][  0]LogConfig: Setting CVar [[r.SSS.HalfRes:0]]
[2026.02.11-17.14.34:045][  0]LogConfig: Setting CVar [[r.SSGI.Quality:3]]
[2026.02.11-17.14.34:045][  0]LogConfig: Setting CVar [[r.EmitterSpawnRateScale:1.0]]
[2026.02.11-17.14.34:045][  0]LogConfig: Setting CVar [[r.ParticleLightQuality:2]]
[2026.02.11-17.14.34:045][  0]LogConfig: Setting CVar [[r.SkyAtmosphere.AerialPerspectiveLUT.FastApplyOnOpaque:1 ; Always have FastSkyLUT 1 in this case to avoid wrong sky]]
[2026.02.11-17.14.34:045][  0]LogConfig: Setting CVar [[r.SkyAtmosphere.AerialPerspectiveLUT.SampleCountMaxPerSlice:4]]
[2026.02.11-17.14.34:045][  0]LogConfig: Setting CVar [[r.SkyAtmosphere.AerialPerspectiveLUT.DepthResolution:16.0]]
[2026.02.11-17.14.34:045][  0]LogConfig: Setting CVar [[r.SkyAtmosphere.FastSkyLUT:1]]
[2026.02.11-17.14.34:045][  0]LogConfig: Setting CVar [[r.SkyAtmosphere.FastSkyLUT.SampleCountMin:4.0]]
[2026.02.11-17.14.34:045][  0]LogConfig: Setting CVar [[r.SkyAtmosphere.FastSkyLUT.SampleCountMax:128.0]]
[2026.02.11-17.14.34:045][  0]LogConfig: Setting CVar [[r.SkyAtmosphere.SampleCountMin:4.0]]
[2026.02.11-17.14.34:045][  0]LogConfig: Setting CVar [[r.SkyAtmosphere.SampleCountMax:128.0]]
[2026.02.11-17.14.34:045][  0]LogConfig: Setting CVar [[r.SkyAtmosphere.TransmittanceLUT.UseSmallFormat:0]]
[2026.02.11-17.14.34:045][  0]LogConfig: Setting CVar [[r.SkyAtmosphere.TransmittanceLUT.SampleCount:10.0]]
[2026.02.11-17.14.34:045][  0]LogConfig: Setting CVar [[r.SkyAtmosphere.MultiScatteringLUT.SampleCount:15.0]]
[2026.02.11-17.14.34:045][  0]LogConfig: Setting CVar [[r.SkyLight.RealTimeReflectionCapture:1]]
[2026.02.11-17.14.34:045][  0]LogConfig: Applying CVar settings from Section [FoliageQuality@3] File [D:/Repozytoria/UE 4.27/KZ_TopDownShooter/TopDownAC/Saved/Config/Windows/Scalability.ini]
[2026.02.11-17.14.34:045][  0]LogConfig: Setting CVar [[foliage.DensityScale:1.0]]
[2026.02.11-17.14.34:045][  0]LogConfig: Setting CVar [[grass.DensityScale:1.0]]
[2026.02.11-17.14.34:045][  0]LogConfig: Applying CVar settings from Section [ShadingQuality@3] File [D:/Repozytoria/UE 4.27/KZ_TopDownShooter/TopDownAC/Saved/Config/Windows/Scalability.ini]
[2026.02.11-17.14.34:045][  0]LogConfig: Setting CVar [[r.HairStrands.SkyLighting.IntegrationType:2]]
[2026.02.11-17.14.34:045][  0]LogConfig: Setting CVar [[r.HairStrands.SkyAO.SampleCount:4]]
[2026.02.11-17.14.34:045][  0]LogConfig: Setting CVar [[r.HairStrands.Visibility.MSAA.SamplePerPixel:4]]
[2026.02.11-17.14.34:045][  0]LogConfig: Applying CVar settings from Section [Startup] File [../../../Engine/Config/ConsoleVariables.ini]
[2026.02.11-17.14.34:045][  0]LogConfig: Setting CVar [[net.UseAdaptiveNetUpdateFrequency:0]]
[2026.02.11-17.14.34:045][  0]LogConfig: Setting CVar [[p.chaos.AllowCreatePhysxBodies:1]]
[2026.02.11-17.14.34:045][  0]LogConfig: Setting CVar [[fx.SkipVectorVMBackendOptimizations:1]]
[2026.02.11-17.14.34:045][  0]LogConfig: Applying CVar settings from Section [ConsoleVariables] File [D:/Repozytoria/UE 4.27/KZ_TopDownShooter/TopDownAC/Saved/Config/Windows/Engine.ini]
[2026.02.11-17.14.34:045][  0]LogConfig: Applying CVar settings from Section [ConsoleVariables] File [D:/Repozytoria/UE 4.27/KZ_TopDownShooter/TopDownAC/Saved/Config/Windows/Editor.ini]
[2026.02.11-17.14.34:046][  0]LogInit: Computer: LAPTOP-AN92MERF
[2026.02.11-17.14.34:046][  0]LogInit: User: harry
[2026.02.11-17.14.34:046][  0]LogInit: CPU Page size=4096, Cores=14
[2026.02.11-17.14.34:046][  0]LogInit: High frequency timer resolution =10.000000 MHz
[2026.02.11-17.14.34:046][  0]LogMemory: Memory total: Physical=31.7GB (32GB approx)
[2026.02.11-17.14.34:046][  0]LogMemory: Platform Memory Stats for Windows
[2026.02.11-17.14.34:046][  0]LogMemory: Process Physical Memory: 154.04 MB used, 154.04 MB peak
[2026.02.11-17.14.34:046][  0]LogMemory: Process Virtual Memory: 133.07 MB used, 133.07 MB peak
[2026.02.11-17.14.34:046][  0]LogMemory: Physical Memory: 14684.25 MB used,  17747.54 MB free, 32431.79 MB total
[2026.02.11-17.14.34:046][  0]LogMemory: Virtual Memory: 134203784.00 MB used,  13944.02 MB free, 134217728.00 MB total
[2026.02.11-17.14.34:050][  0]LogWindows: WindowsPlatformFeatures enabled
[2026.02.11-17.14.34:082][  0]LogInit: Physics initialised using underlying interface: PhysX
[2026.02.11-17.14.34:083][  0]LogInit: Using OS detected language (pl-PL).
[2026.02.11-17.14.34:083][  0]LogInit: Using OS detected locale (pl-PL).
[2026.02.11-17.14.34:083][  0]LogTextLocalizationManager: No specific localization for 'pl-PL' exists, so the 'pl' localization will be used.
[2026.02.11-17.14.34:083][  0]LogTextLocalizationResource: LocRes '../../../Engine/Content/Localization/Editor/pl/Editor.locres' could not be opened for reading!
[2026.02.11-17.14.34:083][  0]LogTextLocalizationResource: LocRes '../../../Engine/Content/Localization/EditorTutorials/pl/EditorTutorials.locres' could not be opened for reading!
[2026.02.11-17.14.34:083][  0]LogTextLocalizationResource: LocRes '../../../Engine/Content/Localization/Keywords/pl/Keywords.locres' could not be opened for reading!
[2026.02.11-17.14.34:083][  0]LogTextLocalizationResource: LocRes '../../../Engine/Content/Localization/Category/pl/Category.locres' could not be opened for reading!
[2026.02.11-17.14.34:083][  0]LogTextLocalizationResource: LocRes '../../../Engine/Content/Localization/ToolTips/pl/ToolTips.locres' could not be opened for reading!
[2026.02.11-17.14.34:083][  0]LogTextLocalizationResource: LocRes '../../../Engine/Content/Localization/PropertyNames/pl/PropertyNames.locres' could not be opened for reading!
[2026.02.11-17.14.34:083][  0]LogTextLocalizationResource: LocRes '../../../Engine/Content/Localization/Engine/pl/Engine.locres' could not be opened for reading!
[2026.02.11-17.14.34:084][  0]LogInit: Setting process to per monitor DPI aware
[2026.02.11-17.14.34:097][  0]LogWindowsTextInputMethodSystem: Display: IME system deactivated.
[2026.02.11-17.14.34:107][  0]LogSlate: New Slate User Created.  User Index 0, Is Virtual User: 0
[2026.02.11-17.14.34:107][  0]LogSlate: Slate User Registered.  User Index 0, Is Virtual User: 0
[2026.02.11-17.14.34:170][  0]LogD3D11RHI: Loaded GFSDK_Aftermath_Lib.x64.dll
[2026.02.11-17.14.34:221][  0]LogHMD: Failed to initialize OpenVR with code 110
[2026.02.11-17.14.34:221][  0]LogD3D11RHI: D3D11 min allowed feature level: 11_0
[2026.02.11-17.14.34:221][  0]LogD3D11RHI: D3D11 max allowed feature level: 11_0
[2026.02.11-17.14.34:221][  0]LogD3D11RHI: D3D11 adapters:
[2026.02.11-17.14.34:375][  0]LogD3D11RHI:    0. 'NVIDIA GeForce RTX 4060 Laptop GPU' (Feature Level 11_0)
[2026.02.11-17.14.34:375][  0]LogD3D11RHI:       7957/0/16215 MB DedicatedVideo/DedicatedSystem/SharedSystem, Outputs:2, VendorId:0x10de
[2026.02.11-17.14.34:403][  0]LogD3D11RHI:    1. 'Intel(R) UHD Graphics' (Feature Level 11_0)
[2026.02.11-17.14.34:403][  0]LogD3D11RHI:       128/0/16215 MB DedicatedVideo/DedicatedSystem/SharedSystem, Outputs:0, VendorId:0x8086
[2026.02.11-17.14.34:406][  0]LogD3D11RHI:    2. 'Microsoft Basic Render Driver' (Feature Level 11_0)
[2026.02.11-17.14.34:406][  0]LogD3D11RHI:       0/0/16215 MB DedicatedVideo/DedicatedSystem/SharedSystem, Outputs:0, VendorId:0x1414
[2026.02.11-17.14.34:406][  0]LogD3D11RHI: Chosen D3D11 Adapter:
[2026.02.11-17.14.34:406][  0]LogD3D11RHI:     Description : NVIDIA GeForce RTX 4060 Laptop GPU
[2026.02.11-17.14.34:406][  0]LogD3D11RHI:     VendorId    : 10de
[2026.02.11-17.14.34:406][  0]LogD3D11RHI:     DeviceId    : 28e0
[2026.02.11-17.14.34:406][  0]LogD3D11RHI:     SubSysId    : 96011458
[2026.02.11-17.14.34:406][  0]LogD3D11RHI:     Revision    : 00a1
[2026.02.11-17.14.34:406][  0]LogD3D11RHI:     DedicatedVideoMemory : 8343519232 bytes
[2026.02.11-17.14.34:406][  0]LogD3D11RHI:     DedicatedSystemMemory : 0 bytes
[2026.02.11-17.14.34:406][  0]LogD3D11RHI:     SharedSystemMemory : 17003597824 bytes
[2026.02.11-17.14.34:406][  0]LogD3D11RHI:     AdapterLuid : 0 80599
[2026.02.11-17.14.34:414][  0]LogD3D11RHI: Creating new Direct3DDevice
[2026.02.11-17.14.34:414][  0]LogD3D11RHI:     GPU DeviceId: 0x28e0 (for the marketing name, search the web for "GPU Device Id")
[2026.02.11-17.14.34:414][  0]LogWindows: EnumDisplayDevices:
[2026.02.11-17.14.34:415][  0]LogWindows:    0. 'Intel(R) UHD Graphics' (P:1 D:1)
[2026.02.11-17.14.34:415][  0]LogWindows:    1. 'Intel(R) UHD Graphics' (P:0 D:1)
[2026.02.11-17.14.34:415][  0]LogWindows:    2. 'Intel(R) UHD Graphics' (P:0 D:0)
[2026.02.11-17.14.34:415][  0]LogWindows:    3. 'Intel(R) UHD Graphics' (P:0 D:0)
[2026.02.11-17.14.34:415][  0]LogWindows:    4. 'NVIDIA GeForce RTX 4060 Laptop GPU' (P:0 D:0)
[2026.02.11-17.14.34:415][  0]LogWindows:    5. 'NVIDIA GeForce RTX 4060 Laptop GPU' (P:0 D:0)
[2026.02.11-17.14.34:415][  0]LogWindows:    6. 'NVIDIA GeForce RTX 4060 Laptop GPU' (P:0 D:0)
[2026.02.11-17.14.34:415][  0]LogWindows:    7. 'NVIDIA GeForce RTX 4060 Laptop GPU' (P:0 D:0)
[2026.02.11-17.14.34:415][  0]LogWindows: DebugString: PrimaryIsNotTheChoosenAdapter PrimaryIsNotTheChoosenAdapter PrimaryIsNotTheChoosenAdapter PrimaryIsNotTheChoosenAdapter FoundDriverCount:4 
[2026.02.11-17.14.34:415][  0]LogD3D11RHI:     Adapter Name: NVIDIA GeForce RTX 4060 Laptop GPU
[2026.02.11-17.14.34:415][  0]LogD3D11RHI:   Driver Version: 581.60 (internal:32.0.15.8160, unified:581.60)
[2026.02.11-17.14.34:415][  0]LogD3D11RHI:      Driver Date: 10-12-2025
[2026.02.11-17.14.34:415][  0]LogRHI: Texture pool is 5569 MB (70% of 7957 MB)
[2026.02.11-17.14.34:415][  0]LogD3D11RHI: Creating D3DDevice using adapter:
[2026.02.11-17.14.34:415][  0]LogD3D11RHI:     Description : NVIDIA GeForce RTX 4060 Laptop GPU
[2026.02.11-17.14.34:415][  0]LogD3D11RHI:     VendorId    : 10de
[2026.02.11-17.14.34:415][  0]LogD3D11RHI:     DeviceId    : 28e0
[2026.02.11-17.14.34:415][  0]LogD3D11RHI:     SubSysId    : 96011458
[2026.02.11-17.14.34:415][  0]LogD3D11RHI:     Revision    : 00a1
[2026.02.11-17.14.34:415][  0]LogD3D11RHI:     DedicatedVideoMemory : 8343519232 bytes
[2026.02.11-17.14.34:415][  0]LogD3D11RHI:     DedicatedSystemMemory : 0 bytes
[2026.02.11-17.14.34:415][  0]LogD3D11RHI:     SharedSystemMemory : 17003597824 bytes
[2026.02.11-17.14.34:415][  0]LogD3D11RHI:     AdapterLuid : 0 80599
[2026.02.11-17.14.34:547][  0]LogD3D11RHI: RHI has support for 64 bit atomics
[2026.02.11-17.14.34:548][  0]LogD3D11RHI: Async texture creation enabled
[2026.02.11-17.14.34:548][  0]LogD3D11RHI: Array index from any shader is supported
[2026.02.11-17.14.34:565][  0]LogD3D11RHI: GPU Timing Frequency: 1000.000000 (Debug: 2 2)
[2026.02.11-17.14.34:598][  0]LogRHI: GeForceNow SDK initialized: 1
[2026.02.11-17.14.34:820][  0]LogTargetPlatformManager: Display: Loaded TargetPlatform 'AllDesktop'
[2026.02.11-17.14.34:839][  0]LogTargetPlatformManager: Display: Loaded TargetPlatform 'Android'
[2026.02.11-17.14.34:839][  0]LogTargetPlatformManager: Display: Loaded TargetPlatform 'Android_ASTC'
[2026.02.11-17.14.34:839][  0]LogTargetPlatformManager: Display: Loaded TargetPlatform 'Android_DXT'
[2026.02.11-17.14.34:839][  0]LogTargetPlatformManager: Display: Loaded TargetPlatform 'Android_ETC2'
[2026.02.11-17.14.34:839][  0]LogTargetPlatformManager: Display: Loaded TargetPlatform 'AndroidClient'
[2026.02.11-17.14.34:839][  0]LogTargetPlatformManager: Display: Loaded TargetPlatform 'Android_ASTCClient'
[2026.02.11-17.14.34:839][  0]LogTargetPlatformManager: Display: Loaded TargetPlatform 'Android_DXTClient'
[2026.02.11-17.14.34:839][  0]LogTargetPlatformManager: Display: Loaded TargetPlatform 'Android_ETC2Client'
[2026.02.11-17.14.34:839][  0]LogTargetPlatformManager: Display: Loaded TargetPlatform 'Android_Multi'
[2026.02.11-17.14.34:839][  0]LogTargetPlatformManager: Display: Loaded TargetPlatform 'Android_MultiClient'
[2026.02.11-17.14.34:851][  0]LogTargetPlatformManager: Display: Loaded TargetPlatform 'IOSClient'
[2026.02.11-17.14.34:851][  0]LogTargetPlatformManager: Display: Loaded TargetPlatform 'IOS'
[2026.02.11-17.14.34:858][  0]LogTargetPlatformManager: Display: Loaded TargetPlatform 'Linux'
[2026.02.11-17.14.34:863][  0]LogTargetPlatformManager: Display: Loaded TargetPlatform 'LinuxNoEditor'
[2026.02.11-17.14.34:866][  0]LogTargetPlatformManager: Display: Loaded TargetPlatform 'LinuxClient'
[2026.02.11-17.14.34:868][  0]LogTargetPlatformManager: Display: Loaded TargetPlatform 'LinuxServer'
[2026.02.11-17.14.34:874][  0]LogTargetPlatformManager: Display: Loaded TargetPlatform 'LinuxAArch64NoEditor'
[2026.02.11-17.14.34:878][  0]LogTargetPlatformManager: Display: Loaded TargetPlatform 'LinuxAArch64Client'
[2026.02.11-17.14.34:880][  0]LogTargetPlatformManager: Display: Loaded TargetPlatform 'LinuxAArch64Server'
[2026.02.11-17.14.34:902][  0]LogTargetPlatformManager: Display: Loaded TargetPlatform 'Lumin'
[2026.02.11-17.14.34:902][  0]LogTargetPlatformManager: Display: Loaded TargetPlatform 'LuminClient'
[2026.02.11-17.14.34:911][  0]LogTargetPlatformManager: Display: Loaded TargetPlatform 'MacNoEditor'
[2026.02.11-17.14.34:916][  0]LogTargetPlatformManager: Display: Loaded TargetPlatform 'Mac'
[2026.02.11-17.14.34:921][  0]LogTargetPlatformManager: Display: Loaded TargetPlatform 'MacClient'
[2026.02.11-17.14.34:925][  0]LogTargetPlatformManager: Display: Loaded TargetPlatform 'MacServer'
[2026.02.11-17.14.34:935][  0]LogTargetPlatformManager: Display: Loaded TargetPlatform 'TVOSClient'
[2026.02.11-17.14.34:935][  0]LogTargetPlatformManager: Display: Loaded TargetPlatform 'TVOS'
[2026.02.11-17.14.34:944][  0]LogTargetPlatformManager: Display: Loaded TargetPlatform 'WindowsNoEditor'
[2026.02.11-17.14.34:949][  0]LogTargetPlatformManager: Display: Loaded TargetPlatform 'Windows'
[2026.02.11-17.14.34:953][  0]LogTargetPlatformManager: Display: Loaded TargetPlatform 'WindowsClient'
[2026.02.11-17.14.34:956][  0]LogTargetPlatformManager: Display: Loaded TargetPlatform 'WindowsServer'
[2026.02.11-17.14.34:956][  0]LogTargetPlatformManager: Display: Building Assets For Windows
[2026.02.11-17.14.34:963][  0]LogAudioDebug: Display: Lib vorbis DLL was dynamically loaded.
[2026.02.11-17.14.34:983][  0]LogTextureFormatOodle: Display: Oodle Texture 2.9.0 init RDO Off
[2026.02.11-17.14.35:008][  0]LogRendererCore: Ray tracing is disabled. Reason: r.RayTracing=0.
[2026.02.11-17.14.35:008][  0]LogShaderCompilers: Guid format shader working directory is -16 characters bigger than the processId version (../../../../../Repozytoria/UE 4.27/KZ_TopDownShooter/TopDownAC/Intermediate/Shaders/WorkingDirectory/1624/).
[2026.02.11-17.14.35:008][  0]LogShaderCompilers: Cleaned the shader compiler working directory 'C:/Users/harry/AppData/Local/Temp/UnrealShaderWorkingDir/27ECC3F445FA1547568BB785E561A935/'.
[2026.02.11-17.14.35:008][  0]LogXGEController: Cannot use XGE Controller as Incredibuild is not installed on this machine.
[2026.02.11-17.14.35:008][  0]LogShaderCompilers: Cannot use XGE Shader Compiler as Incredibuild is not installed on this machine.
[2026.02.11-17.14.35:008][  0]LogShaderCompilers: Display: Using Local Shader Compiler.
[2026.02.11-17.14.35:589][  0]LogDerivedDataCache: Display: Max Cache Size: 512 MB
[2026.02.11-17.14.35:639][  0]LogDerivedDataCache: Loaded boot cache 0.05s 94MB C:/Users/harry/AppData/Local/UnrealEngine/4.27/DerivedDataCache/Boot.ddc.
[2026.02.11-17.14.35:639][  0]LogDerivedDataCache: Display: Loaded Boot cache: C:/Users/harry/AppData/Local/UnrealEngine/4.27/DerivedDataCache/Boot.ddc
[2026.02.11-17.14.35:640][  0]LogDerivedDataCache: FDerivedDataBackendGraph:  Pak pak cache file ../../../../../Repozytoria/UE 4.27/KZ_TopDownShooter/TopDownAC/DerivedDataCache/DDC.ddp not found, will not use a pak cache.
[2026.02.11-17.14.35:640][  0]LogDerivedDataCache: Unable to find inner node Pak for hierarchical cache Hierarchy.
[2026.02.11-17.14.35:640][  0]LogDerivedDataCache: FDerivedDataBackendGraph:  CompressedPak pak cache file ../../../../../Repozytoria/UE 4.27/KZ_TopDownShooter/TopDownAC/DerivedDataCache/Compressed.ddp not found, will not use a pak cache.
[2026.02.11-17.14.35:640][  0]LogDerivedDataCache: Unable to find inner node CompressedPak for hierarchical cache Hierarchy.
[2026.02.11-17.14.35:653][  0]LogDerivedDataCache: Display: Pak cache opened for reading ../../../Engine/DerivedDataCache/Compressed.ddp.
[2026.02.11-17.14.35:653][  0]LogDerivedDataCache: FDerivedDataBackendGraph:  EnterprisePak pak cache file ../../../Enterprise/DerivedDataCache/Compressed.ddp not found, will not use a pak cache.
[2026.02.11-17.14.35:653][  0]LogDerivedDataCache: Unable to find inner node EnterprisePak for hierarchical cache Hierarchy.
[2026.02.11-17.14.35:657][  0]LogDerivedDataCache: Speed tests for C:/Users/harry/AppData/Local/UnrealEngine/Common/DerivedDataCache took 0.00 seconds
[2026.02.11-17.14.35:657][  0]LogDerivedDataCache: Display: Performance to C:/Users/harry/AppData/Local/UnrealEngine/Common/DerivedDataCache: Latency=0.02ms. RandomReadSpeed=1668.50MBs, RandomWriteSpeed=239.53MBs. Assigned SpeedClass 'Local'
[2026.02.11-17.14.35:658][  0]LogDerivedDataCache: Using Local data cache path C:/Users/harry/AppData/Local/UnrealEngine/Common/DerivedDataCache: Writable
[2026.02.11-17.14.35:658][  0]LogDerivedDataCache: Shared data cache path not found in *engine.ini, will not use an Shared cache.
[2026.02.11-17.14.35:658][  0]LogDerivedDataCache: Unable to find inner node Shared for hierarchical cache Hierarchy.
[2026.02.11-17.14.35:690][  0]LogSlate: Using FreeType 2.10.0
[2026.02.11-17.14.35:691][  0]LogSlate: SlateFontServices - WITH_FREETYPE: 1, WITH_HARFBUZZ: 1
[2026.02.11-17.14.35:710][  0]LogAssetRegistry: FAssetRegistry took 0.0022 seconds to start up
[2026.02.11-17.14.35:857][  0]LogInit: Selected Device Profile: [Windows]
[2026.02.11-17.14.35:857][  0]LogInit: Active device profile: [000002B356AC0700][000002B354BD6100 49] Windows
[2026.02.11-17.14.35:857][  0]LogInit: Profiles: [000002B356AC0700][000002B354BD6100 49] Windows, [000002B356A8B700][000002B354BDE280 49] WindowsNoEditor, [000002B356AC3300][000002B354BE2400 49] WindowsServer, [000002B356A88F00][000002B354BE6580 49] WindowsClient, [000002B356AC3500][000002B354BEA700 49] IOS, [000002B356A7BF00][000002B354BDA840 49] iPadAir, [000002B356A8BB00][000002B354BEE980 49] iPadAir2, [000002B356A2C500][000002B354BF6BC0 49] IPadPro, [000002B356A2C600][000002B354BF2C00 49] iPadAir3, [000002B356A78100][000002B354BFED80 49] iPadAir4, [000002B356A2EC00][000002B354C02F00 49] iPadMini2, [000002B356A7A500][000002B354C07080 49] iPadMini3, [000002B356A2F400][000002B354C0B200 49] iPadMini4, [000002B356A78F00][000002B354401380 49] iPadMini5, [000002B356A2BE00][000002B354409640 49] iPhone6, [000002B356A2BF00][000002B354405680 49] iPodTouch6, [000002B356AC3900][000002B354411940 49] iPhone7, [000002B356AC2100][000002B35440D980 49] iPodTouch7, [000002B356A28400][000002B354415B00 49] iPhone5S, [000002B356A2FD00][000002B354418100 49] iPhone6Plus, [000002B356AC3400][000002B35441C280 49] iPhone6S, [000002B356A2E000][000002B354420400 49] iPhone6SPlus, [000002B356AC0900][000002B354424580 49] iPhone7Plus, [000002B356A2CE00][000002B354428700 49] iPhoneSE, [000002B356AC0200][000002B35442C880 49] iPhone8, [000002B356A2E400][000002B354BFA9C0 49] iPhone8Plus, [000002B356AC1E00][000002B354430B00 49] iPhoneX, [000002B356A2FE00][000002B354434C40 49] iPhoneXS, [000002B356AC1600][000002B354438D80 49] iPhoneXSMax, [000002B356A2E500][000002B354440F00 49] iPhoneXR, [000002B356AC2A00][000002B354445080 49] iPhone11, [000002B356A2FA00][000002B354449200 49] iPhone11Pro, [000002B356AC0F00][000002B35444D380 49] iPhone11ProMax, [000002B356A2E300][000002B354451500 49] iPhoneSE2, [000002B356AC2700][000002B354455680 49] iPhone12Mini, [000002B356A2C700][000002B354459800 49] iPhone12, [000002B356AC3100][000002B35445D980 49] iPhone12Pro, [000002B356A2F500][000002B354461B00 49] iPhone12ProMax, [000002B356AC0800][000002B354464100 49] iPadPro105, [000002B356A2DC00][000002B3544D8280 49] iPadPro129, [000002B356AC0300][000002B3544E0400 49] iPadPro97, [000002B356A2DD00][000002B354528580 49] iPadPro2_129, [000002B356AC0C00][000002B34DB16700 49] iPad5, [000002B356A2F000][000002B34DB72880 49] iPad6, [000002B356AC2C00][000002B34DB76A00 49] iPad7, [000002B356A2EE00][000002B35443CB40 49] iPad8, [000002B356AC1800][000002B34DB7AC80 49] iPadPro11, [000002B356A2DB00][000002B34DB7EDC0 49] iPadPro2_11, [000002B356AC1500][000002B34DB82F00 49] iPadPro3_129, [000002B356A2E700][000002B34EBCF080 49] iPadPro4_129, [000002B356AC0100][000002B3547CD200 49] AppleTV, [000002B356A2EB00][000002B3547D5380 49] AppleTV4K, [000002B356AC1B00][000002B3547D9500 49] TVOS, [000002B356A2C900][000002B3547DD680 49] Mac, [000002B356AC1700][000002B3547E1800 49] MacClient, [000002B356A2EF00][000002B3547E5980 49] MacNoEditor, [000002B356AC0D00][000002B353C55B00 49] MacServer, [000002B356A2C300][000002B353C78100 49] Linux, [000002B356AC2E00][000002B353C86280 49] LinuxAArch64, [000002B356A2D500][000002B353C8A400 49] LinuxNoEditor, [000002B356AC2400][000002B353C8E580 49] LinuxAArch64NoEditor, [000002B356A2C200][000002B353C92700 49] LinuxClient, [000002B356AC2D00][000002B353C96880 49] LinuxAArch64Client, [000002B356A2CC00][000002B3545AEA00 49] LinuxServer, [000002B356AC0400][000002B3545B2B80 49] LinuxAArch64Server, [000002B356A2D000][000002B3545B6D00 49] Android, [000002B356A7B900][000002B34DB86E40 49] Android_Low, [000002B356A29B00][000002B3547ECF80 49] Android_Mid, [000002B356A7B000][000002B353CAB0C0 49] Android_High, [000002B356A2A300][000002B353CB3240 49] Android_Default, [000002B356A7A000][000002B3543C93C0 49] Android_Adreno4xx, [000002B356A28100][000002B3543D1540 49] Android_Adreno5xx_Low, [000002B356A78B00][000002B3543D56C0 49] Android_Adreno5xx, [000002B356A29800][000002B3543ED840 49] Android_Adreno6xx, [000002B356A79100][000002B3547059C0 49] Android_Adreno6xx_Vulkan, [000002B356A28800][000002B354713B40 49] Android_Mali_T6xx, [000002B356A7B600][000002B354716140 49] Android_Mali_T7xx, [000002B356A28D00][000002B34DA8A2C0 49] Android_Mali_T8xx, [000002B356A7BC00][000002B34DA8E440 49] Android_Mali_G71, [000002B356A29500][000002B34DAB45C0 49] Android_Mali_G72, [000002B356A7BE00][000002B34DAB8740 49] Android_Mali_G72_Vulkan, [000002B356A2BD00][000002B34DABC8C0 49] Android_Mali_G76, [000002B356A7BA00][000002B34DAC0A40 49] Android_Mali_G76_Vulkan, [000002B356A2B600][000002B34DAC4BC0 49] Android_Mali_G77, [000002B356A7A200][000002B34DAC8D40 49] Android_Mali_G77_Vulkan, [000002B356A29200][000002B34DACCEC0 49] Android_Mali_G78, [000002B356A78A00][000002B353CAF000 49] Android_Mali_G78_Vulkan, [000002B356A2B000][000002B35474F140 49] Android_Mali_G710, [000002B356A79400][000002B354757280 49] Android_Mali_G710_Vulkan, [000002B356A28700][000002B35475B3C0 49] Android_Vulkan_SM5, [000002B356A79800][000002B354763540 49] Android_PowerVR_G6xxx, [000002B356A28E00][000002B3547A76C0 49] Android_PowerVR_GT7xxx, [000002B356A78200][000002B3547AB840 49] Android_PowerVR_GE8xxx, [000002B356A28600][000002B3547AF9C0 49] Android_PowerVR_GM9xxx, [000002B356A7A600][000002B3547B7B40 49] Android_PowerVR_GM9xxx_Vulkan, [000002B356A2CF00][000002B3547BA140 49] Android_TegraK1, [000002B356A7AA00][000002B3547BE2C0 49] Android_Unknown_Vulkan, [000002B356A2CD00][000002B3547C2440 49] Lumin, [000002B356A79200][000002B3547C65C0 49] Lumin_Desktop, [000002B356A2CB00][000002B34D12A740 49] HoloLens, 
[2026.02.11-17.14.35:972][  0]LogMeshReduction: Using QuadricMeshReduction for automatic static mesh reduction
[2026.02.11-17.14.35:972][  0]LogMeshReduction: Using SimplygonMeshReduction for automatic skeletal mesh reduction
[2026.02.11-17.14.35:972][  0]LogMeshReduction: Using ProxyLODMeshReduction for automatic mesh merging
[2026.02.11-17.14.35:972][  0]LogMeshReduction: No distributed automatic mesh merging module available
[2026.02.11-17.14.35:972][  0]LogMeshMerging: No distributed automatic mesh merging module available
[2026.02.11-17.14.35:984][  0]LogNetVersion: TopDownAC 1.0.0, NetCL: 17155196, EngineNetVer: 17, GameNetVer: 0 (Checksum: 548030664)
[2026.02.11-17.14.36:300][  0]LogTexture: Default maximum texture size for cubemaps generated from long-lat sources has been changed from 512 to unlimited. In order to preserve old behaiour for '/Engine/MapTemplates/Sky/DaylightAmbientCubemap.DaylightAmbientCubemap', its maximum texture size has been explicitly set to 512.
[2026.02.11-17.14.36:355][  0]LogHMD: PokeAHoleMaterial loaded successfully
[2026.02.11-17.14.36:360][  0]LogUObjectArray: 17179 objects as part of root set at end of initial load.
[2026.02.11-17.14.36:360][  0]LogUObjectAllocator: 4302256 out of 0 bytes used by permanent object pool.
[2026.02.11-17.14.36:360][  0]LogUObjectArray: CloseDisregardForGC: 0/0 objects in disregard for GC pool
[2026.02.11-17.14.36:560][  0]LogNiagaraDebuggerClient: Niagara Debugger Client Initialized | Session: 7CF044F94585D06752A039A22402D3CC | Instance: F0A7320A421B891577EE26B95F782E4D (LAPTOP-AN92MERF-1624).
[2026.02.11-17.14.36:601][  0]LogTcpMessaging: Initializing TcpMessaging bridge
[2026.02.11-17.14.36:605][  0]LogUdpMessaging: Initializing bridge on interface 0.0.0.0:0 to multicast group 230.0.0.1:6666.
[2026.02.11-17.14.36:615][  0]LogPython: Using Python 3.7.7
[2026.02.11-17.14.37:060][  0]SourceControl: Source control is disabled
[2026.02.11-17.14.37:060][  0]SourceControl: Source control is disabled
[2026.02.11-17.14.37:062][  0]SourceControl: Source control is disabled
[2026.02.11-17.14.37:065][  0]SourceControl: Source control is disabled
[2026.02.11-17.14.37:072][  0]LogUProjectInfo: Found projects:
[2026.02.11-17.14.37:077][  0]LogVSAccessor: Display: Unable to create Visual Studio setup instance: 80040154
[2026.02.11-17.14.37:077][  0]LogVSAccessor: Display: Unable to create Visual Studio setup instance: 80040154
[2026.02.11-17.14.37:078][  0]LogVSAccessor: Display: Unable to create Visual Studio setup instance: 80040154
[2026.02.11-17.14.37:099][  0]SourceControl: Source control is disabled
[2026.02.11-17.14.37:231][  0]LogOpenImageDenoise: OIDN starting up
[2026.02.11-17.14.37:245][  0]LogAndroidPermission: UAndroidPermissionCallbackProxy::GetInstance
[2026.02.11-17.14.37:255][  0]LogAudioCaptureCore: Display: No Audio Capture implementations found. Audio input will be silent.
[2026.02.11-17.14.37:255][  0]LogAudioCaptureCore: Display: No Audio Capture implementations found. Audio input will be silent.
[2026.02.11-17.14.37:340][  0]LogCollectionManager: Loaded 0 collections in 0.000425 seconds
[2026.02.11-17.14.37:357][  0]LogFileCache: Scanning file cache for directory 'D:/Repozytoria/UE 4.27/KZ_TopDownShooter/TopDownAC/Saved/Collections/' took 0.00s
[2026.02.11-17.14.37:357][  0]LogFileCache: Scanning file cache for directory 'D:/Repozytoria/UE 4.27/KZ_TopDownShooter/TopDownAC/Content/Developers/harry/Collections/' took 0.00s
[2026.02.11-17.14.37:357][  0]LogFileCache: Scanning file cache for directory 'D:/Repozytoria/UE 4.27/KZ_TopDownShooter/TopDownAC/Content/Collections/' took 0.00s
[2026.02.11-17.14.37:357][  0]LogOcInput: OculusInput pre-init called
[2026.02.11-17.14.37:563][  0]LogEngine: Initializing Engine...
[2026.02.11-17.14.37:567][  0]LogHMD: Failed to enumerate extensions. Please check that you have a valid OpenXR runtime installed.
[2026.02.11-17.14.37:567][  0]LogHMD: Failed to initialize OpenVR with code 110
[2026.02.11-17.14.37:567][  0]LogMagicLeap: Warning: VR disabled because ZI is not enabled.  To enable, in the editor, Edit -> Project Settings -> Plugins -> Magic Leap Plugin -> Enable Zero Iteration
[2026.02.11-17.14.37:568][  0]LogStats: UGameplayTagsManager::InitializeManager -  0.000 s
[2026.02.11-17.14.37:695][  0]LogInit: Initializing FReadOnlyCVARCache
[2026.02.11-17.14.37:703][  0]LogAIModule: Creating AISystem for world Untitled
[2026.02.11-17.14.37:703][  0]LogAudio: Display: Initializing Audio Device Manager...
[2026.02.11-17.14.37:706][  0]LogAudio: Display: Loading Default Audio Settings Objects...
[2026.02.11-17.14.37:706][  0]LogAudio: Display: No default SoundConcurrencyObject specified (or failed to load).
[2026.02.11-17.14.37:706][  0]LogAudio: Display: Audio Device Manager Initialized
[2026.02.11-17.14.37:706][  0]LogAudio: Display: Creating Audio Device:                 Id: 1, Scope: Shared, Realtime: True
[2026.02.11-17.14.37:706][  0]LogAudioMixer: Display: Audio Mixer Platform Settings:
[2026.02.11-17.14.37:706][  0]LogAudioMixer: Display: 	Sample Rate:						  48000
[2026.02.11-17.14.37:706][  0]LogAudioMixer: Display: 	Callback Buffer Frame Size Requested: 1024
[2026.02.11-17.14.37:706][  0]LogAudioMixer: Display: 	Callback Buffer Frame Size To Use:	  1024
[2026.02.11-17.14.37:706][  0]LogAudioMixer: Display: 	Number of buffers to queue:			  2
[2026.02.11-17.14.37:706][  0]LogAudioMixer: Display: 	Max Channels (voices):				  32
[2026.02.11-17.14.37:706][  0]LogAudioMixer: Display: 	Number of Async Source Workers:		  0
[2026.02.11-17.14.37:706][  0]LogAudio: Display: AudioDevice MaxSources: 32
[2026.02.11-17.14.37:707][  0]LogAudio: Display: Audio Spatialization Plugin: None (built-in).
[2026.02.11-17.14.37:707][  0]LogAudio: Display: Audio Reverb Plugin: None (built-in).
[2026.02.11-17.14.37:707][  0]LogAudio: Display: Audio Occlusion Plugin: None (built-in).
[2026.02.11-17.14.37:707][  0]LogAudioMixer: Display: Initializing audio mixer.
[2026.02.11-17.14.37:714][  0]LogAudioMixer: Display: 0: FrontLeft
[2026.02.11-17.14.37:714][  0]LogAudioMixer: Display: 1: FrontRight
[2026.02.11-17.14.37:730][  0]LogAudioMixer: Display: Using Audio Device Speakers (USB Audio Device)
[2026.02.11-17.14.37:731][  0]LogAudioMixer: Display: Initializing Sound Submixes...
[2026.02.11-17.14.37:733][  0]LogAudioMixer: Display: Creating Master Submix 'MasterSubmixDefault'
[2026.02.11-17.14.37:733][  0]LogAudioMixer: Display: Creating Master Submix 'MasterReverbSubmixDefault'
[2026.02.11-17.14.37:734][  0]LogAudioMixer: Display: Creating Master Submix 'MasterEQSubmixDefault'
[2026.02.11-17.14.37:734][  0]LogAudioMixer: FMixerPlatformXAudio2::StartAudioStream() called
[2026.02.11-17.14.37:734][  0]LogAudioMixer: Display: Output buffers initialized: Frames=1024, Channels=2, Samples=2048
[2026.02.11-17.14.37:735][  0]LogAudioMixer: Display: Starting AudioMixerPlatformInterface::RunInternal()
[2026.02.11-17.14.37:735][  0]LogAudioMixer: Display: FMixerPlatformXAudio2::SubmitBuffer() called for the first time
[2026.02.11-17.14.37:735][  0]LogInit: FAudioDevice initialized.
[2026.02.11-17.14.37:735][  0]LogAudio: Display: Audio Device (ID: 1) registered with world 'Untitled'.
[2026.02.11-17.14.37:735][  0]LogNetVersion: Set ProjectVersion to 1.0.0.0. Version Checksum will be recalculated on next use.
[2026.02.11-17.14.37:791][  0]LogDerivedDataCache: Saved boot cache 0.06s 94MB C:/Users/harry/AppData/Local/UnrealEngine/4.27/DerivedDataCache/Boot.ddc.
[2026.02.11-17.14.37:791][  0]LogInit: Texture streaming: Enabled
[2026.02.11-17.14.37:801][  0]LogAnalytics: Display: [UEEditor.Rocket.Release] APIServer = https://datarouter.ol.epicgames.com/. AppVersion = 4.27.2-18319896+++UE4+Release-4.27
[2026.02.11-17.14.37:803][  0]LogEngineSessionManager: EngineSessionManager initialized
[2026.02.11-17.14.37:803][  0]LogEditorSessionSummary: Verbose: Initializing EditorSessionSummaryWriter for editor session tracking
[2026.02.11-17.14.37:805][  0]LogEditorSessionSummary: EditorSessionSummaryWriter initialized
[2026.02.11-17.14.37:828][  0]LogInit: Transaction tracking system initialized
[2026.02.11-17.14.37:843][  0]BlueprintLog: New page: Editor Load
[2026.02.11-17.14.37:881][  0]LocalizationService: Localization service is disabled
[2026.02.11-17.14.37:896][  0]TimingProfiler: Initialize
[2026.02.11-17.14.37:896][  0]TimingProfiler: OnSessionChanged
[2026.02.11-17.14.37:896][  0]LoadingProfiler: Initialize
[2026.02.11-17.14.37:896][  0]LoadingProfiler: OnSessionChanged
[2026.02.11-17.14.37:896][  0]NetworkingProfiler: Initialize
[2026.02.11-17.14.37:896][  0]NetworkingProfiler: OnSessionChanged
[2026.02.11-17.14.37:896][  0]MemoryProfiler: Initialize
[2026.02.11-17.14.37:896][  0]MemoryProfiler: OnSessionChanged
[2026.02.11-17.14.37:933][  0]LogVSAccessor: Display: Unable to create Visual Studio setup instance: 80040154
[2026.02.11-17.14.37:933][  0]LogVSAccessor: Display: Unable to create Visual Studio setup instance: 80040154
[2026.02.11-17.14.37:934][  0]LogVSAccessor: Display: Unable to create Visual Studio setup instance: 80040154
[2026.02.11-17.14.38:014][  0]LogCook: Display: CookSettings for Memory: MemoryMaxUsedVirtual 0MiB, MemoryMaxUsedPhysical 16384MiB, MemoryMinFreeVirtual 0MiB, MemoryMinFreePhysical 1024MiB
[2026.02.11-17.14.38:014][  0]LogCook: Display: Mobile HDR setting 1
[2026.02.11-17.14.38:134][  0]LogFileCache: Scanning file cache for directory 'D:/Repozytoria/UE 4.27/KZ_TopDownShooter/TopDownAC/Content/' took 0.00s
[2026.02.11-17.14.38:257][  0]LogInit: Display: Engine is initialized. Leaving FEngineLoop::Init()
[2026.02.11-17.14.38:259][  0]SourceControl: Source control is disabled
[2026.02.11-17.14.38:259][  0]LogUnrealEdMisc: Loading editor; pre map load, took 4.783
[2026.02.11-17.14.38:259][  0]Cmd: MAP LOAD FILE="../../../../../Repozytoria/UE 4.27/KZ_TopDownShooter/TopDownAC/Content/Levels/Main.umap" TEMPLATE=0 SHOWPROGRESS=1 FEATURELEVEL=3
[2026.02.11-17.14.38:260][  0]LightingResults: New page: Lighting Build
[2026.02.11-17.14.38:260][  0]LogWorld: UWorld::CleanupWorld for Untitled, bSessionEnded=true, bCleanupResources=true
[2026.02.11-17.14.38:260][  0]LogSlate: InvalidateAllWidgets triggered.  All widgets were invalidated
[2026.02.11-17.14.38:260][  0]MapCheck: New page: Map Check
[2026.02.11-17.14.38:260][  0]LightingResults: New page: Lighting Build
[2026.02.11-17.14.38:264][  0]LogAudio: Display: Audio Device unregistered from world 'None'.
[2026.02.11-17.14.38:265][  0]LogUObjectHash: Compacting FUObjectHashTables data took   0.44ms
[2026.02.11-17.14.38:374][  0]LogAudio: Display: Audio Device (ID: 1) registered with world 'Main'.
[2026.02.11-17.14.38:375][  0]LogAIModule: Creating AISystem for world Main
[2026.02.11-17.14.38:377][  0]LogEditorServer: Finished looking for orphan Actors (0.000 secs)
[2026.02.11-17.14.38:384][  0]LogUObjectHash: Compacting FUObjectHashTables data took   0.53ms
[2026.02.11-17.14.38:385][  0]Cmd: MAP CHECKDEP NOCLEARLOG
[2026.02.11-17.14.38:385][  0]MapCheck: Map check complete: 0 Error(s), 0 Warning(s), took 0,079ms to complete.
[2026.02.11-17.14.38:385][  0]LogFileHelpers: Loading map 'Main' took 0.125
[2026.02.11-17.14.38:385][  0]LogUnrealEdMisc: Total Editor Startup Time, took 4.909
[2026.02.11-17.14.38:469][  0]LogSlate: Updating window title bar state: overlay mode, drag disabled, window buttons hidden, title bar hidden
[2026.02.11-17.14.38:473][  0]LogSlate: Updating window title bar state: overlay mode, drag disabled, window buttons hidden, title bar hidden
[2026.02.11-17.14.38:476][  0]LogSlate: Updating window title bar state: overlay mode, drag disabled, window buttons hidden, title bar hidden
[2026.02.11-17.14.38:480][  0]LogSlate: Updating window title bar state: overlay mode, drag disabled, window buttons hidden, title bar hidden
[2026.02.11-17.14.38:489][  0]LogNativeClassHierarchy: Verbose: Native class hierarchy populated in 0.0060 seconds. Added 3822 classes and 928 folders.
[2026.02.11-17.14.38:491][  0]LogNativeClassHierarchy: Verbose: Native class hierarchy updated for 'WidgetCarousel' in 0.0002 seconds. Added 0 classes and 0 folders.
[2026.02.11-17.14.38:492][  0]LogPakFile: PakFile PrimaryIndexSize=187
[2026.02.11-17.14.38:492][  0]LogPakFile: PakFile PathHashIndexSize=101
[2026.02.11-17.14.38:492][  0]LogPakFile: PakFile FullDirectoryIndexSize=148
[2026.02.11-17.14.38:492][  0]LogShaderLibrary: Display: ShaderCodeLibraryPakFileMountedCallback: PakFile 'D:/Epic Games/UE_4.27/FeaturePacks/FP_FirstPerson.upack' (chunk index -1, root 'root:/') mounted
[2026.02.11-17.14.38:492][  0]LogShaderLibrary: Display: ShaderCodeLibraryPakFileMountedCallback: pending pak file info (ChunkID:-1 Root:root:/ File:D:/Epic Games/UE_4.27/FeaturePacks/FP_FirstPerson.upack)
[2026.02.11-17.14.38:492][  0]LogPakFile: OnPakFileMounted2Time == 0.000036
[2026.02.11-17.14.38:492][  0]LogPakFile: PakFile PrimaryIndexSize=189
[2026.02.11-17.14.38:492][  0]LogPakFile: PakFile PathHashIndexSize=101
[2026.02.11-17.14.38:492][  0]LogPakFile: PakFile FullDirectoryIndexSize=152
[2026.02.11-17.14.38:492][  0]LogShaderLibrary: Display: ShaderCodeLibraryPakFileMountedCallback: PakFile 'D:/Epic Games/UE_4.27/FeaturePacks/FP_FirstPersonBP.upack' (chunk index -1, root 'root:/') mounted
[2026.02.11-17.14.38:492][  0]LogShaderLibrary: Display: ShaderCodeLibraryPakFileMountedCallback: pending pak file info (ChunkID:-1 Root:root:/ File:D:/Epic Games/UE_4.27/FeaturePacks/FP_FirstPersonBP.upack)
[2026.02.11-17.14.38:492][  0]LogPakFile: OnPakFileMounted2Time == 0.000021
[2026.02.11-17.14.38:492][  0]LogPakFile: PakFile PrimaryIndexSize=191
[2026.02.11-17.14.38:492][  0]LogPakFile: PakFile PathHashIndexSize=101
[2026.02.11-17.14.38:492][  0]LogPakFile: PakFile FullDirectoryIndexSize=160
[2026.02.11-17.14.38:492][  0]LogShaderLibrary: Display: ShaderCodeLibraryPakFileMountedCallback: PakFile 'D:/Epic Games/UE_4.27/FeaturePacks/MobileStarterContent.upack' (chunk index -1, root 'root:/') mounted
[2026.02.11-17.14.38:492][  0]LogShaderLibrary: Display: ShaderCodeLibraryPakFileMountedCallback: pending pak file info (ChunkID:-1 Root:root:/ File:D:/Epic Games/UE_4.27/FeaturePacks/MobileStarterContent.upack)
[2026.02.11-17.14.38:492][  0]LogPakFile: OnPakFileMounted2Time == 0.000018
[2026.02.11-17.14.38:492][  0]LogPakFile: PakFile PrimaryIndexSize=185
[2026.02.11-17.14.38:492][  0]LogPakFile: PakFile PathHashIndexSize=101
[2026.02.11-17.14.38:492][  0]LogPakFile: PakFile FullDirectoryIndexSize=148
[2026.02.11-17.14.38:492][  0]LogShaderLibrary: Display: ShaderCodeLibraryPakFileMountedCallback: PakFile 'D:/Epic Games/UE_4.27/FeaturePacks/StarterContent.upack' (chunk index -1, root 'root:/') mounted
[2026.02.11-17.14.38:492][  0]LogShaderLibrary: Display: ShaderCodeLibraryPakFileMountedCallback: pending pak file info (ChunkID:-1 Root:root:/ File:D:/Epic Games/UE_4.27/FeaturePacks/StarterContent.upack)
[2026.02.11-17.14.38:492][  0]LogPakFile: OnPakFileMounted2Time == 0.000023
[2026.02.11-17.14.38:493][  0]LogPakFile: PakFile PrimaryIndexSize=190
[2026.02.11-17.14.38:493][  0]LogPakFile: PakFile PathHashIndexSize=101
[2026.02.11-17.14.38:493][  0]LogPakFile: PakFile FullDirectoryIndexSize=154
[2026.02.11-17.14.38:493][  0]LogShaderLibrary: Display: ShaderCodeLibraryPakFileMountedCallback: PakFile 'D:/Epic Games/UE_4.27/FeaturePacks/TP_2DSideScroller.upack' (chunk index -1, root 'root:/') mounted
[2026.02.11-17.14.38:493][  0]LogShaderLibrary: Display: ShaderCodeLibraryPakFileMountedCallback: pending pak file info (ChunkID:-1 Root:root:/ File:D:/Epic Games/UE_4.27/FeaturePacks/TP_2DSideScroller.upack)
[2026.02.11-17.14.38:493][  0]LogPakFile: OnPakFileMounted2Time == 0.000020
[2026.02.11-17.14.38:493][  0]LogPakFile: PakFile PrimaryIndexSize=192
[2026.02.11-17.14.38:493][  0]LogPakFile: PakFile PathHashIndexSize=101
[2026.02.11-17.14.38:493][  0]LogPakFile: PakFile FullDirectoryIndexSize=158
[2026.02.11-17.14.38:493][  0]LogShaderLibrary: Display: ShaderCodeLibraryPakFileMountedCallback: PakFile 'D:/Epic Games/UE_4.27/FeaturePacks/TP_2DSideScrollerBP.upack' (chunk index -1, root 'root:/') mounted
[2026.02.11-17.14.38:493][  0]LogShaderLibrary: Display: ShaderCodeLibraryPakFileMountedCallback: pending pak file info (ChunkID:-1 Root:root:/ File:D:/Epic Games/UE_4.27/FeaturePacks/TP_2DSideScrollerBP.upack)
[2026.02.11-17.14.38:493][  0]LogPakFile: OnPakFileMounted2Time == 0.000018
[2026.02.11-17.14.38:493][  0]LogPakFile: PakFile PrimaryIndexSize=182
[2026.02.11-17.14.38:493][  0]LogPakFile: PakFile PathHashIndexSize=101
[2026.02.11-17.14.38:493][  0]LogPakFile: PakFile FullDirectoryIndexSize=138
[2026.02.11-17.14.38:493][  0]LogShaderLibrary: Display: ShaderCodeLibraryPakFileMountedCallback: PakFile 'D:/Epic Games/UE_4.27/FeaturePacks/TP_Flying.upack' (chunk index -1, root 'root:/') mounted
[2026.02.11-17.14.38:493][  0]LogShaderLibrary: Display: ShaderCodeLibraryPakFileMountedCallback: pending pak file info (ChunkID:-1 Root:root:/ File:D:/Epic Games/UE_4.27/FeaturePacks/TP_Flying.upack)
[2026.02.11-17.14.38:493][  0]LogPakFile: OnPakFileMounted2Time == 0.000017
[2026.02.11-17.14.38:494][  0]LogPakFile: PakFile PrimaryIndexSize=184
[2026.02.11-17.14.38:494][  0]LogPakFile: PakFile PathHashIndexSize=101
[2026.02.11-17.14.38:494][  0]LogPakFile: PakFile FullDirectoryIndexSize=142
[2026.02.11-17.14.38:494][  0]LogShaderLibrary: Display: ShaderCodeLibraryPakFileMountedCallback: PakFile 'D:/Epic Games/UE_4.27/FeaturePacks/TP_FlyingBP.upack' (chunk index -1, root 'root:/') mounted
[2026.02.11-17.14.38:494][  0]LogShaderLibrary: Display: ShaderCodeLibraryPakFileMountedCallback: pending pak file info (ChunkID:-1 Root:root:/ File:D:/Epic Games/UE_4.27/FeaturePacks/TP_FlyingBP.upack)
[2026.02.11-17.14.38:494][  0]LogPakFile: OnPakFileMounted2Time == 0.000020
[2026.02.11-17.14.38:494][  0]LogPakFile: PakFile PrimaryIndexSize=188
[2026.02.11-17.14.38:494][  0]LogPakFile: PakFile PathHashIndexSize=101
[2026.02.11-17.14.38:494][  0]LogPakFile: PakFile FullDirectoryIndexSize=150
[2026.02.11-17.14.38:494][  0]LogShaderLibrary: Display: ShaderCodeLibraryPakFileMountedCallback: PakFile 'D:/Epic Games/UE_4.27/FeaturePacks/TP_HandheldARBP.upack' (chunk index -1, root 'root:/') mounted
[2026.02.11-17.14.38:494][  0]LogShaderLibrary: Display: ShaderCodeLibraryPakFileMountedCallback: pending pak file info (ChunkID:-1 Root:root:/ File:D:/Epic Games/UE_4.27/FeaturePacks/TP_HandheldARBP.upack)
[2026.02.11-17.14.38:494][  0]LogPakFile: OnPakFileMounted2Time == 0.000017
[2026.02.11-17.14.38:494][  0]LogPakFile: PakFile PrimaryIndexSize=182
[2026.02.11-17.14.38:494][  0]LogPakFile: PakFile PathHashIndexSize=101
[2026.02.11-17.14.38:494][  0]LogPakFile: PakFile FullDirectoryIndexSize=138
[2026.02.11-17.14.38:494][  0]LogShaderLibrary: Display: ShaderCodeLibraryPakFileMountedCallback: PakFile 'D:/Epic Games/UE_4.27/FeaturePacks/TP_Puzzle.upack' (chunk index -1, root 'root:/') mounted
[2026.02.11-17.14.38:494][  0]LogShaderLibrary: Display: ShaderCodeLibraryPakFileMountedCallback: pending pak file info (ChunkID:-1 Root:root:/ File:D:/Epic Games/UE_4.27/FeaturePacks/TP_Puzzle.upack)
[2026.02.11-17.14.38:494][  0]LogPakFile: OnPakFileMounted2Time == 0.000018
[2026.02.11-17.14.38:494][  0]LogPakFile: PakFile PrimaryIndexSize=184
[2026.02.11-17.14.38:494][  0]LogPakFile: PakFile PathHashIndexSize=101
[2026.02.11-17.14.38:494][  0]LogPakFile: PakFile FullDirectoryIndexSize=142
[2026.02.11-17.14.38:494][  0]LogShaderLibrary: Display: ShaderCodeLibraryPakFileMountedCallback: PakFile 'D:/Epic Games/UE_4.27/FeaturePacks/TP_PuzzleBP.upack' (chunk index -1, root 'root:/') mounted
[2026.02.11-17.14.38:495][  0]LogShaderLibrary: Display: ShaderCodeLibraryPakFileMountedCallback: pending pak file info (ChunkID:-1 Root:root:/ File:D:/Epic Games/UE_4.27/FeaturePacks/TP_PuzzleBP.upack)
[2026.02.11-17.14.38:495][  0]LogPakFile: OnPakFileMounted2Time == 0.000017
[2026.02.11-17.14.38:495][  0]LogPakFile: PakFile PrimaryIndexSize=183
[2026.02.11-17.14.38:495][  0]LogPakFile: PakFile PathHashIndexSize=101
[2026.02.11-17.14.38:495][  0]LogPakFile: PakFile FullDirectoryIndexSize=140
[2026.02.11-17.14.38:495][  0]LogShaderLibrary: Display: ShaderCodeLibraryPakFileMountedCallback: PakFile 'D:/Epic Games/UE_4.27/FeaturePacks/TP_Rolling.upack' (chunk index -1, root 'root:/') mounted
[2026.02.11-17.14.38:495][  0]LogShaderLibrary: Display: ShaderCodeLibraryPakFileMountedCallback: pending pak file info (ChunkID:-1 Root:root:/ File:D:/Epic Games/UE_4.27/FeaturePacks/TP_Rolling.upack)
[2026.02.11-17.14.38:495][  0]LogPakFile: OnPakFileMounted2Time == 0.000018
[2026.02.11-17.14.38:495][  0]LogPakFile: PakFile PrimaryIndexSize=185
[2026.02.11-17.14.38:495][  0]LogPakFile: PakFile PathHashIndexSize=101
[2026.02.11-17.14.38:495][  0]LogPakFile: PakFile FullDirectoryIndexSize=144
[2026.02.11-17.14.38:495][  0]LogShaderLibrary: Display: ShaderCodeLibraryPakFileMountedCallback: PakFile 'D:/Epic Games/UE_4.27/FeaturePacks/TP_RollingBP.upack' (chunk index -1, root 'root:/') mounted
[2026.02.11-17.14.38:495][  0]LogShaderLibrary: Display: ShaderCodeLibraryPakFileMountedCallback: pending pak file info (ChunkID:-1 Root:root:/ File:D:/Epic Games/UE_4.27/FeaturePacks/TP_RollingBP.upack)
[2026.02.11-17.14.38:495][  0]LogPakFile: OnPakFileMounted2Time == 0.000017
[2026.02.11-17.14.38:495][  0]LogPakFile: PakFile PrimaryIndexSize=188
[2026.02.11-17.14.38:495][  0]LogPakFile: PakFile PathHashIndexSize=101
[2026.02.11-17.14.38:495][  0]LogPakFile: PakFile FullDirectoryIndexSize=150
[2026.02.11-17.14.38:495][  0]LogShaderLibrary: Display: ShaderCodeLibraryPakFileMountedCallback: PakFile 'D:/Epic Games/UE_4.27/FeaturePacks/TP_SideScroller.upack' (chunk index -1, root 'root:/') mounted
[2026.02.11-17.14.38:495][  0]LogShaderLibrary: Display: ShaderCodeLibraryPakFileMountedCallback: pending pak file info (ChunkID:-1 Root:root:/ File:D:/Epic Games/UE_4.27/FeaturePacks/TP_SideScroller.upack)
[2026.02.11-17.14.38:495][  0]LogPakFile: OnPakFileMounted2Time == 0.000021
[2026.02.11-17.14.38:495][  0]LogPakFile: PakFile PrimaryIndexSize=190
[2026.02.11-17.14.38:495][  0]LogPakFile: PakFile PathHashIndexSize=101
[2026.02.11-17.14.38:495][  0]LogPakFile: PakFile FullDirectoryIndexSize=154
[2026.02.11-17.14.38:495][  0]LogShaderLibrary: Display: ShaderCodeLibraryPakFileMountedCallback: PakFile 'D:/Epic Games/UE_4.27/FeaturePacks/TP_SideScrollerBP.upack' (chunk index -1, root 'root:/') mounted
[2026.02.11-17.14.38:495][  0]LogShaderLibrary: Display: ShaderCodeLibraryPakFileMountedCallback: pending pak file info (ChunkID:-1 Root:root:/ File:D:/Epic Games/UE_4.27/FeaturePacks/TP_SideScrollerBP.upack)
[2026.02.11-17.14.38:495][  0]LogPakFile: OnPakFileMounted2Time == 0.000018
[2026.02.11-17.14.38:495][  0]LogPakFile: PakFile PrimaryIndexSize=187
[2026.02.11-17.14.38:495][  0]LogPakFile: PakFile PathHashIndexSize=101
[2026.02.11-17.14.38:495][  0]LogPakFile: PakFile FullDirectoryIndexSize=148
[2026.02.11-17.14.38:495][  0]LogShaderLibrary: Display: ShaderCodeLibraryPakFileMountedCallback: PakFile 'D:/Epic Games/UE_4.27/FeaturePacks/TP_ThirdPerson.upack' (chunk index -1, root 'root:/') mounted
[2026.02.11-17.14.38:495][  0]LogShaderLibrary: Display: ShaderCodeLibraryPakFileMountedCallback: pending pak file info (ChunkID:-1 Root:root:/ File:D:/Epic Games/UE_4.27/FeaturePacks/TP_ThirdPerson.upack)
[2026.02.11-17.14.38:495][  0]LogPakFile: OnPakFileMounted2Time == 0.000018
[2026.02.11-17.14.38:496][  0]LogPakFile: PakFile PrimaryIndexSize=189
[2026.02.11-17.14.38:496][  0]LogPakFile: PakFile PathHashIndexSize=101
[2026.02.11-17.14.38:496][  0]LogPakFile: PakFile FullDirectoryIndexSize=152
[2026.02.11-17.14.38:496][  0]LogShaderLibrary: Display: ShaderCodeLibraryPakFileMountedCallback: PakFile 'D:/Epic Games/UE_4.27/FeaturePacks/TP_ThirdPersonBP.upack' (chunk index -1, root 'root:/') mounted
[2026.02.11-17.14.38:496][  0]LogShaderLibrary: Display: ShaderCodeLibraryPakFileMountedCallback: pending pak file info (ChunkID:-1 Root:root:/ File:D:/Epic Games/UE_4.27/FeaturePacks/TP_ThirdPersonBP.upack)
[2026.02.11-17.14.38:496][  0]LogPakFile: OnPakFileMounted2Time == 0.000033
[2026.02.11-17.14.38:497][  0]LogPakFile: PakFile PrimaryIndexSize=183
[2026.02.11-17.14.38:497][  0]LogPakFile: PakFile PathHashIndexSize=101
[2026.02.11-17.14.38:497][  0]LogPakFile: PakFile FullDirectoryIndexSize=140
[2026.02.11-17.14.38:497][  0]LogShaderLibrary: Display: ShaderCodeLibraryPakFileMountedCallback: PakFile 'D:/Epic Games/UE_4.27/FeaturePacks/TP_TopDown.upack' (chunk index -1, root 'root:/') mounted
[2026.02.11-17.14.38:497][  0]LogShaderLibrary: Display: ShaderCodeLibraryPakFileMountedCallback: pending pak file info (ChunkID:-1 Root:root:/ File:D:/Epic Games/UE_4.27/FeaturePacks/TP_TopDown.upack)
[2026.02.11-17.14.38:497][  0]LogPakFile: OnPakFileMounted2Time == 0.000025
[2026.02.11-17.14.38:497][  0]LogPakFile: PakFile PrimaryIndexSize=185
[2026.02.11-17.14.38:497][  0]LogPakFile: PakFile PathHashIndexSize=101
[2026.02.11-17.14.38:497][  0]LogPakFile: PakFile FullDirectoryIndexSize=144
[2026.02.11-17.14.38:497][  0]LogShaderLibrary: Display: ShaderCodeLibraryPakFileMountedCallback: PakFile 'D:/Epic Games/UE_4.27/FeaturePacks/TP_TopDownBP.upack' (chunk index -1, root 'root:/') mounted
[2026.02.11-17.14.38:497][  0]LogShaderLibrary: Display: ShaderCodeLibraryPakFileMountedCallback: pending pak file info (ChunkID:-1 Root:root:/ File:D:/Epic Games/UE_4.27/FeaturePacks/TP_TopDownBP.upack)
[2026.02.11-17.14.38:497][  0]LogPakFile: OnPakFileMounted2Time == 0.000018
[2026.02.11-17.14.38:497][  0]LogPakFile: PakFile PrimaryIndexSize=185
[2026.02.11-17.14.38:497][  0]LogPakFile: PakFile PathHashIndexSize=101
[2026.02.11-17.14.38:497][  0]LogPakFile: PakFile FullDirectoryIndexSize=144
[2026.02.11-17.14.38:497][  0]LogShaderLibrary: Display: ShaderCodeLibraryPakFileMountedCallback: PakFile 'D:/Epic Games/UE_4.27/FeaturePacks/TP_TwinStick.upack' (chunk index -1, root 'root:/') mounted
[2026.02.11-17.14.38:497][  0]LogShaderLibrary: Display: ShaderCodeLibraryPakFileMountedCallback: pending pak file info (ChunkID:-1 Root:root:/ File:D:/Epic Games/UE_4.27/FeaturePacks/TP_TwinStick.upack)
[2026.02.11-17.14.38:497][  0]LogPakFile: OnPakFileMounted2Time == 0.000025
[2026.02.11-17.14.38:497][  0]LogPakFile: PakFile PrimaryIndexSize=187
[2026.02.11-17.14.38:497][  0]LogPakFile: PakFile PathHashIndexSize=101
[2026.02.11-17.14.38:497][  0]LogPakFile: PakFile FullDirectoryIndexSize=148
[2026.02.11-17.14.38:497][  0]LogShaderLibrary: Display: ShaderCodeLibraryPakFileMountedCallback: PakFile 'D:/Epic Games/UE_4.27/FeaturePacks/TP_TwinStickBP.upack' (chunk index -1, root 'root:/') mounted
[2026.02.11-17.14.38:498][  0]LogShaderLibrary: Display: ShaderCodeLibraryPakFileMountedCallback: pending pak file info (ChunkID:-1 Root:root:/ File:D:/Epic Games/UE_4.27/FeaturePacks/TP_TwinStickBP.upack)
[2026.02.11-17.14.38:498][  0]LogPakFile: OnPakFileMounted2Time == 0.000025
[2026.02.11-17.14.38:498][  0]LogPakFile: PakFile PrimaryIndexSize=183
[2026.02.11-17.14.38:498][  0]LogPakFile: PakFile PathHashIndexSize=101
[2026.02.11-17.14.38:498][  0]LogPakFile: PakFile FullDirectoryIndexSize=140
[2026.02.11-17.14.38:498][  0]LogShaderLibrary: Display: ShaderCodeLibraryPakFileMountedCallback: PakFile 'D:/Epic Games/UE_4.27/FeaturePacks/TP_Vehicle.upack' (chunk index -1, root 'root:/') mounted
[2026.02.11-17.14.38:498][  0]LogShaderLibrary: Display: ShaderCodeLibraryPakFileMountedCallback: pending pak file info (ChunkID:-1 Root:root:/ File:D:/Epic Games/UE_4.27/FeaturePacks/TP_Vehicle.upack)
[2026.02.11-17.14.38:498][  0]LogPakFile: OnPakFileMounted2Time == 0.000018
[2026.02.11-17.14.38:498][  0]LogPakFile: PakFile PrimaryIndexSize=186
[2026.02.11-17.14.38:498][  0]LogPakFile: PakFile PathHashIndexSize=101
[2026.02.11-17.14.38:498][  0]LogPakFile: PakFile FullDirectoryIndexSize=146
[2026.02.11-17.14.38:498][  0]LogShaderLibrary: Display: ShaderCodeLibraryPakFileMountedCallback: PakFile 'D:/Epic Games/UE_4.27/FeaturePacks/TP_VehicleAdv.upack' (chunk index -1, root 'root:/') mounted
[2026.02.11-17.14.38:498][  0]LogShaderLibrary: Display: ShaderCodeLibraryPakFileMountedCallback: pending pak file info (ChunkID:-1 Root:root:/ File:D:/Epic Games/UE_4.27/FeaturePacks/TP_VehicleAdv.upack)
[2026.02.11-17.14.38:498][  0]LogPakFile: OnPakFileMounted2Time == 0.000019
[2026.02.11-17.14.38:498][  0]LogPakFile: PakFile PrimaryIndexSize=188
[2026.02.11-17.14.38:498][  0]LogPakFile: PakFile PathHashIndexSize=101
[2026.02.11-17.14.38:498][  0]LogPakFile: PakFile FullDirectoryIndexSize=150
[2026.02.11-17.14.38:498][  0]LogShaderLibrary: Display: ShaderCodeLibraryPakFileMountedCallback: PakFile 'D:/Epic Games/UE_4.27/FeaturePacks/TP_VehicleAdvBP.upack' (chunk index -1, root 'root:/') mounted
[2026.02.11-17.14.38:498][  0]LogShaderLibrary: Display: ShaderCodeLibraryPakFileMountedCallback: pending pak file info (ChunkID:-1 Root:root:/ File:D:/Epic Games/UE_4.27/FeaturePacks/TP_VehicleAdvBP.upack)
[2026.02.11-17.14.38:498][  0]LogPakFile: OnPakFileMounted2Time == 0.000018
[2026.02.11-17.14.38:500][  0]LogPakFile: PakFile PrimaryIndexSize=185
[2026.02.11-17.14.38:500][  0]LogPakFile: PakFile PathHashIndexSize=101
[2026.02.11-17.14.38:500][  0]LogPakFile: PakFile FullDirectoryIndexSize=144
[2026.02.11-17.14.38:500][  0]LogShaderLibrary: Display: ShaderCodeLibraryPakFileMountedCallback: PakFile 'D:/Epic Games/UE_4.27/FeaturePacks/TP_VehicleBP.upack' (chunk index -1, root 'root:/') mounted
[2026.02.11-17.14.38:500][  0]LogShaderLibrary: Display: ShaderCodeLibraryPakFileMountedCallback: pending pak file info (ChunkID:-1 Root:root:/ File:D:/Epic Games/UE_4.27/FeaturePacks/TP_VehicleBP.upack)
[2026.02.11-17.14.38:500][  0]LogPakFile: OnPakFileMounted2Time == 0.000020
[2026.02.11-17.14.38:500][  0]LogPakFile: PakFile PrimaryIndexSize=192
[2026.02.11-17.14.38:500][  0]LogPakFile: PakFile PathHashIndexSize=101
[2026.02.11-17.14.38:500][  0]LogPakFile: PakFile FullDirectoryIndexSize=158
[2026.02.11-17.14.38:500][  0]LogShaderLibrary: Display: ShaderCodeLibraryPakFileMountedCallback: PakFile 'D:/Epic Games/UE_4.27/FeaturePacks/TP_VirtualRealityBP.upack' (chunk index -1, root 'root:/') mounted
[2026.02.11-17.14.38:500][  0]LogShaderLibrary: Display: ShaderCodeLibraryPakFileMountedCallback: pending pak file info (ChunkID:-1 Root:root:/ File:D:/Epic Games/UE_4.27/FeaturePacks/TP_VirtualRealityBP.upack)
[2026.02.11-17.14.38:500][  0]LogPakFile: OnPakFileMounted2Time == 0.000017
[2026.02.11-17.14.38:516][  0]LogNativeClassHierarchy: Verbose: Native class hierarchy updated for 'AddContentDialog' in 0.0002 seconds. Added 0 classes and 0 folders.
[2026.02.11-17.14.38:517][  0]LogNativeClassHierarchy: Verbose: Native class hierarchy updated for 'SceneOutliner' in 0.0002 seconds. Added 2 classes and 0 folders.
[2026.02.11-17.14.38:568][  0]LogSlate: Took 0.000137 seconds to synchronously load lazily loaded font '../../../Engine/Content/Slate/Fonts/Roboto-Regular.ttf' (155K)
[2026.02.11-17.14.38:568][  0]LogSlate: Took 0.000118 seconds to synchronously load lazily loaded font '../../../Engine/Content/Editor/Slate/Fonts/FontAwesome.ttf' (139K)
[2026.02.11-17.14.38:569][  0]LogSlate: Took 0.000114 seconds to synchronously load lazily loaded font '../../../Engine/Content/Slate/Fonts/Roboto-Bold.ttf' (160K)
[2026.02.11-17.14.38:619][  0]LogRenderer: Reallocating scene render targets to support 808x464 Format 10 NumSamples 1 (Frame:1).
[2026.02.11-17.14.38:667][  0]LogNativeClassHierarchy: Verbose: Native class hierarchy updated for 'HierarchicalLODOutliner' in 0.0002 seconds. Added 0 classes and 0 folders.
[2026.02.11-17.14.38:668][  0]LogLoad: (Engine Initialization) Total time: 5.19 seconds
[2026.02.11-17.14.38:668][  0]LogLoad: (Engine Initialization) Total Blueprint compile time: 0.00 seconds
[2026.02.11-17.14.38:733][  0]LogAssetRegistry: Asset discovery search completed in 3.0241 seconds
[2026.02.11-17.14.38:736][  0]LogCollectionManager: Fixed up redirectors for 0 collections in 0.000003 seconds (updated 0 objects)
[2026.02.11-17.14.38:737][  0]LogContentStreaming: Texture pool size now 1000 MB
[2026.02.11-17.14.38:762][  0]LogRenderer: Reallocating scene render targets to support 808x480 Format 10 NumSamples 1 (Frame:3).
[2026.02.11-17.14.39:369][  2]LogSlate: Took 0.000173 seconds to synchronously load lazily loaded font '../../../Engine/Content/Slate/Fonts/Roboto-Light.ttf' (167K)
[2026.02.11-17.14.40:034][  4]LogSlate: Took 0.000310 seconds to synchronously load lazily loaded font '../../../Engine/Content/Slate/Fonts/Roboto-Light.ttf' (167K)
[2026.02.11-17.14.41:720][  9]LogMaterial: Display: Missing cached shadermap for Material_0 in PCD3D_SM5, Default, SM5 (DDC key hash: 88B144F03AD4A8C915B2C1B51268B33CB993445E), compiling. 
[2026.02.11-17.14.42:042][ 10]LogShaderCompilers: Display: Submitted 2 shader compile jobs with 'ForceLocal' priority
[2026.02.11-17.14.42:042][ 10]LogShaderCompilers: Display: Worker (1/17): shaders left to compile 2
[2026.02.11-17.14.42:042][ 10]LogShaderCompilers: Display: Worker (2/17): shaders left to compile 1
[2026.02.11-17.14.42:042][ 10]LogShaderCompilers: Display: Started 2 'Local' shader compile jobs with 'ForceLocal' priority
[2026.02.11-17.14.42:042][ 10]LogShaderCompilers: Display: Submitted 41 shader compile jobs with 'Normal' priority
[2026.02.11-17.14.42:042][ 10]LogShaderCompilers: Display: Worker (3/17): shaders left to compile 37
[2026.02.11-17.14.42:042][ 10]LogShaderCompilers: Display: Worker (4/17): shaders left to compile 38
[2026.02.11-17.14.42:042][ 10]LogShaderCompilers: Display: Worker (5/17): shaders left to compile 35
[2026.02.11-17.14.42:042][ 10]LogShaderCompilers: Display: Worker (6/17): shaders left to compile 32
[2026.02.11-17.14.42:042][ 10]LogShaderCompilers: Display: Worker (7/17): shaders left to compile 29
[2026.02.11-17.14.42:042][ 10]LogShaderCompilers: Display: Worker (8/17): shaders left to compile 26
[2026.02.11-17.14.42:042][ 10]LogShaderCompilers: Display: Worker (9/17): shaders left to compile 23
[2026.02.11-17.14.42:042][ 10]LogShaderCompilers: Display: Worker (10/17): shaders left to compile 20
[2026.02.11-17.14.42:042][ 10]LogShaderCompilers: Display: Worker (11/17): shaders left to compile 17
[2026.02.11-17.14.42:042][ 10]LogShaderCompilers: Display: Worker (12/17): shaders left to compile 14
[2026.02.11-17.14.42:042][ 10]LogShaderCompilers: Display: Worker (13/17): shaders left to compile 11
[2026.02.11-17.14.42:042][ 10]LogShaderCompilers: Display: Worker (14/17): shaders left to compile 8
[2026.02.11-17.14.42:042][ 10]LogShaderCompilers: Display: Worker (15/17): shaders left to compile 5
[2026.02.11-17.14.42:042][ 10]LogShaderCompilers: Display: Worker (16/17): shaders left to compile 2
[2026.02.11-17.14.42:042][ 10]LogShaderCompilers: Display: Started 41 'Local' shader compile jobs with 'Normal' priority
[2026.02.11-17.14.42:044][ 10]LogMaterial: Display: Missing cached shadermap for Material_0 in PCD3D_SM5, Default, SM5 (DDC key hash: 024808B1203EE564E6980F8BE9DE85F9A98FE86A), compiling. 
[2026.02.11-17.14.42:060][ 11]LogShaderCompilers: Display: Submitted 2 shader compile jobs with 'ForceLocal' priority
[2026.02.11-17.14.42:078][ 11]LogShaderCompilers: Display: Submitted 41 shader compile jobs with 'Normal' priority
[2026.02.11-17.14.42:105][ 11]LogMaterial: Display: Missing cached shadermap for Material_0 in PCD3D_SM5, Default, SM5 (DDC key hash: 5C7174B2A7AB2557EEC04B05ED459594D62369A0), compiling. 
[2026.02.11-17.14.42:107][ 11]LogShaderCompilers: Display: Worker (2/17): shaders left to compile 2
[2026.02.11-17.14.42:108][ 11]LogShaderCompilers: Display: Started 1 'Local' shader compile jobs with 'ForceLocal' priority
[2026.02.11-17.14.42:122][ 12]LogShaderCompilers: Display: Submitted 2 shader compile jobs with 'ForceLocal' priority
[2026.02.11-17.14.42:141][ 12]LogShaderCompilers: Display: Submitted 41 shader compile jobs with 'Normal' priority
[2026.02.11-17.14.42:164][ 12]LogMaterial: Display: Missing cached shadermap for Material_0 in PCD3D_SM5, Default, SM5 (DDC key hash: 0EC33B36E63B3939E4E139E19100E1DB372B98A6), compiling. 
[2026.02.11-17.14.42:182][ 13]LogShaderCompilers: Display: Submitted 2 shader compile jobs with 'ForceLocal' priority
[2026.02.11-17.14.42:197][ 13]LogShaderCompilers: Display: Submitted 41 shader compile jobs with 'Normal' priority
[2026.02.11-17.14.42:250][ 13]LogMaterial: Display: Missing cached shadermap for Material_0 in PCD3D_SM5, Default, SM5 (DDC key hash: FCB0C095D894A06D664CDE98921D5A08DF550926), compiling. 
[2026.02.11-17.14.42:267][ 14]LogShaderCompilers: Display: Submitted 2 shader compile jobs with 'ForceLocal' priority
[2026.02.11-17.14.42:284][ 14]LogShaderCompilers: Display: Submitted 41 shader compile jobs with 'Normal' priority
[2026.02.11-17.14.42:311][ 14]LogMaterial: Display: Missing cached shadermap for Material_0 in PCD3D_SM5, Default, SM5 (DDC key hash: F3E36DC3A1F0548BB98D5D53502AD2BCA8C4395E), compiling. 
[2026.02.11-17.14.42:329][ 15]LogShaderCompilers: Display: Submitted 2 shader compile jobs with 'ForceLocal' priority
[2026.02.11-17.14.42:331][ 15]LogShaderCompilers: Display: Worker (1/17): shaders left to compile 9
[2026.02.11-17.14.42:331][ 15]LogShaderCompilers: Display: Started 1 'Local' shader compile jobs with 'ForceLocal' priority
[2026.02.11-17.14.42:335][ 15]LogShaderCompilers: Display: Worker (13/17): shaders left to compile 8
[2026.02.11-17.14.42:335][ 15]LogShaderCompilers: Display: Started 1 'Local' shader compile jobs with 'ForceLocal' priority
[2026.02.11-17.14.42:353][ 15]LogShaderCompilers: Display: Submitted 41 shader compile jobs with 'Normal' priority
[2026.02.11-17.14.42:382][ 15]LogMaterial: Display: Missing cached shadermap for Material_0 in PCD3D_SM5, Default, SM5 (DDC key hash: 3420D17E74CCA55EBD5ACB8C4C9D0CB28390CD7B), compiling. 
[2026.02.11-17.14.42:398][ 16]LogShaderCompilers: Display: Submitted 2 shader compile jobs with 'ForceLocal' priority
[2026.02.11-17.14.42:416][ 16]LogShaderCompilers: Display: Submitted 41 shader compile jobs with 'Normal' priority
[2026.02.11-17.14.42:428][ 16]LogShaderCompilers: Display: Worker (7/17): shaders left to compile 9
[2026.02.11-17.14.42:428][ 16]LogShaderCompilers: Display: Started 1 'Local' shader compile jobs with 'ForceLocal' priority
[2026.02.11-17.14.42:725][ 27]LogShaderCompilers: Display: Worker (2/17): shaders left to compile 8
[2026.02.11-17.14.42:725][ 27]LogShaderCompilers: Display: Worker (8/17): shaders left to compile 7
[2026.02.11-17.14.42:725][ 27]LogShaderCompilers: Display: Started 2 'Local' shader compile jobs with 'ForceLocal' priority
[2026.02.11-17.14.42:750][ 27]LogShaderCompilers: Display: Worker (16/17): shaders left to compile 6
[2026.02.11-17.14.42:750][ 27]LogShaderCompilers: Display: Started 1 'Local' shader compile jobs with 'ForceLocal' priority
[2026.02.11-17.14.42:830][ 30]LogShaderCompilers: Display: Worker (9/17): shaders left to compile 5
[2026.02.11-17.14.42:830][ 30]LogShaderCompilers: Display: Started 1 'Local' shader compile jobs with 'ForceLocal' priority
[2026.02.11-17.14.42:852][ 31]LogShaderCompilers: Display: Worker (13/17): shaders left to compile 4
[2026.02.11-17.14.42:852][ 31]LogShaderCompilers: Display: Started 1 'Local' shader compile jobs with 'ForceLocal' priority
[2026.02.11-17.14.42:880][ 32]LogShaderCompilers: Display: Worker (15/17): shaders left to compile 3
[2026.02.11-17.14.42:880][ 32]LogShaderCompilers: Display: Started 1 'Local' shader compile jobs with 'ForceLocal' priority
[2026.02.11-17.14.42:931][ 34]LogShaderCompilers: Display: Worker (10/17): shaders left to compile 2
[2026.02.11-17.14.42:932][ 34]LogShaderCompilers: Display: Started 1 'Local' shader compile jobs with 'ForceLocal' priority
[2026.02.11-17.14.42:932][ 34]LogShaderCompilers: Display: Worker (1/17): shaders left to compile 1
[2026.02.11-17.14.42:932][ 34]LogShaderCompilers: Display: Started 1 'Local' shader compile jobs with 'ForceLocal' priority
[2026.02.11-17.14.42:963][ 35]LogShaderCompilers: Display: Worker (14/17): shaders left to compile 246
[2026.02.11-17.14.42:963][ 35]LogShaderCompilers: Display: Started 10 'Local' shader compile jobs with 'Normal' priority
[2026.02.11-17.14.43:027][ 37]LogShaderCompilers: Display: Worker (6/17): shaders left to compile 236
[2026.02.11-17.14.43:027][ 37]LogShaderCompilers: Display: Started 10 'Local' shader compile jobs with 'Normal' priority
[2026.02.11-17.14.43:031][ 37]LogScript: Warning: Accessed None trying to read property CallFunc_TryGetPawnOwner_ReturnValue
	AB_Spider_01_C /Engine/Transient.World_8:PersistentLevel.SkeletalMeshActor_0.SkeletalMeshComponent0.AB_Spider_01_C_0
	Function /Game/Characters/Enemy_Great_Spider/Animations/AB_Spider_01.AB_Spider_01_C:ExecuteUbergraph_AB_Spider_01:00FA
[2026.02.11-17.14.43:076][ 39]LogShaderCompilers: Display: Worker (5/17): shaders left to compile 226
[2026.02.11-17.14.43:077][ 39]LogShaderCompilers: Display: Started 10 'Local' shader compile jobs with 'Normal' priority
[2026.02.11-17.14.43:122][ 41]LogShaderCompilers: Display: Worker (11/17): shaders left to compile 216
[2026.02.11-17.14.43:123][ 41]LogShaderCompilers: Display: Started 10 'Local' shader compile jobs with 'Normal' priority
[2026.02.11-17.14.43:123][ 41]LogShaderCompilers: Display: Worker (2/17): shaders left to compile 206
[2026.02.11-17.14.43:123][ 41]LogShaderCompilers: Display: Started 10 'Local' shader compile jobs with 'Normal' priority
[2026.02.11-17.14.43:171][ 42]LogShaderCompilers: Display: Worker (7/17): shaders left to compile 196
[2026.02.11-17.14.43:171][ 42]LogShaderCompilers: Display: Started 10 'Local' shader compile jobs with 'Normal' priority
[2026.02.11-17.14.43:171][ 42]LogShaderCompilers: Display: Worker (16/17): shaders left to compile 186
[2026.02.11-17.14.43:171][ 42]LogShaderCompilers: Display: Started 10 'Local' shader compile jobs with 'Normal' priority
[2026.02.11-17.14.43:257][ 44]LogShaderCompilers: Display: Worker (8/17): shaders left to compile 176
[2026.02.11-17.14.43:257][ 44]LogShaderCompilers: Display: Started 10 'Local' shader compile jobs with 'Normal' priority
[2026.02.11-17.14.43:289][ 45]LogShaderCompilers: Display: Worker (3/17): shaders left to compile 166
[2026.02.11-17.14.43:289][ 45]LogShaderCompilers: Display: Started 10 'Local' shader compile jobs with 'Normal' priority
[2026.02.11-17.14.43:289][ 45]LogShaderCompilers: Display: Worker (13/17): shaders left to compile 156
[2026.02.11-17.14.43:289][ 45]LogShaderCompilers: Display: Started 10 'Local' shader compile jobs with 'Normal' priority
[2026.02.11-17.14.43:307][ 45]LogShaderCompilers: Display: Worker (10/17): shaders left to compile 146
[2026.02.11-17.14.43:307][ 45]LogShaderCompilers: Display: Started 10 'Local' shader compile jobs with 'Normal' priority
[2026.02.11-17.14.43:334][ 46]LogShaderCompilers: Display: Worker (12/17): shaders left to compile 136
[2026.02.11-17.14.43:334][ 46]LogShaderCompilers: Display: Started 9 'Local' shader compile jobs with 'Normal' priority
[2026.02.11-17.14.43:334][ 46]LogShaderCompilers: Display: Worker (9/17): shaders left to compile 127
[2026.02.11-17.14.43:334][ 46]LogShaderCompilers: Display: Started 8 'Local' shader compile jobs with 'Normal' priority
[2026.02.11-17.14.43:371][ 46]LogShaderCompilers: Display: Worker (1/17): shaders left to compile 119
[2026.02.11-17.14.43:371][ 46]LogShaderCompilers: Display: Started 8 'Local' shader compile jobs with 'Normal' priority
[2026.02.11-17.14.43:418][ 47]LogShaderCompilers: Display: Worker (4/17): shaders left to compile 111
[2026.02.11-17.14.43:418][ 47]LogShaderCompilers: Display: Started 7 'Local' shader compile jobs with 'Normal' priority
[2026.02.11-17.14.43:507][ 48]LogShaderCompilers: Display: Worker (15/17): shaders left to compile 104
[2026.02.11-17.14.43:507][ 48]LogShaderCompilers: Display: Started 7 'Local' shader compile jobs with 'Normal' priority
[2026.02.11-17.14.45:299][116]LogShaderCompilers: Display: Worker (11/17): shaders left to compile 97
[2026.02.11-17.14.45:299][116]LogShaderCompilers: Display: Started 7 'Local' shader compile jobs with 'Normal' priority
[2026.02.11-17.14.45:318][117]LogShaderCompilers: Display: Worker (4/17): shaders left to compile 90
[2026.02.11-17.14.45:318][117]LogShaderCompilers: Display: Started 6 'Local' shader compile jobs with 'Normal' priority
[2026.02.11-17.14.45:404][122]LogShaderCompilers: Display: Worker (12/17): shaders left to compile 84
[2026.02.11-17.14.45:404][122]LogShaderCompilers: Display: Started 6 'Local' shader compile jobs with 'Normal' priority
[2026.02.11-17.14.45:519][129]LogShaderCompilers: Display: Worker (8/17): shaders left to compile 78
[2026.02.11-17.14.45:519][129]LogShaderCompilers: Display: Started 5 'Local' shader compile jobs with 'Normal' priority
[2026.02.11-17.14.45:700][140]LogShaderCompilers: Display: Worker (15/17): shaders left to compile 73
[2026.02.11-17.14.45:700][140]LogShaderCompilers: Display: Started 5 'Local' shader compile jobs with 'Normal' priority
[2026.02.11-17.14.45:834][148]LogShaderCompilers: Display: Worker (13/17): shaders left to compile 68
[2026.02.11-17.14.45:834][148]LogShaderCompilers: Display: Started 5 'Local' shader compile jobs with 'Normal' priority
[2026.02.11-17.14.45:858][149]LogShaderCompilers: Display: Worker (1/17): shaders left to compile 63
[2026.02.11-17.14.45:858][149]LogShaderCompilers: Display: Started 4 'Local' shader compile jobs with 'Normal' priority
[2026.02.11-17.14.45:905][151]LogShaderCompilers: Display: Worker (6/17): shaders left to compile 59
[2026.02.11-17.14.45:905][151]LogShaderCompilers: Display: Started 4 'Local' shader compile jobs with 'Normal' priority
[2026.02.11-17.14.45:962][153]LogShaderCompilers: Display: Worker (7/17): shaders left to compile 55
[2026.02.11-17.14.45:962][153]LogShaderCompilers: Display: Started 4 'Local' shader compile jobs with 'Normal' priority
[2026.02.11-17.14.46:235][168]LogShaderCompilers: Display: Worker (16/17): shaders left to compile 51
[2026.02.11-17.14.46:235][168]LogShaderCompilers: Display: Started 4 'Local' shader compile jobs with 'Normal' priority
[2026.02.11-17.14.46:515][184]LogShaderCompilers: Display: Worker (5/17): shaders left to compile 47
[2026.02.11-17.14.46:515][184]LogShaderCompilers: Display: Started 3 'Local' shader compile jobs with 'Normal' priority
[2026.02.11-17.14.46:622][189]LogShaderCompilers: Display: Worker (9/17): shaders left to compile 44
[2026.02.11-17.14.46:622][189]LogShaderCompilers: Display: Started 3 'Local' shader compile jobs with 'Normal' priority
[2026.02.11-17.14.46:644][190]LogShaderCompilers: Display: Worker (14/17): shaders left to compile 41
[2026.02.11-17.14.46:644][190]LogShaderCompilers: Display: Started 3 'Local' shader compile jobs with 'Normal' priority
[2026.02.11-17.14.46:782][198]LogShaderCompilers: Display: Worker (10/17): shaders left to compile 38
[2026.02.11-17.14.46:782][198]LogShaderCompilers: Display: Started 3 'Local' shader compile jobs with 'Normal' priority
[2026.02.11-17.14.46:782][198]LogShaderCompilers: Display: Worker (1/17): shaders left to compile 35
[2026.02.11-17.14.46:782][198]LogShaderCompilers: Display: Started 3 'Local' shader compile jobs with 'Normal' priority
[2026.02.11-17.14.46:814][200]LogShaderCompilers: Display: Worker (4/17): shaders left to compile 32
[2026.02.11-17.14.46:814][200]LogShaderCompilers: Display: Started 3 'Local' shader compile jobs with 'Normal' priority
[2026.02.11-17.14.46:902][205]LogShaderCompilers: Display: Worker (11/17): shaders left to compile 29
[2026.02.11-17.14.46:902][205]LogShaderCompilers: Display: Started 2 'Local' shader compile jobs with 'Normal' priority
[2026.02.11-17.14.46:902][205]LogShaderCompilers: Display: Worker (16/17): shaders left to compile 27
[2026.02.11-17.14.46:902][205]LogShaderCompilers: Display: Started 2 'Local' shader compile jobs with 'Normal' priority
[2026.02.11-17.14.46:940][207]LogShaderCompilers: Display: Worker (8/17): shaders left to compile 25
[2026.02.11-17.14.46:940][207]LogShaderCompilers: Display: Started 2 'Local' shader compile jobs with 'Normal' priority
[2026.02.11-17.14.47:019][212]LogShaderCompilers: Display: Worker (15/17): shaders left to compile 23
[2026.02.11-17.14.47:019][212]LogShaderCompilers: Display: Started 2 'Local' shader compile jobs with 'Normal' priority
[2026.02.11-17.14.47:101][217]LogShaderCompilers: Display: Worker (16/17): shaders left to compile 21
[2026.02.11-17.14.47:101][217]LogShaderCompilers: Display: Started 2 'Local' shader compile jobs with 'Normal' priority
[2026.02.11-17.14.47:135][219]LogShaderCompilers: Display: Worker (7/17): shaders left to compile 19
[2026.02.11-17.14.47:135][219]LogShaderCompilers: Display: Started 2 'Local' shader compile jobs with 'Normal' priority
[2026.02.11-17.14.47:166][220]LogShaderCompilers: Display: Worker (3/17): shaders left to compile 17
[2026.02.11-17.14.47:166][220]LogShaderCompilers: Display: Started 2 'Local' shader compile jobs with 'Normal' priority
[2026.02.11-17.14.47:175][221]LogShaderCompilers: Display: Worker (2/17): shaders left to compile 15
[2026.02.11-17.14.47:175][221]LogShaderCompilers: Display: Started 1 'Local' shader compile jobs with 'Normal' priority
[2026.02.11-17.14.47:231][224]LogShaderCompilers: Display: Worker (11/17): shaders left to compile 14
[2026.02.11-17.14.47:231][224]LogShaderCompilers: Display: Started 1 'Local' shader compile jobs with 'Normal' priority
[2026.02.11-17.14.47:231][224]LogShaderCompilers: Display: Worker (6/17): shaders left to compile 13
[2026.02.11-17.14.47:231][224]LogShaderCompilers: Display: Started 1 'Local' shader compile jobs with 'Normal' priority
[2026.02.11-17.14.47:265][226]LogShaderCompilers: Display: Worker (13/17): shaders left to compile 12
[2026.02.11-17.14.47:265][226]LogShaderCompilers: Display: Started 1 'Local' shader compile jobs with 'Normal' priority
[2026.02.11-17.14.47:333][230]LogShaderCompilers: Display: Worker (5/17): shaders left to compile 11
[2026.02.11-17.14.47:333][230]LogShaderCompilers: Display: Started 1 'Local' shader compile jobs with 'Normal' priority
[2026.02.11-17.14.47:349][231]LogShaderCompilers: Display: Worker (2/17): shaders left to compile 10
[2026.02.11-17.14.47:350][231]LogShaderCompilers: Display: Started 1 'Local' shader compile jobs with 'Normal' priority
[2026.02.11-17.14.47:485][238]LogShaderCompilers: Display: Worker (5/17): shaders left to compile 9
[2026.02.11-17.14.47:485][238]LogShaderCompilers: Display: Started 1 'Local' shader compile jobs with 'Normal' priority
[2026.02.11-17.14.47:518][239]LogShaderCompilers: Display: Worker (16/17): shaders left to compile 8
[2026.02.11-17.14.47:518][239]LogShaderCompilers: Display: Started 1 'Local' shader compile jobs with 'Normal' priority
[2026.02.11-17.14.47:533][240]LogShaderCompilers: Display: Worker (2/17): shaders left to compile 7
[2026.02.11-17.14.47:533][240]LogShaderCompilers: Display: Started 1 'Local' shader compile jobs with 'Normal' priority
[2026.02.11-17.14.47:575][243]LogShaderCompilers: Display: Worker (6/17): shaders left to compile 6
[2026.02.11-17.14.47:575][243]LogShaderCompilers: Display: Started 1 'Local' shader compile jobs with 'Normal' priority
[2026.02.11-17.14.47:592][244]LogShaderCompilers: Display: Worker (5/17): shaders left to compile 5
[2026.02.11-17.14.47:593][244]LogShaderCompilers: Display: Worker (13/17): shaders left to compile 4
[2026.02.11-17.14.47:593][244]LogShaderCompilers: Display: Started 2 'Local' shader compile jobs with 'Normal' priority
[2026.02.11-17.14.47:628][246]LogShaderCompilers: Display: Worker (15/17): shaders left to compile 3
[2026.02.11-17.14.47:628][246]LogShaderCompilers: Display: Started 1 'Local' shader compile jobs with 'Normal' priority
[2026.02.11-17.14.47:645][247]LogShaderCompilers: Display: Worker (1/17): shaders left to compile 2
[2026.02.11-17.14.47:645][247]LogShaderCompilers: Display: Started 1 'Local' shader compile jobs with 'Normal' priority
[2026.02.11-17.14.47:663][248]LogShaderCompilers: Display: Worker (8/17): shaders left to compile 1
[2026.02.11-17.14.47:663][248]LogShaderCompilers: Display: Started 1 'Local' shader compile jobs with 'Normal' priority
[2026.02.11-17.15.04:682][947]LogAssetTools: Warning: Failed to import 'D:\Repozytoria\UE 4.27\KZ_TopDownShooter\TopDownAC\Content\All Gun/Effects/Misc/Materials/Gameplay/Pickups/M_PickUp_Master.uasset'. Unknown extension 'uasset'.
[2026.02.11-17.15.04:686][947]LogAssetTools: Warning: Failed to import 'D:\Repozytoria\UE 4.27\KZ_TopDownShooter\TopDownAC\Content\All Gun/Effects/Misc/Materials/LensFlare/M_Lensflare_01.uasset'. Unknown extension 'uasset'.
[2026.02.11-17.15.04:689][947]LogAssetTools: Warning: Failed to import 'D:\Repozytoria\UE 4.27\KZ_TopDownShooter\TopDownAC\Content\All Gun/Effects/Misc/Materials/LensFlare/M_LensFlare_02.uasset'. Unknown extension 'uasset'.
[2026.02.11-17.15.04:693][947]LogAssetTools: Warning: Failed to import 'D:\Repozytoria\UE 4.27\KZ_TopDownShooter\TopDownAC\Content\All Gun/Effects/Misc/Materials/Ramp/M_radial_ramp_soft.uasset'. Unknown extension 'uasset'.
[2026.02.11-17.15.04:697][947]LogAssetTools: Warning: Failed to import 'D:\Repozytoria\UE 4.27\KZ_TopDownShooter\TopDownAC\Content\All Gun/Effects/Misc/Materials/Ramp/M_SoftGradient_Muzzle.uasset'. Unknown extension 'uasset'.
[2026.02.11-17.15.04:701][947]LogAssetTools: Warning: Failed to import 'D:\Repozytoria\UE 4.27\KZ_TopDownShooter\TopDownAC\Content\All Gun/Effects/Misc/Materials/Smoke/M_ImpactSmoke.uasset'. Unknown extension 'uasset'.
[2026.02.11-17.15.04:705][947]LogAssetTools: Warning: Failed to import 'D:\Repozytoria\UE 4.27\KZ_TopDownShooter\TopDownAC\Content\All Gun/Effects/Misc/Materials/Smoke/M_MuzzleSmokeDetail_GPU.uasset'. Unknown extension 'uasset'.
[2026.02.11-17.15.04:709][947]LogAssetTools: Warning: Failed to import 'D:\Repozytoria\UE 4.27\KZ_TopDownShooter\TopDownAC\Content\All Gun/Effects/Misc/Materials/Smoke/M_SmokeBall.uasset'. Unknown extension 'uasset'.
[2026.02.11-17.15.04:712][947]LogAssetTools: Warning: Failed to import 'D:\Repozytoria\UE 4.27\KZ_TopDownShooter\TopDownAC\Content\All Gun/Effects/Misc/Materials/spark/M_spark_subUV.uasset'. Unknown extension 'uasset'.
[2026.02.11-17.15.04:716][947]LogAssetTools: Warning: Failed to import 'D:\Repozytoria\UE 4.27\KZ_TopDownShooter\TopDownAC\Content\All Gun/Effects/Misc/Materials/Weapon/M_MuzzleGlow.uasset'. Unknown extension 'uasset'.
[2026.02.11-17.15.04:720][947]LogAssetTools: Warning: Failed to import 'D:\Repozytoria\UE 4.27\KZ_TopDownShooter\TopDownAC\Content\All Gun/Effects/Misc/Materials/Weapon/M_muzzle_flash_subUV.uasset'. Unknown extension 'uasset'.
[2026.02.11-17.15.04:724][947]LogAssetTools: Warning: Failed to import 'D:\Repozytoria\UE 4.27\KZ_TopDownShooter\TopDownAC\Content\All Gun/Effects/Misc/Materials/Weapon/M_WP_Linkgun_Connection.uasset'. Unknown extension 'uasset'.
[2026.02.11-17.15.04:728][947]LogAssetTools: Warning: Failed to import 'D:\Repozytoria\UE 4.27\KZ_TopDownShooter\TopDownAC\Content\All Gun/Effects/Misc/Materials/Weapon/M_WP_ShockRifle_Panning_Beam.uasset'. Unknown extension 'uasset'.
[2026.02.11-17.15.04:732][947]LogAssetTools: Warning: Failed to import 'D:\Repozytoria\UE 4.27\KZ_TopDownShooter\TopDownAC\Content\All Gun/Effects/Misc/Meshes/Gameplay/Pickups/Ammo.uasset'. Unknown extension 'uasset'.
[2026.02.11-17.15.04:735][947]LogAssetTools: Warning: Failed to import 'D:\Repozytoria\UE 4.27\KZ_TopDownShooter\TopDownAC\Content\All Gun/Effects/Misc/Meshes/Gameplay/Pickups/SM_Health.uasset'. Unknown extension 'uasset'.
[2026.02.11-17.15.04:739][947]LogAssetTools: Warning: Failed to import 'D:\Repozytoria\UE 4.27\KZ_TopDownShooter\TopDownAC\Content\All Gun/Effects/Misc/Meshes/General/S_Sphere.uasset'. Unknown extension 'uasset'.
[2026.02.11-17.15.04:743][947]LogAssetTools: Warning: Failed to import 'D:\Repozytoria\UE 4.27\KZ_TopDownShooter\TopDownAC\Content\All Gun/Effects/Misc/Meshes/Weapon/SM_MuzzleCone.uasset'. Unknown extension 'uasset'.
[2026.02.11-17.15.04:746][947]LogAssetTools: Warning: Failed to import 'D:\Repozytoria\UE 4.27\KZ_TopDownShooter\TopDownAC\Content\All Gun/Effects/Misc/Textures/Energy/T_EFX_Beam_Electricity_02.uasset'. Unknown extension 'uasset'.
[2026.02.11-17.15.04:749][947]LogAssetTools: Warning: Failed to import 'D:\Repozytoria\UE 4.27\KZ_TopDownShooter\TopDownAC\Content\All Gun/Effects/Misc/Textures/LensFlare/Flare_02.uasset'. Unknown extension 'uasset'.
[2026.02.11-17.15.04:753][947]LogAssetTools: Warning: Failed to import 'D:\Repozytoria\UE 4.27\KZ_TopDownShooter\TopDownAC\Content\All Gun/Effects/Misc/Textures/LensFlare/T_Lensflare_01.uasset'. Unknown extension 'uasset'.
[2026.02.11-17.15.04:756][947]LogAssetTools: Warning: Failed to import 'D:\Repozytoria\UE 4.27\KZ_TopDownShooter\TopDownAC\Content\All Gun/Effects/Misc/Textures/Mask/T_SquareMaskTightEdge.uasset'. Unknown extension 'uasset'.
[2026.02.11-17.15.04:760][947]LogAssetTools: Warning: Failed to import 'D:\Repozytoria\UE 4.27\KZ_TopDownShooter\TopDownAC\Content\All Gun/Effects/Misc/Textures/Noise/T_TileNoise.uasset'. Unknown extension 'uasset'.
[2026.02.11-17.15.04:764][947]LogAssetTools: Warning: Failed to import 'D:\Repozytoria\UE 4.27\KZ_TopDownShooter\TopDownAC\Content\All Gun/Effects/Misc/Textures/Ramp/T_FX_CameraDistort.uasset'. Unknown extension 'uasset'.
[2026.02.11-17.15.04:767][947]LogAssetTools: Warning: Failed to import 'D:\Repozytoria\UE 4.27\KZ_TopDownShooter\TopDownAC\Content\All Gun/Effects/Misc/Textures/Ramp/T_FX_ColorDistort.uasset'. Unknown extension 'uasset'.
[2026.02.11-17.15.04:770][947]LogAssetTools: Warning: Failed to import 'D:\Repozytoria\UE 4.27\KZ_TopDownShooter\TopDownAC\Content\All Gun/Effects/Misc/Textures/Smoke/T_Clouds_01.uasset'. Unknown extension 'uasset'.
[2026.02.11-17.15.04:775][947]LogAssetTools: Warning: Failed to import 'D:\Repozytoria\UE 4.27\KZ_TopDownShooter\TopDownAC\Content\All Gun/Effects/Misc/Textures/Smoke/T_SmokeBall_01_8_8.uasset'. Unknown extension 'uasset'.
[2026.02.11-17.15.04:779][947]LogAssetTools: Warning: Failed to import 'D:\Repozytoria\UE 4.27\KZ_TopDownShooter\TopDownAC\Content\All Gun/Effects/Misc/Textures/Spark/T_SparkCore_2X2.uasset'. Unknown extension 'uasset'.
[2026.02.11-17.15.04:782][947]LogAssetTools: Warning: Failed to import 'D:\Repozytoria\UE 4.27\KZ_TopDownShooter\TopDownAC\Content\All Gun/Effects/Misc/Textures/Water/T_Caustics_2.uasset'. Unknown extension 'uasset'.
[2026.02.11-17.15.04:786][947]LogAssetTools: Warning: Failed to import 'D:\Repozytoria\UE 4.27\KZ_TopDownShooter\TopDownAC\Content\All Gun/Effects/Misc/Textures/Water/T_Steam_02_Packed.uasset'. Unknown extension 'uasset'.
[2026.02.11-17.15.04:791][947]LogAssetTools: Warning: Failed to import 'D:\Repozytoria\UE 4.27\KZ_TopDownShooter\TopDownAC\Content\All Gun/Effects/Misc/Textures/Weapon/T_muzzle_flashes.uasset'. Unknown extension 'uasset'.
[2026.02.11-17.15.04:795][947]LogAssetTools: Warning: Failed to import 'D:\Repozytoria\UE 4.27\KZ_TopDownShooter\TopDownAC\Content\All Gun/Effects/Pick-ups/P_AssaultRifle_AMmo.uasset'. Unknown extension 'uasset'.
[2026.02.11-17.15.04:798][947]LogAssetTools: Warning: Failed to import 'D:\Repozytoria\UE 4.27\KZ_TopDownShooter\TopDownAC\Content\All Gun/Effects/Pick-ups/P_Health.uasset'. Unknown extension 'uasset'.
[2026.02.11-17.15.04:801][947]LogAssetTools: Warning: Failed to import 'D:\Repozytoria\UE 4.27\KZ_TopDownShooter\TopDownAC\Content\All Gun/Effects/Weapons/Impacts/P_AssaultRifle_IH.uasset'. Unknown extension 'uasset'.
[2026.02.11-17.15.04:805][947]LogAssetTools: Warning: Failed to import 'D:\Repozytoria\UE 4.27\KZ_TopDownShooter\TopDownAC\Content\All Gun/Effects/Weapons/Impacts/P_CreatureImpact.uasset'. Unknown extension 'uasset'.
[2026.02.11-17.15.04:810][947]LogAssetTools: Warning: Failed to import 'D:\Repozytoria\UE 4.27\KZ_TopDownShooter\TopDownAC\Content\All Gun/Effects/Weapons/Muzzle/P_AssaultRifle_MF.uasset'. Unknown extension 'uasset'.
[2026.02.11-17.15.04:814][947]LogAssetTools: Warning: Failed to import 'D:\Repozytoria\UE 4.27\KZ_TopDownShooter\TopDownAC\Content\All Gun/Effects/Weapons/Muzzle/P_AssaultRifle_Trail.uasset'. Unknown extension 'uasset'.
[2026.02.11-17.15.04:817][947]LogAssetTools: Warning: Failed to import 'D:\Repozytoria\UE 4.27\KZ_TopDownShooter\TopDownAC\Content\All Gun/Sounds/AmbientLoops/Stereo/RoomTone_AbstractBitcrushed03_Stereo.uasset'. Unknown extension 'uasset'.
[2026.02.11-17.15.04:820][947]LogAssetTools: Warning: Failed to import 'D:\Repozytoria\UE 4.27\KZ_TopDownShooter\TopDownAC\Content\All Gun/Sounds/AmbientLoops/Stereo/RoomTone_AbstractBitcrushed04_Stereo.uasset'. Unknown extension 'uasset'.
[2026.02.11-17.15.04:824][947]LogAssetTools: Warning: Failed to import 'D:\Repozytoria\UE 4.27\KZ_TopDownShooter\TopDownAC\Content\All Gun/Sounds/AmbientLoops/Stereo/RoomTone_AbstractBitcrushed05_Stereo.uasset'. Unknown extension 'uasset'.
[2026.02.11-17.15.04:828][947]LogAssetTools: Warning: Failed to import 'D:\Repozytoria\UE 4.27\KZ_TopDownShooter\TopDownAC\Content\All Gun/Sounds/AmbientLoops/Stereo/WindAnimated_High01_Loop_Stereo.uasset'. Unknown extension 'uasset'.
[2026.02.11-17.15.04:831][947]LogAssetTools: Warning: Failed to import 'D:\Repozytoria\UE 4.27\KZ_TopDownShooter\TopDownAC\Content\All Gun/Sounds/AmbientLoops/Stereo/WindAnimated_High02_Loop_Stereo.uasset'. Unknown extension 'uasset'.
[2026.02.11-17.15.04:834][947]LogAssetTools: Warning: Failed to import 'D:\Repozytoria\UE 4.27\KZ_TopDownShooter\TopDownAC\Content\All Gun/Sounds/AmbientLoops/Stereo/WindAnimated_High03_Loop_Stereo.uasset'. Unknown extension 'uasset'.
[2026.02.11-17.15.04:837][947]LogAssetTools: Warning: Failed to import 'D:\Repozytoria\UE 4.27\KZ_TopDownShooter\TopDownAC\Content\All Gun/Sounds/AmbientLoops/Stereo/WindAnimated_High_Stereo_Cue.uasset'. Unknown extension 'uasset'.
[2026.02.11-17.15.04:841][947]LogAssetTools: Warning: Failed to import 'D:\Repozytoria\UE 4.27\KZ_TopDownShooter\TopDownAC\Content\All Gun/Sounds/AmbientLoops/Stereo/WindAnimated_Low01_Loop_Stereo.uasset'. Unknown extension 'uasset'.
[2026.02.11-17.15.04:845][947]LogAssetTools: Warning: Failed to import 'D:\Repozytoria\UE 4.27\KZ_TopDownShooter\TopDownAC\Content\All Gun/Sounds/AmbientLoops/Stereo/WindAnimated_Low02_Loop_Stereo.uasset'. Unknown extension 'uasset'.
[2026.02.11-17.15.04:848][947]LogAssetTools: Warning: Failed to import 'D:\Repozytoria\UE 4.27\KZ_TopDownShooter\TopDownAC\Content\All Gun/Sounds/AmbientLoops/Stereo/WindAnimated_Low03_Loop_Stereo.uasset'. Unknown extension 'uasset'.
[2026.02.11-17.15.04:851][947]LogAssetTools: Warning: Failed to import 'D:\Repozytoria\UE 4.27\KZ_TopDownShooter\TopDownAC\Content\All Gun/Sounds/AmbientLoops/Stereo/WindAnimated_Low_Stereo_Cue.uasset'. Unknown extension 'uasset'.
[2026.02.11-17.15.04:855][947]LogAssetTools: Warning: Failed to import 'D:\Repozytoria\UE 4.27\KZ_TopDownShooter\TopDownAC\Content\All Gun/Sounds/AmbientLoops/Stereo/WindSteady01_Loop_Stereo.uasset'. Unknown extension 'uasset'.
[2026.02.11-17.15.04:859][947]LogAssetTools: Warning: Failed to import 'D:\Repozytoria\UE 4.27\KZ_TopDownShooter\TopDownAC\Content\All Gun/Sounds/AmbientLoops/Stereo/WindSteady02_Loop_Stereo.uasset'. Unknown extension 'uasset'.
[2026.02.11-17.15.04:863][947]LogAssetTools: Warning: Failed to import 'D:\Repozytoria\UE 4.27\KZ_TopDownShooter\TopDownAC\Content\All Gun/Sounds/AmbientLoops/Stereo/WindSteady03_Loop_Stereo.uasset'. Unknown extension 'uasset'.
[2026.02.11-17.15.04:866][947]LogAssetTools: Warning: Failed to import 'D:\Repozytoria\UE 4.27\KZ_TopDownShooter\TopDownAC\Content\All Gun/Sounds/AmbientLoops/Stereo/WindSteady04_Loop_Stereo.uasset'. Unknown extension 'uasset'.
[2026.02.11-17.15.04:870][947]LogAssetTools: Warning: Failed to import 'D:\Repozytoria\UE 4.27\KZ_TopDownShooter\TopDownAC\Content\All Gun/Sounds/AmbientLoops/Stereo/WindSteady_Loop_Stereo_Cue.uasset'. Unknown extension 'uasset'.
[2026.02.11-17.15.04:874][947]LogAssetTools: Warning: Failed to import 'D:\Repozytoria\UE 4.27\KZ_TopDownShooter\TopDownAC\Content\All Gun/Sounds/AmbientLoops/Stereo/Wind_Abstract01_Stereo.uasset'. Unknown extension 'uasset'.
[2026.02.11-17.15.04:878][947]LogAssetTools: Warning: Failed to import 'D:\Repozytoria\UE 4.27\KZ_TopDownShooter\TopDownAC\Content\All Gun/Sounds/AmbientLoops/Stereo/Wind_Abstract02_Stereo.uasset'. Unknown extension 'uasset'.
[2026.02.11-17.15.06:465][947]LogAssetTools: Warning: Failed to import 'D:\Repozytoria\UE 4.27\KZ_TopDownShooter\TopDownAC\Content\All Gun/Sounds/AmbientLoops/Stereo/Wind_Abstract03_Stereo.uasset'. Unknown extension 'uasset'.
[2026.02.11-17.15.06:531][947]LogAssetTools: Warning: Failed to import 'D:\Repozytoria\UE 4.27\KZ_TopDownShooter\TopDownAC\Content\All Gun/Sounds/AmbientLoops/Stereo/Wind_Abstract04_Stereo.uasset'. Unknown extension 'uasset'.
[2026.02.11-17.15.06:534][947]LogAssetTools: Warning: Failed to import 'D:\Repozytoria\UE 4.27\KZ_TopDownShooter\TopDownAC\Content\All Gun/Sounds/AmbientLoops/Stereo/Wind_Abstract05_Stereo.uasset'. Unknown extension 'uasset'.
[2026.02.11-17.15.06:538][947]LogAssetTools: Warning: Failed to import 'D:\Repozytoria\UE 4.27\KZ_TopDownShooter\TopDownAC\Content\All Gun/Sounds/AmbientLoops/Stereo/Wind_AbstractAnimated_Stereo_Cue.uasset'. Unknown extension 'uasset'.
[2026.02.11-17.15.06:543][947]LogAssetTools: Warning: Failed to import 'D:\Repozytoria\UE 4.27\KZ_TopDownShooter\TopDownAC\Content\All Gun/Sounds/AmbientNonLoops/Stereo/MetalCreak_Pillars01_Stereo.uasset'. Unknown extension 'uasset'.
[2026.02.11-17.15.06:546][947]LogAssetTools: Warning: Failed to import 'D:\Repozytoria\UE 4.27\KZ_TopDownShooter\TopDownAC\Content\All Gun/Sounds/AmbientNonLoops/Stereo/MetalCreak_Pillars05_Stereo.uasset'. Unknown extension 'uasset'.
[2026.02.11-17.15.06:549][947]LogAssetTools: Warning: Failed to import 'D:\Repozytoria\UE 4.27\KZ_TopDownShooter\TopDownAC\Content\All Gun/Sounds/AmbientNonLoops/Stereo/MetalCreak_Pillars15_Stereo.uasset'. Unknown extension 'uasset'.
[2026.02.11-17.15.06:553][947]LogAssetTools: Warning: Failed to import 'D:\Repozytoria\UE 4.27\KZ_TopDownShooter\TopDownAC\Content\All Gun/Sounds/FoleyBodyMoves/Mono/FoleyBody_Aim_Cue.uasset'. Unknown extension 'uasset'.
[2026.02.11-17.15.06:556][947]LogAssetTools: Warning: Failed to import 'D:\Repozytoria\UE 4.27\KZ_TopDownShooter\TopDownAC\Content\All Gun/Sounds/FoleyBodyMoves/Mono/FoleyBody_BodyMove01.uasset'. Unknown extension 'uasset'.
[2026.02.11-17.15.06:560][947]LogAssetTools: Warning: Failed to import 'D:\Repozytoria\UE 4.27\KZ_TopDownShooter\TopDownAC\Content\All Gun/Sounds/FoleyBodyMoves/Mono/FoleyBody_BodyMove02.uasset'. Unknown extension 'uasset'.
[2026.02.11-17.15.06:564][947]LogAssetTools: Warning: Failed to import 'D:\Repozytoria\UE 4.27\KZ_TopDownShooter\TopDownAC\Content\All Gun/Sounds/FoleyBodyMoves/Mono/FoleyBody_BodyMove03.uasset'. Unknown extension 'uasset'.
[2026.02.11-17.15.06:568][947]LogAssetTools: Warning: Failed to import 'D:\Repozytoria\UE 4.27\KZ_TopDownShooter\TopDownAC\Content\All Gun/Sounds/FoleyBodyMoves/Mono/FoleyBody_BodyMove04.uasset'. Unknown extension 'uasset'.
[2026.02.11-17.15.06:572][947]LogAssetTools: Warning: Failed to import 'D:\Repozytoria\UE 4.27\KZ_TopDownShooter\TopDownAC\Content\All Gun/Sounds/FoleyBodyMoves/Mono/FoleyBody_BodyMove_Cue.uasset'. Unknown extension 'uasset'.
[2026.02.11-17.15.06:575][947]LogAssetTools: Warning: Failed to import 'D:\Repozytoria\UE 4.27\KZ_TopDownShooter\TopDownAC\Content\All Gun/Sounds/FoleyBodyMoves/Mono/FoleyBody_Fall01.uasset'. Unknown extension 'uasset'.
[2026.02.11-17.15.06:579][947]LogAssetTools: Warning: Failed to import 'D:\Repozytoria\UE 4.27\KZ_TopDownShooter\TopDownAC\Content\All Gun/Sounds/FoleyBodyMoves/Mono/FoleyBody_Fall02.uasset'. Unknown extension 'uasset'.
[2026.02.11-17.15.06:582][947]LogAssetTools: Warning: Failed to import 'D:\Repozytoria\UE 4.27\KZ_TopDownShooter\TopDownAC\Content\All Gun/Sounds/FoleyBodyMoves/Mono/FoleyBody_Fall03.uasset'. Unknown extension 'uasset'.
[2026.02.11-17.15.06:587][947]LogAssetTools: Warning: Failed to import 'D:\Repozytoria\UE 4.27\KZ_TopDownShooter\TopDownAC\Content\All Gun/Sounds/FoleyBodyMoves/Mono/FoleyBody_Fall04.uasset'. Unknown extension 'uasset'.
[2026.02.11-17.15.06:597][947]LogAssetTools: Warning: Failed to import 'D:\Repozytoria\UE 4.27\KZ_TopDownShooter\TopDownAC\Content\All Gun/Sounds/FoleyBodyMoves/Mono/FoleyBody_Fall_Cue.uasset'. Unknown extension 'uasset'.
[2026.02.11-17.15.06:601][947]LogAssetTools: Warning: Failed to import 'D:\Repozytoria\UE 4.27\KZ_TopDownShooter\TopDownAC\Content\All Gun/Sounds/FoleyBodyMoves/Mono/FoleyBody_HandSwipe01.uasset'. Unknown extension 'uasset'.
[2026.02.11-17.15.06:605][947]LogAssetTools: Warning: Failed to import 'D:\Repozytoria\UE 4.27\KZ_TopDownShooter\TopDownAC\Content\All Gun/Sounds/FoleyBodyMoves/Mono/FoleyBody_HandSwipe02.uasset'. Unknown extension 'uasset'.
[2026.02.11-17.15.06:609][947]LogAssetTools: Warning: Failed to import 'D:\Repozytoria\UE 4.27\KZ_TopDownShooter\TopDownAC\Content\All Gun/Sounds/FoleyBodyMoves/Mono/FoleyBody_HandSwipe03.uasset'. Unknown extension 'uasset'.
[2026.02.11-17.15.06:612][947]LogAssetTools: Warning: Failed to import 'D:\Repozytoria\UE 4.27\KZ_TopDownShooter\TopDownAC\Content\All Gun/Sounds/FoleyBodyMoves/Mono/FoleyBody_HandSwipe04.uasset'. Unknown extension 'uasset'.
[2026.02.11-17.15.06:616][947]LogAssetTools: Warning: Failed to import 'D:\Repozytoria\UE 4.27\KZ_TopDownShooter\TopDownAC\Content\All Gun/Sounds/FoleyBodyMoves/Mono/FoleyBody_HandSwipe_Cue.uasset'. Unknown extension 'uasset'.
[2026.02.11-17.15.06:620][947]LogAssetTools: Warning: Failed to import 'D:\Repozytoria\UE 4.27\KZ_TopDownShooter\TopDownAC\Content\All Gun/Sounds/FoleyBodyMoves/Mono/FoleyBody_Land02.uasset'. Unknown extension 'uasset'.
[2026.02.11-17.15.06:624][947]LogAssetTools: Warning: Failed to import 'D:\Repozytoria\UE 4.27\KZ_TopDownShooter\TopDownAC\Content\All Gun/Sounds/FoleyBodyMoves/Mono/FoleyBody_Land03.uasset'. Unknown extension 'uasset'.
[2026.02.11-17.15.06:627][947]LogAssetTools: Warning: Failed to import 'D:\Repozytoria\UE 4.27\KZ_TopDownShooter\TopDownAC\Content\All Gun/Sounds/FoleyBodyMoves/Mono/FoleyBody_Land04.uasset'. Unknown extension 'uasset'.
[2026.02.11-17.15.06:631][947]LogAssetTools: Warning: Failed to import 'D:\Repozytoria\UE 4.27\KZ_TopDownShooter\TopDownAC\Content\All Gun/Sounds/FoleyBodyMoves/Mono/FoleyBody_Land05.uasset'. Unknown extension 'uasset'.
[2026.02.11-17.15.06:634][947]LogAssetTools: Warning: Failed to import 'D:\Repozytoria\UE 4.27\KZ_TopDownShooter\TopDownAC\Content\All Gun/Sounds/FoleyBodyMoves/Mono/FoleyBody_Land_Cue.uasset'. Unknown extension 'uasset'.
[2026.02.11-17.15.06:637][947]LogAssetTools: Warning: Failed to import 'D:\Repozytoria\UE 4.27\KZ_TopDownShooter\TopDownAC\Content\All Gun/Sounds/FoleyBodyMoves/Mono/Run01_Loop.uasset'. Unknown extension 'uasset'.
[2026.02.11-17.15.06:640][947]LogAssetTools: Warning: Failed to import 'D:\Repozytoria\UE 4.27\KZ_TopDownShooter\TopDownAC\Content\All Gun/Sounds/FoleyBodyMoves/Mono/Run02_Loop.uasset'. Unknown extension 'uasset'.
[2026.02.11-17.15.06:644][947]LogAssetTools: Warning: Failed to import 'D:\Repozytoria\UE 4.27\KZ_TopDownShooter\TopDownAC\Content\All Gun/Sounds/FoleyBodyMoves/Mono/Run03_Loop.uasset'. Unknown extension 'uasset'.
[2026.02.11-17.15.06:647][947]LogAssetTools: Warning: Failed to import 'D:\Repozytoria\UE 4.27\KZ_TopDownShooter\TopDownAC\Content\All Gun/Sounds/FoleyBodyMoves/Mono/Run04_Loop.uasset'. Unknown extension 'uasset'.
[2026.02.11-17.15.06:652][947]LogAssetTools: Warning: Failed to import 'D:\Repozytoria\UE 4.27\KZ_TopDownShooter\TopDownAC\Content\All Gun/Sounds/FoleyBodyMoves/Mono/Run05_Loop.uasset'. Unknown extension 'uasset'.
[2026.02.11-17.15.06:655][947]LogAssetTools: Warning: Failed to import 'D:\Repozytoria\UE 4.27\KZ_TopDownShooter\TopDownAC\Content\All Gun/Sounds/FoleyBodyMoves/Mono/RunStop01.uasset'. Unknown extension 'uasset'.
[2026.02.11-17.15.06:659][947]LogAssetTools: Warning: Failed to import 'D:\Repozytoria\UE 4.27\KZ_TopDownShooter\TopDownAC\Content\All Gun/Sounds/FoleyBodyMoves/Mono/RunStop02.uasset'. Unknown extension 'uasset'.
[2026.02.11-17.15.06:663][947]LogAssetTools: Warning: Failed to import 'D:\Repozytoria\UE 4.27\KZ_TopDownShooter\TopDownAC\Content\All Gun/Sounds/FoleyBodyMoves/Mono/RunStop03.uasset'. Unknown extension 'uasset'.
[2026.02.11-17.15.06:666][947]LogAssetTools: Warning: Failed to import 'D:\Repozytoria\UE 4.27\KZ_TopDownShooter\TopDownAC\Content\All Gun/Sounds/FoleyBodyMoves/Mono/RunStop_Cue.uasset'. Unknown extension 'uasset'.
[2026.02.11-17.15.07:842][947]LogAssetTools: Warning: Failed to import 'D:\Repozytoria\UE 4.27\KZ_TopDownShooter\TopDownAC\Content\All Gun/Sounds/FoleyBodyMoves/Mono/Run_Loop_Cue.uasset'. Unknown extension 'uasset'.
[2026.02.11-17.15.07:933][947]LogAssetTools: Warning: Failed to import 'D:\Repozytoria\UE 4.27\KZ_TopDownShooter\TopDownAC\Content\All Gun/Sounds/FoleyBodyMoves/Stereo/FoleyBody_BodyMove01_Stereo.uasset'. Unknown extension 'uasset'.
[2026.02.11-17.15.07:938][947]LogAssetTools: Warning: Failed to import 'D:\Repozytoria\UE 4.27\KZ_TopDownShooter\TopDownAC\Content\All Gun/Sounds/FoleyBodyMoves/Stereo/FoleyBody_BodyMove02_Stereo.uasset'. Unknown extension 'uasset'.
[2026.02.11-17.15.07:943][947]LogAssetTools: Warning: Failed to import 'D:\Repozytoria\UE 4.27\KZ_TopDownShooter\TopDownAC\Content\All Gun/Sounds/FoleyBodyMoves/Stereo/FoleyBody_BodyMove03_Stereo.uasset'. Unknown extension 'uasset'.
[2026.02.11-17.15.07:948][947]LogAssetTools: Warning: Failed to import 'D:\Repozytoria\UE 4.27\KZ_TopDownShooter\TopDownAC\Content\All Gun/Sounds/FoleyBodyMoves/Stereo/FoleyBody_BodyMove04_Stereo.uasset'. Unknown extension 'uasset'.
[2026.02.11-17.15.07:952][947]LogAssetTools: Warning: Failed to import 'D:\Repozytoria\UE 4.27\KZ_TopDownShooter\TopDownAC\Content\All Gun/Sounds/FoleyBodyMoves/Stereo/FoleyBody_BodyMove_Stereo_Cue.uasset'. Unknown extension 'uasset'.
[2026.02.11-17.15.07:955][947]LogAssetTools: Warning: Failed to import 'D:\Repozytoria\UE 4.27\KZ_TopDownShooter\TopDownAC\Content\All Gun/Sounds/FoleyBodyMoves/Stereo/FoleyBody_HandSwipe01_Stereo.uasset'. Unknown extension 'uasset'.
[2026.02.11-17.15.07:961][947]LogAssetTools: Warning: Failed to import 'D:\Repozytoria\UE 4.27\KZ_TopDownShooter\TopDownAC\Content\All Gun/Sounds/FoleyBodyMoves/Stereo/FoleyBody_HandSwipe02_Stereo.uasset'. Unknown extension 'uasset'.
[2026.02.11-17.15.07:966][947]LogAssetTools: Warning: Failed to import 'D:\Repozytoria\UE 4.27\KZ_TopDownShooter\TopDownAC\Content\All Gun/Sounds/FoleyBodyMoves/Stereo/FoleyBody_HandSwipe03_Stereo.uasset'. Unknown extension 'uasset'.
[2026.02.11-17.15.07:971][947]LogAssetTools: Warning: Failed to import 'D:\Repozytoria\UE 4.27\KZ_TopDownShooter\TopDownAC\Content\All Gun/Sounds/FoleyBodyMoves/Stereo/FoleyBody_HandSwipe04_Stereo.uasset'. Unknown extension 'uasset'.
[2026.02.11-17.15.07:975][947]LogAssetTools: Warning: Failed to import 'D:\Repozytoria\UE 4.27\KZ_TopDownShooter\TopDownAC\Content\All Gun/Sounds/FoleyBodyMoves/Stereo/FoleyBody_HandSwipe_Stereo_Cue.uasset'. Unknown extension 'uasset'.
[2026.02.11-17.15.07:979][947]LogAssetTools: Warning: Failed to import 'D:\Repozytoria\UE 4.27\KZ_TopDownShooter\TopDownAC\Content\All Gun/Sounds/FoleyBodyMoves/Stereo/FoleyBody_Land01_Stereo.uasset'. Unknown extension 'uasset'.
[2026.02.11-17.15.07:983][947]LogAssetTools: Warning: Failed to import 'D:\Repozytoria\UE 4.27\KZ_TopDownShooter\TopDownAC\Content\All Gun/Sounds/FoleyBodyMoves/Stereo/FoleyBody_Land02_Stereo.uasset'. Unknown extension 'uasset'.
[2026.02.11-17.15.07:986][947]LogAssetTools: Warning: Failed to import 'D:\Repozytoria\UE 4.27\KZ_TopDownShooter\TopDownAC\Content\All Gun/Sounds/FoleyBodyMoves/Stereo/FoleyBody_Land03_Stereo.uasset'. Unknown extension 'uasset'.
[2026.02.11-17.15.07:990][947]LogAssetTools: Warning: Failed to import 'D:\Repozytoria\UE 4.27\KZ_TopDownShooter\TopDownAC\Content\All Gun/Sounds/FoleyBodyMoves/Stereo/FoleyBody_Land04_Stereo.uasset'. Unknown extension 'uasset'.
[2026.02.11-17.15.07:994][947]LogAssetTools: Warning: Failed to import 'D:\Repozytoria\UE 4.27\KZ_TopDownShooter\TopDownAC\Content\All Gun/Sounds/FoleyBodyMoves/Stereo/FoleyBody_Land05_Stereo.uasset'. Unknown extension 'uasset'.
[2026.02.11-17.15.07:999][947]LogAssetTools: Warning: Failed to import 'D:\Repozytoria\UE 4.27\KZ_TopDownShooter\TopDownAC\Content\All Gun/Sounds/FoleyBodyMoves/Stereo/FoleyBody_Land_Stereo_Cue.uasset'. Unknown extension 'uasset'.
[2026.02.11-17.15.08:003][947]LogAssetTools: Warning: Failed to import 'D:\Repozytoria\UE 4.27\KZ_TopDownShooter\TopDownAC\Content\All Gun/Sounds/FoleyFlesh/Mono/FoleyFlesh_Gib01.uasset'. Unknown extension 'uasset'.
[2026.02.11-17.15.08:008][947]LogAssetTools: Warning: Failed to import 'D:\Repozytoria\UE 4.27\KZ_TopDownShooter\TopDownAC\Content\All Gun/Sounds/FoleyFlesh/Mono/FoleyFlesh_Gib02.uasset'. Unknown extension 'uasset'.
[2026.02.11-17.15.08:012][947]LogAssetTools: Warning: Failed to import 'D:\Repozytoria\UE 4.27\KZ_TopDownShooter\TopDownAC\Content\All Gun/Sounds/FoleyFlesh/Mono/FoleyFlesh_Gib03.uasset'. Unknown extension 'uasset'.
[2026.02.11-17.15.08:016][947]LogAssetTools: Warning: Failed to import 'D:\Repozytoria\UE 4.27\KZ_TopDownShooter\TopDownAC\Content\All Gun/Sounds/FoleyFlesh/Mono/FoleyFlesh_Gib04.uasset'. Unknown extension 'uasset'.
[2026.02.11-17.15.08:020][947]LogAssetTools: Warning: Failed to import 'D:\Repozytoria\UE 4.27\KZ_TopDownShooter\TopDownAC\Content\All Gun/Sounds/FoleyFlesh/Mono/FoleyFlesh_Gib05.uasset'. Unknown extension 'uasset'.
[2026.02.11-17.15.08:024][947]LogAssetTools: Warning: Failed to import 'D:\Repozytoria\UE 4.27\KZ_TopDownShooter\TopDownAC\Content\All Gun/Sounds/FoleyFlesh/Mono/FoleyFlesh_Gib06.uasset'. Unknown extension 'uasset'.
[2026.02.11-17.15.08:028][947]LogAssetTools: Warning: Failed to import 'D:\Repozytoria\UE 4.27\KZ_TopDownShooter\TopDownAC\Content\All Gun/Sounds/FoleyFlesh/Mono/FoleyFlesh_Gib_Cue.uasset'. Unknown extension 'uasset'.
[2026.02.11-17.15.08:032][947]LogAssetTools: Warning: Failed to import 'D:\Repozytoria\UE 4.27\KZ_TopDownShooter\TopDownAC\Content\All Gun/Sounds/FoleyFlesh/Mono/FoleyFlesh_Impact02.uasset'. Unknown extension 'uasset'.
[2026.02.11-17.15.08:036][947]LogAssetTools: Warning: Failed to import 'D:\Repozytoria\UE 4.27\KZ_TopDownShooter\TopDownAC\Content\All Gun/Sounds/FoleyFlesh/Mono/FoleyFlesh_Impact03.uasset'. Unknown extension 'uasset'.
[2026.02.11-17.15.08:040][947]LogAssetTools: Warning: Failed to import 'D:\Repozytoria\UE 4.27\KZ_TopDownShooter\TopDownAC\Content\All Gun/Sounds/FoleyFlesh/Mono/FoleyFlesh_Impact04.uasset'. Unknown extension 'uasset'.
[2026.02.11-17.15.08:043][947]LogAssetTools: Warning: Failed to import 'D:\Repozytoria\UE 4.27\KZ_TopDownShooter\TopDownAC\Content\All Gun/Sounds/FoleyFlesh/Mono/FoleyFlesh_Impact05.uasset'. Unknown extension 'uasset'.
[2026.02.11-17.15.09:019][947]LogAssetTools: Warning: Failed to import 'D:\Repozytoria\UE 4.27\KZ_TopDownShooter\TopDownAC\Content\All Gun/Sounds/FoleyFlesh/Mono/FoleyFlesh_Impact06.uasset'. Unknown extension 'uasset'.
[2026.02.11-17.15.09:098][947]LogAssetTools: Warning: Failed to import 'D:\Repozytoria\UE 4.27\KZ_TopDownShooter\TopDownAC\Content\All Gun/Sounds/FoleyFlesh/Mono/FoleyFlesh_Impact07.uasset'. Unknown extension 'uasset'.
[2026.02.11-17.15.09:103][947]LogAssetTools: Warning: Failed to import 'D:\Repozytoria\UE 4.27\KZ_TopDownShooter\TopDownAC\Content\All Gun/Sounds/FoleyFlesh/Mono/FoleyFlesh_Impact08.uasset'. Unknown extension 'uasset'.
[2026.02.11-17.15.09:107][947]LogAssetTools: Warning: Failed to import 'D:\Repozytoria\UE 4.27\KZ_TopDownShooter\TopDownAC\Content\All Gun/Sounds/FoleyFlesh/Mono/FoleyFlesh_Impact_Cue.uasset'. Unknown extension 'uasset'.
[2026.02.11-17.15.09:111][947]LogAssetTools: Warning: Failed to import 'D:\Repozytoria\UE 4.27\KZ_TopDownShooter\TopDownAC\Content\All Gun/Sounds/FoleyFlesh/Stereo/Cue_CreatureDeath.uasset'. Unknown extension 'uasset'.
[2026.02.11-17.15.09:115][947]LogAssetTools: Warning: Failed to import 'D:\Repozytoria\UE 4.27\KZ_TopDownShooter\TopDownAC\Content\All Gun/Sounds/FoleyFlesh/Stereo/FoleyFlesh_Gib01_Stereo.uasset'. Unknown extension 'uasset'.
[2026.02.11-17.15.09:120][947]LogAssetTools: Warning: Failed to import 'D:\Repozytoria\UE 4.27\KZ_TopDownShooter\TopDownAC\Content\All Gun/Sounds/FoleyFlesh/Stereo/FoleyFlesh_Gib02_Stereo.uasset'. Unknown extension 'uasset'.
[2026.02.11-17.15.09:125][947]LogAssetTools: Warning: Failed to import 'D:\Repozytoria\UE 4.27\KZ_TopDownShooter\TopDownAC\Content\All Gun/Sounds/FoleyFlesh/Stereo/FoleyFlesh_Gib03_Stereo.uasset'. Unknown extension 'uasset'.
[2026.02.11-17.15.09:129][947]LogAssetTools: Warning: Failed to import 'D:\Repozytoria\UE 4.27\KZ_TopDownShooter\TopDownAC\Content\All Gun/Sounds/FoleyFlesh/Stereo/FoleyFlesh_Gib04_Stereo.uasset'. Unknown extension 'uasset'.
[2026.02.11-17.15.09:133][947]LogAssetTools: Warning: Failed to import 'D:\Repozytoria\UE 4.27\KZ_TopDownShooter\TopDownAC\Content\All Gun/Sounds/FoleyFlesh/Stereo/FoleyFlesh_Gib05_Stereo.uasset'. Unknown extension 'uasset'.
[2026.02.11-17.15.09:139][947]LogAssetTools: Warning: Failed to import 'D:\Repozytoria\UE 4.27\KZ_TopDownShooter\TopDownAC\Content\All Gun/Sounds/FoleyFlesh/Stereo/FoleyFlesh_Gib06_Stereo.uasset'. Unknown extension 'uasset'.
[2026.02.11-17.15.09:143][947]LogAssetTools: Warning: Failed to import 'D:\Repozytoria\UE 4.27\KZ_TopDownShooter\TopDownAC\Content\All Gun/Sounds/FoleyFlesh/Stereo/FoleyFlesh_Impact01_Stereo.uasset'. Unknown extension 'uasset'.
[2026.02.11-17.15.09:147][947]LogAssetTools: Warning: Failed to import 'D:\Repozytoria\UE 4.27\KZ_TopDownShooter\TopDownAC\Content\All Gun/Sounds/FoleyFlesh/Stereo/FoleyFlesh_Impact02_Stereo.uasset'. Unknown extension 'uasset'.
[2026.02.11-17.15.09:150][947]LogAssetTools: Warning: Failed to import 'D:\Repozytoria\UE 4.27\KZ_TopDownShooter\TopDownAC\Content\All Gun/Sounds/FoleyFlesh/Stereo/FoleyFlesh_Impact03_Stereo.uasset'. Unknown extension 'uasset'.
[2026.02.11-17.15.09:154][947]LogAssetTools: Warning: Failed to import 'D:\Repozytoria\UE 4.27\KZ_TopDownShooter\TopDownAC\Content\All Gun/Sounds/FoleyFlesh/Stereo/FoleyFlesh_Impact04_Stereo.uasset'. Unknown extension 'uasset'.
[2026.02.11-17.15.09:159][947]LogAssetTools: Warning: Failed to import 'D:\Repozytoria\UE 4.27\KZ_TopDownShooter\TopDownAC\Content\All Gun/Sounds/FoleyFlesh/Stereo/FoleyFlesh_Impact05_Stereo.uasset'. Unknown extension 'uasset'.
[2026.02.11-17.15.09:162][947]LogAssetTools: Warning: Failed to import 'D:\Repozytoria\UE 4.27\KZ_TopDownShooter\TopDownAC\Content\All Gun/Sounds/FoleyFlesh/Stereo/FoleyFlesh_Impact06_Stereo.uasset'. Unknown extension 'uasset'.
[2026.02.11-17.15.09:167][947]LogAssetTools: Warning: Failed to import 'D:\Repozytoria\UE 4.27\KZ_TopDownShooter\TopDownAC\Content\All Gun/Sounds/FoleyFlesh/Stereo/FoleyFlesh_Impact07_Stereo.uasset'. Unknown extension 'uasset'.
[2026.02.11-17.15.09:170][947]LogAssetTools: Warning: Failed to import 'D:\Repozytoria\UE 4.27\KZ_TopDownShooter\TopDownAC\Content\All Gun/Sounds/FoleyFlesh/Stereo/FoleyFlesh_Impact08_Stereo.uasset'. Unknown extension 'uasset'.
[2026.02.11-17.15.09:174][947]LogAssetTools: Warning: Failed to import 'D:\Repozytoria\UE 4.27\KZ_TopDownShooter\TopDownAC\Content\All Gun/Sounds/Footsteps/Mono/Footsteps_Generic_Cue.uasset'. Unknown extension 'uasset'.
[2026.02.11-17.15.09:178][947]LogAssetTools: Warning: Failed to import 'D:\Repozytoria\UE 4.27\KZ_TopDownShooter\TopDownAC\Content\All Gun/Sounds/Footsteps/Mono/Footstep_Generic01.uasset'. Unknown extension 'uasset'.
[2026.02.11-17.15.09:181][947]LogAssetTools: Warning: Failed to import 'D:\Repozytoria\UE 4.27\KZ_TopDownShooter\TopDownAC\Content\All Gun/Sounds/Footsteps/Mono/Footstep_Generic02.uasset'. Unknown extension 'uasset'.
[2026.02.11-17.15.09:185][947]LogAssetTools: Warning: Failed to import 'D:\Repozytoria\UE 4.27\KZ_TopDownShooter\TopDownAC\Content\All Gun/Sounds/Footsteps/Mono/Footstep_Generic03.uasset'. Unknown extension 'uasset'.
[2026.02.11-17.15.09:189][947]LogAssetTools: Warning: Failed to import 'D:\Repozytoria\UE 4.27\KZ_TopDownShooter\TopDownAC\Content\All Gun/Sounds/Footsteps/Mono/Footstep_Generic04.uasset'. Unknown extension 'uasset'.
[2026.02.11-17.15.09:193][947]LogAssetTools: Warning: Failed to import 'D:\Repozytoria\UE 4.27\KZ_TopDownShooter\TopDownAC\Content\All Gun/Sounds/Footsteps/Mono/Footstep_Generic05.uasset'. Unknown extension 'uasset'.
[2026.02.11-17.15.09:197][947]LogAssetTools: Warning: Failed to import 'D:\Repozytoria\UE 4.27\KZ_TopDownShooter\TopDownAC\Content\All Gun/Sounds/Footsteps/Mono/Footstep_Generic06.uasset'. Unknown extension 'uasset'.
[2026.02.11-17.15.09:201][947]LogAssetTools: Warning: Failed to import 'D:\Repozytoria\UE 4.27\KZ_TopDownShooter\TopDownAC\Content\All Gun/Sounds/Footsteps/Mono/Footstep_Generic07.uasset'. Unknown extension 'uasset'.
[2026.02.11-17.15.09:205][947]LogAssetTools: Warning: Failed to import 'D:\Repozytoria\UE 4.27\KZ_TopDownShooter\TopDownAC\Content\All Gun/Sounds/Footsteps/Mono/Footstep_Generic08.uasset'. Unknown extension 'uasset'.
[2026.02.11-17.15.09:214][947]LogAssetTools: Warning: Failed to import 'D:\Repozytoria\UE 4.27\KZ_TopDownShooter\TopDownAC\Content\All Gun/Sounds/Footsteps/Mono/Footstep_Generic09.uasset'. Unknown extension 'uasset'.
[2026.02.11-17.15.09:217][947]LogAssetTools: Warning: Failed to import 'D:\Repozytoria\UE 4.27\KZ_TopDownShooter\TopDownAC\Content\All Gun/Sounds/Footsteps/Mono/Footstep_Generic10.uasset'. Unknown extension 'uasset'.
[2026.02.11-17.15.09:221][947]LogAssetTools: Warning: Failed to import 'D:\Repozytoria\UE 4.27\KZ_TopDownShooter\TopDownAC\Content\All Gun/Sounds/Footsteps/Mono/Footstep_Generic11.uasset'. Unknown extension 'uasset'.
[2026.02.11-17.15.10:391][947]LogAssetTools: Warning: Failed to import 'D:\Repozytoria\UE 4.27\KZ_TopDownShooter\TopDownAC\Content\All Gun/Sounds/Footsteps/Mono/Footstep_Generic12.uasset'. Unknown extension 'uasset'.
[2026.02.11-17.15.10:531][947]LogAssetTools: Warning: Failed to import 'D:\Repozytoria\UE 4.27\KZ_TopDownShooter\TopDownAC\Content\All Gun/Sounds/Footsteps/Stereo/Footsteps_Generic_Stereo_Cue.uasset'. Unknown extension 'uasset'.
[2026.02.11-17.15.10:535][947]LogAssetTools: Warning: Failed to import 'D:\Repozytoria\UE 4.27\KZ_TopDownShooter\TopDownAC\Content\All Gun/Sounds/Footsteps/Stereo/Footstep_Generic01_Stereo.uasset'. Unknown extension 'uasset'.
[2026.02.11-17.15.10:539][947]LogAssetTools: Warning: Failed to import 'D:\Repozytoria\UE 4.27\KZ_TopDownShooter\TopDownAC\Content\All Gun/Sounds/Footsteps/Stereo/Footstep_Generic02_Stereo.uasset'. Unknown extension 'uasset'.
[2026.02.11-17.15.10:543][947]LogAssetTools: Warning: Failed to import 'D:\Repozytoria\UE 4.27\KZ_TopDownShooter\TopDownAC\Content\All Gun/Sounds/Footsteps/Stereo/Footstep_Generic03_Stereo.uasset'. Unknown extension 'uasset'.
[2026.02.11-17.15.10:547][947]LogAssetTools: Warning: Failed to import 'D:\Repozytoria\UE 4.27\KZ_TopDownShooter\TopDownAC\Content\All Gun/Sounds/Footsteps/Stereo/Footstep_Generic04_Stereo.uasset'. Unknown extension 'uasset'.
[2026.02.11-17.15.10:552][947]LogAssetTools: Warning: Failed to import 'D:\Repozytoria\UE 4.27\KZ_TopDownShooter\TopDownAC\Content\All Gun/Sounds/Footsteps/Stereo/Footstep_Generic05_Stereo.uasset'. Unknown extension 'uasset'.
[2026.02.11-17.15.10:555][947]LogAssetTools: Warning: Failed to import 'D:\Repozytoria\UE 4.27\KZ_TopDownShooter\TopDownAC\Content\All Gun/Sounds/Footsteps/Stereo/Footstep_Generic06_Stereo.uasset'. Unknown extension 'uasset'.
[2026.02.11-17.15.10:559][947]LogAssetTools: Warning: Failed to import 'D:\Repozytoria\UE 4.27\KZ_TopDownShooter\TopDownAC\Content\All Gun/Sounds/Footsteps/Stereo/Footstep_Generic07_Stereo.uasset'. Unknown extension 'uasset'.
[2026.02.11-17.15.10:563][947]LogAssetTools: Warning: Failed to import 'D:\Repozytoria\UE 4.27\KZ_TopDownShooter\TopDownAC\Content\All Gun/Sounds/Footsteps/Stereo/Footstep_Generic08_Stereo.uasset'. Unknown extension 'uasset'.
[2026.02.11-17.15.10:567][947]LogAssetTools: Warning: Failed to import 'D:\Repozytoria\UE 4.27\KZ_TopDownShooter\TopDownAC\Content\All Gun/Sounds/Footsteps/Stereo/Footstep_Generic09_Stereo.uasset'. Unknown extension 'uasset'.
[2026.02.11-17.15.10:571][947]LogAssetTools: Warning: Failed to import 'D:\Repozytoria\UE 4.27\KZ_TopDownShooter\TopDownAC\Content\All Gun/Sounds/Footsteps/Stereo/Footstep_Generic10_Stereo.uasset'. Unknown extension 'uasset'.
[2026.02.11-17.15.10:575][947]LogAssetTools: Warning: Failed to import 'D:\Repozytoria\UE 4.27\KZ_TopDownShooter\TopDownAC\Content\All Gun/Sounds/Footsteps/Stereo/Footstep_Generic11_Stereo.uasset'. Unknown extension 'uasset'.
[2026.02.11-17.15.10:579][947]LogAssetTools: Warning: Failed to import 'D:\Repozytoria\UE 4.27\KZ_TopDownShooter\TopDownAC\Content\All Gun/Sounds/Footsteps/Stereo/Footstep_Generic12_Stereo.uasset'. Unknown extension 'uasset'.
[2026.02.11-17.15.10:584][947]LogAssetTools: Warning: Failed to import 'D:\Repozytoria\UE 4.27\KZ_TopDownShooter\TopDownAC\Content\All Gun/Sounds/InterfaceAudio/Stereo/MenuAccept_Stereo.uasset'. Unknown extension 'uasset'.
[2026.02.11-17.15.10:587][947]LogAssetTools: Warning: Failed to import 'D:\Repozytoria\UE 4.27\KZ_TopDownShooter\TopDownAC\Content\All Gun/Sounds/InterfaceAudio/Stereo/MenuAccept_Stereo_Cue.uasset'. Unknown extension 'uasset'.
[2026.02.11-17.15.10:591][947]LogAssetTools: Warning: Failed to import 'D:\Repozytoria\UE 4.27\KZ_TopDownShooter\TopDownAC\Content\All Gun/Sounds/InterfaceAudio/Stereo/MenuBack01_Stereo.uasset'. Unknown extension 'uasset'.
[2026.02.11-17.15.11:294][947]LogAssetTools: Warning: Failed to import 'D:\Repozytoria\UE 4.27\KZ_TopDownShooter\TopDownAC\Content\All Gun/Sounds/InterfaceAudio/Stereo/MenuBack02_Stereo.uasset'. Unknown extension 'uasset'.
[2026.02.11-17.15.11:378][947]LogAssetTools: Warning: Failed to import 'D:\Repozytoria\UE 4.27\KZ_TopDownShooter\TopDownAC\Content\All Gun/Sounds/InterfaceAudio/Stereo/MenuBack03_Stereo.uasset'. Unknown extension 'uasset'.
[2026.02.11-17.15.11:383][947]LogAssetTools: Warning: Failed to import 'D:\Repozytoria\UE 4.27\KZ_TopDownShooter\TopDownAC\Content\All Gun/Sounds/InterfaceAudio/Stereo/MenuBack_Stereo_Cue.uasset'. Unknown extension 'uasset'.
[2026.02.11-17.15.11:387][947]LogAssetTools: Warning: Failed to import 'D:\Repozytoria\UE 4.27\KZ_TopDownShooter\TopDownAC\Content\All Gun/Sounds/InterfaceAudio/Stereo/MenuCursor01_Stereo.uasset'. Unknown extension 'uasset'.
[2026.02.11-17.15.11:411][947]LogAssetTools: Warning: Failed to import 'D:\Repozytoria\UE 4.27\KZ_TopDownShooter\TopDownAC\Content\All Gun/Sounds/InterfaceAudio/Stereo/MenuCursor02_Stereo.uasset'. Unknown extension 'uasset'.
[2026.02.11-17.15.11:416][947]LogAssetTools: Warning: Failed to import 'D:\Repozytoria\UE 4.27\KZ_TopDownShooter\TopDownAC\Content\All Gun/Sounds/InterfaceAudio/Stereo/MenuCursor03_Stereo.uasset'. Unknown extension 'uasset'.
[2026.02.11-17.15.11:420][947]LogAssetTools: Warning: Failed to import 'D:\Repozytoria\UE 4.27\KZ_TopDownShooter\TopDownAC\Content\All Gun/Sounds/InterfaceAudio/Stereo/MenuCursor04_Stereo.uasset'. Unknown extension 'uasset'.
[2026.02.11-17.15.11:424][947]LogAssetTools: Warning: Failed to import 'D:\Repozytoria\UE 4.27\KZ_TopDownShooter\TopDownAC\Content\All Gun/Sounds/InterfaceAudio/Stereo/MenuCursor_Sides_Stereo_Cue.uasset'. Unknown extension 'uasset'.
[2026.02.11-17.15.11:429][947]LogAssetTools: Warning: Failed to import 'D:\Repozytoria\UE 4.27\KZ_TopDownShooter\TopDownAC\Content\All Gun/Sounds/InterfaceAudio/Stereo/MenuCursor_UpDown_Stereo_Cue.uasset'. Unknown extension 'uasset'.
[2026.02.11-17.15.11:432][947]LogAssetTools: Warning: Failed to import 'D:\Repozytoria\UE 4.27\KZ_TopDownShooter\TopDownAC\Content\All Gun/Sounds/InterfaceAudio/Stereo/MenuDiscard_Stereo.uasset'. Unknown extension 'uasset'.
[2026.02.11-17.15.11:437][947]LogAssetTools: Warning: Failed to import 'D:\Repozytoria\UE 4.27\KZ_TopDownShooter\TopDownAC\Content\All Gun/Sounds/InterfaceAudio/Stereo/MenuDiscard_Stereo_Cue.uasset'. Unknown extension 'uasset'.
[2026.02.11-17.15.11:440][947]LogAssetTools: Warning: Failed to import 'D:\Repozytoria\UE 4.27\KZ_TopDownShooter\TopDownAC\Content\All Gun/Sounds/InterfaceAudio/Stereo/MenuEnter01_Stereo.uasset'. Unknown extension 'uasset'.
[2026.02.11-17.15.11:444][947]LogAssetTools: Warning: Failed to import 'D:\Repozytoria\UE 4.27\KZ_TopDownShooter\TopDownAC\Content\All Gun/Sounds/InterfaceAudio/Stereo/MenuEnter02_Stereo.uasset'. Unknown extension 'uasset'.
[2026.02.11-17.15.11:447][947]LogAssetTools: Warning: Failed to import 'D:\Repozytoria\UE 4.27\KZ_TopDownShooter\TopDownAC\Content\All Gun/Sounds/InterfaceAudio/Stereo/MenuEnter03_Stereo.uasset'. Unknown extension 'uasset'.
[2026.02.11-17.15.11:451][947]LogAssetTools: Warning: Failed to import 'D:\Repozytoria\UE 4.27\KZ_TopDownShooter\TopDownAC\Content\All Gun/Sounds/InterfaceAudio/Stereo/MenuEnter_Stereo_Cue.uasset'. Unknown extension 'uasset'.
[2026.02.11-17.15.11:455][947]LogAssetTools: Warning: Failed to import 'D:\Repozytoria\UE 4.27\KZ_TopDownShooter\TopDownAC\Content\All Gun/Sounds/InterfaceAudio/Stereo/MenuExitStereo_Cue.uasset'. Unknown extension 'uasset'.
[2026.02.11-17.15.11:459][947]LogAssetTools: Warning: Failed to import 'D:\Repozytoria\UE 4.27\KZ_TopDownShooter\TopDownAC\Content\All Gun/Sounds/InterfaceAudio/Stereo/MenuExit_Stereo.uasset'. Unknown extension 'uasset'.
[2026.02.11-17.15.11:464][947]LogAssetTools: Warning: Failed to import 'D:\Repozytoria\UE 4.27\KZ_TopDownShooter\TopDownAC\Content\All Gun/Sounds/InterfaceAudio/Stereo/MenuStart_Stereo.uasset'. Unknown extension 'uasset'.
[2026.02.11-17.15.11:468][947]LogAssetTools: Warning: Failed to import 'D:\Repozytoria\UE 4.27\KZ_TopDownShooter\TopDownAC\Content\All Gun/Sounds/InterfaceAudio/Stereo/MenuStart_Stereo_Cue.uasset'. Unknown extension 'uasset'.
[2026.02.11-17.15.11:472][947]LogAssetTools: Warning: Failed to import 'D:\Repozytoria\UE 4.27\KZ_TopDownShooter\TopDownAC\Content\All Gun/Sounds/InterfaceAudio/Stereo/UI_LowHealth_Loop_Stereo.uasset'. Unknown extension 'uasset'.
[2026.02.11-17.15.11:477][947]LogAssetTools: Warning: Failed to import 'D:\Repozytoria\UE 4.27\KZ_TopDownShooter\TopDownAC\Content\All Gun/Sounds/InterfaceAudio/Stereo/UI_LowHealth_Loop_Stereo_Cue.uasset'. Unknown extension 'uasset'.
[2026.02.11-17.15.11:480][947]LogAssetTools: Warning: Failed to import 'D:\Repozytoria\UE 4.27\KZ_TopDownShooter\TopDownAC\Content\All Gun/Sounds/InterfaceAudio/Stereo/UI_PlayerRespawn_Stereo_Cue.uasset'. Unknown extension 'uasset'.
[2026.02.11-17.15.11:485][947]LogAssetTools: Warning: Failed to import 'D:\Repozytoria\UE 4.27\KZ_TopDownShooter\TopDownAC\Content\All Gun/Sounds/Music/ShooterGame_Music.uasset'. Unknown extension 'uasset'.
[2026.02.11-17.15.11:488][947]LogAssetTools: Warning: Failed to import 'D:\Repozytoria\UE 4.27\KZ_TopDownShooter\TopDownAC\Content\All Gun/Sounds/Music/ShooterGame_Music_Cue.uasset'. Unknown extension 'uasset'.
[2026.02.11-17.15.11:493][947]LogAssetTools: Warning: Failed to import 'D:\Repozytoria\UE 4.27\KZ_TopDownShooter\TopDownAC\Content\All Gun/Sounds/Music/ShooterGame_Music_Intro.uasset'. Unknown extension 'uasset'.
[2026.02.11-17.15.11:498][947]LogAssetTools: Warning: Failed to import 'D:\Repozytoria\UE 4.27\KZ_TopDownShooter\TopDownAC\Content\All Gun/Sounds/Music/ShooterGame_Music_Intro_Cue.uasset'. Unknown extension 'uasset'.
[2026.02.11-17.15.12:473][947]LogAssetTools: Warning: Failed to import 'D:\Repozytoria\UE 4.27\KZ_TopDownShooter\TopDownAC\Content\All Gun/Sounds/Stingers/Mono/StingerPickup_Health01.uasset'. Unknown extension 'uasset'.
[2026.02.11-17.15.12:539][947]LogAssetTools: Warning: Failed to import 'D:\Repozytoria\UE 4.27\KZ_TopDownShooter\TopDownAC\Content\All Gun/Sounds/Stingers/Mono/StingerPickup_Health02.uasset'. Unknown extension 'uasset'.
[2026.02.11-17.15.12:544][947]LogAssetTools: Warning: Failed to import 'D:\Repozytoria\UE 4.27\KZ_TopDownShooter\TopDownAC\Content\All Gun/Sounds/Stingers/Mono/StingerPickup_Health_Cue.uasset'. Unknown extension 'uasset'.
[2026.02.11-17.15.12:550][947]LogAssetTools: Warning: Failed to import 'D:\Repozytoria\UE 4.27\KZ_TopDownShooter\TopDownAC\Content\All Gun/Sounds/Stingers/Mono/Stinger_PlayerDeath01.uasset'. Unknown extension 'uasset'.
[2026.02.11-17.15.12:554][947]LogAssetTools: Warning: Failed to import 'D:\Repozytoria\UE 4.27\KZ_TopDownShooter\TopDownAC\Content\All Gun/Sounds/Stingers/Stereo/StingerPickup_Health01_Stereo.uasset'. Unknown extension 'uasset'.
[2026.02.11-17.15.12:558][947]LogAssetTools: Warning: Failed to import 'D:\Repozytoria\UE 4.27\KZ_TopDownShooter\TopDownAC\Content\All Gun/Sounds/Stingers/Stereo/StingerPickup_Health02_Stereo.uasset'. Unknown extension 'uasset'.
[2026.02.11-17.15.12:563][947]LogAssetTools: Warning: Failed to import 'D:\Repozytoria\UE 4.27\KZ_TopDownShooter\TopDownAC\Content\All Gun/Sounds/Stingers/Stereo/Stinger_PlayerDeath01_Stereo.uasset'. Unknown extension 'uasset'.
[2026.02.11-17.15.12:568][947]LogAssetTools: Warning: Failed to import 'D:\Repozytoria\UE 4.27\KZ_TopDownShooter\TopDownAC\Content\All Gun/Sounds/Stingers/Stereo/Stinger_PlayerDeath02_Stereo.uasset'. Unknown extension 'uasset'.
[2026.02.11-17.15.12:572][947]LogAssetTools: Warning: Failed to import 'D:\Repozytoria\UE 4.27\KZ_TopDownShooter\TopDownAC\Content\All Gun/Sounds/Stingers/Stereo/Stinger_PlayerDeath_Stereo_Cue.uasset'. Unknown extension 'uasset'.
[2026.02.11-17.15.12:577][947]LogAssetTools: Warning: Failed to import 'D:\Repozytoria\UE 4.27\KZ_TopDownShooter\TopDownAC\Content\All Gun/Sounds/Weapon_AssaultRifle/Stereo/AssaultRifle_Equip_Stereo_Cue.uasset'. Unknown extension 'uasset'.
[2026.02.11-17.15.12:581][947]LogAssetTools: Warning: Failed to import 'D:\Repozytoria\UE 4.27\KZ_TopDownShooter\TopDownAC\Content\All Gun/Sounds/Weapon_AssaultRifle/Stereo/AssaultRifle_Reload_Stereo_Cue.uasset'. Unknown extension 'uasset'.
[2026.02.11-17.15.12:585][947]LogAssetTools: Warning: Failed to import 'D:\Repozytoria\UE 4.27\KZ_TopDownShooter\TopDownAC\Content\All Gun/Sounds/Weapon_AssaultRifle/Stereo/AssaultRifle_Shot01_Stereo.uasset'. Unknown extension 'uasset'.
[2026.02.11-17.15.12:588][947]LogAssetTools: Warning: Failed to import 'D:\Repozytoria\UE 4.27\KZ_TopDownShooter\TopDownAC\Content\All Gun/Sounds/Weapon_AssaultRifle/Stereo/AssaultRifle_Shot02_Stereo.uasset'. Unknown extension 'uasset'.
[2026.02.11-17.15.12:615][947]LogAssetTools: Warning: Failed to import 'D:\Repozytoria\UE 4.27\KZ_TopDownShooter\TopDownAC\Content\All Gun/Sounds/Weapon_AssaultRifle/Stereo/AssaultRifle_Shot03_Stereo.uasset'. Unknown extension 'uasset'.
[2026.02.11-17.15.12:620][947]LogAssetTools: Warning: Failed to import 'D:\Repozytoria\UE 4.27\KZ_TopDownShooter\TopDownAC\Content\All Gun/Sounds/Weapon_AssaultRifle/Stereo/AssaultRifle_Shot04_Stereo.uasset'. Unknown extension 'uasset'.
[2026.02.11-17.15.12:625][947]LogAssetTools: Warning: Failed to import 'D:\Repozytoria\UE 4.27\KZ_TopDownShooter\TopDownAC\Content\All Gun/Sounds/Weapon_AssaultRifle/Stereo/AssaultRifle_Shot05_Stereo.uasset'. Unknown extension 'uasset'.
[2026.02.11-17.15.12:629][947]LogAssetTools: Warning: Failed to import 'D:\Repozytoria\UE 4.27\KZ_TopDownShooter\TopDownAC\Content\All Gun/Sounds/Weapon_AssaultRifle/Stereo/AssaultRifle_Shot06_Stereo.uasset'. Unknown extension 'uasset'.
[2026.02.11-17.15.12:633][947]LogAssetTools: Warning: Failed to import 'D:\Repozytoria\UE 4.27\KZ_TopDownShooter\TopDownAC\Content\All Gun/Sounds/Weapon_AssaultRifle/Stereo/AssaultRifle_ShotEnd01_Stereo.uasset'. Unknown extension 'uasset'.
[2026.02.11-17.15.12:636][947]LogAssetTools: Warning: Failed to import 'D:\Repozytoria\UE 4.27\KZ_TopDownShooter\TopDownAC\Content\All Gun/Sounds/Weapon_AssaultRifle/Stereo/AssaultRifle_ShotEnd02_Stereo.uasset'. Unknown extension 'uasset'.
[2026.02.11-17.15.12:640][947]LogAssetTools: Warning: Failed to import 'D:\Repozytoria\UE 4.27\KZ_TopDownShooter\TopDownAC\Content\All Gun/Sounds/Weapon_AssaultRifle/Stereo/AssaultRifle_ShotEnd03_Stereo.uasset'. Unknown extension 'uasset'.
[2026.02.11-17.15.12:643][947]LogAssetTools: Warning: Failed to import 'D:\Repozytoria\UE 4.27\KZ_TopDownShooter\TopDownAC\Content\All Gun/Sounds/Weapon_AssaultRifle/Stereo/AssaultRifle_ShotEnd04_Stereo.uasset'. Unknown extension 'uasset'.
[2026.02.11-17.15.12:647][947]LogAssetTools: Warning: Failed to import 'D:\Repozytoria\UE 4.27\KZ_TopDownShooter\TopDownAC\Content\All Gun/Sounds/Weapon_AssaultRifle/Stereo/AssaultRifle_ShotEnd05_Stereo.uasset'. Unknown extension 'uasset'.
[2026.02.11-17.15.12:651][947]LogAssetTools: Warning: Failed to import 'D:\Repozytoria\UE 4.27\KZ_TopDownShooter\TopDownAC\Content\All Gun/Sounds/Weapon_AssaultRifle/Stereo/AssaultRifle_ShotEnd06_Stereo.uasset'. Unknown extension 'uasset'.
[2026.02.11-17.15.12:655][947]LogAssetTools: Warning: Failed to import 'D:\Repozytoria\UE 4.27\KZ_TopDownShooter\TopDownAC\Content\All Gun/Sounds/Weapon_AssaultRifle/Stereo/AssaultRifle_ShotLoop01_Stereo.uasset'. Unknown extension 'uasset'.
[2026.02.11-17.15.12:658][947]LogAssetTools: Warning: Failed to import 'D:\Repozytoria\UE 4.27\KZ_TopDownShooter\TopDownAC\Content\All Gun/Sounds/Weapon_AssaultRifle/Stereo/AssaultRifle_ShotLoop02_Stereo.uasset'. Unknown extension 'uasset'.
[2026.02.11-17.15.12:661][947]LogAssetTools: Warning: Failed to import 'D:\Repozytoria\UE 4.27\KZ_TopDownShooter\TopDownAC\Content\All Gun/Sounds/Weapon_AssaultRifle/Stereo/AssaultRifle_ShotLoop03_Stereo.uasset'. Unknown extension 'uasset'.
[2026.02.11-17.15.12:665][947]LogAssetTools: Warning: Failed to import 'D:\Repozytoria\UE 4.27\KZ_TopDownShooter\TopDownAC\Content\All Gun/Sounds/Weapon_AssaultRifle/Stereo/Weapon_AssaultRifle_AmmoPickup01_Stereo.uasset'. Unknown extension 'uasset'.
[2026.02.11-17.15.12:669][947]LogAssetTools: Warning: Failed to import 'D:\Repozytoria\UE 4.27\KZ_TopDownShooter\TopDownAC\Content\All Gun/Sounds/Weapon_AssaultRifle/Stereo/Weapon_AssaultRifle_AmmoPickup02_Stereo.uasset'. Unknown extension 'uasset'.
[2026.02.11-17.15.12:673][947]LogAssetTools: Warning: Failed to import 'D:\Repozytoria\UE 4.27\KZ_TopDownShooter\TopDownAC\Content\All Gun/Sounds/Weapon_AssaultRifle/Stereo/Weapon_AssaultRifle_AmmoPickup03_Stereo.uasset'. Unknown extension 'uasset'.
[2026.02.11-17.15.12:677][947]LogAssetTools: Warning: Failed to import 'D:\Repozytoria\UE 4.27\KZ_TopDownShooter\TopDownAC\Content\All Gun/Sounds/Weapon_AssaultRifle/Stereo/Weapon_AssaultRifle_Empty01_Stereo.uasset'. Unknown extension 'uasset'.
[2026.02.11-17.15.13:765][947]LogAssetTools: Warning: Failed to import 'D:\Repozytoria\UE 4.27\KZ_TopDownShooter\TopDownAC\Content\All Gun/Sounds/Weapon_AssaultRifle/Stereo/Weapon_AssaultRifle_Empty02_Stereo.uasset'. Unknown extension 'uasset'.
[2026.02.11-17.15.14:236][947]LogAssetTools: Warning: Failed to import 'D:\Repozytoria\UE 4.27\KZ_TopDownShooter\TopDownAC\Content\All Gun/Sounds/Weapon_AssaultRifle/Stereo/Weapon_AssaultRifle_Empty03_Stereo.uasset'. Unknown extension 'uasset'.
[2026.02.11-17.15.14:371][947]LogAssetTools: Warning: Failed to import 'D:\Repozytoria\UE 4.27\KZ_TopDownShooter\TopDownAC\Content\All Gun/Sounds/Weapon_AssaultRifle/Stereo/Weapon_AssaultRifle_Reload01_Stereo.uasset'. Unknown extension 'uasset'.
[2026.02.11-17.15.14:376][947]LogAssetTools: Warning: Failed to import 'D:\Repozytoria\UE 4.27\KZ_TopDownShooter\TopDownAC\Content\All Gun/Sounds/Weapon_AssaultRifle/Stereo/Weapon_AssaultRifle_Reload02_Stereo.uasset'. Unknown extension 'uasset'.
[2026.02.11-17.15.14:379][947]LogAssetTools: Warning: Failed to import 'D:\Repozytoria\UE 4.27\KZ_TopDownShooter\TopDownAC\Content\All Gun/Sounds/Weapon_AssaultRifle/Stereo/Weapon_AssaultRifle_Reload03_Stereo.uasset'. Unknown extension 'uasset'.
[2026.02.11-17.15.14:385][947]LogAssetTools: Warning: Failed to import 'D:\Repozytoria\UE 4.27\KZ_TopDownShooter\TopDownAC\Content\All Gun/Sounds/Weapon_AssaultRifle/Stereo/Weapon_AssaultRifle_Swap01_Stereo.uasset'. Unknown extension 'uasset'.
[2026.02.11-17.15.14:388][947]LogAssetTools: Warning: Failed to import 'D:\Repozytoria\UE 4.27\KZ_TopDownShooter\TopDownAC\Content\All Gun/Sounds/Weapon_AssaultRifle/Stereo/Weapon_AssaultRifle_Swap02_Stereo.uasset'. Unknown extension 'uasset'.
[2026.02.11-17.15.14:393][947]LogAssetTools: Warning: Failed to import 'D:\Repozytoria\UE 4.27\KZ_TopDownShooter\TopDownAC\Content\All Gun/Sounds/Weapon_AssaultRifle/Stereo/Weapon_AssaultRifle_Swap03_Stereo.uasset'. Unknown extension 'uasset'.
[2026.02.11-17.15.14:397][947]LogAssetTools: Warning: Failed to import 'D:\Repozytoria\UE 4.27\KZ_TopDownShooter\TopDownAC\Content\All Gun/Weapons/MaterialLayers/ML_BoltMetal.uasset'. Unknown extension 'uasset'.
[2026.02.11-17.15.14:401][947]LogAssetTools: Warning: Failed to import 'D:\Repozytoria\UE 4.27\KZ_TopDownShooter\TopDownAC\Content\All Gun/Weapons/MaterialLayers/ML_Metal_Copper.uasset'. Unknown extension 'uasset'.
[2026.02.11-17.15.14:404][947]LogAssetTools: Warning: Failed to import 'D:\Repozytoria\UE 4.27\KZ_TopDownShooter\TopDownAC\Content\All Gun/Weapons/MaterialLayers/ML_Metal_Gray.uasset'. Unknown extension 'uasset'.
[2026.02.11-17.15.14:409][947]LogAssetTools: Warning: Failed to import 'D:\Repozytoria\UE 4.27\KZ_TopDownShooter\TopDownAC\Content\All Gun/Weapons/MaterialLayers/ML_Paint.uasset'. Unknown extension 'uasset'.
[2026.02.11-17.15.14:413][947]LogAssetTools: Warning: Failed to import 'D:\Repozytoria\UE 4.27\KZ_TopDownShooter\TopDownAC\Content\All Gun/Weapons/MaterialLayers/ML_Rubber.uasset'. Unknown extension 'uasset'.
[2026.02.11-17.15.14:418][947]LogAssetTools: Warning: Failed to import 'D:\Repozytoria\UE 4.27\KZ_TopDownShooter\TopDownAC\Content\All Gun/Weapons/MaterialLayers/T_ExampleLayers_Metal02_N.uasset'. Unknown extension 'uasset'.
[2026.02.11-17.15.14:422][947]LogAssetTools: Warning: Failed to import 'D:\Repozytoria\UE 4.27\KZ_TopDownShooter\TopDownAC\Content\All Gun/Weapons/MaterialLayers/T_Metal_Metal02_D.uasset'. Unknown extension 'uasset'.
[2026.02.11-17.15.14:425][947]LogAssetTools: Warning: Failed to import 'D:\Repozytoria\UE 4.27\KZ_TopDownShooter\TopDownAC\Content\All Gun/Weapons/MaterialLayers/T_PaintedMetal01_N.uasset'. Unknown extension 'uasset'.
[2026.02.11-17.15.14:429][947]LogAssetTools: Warning: Failed to import 'D:\Repozytoria\UE 4.27\KZ_TopDownShooter\TopDownAC\Content\All Gun/Weapons/MaterialLayers/T_PaintedMetal02.uasset'. Unknown extension 'uasset'.
[2026.02.11-17.15.14:434][947]LogAssetTools: Warning: Failed to import 'D:\Repozytoria\UE 4.27\KZ_TopDownShooter\TopDownAC\Content\All Gun/Weapons/MaterialLayers/T_Rubber.uasset'. Unknown extension 'uasset'.
[2026.02.11-17.15.14:438][947]LogAssetTools: Warning: Failed to import 'D:\Repozytoria\UE 4.27\KZ_TopDownShooter\TopDownAC\Content\All Gun/Weapons/Materials/MagGun_MatA.uasset'. Unknown extension 'uasset'.
[2026.02.11-17.15.15:277][947]LogAssetTools: Warning: Failed to import 'D:\Repozytoria\UE 4.27\KZ_TopDownShooter\TopDownAC\Content\All Gun/Weapons/Materials/MagGun_MatA_Inst3.uasset'. Unknown extension 'uasset'.
[2026.02.11-17.15.15:418][947]LogAssetTools: Warning: Failed to import 'D:\Repozytoria\UE 4.27\KZ_TopDownShooter\TopDownAC\Content\All Gun/Weapons/Materials/MagGun_MatB.uasset'. Unknown extension 'uasset'.
[2026.02.11-17.15.15:423][947]LogAssetTools: Warning: Failed to import 'D:\Repozytoria\UE 4.27\KZ_TopDownShooter\TopDownAC\Content\All Gun/Weapons/Materials/MagGun_MatB_Inst2.uasset'. Unknown extension 'uasset'.
[2026.02.11-17.15.15:427][947]LogAssetTools: Warning: Failed to import 'D:\Repozytoria\UE 4.27\KZ_TopDownShooter\TopDownAC\Content\All Gun/Weapons/Materials/MagGun_MatB_Inst3.uasset'. Unknown extension 'uasset'.
[2026.02.11-17.15.15:430][947]LogAssetTools: Warning: Failed to import 'D:\Repozytoria\UE 4.27\KZ_TopDownShooter\TopDownAC\Content\All Gun/Weapons/Materials/MagGun_SightLens_Mat.uasset'. Unknown extension 'uasset'.
[2026.02.11-17.15.15:435][947]LogAssetTools: Warning: Failed to import 'D:\Repozytoria\UE 4.27\KZ_TopDownShooter\TopDownAC\Content\All Gun/Weapons/Materials/MagGun_SightLens_Mat_Inst.uasset'. Unknown extension 'uasset'.
[2026.02.11-17.15.15:439][947]LogAssetTools: Warning: Failed to import 'D:\Repozytoria\UE 4.27\KZ_TopDownShooter\TopDownAC\Content\All Gun/Weapons/Rifle.uasset'. Unknown extension 'uasset'.
[2026.02.11-17.15.15:443][947]LogAssetTools: Warning: Failed to import 'D:\Repozytoria\UE 4.27\KZ_TopDownShooter\TopDownAC\Content\All Gun/Weapons/Rifle_Skeleton.uasset'. Unknown extension 'uasset'.
[2026.02.11-17.15.15:447][947]LogAssetTools: Warning: Failed to import 'D:\Repozytoria\UE 4.27\KZ_TopDownShooter\TopDownAC\Content\All Gun/Weapons/Textures/MagGunT1_section.uasset'. Unknown extension 'uasset'.
[2026.02.11-17.15.15:450][947]LogAssetTools: Warning: Failed to import 'D:\Repozytoria\UE 4.27\KZ_TopDownShooter\TopDownAC\Content\All Gun/Weapons/Textures/MagGunT1_shade.uasset'. Unknown extension 'uasset'.
[2026.02.11-17.15.15:454][947]LogAssetTools: Warning: Failed to import 'D:\Repozytoria\UE 4.27\KZ_TopDownShooter\TopDownAC\Content\All Gun/Weapons/Textures/MagGunT2_section.uasset'. Unknown extension 'uasset'.
[2026.02.11-17.15.15:459][947]LogAssetTools: Warning: Failed to import 'D:\Repozytoria\UE 4.27\KZ_TopDownShooter\TopDownAC\Content\All Gun/Weapons/Textures/MagGunT2_shade.uasset'. Unknown extension 'uasset'.
[2026.02.11-17.15.15:462][947]LogAssetTools: Warning: Failed to import 'D:\Repozytoria\UE 4.27\KZ_TopDownShooter\TopDownAC\Content\All Gun/Weapons/Textures/MagGun_01_N.uasset'. Unknown extension 'uasset'.
[2026.02.11-17.15.15:466][947]LogAssetTools: Warning: Failed to import 'D:\Repozytoria\UE 4.27\KZ_TopDownShooter\TopDownAC\Content\All Gun/Weapons/Textures/MagGun_02_N.uasset'. Unknown extension 'uasset'.
[2026.02.11-17.15.15:469][947]LogAssetTools: Warning: Failed to import 'D:\Repozytoria\UE 4.27\KZ_TopDownShooter\TopDownAC\Content\All Gun/Weapons/Textures/MagGun_Decals.uasset'. Unknown extension 'uasset'.
[2026.02.11-17.15.15:474][947]LogAssetTools: Warning: Failed to import 'D:\Repozytoria\UE 4.27\KZ_TopDownShooter\TopDownAC\Content\All Gun/Weapons/Textures/MagGun_Display_EM.uasset'. Unknown extension 'uasset'.
[2026.02.11-17.15.15:478][947]LogAssetTools: Warning: Failed to import 'D:\Repozytoria\UE 4.27\KZ_TopDownShooter\TopDownAC\Content\All Gun/Weapons/Textures/SightLens_maskA.uasset'. Unknown extension 'uasset'.
[2026.02.11-17.15.15:482][947]LogAssetTools: Warning: Failed to import 'D:\Repozytoria\UE 4.27\KZ_TopDownShooter\TopDownAC\Content\All Gun/Weapons/Textures/SightLens_maskB.uasset'. Unknown extension 'uasset'.
[2026.02.11-17.16.03:130][596]Cmd: OBJ SAVEPACKAGE PACKAGE="/Game/Levels/Main" FILE="../../../../../Repozytoria/UE 4.27/KZ_TopDownShooter/TopDownAC/Content/Levels/Main.umap" SILENT=true AUTOSAVING=false KEEPDIRTY=false
[2026.02.11-17.16.03:140][596]LogUObjectHash: Compacting FUObjectHashTables data took   0.91ms
[2026.02.11-17.16.03:150][596]LogSavePackage: Moving '../../../../../Repozytoria/UE 4.27/KZ_TopDownShooter/TopDownAC/Saved/Main650166D14B86E737E0D955BCE877163A.tmp' to '../../../../../Repozytoria/UE 4.27/KZ_TopDownShooter/TopDownAC/Content/Levels/Main.umap'
[2026.02.11-17.16.03:177][596]AssetCheck: New page: Asset Save: Main
[2026.02.11-17.16.03:177][596]LogContentValidation: Display: Validating World /Game/Levels/Main.Main
[2026.02.11-17.16.15:969][882]LogAssetTools: Warning: Failed to import 'C:\Users\harry\Downloads\All Gun/Effects/Misc/Materials/Gameplay/Pickups/M_PickUp_Master.uasset'. Unknown extension 'uasset'.
[2026.02.11-17.16.15:978][882]LogAssetTools: Warning: Failed to import 'C:\Users\harry\Downloads\All Gun/Effects/Misc/Materials/LensFlare/M_Lensflare_01.uasset'. Unknown extension 'uasset'.
[2026.02.11-17.16.15:987][882]LogAssetTools: Warning: Failed to import 'C:\Users\harry\Downloads\All Gun/Effects/Misc/Materials/LensFlare/M_LensFlare_02.uasset'. Unknown extension 'uasset'.
[2026.02.11-17.16.15:992][882]LogAssetTools: Warning: Failed to import 'C:\Users\harry\Downloads\All Gun/Effects/Misc/Materials/Ramp/M_radial_ramp_soft.uasset'. Unknown extension 'uasset'.
[2026.02.11-17.16.15:998][882]LogAssetTools: Warning: Failed to import 'C:\Users\harry\Downloads\All Gun/Effects/Misc/Materials/Ramp/M_SoftGradient_Muzzle.uasset'. Unknown extension 'uasset'.
[2026.02.11-17.16.16:003][882]LogAssetTools: Warning: Failed to import 'C:\Users\harry\Downloads\All Gun/Effects/Misc/Materials/Smoke/M_ImpactSmoke.uasset'. Unknown extension 'uasset'.
[2026.02.11-17.16.16:008][882]LogAssetTools: Warning: Failed to import 'C:\Users\harry\Downloads\All Gun/Effects/Misc/Materials/Smoke/M_MuzzleSmokeDetail_GPU.uasset'. Unknown extension 'uasset'.
[2026.02.11-17.16.16:012][882]LogAssetTools: Warning: Failed to import 'C:\Users\harry\Downloads\All Gun/Effects/Misc/Materials/Smoke/M_SmokeBall.uasset'. Unknown extension 'uasset'.
[2026.02.11-17.16.16:015][882]LogAssetTools: Warning: Failed to import 'C:\Users\harry\Downloads\All Gun/Effects/Misc/Materials/spark/M_spark_subUV.uasset'. Unknown extension 'uasset'.
[2026.02.11-17.16.16:021][882]LogAssetTools: Warning: Failed to import 'C:\Users\harry\Downloads\All Gun/Effects/Misc/Materials/Weapon/M_MuzzleGlow.uasset'. Unknown extension 'uasset'.
[2026.02.11-17.16.16:024][882]LogAssetTools: Warning: Failed to import 'C:\Users\harry\Downloads\All Gun/Effects/Misc/Materials/Weapon/M_muzzle_flash_subUV.uasset'. Unknown extension 'uasset'.
[2026.02.11-17.16.16:029][882]LogAssetTools: Warning: Failed to import 'C:\Users\harry\Downloads\All Gun/Effects/Misc/Materials/Weapon/M_WP_Linkgun_Connection.uasset'. Unknown extension 'uasset'.
[2026.02.11-17.16.16:033][882]LogAssetTools: Warning: Failed to import 'C:\Users\harry\Downloads\All Gun/Effects/Misc/Materials/Weapon/M_WP_ShockRifle_Panning_Beam.uasset'. Unknown extension 'uasset'.
[2026.02.11-17.16.16:037][882]LogAssetTools: Warning: Failed to import 'C:\Users\harry\Downloads\All Gun/Effects/Misc/Meshes/Gameplay/Pickups/Ammo.uasset'. Unknown extension 'uasset'.
[2026.02.11-17.16.16:042][882]LogAssetTools: Warning: Failed to import 'C:\Users\harry\Downloads\All Gun/Effects/Misc/Meshes/Gameplay/Pickups/SM_Health.uasset'. Unknown extension 'uasset'.
[2026.02.11-17.16.16:047][882]LogAssetTools: Warning: Failed to import 'C:\Users\harry\Downloads\All Gun/Effects/Misc/Meshes/General/S_Sphere.uasset'. Unknown extension 'uasset'.
[2026.02.11-17.16.16:051][882]LogAssetTools: Warning: Failed to import 'C:\Users\harry\Downloads\All Gun/Effects/Misc/Meshes/Weapon/SM_MuzzleCone.uasset'. Unknown extension 'uasset'.
[2026.02.11-17.16.16:055][882]LogAssetTools: Warning: Failed to import 'C:\Users\harry\Downloads\All Gun/Effects/Misc/Textures/Energy/T_EFX_Beam_Electricity_02.uasset'. Unknown extension 'uasset'.
[2026.02.11-17.16.16:058][882]LogAssetTools: Warning: Failed to import 'C:\Users\harry\Downloads\All Gun/Effects/Misc/Textures/LensFlare/Flare_02.uasset'. Unknown extension 'uasset'.
[2026.02.11-17.16.16:063][882]LogAssetTools: Warning: Failed to import 'C:\Users\harry\Downloads\All Gun/Effects/Misc/Textures/LensFlare/T_Lensflare_01.uasset'. Unknown extension 'uasset'.
[2026.02.11-17.16.16:067][882]LogAssetTools: Warning: Failed to import 'C:\Users\harry\Downloads\All Gun/Effects/Misc/Textures/Mask/T_SquareMaskTightEdge.uasset'. Unknown extension 'uasset'.
[2026.02.11-17.16.16:073][882]LogAssetTools: Warning: Failed to import 'C:\Users\harry\Downloads\All Gun/Effects/Misc/Textures/Noise/T_TileNoise.uasset'. Unknown extension 'uasset'.
[2026.02.11-17.16.16:075][882]LogAssetTools: Warning: Failed to import 'C:\Users\harry\Downloads\All Gun/Effects/Misc/Textures/Ramp/T_FX_CameraDistort.uasset'. Unknown extension 'uasset'.
[2026.02.11-17.16.16:080][882]LogAssetTools: Warning: Failed to import 'C:\Users\harry\Downloads\All Gun/Effects/Misc/Textures/Ramp/T_FX_ColorDistort.uasset'. Unknown extension 'uasset'.
[2026.02.11-17.16.16:084][882]LogAssetTools: Warning: Failed to import 'C:\Users\harry\Downloads\All Gun/Effects/Misc/Textures/Smoke/T_Clouds_01.uasset'. Unknown extension 'uasset'.
[2026.02.11-17.16.16:088][882]LogAssetTools: Warning: Failed to import 'C:\Users\harry\Downloads\All Gun/Effects/Misc/Textures/Smoke/T_SmokeBall_01_8_8.uasset'. Unknown extension 'uasset'.
[2026.02.11-17.16.16:091][882]LogAssetTools: Warning: Failed to import 'C:\Users\harry\Downloads\All Gun/Effects/Misc/Textures/Spark/T_SparkCore_2X2.uasset'. Unknown extension 'uasset'.
[2026.02.11-17.16.16:096][882]LogAssetTools: Warning: Failed to import 'C:\Users\harry\Downloads\All Gun/Effects/Misc/Textures/Water/T_Caustics_2.uasset'. Unknown extension 'uasset'.
[2026.02.11-17.16.16:100][882]LogAssetTools: Warning: Failed to import 'C:\Users\harry\Downloads\All Gun/Effects/Misc/Textures/Water/T_Steam_02_Packed.uasset'. Unknown extension 'uasset'.
[2026.02.11-17.16.16:103][882]LogAssetTools: Warning: Failed to import 'C:\Users\harry\Downloads\All Gun/Effects/Misc/Textures/Weapon/T_muzzle_flashes.uasset'. Unknown extension 'uasset'.
[2026.02.11-17.16.16:109][882]LogAssetTools: Warning: Failed to import 'C:\Users\harry\Downloads\All Gun/Effects/Pick-ups/P_AssaultRifle_AMmo.uasset'. Unknown extension 'uasset'.
[2026.02.11-17.16.16:113][882]LogAssetTools: Warning: Failed to import 'C:\Users\harry\Downloads\All Gun/Effects/Pick-ups/P_Health.uasset'. Unknown extension 'uasset'.
[2026.02.11-17.16.16:116][882]LogAssetTools: Warning: Failed to import 'C:\Users\harry\Downloads\All Gun/Effects/Weapons/Impacts/P_AssaultRifle_IH.uasset'. Unknown extension 'uasset'.
[2026.02.11-17.16.16:121][882]LogAssetTools: Warning: Failed to import 'C:\Users\harry\Downloads\All Gun/Effects/Weapons/Impacts/P_CreatureImpact.uasset'. Unknown extension 'uasset'.
[2026.02.11-17.16.16:125][882]LogAssetTools: Warning: Failed to import 'C:\Users\harry\Downloads\All Gun/Effects/Weapons/Muzzle/P_AssaultRifle_MF.uasset'. Unknown extension 'uasset'.
[2026.02.11-17.16.16:129][882]LogAssetTools: Warning: Failed to import 'C:\Users\harry\Downloads\All Gun/Effects/Weapons/Muzzle/P_AssaultRifle_Trail.uasset'. Unknown extension 'uasset'.
[2026.02.11-17.16.16:133][882]LogAssetTools: Warning: Failed to import 'C:\Users\harry\Downloads\All Gun/Sounds/AmbientLoops/Stereo/RoomTone_AbstractBitcrushed03_Stereo.uasset'. Unknown extension 'uasset'.
[2026.02.11-17.16.16:137][882]LogAssetTools: Warning: Failed to import 'C:\Users\harry\Downloads\All Gun/Sounds/AmbientLoops/Stereo/RoomTone_AbstractBitcrushed04_Stereo.uasset'. Unknown extension 'uasset'.
[2026.02.11-17.16.16:143][882]LogAssetTools: Warning: Failed to import 'C:\Users\harry\Downloads\All Gun/Sounds/AmbientLoops/Stereo/RoomTone_AbstractBitcrushed05_Stereo.uasset'. Unknown extension 'uasset'.
[2026.02.11-17.16.16:148][882]LogAssetTools: Warning: Failed to import 'C:\Users\harry\Downloads\All Gun/Sounds/AmbientLoops/Stereo/WindAnimated_High01_Loop_Stereo.uasset'. Unknown extension 'uasset'.
[2026.02.11-17.16.16:152][882]LogAssetTools: Warning: Failed to import 'C:\Users\harry\Downloads\All Gun/Sounds/AmbientLoops/Stereo/WindAnimated_High02_Loop_Stereo.uasset'. Unknown extension 'uasset'.
[2026.02.11-17.16.16:157][882]LogAssetTools: Warning: Failed to import 'C:\Users\harry\Downloads\All Gun/Sounds/AmbientLoops/Stereo/WindAnimated_High03_Loop_Stereo.uasset'. Unknown extension 'uasset'.
[2026.02.11-17.16.16:162][882]LogAssetTools: Warning: Failed to import 'C:\Users\harry\Downloads\All Gun/Sounds/AmbientLoops/Stereo/WindAnimated_High_Stereo_Cue.uasset'. Unknown extension 'uasset'.
[2026.02.11-17.16.17:510][882]LogAssetTools: Warning: Failed to import 'C:\Users\harry\Downloads\All Gun/Sounds/AmbientLoops/Stereo/WindAnimated_Low01_Loop_Stereo.uasset'. Unknown extension 'uasset'.
[2026.02.11-17.16.17:570][882]LogAssetTools: Warning: Failed to import 'C:\Users\harry\Downloads\All Gun/Sounds/AmbientLoops/Stereo/WindAnimated_Low02_Loop_Stereo.uasset'. Unknown extension 'uasset'.
[2026.02.11-17.16.17:576][882]LogAssetTools: Warning: Failed to import 'C:\Users\harry\Downloads\All Gun/Sounds/AmbientLoops/Stereo/WindAnimated_Low03_Loop_Stereo.uasset'. Unknown extension 'uasset'.
[2026.02.11-17.16.17:580][882]LogAssetTools: Warning: Failed to import 'C:\Users\harry\Downloads\All Gun/Sounds/AmbientLoops/Stereo/WindAnimated_Low_Stereo_Cue.uasset'. Unknown extension 'uasset'.
[2026.02.11-17.16.17:584][882]LogAssetTools: Warning: Failed to import 'C:\Users\harry\Downloads\All Gun/Sounds/AmbientLoops/Stereo/WindSteady01_Loop_Stereo.uasset'. Unknown extension 'uasset'.
[2026.02.11-17.16.17:589][882]LogAssetTools: Warning: Failed to import 'C:\Users\harry\Downloads\All Gun/Sounds/AmbientLoops/Stereo/WindSteady02_Loop_Stereo.uasset'. Unknown extension 'uasset'.
[2026.02.11-17.16.17:593][882]LogAssetTools: Warning: Failed to import 'C:\Users\harry\Downloads\All Gun/Sounds/AmbientLoops/Stereo/WindSteady03_Loop_Stereo.uasset'. Unknown extension 'uasset'.
[2026.02.11-17.16.17:597][882]LogAssetTools: Warning: Failed to import 'C:\Users\harry\Downloads\All Gun/Sounds/AmbientLoops/Stereo/WindSteady04_Loop_Stereo.uasset'. Unknown extension 'uasset'.
[2026.02.11-17.16.17:600][882]LogAssetTools: Warning: Failed to import 'C:\Users\harry\Downloads\All Gun/Sounds/AmbientLoops/Stereo/WindSteady_Loop_Stereo_Cue.uasset'. Unknown extension 'uasset'.
[2026.02.11-17.16.17:604][882]LogAssetTools: Warning: Failed to import 'C:\Users\harry\Downloads\All Gun/Sounds/AmbientLoops/Stereo/Wind_Abstract01_Stereo.uasset'. Unknown extension 'uasset'.
[2026.02.11-17.16.17:607][882]LogAssetTools: Warning: Failed to import 'C:\Users\harry\Downloads\All Gun/Sounds/AmbientLoops/Stereo/Wind_Abstract02_Stereo.uasset'. Unknown extension 'uasset'.
[2026.02.11-17.16.17:612][882]LogAssetTools: Warning: Failed to import 'C:\Users\harry\Downloads\All Gun/Sounds/AmbientLoops/Stereo/Wind_Abstract03_Stereo.uasset'. Unknown extension 'uasset'.
[2026.02.11-17.16.17:615][882]LogAssetTools: Warning: Failed to import 'C:\Users\harry\Downloads\All Gun/Sounds/AmbientLoops/Stereo/Wind_Abstract04_Stereo.uasset'. Unknown extension 'uasset'.
[2026.02.11-17.16.17:619][882]LogAssetTools: Warning: Failed to import 'C:\Users\harry\Downloads\All Gun/Sounds/AmbientLoops/Stereo/Wind_Abstract05_Stereo.uasset'. Unknown extension 'uasset'.
[2026.02.11-17.16.17:623][882]LogAssetTools: Warning: Failed to import 'C:\Users\harry\Downloads\All Gun/Sounds/AmbientLoops/Stereo/Wind_AbstractAnimated_Stereo_Cue.uasset'. Unknown extension 'uasset'.
[2026.02.11-17.16.17:626][882]LogAssetTools: Warning: Failed to import 'C:\Users\harry\Downloads\All Gun/Sounds/AmbientNonLoops/Stereo/MetalCreak_Pillars01_Stereo.uasset'. Unknown extension 'uasset'.
[2026.02.11-17.16.17:630][882]LogAssetTools: Warning: Failed to import 'C:\Users\harry\Downloads\All Gun/Sounds/AmbientNonLoops/Stereo/MetalCreak_Pillars05_Stereo.uasset'. Unknown extension 'uasset'.
[2026.02.11-17.16.17:639][882]LogAssetTools: Warning: Failed to import 'C:\Users\harry\Downloads\All Gun/Sounds/AmbientNonLoops/Stereo/MetalCreak_Pillars15_Stereo.uasset'. Unknown extension 'uasset'.
[2026.02.11-17.16.17:642][882]LogAssetTools: Warning: Failed to import 'C:\Users\harry\Downloads\All Gun/Sounds/FoleyBodyMoves/Mono/FoleyBody_Aim_Cue.uasset'. Unknown extension 'uasset'.
[2026.02.11-17.16.17:646][882]LogAssetTools: Warning: Failed to import 'C:\Users\harry\Downloads\All Gun/Sounds/FoleyBodyMoves/Mono/FoleyBody_BodyMove01.uasset'. Unknown extension 'uasset'.
[2026.02.11-17.16.17:649][882]LogAssetTools: Warning: Failed to import 'C:\Users\harry\Downloads\All Gun/Sounds/FoleyBodyMoves/Mono/FoleyBody_BodyMove02.uasset'. Unknown extension 'uasset'.
[2026.02.11-17.16.17:653][882]LogAssetTools: Warning: Failed to import 'C:\Users\harry\Downloads\All Gun/Sounds/FoleyBodyMoves/Mono/FoleyBody_BodyMove03.uasset'. Unknown extension 'uasset'.
[2026.02.11-17.16.17:658][882]LogAssetTools: Warning: Failed to import 'C:\Users\harry\Downloads\All Gun/Sounds/FoleyBodyMoves/Mono/FoleyBody_BodyMove04.uasset'. Unknown extension 'uasset'.
[2026.02.11-17.16.17:662][882]LogAssetTools: Warning: Failed to import 'C:\Users\harry\Downloads\All Gun/Sounds/FoleyBodyMoves/Mono/FoleyBody_BodyMove_Cue.uasset'. Unknown extension 'uasset'.
[2026.02.11-17.16.17:665][882]LogAssetTools: Warning: Failed to import 'C:\Users\harry\Downloads\All Gun/Sounds/FoleyBodyMoves/Mono/FoleyBody_Fall01.uasset'. Unknown extension 'uasset'.
[2026.02.11-17.16.17:669][882]LogAssetTools: Warning: Failed to import 'C:\Users\harry\Downloads\All Gun/Sounds/FoleyBodyMoves/Mono/FoleyBody_Fall02.uasset'. Unknown extension 'uasset'.
[2026.02.11-17.16.17:672][882]LogAssetTools: Warning: Failed to import 'C:\Users\harry\Downloads\All Gun/Sounds/FoleyBodyMoves/Mono/FoleyBody_Fall03.uasset'. Unknown extension 'uasset'.
[2026.02.11-17.16.17:675][882]LogAssetTools: Warning: Failed to import 'C:\Users\harry\Downloads\All Gun/Sounds/FoleyBodyMoves/Mono/FoleyBody_Fall04.uasset'. Unknown extension 'uasset'.
[2026.02.11-17.16.17:680][882]LogAssetTools: Warning: Failed to import 'C:\Users\harry\Downloads\All Gun/Sounds/FoleyBodyMoves/Mono/FoleyBody_Fall_Cue.uasset'. Unknown extension 'uasset'.
[2026.02.11-17.16.17:684][882]LogAssetTools: Warning: Failed to import 'C:\Users\harry\Downloads\All Gun/Sounds/FoleyBodyMoves/Mono/FoleyBody_HandSwipe01.uasset'. Unknown extension 'uasset'.
[2026.02.11-17.16.17:687][882]LogAssetTools: Warning: Failed to import 'C:\Users\harry\Downloads\All Gun/Sounds/FoleyBodyMoves/Mono/FoleyBody_HandSwipe02.uasset'. Unknown extension 'uasset'.
[2026.02.11-17.16.17:690][882]LogAssetTools: Warning: Failed to import 'C:\Users\harry\Downloads\All Gun/Sounds/FoleyBodyMoves/Mono/FoleyBody_HandSwipe03.uasset'. Unknown extension 'uasset'.
[2026.02.11-17.16.17:694][882]LogAssetTools: Warning: Failed to import 'C:\Users\harry\Downloads\All Gun/Sounds/FoleyBodyMoves/Mono/FoleyBody_HandSwipe04.uasset'. Unknown extension 'uasset'.
[2026.02.11-17.16.17:697][882]LogAssetTools: Warning: Failed to import 'C:\Users\harry\Downloads\All Gun/Sounds/FoleyBodyMoves/Mono/FoleyBody_HandSwipe_Cue.uasset'. Unknown extension 'uasset'.
[2026.02.11-17.16.17:701][882]LogAssetTools: Warning: Failed to import 'C:\Users\harry\Downloads\All Gun/Sounds/FoleyBodyMoves/Mono/FoleyBody_Land02.uasset'. Unknown extension 'uasset'.
[2026.02.11-17.16.17:705][882]LogAssetTools: Warning: Failed to import 'C:\Users\harry\Downloads\All Gun/Sounds/FoleyBodyMoves/Mono/FoleyBody_Land03.uasset'. Unknown extension 'uasset'.
[2026.02.11-17.16.17:708][882]LogAssetTools: Warning: Failed to import 'C:\Users\harry\Downloads\All Gun/Sounds/FoleyBodyMoves/Mono/FoleyBody_Land04.uasset'. Unknown extension 'uasset'.
[2026.02.11-17.16.17:712][882]LogAssetTools: Warning: Failed to import 'C:\Users\harry\Downloads\All Gun/Sounds/FoleyBodyMoves/Mono/FoleyBody_Land05.uasset'. Unknown extension 'uasset'.
[2026.02.11-17.16.18:906][882]LogAssetTools: Warning: Failed to import 'C:\Users\harry\Downloads\All Gun/Sounds/FoleyBodyMoves/Mono/FoleyBody_Land_Cue.uasset'. Unknown extension 'uasset'.
[2026.02.11-17.16.18:973][882]LogAssetTools: Warning: Failed to import 'C:\Users\harry\Downloads\All Gun/Sounds/FoleyBodyMoves/Mono/Run01_Loop.uasset'. Unknown extension 'uasset'.
[2026.02.11-17.16.18:978][882]LogAssetTools: Warning: Failed to import 'C:\Users\harry\Downloads\All Gun/Sounds/FoleyBodyMoves/Mono/Run02_Loop.uasset'. Unknown extension 'uasset'.
[2026.02.11-17.16.18:982][882]LogAssetTools: Warning: Failed to import 'C:\Users\harry\Downloads\All Gun/Sounds/FoleyBodyMoves/Mono/Run03_Loop.uasset'. Unknown extension 'uasset'.
[2026.02.11-17.16.18:985][882]LogAssetTools: Warning: Failed to import 'C:\Users\harry\Downloads\All Gun/Sounds/FoleyBodyMoves/Mono/Run04_Loop.uasset'. Unknown extension 'uasset'.
[2026.02.11-17.16.18:990][882]LogAssetTools: Warning: Failed to import 'C:\Users\harry\Downloads\All Gun/Sounds/FoleyBodyMoves/Mono/Run05_Loop.uasset'. Unknown extension 'uasset'.
[2026.02.11-17.16.18:994][882]LogAssetTools: Warning: Failed to import 'C:\Users\harry\Downloads\All Gun/Sounds/FoleyBodyMoves/Mono/RunStop01.uasset'. Unknown extension 'uasset'.
[2026.02.11-17.16.18:998][882]LogAssetTools: Warning: Failed to import 'C:\Users\harry\Downloads\All Gun/Sounds/FoleyBodyMoves/Mono/RunStop02.uasset'. Unknown extension 'uasset'.
[2026.02.11-17.16.19:002][882]LogAssetTools: Warning: Failed to import 'C:\Users\harry\Downloads\All Gun/Sounds/FoleyBodyMoves/Mono/RunStop03.uasset'. Unknown extension 'uasset'.
[2026.02.11-17.16.19:005][882]LogAssetTools: Warning: Failed to import 'C:\Users\harry\Downloads\All Gun/Sounds/FoleyBodyMoves/Mono/RunStop_Cue.uasset'. Unknown extension 'uasset'.
[2026.02.11-17.16.19:009][882]LogAssetTools: Warning: Failed to import 'C:\Users\harry\Downloads\All Gun/Sounds/FoleyBodyMoves/Mono/Run_Loop_Cue.uasset'. Unknown extension 'uasset'.
[2026.02.11-17.16.19:013][882]LogAssetTools: Warning: Failed to import 'C:\Users\harry\Downloads\All Gun/Sounds/FoleyBodyMoves/Stereo/FoleyBody_BodyMove01_Stereo.uasset'. Unknown extension 'uasset'.
[2026.02.11-17.16.19:017][882]LogAssetTools: Warning: Failed to import 'C:\Users\harry\Downloads\All Gun/Sounds/FoleyBodyMoves/Stereo/FoleyBody_BodyMove02_Stereo.uasset'. Unknown extension 'uasset'.
[2026.02.11-17.16.19:021][882]LogAssetTools: Warning: Failed to import 'C:\Users\harry\Downloads\All Gun/Sounds/FoleyBodyMoves/Stereo/FoleyBody_BodyMove03_Stereo.uasset'. Unknown extension 'uasset'.
[2026.02.11-17.16.19:025][882]LogAssetTools: Warning: Failed to import 'C:\Users\harry\Downloads\All Gun/Sounds/FoleyBodyMoves/Stereo/FoleyBody_BodyMove04_Stereo.uasset'. Unknown extension 'uasset'.
[2026.02.11-17.16.19:029][882]LogAssetTools: Warning: Failed to import 'C:\Users\harry\Downloads\All Gun/Sounds/FoleyBodyMoves/Stereo/FoleyBody_BodyMove_Stereo_Cue.uasset'. Unknown extension 'uasset'.
[2026.02.11-17.16.19:032][882]LogAssetTools: Warning: Failed to import 'C:\Users\harry\Downloads\All Gun/Sounds/FoleyBodyMoves/Stereo/FoleyBody_HandSwipe01_Stereo.uasset'. Unknown extension 'uasset'.
[2026.02.11-17.16.19:036][882]LogAssetTools: Warning: Failed to import 'C:\Users\harry\Downloads\All Gun/Sounds/FoleyBodyMoves/Stereo/FoleyBody_HandSwipe02_Stereo.uasset'. Unknown extension 'uasset'.
[2026.02.11-17.16.19:040][882]LogAssetTools: Warning: Failed to import 'C:\Users\harry\Downloads\All Gun/Sounds/FoleyBodyMoves/Stereo/FoleyBody_HandSwipe03_Stereo.uasset'. Unknown extension 'uasset'.
[2026.02.11-17.16.19:044][882]LogAssetTools: Warning: Failed to import 'C:\Users\harry\Downloads\All Gun/Sounds/FoleyBodyMoves/Stereo/FoleyBody_HandSwipe04_Stereo.uasset'. Unknown extension 'uasset'.
[2026.02.11-17.16.19:049][882]LogAssetTools: Warning: Failed to import 'C:\Users\harry\Downloads\All Gun/Sounds/FoleyBodyMoves/Stereo/FoleyBody_HandSwipe_Stereo_Cue.uasset'. Unknown extension 'uasset'.
[2026.02.11-17.16.19:052][882]LogAssetTools: Warning: Failed to import 'C:\Users\harry\Downloads\All Gun/Sounds/FoleyBodyMoves/Stereo/FoleyBody_Land01_Stereo.uasset'. Unknown extension 'uasset'.
[2026.02.11-17.16.19:056][882]LogAssetTools: Warning: Failed to import 'C:\Users\harry\Downloads\All Gun/Sounds/FoleyBodyMoves/Stereo/FoleyBody_Land02_Stereo.uasset'. Unknown extension 'uasset'.
[2026.02.11-17.16.19:060][882]LogAssetTools: Warning: Failed to import 'C:\Users\harry\Downloads\All Gun/Sounds/FoleyBodyMoves/Stereo/FoleyBody_Land03_Stereo.uasset'. Unknown extension 'uasset'.
[2026.02.11-17.16.19:063][882]LogAssetTools: Warning: Failed to import 'C:\Users\harry\Downloads\All Gun/Sounds/FoleyBodyMoves/Stereo/FoleyBody_Land04_Stereo.uasset'. Unknown extension 'uasset'.
[2026.02.11-17.16.19:067][882]LogAssetTools: Warning: Failed to import 'C:\Users\harry\Downloads\All Gun/Sounds/FoleyBodyMoves/Stereo/FoleyBody_Land05_Stereo.uasset'. Unknown extension 'uasset'.
[2026.02.11-17.16.19:072][882]LogAssetTools: Warning: Failed to import 'C:\Users\harry\Downloads\All Gun/Sounds/FoleyBodyMoves/Stereo/FoleyBody_Land_Stereo_Cue.uasset'. Unknown extension 'uasset'.
[2026.02.11-17.16.19:075][882]LogAssetTools: Warning: Failed to import 'C:\Users\harry\Downloads\All Gun/Sounds/FoleyFlesh/Mono/FoleyFlesh_Gib01.uasset'. Unknown extension 'uasset'.
[2026.02.11-17.16.19:079][882]LogAssetTools: Warning: Failed to import 'C:\Users\harry\Downloads\All Gun/Sounds/FoleyFlesh/Mono/FoleyFlesh_Gib02.uasset'. Unknown extension 'uasset'.
[2026.02.11-17.16.19:083][882]LogAssetTools: Warning: Failed to import 'C:\Users\harry\Downloads\All Gun/Sounds/FoleyFlesh/Mono/FoleyFlesh_Gib03.uasset'. Unknown extension 'uasset'.
[2026.02.11-17.16.19:086][882]LogAssetTools: Warning: Failed to import 'C:\Users\harry\Downloads\All Gun/Sounds/FoleyFlesh/Mono/FoleyFlesh_Gib04.uasset'. Unknown extension 'uasset'.
[2026.02.11-17.16.19:090][882]LogAssetTools: Warning: Failed to import 'C:\Users\harry\Downloads\All Gun/Sounds/FoleyFlesh/Mono/FoleyFlesh_Gib05.uasset'. Unknown extension 'uasset'.
[2026.02.11-17.16.19:094][882]LogAssetTools: Warning: Failed to import 'C:\Users\harry\Downloads\All Gun/Sounds/FoleyFlesh/Mono/FoleyFlesh_Gib06.uasset'. Unknown extension 'uasset'.
[2026.02.11-17.16.19:098][882]LogAssetTools: Warning: Failed to import 'C:\Users\harry\Downloads\All Gun/Sounds/FoleyFlesh/Mono/FoleyFlesh_Gib_Cue.uasset'. Unknown extension 'uasset'.
[2026.02.11-17.16.19:102][882]LogAssetTools: Warning: Failed to import 'C:\Users\harry\Downloads\All Gun/Sounds/FoleyFlesh/Mono/FoleyFlesh_Impact02.uasset'. Unknown extension 'uasset'.
[2026.02.11-17.16.19:105][882]LogAssetTools: Warning: Failed to import 'C:\Users\harry\Downloads\All Gun/Sounds/FoleyFlesh/Mono/FoleyFlesh_Impact03.uasset'. Unknown extension 'uasset'.
[2026.02.11-17.16.19:109][882]LogAssetTools: Warning: Failed to import 'C:\Users\harry\Downloads\All Gun/Sounds/FoleyFlesh/Mono/FoleyFlesh_Impact04.uasset'. Unknown extension 'uasset'.
[2026.02.11-17.16.20:339][882]LogAssetTools: Warning: Failed to import 'C:\Users\harry\Downloads\All Gun/Sounds/FoleyFlesh/Mono/FoleyFlesh_Impact05.uasset'. Unknown extension 'uasset'.
[2026.02.11-17.16.20:416][882]LogAssetTools: Warning: Failed to import 'C:\Users\harry\Downloads\All Gun/Sounds/FoleyFlesh/Mono/FoleyFlesh_Impact06.uasset'. Unknown extension 'uasset'.
[2026.02.11-17.16.20:421][882]LogAssetTools: Warning: Failed to import 'C:\Users\harry\Downloads\All Gun/Sounds/FoleyFlesh/Mono/FoleyFlesh_Impact07.uasset'. Unknown extension 'uasset'.
[2026.02.11-17.16.20:425][882]LogAssetTools: Warning: Failed to import 'C:\Users\harry\Downloads\All Gun/Sounds/FoleyFlesh/Mono/FoleyFlesh_Impact08.uasset'. Unknown extension 'uasset'.
[2026.02.11-17.16.20:430][882]LogAssetTools: Warning: Failed to import 'C:\Users\harry\Downloads\All Gun/Sounds/FoleyFlesh/Mono/FoleyFlesh_Impact_Cue.uasset'. Unknown extension 'uasset'.
[2026.02.11-17.16.20:435][882]LogAssetTools: Warning: Failed to import 'C:\Users\harry\Downloads\All Gun/Sounds/FoleyFlesh/Stereo/Cue_CreatureDeath.uasset'. Unknown extension 'uasset'.
[2026.02.11-17.16.20:439][882]LogAssetTools: Warning: Failed to import 'C:\Users\harry\Downloads\All Gun/Sounds/FoleyFlesh/Stereo/FoleyFlesh_Gib01_Stereo.uasset'. Unknown extension 'uasset'.
[2026.02.11-17.16.20:443][882]LogAssetTools: Warning: Failed to import 'C:\Users\harry\Downloads\All Gun/Sounds/FoleyFlesh/Stereo/FoleyFlesh_Gib02_Stereo.uasset'. Unknown extension 'uasset'.
[2026.02.11-17.16.20:447][882]LogAssetTools: Warning: Failed to import 'C:\Users\harry\Downloads\All Gun/Sounds/FoleyFlesh/Stereo/FoleyFlesh_Gib03_Stereo.uasset'. Unknown extension 'uasset'.
[2026.02.11-17.16.20:452][882]LogAssetTools: Warning: Failed to import 'C:\Users\harry\Downloads\All Gun/Sounds/FoleyFlesh/Stereo/FoleyFlesh_Gib04_Stereo.uasset'. Unknown extension 'uasset'.
[2026.02.11-17.16.20:458][882]LogAssetTools: Warning: Failed to import 'C:\Users\harry\Downloads\All Gun/Sounds/FoleyFlesh/Stereo/FoleyFlesh_Gib05_Stereo.uasset'. Unknown extension 'uasset'.
[2026.02.11-17.16.20:462][882]LogAssetTools: Warning: Failed to import 'C:\Users\harry\Downloads\All Gun/Sounds/FoleyFlesh/Stereo/FoleyFlesh_Gib06_Stereo.uasset'. Unknown extension 'uasset'.
[2026.02.11-17.16.20:466][882]LogAssetTools: Warning: Failed to import 'C:\Users\harry\Downloads\All Gun/Sounds/FoleyFlesh/Stereo/FoleyFlesh_Impact01_Stereo.uasset'. Unknown extension 'uasset'.
[2026.02.11-17.16.20:471][882]LogAssetTools: Warning: Failed to import 'C:\Users\harry\Downloads\All Gun/Sounds/FoleyFlesh/Stereo/FoleyFlesh_Impact02_Stereo.uasset'. Unknown extension 'uasset'.
[2026.02.11-17.16.20:475][882]LogAssetTools: Warning: Failed to import 'C:\Users\harry\Downloads\All Gun/Sounds/FoleyFlesh/Stereo/FoleyFlesh_Impact03_Stereo.uasset'. Unknown extension 'uasset'.
[2026.02.11-17.16.20:479][882]LogAssetTools: Warning: Failed to import 'C:\Users\harry\Downloads\All Gun/Sounds/FoleyFlesh/Stereo/FoleyFlesh_Impact04_Stereo.uasset'. Unknown extension 'uasset'.
[2026.02.11-17.16.20:484][882]LogAssetTools: Warning: Failed to import 'C:\Users\harry\Downloads\All Gun/Sounds/FoleyFlesh/Stereo/FoleyFlesh_Impact05_Stereo.uasset'. Unknown extension 'uasset'.
[2026.02.11-17.16.20:488][882]LogAssetTools: Warning: Failed to import 'C:\Users\harry\Downloads\All Gun/Sounds/FoleyFlesh/Stereo/FoleyFlesh_Impact06_Stereo.uasset'. Unknown extension 'uasset'.
[2026.02.11-17.16.20:492][882]LogAssetTools: Warning: Failed to import 'C:\Users\harry\Downloads\All Gun/Sounds/FoleyFlesh/Stereo/FoleyFlesh_Impact07_Stereo.uasset'. Unknown extension 'uasset'.
[2026.02.11-17.16.20:496][882]LogAssetTools: Warning: Failed to import 'C:\Users\harry\Downloads\All Gun/Sounds/FoleyFlesh/Stereo/FoleyFlesh_Impact08_Stereo.uasset'. Unknown extension 'uasset'.
[2026.02.11-17.16.20:500][882]LogAssetTools: Warning: Failed to import 'C:\Users\harry\Downloads\All Gun/Sounds/Footsteps/Mono/Footsteps_Generic_Cue.uasset'. Unknown extension 'uasset'.
[2026.02.11-17.16.20:504][882]LogAssetTools: Warning: Failed to import 'C:\Users\harry\Downloads\All Gun/Sounds/Footsteps/Mono/Footstep_Generic01.uasset'. Unknown extension 'uasset'.
[2026.02.11-17.16.20:509][882]LogAssetTools: Warning: Failed to import 'C:\Users\harry\Downloads\All Gun/Sounds/Footsteps/Mono/Footstep_Generic02.uasset'. Unknown extension 'uasset'.
[2026.02.11-17.16.20:512][882]LogAssetTools: Warning: Failed to import 'C:\Users\harry\Downloads\All Gun/Sounds/Footsteps/Mono/Footstep_Generic03.uasset'. Unknown extension 'uasset'.
[2026.02.11-17.16.20:516][882]LogAssetTools: Warning: Failed to import 'C:\Users\harry\Downloads\All Gun/Sounds/Footsteps/Mono/Footstep_Generic04.uasset'. Unknown extension 'uasset'.
[2026.02.11-17.16.20:521][882]LogAssetTools: Warning: Failed to import 'C:\Users\harry\Downloads\All Gun/Sounds/Footsteps/Mono/Footstep_Generic05.uasset'. Unknown extension 'uasset'.
[2026.02.11-17.16.20:524][882]LogAssetTools: Warning: Failed to import 'C:\Users\harry\Downloads\All Gun/Sounds/Footsteps/Mono/Footstep_Generic06.uasset'. Unknown extension 'uasset'.
[2026.02.11-17.16.20:529][882]LogAssetTools: Warning: Failed to import 'C:\Users\harry\Downloads\All Gun/Sounds/Footsteps/Mono/Footstep_Generic07.uasset'. Unknown extension 'uasset'.
[2026.02.11-17.16.20:533][882]LogAssetTools: Warning: Failed to import 'C:\Users\harry\Downloads\All Gun/Sounds/Footsteps/Mono/Footstep_Generic08.uasset'. Unknown extension 'uasset'.
[2026.02.11-17.16.20:537][882]LogAssetTools: Warning: Failed to import 'C:\Users\harry\Downloads\All Gun/Sounds/Footsteps/Mono/Footstep_Generic09.uasset'. Unknown extension 'uasset'.
[2026.02.11-17.16.20:540][882]LogAssetTools: Warning: Failed to import 'C:\Users\harry\Downloads\All Gun/Sounds/Footsteps/Mono/Footstep_Generic10.uasset'. Unknown extension 'uasset'.
[2026.02.11-17.16.21:712][882]LogAssetTools: Warning: Failed to import 'C:\Users\harry\Downloads\All Gun/Sounds/Footsteps/Mono/Footstep_Generic11.uasset'. Unknown extension 'uasset'.
[2026.02.11-17.16.21:858][882]LogAssetTools: Warning: Failed to import 'C:\Users\harry\Downloads\All Gun/Sounds/Footsteps/Mono/Footstep_Generic12.uasset'. Unknown extension 'uasset'.
[2026.02.11-17.16.21:862][882]LogAssetTools: Warning: Failed to import 'C:\Users\harry\Downloads\All Gun/Sounds/Footsteps/Stereo/Footsteps_Generic_Stereo_Cue.uasset'. Unknown extension 'uasset'.
[2026.02.11-17.16.21:867][882]LogAssetTools: Warning: Failed to import 'C:\Users\harry\Downloads\All Gun/Sounds/Footsteps/Stereo/Footstep_Generic01_Stereo.uasset'. Unknown extension 'uasset'.
[2026.02.11-17.16.21:871][882]LogAssetTools: Warning: Failed to import 'C:\Users\harry\Downloads\All Gun/Sounds/Footsteps/Stereo/Footstep_Generic02_Stereo.uasset'. Unknown extension 'uasset'.
[2026.02.11-17.16.21:875][882]LogAssetTools: Warning: Failed to import 'C:\Users\harry\Downloads\All Gun/Sounds/Footsteps/Stereo/Footstep_Generic03_Stereo.uasset'. Unknown extension 'uasset'.
[2026.02.11-17.16.21:879][882]LogAssetTools: Warning: Failed to import 'C:\Users\harry\Downloads\All Gun/Sounds/Footsteps/Stereo/Footstep_Generic04_Stereo.uasset'. Unknown extension 'uasset'.
[2026.02.11-17.16.21:885][882]LogAssetTools: Warning: Failed to import 'C:\Users\harry\Downloads\All Gun/Sounds/Footsteps/Stereo/Footstep_Generic05_Stereo.uasset'. Unknown extension 'uasset'.
[2026.02.11-17.16.21:899][882]LogAssetTools: Warning: Failed to import 'C:\Users\harry\Downloads\All Gun/Sounds/Footsteps/Stereo/Footstep_Generic06_Stereo.uasset'. Unknown extension 'uasset'.
[2026.02.11-17.16.21:904][882]LogAssetTools: Warning: Failed to import 'C:\Users\harry\Downloads\All Gun/Sounds/Footsteps/Stereo/Footstep_Generic07_Stereo.uasset'. Unknown extension 'uasset'.
[2026.02.11-17.16.21:908][882]LogAssetTools: Warning: Failed to import 'C:\Users\harry\Downloads\All Gun/Sounds/Footsteps/Stereo/Footstep_Generic08_Stereo.uasset'. Unknown extension 'uasset'.
[2026.02.11-17.16.21:912][882]LogAssetTools: Warning: Failed to import 'C:\Users\harry\Downloads\All Gun/Sounds/Footsteps/Stereo/Footstep_Generic09_Stereo.uasset'. Unknown extension 'uasset'.
[2026.02.11-17.16.21:915][882]LogAssetTools: Warning: Failed to import 'C:\Users\harry\Downloads\All Gun/Sounds/Footsteps/Stereo/Footstep_Generic10_Stereo.uasset'. Unknown extension 'uasset'.
[2026.02.11-17.16.22:530][882]LogAssetTools: Warning: Failed to import 'C:\Users\harry\Downloads\All Gun/Sounds/Footsteps/Stereo/Footstep_Generic11_Stereo.uasset'. Unknown extension 'uasset'.
[2026.02.11-17.16.22:603][882]LogAssetTools: Warning: Failed to import 'C:\Users\harry\Downloads\All Gun/Sounds/Footsteps/Stereo/Footstep_Generic12_Stereo.uasset'. Unknown extension 'uasset'.
[2026.02.11-17.16.22:609][882]LogAssetTools: Warning: Failed to import 'C:\Users\harry\Downloads\All Gun/Sounds/InterfaceAudio/Stereo/MenuAccept_Stereo.uasset'. Unknown extension 'uasset'.
[2026.02.11-17.16.22:612][882]LogAssetTools: Warning: Failed to import 'C:\Users\harry\Downloads\All Gun/Sounds/InterfaceAudio/Stereo/MenuAccept_Stereo_Cue.uasset'. Unknown extension 'uasset'.
[2026.02.11-17.16.22:617][882]LogAssetTools: Warning: Failed to import 'C:\Users\harry\Downloads\All Gun/Sounds/InterfaceAudio/Stereo/MenuBack01_Stereo.uasset'. Unknown extension 'uasset'.
[2026.02.11-17.16.22:620][882]LogAssetTools: Warning: Failed to import 'C:\Users\harry\Downloads\All Gun/Sounds/InterfaceAudio/Stereo/MenuBack02_Stereo.uasset'. Unknown extension 'uasset'.
[2026.02.11-17.16.22:625][882]LogAssetTools: Warning: Failed to import 'C:\Users\harry\Downloads\All Gun/Sounds/InterfaceAudio/Stereo/MenuBack03_Stereo.uasset'. Unknown extension 'uasset'.
[2026.02.11-17.16.22:628][882]LogAssetTools: Warning: Failed to import 'C:\Users\harry\Downloads\All Gun/Sounds/InterfaceAudio/Stereo/MenuBack_Stereo_Cue.uasset'. Unknown extension 'uasset'.
[2026.02.11-17.16.22:633][882]LogAssetTools: Warning: Failed to import 'C:\Users\harry\Downloads\All Gun/Sounds/InterfaceAudio/Stereo/MenuCursor01_Stereo.uasset'. Unknown extension 'uasset'.
[2026.02.11-17.16.22:636][882]LogAssetTools: Warning: Failed to import 'C:\Users\harry\Downloads\All Gun/Sounds/InterfaceAudio/Stereo/MenuCursor02_Stereo.uasset'. Unknown extension 'uasset'.
[2026.02.11-17.16.22:640][882]LogAssetTools: Warning: Failed to import 'C:\Users\harry\Downloads\All Gun/Sounds/InterfaceAudio/Stereo/MenuCursor03_Stereo.uasset'. Unknown extension 'uasset'.
[2026.02.11-17.16.22:645][882]LogAssetTools: Warning: Failed to import 'C:\Users\harry\Downloads\All Gun/Sounds/InterfaceAudio/Stereo/MenuCursor04_Stereo.uasset'. Unknown extension 'uasset'.
[2026.02.11-17.16.22:649][882]LogAssetTools: Warning: Failed to import 'C:\Users\harry\Downloads\All Gun/Sounds/InterfaceAudio/Stereo/MenuCursor_Sides_Stereo_Cue.uasset'. Unknown extension 'uasset'.
[2026.02.11-17.16.22:653][882]LogAssetTools: Warning: Failed to import 'C:\Users\harry\Downloads\All Gun/Sounds/InterfaceAudio/Stereo/MenuCursor_UpDown_Stereo_Cue.uasset'. Unknown extension 'uasset'.
[2026.02.11-17.16.22:657][882]LogAssetTools: Warning: Failed to import 'C:\Users\harry\Downloads\All Gun/Sounds/InterfaceAudio/Stereo/MenuDiscard_Stereo.uasset'. Unknown extension 'uasset'.
[2026.02.11-17.16.22:661][882]LogAssetTools: Warning: Failed to import 'C:\Users\harry\Downloads\All Gun/Sounds/InterfaceAudio/Stereo/MenuDiscard_Stereo_Cue.uasset'. Unknown extension 'uasset'.
[2026.02.11-17.16.22:664][882]LogAssetTools: Warning: Failed to import 'C:\Users\harry\Downloads\All Gun/Sounds/InterfaceAudio/Stereo/MenuEnter01_Stereo.uasset'. Unknown extension 'uasset'.
[2026.02.11-17.16.22:669][882]LogAssetTools: Warning: Failed to import 'C:\Users\harry\Downloads\All Gun/Sounds/InterfaceAudio/Stereo/MenuEnter02_Stereo.uasset'. Unknown extension 'uasset'.
[2026.02.11-17.16.22:673][882]LogAssetTools: Warning: Failed to import 'C:\Users\harry\Downloads\All Gun/Sounds/InterfaceAudio/Stereo/MenuEnter03_Stereo.uasset'. Unknown extension 'uasset'.
[2026.02.11-17.16.22:676][882]LogAssetTools: Warning: Failed to import 'C:\Users\harry\Downloads\All Gun/Sounds/InterfaceAudio/Stereo/MenuEnter_Stereo_Cue.uasset'. Unknown extension 'uasset'.
[2026.02.11-17.16.22:681][882]LogAssetTools: Warning: Failed to import 'C:\Users\harry\Downloads\All Gun/Sounds/InterfaceAudio/Stereo/MenuExitStereo_Cue.uasset'. Unknown extension 'uasset'.
[2026.02.11-17.16.22:685][882]LogAssetTools: Warning: Failed to import 'C:\Users\harry\Downloads\All Gun/Sounds/InterfaceAudio/Stereo/MenuExit_Stereo.uasset'. Unknown extension 'uasset'.
[2026.02.11-17.16.22:689][882]LogAssetTools: Warning: Failed to import 'C:\Users\harry\Downloads\All Gun/Sounds/InterfaceAudio/Stereo/MenuStart_Stereo.uasset'. Unknown extension 'uasset'.
[2026.02.11-17.16.22:693][882]LogAssetTools: Warning: Failed to import 'C:\Users\harry\Downloads\All Gun/Sounds/InterfaceAudio/Stereo/MenuStart_Stereo_Cue.uasset'. Unknown extension 'uasset'.
[2026.02.11-17.16.22:697][882]LogAssetTools: Warning: Failed to import 'C:\Users\harry\Downloads\All Gun/Sounds/InterfaceAudio/Stereo/UI_LowHealth_Loop_Stereo.uasset'. Unknown extension 'uasset'.
[2026.02.11-17.16.22:702][882]LogAssetTools: Warning: Failed to import 'C:\Users\harry\Downloads\All Gun/Sounds/InterfaceAudio/Stereo/UI_LowHealth_Loop_Stereo_Cue.uasset'. Unknown extension 'uasset'.
[2026.02.11-17.16.22:705][882]LogAssetTools: Warning: Failed to import 'C:\Users\harry\Downloads\All Gun/Sounds/InterfaceAudio/Stereo/UI_PlayerRespawn_Stereo_Cue.uasset'. Unknown extension 'uasset'.
[2026.02.11-17.16.22:710][882]LogAssetTools: Warning: Failed to import 'C:\Users\harry\Downloads\All Gun/Sounds/Music/ShooterGame_Music.uasset'. Unknown extension 'uasset'.
[2026.02.11-17.16.22:713][882]LogAssetTools: Warning: Failed to import 'C:\Users\harry\Downloads\All Gun/Sounds/Music/ShooterGame_Music_Cue.uasset'. Unknown extension 'uasset'.
[2026.02.11-17.16.22:718][882]LogAssetTools: Warning: Failed to import 'C:\Users\harry\Downloads\All Gun/Sounds/Music/ShooterGame_Music_Intro.uasset'. Unknown extension 'uasset'.
[2026.02.11-17.16.22:722][882]LogAssetTools: Warning: Failed to import 'C:\Users\harry\Downloads\All Gun/Sounds/Music/ShooterGame_Music_Intro_Cue.uasset'. Unknown extension 'uasset'.
[2026.02.11-17.16.22:726][882]LogAssetTools: Warning: Failed to import 'C:\Users\harry\Downloads\All Gun/Sounds/Stingers/Mono/StingerPickup_Health01.uasset'. Unknown extension 'uasset'.
[2026.02.11-17.16.22:730][882]LogAssetTools: Warning: Failed to import 'C:\Users\harry\Downloads\All Gun/Sounds/Stingers/Mono/StingerPickup_Health02.uasset'. Unknown extension 'uasset'.
[2026.02.11-17.16.23:862][882]LogAssetTools: Warning: Failed to import 'C:\Users\harry\Downloads\All Gun/Sounds/Stingers/Mono/StingerPickup_Health_Cue.uasset'. Unknown extension 'uasset'.
[2026.02.11-17.16.23:933][882]LogAssetTools: Warning: Failed to import 'C:\Users\harry\Downloads\All Gun/Sounds/Stingers/Mono/Stinger_PlayerDeath01.uasset'. Unknown extension 'uasset'.
[2026.02.11-17.16.23:938][882]LogAssetTools: Warning: Failed to import 'C:\Users\harry\Downloads\All Gun/Sounds/Stingers/Stereo/StingerPickup_Health01_Stereo.uasset'. Unknown extension 'uasset'.
[2026.02.11-17.16.23:942][882]LogAssetTools: Warning: Failed to import 'C:\Users\harry\Downloads\All Gun/Sounds/Stingers/Stereo/StingerPickup_Health02_Stereo.uasset'. Unknown extension 'uasset'.
[2026.02.11-17.16.23:946][882]LogAssetTools: Warning: Failed to import 'C:\Users\harry\Downloads\All Gun/Sounds/Stingers/Stereo/Stinger_PlayerDeath01_Stereo.uasset'. Unknown extension 'uasset'.
[2026.02.11-17.16.23:950][882]LogAssetTools: Warning: Failed to import 'C:\Users\harry\Downloads\All Gun/Sounds/Stingers/Stereo/Stinger_PlayerDeath02_Stereo.uasset'. Unknown extension 'uasset'.
[2026.02.11-17.16.23:953][882]LogAssetTools: Warning: Failed to import 'C:\Users\harry\Downloads\All Gun/Sounds/Stingers/Stereo/Stinger_PlayerDeath_Stereo_Cue.uasset'. Unknown extension 'uasset'.
[2026.02.11-17.16.23:958][882]LogAssetTools: Warning: Failed to import 'C:\Users\harry\Downloads\All Gun/Sounds/Weapon_AssaultRifle/Stereo/AssaultRifle_Equip_Stereo_Cue.uasset'. Unknown extension 'uasset'.
[2026.02.11-17.16.23:985][882]LogAssetTools: Warning: Failed to import 'C:\Users\harry\Downloads\All Gun/Sounds/Weapon_AssaultRifle/Stereo/AssaultRifle_Reload_Stereo_Cue.uasset'. Unknown extension 'uasset'.
[2026.02.11-17.16.23:990][882]LogAssetTools: Warning: Failed to import 'C:\Users\harry\Downloads\All Gun/Sounds/Weapon_AssaultRifle/Stereo/AssaultRifle_Shot01_Stereo.uasset'. Unknown extension 'uasset'.
[2026.02.11-17.16.23:995][882]LogAssetTools: Warning: Failed to import 'C:\Users\harry\Downloads\All Gun/Sounds/Weapon_AssaultRifle/Stereo/AssaultRifle_Shot02_Stereo.uasset'. Unknown extension 'uasset'.
[2026.02.11-17.16.23:998][882]LogAssetTools: Warning: Failed to import 'C:\Users\harry\Downloads\All Gun/Sounds/Weapon_AssaultRifle/Stereo/AssaultRifle_Shot03_Stereo.uasset'. Unknown extension 'uasset'.
[2026.02.11-17.16.24:002][882]LogAssetTools: Warning: Failed to import 'C:\Users\harry\Downloads\All Gun/Sounds/Weapon_AssaultRifle/Stereo/AssaultRifle_Shot04_Stereo.uasset'. Unknown extension 'uasset'.
[2026.02.11-17.16.24:007][882]LogAssetTools: Warning: Failed to import 'C:\Users\harry\Downloads\All Gun/Sounds/Weapon_AssaultRifle/Stereo/AssaultRifle_Shot05_Stereo.uasset'. Unknown extension 'uasset'.
[2026.02.11-17.16.24:011][882]LogAssetTools: Warning: Failed to import 'C:\Users\harry\Downloads\All Gun/Sounds/Weapon_AssaultRifle/Stereo/AssaultRifle_Shot06_Stereo.uasset'. Unknown extension 'uasset'.
[2026.02.11-17.16.24:015][882]LogAssetTools: Warning: Failed to import 'C:\Users\harry\Downloads\All Gun/Sounds/Weapon_AssaultRifle/Stereo/AssaultRifle_ShotEnd01_Stereo.uasset'. Unknown extension 'uasset'.
[2026.02.11-17.16.24:019][882]LogAssetTools: Warning: Failed to import 'C:\Users\harry\Downloads\All Gun/Sounds/Weapon_AssaultRifle/Stereo/AssaultRifle_ShotEnd02_Stereo.uasset'. Unknown extension 'uasset'.
[2026.02.11-17.16.24:024][882]LogAssetTools: Warning: Failed to import 'C:\Users\harry\Downloads\All Gun/Sounds/Weapon_AssaultRifle/Stereo/AssaultRifle_ShotEnd03_Stereo.uasset'. Unknown extension 'uasset'.
[2026.02.11-17.16.24:028][882]LogAssetTools: Warning: Failed to import 'C:\Users\harry\Downloads\All Gun/Sounds/Weapon_AssaultRifle/Stereo/AssaultRifle_ShotEnd04_Stereo.uasset'. Unknown extension 'uasset'.
[2026.02.11-17.16.24:032][882]LogAssetTools: Warning: Failed to import 'C:\Users\harry\Downloads\All Gun/Sounds/Weapon_AssaultRifle/Stereo/AssaultRifle_ShotEnd05_Stereo.uasset'. Unknown extension 'uasset'.
[2026.02.11-17.16.24:036][882]LogAssetTools: Warning: Failed to import 'C:\Users\harry\Downloads\All Gun/Sounds/Weapon_AssaultRifle/Stereo/AssaultRifle_ShotEnd06_Stereo.uasset'. Unknown extension 'uasset'.
[2026.02.11-17.16.24:041][882]LogAssetTools: Warning: Failed to import 'C:\Users\harry\Downloads\All Gun/Sounds/Weapon_AssaultRifle/Stereo/AssaultRifle_ShotLoop01_Stereo.uasset'. Unknown extension 'uasset'.
[2026.02.11-17.16.24:045][882]LogAssetTools: Warning: Failed to import 'C:\Users\harry\Downloads\All Gun/Sounds/Weapon_AssaultRifle/Stereo/AssaultRifle_ShotLoop02_Stereo.uasset'. Unknown extension 'uasset'.
[2026.02.11-17.16.24:049][882]LogAssetTools: Warning: Failed to import 'C:\Users\harry\Downloads\All Gun/Sounds/Weapon_AssaultRifle/Stereo/AssaultRifle_ShotLoop03_Stereo.uasset'. Unknown extension 'uasset'.
[2026.02.11-17.16.24:053][882]LogAssetTools: Warning: Failed to import 'C:\Users\harry\Downloads\All Gun/Sounds/Weapon_AssaultRifle/Stereo/Weapon_AssaultRifle_AmmoPickup01_Stereo.uasset'. Unknown extension 'uasset'.
[2026.02.11-17.16.24:057][882]LogAssetTools: Warning: Failed to import 'C:\Users\harry\Downloads\All Gun/Sounds/Weapon_AssaultRifle/Stereo/Weapon_AssaultRifle_AmmoPickup02_Stereo.uasset'. Unknown extension 'uasset'.
[2026.02.11-17.16.24:061][882]LogAssetTools: Warning: Failed to import 'C:\Users\harry\Downloads\All Gun/Sounds/Weapon_AssaultRifle/Stereo/Weapon_AssaultRifle_AmmoPickup03_Stereo.uasset'. Unknown extension 'uasset'.
[2026.02.11-17.16.24:065][882]LogAssetTools: Warning: Failed to import 'C:\Users\harry\Downloads\All Gun/Sounds/Weapon_AssaultRifle/Stereo/Weapon_AssaultRifle_Empty01_Stereo.uasset'. Unknown extension 'uasset'.
[2026.02.11-17.16.25:078][882]LogAssetTools: Warning: Failed to import 'C:\Users\harry\Downloads\All Gun/Sounds/Weapon_AssaultRifle/Stereo/Weapon_AssaultRifle_Empty02_Stereo.uasset'. Unknown extension 'uasset'.
[2026.02.11-17.16.25:148][882]LogAssetTools: Warning: Failed to import 'C:\Users\harry\Downloads\All Gun/Sounds/Weapon_AssaultRifle/Stereo/Weapon_AssaultRifle_Empty03_Stereo.uasset'. Unknown extension 'uasset'.
[2026.02.11-17.16.25:152][882]LogAssetTools: Warning: Failed to import 'C:\Users\harry\Downloads\All Gun/Sounds/Weapon_AssaultRifle/Stereo/Weapon_AssaultRifle_Reload01_Stereo.uasset'. Unknown extension 'uasset'.
[2026.02.11-17.16.25:156][882]LogAssetTools: Warning: Failed to import 'C:\Users\harry\Downloads\All Gun/Sounds/Weapon_AssaultRifle/Stereo/Weapon_AssaultRifle_Reload02_Stereo.uasset'. Unknown extension 'uasset'.
[2026.02.11-17.16.25:160][882]LogAssetTools: Warning: Failed to import 'C:\Users\harry\Downloads\All Gun/Sounds/Weapon_AssaultRifle/Stereo/Weapon_AssaultRifle_Reload03_Stereo.uasset'. Unknown extension 'uasset'.
[2026.02.11-17.16.25:164][882]LogAssetTools: Warning: Failed to import 'C:\Users\harry\Downloads\All Gun/Sounds/Weapon_AssaultRifle/Stereo/Weapon_AssaultRifle_Swap01_Stereo.uasset'. Unknown extension 'uasset'.
[2026.02.11-17.16.25:168][882]LogAssetTools: Warning: Failed to import 'C:\Users\harry\Downloads\All Gun/Sounds/Weapon_AssaultRifle/Stereo/Weapon_AssaultRifle_Swap02_Stereo.uasset'. Unknown extension 'uasset'.
[2026.02.11-17.16.25:172][882]LogAssetTools: Warning: Failed to import 'C:\Users\harry\Downloads\All Gun/Sounds/Weapon_AssaultRifle/Stereo/Weapon_AssaultRifle_Swap03_Stereo.uasset'. Unknown extension 'uasset'.
[2026.02.11-17.16.25:177][882]LogAssetTools: Warning: Failed to import 'C:\Users\harry\Downloads\All Gun/Weapons/MaterialLayers/ML_BoltMetal.uasset'. Unknown extension 'uasset'.
[2026.02.11-17.16.25:181][882]LogAssetTools: Warning: Failed to import 'C:\Users\harry\Downloads\All Gun/Weapons/MaterialLayers/ML_Metal_Copper.uasset'. Unknown extension 'uasset'.
[2026.02.11-17.16.25:185][882]LogAssetTools: Warning: Failed to import 'C:\Users\harry\Downloads\All Gun/Weapons/MaterialLayers/ML_Metal_Gray.uasset'. Unknown extension 'uasset'.
[2026.02.11-17.16.25:190][882]LogAssetTools: Warning: Failed to import 'C:\Users\harry\Downloads\All Gun/Weapons/MaterialLayers/ML_Paint.uasset'. Unknown extension 'uasset'.
[2026.02.11-17.16.25:194][882]LogAssetTools: Warning: Failed to import 'C:\Users\harry\Downloads\All Gun/Weapons/MaterialLayers/ML_Rubber.uasset'. Unknown extension 'uasset'.
[2026.02.11-17.16.25:198][882]LogAssetTools: Warning: Failed to import 'C:\Users\harry\Downloads\All Gun/Weapons/MaterialLayers/T_ExampleLayers_Metal02_N.uasset'. Unknown extension 'uasset'.
[2026.02.11-17.16.25:202][882]LogAssetTools: Warning: Failed to import 'C:\Users\harry\Downloads\All Gun/Weapons/MaterialLayers/T_Metal_Metal02_D.uasset'. Unknown extension 'uasset'.
[2026.02.11-17.16.25:206][882]LogAssetTools: Warning: Failed to import 'C:\Users\harry\Downloads\All Gun/Weapons/MaterialLayers/T_PaintedMetal01_N.uasset'. Unknown extension 'uasset'.
[2026.02.11-17.16.25:210][882]LogAssetTools: Warning: Failed to import 'C:\Users\harry\Downloads\All Gun/Weapons/MaterialLayers/T_PaintedMetal02.uasset'. Unknown extension 'uasset'.
[2026.02.11-17.16.25:215][882]LogAssetTools: Warning: Failed to import 'C:\Users\harry\Downloads\All Gun/Weapons/MaterialLayers/T_Rubber.uasset'. Unknown extension 'uasset'.
[2026.02.11-17.16.25:218][882]LogAssetTools: Warning: Failed to import 'C:\Users\harry\Downloads\All Gun/Weapons/Materials/MagGun_MatA.uasset'. Unknown extension 'uasset'.
[2026.02.11-17.16.25:222][882]LogAssetTools: Warning: Failed to import 'C:\Users\harry\Downloads\All Gun/Weapons/Materials/MagGun_MatA_Inst3.uasset'. Unknown extension 'uasset'.
[2026.02.11-17.16.25:227][882]LogAssetTools: Warning: Failed to import 'C:\Users\harry\Downloads\All Gun/Weapons/Materials/MagGun_MatB.uasset'. Unknown extension 'uasset'.
[2026.02.11-17.16.25:230][882]LogAssetTools: Warning: Failed to import 'C:\Users\harry\Downloads\All Gun/Weapons/Materials/MagGun_MatB_Inst2.uasset'. Unknown extension 'uasset'.
[2026.02.11-17.16.25:234][882]LogAssetTools: Warning: Failed to import 'C:\Users\harry\Downloads\All Gun/Weapons/Materials/MagGun_MatB_Inst3.uasset'. Unknown extension 'uasset'.
[2026.02.11-17.16.25:239][882]LogAssetTools: Warning: Failed to import 'C:\Users\harry\Downloads\All Gun/Weapons/Materials/MagGun_SightLens_Mat.uasset'. Unknown extension 'uasset'.
[2026.02.11-17.16.25:243][882]LogAssetTools: Warning: Failed to import 'C:\Users\harry\Downloads\All Gun/Weapons/Materials/MagGun_SightLens_Mat_Inst.uasset'. Unknown extension 'uasset'.
[2026.02.11-17.16.25:248][882]LogAssetTools: Warning: Failed to import 'C:\Users\harry\Downloads\All Gun/Weapons/Rifle.uasset'. Unknown extension 'uasset'.
[2026.02.11-17.16.25:252][882]LogAssetTools: Warning: Failed to import 'C:\Users\harry\Downloads\All Gun/Weapons/Rifle_Skeleton.uasset'. Unknown extension 'uasset'.
[2026.02.11-17.16.25:256][882]LogAssetTools: Warning: Failed to import 'C:\Users\harry\Downloads\All Gun/Weapons/Textures/MagGunT1_section.uasset'. Unknown extension 'uasset'.
[2026.02.11-17.16.25:260][882]LogAssetTools: Warning: Failed to import 'C:\Users\harry\Downloads\All Gun/Weapons/Textures/MagGunT1_shade.uasset'. Unknown extension 'uasset'.
[2026.02.11-17.16.25:264][882]LogAssetTools: Warning: Failed to import 'C:\Users\harry\Downloads\All Gun/Weapons/Textures/MagGunT2_section.uasset'. Unknown extension 'uasset'.
[2026.02.11-17.16.25:274][882]LogAssetTools: Warning: Failed to import 'C:\Users\harry\Downloads\All Gun/Weapons/Textures/MagGunT2_shade.uasset'. Unknown extension 'uasset'.
[2026.02.11-17.16.25:278][882]LogAssetTools: Warning: Failed to import 'C:\Users\harry\Downloads\All Gun/Weapons/Textures/MagGun_01_N.uasset'. Unknown extension 'uasset'.
[2026.02.11-17.16.25:282][882]LogAssetTools: Warning: Failed to import 'C:\Users\harry\Downloads\All Gun/Weapons/Textures/MagGun_02_N.uasset'. Unknown extension 'uasset'.
[2026.02.11-17.16.26:492][882]LogAssetTools: Warning: Failed to import 'C:\Users\harry\Downloads\All Gun/Weapons/Textures/MagGun_Decals.uasset'. Unknown extension 'uasset'.
[2026.02.11-17.16.26:615][882]LogAssetTools: Warning: Failed to import 'C:\Users\harry\Downloads\All Gun/Weapons/Textures/MagGun_Display_EM.uasset'. Unknown extension 'uasset'.
[2026.02.11-17.16.26:619][882]LogAssetTools: Warning: Failed to import 'C:\Users\harry\Downloads\All Gun/Weapons/Textures/SightLens_maskA.uasset'. Unknown extension 'uasset'.
[2026.02.11-17.16.26:624][882]LogAssetTools: Warning: Failed to import 'C:\Users\harry\Downloads\All Gun/Weapons/Textures/SightLens_maskB.uasset'. Unknown extension 'uasset'.
[2026.02.11-17.19.48:306][978]LogAssetTools: Warning: Failed to import 'C:\Users\harry\Downloads\All Gun\Effects/Misc/Materials/Gameplay/Pickups/M_PickUp_Master.uasset'. Unknown extension 'uasset'.
[2026.02.11-17.19.48:313][978]LogAssetTools: Warning: Failed to import 'C:\Users\harry\Downloads\All Gun\Effects/Misc/Materials/LensFlare/M_Lensflare_01.uasset'. Unknown extension 'uasset'.
[2026.02.11-17.19.48:317][978]LogAssetTools: Warning: Failed to import 'C:\Users\harry\Downloads\All Gun\Effects/Misc/Materials/LensFlare/M_LensFlare_02.uasset'. Unknown extension 'uasset'.
[2026.02.11-17.19.48:323][978]LogAssetTools: Warning: Failed to import 'C:\Users\harry\Downloads\All Gun\Effects/Misc/Materials/Ramp/M_radial_ramp_soft.uasset'. Unknown extension 'uasset'.
[2026.02.11-17.19.48:329][978]LogAssetTools: Warning: Failed to import 'C:\Users\harry\Downloads\All Gun\Effects/Misc/Materials/Ramp/M_SoftGradient_Muzzle.uasset'. Unknown extension 'uasset'.
[2026.02.11-17.19.48:334][978]LogAssetTools: Warning: Failed to import 'C:\Users\harry\Downloads\All Gun\Effects/Misc/Materials/Smoke/M_ImpactSmoke.uasset'. Unknown extension 'uasset'.
[2026.02.11-17.19.48:338][978]LogAssetTools: Warning: Failed to import 'C:\Users\harry\Downloads\All Gun\Effects/Misc/Materials/Smoke/M_MuzzleSmokeDetail_GPU.uasset'. Unknown extension 'uasset'.
[2026.02.11-17.19.48:344][978]LogAssetTools: Warning: Failed to import 'C:\Users\harry\Downloads\All Gun\Effects/Misc/Materials/Smoke/M_SmokeBall.uasset'. Unknown extension 'uasset'.
[2026.02.11-17.19.48:348][978]LogAssetTools: Warning: Failed to import 'C:\Users\harry\Downloads\All Gun\Effects/Misc/Materials/spark/M_spark_subUV.uasset'. Unknown extension 'uasset'.
[2026.02.11-17.19.48:352][978]LogAssetTools: Warning: Failed to import 'C:\Users\harry\Downloads\All Gun\Effects/Misc/Materials/Weapon/M_MuzzleGlow.uasset'. Unknown extension 'uasset'.
[2026.02.11-17.19.48:357][978]LogAssetTools: Warning: Failed to import 'C:\Users\harry\Downloads\All Gun\Effects/Misc/Materials/Weapon/M_muzzle_flash_subUV.uasset'. Unknown extension 'uasset'.
[2026.02.11-17.19.48:361][978]LogAssetTools: Warning: Failed to import 'C:\Users\harry\Downloads\All Gun\Effects/Misc/Materials/Weapon/M_WP_Linkgun_Connection.uasset'. Unknown extension 'uasset'.
[2026.02.11-17.19.48:365][978]LogAssetTools: Warning: Failed to import 'C:\Users\harry\Downloads\All Gun\Effects/Misc/Materials/Weapon/M_WP_ShockRifle_Panning_Beam.uasset'. Unknown extension 'uasset'.
[2026.02.11-17.19.48:369][978]LogAssetTools: Warning: Failed to import 'C:\Users\harry\Downloads\All Gun\Effects/Misc/Meshes/Gameplay/Pickups/Ammo.uasset'. Unknown extension 'uasset'.
[2026.02.11-17.19.48:373][978]LogAssetTools: Warning: Failed to import 'C:\Users\harry\Downloads\All Gun\Effects/Misc/Meshes/Gameplay/Pickups/SM_Health.uasset'. Unknown extension 'uasset'.
[2026.02.11-17.19.48:377][978]LogAssetTools: Warning: Failed to import 'C:\Users\harry\Downloads\All Gun\Effects/Misc/Meshes/General/S_Sphere.uasset'. Unknown extension 'uasset'.
[2026.02.11-17.19.48:381][978]LogAssetTools: Warning: Failed to import 'C:\Users\harry\Downloads\All Gun\Effects/Misc/Meshes/Weapon/SM_MuzzleCone.uasset'. Unknown extension 'uasset'.
[2026.02.11-17.19.48:385][978]LogAssetTools: Warning: Failed to import 'C:\Users\harry\Downloads\All Gun\Effects/Misc/Textures/Energy/T_EFX_Beam_Electricity_02.uasset'. Unknown extension 'uasset'.
[2026.02.11-17.19.48:389][978]LogAssetTools: Warning: Failed to import 'C:\Users\harry\Downloads\All Gun\Effects/Misc/Textures/LensFlare/Flare_02.uasset'. Unknown extension 'uasset'.
[2026.02.11-17.19.48:393][978]LogAssetTools: Warning: Failed to import 'C:\Users\harry\Downloads\All Gun\Effects/Misc/Textures/LensFlare/T_Lensflare_01.uasset'. Unknown extension 'uasset'.
[2026.02.11-17.19.48:399][978]LogAssetTools: Warning: Failed to import 'C:\Users\harry\Downloads\All Gun\Effects/Misc/Textures/Mask/T_SquareMaskTightEdge.uasset'. Unknown extension 'uasset'.
[2026.02.11-17.19.48:404][978]LogAssetTools: Warning: Failed to import 'C:\Users\harry\Downloads\All Gun\Effects/Misc/Textures/Noise/T_TileNoise.uasset'. Unknown extension 'uasset'.
[2026.02.11-17.19.48:408][978]LogAssetTools: Warning: Failed to import 'C:\Users\harry\Downloads\All Gun\Effects/Misc/Textures/Ramp/T_FX_CameraDistort.uasset'. Unknown extension 'uasset'.
[2026.02.11-17.19.48:412][978]LogAssetTools: Warning: Failed to import 'C:\Users\harry\Downloads\All Gun\Effects/Misc/Textures/Ramp/T_FX_ColorDistort.uasset'. Unknown extension 'uasset'.
[2026.02.11-17.19.48:416][978]LogAssetTools: Warning: Failed to import 'C:\Users\harry\Downloads\All Gun\Effects/Misc/Textures/Smoke/T_Clouds_01.uasset'. Unknown extension 'uasset'.
[2026.02.11-17.19.48:420][978]LogAssetTools: Warning: Failed to import 'C:\Users\harry\Downloads\All Gun\Effects/Misc/Textures/Smoke/T_SmokeBall_01_8_8.uasset'. Unknown extension 'uasset'.
[2026.02.11-17.19.48:423][978]LogAssetTools: Warning: Failed to import 'C:\Users\harry\Downloads\All Gun\Effects/Misc/Textures/Spark/T_SparkCore_2X2.uasset'. Unknown extension 'uasset'.
[2026.02.11-17.19.48:428][978]LogAssetTools: Warning: Failed to import 'C:\Users\harry\Downloads\All Gun\Effects/Misc/Textures/Water/T_Caustics_2.uasset'. Unknown extension 'uasset'.
[2026.02.11-17.19.48:433][978]LogAssetTools: Warning: Failed to import 'C:\Users\harry\Downloads\All Gun\Effects/Misc/Textures/Water/T_Steam_02_Packed.uasset'. Unknown extension 'uasset'.
[2026.02.11-17.19.48:437][978]LogAssetTools: Warning: Failed to import 'C:\Users\harry\Downloads\All Gun\Effects/Misc/Textures/Weapon/T_muzzle_flashes.uasset'. Unknown extension 'uasset'.
[2026.02.11-17.19.48:441][978]LogAssetTools: Warning: Failed to import 'C:\Users\harry\Downloads\All Gun\Effects/Pick-ups/P_AssaultRifle_AMmo.uasset'. Unknown extension 'uasset'.
[2026.02.11-17.19.48:445][978]LogAssetTools: Warning: Failed to import 'C:\Users\harry\Downloads\All Gun\Effects/Pick-ups/P_Health.uasset'. Unknown extension 'uasset'.
[2026.02.11-17.19.48:448][978]LogAssetTools: Warning: Failed to import 'C:\Users\harry\Downloads\All Gun\Effects/Weapons/Impacts/P_AssaultRifle_IH.uasset'. Unknown extension 'uasset'.
[2026.02.11-17.19.48:453][978]LogAssetTools: Warning: Failed to import 'C:\Users\harry\Downloads\All Gun\Effects/Weapons/Impacts/P_CreatureImpact.uasset'. Unknown extension 'uasset'.
[2026.02.11-17.19.48:458][978]LogAssetTools: Warning: Failed to import 'C:\Users\harry\Downloads\All Gun\Effects/Weapons/Muzzle/P_AssaultRifle_MF.uasset'. Unknown extension 'uasset'.
[2026.02.11-17.19.48:462][978]LogAssetTools: Warning: Failed to import 'C:\Users\harry\Downloads\All Gun\Effects/Weapons/Muzzle/P_AssaultRifle_Trail.uasset'. Unknown extension 'uasset'.
[2026.02.11-17.19.48:466][978]LogAssetTools: Warning: Failed to import 'C:\Users\harry\Downloads\All Gun\Sounds/AmbientLoops/Stereo/RoomTone_AbstractBitcrushed03_Stereo.uasset'. Unknown extension 'uasset'.
[2026.02.11-17.19.48:471][978]LogAssetTools: Warning: Failed to import 'C:\Users\harry\Downloads\All Gun\Sounds/AmbientLoops/Stereo/RoomTone_AbstractBitcrushed04_Stereo.uasset'. Unknown extension 'uasset'.
[2026.02.11-17.19.48:475][978]LogAssetTools: Warning: Failed to import 'C:\Users\harry\Downloads\All Gun\Sounds/AmbientLoops/Stereo/RoomTone_AbstractBitcrushed05_Stereo.uasset'. Unknown extension 'uasset'.
[2026.02.11-17.19.48:479][978]LogAssetTools: Warning: Failed to import 'C:\Users\harry\Downloads\All Gun\Sounds/AmbientLoops/Stereo/WindAnimated_High01_Loop_Stereo.uasset'. Unknown extension 'uasset'.
[2026.02.11-17.19.48:483][978]LogAssetTools: Warning: Failed to import 'C:\Users\harry\Downloads\All Gun\Sounds/AmbientLoops/Stereo/WindAnimated_High02_Loop_Stereo.uasset'. Unknown extension 'uasset'.
[2026.02.11-17.19.48:488][978]LogAssetTools: Warning: Failed to import 'C:\Users\harry\Downloads\All Gun\Sounds/AmbientLoops/Stereo/WindAnimated_High03_Loop_Stereo.uasset'. Unknown extension 'uasset'.
[2026.02.11-17.19.48:493][978]LogAssetTools: Warning: Failed to import 'C:\Users\harry\Downloads\All Gun\Sounds/AmbientLoops/Stereo/WindAnimated_High_Stereo_Cue.uasset'. Unknown extension 'uasset'.
[2026.02.11-17.19.48:497][978]LogAssetTools: Warning: Failed to import 'C:\Users\harry\Downloads\All Gun\Sounds/AmbientLoops/Stereo/WindAnimated_Low01_Loop_Stereo.uasset'. Unknown extension 'uasset'.
[2026.02.11-17.19.48:501][978]LogAssetTools: Warning: Failed to import 'C:\Users\harry\Downloads\All Gun\Sounds/AmbientLoops/Stereo/WindAnimated_Low02_Loop_Stereo.uasset'. Unknown extension 'uasset'.
[2026.02.11-17.19.49:803][978]LogAssetTools: Warning: Failed to import 'C:\Users\harry\Downloads\All Gun\Sounds/AmbientLoops/Stereo/WindAnimated_Low03_Loop_Stereo.uasset'. Unknown extension 'uasset'.
[2026.02.11-17.19.49:869][978]LogAssetTools: Warning: Failed to import 'C:\Users\harry\Downloads\All Gun\Sounds/AmbientLoops/Stereo/WindAnimated_Low_Stereo_Cue.uasset'. Unknown extension 'uasset'.
[2026.02.11-17.19.49:874][978]LogAssetTools: Warning: Failed to import 'C:\Users\harry\Downloads\All Gun\Sounds/AmbientLoops/Stereo/WindSteady01_Loop_Stereo.uasset'. Unknown extension 'uasset'.
[2026.02.11-17.19.49:878][978]LogAssetTools: Warning: Failed to import 'C:\Users\harry\Downloads\All Gun\Sounds/AmbientLoops/Stereo/WindSteady02_Loop_Stereo.uasset'. Unknown extension 'uasset'.
[2026.02.11-17.19.49:881][978]LogAssetTools: Warning: Failed to import 'C:\Users\harry\Downloads\All Gun\Sounds/AmbientLoops/Stereo/WindSteady03_Loop_Stereo.uasset'. Unknown extension 'uasset'.
[2026.02.11-17.19.49:887][978]LogAssetTools: Warning: Failed to import 'C:\Users\harry\Downloads\All Gun\Sounds/AmbientLoops/Stereo/WindSteady04_Loop_Stereo.uasset'. Unknown extension 'uasset'.
[2026.02.11-17.19.49:891][978]LogAssetTools: Warning: Failed to import 'C:\Users\harry\Downloads\All Gun\Sounds/AmbientLoops/Stereo/WindSteady_Loop_Stereo_Cue.uasset'. Unknown extension 'uasset'.
[2026.02.11-17.19.49:894][978]LogAssetTools: Warning: Failed to import 'C:\Users\harry\Downloads\All Gun\Sounds/AmbientLoops/Stereo/Wind_Abstract01_Stereo.uasset'. Unknown extension 'uasset'.
[2026.02.11-17.19.49:898][978]LogAssetTools: Warning: Failed to import 'C:\Users\harry\Downloads\All Gun\Sounds/AmbientLoops/Stereo/Wind_Abstract02_Stereo.uasset'. Unknown extension 'uasset'.
[2026.02.11-17.19.49:902][978]LogAssetTools: Warning: Failed to import 'C:\Users\harry\Downloads\All Gun\Sounds/AmbientLoops/Stereo/Wind_Abstract03_Stereo.uasset'. Unknown extension 'uasset'.
[2026.02.11-17.19.49:905][978]LogAssetTools: Warning: Failed to import 'C:\Users\harry\Downloads\All Gun\Sounds/AmbientLoops/Stereo/Wind_Abstract04_Stereo.uasset'. Unknown extension 'uasset'.
[2026.02.11-17.19.49:909][978]LogAssetTools: Warning: Failed to import 'C:\Users\harry\Downloads\All Gun\Sounds/AmbientLoops/Stereo/Wind_Abstract05_Stereo.uasset'. Unknown extension 'uasset'.
[2026.02.11-17.19.49:913][978]LogAssetTools: Warning: Failed to import 'C:\Users\harry\Downloads\All Gun\Sounds/AmbientLoops/Stereo/Wind_AbstractAnimated_Stereo_Cue.uasset'. Unknown extension 'uasset'.
[2026.02.11-17.19.49:917][978]LogAssetTools: Warning: Failed to import 'C:\Users\harry\Downloads\All Gun\Sounds/AmbientNonLoops/Stereo/MetalCreak_Pillars01_Stereo.uasset'. Unknown extension 'uasset'.
[2026.02.11-17.19.49:921][978]LogAssetTools: Warning: Failed to import 'C:\Users\harry\Downloads\All Gun\Sounds/AmbientNonLoops/Stereo/MetalCreak_Pillars05_Stereo.uasset'. Unknown extension 'uasset'.
[2026.02.11-17.19.49:925][978]LogAssetTools: Warning: Failed to import 'C:\Users\harry\Downloads\All Gun\Sounds/AmbientNonLoops/Stereo/MetalCreak_Pillars15_Stereo.uasset'. Unknown extension 'uasset'.
[2026.02.11-17.19.49:929][978]LogAssetTools: Warning: Failed to import 'C:\Users\harry\Downloads\All Gun\Sounds/FoleyBodyMoves/Mono/FoleyBody_Aim_Cue.uasset'. Unknown extension 'uasset'.
[2026.02.11-17.19.49:934][978]LogAssetTools: Warning: Failed to import 'C:\Users\harry\Downloads\All Gun\Sounds/FoleyBodyMoves/Mono/FoleyBody_BodyMove01.uasset'. Unknown extension 'uasset'.
[2026.02.11-17.19.49:938][978]LogAssetTools: Warning: Failed to import 'C:\Users\harry\Downloads\All Gun\Sounds/FoleyBodyMoves/Mono/FoleyBody_BodyMove02.uasset'. Unknown extension 'uasset'.
[2026.02.11-17.19.49:943][978]LogAssetTools: Warning: Failed to import 'C:\Users\harry\Downloads\All Gun\Sounds/FoleyBodyMoves/Mono/FoleyBody_BodyMove03.uasset'. Unknown extension 'uasset'.
[2026.02.11-17.19.49:952][978]LogAssetTools: Warning: Failed to import 'C:\Users\harry\Downloads\All Gun\Sounds/FoleyBodyMoves/Mono/FoleyBody_BodyMove04.uasset'. Unknown extension 'uasset'.
[2026.02.11-17.19.49:957][978]LogAssetTools: Warning: Failed to import 'C:\Users\harry\Downloads\All Gun\Sounds/FoleyBodyMoves/Mono/FoleyBody_BodyMove_Cue.uasset'. Unknown extension 'uasset'.
[2026.02.11-17.19.49:960][978]LogAssetTools: Warning: Failed to import 'C:\Users\harry\Downloads\All Gun\Sounds/FoleyBodyMoves/Mono/FoleyBody_Fall01.uasset'. Unknown extension 'uasset'.
[2026.02.11-17.19.49:965][978]LogAssetTools: Warning: Failed to import 'C:\Users\harry\Downloads\All Gun\Sounds/FoleyBodyMoves/Mono/FoleyBody_Fall02.uasset'. Unknown extension 'uasset'.
[2026.02.11-17.19.49:969][978]LogAssetTools: Warning: Failed to import 'C:\Users\harry\Downloads\All Gun\Sounds/FoleyBodyMoves/Mono/FoleyBody_Fall03.uasset'. Unknown extension 'uasset'.
[2026.02.11-17.19.49:972][978]LogAssetTools: Warning: Failed to import 'C:\Users\harry\Downloads\All Gun\Sounds/FoleyBodyMoves/Mono/FoleyBody_Fall04.uasset'. Unknown extension 'uasset'.
[2026.02.11-17.19.49:977][978]LogAssetTools: Warning: Failed to import 'C:\Users\harry\Downloads\All Gun\Sounds/FoleyBodyMoves/Mono/FoleyBody_Fall_Cue.uasset'. Unknown extension 'uasset'.
[2026.02.11-17.19.49:982][978]LogAssetTools: Warning: Failed to import 'C:\Users\harry\Downloads\All Gun\Sounds/FoleyBodyMoves/Mono/FoleyBody_HandSwipe01.uasset'. Unknown extension 'uasset'.
[2026.02.11-17.19.49:987][978]LogAssetTools: Warning: Failed to import 'C:\Users\harry\Downloads\All Gun\Sounds/FoleyBodyMoves/Mono/FoleyBody_HandSwipe02.uasset'. Unknown extension 'uasset'.
[2026.02.11-17.19.49:990][978]LogAssetTools: Warning: Failed to import 'C:\Users\harry\Downloads\All Gun\Sounds/FoleyBodyMoves/Mono/FoleyBody_HandSwipe03.uasset'. Unknown extension 'uasset'.
[2026.02.11-17.19.49:995][978]LogAssetTools: Warning: Failed to import 'C:\Users\harry\Downloads\All Gun\Sounds/FoleyBodyMoves/Mono/FoleyBody_HandSwipe04.uasset'. Unknown extension 'uasset'.
[2026.02.11-17.19.50:000][978]LogAssetTools: Warning: Failed to import 'C:\Users\harry\Downloads\All Gun\Sounds/FoleyBodyMoves/Mono/FoleyBody_HandSwipe_Cue.uasset'. Unknown extension 'uasset'.
[2026.02.11-17.19.50:005][978]LogAssetTools: Warning: Failed to import 'C:\Users\harry\Downloads\All Gun\Sounds/FoleyBodyMoves/Mono/FoleyBody_Land02.uasset'. Unknown extension 'uasset'.
[2026.02.11-17.19.51:056][978]LogAssetTools: Warning: Failed to import 'C:\Users\harry\Downloads\All Gun\Sounds/FoleyBodyMoves/Mono/FoleyBody_Land03.uasset'. Unknown extension 'uasset'.
[2026.02.11-17.19.51:120][978]LogAssetTools: Warning: Failed to import 'C:\Users\harry\Downloads\All Gun\Sounds/FoleyBodyMoves/Mono/FoleyBody_Land04.uasset'. Unknown extension 'uasset'.
[2026.02.11-17.19.51:124][978]LogAssetTools: Warning: Failed to import 'C:\Users\harry\Downloads\All Gun\Sounds/FoleyBodyMoves/Mono/FoleyBody_Land05.uasset'. Unknown extension 'uasset'.
[2026.02.11-17.19.51:128][978]LogAssetTools: Warning: Failed to import 'C:\Users\harry\Downloads\All Gun\Sounds/FoleyBodyMoves/Mono/FoleyBody_Land_Cue.uasset'. Unknown extension 'uasset'.
[2026.02.11-17.19.51:132][978]LogAssetTools: Warning: Failed to import 'C:\Users\harry\Downloads\All Gun\Sounds/FoleyBodyMoves/Mono/Run01_Loop.uasset'. Unknown extension 'uasset'.
[2026.02.11-17.19.51:137][978]LogAssetTools: Warning: Failed to import 'C:\Users\harry\Downloads\All Gun\Sounds/FoleyBodyMoves/Mono/Run02_Loop.uasset'. Unknown extension 'uasset'.
[2026.02.11-17.19.51:141][978]LogAssetTools: Warning: Failed to import 'C:\Users\harry\Downloads\All Gun\Sounds/FoleyBodyMoves/Mono/Run03_Loop.uasset'. Unknown extension 'uasset'.
[2026.02.11-17.19.51:145][978]LogAssetTools: Warning: Failed to import 'C:\Users\harry\Downloads\All Gun\Sounds/FoleyBodyMoves/Mono/Run04_Loop.uasset'. Unknown extension 'uasset'.
[2026.02.11-17.19.51:149][978]LogAssetTools: Warning: Failed to import 'C:\Users\harry\Downloads\All Gun\Sounds/FoleyBodyMoves/Mono/Run05_Loop.uasset'. Unknown extension 'uasset'.
[2026.02.11-17.19.51:154][978]LogAssetTools: Warning: Failed to import 'C:\Users\harry\Downloads\All Gun\Sounds/FoleyBodyMoves/Mono/RunStop01.uasset'. Unknown extension 'uasset'.
[2026.02.11-17.19.51:159][978]LogAssetTools: Warning: Failed to import 'C:\Users\harry\Downloads\All Gun\Sounds/FoleyBodyMoves/Mono/RunStop02.uasset'. Unknown extension 'uasset'.
[2026.02.11-17.19.51:163][978]LogAssetTools: Warning: Failed to import 'C:\Users\harry\Downloads\All Gun\Sounds/FoleyBodyMoves/Mono/RunStop03.uasset'. Unknown extension 'uasset'.
[2026.02.11-17.19.51:167][978]LogAssetTools: Warning: Failed to import 'C:\Users\harry\Downloads\All Gun\Sounds/FoleyBodyMoves/Mono/RunStop_Cue.uasset'. Unknown extension 'uasset'.
[2026.02.11-17.19.51:171][978]LogAssetTools: Warning: Failed to import 'C:\Users\harry\Downloads\All Gun\Sounds/FoleyBodyMoves/Mono/Run_Loop_Cue.uasset'. Unknown extension 'uasset'.
[2026.02.11-17.19.51:176][978]LogAssetTools: Warning: Failed to import 'C:\Users\harry\Downloads\All Gun\Sounds/FoleyBodyMoves/Stereo/FoleyBody_BodyMove01_Stereo.uasset'. Unknown extension 'uasset'.
[2026.02.11-17.19.51:180][978]LogAssetTools: Warning: Failed to import 'C:\Users\harry\Downloads\All Gun\Sounds/FoleyBodyMoves/Stereo/FoleyBody_BodyMove02_Stereo.uasset'. Unknown extension 'uasset'.
[2026.02.11-17.19.51:184][978]LogAssetTools: Warning: Failed to import 'C:\Users\harry\Downloads\All Gun\Sounds/FoleyBodyMoves/Stereo/FoleyBody_BodyMove03_Stereo.uasset'. Unknown extension 'uasset'.
[2026.02.11-17.19.51:188][978]LogAssetTools: Warning: Failed to import 'C:\Users\harry\Downloads\All Gun\Sounds/FoleyBodyMoves/Stereo/FoleyBody_BodyMove04_Stereo.uasset'. Unknown extension 'uasset'.
[2026.02.11-17.19.51:192][978]LogAssetTools: Warning: Failed to import 'C:\Users\harry\Downloads\All Gun\Sounds/FoleyBodyMoves/Stereo/FoleyBody_BodyMove_Stereo_Cue.uasset'. Unknown extension 'uasset'.
[2026.02.11-17.19.51:196][978]LogAssetTools: Warning: Failed to import 'C:\Users\harry\Downloads\All Gun\Sounds/FoleyBodyMoves/Stereo/FoleyBody_HandSwipe01_Stereo.uasset'. Unknown extension 'uasset'.
[2026.02.11-17.19.51:200][978]LogAssetTools: Warning: Failed to import 'C:\Users\harry\Downloads\All Gun\Sounds/FoleyBodyMoves/Stereo/FoleyBody_HandSwipe02_Stereo.uasset'. Unknown extension 'uasset'.
[2026.02.11-17.19.51:204][978]LogAssetTools: Warning: Failed to import 'C:\Users\harry\Downloads\All Gun\Sounds/FoleyBodyMoves/Stereo/FoleyBody_HandSwipe03_Stereo.uasset'. Unknown extension 'uasset'.
[2026.02.11-17.19.51:209][978]LogAssetTools: Warning: Failed to import 'C:\Users\harry\Downloads\All Gun\Sounds/FoleyBodyMoves/Stereo/FoleyBody_HandSwipe04_Stereo.uasset'. Unknown extension 'uasset'.
[2026.02.11-17.19.51:212][978]LogAssetTools: Warning: Failed to import 'C:\Users\harry\Downloads\All Gun\Sounds/FoleyBodyMoves/Stereo/FoleyBody_HandSwipe_Stereo_Cue.uasset'. Unknown extension 'uasset'.
[2026.02.11-17.19.51:217][978]LogAssetTools: Warning: Failed to import 'C:\Users\harry\Downloads\All Gun\Sounds/FoleyBodyMoves/Stereo/FoleyBody_Land01_Stereo.uasset'. Unknown extension 'uasset'.
[2026.02.11-17.19.51:220][978]LogAssetTools: Warning: Failed to import 'C:\Users\harry\Downloads\All Gun\Sounds/FoleyBodyMoves/Stereo/FoleyBody_Land02_Stereo.uasset'. Unknown extension 'uasset'.
[2026.02.11-17.19.51:224][978]LogAssetTools: Warning: Failed to import 'C:\Users\harry\Downloads\All Gun\Sounds/FoleyBodyMoves/Stereo/FoleyBody_Land03_Stereo.uasset'. Unknown extension 'uasset'.
[2026.02.11-17.19.51:228][978]LogAssetTools: Warning: Failed to import 'C:\Users\harry\Downloads\All Gun\Sounds/FoleyBodyMoves/Stereo/FoleyBody_Land04_Stereo.uasset'. Unknown extension 'uasset'.
[2026.02.11-17.19.51:232][978]LogAssetTools: Warning: Failed to import 'C:\Users\harry\Downloads\All Gun\Sounds/FoleyBodyMoves/Stereo/FoleyBody_Land05_Stereo.uasset'. Unknown extension 'uasset'.
[2026.02.11-17.19.51:237][978]LogAssetTools: Warning: Failed to import 'C:\Users\harry\Downloads\All Gun\Sounds/FoleyBodyMoves/Stereo/FoleyBody_Land_Stereo_Cue.uasset'. Unknown extension 'uasset'.
[2026.02.11-17.19.51:242][978]LogAssetTools: Warning: Failed to import 'C:\Users\harry\Downloads\All Gun\Sounds/FoleyFlesh/Mono/FoleyFlesh_Gib01.uasset'. Unknown extension 'uasset'.
[2026.02.11-17.19.51:248][978]LogAssetTools: Warning: Failed to import 'C:\Users\harry\Downloads\All Gun\Sounds/FoleyFlesh/Mono/FoleyFlesh_Gib02.uasset'. Unknown extension 'uasset'.
[2026.02.11-17.19.51:252][978]LogAssetTools: Warning: Failed to import 'C:\Users\harry\Downloads\All Gun\Sounds/FoleyFlesh/Mono/FoleyFlesh_Gib03.uasset'. Unknown extension 'uasset'.
[2026.02.11-17.19.51:256][978]LogAssetTools: Warning: Failed to import 'C:\Users\harry\Downloads\All Gun\Sounds/FoleyFlesh/Mono/FoleyFlesh_Gib04.uasset'. Unknown extension 'uasset'.
[2026.02.11-17.19.52:425][978]LogAssetTools: Warning: Failed to import 'C:\Users\harry\Downloads\All Gun\Sounds/FoleyFlesh/Mono/FoleyFlesh_Gib05.uasset'. Unknown extension 'uasset'.
[2026.02.11-17.19.52:515][978]LogAssetTools: Warning: Failed to import 'C:\Users\harry\Downloads\All Gun\Sounds/FoleyFlesh/Mono/FoleyFlesh_Gib06.uasset'. Unknown extension 'uasset'.
[2026.02.11-17.19.52:523][978]LogAssetTools: Warning: Failed to import 'C:\Users\harry\Downloads\All Gun\Sounds/FoleyFlesh/Mono/FoleyFlesh_Gib_Cue.uasset'. Unknown extension 'uasset'.
[2026.02.11-17.19.52:528][978]LogAssetTools: Warning: Failed to import 'C:\Users\harry\Downloads\All Gun\Sounds/FoleyFlesh/Mono/FoleyFlesh_Impact02.uasset'. Unknown extension 'uasset'.
[2026.02.11-17.19.52:533][978]LogAssetTools: Warning: Failed to import 'C:\Users\harry\Downloads\All Gun\Sounds/FoleyFlesh/Mono/FoleyFlesh_Impact03.uasset'. Unknown extension 'uasset'.
[2026.02.11-17.19.52:537][978]LogAssetTools: Warning: Failed to import 'C:\Users\harry\Downloads\All Gun\Sounds/FoleyFlesh/Mono/FoleyFlesh_Impact04.uasset'. Unknown extension 'uasset'.
[2026.02.11-17.19.52:542][978]LogAssetTools: Warning: Failed to import 'C:\Users\harry\Downloads\All Gun\Sounds/FoleyFlesh/Mono/FoleyFlesh_Impact05.uasset'. Unknown extension 'uasset'.
[2026.02.11-17.19.52:548][978]LogAssetTools: Warning: Failed to import 'C:\Users\harry\Downloads\All Gun\Sounds/FoleyFlesh/Mono/FoleyFlesh_Impact06.uasset'. Unknown extension 'uasset'.
[2026.02.11-17.19.52:552][978]LogAssetTools: Warning: Failed to import 'C:\Users\harry\Downloads\All Gun\Sounds/FoleyFlesh/Mono/FoleyFlesh_Impact07.uasset'. Unknown extension 'uasset'.
[2026.02.11-17.19.52:557][978]LogAssetTools: Warning: Failed to import 'C:\Users\harry\Downloads\All Gun\Sounds/FoleyFlesh/Mono/FoleyFlesh_Impact08.uasset'. Unknown extension 'uasset'.
[2026.02.11-17.19.52:562][978]LogAssetTools: Warning: Failed to import 'C:\Users\harry\Downloads\All Gun\Sounds/FoleyFlesh/Mono/FoleyFlesh_Impact_Cue.uasset'. Unknown extension 'uasset'.
[2026.02.11-17.19.52:567][978]LogAssetTools: Warning: Failed to import 'C:\Users\harry\Downloads\All Gun\Sounds/FoleyFlesh/Stereo/Cue_CreatureDeath.uasset'. Unknown extension 'uasset'.
[2026.02.11-17.19.52:579][978]LogAssetTools: Warning: Failed to import 'C:\Users\harry\Downloads\All Gun\Sounds/FoleyFlesh/Stereo/FoleyFlesh_Gib01_Stereo.uasset'. Unknown extension 'uasset'.
[2026.02.11-17.19.52:584][978]LogAssetTools: Warning: Failed to import 'C:\Users\harry\Downloads\All Gun\Sounds/FoleyFlesh/Stereo/FoleyFlesh_Gib02_Stereo.uasset'. Unknown extension 'uasset'.
[2026.02.11-17.19.52:590][978]LogAssetTools: Warning: Failed to import 'C:\Users\harry\Downloads\All Gun\Sounds/FoleyFlesh/Stereo/FoleyFlesh_Gib03_Stereo.uasset'. Unknown extension 'uasset'.
[2026.02.11-17.19.52:594][978]LogAssetTools: Warning: Failed to import 'C:\Users\harry\Downloads\All Gun\Sounds/FoleyFlesh/Stereo/FoleyFlesh_Gib04_Stereo.uasset'. Unknown extension 'uasset'.
[2026.02.11-17.19.52:600][978]LogAssetTools: Warning: Failed to import 'C:\Users\harry\Downloads\All Gun\Sounds/FoleyFlesh/Stereo/FoleyFlesh_Gib05_Stereo.uasset'. Unknown extension 'uasset'.
[2026.02.11-17.19.52:604][978]LogAssetTools: Warning: Failed to import 'C:\Users\harry\Downloads\All Gun\Sounds/FoleyFlesh/Stereo/FoleyFlesh_Gib06_Stereo.uasset'. Unknown extension 'uasset'.
[2026.02.11-17.19.52:608][978]LogAssetTools: Warning: Failed to import 'C:\Users\harry\Downloads\All Gun\Sounds/FoleyFlesh/Stereo/FoleyFlesh_Impact01_Stereo.uasset'. Unknown extension 'uasset'.
[2026.02.11-17.19.52:614][978]LogAssetTools: Warning: Failed to import 'C:\Users\harry\Downloads\All Gun\Sounds/FoleyFlesh/Stereo/FoleyFlesh_Impact02_Stereo.uasset'. Unknown extension 'uasset'.
[2026.02.11-17.19.52:619][978]LogAssetTools: Warning: Failed to import 'C:\Users\harry\Downloads\All Gun\Sounds/FoleyFlesh/Stereo/FoleyFlesh_Impact03_Stereo.uasset'. Unknown extension 'uasset'.
[2026.02.11-17.19.52:624][978]LogAssetTools: Warning: Failed to import 'C:\Users\harry\Downloads\All Gun\Sounds/FoleyFlesh/Stereo/FoleyFlesh_Impact04_Stereo.uasset'. Unknown extension 'uasset'.
[2026.02.11-17.19.52:629][978]LogAssetTools: Warning: Failed to import 'C:\Users\harry\Downloads\All Gun\Sounds/FoleyFlesh/Stereo/FoleyFlesh_Impact05_Stereo.uasset'. Unknown extension 'uasset'.
[2026.02.11-17.19.53:593][978]LogAssetTools: Warning: Failed to import 'C:\Users\harry\Downloads\All Gun\Sounds/FoleyFlesh/Stereo/FoleyFlesh_Impact06_Stereo.uasset'. Unknown extension 'uasset'.
[2026.02.11-17.19.53:687][978]LogAssetTools: Warning: Failed to import 'C:\Users\harry\Downloads\All Gun\Sounds/FoleyFlesh/Stereo/FoleyFlesh_Impact07_Stereo.uasset'. Unknown extension 'uasset'.
[2026.02.11-17.19.53:692][978]LogAssetTools: Warning: Failed to import 'C:\Users\harry\Downloads\All Gun\Sounds/FoleyFlesh/Stereo/FoleyFlesh_Impact08_Stereo.uasset'. Unknown extension 'uasset'.
[2026.02.11-17.19.53:697][978]LogAssetTools: Warning: Failed to import 'C:\Users\harry\Downloads\All Gun\Sounds/Footsteps/Mono/Footsteps_Generic_Cue.uasset'. Unknown extension 'uasset'.
[2026.02.11-17.19.53:702][978]LogAssetTools: Warning: Failed to import 'C:\Users\harry\Downloads\All Gun\Sounds/Footsteps/Mono/Footstep_Generic01.uasset'. Unknown extension 'uasset'.
[2026.02.11-17.19.53:706][978]LogAssetTools: Warning: Failed to import 'C:\Users\harry\Downloads\All Gun\Sounds/Footsteps/Mono/Footstep_Generic02.uasset'. Unknown extension 'uasset'.
[2026.02.11-17.19.53:709][978]LogAssetTools: Warning: Failed to import 'C:\Users\harry\Downloads\All Gun\Sounds/Footsteps/Mono/Footstep_Generic03.uasset'. Unknown extension 'uasset'.
[2026.02.11-17.19.53:715][978]LogAssetTools: Warning: Failed to import 'C:\Users\harry\Downloads\All Gun\Sounds/Footsteps/Mono/Footstep_Generic04.uasset'. Unknown extension 'uasset'.
[2026.02.11-17.19.53:721][978]LogAssetTools: Warning: Failed to import 'C:\Users\harry\Downloads\All Gun\Sounds/Footsteps/Mono/Footstep_Generic05.uasset'. Unknown extension 'uasset'.
[2026.02.11-17.19.53:725][978]LogAssetTools: Warning: Failed to import 'C:\Users\harry\Downloads\All Gun\Sounds/Footsteps/Mono/Footstep_Generic06.uasset'. Unknown extension 'uasset'.
[2026.02.11-17.19.53:732][978]LogAssetTools: Warning: Failed to import 'C:\Users\harry\Downloads\All Gun\Sounds/Footsteps/Mono/Footstep_Generic07.uasset'. Unknown extension 'uasset'.
[2026.02.11-17.19.53:737][978]LogAssetTools: Warning: Failed to import 'C:\Users\harry\Downloads\All Gun\Sounds/Footsteps/Mono/Footstep_Generic08.uasset'. Unknown extension 'uasset'.
[2026.02.11-17.19.53:742][978]LogAssetTools: Warning: Failed to import 'C:\Users\harry\Downloads\All Gun\Sounds/Footsteps/Mono/Footstep_Generic09.uasset'. Unknown extension 'uasset'.
[2026.02.11-17.19.53:747][978]LogAssetTools: Warning: Failed to import 'C:\Users\harry\Downloads\All Gun\Sounds/Footsteps/Mono/Footstep_Generic10.uasset'. Unknown extension 'uasset'.
[2026.02.11-17.19.53:751][978]LogAssetTools: Warning: Failed to import 'C:\Users\harry\Downloads\All Gun\Sounds/Footsteps/Mono/Footstep_Generic11.uasset'. Unknown extension 'uasset'.
[2026.02.11-17.19.53:757][978]LogAssetTools: Warning: Failed to import 'C:\Users\harry\Downloads\All Gun\Sounds/Footsteps/Mono/Footstep_Generic12.uasset'. Unknown extension 'uasset'.
[2026.02.11-17.19.53:762][978]LogAssetTools: Warning: Failed to import 'C:\Users\harry\Downloads\All Gun\Sounds/Footsteps/Stereo/Footsteps_Generic_Stereo_Cue.uasset'. Unknown extension 'uasset'.
[2026.02.11-17.19.53:766][978]LogAssetTools: Warning: Failed to import 'C:\Users\harry\Downloads\All Gun\Sounds/Footsteps/Stereo/Footstep_Generic01_Stereo.uasset'. Unknown extension 'uasset'.
[2026.02.11-17.19.53:770][978]LogAssetTools: Warning: Failed to import 'C:\Users\harry\Downloads\All Gun\Sounds/Footsteps/Stereo/Footstep_Generic02_Stereo.uasset'. Unknown extension 'uasset'.
[2026.02.11-17.19.53:782][978]LogAssetTools: Warning: Failed to import 'C:\Users\harry\Downloads\All Gun\Sounds/Footsteps/Stereo/Footstep_Generic03_Stereo.uasset'. Unknown extension 'uasset'.
[2026.02.11-17.19.53:788][978]LogAssetTools: Warning: Failed to import 'C:\Users\harry\Downloads\All Gun\Sounds/Footsteps/Stereo/Footstep_Generic04_Stereo.uasset'. Unknown extension 'uasset'.
[2026.02.11-17.19.53:793][978]LogAssetTools: Warning: Failed to import 'C:\Users\harry\Downloads\All Gun\Sounds/Footsteps/Stereo/Footstep_Generic05_Stereo.uasset'. Unknown extension 'uasset'.
[2026.02.11-17.19.54:758][978]LogAssetTools: Warning: Failed to import 'C:\Users\harry\Downloads\All Gun\Sounds/Footsteps/Stereo/Footstep_Generic06_Stereo.uasset'. Unknown extension 'uasset'.
[2026.02.11-17.19.54:853][978]LogAssetTools: Warning: Failed to import 'C:\Users\harry\Downloads\All Gun\Sounds/Footsteps/Stereo/Footstep_Generic07_Stereo.uasset'. Unknown extension 'uasset'.
[2026.02.11-17.19.54:859][978]LogAssetTools: Warning: Failed to import 'C:\Users\harry\Downloads\All Gun\Sounds/Footsteps/Stereo/Footstep_Generic08_Stereo.uasset'. Unknown extension 'uasset'.
[2026.02.11-17.19.54:866][978]LogAssetTools: Warning: Failed to import 'C:\Users\harry\Downloads\All Gun\Sounds/Footsteps/Stereo/Footstep_Generic09_Stereo.uasset'. Unknown extension 'uasset'.
[2026.02.11-17.19.54:880][978]LogAssetTools: Warning: Failed to import 'C:\Users\harry\Downloads\All Gun\Sounds/Footsteps/Stereo/Footstep_Generic10_Stereo.uasset'. Unknown extension 'uasset'.
[2026.02.11-17.19.54:887][978]LogAssetTools: Warning: Failed to import 'C:\Users\harry\Downloads\All Gun\Sounds/Footsteps/Stereo/Footstep_Generic11_Stereo.uasset'. Unknown extension 'uasset'.
[2026.02.11-17.19.54:892][978]LogAssetTools: Warning: Failed to import 'C:\Users\harry\Downloads\All Gun\Sounds/Footsteps/Stereo/Footstep_Generic12_Stereo.uasset'. Unknown extension 'uasset'.
[2026.02.11-17.19.54:897][978]LogAssetTools: Warning: Failed to import 'C:\Users\harry\Downloads\All Gun\Sounds/InterfaceAudio/Stereo/MenuAccept_Stereo.uasset'. Unknown extension 'uasset'.
[2026.02.11-17.19.54:903][978]LogAssetTools: Warning: Failed to import 'C:\Users\harry\Downloads\All Gun\Sounds/InterfaceAudio/Stereo/MenuAccept_Stereo_Cue.uasset'. Unknown extension 'uasset'.
[2026.02.11-17.19.54:908][978]LogAssetTools: Warning: Failed to import 'C:\Users\harry\Downloads\All Gun\Sounds/InterfaceAudio/Stereo/MenuBack01_Stereo.uasset'. Unknown extension 'uasset'.
[2026.02.11-17.19.54:912][978]LogAssetTools: Warning: Failed to import 'C:\Users\harry\Downloads\All Gun\Sounds/InterfaceAudio/Stereo/MenuBack02_Stereo.uasset'. Unknown extension 'uasset'.
[2026.02.11-17.19.54:918][978]LogAssetTools: Warning: Failed to import 'C:\Users\harry\Downloads\All Gun\Sounds/InterfaceAudio/Stereo/MenuBack03_Stereo.uasset'. Unknown extension 'uasset'.
[2026.02.11-17.19.54:923][978]LogAssetTools: Warning: Failed to import 'C:\Users\harry\Downloads\All Gun\Sounds/InterfaceAudio/Stereo/MenuBack_Stereo_Cue.uasset'. Unknown extension 'uasset'.
[2026.02.11-17.19.54:927][978]LogAssetTools: Warning: Failed to import 'C:\Users\harry\Downloads\All Gun\Sounds/InterfaceAudio/Stereo/MenuCursor01_Stereo.uasset'. Unknown extension 'uasset'.
[2026.02.11-17.19.54:932][978]LogAssetTools: Warning: Failed to import 'C:\Users\harry\Downloads\All Gun\Sounds/InterfaceAudio/Stereo/MenuCursor02_Stereo.uasset'. Unknown extension 'uasset'.
[2026.02.11-17.19.54:937][978]LogAssetTools: Warning: Failed to import 'C:\Users\harry\Downloads\All Gun\Sounds/InterfaceAudio/Stereo/MenuCursor03_Stereo.uasset'. Unknown extension 'uasset'.
[2026.02.11-17.19.54:941][978]LogAssetTools: Warning: Failed to import 'C:\Users\harry\Downloads\All Gun\Sounds/InterfaceAudio/Stereo/MenuCursor04_Stereo.uasset'. Unknown extension 'uasset'.
[2026.02.11-17.19.54:945][978]LogAssetTools: Warning: Failed to import 'C:\Users\harry\Downloads\All Gun\Sounds/InterfaceAudio/Stereo/MenuCursor_Sides_Stereo_Cue.uasset'. Unknown extension 'uasset'.
[2026.02.11-17.19.54:953][978]LogAssetTools: Warning: Failed to import 'C:\Users\harry\Downloads\All Gun\Sounds/InterfaceAudio/Stereo/MenuCursor_UpDown_Stereo_Cue.uasset'. Unknown extension 'uasset'.
[2026.02.11-17.19.54:958][978]LogAssetTools: Warning: Failed to import 'C:\Users\harry\Downloads\All Gun\Sounds/InterfaceAudio/Stereo/MenuDiscard_Stereo.uasset'. Unknown extension 'uasset'.
[2026.02.11-17.19.55:912][978]LogAssetTools: Warning: Failed to import 'C:\Users\harry\Downloads\All Gun\Sounds/InterfaceAudio/Stereo/MenuDiscard_Stereo_Cue.uasset'. Unknown extension 'uasset'.
[2026.02.11-17.19.55:991][978]LogAssetTools: Warning: Failed to import 'C:\Users\harry\Downloads\All Gun\Sounds/InterfaceAudio/Stereo/MenuEnter01_Stereo.uasset'. Unknown extension 'uasset'.
[2026.02.11-17.19.55:998][978]LogAssetTools: Warning: Failed to import 'C:\Users\harry\Downloads\All Gun\Sounds/InterfaceAudio/Stereo/MenuEnter02_Stereo.uasset'. Unknown extension 'uasset'.
[2026.02.11-17.19.56:004][978]LogAssetTools: Warning: Failed to import 'C:\Users\harry\Downloads\All Gun\Sounds/InterfaceAudio/Stereo/MenuEnter03_Stereo.uasset'. Unknown extension 'uasset'.
[2026.02.11-17.19.56:009][978]LogAssetTools: Warning: Failed to import 'C:\Users\harry\Downloads\All Gun\Sounds/InterfaceAudio/Stereo/MenuEnter_Stereo_Cue.uasset'. Unknown extension 'uasset'.
[2026.02.11-17.19.56:014][978]LogAssetTools: Warning: Failed to import 'C:\Users\harry\Downloads\All Gun\Sounds/InterfaceAudio/Stereo/MenuExitStereo_Cue.uasset'. Unknown extension 'uasset'.
[2026.02.11-17.19.56:019][978]LogAssetTools: Warning: Failed to import 'C:\Users\harry\Downloads\All Gun\Sounds/InterfaceAudio/Stereo/MenuExit_Stereo.uasset'. Unknown extension 'uasset'.
[2026.02.11-17.19.56:024][978]LogAssetTools: Warning: Failed to import 'C:\Users\harry\Downloads\All Gun\Sounds/InterfaceAudio/Stereo/MenuStart_Stereo.uasset'. Unknown extension 'uasset'.
[2026.02.11-17.19.56:032][978]LogAssetTools: Warning: Failed to import 'C:\Users\harry\Downloads\All Gun\Sounds/InterfaceAudio/Stereo/MenuStart_Stereo_Cue.uasset'. Unknown extension 'uasset'.
[2026.02.11-17.19.56:038][978]LogAssetTools: Warning: Failed to import 'C:\Users\harry\Downloads\All Gun\Sounds/InterfaceAudio/Stereo/UI_LowHealth_Loop_Stereo.uasset'. Unknown extension 'uasset'.
[2026.02.11-17.19.56:042][978]LogAssetTools: Warning: Failed to import 'C:\Users\harry\Downloads\All Gun\Sounds/InterfaceAudio/Stereo/UI_LowHealth_Loop_Stereo_Cue.uasset'. Unknown extension 'uasset'.
[2026.02.11-17.19.56:046][978]LogAssetTools: Warning: Failed to import 'C:\Users\harry\Downloads\All Gun\Sounds/InterfaceAudio/Stereo/UI_PlayerRespawn_Stereo_Cue.uasset'. Unknown extension 'uasset'.
[2026.02.11-17.19.56:051][978]LogAssetTools: Warning: Failed to import 'C:\Users\harry\Downloads\All Gun\Sounds/Music/ShooterGame_Music.uasset'. Unknown extension 'uasset'.
[2026.02.11-17.19.56:055][978]LogAssetTools: Warning: Failed to import 'C:\Users\harry\Downloads\All Gun\Sounds/Music/ShooterGame_Music_Cue.uasset'. Unknown extension 'uasset'.
[2026.02.11-17.19.56:059][978]LogAssetTools: Warning: Failed to import 'C:\Users\harry\Downloads\All Gun\Sounds/Music/ShooterGame_Music_Intro.uasset'. Unknown extension 'uasset'.
[2026.02.11-17.19.56:064][978]LogAssetTools: Warning: Failed to import 'C:\Users\harry\Downloads\All Gun\Sounds/Music/ShooterGame_Music_Intro_Cue.uasset'. Unknown extension 'uasset'.
[2026.02.11-17.19.56:068][978]LogAssetTools: Warning: Failed to import 'C:\Users\harry\Downloads\All Gun\Sounds/Stingers/Mono/StingerPickup_Health01.uasset'. Unknown extension 'uasset'.
[2026.02.11-17.19.56:073][978]LogAssetTools: Warning: Failed to import 'C:\Users\harry\Downloads\All Gun\Sounds/Stingers/Mono/StingerPickup_Health02.uasset'. Unknown extension 'uasset'.
[2026.02.11-17.19.56:085][978]LogAssetTools: Warning: Failed to import 'C:\Users\harry\Downloads\All Gun\Sounds/Stingers/Mono/StingerPickup_Health_Cue.uasset'. Unknown extension 'uasset'.
[2026.02.11-17.19.56:089][978]LogAssetTools: Warning: Failed to import 'C:\Users\harry\Downloads\All Gun\Sounds/Stingers/Mono/Stinger_PlayerDeath01.uasset'. Unknown extension 'uasset'.
[2026.02.11-17.19.56:093][978]LogAssetTools: Warning: Failed to import 'C:\Users\harry\Downloads\All Gun\Sounds/Stingers/Stereo/StingerPickup_Health01_Stereo.uasset'. Unknown extension 'uasset'.
[2026.02.11-17.19.56:097][978]LogAssetTools: Warning: Failed to import 'C:\Users\harry\Downloads\All Gun\Sounds/Stingers/Stereo/StingerPickup_Health02_Stereo.uasset'. Unknown extension 'uasset'.
[2026.02.11-17.19.56:102][978]LogAssetTools: Warning: Failed to import 'C:\Users\harry\Downloads\All Gun\Sounds/Stingers/Stereo/Stinger_PlayerDeath01_Stereo.uasset'. Unknown extension 'uasset'.
[2026.02.11-17.19.56:106][978]LogAssetTools: Warning: Failed to import 'C:\Users\harry\Downloads\All Gun\Sounds/Stingers/Stereo/Stinger_PlayerDeath02_Stereo.uasset'. Unknown extension 'uasset'.
[2026.02.11-17.19.56:111][978]LogAssetTools: Warning: Failed to import 'C:\Users\harry\Downloads\All Gun\Sounds/Stingers/Stereo/Stinger_PlayerDeath_Stereo_Cue.uasset'. Unknown extension 'uasset'.
[2026.02.11-17.19.56:115][978]LogAssetTools: Warning: Failed to import 'C:\Users\harry\Downloads\All Gun\Sounds/Weapon_AssaultRifle/Stereo/AssaultRifle_Equip_Stereo_Cue.uasset'. Unknown extension 'uasset'.
[2026.02.11-17.19.57:085][978]LogAssetTools: Warning: Failed to import 'C:\Users\harry\Downloads\All Gun\Sounds/Weapon_AssaultRifle/Stereo/AssaultRifle_Reload_Stereo_Cue.uasset'. Unknown extension 'uasset'.
[2026.02.11-17.19.57:164][978]LogAssetTools: Warning: Failed to import 'C:\Users\harry\Downloads\All Gun\Sounds/Weapon_AssaultRifle/Stereo/AssaultRifle_Shot01_Stereo.uasset'. Unknown extension 'uasset'.
[2026.02.11-17.19.57:170][978]LogAssetTools: Warning: Failed to import 'C:\Users\harry\Downloads\All Gun\Sounds/Weapon_AssaultRifle/Stereo/AssaultRifle_Shot02_Stereo.uasset'. Unknown extension 'uasset'.
[2026.02.11-17.19.57:174][978]LogAssetTools: Warning: Failed to import 'C:\Users\harry\Downloads\All Gun\Sounds/Weapon_AssaultRifle/Stereo/AssaultRifle_Shot03_Stereo.uasset'. Unknown extension 'uasset'.
[2026.02.11-17.19.57:179][978]LogAssetTools: Warning: Failed to import 'C:\Users\harry\Downloads\All Gun\Sounds/Weapon_AssaultRifle/Stereo/AssaultRifle_Shot04_Stereo.uasset'. Unknown extension 'uasset'.
[2026.02.11-17.19.57:183][978]LogAssetTools: Warning: Failed to import 'C:\Users\harry\Downloads\All Gun\Sounds/Weapon_AssaultRifle/Stereo/AssaultRifle_Shot05_Stereo.uasset'. Unknown extension 'uasset'.
[2026.02.11-17.19.57:188][978]LogAssetTools: Warning: Failed to import 'C:\Users\harry\Downloads\All Gun\Sounds/Weapon_AssaultRifle/Stereo/AssaultRifle_Shot06_Stereo.uasset'. Unknown extension 'uasset'.
[2026.02.11-17.19.57:193][978]LogAssetTools: Warning: Failed to import 'C:\Users\harry\Downloads\All Gun\Sounds/Weapon_AssaultRifle/Stereo/AssaultRifle_ShotEnd01_Stereo.uasset'. Unknown extension 'uasset'.
[2026.02.11-17.19.57:196][978]LogAssetTools: Warning: Failed to import 'C:\Users\harry\Downloads\All Gun\Sounds/Weapon_AssaultRifle/Stereo/AssaultRifle_ShotEnd02_Stereo.uasset'. Unknown extension 'uasset'.
[2026.02.11-17.19.57:200][978]LogAssetTools: Warning: Failed to import 'C:\Users\harry\Downloads\All Gun\Sounds/Weapon_AssaultRifle/Stereo/AssaultRifle_ShotEnd03_Stereo.uasset'. Unknown extension 'uasset'.
[2026.02.11-17.19.57:204][978]LogAssetTools: Warning: Failed to import 'C:\Users\harry\Downloads\All Gun\Sounds/Weapon_AssaultRifle/Stereo/AssaultRifle_ShotEnd04_Stereo.uasset'. Unknown extension 'uasset'.
[2026.02.11-17.19.57:209][978]LogAssetTools: Warning: Failed to import 'C:\Users\harry\Downloads\All Gun\Sounds/Weapon_AssaultRifle/Stereo/AssaultRifle_ShotEnd05_Stereo.uasset'. Unknown extension 'uasset'.
[2026.02.11-17.19.57:213][978]LogAssetTools: Warning: Failed to import 'C:\Users\harry\Downloads\All Gun\Sounds/Weapon_AssaultRifle/Stereo/AssaultRifle_ShotEnd06_Stereo.uasset'. Unknown extension 'uasset'.
[2026.02.11-17.19.57:217][978]LogAssetTools: Warning: Failed to import 'C:\Users\harry\Downloads\All Gun\Sounds/Weapon_AssaultRifle/Stereo/AssaultRifle_ShotLoop01_Stereo.uasset'. Unknown extension 'uasset'.
[2026.02.11-17.19.57:221][978]LogAssetTools: Warning: Failed to import 'C:\Users\harry\Downloads\All Gun\Sounds/Weapon_AssaultRifle/Stereo/AssaultRifle_ShotLoop02_Stereo.uasset'. Unknown extension 'uasset'.
[2026.02.11-17.19.57:225][978]LogAssetTools: Warning: Failed to import 'C:\Users\harry\Downloads\All Gun\Sounds/Weapon_AssaultRifle/Stereo/AssaultRifle_ShotLoop03_Stereo.uasset'. Unknown extension 'uasset'.
[2026.02.11-17.19.57:230][978]LogAssetTools: Warning: Failed to import 'C:\Users\harry\Downloads\All Gun\Sounds/Weapon_AssaultRifle/Stereo/Weapon_AssaultRifle_AmmoPickup01_Stereo.uasset'. Unknown extension 'uasset'.
[2026.02.11-17.19.57:234][978]LogAssetTools: Warning: Failed to import 'C:\Users\harry\Downloads\All Gun\Sounds/Weapon_AssaultRifle/Stereo/Weapon_AssaultRifle_AmmoPickup02_Stereo.uasset'. Unknown extension 'uasset'.
[2026.02.11-17.19.57:238][978]LogAssetTools: Warning: Failed to import 'C:\Users\harry\Downloads\All Gun\Sounds/Weapon_AssaultRifle/Stereo/Weapon_AssaultRifle_AmmoPickup03_Stereo.uasset'. Unknown extension 'uasset'.
[2026.02.11-17.19.57:243][978]LogAssetTools: Warning: Failed to import 'C:\Users\harry\Downloads\All Gun\Sounds/Weapon_AssaultRifle/Stereo/Weapon_AssaultRifle_Empty01_Stereo.uasset'. Unknown extension 'uasset'.
[2026.02.11-17.19.57:248][978]LogAssetTools: Warning: Failed to import 'C:\Users\harry\Downloads\All Gun\Sounds/Weapon_AssaultRifle/Stereo/Weapon_AssaultRifle_Empty02_Stereo.uasset'. Unknown extension 'uasset'.
[2026.02.11-17.19.57:252][978]LogAssetTools: Warning: Failed to import 'C:\Users\harry\Downloads\All Gun\Sounds/Weapon_AssaultRifle/Stereo/Weapon_AssaultRifle_Empty03_Stereo.uasset'. Unknown extension 'uasset'.
[2026.02.11-17.19.57:256][978]LogAssetTools: Warning: Failed to import 'C:\Users\harry\Downloads\All Gun\Sounds/Weapon_AssaultRifle/Stereo/Weapon_AssaultRifle_Reload01_Stereo.uasset'. Unknown extension 'uasset'.
[2026.02.11-17.19.57:261][978]LogAssetTools: Warning: Failed to import 'C:\Users\harry\Downloads\All Gun\Sounds/Weapon_AssaultRifle/Stereo/Weapon_AssaultRifle_Reload02_Stereo.uasset'. Unknown extension 'uasset'.
[2026.02.11-17.19.57:266][978]LogAssetTools: Warning: Failed to import 'C:\Users\harry\Downloads\All Gun\Sounds/Weapon_AssaultRifle/Stereo/Weapon_AssaultRifle_Reload03_Stereo.uasset'. Unknown extension 'uasset'.
[2026.02.11-17.19.57:270][978]LogAssetTools: Warning: Failed to import 'C:\Users\harry\Downloads\All Gun\Sounds/Weapon_AssaultRifle/Stereo/Weapon_AssaultRifle_Swap01_Stereo.uasset'. Unknown extension 'uasset'.
[2026.02.11-17.19.57:274][978]LogAssetTools: Warning: Failed to import 'C:\Users\harry\Downloads\All Gun\Sounds/Weapon_AssaultRifle/Stereo/Weapon_AssaultRifle_Swap02_Stereo.uasset'. Unknown extension 'uasset'.
[2026.02.11-17.19.57:288][978]LogAssetTools: Warning: Failed to import 'C:\Users\harry\Downloads\All Gun\Sounds/Weapon_AssaultRifle/Stereo/Weapon_AssaultRifle_Swap03_Stereo.uasset'. Unknown extension 'uasset'.
[2026.02.11-17.19.58:242][978]LogAssetTools: Warning: Failed to import 'C:\Users\harry\Downloads\All Gun\Weapons/MaterialLayers/ML_BoltMetal.uasset'. Unknown extension 'uasset'.
[2026.02.11-17.19.58:386][978]LogAssetTools: Warning: Failed to import 'C:\Users\harry\Downloads\All Gun\Weapons/MaterialLayers/ML_Metal_Copper.uasset'. Unknown extension 'uasset'.
[2026.02.11-17.19.58:390][978]LogAssetTools: Warning: Failed to import 'C:\Users\harry\Downloads\All Gun\Weapons/MaterialLayers/ML_Metal_Gray.uasset'. Unknown extension 'uasset'.
[2026.02.11-17.19.58:394][978]LogAssetTools: Warning: Failed to import 'C:\Users\harry\Downloads\All Gun\Weapons/MaterialLayers/ML_Paint.uasset'. Unknown extension 'uasset'.
[2026.02.11-17.19.58:399][978]LogAssetTools: Warning: Failed to import 'C:\Users\harry\Downloads\All Gun\Weapons/MaterialLayers/ML_Rubber.uasset'. Unknown extension 'uasset'.
[2026.02.11-17.19.58:403][978]LogAssetTools: Warning: Failed to import 'C:\Users\harry\Downloads\All Gun\Weapons/MaterialLayers/T_ExampleLayers_Metal02_N.uasset'. Unknown extension 'uasset'.
[2026.02.11-17.19.58:407][978]LogAssetTools: Warning: Failed to import 'C:\Users\harry\Downloads\All Gun\Weapons/MaterialLayers/T_Metal_Metal02_D.uasset'. Unknown extension 'uasset'.
[2026.02.11-17.19.58:411][978]LogAssetTools: Warning: Failed to import 'C:\Users\harry\Downloads\All Gun\Weapons/MaterialLayers/T_PaintedMetal01_N.uasset'. Unknown extension 'uasset'.
[2026.02.11-17.19.58:415][978]LogAssetTools: Warning: Failed to import 'C:\Users\harry\Downloads\All Gun\Weapons/MaterialLayers/T_PaintedMetal02.uasset'. Unknown extension 'uasset'.
[2026.02.11-17.19.58:419][978]LogAssetTools: Warning: Failed to import 'C:\Users\harry\Downloads\All Gun\Weapons/MaterialLayers/T_Rubber.uasset'. Unknown extension 'uasset'.
[2026.02.11-17.19.58:423][978]LogAssetTools: Warning: Failed to import 'C:\Users\harry\Downloads\All Gun\Weapons/Materials/MagGun_MatA.uasset'. Unknown extension 'uasset'.
[2026.02.11-17.19.58:427][978]LogAssetTools: Warning: Failed to import 'C:\Users\harry\Downloads\All Gun\Weapons/Materials/MagGun_MatA_Inst3.uasset'. Unknown extension 'uasset'.
[2026.02.11-17.19.58:431][978]LogAssetTools: Warning: Failed to import 'C:\Users\harry\Downloads\All Gun\Weapons/Materials/MagGun_MatB.uasset'. Unknown extension 'uasset'.
[2026.02.11-17.19.58:435][978]LogAssetTools: Warning: Failed to import 'C:\Users\harry\Downloads\All Gun\Weapons/Materials/MagGun_MatB_Inst2.uasset'. Unknown extension 'uasset'.
[2026.02.11-17.19.58:439][978]LogAssetTools: Warning: Failed to import 'C:\Users\harry\Downloads\All Gun\Weapons/Materials/MagGun_MatB_Inst3.uasset'. Unknown extension 'uasset'.
[2026.02.11-17.19.58:443][978]LogAssetTools: Warning: Failed to import 'C:\Users\harry\Downloads\All Gun\Weapons/Materials/MagGun_SightLens_Mat.uasset'. Unknown extension 'uasset'.
[2026.02.11-17.19.59:095][978]LogAssetTools: Warning: Failed to import 'C:\Users\harry\Downloads\All Gun\Weapons/Materials/MagGun_SightLens_Mat_Inst.uasset'. Unknown extension 'uasset'.
[2026.02.11-17.19.59:190][978]LogAssetTools: Warning: Failed to import 'C:\Users\harry\Downloads\All Gun\Weapons/Rifle.uasset'. Unknown extension 'uasset'.
[2026.02.11-17.19.59:195][978]LogAssetTools: Warning: Failed to import 'C:\Users\harry\Downloads\All Gun\Weapons/Rifle_Skeleton.uasset'. Unknown extension 'uasset'.
[2026.02.11-17.19.59:200][978]LogAssetTools: Warning: Failed to import 'C:\Users\harry\Downloads\All Gun\Weapons/Textures/MagGunT1_section.uasset'. Unknown extension 'uasset'.
[2026.02.11-17.19.59:204][978]LogAssetTools: Warning: Failed to import 'C:\Users\harry\Downloads\All Gun\Weapons/Textures/MagGunT1_shade.uasset'. Unknown extension 'uasset'.
[2026.02.11-17.19.59:209][978]LogAssetTools: Warning: Failed to import 'C:\Users\harry\Downloads\All Gun\Weapons/Textures/MagGunT2_section.uasset'. Unknown extension 'uasset'.
[2026.02.11-17.19.59:214][978]LogAssetTools: Warning: Failed to import 'C:\Users\harry\Downloads\All Gun\Weapons/Textures/MagGunT2_shade.uasset'. Unknown extension 'uasset'.
[2026.02.11-17.19.59:218][978]LogAssetTools: Warning: Failed to import 'C:\Users\harry\Downloads\All Gun\Weapons/Textures/MagGun_01_N.uasset'. Unknown extension 'uasset'.
[2026.02.11-17.19.59:222][978]LogAssetTools: Warning: Failed to import 'C:\Users\harry\Downloads\All Gun\Weapons/Textures/MagGun_02_N.uasset'. Unknown extension 'uasset'.
[2026.02.11-17.19.59:227][978]LogAssetTools: Warning: Failed to import 'C:\Users\harry\Downloads\All Gun\Weapons/Textures/MagGun_Decals.uasset'. Unknown extension 'uasset'.
[2026.02.11-17.19.59:231][978]LogAssetTools: Warning: Failed to import 'C:\Users\harry\Downloads\All Gun\Weapons/Textures/MagGun_Display_EM.uasset'. Unknown extension 'uasset'.
[2026.02.11-17.19.59:236][978]LogAssetTools: Warning: Failed to import 'C:\Users\harry\Downloads\All Gun\Weapons/Textures/SightLens_maskA.uasset'. Unknown extension 'uasset'.
[2026.02.11-17.19.59:240][978]LogAssetTools: Warning: Failed to import 'C:\Users\harry\Downloads\All Gun\Weapons/Textures/SightLens_maskB.uasset'. Unknown extension 'uasset'.
[2026.02.11-17.20.03:342][139]LogSlate: Took 0.000192 seconds to synchronously load lazily loaded font '../../../Engine/Content/Slate/Fonts/Roboto-Italic.ttf' (157K)
[2026.02.11-17.21.04:069][148]LogSlate: Took 0.000179 seconds to synchronously load lazily loaded font '../../../Engine/Content/Slate/Fonts/DroidSansMono.ttf' (77K)
[2026.02.11-17.28.59:844][324]LogUObjectHash: Compacting FUObjectHashTables data took   0.56ms
[2026.02.11-17.28.59:891][324]LogSlate: Window 'TopDownAC - Unreal Editor' being destroyed
[2026.02.11-17.29.00:038][325]Cmd: QUIT_EDITOR
[2026.02.11-17.29.00:038][325]LogCore: Engine exit requested (reason: UUnrealEdEngine::CloseEditor())
[2026.02.11-17.29.00:041][325]LogCore: Engine exit requested (reason: EngineExit() was called; note: exit was already requested)
[2026.02.11-17.29.00:042][325]LogAudio: Display: Beginning Audio Device Manager Shutdown (Module: AudioMixerXAudio2)...
[2026.02.11-17.29.00:042][325]LogAudio: Display: Destroying 1 Remaining Audio Device(s)...
[2026.02.11-17.29.00:042][325]LogAudio: Display: Audio Device unregistered from world 'Main'.
[2026.02.11-17.29.00:042][325]LogAudioMixer: FMixerPlatformXAudio2::StopAudioStream() called
[2026.02.11-17.29.00:044][325]LogAudioMixer: FMixerPlatformXAudio2::StopAudioStream() called
[2026.02.11-17.29.00:045][325]LogAudio: Display: Audio Device Manager Shutdown
[2026.02.11-17.29.00:048][325]LogExit: Preparing to exit.
[2026.02.11-17.29.00:055][325]LogUObjectHash: Compacting FUObjectHashTables data took   0.53ms
[2026.02.11-17.29.01:299][325]LogWorld: UWorld::CleanupWorld for World_6, bSessionEnded=true, bCleanupResources=true
[2026.02.11-17.29.01:299][325]LogWorld: UWorld::CleanupWorld for World_7, bSessionEnded=true, bCleanupResources=true
[2026.02.11-17.29.01:300][325]LogWorld: UWorld::CleanupWorld for World_4, bSessionEnded=true, bCleanupResources=true
[2026.02.11-17.29.01:300][325]LogWorld: UWorld::CleanupWorld for World_2, bSessionEnded=true, bCleanupResources=true
[2026.02.11-17.29.01:300][325]LogWorld: UWorld::CleanupWorld for World_1, bSessionEnded=true, bCleanupResources=true
[2026.02.11-17.29.01:300][325]LogWorld: UWorld::CleanupWorld for World_0, bSessionEnded=true, bCleanupResources=true
[2026.02.11-17.29.01:301][325]LogWorld: UWorld::CleanupWorld for World_5, bSessionEnded=true, bCleanupResources=true
[2026.02.11-17.29.01:301][325]LogWorld: UWorld::CleanupWorld for World_8, bSessionEnded=true, bCleanupResources=true
[2026.02.11-17.29.01:301][325]LogWorld: UWorld::CleanupWorld for World_9, bSessionEnded=true, bCleanupResources=true
[2026.02.11-17.29.01:301][325]LogWorld: UWorld::CleanupWorld for World_3, bSessionEnded=true, bCleanupResources=true
[2026.02.11-17.29.01:325][325]LogDemo: Cleaned up 0 splitscreen connections with owner deletion
[2026.02.11-17.29.01:330][325]LogWorld: UWorld::CleanupWorld for None, bSessionEnded=true, bCleanupResources=true
[2026.02.11-17.29.01:330][325]LogExit: Editor shut down
[2026.02.11-17.29.01:330][325]LogExit: Transaction tracking system shut down
[2026.02.11-17.29.01:580][325]LogExit: Object subsystem successfully closed.
[2026.02.11-17.29.01:610][325]LogShaderCompilers: Display: === FShaderJobCache stats ===
[2026.02.11-17.29.01:610][325]LogShaderCompilers: Display: Total job queries 304, among them cache hits 3 (0.99%)
[2026.02.11-17.29.01:610][325]LogShaderCompilers: Display: Tracking 301 distinct input hashes that result in 105 distinct outputs (34.88%)
[2026.02.11-17.29.01:610][325]LogShaderCompilers: Display: RAM used: 0.54 MB (0.00 GB) of 1638.40 MB (1.60 GB) budget. Usage: 0.03%
[2026.02.11-17.29.01:610][325]LogShaderCompilers: Display: ================================================
[2026.02.11-17.29.01:623][325]LogShaderCompilers: Display: Shaders left to compile 0
[2026.02.11-17.29.01:631][325]LogModuleManager: Shutting down and abandoning module HierarchicalLODOutliner (870)
[2026.02.11-17.29.01:631][325]LogModuleManager: Shutting down and abandoning module SceneOutliner (868)
[2026.02.11-17.29.01:631][325]LogModuleManager: Shutting down and abandoning module AddContentDialog (866)
[2026.02.11-17.29.01:631][325]LogModuleManager: Shutting down and abandoning module WidgetCarousel (865)
[2026.02.11-17.29.01:631][325]LogModuleManager: Shutting down and abandoning module EditorWidgets (862)
[2026.02.11-17.29.01:631][325]LogModuleManager: Shutting down and abandoning module StatsViewer (860)
[2026.02.11-17.29.01:631][325]LogModuleManager: Shutting down and abandoning module PIEPreviewDeviceProfileSelector (858)
[2026.02.11-17.29.01:631][325]LogModuleManager: Shutting down and abandoning module SequenceRecorderSections (856)
[2026.02.11-17.29.01:631][325]LogModuleManager: Shutting down and abandoning module AutomationWorker (854)
[2026.02.11-17.29.01:632][325]LogModuleManager: Shutting down and abandoning module SteamVREditor (852)
[2026.02.11-17.29.01:632][325]LogModuleManager: Shutting down and abandoning module OculusMR (850)
[2026.02.11-17.29.01:632][325]LogModuleManager: Shutting down and abandoning module TakeRecorderSources (848)
[2026.02.11-17.29.01:632][325]LogModuleManager: Shutting down and abandoning module TakeRecorder (847)
[2026.02.11-17.29.01:632][325]LogModuleManager: Shutting down and abandoning module TakeTrackRecorders (844)
[2026.02.11-17.29.01:632][325]LogModuleManager: Shutting down and abandoning module TakesCore (842)
[2026.02.11-17.29.01:632][325]LogModuleManager: Shutting down and abandoning module OpenXRInput (840)
[2026.02.11-17.29.01:632][325]LogModuleManager: Shutting down and abandoning module GooglePADEditor (838)
[2026.02.11-17.29.01:632][325]LogModuleManager: Shutting down and abandoning module AudioCaptureEditor (836)
[2026.02.11-17.29.01:632][325]LogModuleManager: Shutting down and abandoning module TemplateSequenceEditor (834)
[2026.02.11-17.29.01:632][325]LogModuleManager: Shutting down and abandoning module MatineeToLevelSequence (832)
[2026.02.11-17.29.01:632][325]LogModuleManager: Shutting down and abandoning module LevelSequenceEditor (830)
[2026.02.11-17.29.01:632][325]LogModuleManager: Shutting down and abandoning module ActorSequenceEditor (828)
[2026.02.11-17.29.01:632][325]LogModuleManager: Shutting down and abandoning module PlanarCut (826)
[2026.02.11-17.29.01:632][325]LogModuleManager: Shutting down and abandoning module CharacterAI (824)
[2026.02.11-17.29.01:632][325]LogModuleManager: Shutting down and abandoning module WmfMediaFactory (822)
[2026.02.11-17.29.01:632][325]LogModuleManager: Shutting down and abandoning module WmfMediaEditor (820)
[2026.02.11-17.29.01:632][325]LogModuleManager: Shutting down and abandoning module WebMMediaFactory (818)
[2026.02.11-17.29.01:632][325]LogModuleManager: Shutting down and abandoning module WebMMediaEditor (816)
[2026.02.11-17.29.01:632][325]LogModuleManager: Shutting down and abandoning module WebMMedia (814)
[2026.02.11-17.29.01:632][325]LogModuleManager: Shutting down and abandoning module MediaPlayerEditor (812)
[2026.02.11-17.29.01:632][325]LogModuleManager: Shutting down and abandoning module MediaCompositingEditor (810)
[2026.02.11-17.29.01:632][325]LogModuleManager: Shutting down and abandoning module SequenceRecorder (809)
[2026.02.11-17.29.01:632][325]LogModuleManager: Shutting down and abandoning module OpenExrWrapper (806)
[2026.02.11-17.29.01:632][325]LogModuleManager: Shutting down and abandoning module ImgMediaFactory (804)
[2026.02.11-17.29.01:632][325]LogModuleManager: Shutting down and abandoning module ImgMediaEditor (802)
[2026.02.11-17.29.01:632][325]LogModuleManager: Shutting down and abandoning module AvfMediaFactory (800)
[2026.02.11-17.29.01:632][325]LogModuleManager: Shutting down and abandoning module AvfMediaEditor (798)
[2026.02.11-17.29.01:633][325]LogModuleManager: Shutting down and abandoning module AndroidMediaFactory (796)
[2026.02.11-17.29.01:633][325]LogModuleManager: Shutting down and abandoning module AndroidMediaEditor (794)
[2026.02.11-17.29.01:633][325]LogModuleManager: Shutting down and abandoning module MagicLeapMediaCodecFactory (792)
[2026.02.11-17.29.01:633][325]LogModuleManager: Shutting down and abandoning module MagicLeapMediaFactory (790)
[2026.02.11-17.29.01:633][325]LogModuleManager: Shutting down and abandoning module MagicLeapMediaEditor (788)
[2026.02.11-17.29.01:633][325]LogModuleManager: Shutting down and abandoning module TextureAlignMode (786)
[2026.02.11-17.29.01:633][325]LogModuleManager: Shutting down and abandoning module BspMode (784)
[2026.02.11-17.29.01:633][325]LogModuleManager: Shutting down and abandoning module GeometryMode (782)
[2026.02.11-17.29.01:633][325]LogModuleManager: Shutting down and abandoning module CameraShakePreviewer (780)
[2026.02.11-17.29.01:633][325]LogModuleManager: Shutting down and abandoning module SmartSnapping (778)
[2026.02.11-17.29.01:633][325]LogModuleManager: Shutting down and abandoning module SessionServices (776)
[2026.02.11-17.29.01:633][325]LogModuleManager: Shutting down and abandoning module MeshPaint (774)
[2026.02.11-17.29.01:633][325]LogModuleManager: Shutting down and abandoning module VirtualTexturingEditor (772)
[2026.02.11-17.29.01:633][325]LogModuleManager: Shutting down and abandoning module FoliageEdit (770)
[2026.02.11-17.29.01:633][325]LogModuleManager: Shutting down and abandoning module LandscapeEditor (768)
[2026.02.11-17.29.01:633][325]LogModuleManager: Shutting down and abandoning module MeshPaintMode (766)
[2026.02.11-17.29.01:633][325]LogModuleManager: Shutting down and abandoning module SceneDepthPickerMode (764)
[2026.02.11-17.29.01:633][325]LogModuleManager: Shutting down and abandoning module ActorPickerMode (762)
[2026.02.11-17.29.01:633][325]LogModuleManager: Shutting down and abandoning module PlacementMode (760)
[2026.02.11-17.29.01:633][325]LogModuleManager: Shutting down and abandoning module ViewportSnapping (758)
[2026.02.11-17.29.01:633][325]LogModuleManager: Shutting down and abandoning module ViewportInteraction (756)
[2026.02.11-17.29.01:633][325]LogModuleManager: Shutting down and abandoning module ClothPainter (754)
[2026.02.11-17.29.01:633][325]LogModuleManager: Shutting down and abandoning module SkeletalMeshEditor (753)
[2026.02.11-17.29.01:633][325]LogModuleManager: Shutting down and abandoning module LogVisualizer (750)
[2026.02.11-17.29.01:633][325]LogModuleManager: Shutting down and abandoning module IntroTutorials (748)
[2026.02.11-17.29.01:633][325]LogModuleManager: Shutting down and abandoning module GameProjectGeneration (747)
[2026.02.11-17.29.01:633][325]LogModuleManager: Shutting down and abandoning module LuminPlatformEditor (744)
[2026.02.11-17.29.01:633][325]LogModuleManager: Shutting down and abandoning module IOSPlatformEditor (742)
[2026.02.11-17.29.01:633][325]LogModuleManager: Shutting down and abandoning module AndroidPlatformEditor (740)
[2026.02.11-17.29.01:633][325]LogModuleManager: Shutting down and abandoning module AndroidDeviceDetection (739)
[2026.02.11-17.29.02:456][325]LogModuleManager: Shutting down and abandoning module WindowsPlatformEditor (736)
[2026.02.11-17.29.02:456][325]LogModuleManager: Shutting down and abandoning module LuminRuntimeSettings (734)
[2026.02.11-17.29.02:456][325]LogModuleManager: Shutting down and abandoning module IOSRuntimeSettings (732)
[2026.02.11-17.29.02:456][325]LogModuleManager: Shutting down and abandoning module AndroidRuntimeSettings (730)
[2026.02.11-17.29.02:456][325]LogModuleManager: Shutting down and abandoning module TraceInsights (728)
[2026.02.11-17.29.02:456][325]MemoryProfiler: Shutdown
[2026.02.11-17.29.02:456][325]NetworkingProfiler: Shutdown
[2026.02.11-17.29.02:456][325]LoadingProfiler: Shutdown
[2026.02.11-17.29.02:456][325]TimingProfiler: Shutdown
[2026.02.11-17.29.02:456][325]LogModuleManager: Shutting down and abandoning module TraceServices (727)
[2026.02.11-17.29.02:456][325]LogModuleManager: Shutting down and abandoning module EditorInteractiveToolsFramework (724)
[2026.02.11-17.29.02:456][325]LogModuleManager: Shutting down and abandoning module TimeManagementEditor (722)
[2026.02.11-17.29.02:456][325]LogModuleManager: Shutting down and abandoning module InputBindingEditor (720)
[2026.02.11-17.29.02:456][325]LogModuleManager: Shutting down and abandoning module MergeActors (718)
[2026.02.11-17.29.02:456][325]LogModuleManager: Shutting down and abandoning module LocalizationDashboard (716)
[2026.02.11-17.29.02:456][325]LogModuleManager: Shutting down and abandoning module LocalizationService (715)
[2026.02.11-17.29.02:456][325]LogModuleManager: Shutting down and abandoning module HardwareTargeting (712)
[2026.02.11-17.29.02:456][325]LogModuleManager: Shutting down and abandoning module DeviceProfileEditor (710)
[2026.02.11-17.29.02:456][325]LogModuleManager: Shutting down and abandoning module UndoHistory (708)
[2026.02.11-17.29.02:456][325]LogModuleManager: Shutting down and abandoning module XmlParser (706)
[2026.02.11-17.29.02:456][325]LogModuleManager: Shutting down and abandoning module Blutility (704)
[2026.02.11-17.29.02:457][325]LogModuleManager: Shutting down and abandoning module ProjectSettingsViewer (702)
[2026.02.11-17.29.02:457][325]LogModuleManager: Shutting down and abandoning module ProjectTargetPlatformEditor (701)
[2026.02.11-17.29.02:457][325]LogModuleManager: Shutting down and abandoning module EditorSettingsViewer (698)
[2026.02.11-17.29.02:457][325]LogModuleManager: Shutting down and abandoning module InternationalizationSettings (697)
[2026.02.11-17.29.02:457][325]LogModuleManager: Shutting down and abandoning module SettingsEditor (694)
[2026.02.11-17.29.02:457][325]LogModuleManager: Shutting down and abandoning module ProjectLauncher (692)
[2026.02.11-17.29.02:457][325]LogModuleManager: Shutting down and abandoning module SessionFrontend (690)
[2026.02.11-17.29.02:457][325]LogModuleManager: Shutting down and abandoning module ProfilerClient (688)
[2026.02.11-17.29.02:457][325]LogModuleManager: Shutting down and abandoning module DeviceManager (686)
[2026.02.11-17.29.02:457][325]LogModuleManager: Shutting down and abandoning module TargetDeviceServices (685)
[2026.02.11-17.29.02:490][325]LogModuleManager: Shutting down and abandoning module AutomationController (682)
[2026.02.11-17.29.02:490][325]LogModuleManager: Shutting down and abandoning module AutomationWindow (680)
[2026.02.11-17.29.02:490][325]LogModuleManager: Shutting down and abandoning module Layers (678)
[2026.02.11-17.29.02:490][325]LogModuleManager: Shutting down and abandoning module ComponentVisualizers (676)
[2026.02.11-17.29.02:490][325]LogModuleManager: Shutting down and abandoning module DetailCustomizations (674)
[2026.02.11-17.29.02:490][325]LogModuleManager: Shutting down and abandoning module PackagesDialog (672)
[2026.02.11-17.29.02:490][325]LogModuleManager: Shutting down and abandoning module AnimationBlueprintEditor (670)
[2026.02.11-17.29.02:490][325]LogModuleManager: Shutting down and abandoning module Persona (668)
[2026.02.11-17.29.02:490][325]LogModuleManager: Shutting down and abandoning module AdvancedPreviewScene (667)
[2026.02.11-17.29.02:490][325]LogModuleManager: Shutting down and abandoning module AnimGraph (665)
[2026.02.11-17.29.02:490][325]LogModuleManager: Shutting down and abandoning module Kismet (662)
[2026.02.11-17.29.02:490][325]LogModuleManager: Shutting down and abandoning module KismetWidgets (661)
[2026.02.11-17.29.02:490][325]LogModuleManager: Shutting down and abandoning module GraphEditor (658)
[2026.02.11-17.29.02:490][325]LogModuleManager: Shutting down and abandoning module StructViewer (656)
[2026.02.11-17.29.02:490][325]LogModuleManager: Shutting down and abandoning module ClassViewer (654)
[2026.02.11-17.29.02:490][325]LogModuleManager: Shutting down and abandoning module Toolbox (652)
[2026.02.11-17.29.02:490][325]LogModuleManager: Shutting down and abandoning module ModuleUI (650)
[2026.02.11-17.29.02:490][325]LogModuleManager: Shutting down and abandoning module OutputLog (648)
[2026.02.11-17.29.02:491][325]LogModuleManager: Shutting down and abandoning module GammaUI (646)
[2026.02.11-17.29.02:491][325]LogModuleManager: Shutting down and abandoning module Documentation (644)
[2026.02.11-17.29.02:491][325]LogModuleManager: Shutting down and abandoning module LiveCoding (642)
[2026.02.11-17.29.02:491][325]LogModuleManager: Shutting down and abandoning module LevelSequence (640)
[2026.02.11-17.29.02:491][325]LogModuleManager: Shutting down and abandoning module MovieSceneTracks (638)
[2026.02.11-17.29.02:491][325]LogModuleManager: Shutting down and abandoning module MovieScene (636)
[2026.02.11-17.29.02:491][325]LogModuleManager: Shutting down and abandoning module StreamingPauseRendering (634)
[2026.02.11-17.29.02:491][325]LogModuleManager: Shutting down and abandoning module LauncherPlatform (632)
[2026.02.11-17.29.02:491][325]LogModuleManager: Shutting down and abandoning module AnalyticsET (630)
[2026.02.11-17.29.02:491][325]LogModuleManager: Shutting down and abandoning module PortalServices (628)
[2026.02.11-17.29.02:491][325]LogModuleManager: Shutting down and abandoning module PortalRpc (626)
[2026.02.11-17.29.02:491][325]LogModuleManager: Shutting down and abandoning module MessagingRpc (624)
[2026.02.11-17.29.02:491][325]LogModuleManager: Shutting down and abandoning module AudioMixerXAudio2 (622)
[2026.02.11-17.29.02:491][325]LogModuleManager: Shutting down and abandoning module AudioMixerCore (621)
[2026.02.11-17.29.02:491][325]LogModuleManager: Shutting down and abandoning module AIModule (618)
[2026.02.11-17.29.02:491][325]LogModuleManager: Shutting down and abandoning module GameplayDebugger (617)
[2026.02.11-17.29.02:491][325]LogModuleManager: Shutting down and abandoning module AITestSuite (615)
[2026.02.11-17.29.02:491][325]LogModuleManager: Shutting down and abandoning module NavigationSystem (613)
[2026.02.11-17.29.02:491][325]LogModuleManager: Shutting down and abandoning module ImageWriteQueue (610)
[2026.02.11-17.29.02:500][325]LogModuleManager: Shutting down and abandoning module ProfilerService (608)
[2026.02.11-17.29.02:618][325]LogModuleManager: Shutting down and abandoning module TaskGraph (606)
[2026.02.11-17.29.02:618][325]LogModuleManager: Shutting down and abandoning module AudioSynesthesiaEditor (604)
[2026.02.11-17.29.02:618][325]LogModuleManager: Shutting down and abandoning module OculusEditor (602)
[2026.02.11-17.29.02:618][325]LogModuleManager: Shutting down and abandoning module OculusInput (600)
[2026.02.11-17.29.02:618][325]LogModuleManager: Shutting down and abandoning module ContentBrowserClassDataSource (598)
[2026.02.11-17.29.02:618][325]LogModuleManager: Shutting down and abandoning module ContentBrowserFileDataSource (596)
[2026.02.11-17.29.02:618][325]LogModuleManager: Shutting down and abandoning module ContentBrowserAssetDataSource (594)
[2026.02.11-17.29.02:618][325]LogModuleManager: Shutting down and abandoning module CollectionManager (593)
[2026.02.11-17.29.02:619][325]LogModuleManager: Shutting down and abandoning module TakeSequencer (590)
[2026.02.11-17.29.02:619][325]LogModuleManager: Shutting down and abandoning module TakeMovieScene (588)
[2026.02.11-17.29.02:619][325]LogModuleManager: Shutting down and abandoning module SynthesisEditor (586)
[2026.02.11-17.29.02:619][325]LogModuleManager: Shutting down and abandoning module Synthesis (584)
[2026.02.11-17.29.02:619][325]LogModuleManager: Shutting down and abandoning module ProceduralMeshComponentEditor (582)
[2026.02.11-17.29.02:619][325]LogModuleManager: Shutting down and abandoning module ProceduralMeshComponent (580)
[2026.02.11-17.29.02:619][325]LogModuleManager: Shutting down and abandoning module OpenXREditor (578)
[2026.02.11-17.29.02:619][325]LogModuleManager: Shutting down and abandoning module ScreenshotTools (576)
[2026.02.11-17.29.02:619][325]LogModuleManager: Shutting down and abandoning module MobilePatchingUtils (574)
[2026.02.11-17.29.02:619][325]LogModuleManager: Shutting down and abandoning module GooglePAD (572)
[2026.02.11-17.29.02:619][325]LogModuleManager: Shutting down and abandoning module EditableMesh (570)
[2026.02.11-17.29.02:619][325]LogModuleManager: Shutting down and abandoning module CustomMeshComponent (568)
[2026.02.11-17.29.02:619][325]LogModuleManager: Shutting down and abandoning module CableComponent (566)
[2026.02.11-17.29.02:619][325]LogModuleManager: Shutting down and abandoning module ArchVisCharacter (564)
[2026.02.11-17.29.02:619][325]LogModuleManager: Shutting down and abandoning module AudioCapture (562)
[2026.02.11-17.29.02:619][325]LogModuleManager: Shutting down and abandoning module AudioCaptureRtAudio (561)
[2026.02.11-17.29.02:619][325]LogModuleManager: Shutting down and abandoning module AssetTags (558)
[2026.02.11-17.29.02:619][325]LogModuleManager: Shutting down and abandoning module AppleImageUtilsBlueprintSupport (556)
[2026.02.11-17.29.02:619][325]LogModuleManager: Shutting down and abandoning module AppleImageUtils (554)
[2026.02.11-17.29.02:619][325]LogModuleManager: Shutting down and abandoning module AndroidPermission (552)
[2026.02.11-17.29.02:619][325]LogModuleManager: Shutting down and abandoning module ActorLayerUtilitiesEditor (550)
[2026.02.11-17.29.02:619][325]LogModuleManager: Shutting down and abandoning module ActorLayerUtilities (548)
[2026.02.11-17.29.02:619][325]LogModuleManager: Shutting down and abandoning module TemplateSequence (546)
[2026.02.11-17.29.02:619][325]LogModuleManager: Shutting down and abandoning module MagicLeapHelperVulkan (544)
[2026.02.11-17.29.02:619][325]LogModuleManager: Shutting down and abandoning module MagicLeapHelperOpenGL (542)
[2026.02.11-17.29.02:619][325]LogModuleManager: Shutting down and abandoning module MagicLeapAudio (540)
[2026.02.11-17.29.02:619][325]LogModuleManager: Shutting down and abandoning module OpenImageDenoise (538)
[2026.02.11-17.29.02:619][325]LogOpenImageDenoise: OIDN shutting down
[2026.02.11-17.29.02:619][325]LogModuleManager: Shutting down and abandoning module MotoSynthEditor (536)
[2026.02.11-17.29.02:619][325]LogModuleManager: Shutting down and abandoning module MotoSynth (534)
[2026.02.11-17.29.02:619][325]LogModuleManager: Shutting down and abandoning module MeshConversion (532)
[2026.02.11-17.29.02:620][325]LogModuleManager: Shutting down and abandoning module DynamicMesh (530)
[2026.02.11-17.29.02:620][325]LogModuleManager: Shutting down and abandoning module GeometryAlgorithms (528)
[2026.02.11-17.29.02:620][325]LogModuleManager: Shutting down and abandoning module GeometricObjects (526)
[2026.02.11-17.29.02:620][325]LogModuleManager: Shutting down and abandoning module GeometryCollectionTracks (524)
[2026.02.11-17.29.02:620][325]LogModuleManager: Shutting down and abandoning module GeometryCollectionSequencer (523)
[2026.02.11-17.29.02:620][325]LogModuleManager: Shutting down and abandoning module GeometryCollectionEditor (520)
[2026.02.11-17.29.02:620][325]LogModuleManager: Shutting down and abandoning module GeometryCacheTracks (518)
[2026.02.11-17.29.02:620][325]LogModuleManager: Shutting down and abandoning module GeometryCacheStreamer (516)
[2026.02.11-17.29.02:620][325]LogModuleManager: Shutting down and abandoning module GeometryCacheSequencer (514)
[2026.02.11-17.29.02:620][325]LogModuleManager: Shutting down and abandoning module ChaosNiagara (512)
[2026.02.11-17.29.02:620][325]LogModuleManager: Shutting down and abandoning module ChaosSolverEditor (510)
[2026.02.11-17.29.02:620][325]LogModuleManager: Shutting down and abandoning module FractureEditor (508)
[2026.02.11-17.29.02:620][325]LogModuleManager: Shutting down and abandoning module FieldSystemEngine (507)
[2026.02.11-17.29.02:620][325]LogModuleManager: Shutting down and abandoning module ChaosClothEditor (504)
[2026.02.11-17.29.02:620][325]LogModuleManager: Shutting down and abandoning module AutomationUtilsEditor (502)
[2026.02.11-17.29.02:620][325]LogModuleManager: Shutting down and abandoning module AutomationUtils (500)
[2026.02.11-17.29.02:620][325]LogModuleManager: Shutting down and abandoning module BackChannel (498)
[2026.02.11-17.29.02:620][325]LogModuleManager: Shutting down and abandoning module AlembicImporter (496)
[2026.02.11-17.29.02:620][325]LogModuleManager: Shutting down and abandoning module AlembicLibrary (495)
[2026.02.11-17.29.02:620][325]LogModuleManager: Shutting down and abandoning module GeometryCache (494)
[2026.02.11-17.29.02:620][325]LogModuleManager: Shutting down and abandoning module GeometryCacheEd (493)
[2026.02.11-17.29.02:620][325]LogModuleManager: Shutting down and abandoning module MediaCompositing (488)
[2026.02.11-17.29.02:620][325]LogModuleManager: Shutting down and abandoning module ImgMedia (486)
[2026.02.11-17.29.02:620][325]LogModuleManager: Shutting down and abandoning module MagicLeapLightEstimation (484)
[2026.02.11-17.29.02:620][325]LogModuleManager: Shutting down and abandoning module MagicLeapSharedWorld (482)
[2026.02.11-17.29.02:620][325]LogModuleManager: Shutting down and abandoning module RiderSourceCodeAccess (480)
[2026.02.11-17.29.02:620][325]LogModuleManager: Shutting down and abandoning module NiagaraEditorWidgets (478)
[2026.02.11-17.29.02:620][325]LogModuleManager: Shutting down and abandoning module SpeedTreeImporter (476)
[2026.02.11-17.29.02:620][325]LogModuleManager: Shutting down and abandoning module VariantManagerContentEditor (474)
[2026.02.11-17.29.02:620][325]LogModuleManager: Shutting down and abandoning module PluginBrowser (472)
[2026.02.11-17.29.02:621][325]LogModuleManager: Shutting down and abandoning module MobileLauncherProfileWizard (470)
[2026.02.11-17.29.02:621][325]LogModuleManager: Shutting down and abandoning module MaterialAnalyzer (468)
[2026.02.11-17.29.02:621][325]LogModuleManager: Shutting down and abandoning module PlasticSourceControl (466)
[2026.02.11-17.29.02:621][325]LogModuleManager: Shutting down and abandoning module DatasmithContentEditor (464)
[2026.02.11-17.29.02:621][325]LogModuleManager: Shutting down and abandoning module CryptoKeysOpenSSL (462)
[2026.02.11-17.29.02:621][325]LogModuleManager: Shutting down and abandoning module CryptoKeys (460)
[2026.02.11-17.29.02:621][325]LogModuleManager: Shutting down and abandoning module CurveEditorTools (458)
[2026.02.11-17.29.02:621][325]LogModuleManager: Shutting down and abandoning module VisualStudioCodeSourceCodeAccess (456)
[2026.02.11-17.29.02:621][325]LogModuleManager: Shutting down and abandoning module VisualStudioSourceCodeAccess (454)
[2026.02.11-17.29.02:621][325]LogModuleManager: Shutting down and abandoning module OodleNetworkHandlerComponent (452)
[2026.02.11-17.29.02:621][325]LogModuleManager: Shutting down and abandoning module UObjectPlugin (450)
[2026.02.11-17.29.02:621][325]LogModuleManager: Shutting down and abandoning module SubversionSourceControl (448)
[2026.02.11-17.29.02:621][325]LogModuleManager: Shutting down and abandoning module PluginUtils (446)
[2026.02.11-17.29.02:621][325]LogModuleManager: Shutting down and abandoning module PerforceSourceControl (444)
[2026.02.11-17.29.02:621][325]LogModuleManager: Shutting down and abandoning module GitSourceControl (442)
[2026.02.11-17.29.02:621][325]LogModuleManager: Shutting down and abandoning module SourceControl (441)
[2026.02.11-17.29.02:621][325]LogModuleManager: Shutting down and abandoning module CLionSourceCodeAccess (438)
[2026.02.11-17.29.02:622][325]LogModuleManager: Shutting down and abandoning module AnimationSharingEd (436)
[2026.02.11-17.29.02:622][325]LogModuleManager: Shutting down and abandoning module LiveLinkSequencer (434)
[2026.02.11-17.29.02:622][325]LogModuleManager: Shutting down and abandoning module LiveLinkMovieScene (432)
[2026.02.11-17.29.02:622][325]LogModuleManager: Shutting down and abandoning module LiveLinkGraphNode (430)
[2026.02.11-17.29.02:622][325]LogModuleManager: Shutting down and abandoning module LiveLinkEditor (428)
[2026.02.11-17.29.02:622][325]LogModuleManager: Shutting down and abandoning module LiveLinkComponents (426)
[2026.02.11-17.29.02:622][325]LogModuleManager: Shutting down and abandoning module LiveLink (424)
[2026.02.11-17.29.03:554][325]LogModuleManager: Shutting down and abandoning module LightPropagationVolumeEditor (422)
[2026.02.11-17.29.03:554][325]LogModuleManager: Shutting down and abandoning module PaperTiledImporter (420)
[2026.02.11-17.29.03:555][325]LogModuleManager: Shutting down and abandoning module PaperSpriteSheetImporter (418)
[2026.02.11-17.29.03:555][325]LogModuleManager: Shutting down and abandoning module Paper2DEditor (416)
[2026.02.11-17.29.03:555][325]LogModuleManager: Shutting down and abandoning module MeshPaintingToolset (414)
[2026.02.11-17.29.03:555][325]LogModuleManager: Shutting down and abandoning module MeshPaintEditorMode (412)
[2026.02.11-17.29.03:555][325]LogModuleManager: Shutting down and abandoning module SoundFields (410)
[2026.02.11-17.29.03:555][325]LogModuleManager: Shutting down and abandoning module SignificanceManager (408)
[2026.02.11-17.29.03:555][325]LogModuleManager: Shutting down and abandoning module RuntimePhysXCooking (406)
[2026.02.11-17.29.03:555][325]LogModuleManager: Shutting down and abandoning module PropertyAccessEditor (404)
[2026.02.11-17.29.03:555][325]LogModuleManager: Shutting down and abandoning module PhysXVehiclesEditor (402)
[2026.02.11-17.29.03:555][325]LogModuleManager: Shutting down and abandoning module LocationServicesBPLibrary (398)
[2026.02.11-17.29.03:555][325]LogModuleManager: Shutting down and abandoning module AudioSynesthesia (396)
[2026.02.11-17.29.03:555][325]LogModuleManager: Shutting down and abandoning module AudioSynesthesiaCore (394)
[2026.02.11-17.29.03:555][325]LogModuleManager: Shutting down and abandoning module MagicLeapHandMeshing (392)
[2026.02.11-17.29.03:555][325]LogModuleManager: Shutting down and abandoning module MagicLeapSecureStorage (390)
[2026.02.11-17.29.03:555][325]LogModuleManager: Shutting down and abandoning module MagicLeapPrivileges (388)
[2026.02.11-17.29.03:555][325]LogModuleManager: Shutting down and abandoning module MagicLeapPlanes (386)
[2026.02.11-17.29.03:555][325]LogMagicLeapPlanes: Planes tracker already destroyed.
[2026.02.11-17.29.03:555][325]LogModuleManager: Shutting down and abandoning module MagicLeapImageTracker (384)
[2026.02.11-17.29.03:555][325]LogModuleManager: Shutting down and abandoning module MagicLeapIdentity (382)
[2026.02.11-17.29.03:555][325]LogModuleManager: Shutting down and abandoning module MagicLeapHandTracking (380)
[2026.02.11-17.29.03:555][325]LogModuleManager: Shutting down and abandoning module MagicLeapEyeTracker (378)
[2026.02.11-17.29.03:555][325]LogModuleManager: Shutting down and abandoning module MagicLeapController (376)
[2026.02.11-17.29.03:555][325]LogModuleManager: Shutting down and abandoning module MagicLeapARPinImpl (374)
[2026.02.11-17.29.03:555][325]LogModuleManager: Shutting down and abandoning module MagicLeapAR (372)
[2026.02.11-17.29.03:555][325]LogModuleManager: Shutting down and abandoning module ActorSequence (370)
[2026.02.11-17.29.03:555][325]LogModuleManager: Shutting down and abandoning module PythonScriptPlugin (368)
[2026.02.11-17.29.03:555][325]LogModuleManager: Shutting down and abandoning module UdpMessaging (366)
[2026.02.11-17.29.03:657][325]LogModuleManager: Shutting down and abandoning module TcpMessaging (364)
[2026.02.11-17.29.03:757][325]LogModuleManager: Shutting down and abandoning module ImgMediaEngine (362)
[2026.02.11-17.29.03:757][325]LogModuleManager: Shutting down and abandoning module MagicLeapARPin (360)
[2026.02.11-17.29.03:757][325]LogModuleManager: Shutting down and abandoning module NiagaraAnimNotifies (358)
[2026.02.11-17.29.03:757][325]LogModuleManager: Shutting down and abandoning module Niagara (356)
[2026.02.11-17.29.03:757][325]LogModuleManager: Shutting down and abandoning module SignalProcessing (355)
[2026.02.11-17.29.03:757][325]LogModuleManager: Shutting down and abandoning module NiagaraEditor (353)
[2026.02.11-17.29.03:757][325]LogModuleManager: Shutting down and abandoning module NiagaraCore (350)
[2026.02.11-17.29.03:757][325]LogModuleManager: Shutting down and abandoning module GameplayTagsEditor (348)
[2026.02.11-17.29.03:757][325]LogModuleManager: Shutting down and abandoning module FacialAnimationEditor (346)
[2026.02.11-17.29.03:757][325]LogModuleManager: Shutting down and abandoning module FacialAnimation (344)
[2026.02.11-17.29.03:758][325]LogModuleManager: Shutting down and abandoning module AssetManagerEditor (342)
[2026.02.11-17.29.03:758][325]LogModuleManager: Shutting down and abandoning module LevelEditor (341)
[2026.02.11-17.29.03:759][325]LogModuleManager: Shutting down and abandoning module PixelInspectorModule (340)
[2026.02.11-17.29.03:759][325]LogModuleManager: Shutting down and abandoning module CommonMenuExtensions (338)
[2026.02.11-17.29.03:759][325]LogModuleManager: Shutting down and abandoning module MainFrame (336)
[2026.02.11-17.29.03:759][325]LogModuleManager: Shutting down and abandoning module HotReload (335)
[2026.02.11-17.29.03:760][325]LogModuleManager: Shutting down and abandoning module ToolMenus (331)
[2026.02.11-17.29.03:760][325]LogModuleManager: Shutting down and abandoning module TreeMap (329)
[2026.02.11-17.29.03:760][325]LogModuleManager: Shutting down and abandoning module DataValidation (326)
[2026.02.11-17.29.03:760][325]LogModuleManager: Shutting down and abandoning module ContentBrowser (325)
[2026.02.11-17.29.03:760][325]LogModuleManager: Shutting down and abandoning module ContentBrowserData (324)
[2026.02.11-17.29.03:760][325]LogModuleManager: Shutting down and abandoning module PropertyAccessNode (320)
[2026.02.11-17.29.03:760][325]LogModuleManager: Shutting down and abandoning module AnimationSharing (318)
[2026.02.11-17.29.03:760][325]LogModuleManager: Shutting down and abandoning module GameplayCameras (316)
[2026.02.11-17.29.03:760][325]LogModuleManager: Shutting down and abandoning module LightPropagationVolumeRuntime (314)
[2026.02.11-17.29.03:760][325]LogModuleManager: Shutting down and abandoning module EnvironmentQueryEditor (312)
[2026.02.11-17.29.03:760][325]LogModuleManager: Shutting down and abandoning module Paper2D (310)
[2026.02.11-17.29.03:760][325]LogModuleManager: Shutting down and abandoning module WindowsMoviePlayer (308)
[2026.02.11-17.29.03:762][325]LogModuleManager: Shutting down and abandoning module WebMMoviePlayer (306)
[2026.02.11-17.29.03:762][325]LogModuleManager: Shutting down and abandoning module NetworkReplayStreaming (304)
[2026.02.11-17.29.03:762][325]LogModuleManager: Shutting down and abandoning module PacketHandler (302)
[2026.02.11-17.29.03:762][325]LogModuleManager: Shutting down and abandoning module ClothingSystemEditor (300)
[2026.02.11-17.29.03:762][325]LogModuleManager: Shutting down and abandoning module ClothingSystemRuntimeNv (298)
[2026.02.11-17.29.03:762][325]LogModuleManager: Shutting down and abandoning module MediaAssets (296)
[2026.02.11-17.29.03:762][325]LogModuleManager: Shutting down and abandoning module Overlay (294)
[2026.02.11-17.29.03:762][325]LogModuleManager: Shutting down and abandoning module OverlayEditor (293)
[2026.02.11-17.29.03:762][325]LogModuleManager: Shutting down and abandoning module VREditor (290)
[2026.02.11-17.29.03:762][325]LogModuleManager: Shutting down and abandoning module StringTableEditor (288)
[2026.02.11-17.29.03:762][325]LogModuleManager: Shutting down and abandoning module GameplayTasksEditor (286)
[2026.02.11-17.29.03:762][325]LogModuleManager: Shutting down and abandoning module BehaviorTreeEditor (284)
[2026.02.11-17.29.03:762][325]LogModuleManager: Shutting down and abandoning module FunctionalTesting (282)
[2026.02.11-17.29.03:762][325]LogModuleManager: Shutting down and abandoning module CollisionAnalyzer (280)
[2026.02.11-17.29.03:762][325]LogModuleManager: Shutting down and abandoning module WorkspaceMenuStructure (279)
[2026.02.11-17.29.03:762][325]LogModuleManager: Shutting down and abandoning module UMG (276)
[2026.02.11-17.29.03:763][325]LogModuleManager: Shutting down and abandoning module UMGEditor (275)
[2026.02.11-17.29.03:763][325]LogModuleManager: Shutting down and abandoning module MessageLog (273)
[2026.02.11-17.29.03:763][325]LogModuleManager: Shutting down and abandoning module SlateReflector (268)
[2026.02.11-17.29.03:763][325]LogModuleManager: Shutting down and abandoning module Slate (266)
[2026.02.11-17.29.03:763][325]LogModuleManager: Shutting down and abandoning module SlateCore (264)
[2026.02.11-17.29.03:765][325]LogModuleManager: Shutting down and abandoning module LandscapeEditorUtilities (262)
[2026.02.11-17.29.03:765][325]LogModuleManager: Shutting down and abandoning module UnrealEd (260)
[2026.02.11-17.29.03:765][325]LogModuleManager: Shutting down and abandoning module MRMesh (258)
[2026.02.11-17.29.03:765][325]LogModuleManager: Shutting down and abandoning module SourceCodeAccess (256)
[2026.02.11-17.29.03:765][325]LogModuleManager: Shutting down and abandoning module HeadMountedDisplay (254)
[2026.02.11-17.29.03:765][325]LogModuleManager: Shutting down and abandoning module XAudio2 (252)
[2026.02.11-17.29.03:765][325]LogModuleManager: Shutting down and abandoning module Networking (250)
[2026.02.11-17.29.03:765][325]LogModuleManager: Shutting down and abandoning module Core (248)
[2026.02.11-17.29.03:765][325]LogModuleManager: Shutting down and abandoning module MaterialEditor (246)
[2026.02.11-17.29.03:765][325]LogModuleManager: Shutting down and abandoning module MovieSceneTools (244)
[2026.02.11-17.29.03:765][325]LogModuleManager: Shutting down and abandoning module CurveEditor (243)
[2026.02.11-17.29.03:765][325]LogModuleManager: Shutting down and abandoning module Sequencer (241)
[2026.02.11-17.29.03:765][325]LogModuleManager: Shutting down and abandoning module EditorStyle (240)
[2026.02.11-17.29.03:767][325]LogModuleManager: Shutting down and abandoning module KismetCompiler (236)
[2026.02.11-17.29.03:767][325]LogModuleManager: Shutting down and abandoning module MeshBuilder (234)
[2026.02.11-17.29.03:767][325]LogModuleManager: Shutting down and abandoning module MeshUtilities (232)
[2026.02.11-17.29.03:767][325]LogModuleManager: Shutting down and abandoning module MeshMergeUtilities (231)
[2026.02.11-17.29.03:767][325]LogModuleManager: Shutting down and abandoning module MeshReductionInterface (230)
[2026.02.11-17.29.03:767][325]LogModuleManager: Shutting down and abandoning module MeshBoneReduction (229)
[2026.02.11-17.29.03:767][325]LogModuleManager: Shutting down and abandoning module SkeletalMeshReduction (227)
[2026.02.11-17.29.03:767][325]LogModuleManager: Shutting down and abandoning module ProxyLODMeshReduction (225)
[2026.02.11-17.29.03:767][325]LogModuleManager: Shutting down and abandoning module QuadricMeshReduction (223)
[2026.02.11-17.29.03:767][325]LogModuleManager: Shutting down and abandoning module MaterialBaking (219)
[2026.02.11-17.29.03:767][325]LogModuleManager: Shutting down and abandoning module NullInstallBundleManager (214)
[2026.02.11-17.29.03:767][325]LogModuleManager: Shutting down and abandoning module DerivedDataCache (212)
[2026.02.11-17.29.03:768][325]LogModuleManager: Shutting down and abandoning module TargetPlatform (210)
[2026.02.11-17.29.03:768][325]LogModuleManager: Shutting down and abandoning module VulkanShaderFormat (209)
[2026.02.11-17.29.03:768][325]LogModuleManager: Shutting down and abandoning module ShaderFormatVectorVM (207)
[2026.02.11-17.29.03:768][325]LogModuleManager: Shutting down and abandoning module ShaderFormatOpenGL (205)
[2026.02.11-17.29.03:768][325]LogModuleManager: Shutting down and abandoning module ShaderFormatD3D (203)
[2026.02.11-17.29.03:768][325]LogModuleManager: Shutting down and abandoning module MetalShaderFormat (201)
[2026.02.11-17.29.03:768][325]LogModuleManager: Shutting down and abandoning module TextureFormatOodle (199)
[2026.02.11-17.29.03:768][325]LogModuleManager: Shutting down and abandoning module TextureFormatUncompressed (197)
[2026.02.11-17.29.03:768][325]LogModuleManager: Shutting down and abandoning module TextureFormatPVR (195)
[2026.02.11-17.29.03:768][325]LogModuleManager: Shutting down and abandoning module TextureFormatETC2 (193)
[2026.02.11-17.29.03:768][325]LogModuleManager: Shutting down and abandoning module TextureFormatDXT (191)
[2026.02.11-17.29.03:768][325]LogModuleManager: Shutting down and abandoning module TextureFormatIntelISPCTexComp (189)
[2026.02.11-17.29.03:768][325]LogModuleManager: Shutting down and abandoning module TextureFormatASTC (187)
[2026.02.11-17.29.03:768][325]LogModuleManager: Shutting down and abandoning module ImageWrapper (186)
[2026.02.11-17.29.03:768][325]LogModuleManager: Shutting down and abandoning module AudioFormatOpus (183)
[2026.02.11-17.29.03:769][325]LogModuleManager: Shutting down and abandoning module AudioFormatOgg (181)
[2026.02.11-17.29.03:769][325]LogModuleManager: Shutting down and abandoning module AudioFormatADPCM (179)
[2026.02.11-17.29.03:769][325]LogModuleManager: Shutting down and abandoning module WindowsServerTargetPlatform (177)
[2026.02.11-17.29.03:769][325]LogModuleManager: Shutting down and abandoning module WindowsClientTargetPlatform (175)
[2026.02.11-17.29.03:769][325]LogModuleManager: Shutting down and abandoning module WindowsTargetPlatform (173)
[2026.02.11-17.29.03:769][325]LogModuleManager: Shutting down and abandoning module WindowsNoEditorTargetPlatform (171)
[2026.02.11-17.29.03:769][325]LogModuleManager: Shutting down and abandoning module TVOSTargetPlatform (169)
[2026.02.11-17.29.03:770][325]LogModuleManager: Shutting down and abandoning module MacServerTargetPlatform (167)
[2026.02.11-17.29.03:770][325]LogModuleManager: Shutting down and abandoning module MacClientTargetPlatform (165)
[2026.02.11-17.29.03:770][325]LogModuleManager: Shutting down and abandoning module MacTargetPlatform (163)
[2026.02.11-17.29.03:770][325]LogModuleManager: Shutting down and abandoning module MacNoEditorTargetPlatform (161)
[2026.02.11-17.29.03:770][325]LogModuleManager: Shutting down and abandoning module LuminTargetPlatform (159)
[2026.02.11-17.29.03:771][325]LogModuleManager: Shutting down and abandoning module LinuxAArch64ServerTargetPlatform (157)
[2026.02.11-17.29.03:771][325]LogModuleManager: Shutting down and abandoning module LinuxAArch64ClientTargetPlatform (155)
[2026.02.11-17.29.03:771][325]LogModuleManager: Shutting down and abandoning module LinuxAArch64NoEditorTargetPlatform (153)
[2026.02.11-17.29.03:771][325]LogModuleManager: Shutting down and abandoning module LinuxServerTargetPlatform (151)
[2026.02.11-17.29.03:771][325]LogModuleManager: Shutting down and abandoning module LinuxClientTargetPlatform (149)
[2026.02.11-17.29.03:771][325]LogModuleManager: Shutting down and abandoning module LinuxNoEditorTargetPlatform (147)
[2026.02.11-17.29.03:771][325]LogModuleManager: Shutting down and abandoning module LinuxTargetPlatform (145)
[2026.02.11-17.29.03:771][325]LogModuleManager: Shutting down and abandoning module Messaging (143)
[2026.02.11-17.29.03:771][325]LogModuleManager: Shutting down and abandoning module IOSTargetPlatform (141)
[2026.02.11-17.29.03:772][325]LogModuleManager: Shutting down and abandoning module AndroidTargetPlatform (139)
[2026.02.11-17.29.03:775][325]LogModuleManager: Shutting down and abandoning module AllDesktopTargetPlatform (137)
[2026.02.11-17.29.03:775][325]LogModuleManager: Shutting down and abandoning module D3D11RHI (134)
[2026.02.11-17.29.03:775][325]LogModuleManager: Shutting down and abandoning module InputCore (132)
[2026.02.11-17.29.03:775][325]LogModuleManager: Shutting down and abandoning module Settings (130)
[2026.02.11-17.29.03:775][325]LogModuleManager: Shutting down and abandoning module DirectoryWatcher (128)
[2026.02.11-17.29.03:776][325]LogModuleManager: Shutting down and abandoning module PhysXCooking (126)
[2026.02.11-17.29.03:776][325]LogModuleManager: Shutting down and abandoning module Chaos (124)
[2026.02.11-17.29.03:776][325]LogModuleManager: Shutting down and abandoning module WindowsPlatformFeatures (122)
[2026.02.11-17.29.03:776][325]LogModuleManager: Shutting down and abandoning module GameplayMediaEncoder (121)
[2026.02.11-17.29.03:776][325]LogModuleManager: Shutting down and abandoning module AVEncoder (120)
[2026.02.11-17.29.03:776][325]LogModuleManager: Shutting down and abandoning module SteamVRInputDevice (116)
[2026.02.11-17.29.03:776][325]LogModuleManager: Shutting down and abandoning module SteamVRInput (114)
[2026.02.11-17.29.03:776][325]LogModuleManager: Shutting down and abandoning module SteamVR (112)
[2026.02.11-17.29.03:776][325]LogHMD: Freeing OpenVRDLLHandle.
[2026.02.11-17.29.03:776][325]LogModuleManager: Shutting down and abandoning module OculusHMD (110)
[2026.02.11-17.29.03:776][325]LogModuleManager: Shutting down and abandoning module OpenXRHandTracking (108)
[2026.02.11-17.29.03:776][325]LogSlate: Slate User Destroyed.  User Index 0, Is Virtual User: 0
[2026.02.11-17.29.03:776][325]LogModuleManager: Shutting down and abandoning module OpenXREyeTracker (106)
[2026.02.11-17.29.03:776][325]LogModuleManager: Shutting down and abandoning module OpenXRAR (104)
[2026.02.11-17.29.03:776][325]LogModuleManager: Shutting down and abandoning module AugmentedReality (103)
[2026.02.11-17.29.03:776][325]LogModuleManager: Shutting down and abandoning module OpenXRHMD (100)
[2026.02.11-17.29.03:777][325]LogModuleManager: Shutting down and abandoning module ExampleDeviceProfileSelector (98)
[2026.02.11-17.29.03:777][325]LogModuleManager: Shutting down and abandoning module ChunkDownloader (96)
[2026.02.11-17.29.03:777][325]LogModuleManager: Shutting down and abandoning module LauncherChunkInstaller (94)
[2026.02.11-17.29.03:777][325]LogModuleManager: Shutting down and abandoning module OnlineBlueprintSupport (92)
[2026.02.11-17.29.03:777][325]LogModuleManager: Shutting down and abandoning module OnlineSubsystem (88)
[2026.02.11-17.29.03:777][325]LogModuleManager: Shutting down and abandoning module XMPP (83)
[2026.02.11-17.29.03:777][325]LogModuleManager: Shutting down and abandoning module WebSockets (82)
[2026.02.11-17.29.03:780][325]LogModuleManager: Shutting down and abandoning module HTTP (79)
[2026.02.11-17.29.03:780][325]LogHttp: Display: Http module shutting down, but needs to wait on 1 outstanding Http requests:
[2026.02.11-17.29.03:780][325]LogHttp: Display: 	verb=[POST] url=[https://datarouter.ol.epicgames.com/datarouter/api/v1/public/data?SessionID=%7B8744CC2C-48DB-B9C8-7595-B69F33C61A39%7D&AppID=UEEditor.Rocket.Release&AppVersion=4.27.2-18319896%2B%2B%2BUE4%2BRelease-4.27&UserID=3eadeb334a09c138a68d60b593878835%7C8c0f7f1633984bb789070dad4917d369%7C97a2f4a2-b958-4fc7-b9dd-dc3998f53197&AppEnvironment=datacollector-binary&UploadType=eteventstream] refs=[1] status=Processing
[2026.02.11-17.29.03:780][325]LogHttp: Display: cleaning up 1 outstanding Http requests.
[2026.02.11-17.29.03:803][325]LogModuleManager: Shutting down and abandoning module SSL (78)
[2026.02.11-17.29.03:805][325]LogModuleManager: Shutting down and abandoning module MagicLeap (74)
[2026.02.11-17.29.03:805][325]LogModuleManager: Shutting down and abandoning module ChaosCloth (72)
[2026.02.11-17.29.03:805][325]LogModuleManager: Shutting down and abandoning module WmfMedia (70)
[2026.02.11-17.29.03:807][325]LogModuleManager: Shutting down and abandoning module Media (69)
[2026.02.11-17.29.03:809][325]LogModuleManager: Shutting down and abandoning module MediaInfo (68)
[2026.02.11-17.29.03:809][325]LogModuleManager: Shutting down and abandoning module ExrReaderGpu (64)
[2026.02.11-17.29.03:809][325]LogModuleManager: Shutting down and abandoning module MLSDK (62)
[2026.02.11-17.29.03:809][325]LogModuleManager: Shutting down and abandoning module NiagaraVertexFactories (60)
[2026.02.11-17.29.03:809][325]LogModuleManager: Shutting down and abandoning module NiagaraShader (58)
[2026.02.11-17.29.03:809][325]LogModuleManager: Shutting down and abandoning module VariantManagerContent (56)
[2026.02.11-17.29.03:809][325]LogModuleManager: Shutting down and abandoning module DatasmithContent (54)
[2026.02.11-17.29.03:809][325]LogModuleManager: Shutting down and abandoning module PixWinPlugin (52)
[2026.02.11-17.29.03:809][325]LogModuleManager: Shutting down and abandoning module AISupportModule (50)
[2026.02.11-17.29.03:809][325]LogModuleManager: Shutting down and abandoning module DesktopPlatform (48)
[2026.02.11-17.29.03:809][325]LogModuleManager: Shutting down and abandoning module PlatformCryptoOpenSSL (46)
[2026.02.11-17.29.03:810][325]LogModuleManager: Shutting down and abandoning module PlatformCryptoTypes (44)
[2026.02.11-17.29.03:810][325]LogModuleManager: Shutting down and abandoning module PlatformCrypto (42)
[2026.02.11-17.29.03:810][325]LogModuleManager: Shutting down and abandoning module PythonScriptPluginPreload (40)
[2026.02.11-17.29.03:810][325]LogModuleManager: Shutting down and abandoning module OodleDataCompressionFormat (38)
[2026.02.11-17.29.03:810][325]LogModuleManager: Shutting down and abandoning module XGEController (36)
[2026.02.11-17.29.03:810][325]LogModuleManager: Shutting down and abandoning module AnimationModifiers (34)
[2026.02.11-17.29.03:810][325]LogModuleManager: Shutting down and abandoning module AudioEditor (32)
[2026.02.11-17.29.03:810][325]LogModuleManager: Shutting down and abandoning module PropertyEditor (31)
[2026.02.11-17.29.03:810][325]LogModuleManager: Shutting down and abandoning module TextureCompressor (28)
[2026.02.11-17.29.03:810][325]LogModuleManager: Shutting down and abandoning module RenderCore (26)
[2026.02.11-17.29.03:810][325]LogModuleManager: Shutting down and abandoning module Landscape (24)
[2026.02.11-17.29.03:810][325]LogModuleManager: Shutting down and abandoning module SlateRHIRenderer (22)
[2026.02.11-17.29.03:811][325]LogModuleManager: Shutting down and abandoning module AnimGraphRuntime (20)
[2026.02.11-17.29.03:811][325]LogModuleManager: Shutting down and abandoning module Renderer (18)
[2026.02.11-17.29.03:811][325]LogModuleManager: Shutting down and abandoning module Engine (16)
[2026.02.11-17.29.03:811][325]LogModuleManager: Shutting down and abandoning module CoreUObject (14)
[2026.02.11-17.29.03:811][325]LogModuleManager: Shutting down and abandoning module NetworkFile (12)
[2026.02.11-17.29.03:811][325]LogModuleManager: Shutting down and abandoning module CookedIterativeFile (10)
[2026.02.11-17.29.03:811][325]LogModuleManager: Shutting down and abandoning module StreamingFile (8)
[2026.02.11-17.29.03:811][325]LogModuleManager: Shutting down and abandoning module SandboxFile (6)
[2026.02.11-17.29.03:811][325]LogModuleManager: Shutting down and abandoning module PakFile (4)
[2026.02.11-17.29.03:811][325]LogModuleManager: Shutting down and abandoning module RSA (3)
[2026.02.11-17.29.03:811][325]LogContentStreaming: Display: There are 1 unreleased StreamingManagers
[2026.02.11-17.29.03:851][325]LogD3D11RHI: Shutdown
[2026.02.11-17.29.03:851][325]LogD3D11RHI: CleanupD3DDevice
[2026.02.11-17.29.03:855][325]LogExit: Exiting.
[2026.02.11-17.29.03:859][325]Log file closed, 02/11/26 18:29:03
