Log file open, 02/12/26 12:28:35
LogWindows: Failed to load 'aqProf.dll' (GetLastError=126)
LogWindows: File 'aqProf.dll' does not exist
LogWindows: Failed to load 'VtuneApi.dll' (GetLastError=126)
LogWindows: File 'VtuneApi.dll' does not exist
LogWindows: Failed to load 'VtuneApi32e.dll' (GetLastError=126)
LogWindows: File 'VtuneApi32e.dll' does not exist
LogConsoleResponse: Display: Failed to find resolution value strings in scalability ini. Falling back to default.
LogConsoleResponse: Display: Failed to find resolution value strings in scalability ini. Falling back to default.
LogInit: Display: Running engine for game: TopDownAC
LogPlatformFile: Not using cached read wrapper
LogTaskGraph: Started task graph with 5 named threads and 59 total threads with 3 sets of task threads.
LogStats: Stats thread started at 0.204331
LogICUInternationalization: ICU TimeZone Detection - Raw Offset: +1:00, Platform Override: ''
LogInit: Display: Loading text-based GConfig....
LogPluginManager: Mounting plugin MeshPainting
LogPluginManager: Mounting plugin XGEController
LogPluginManager: Mounting plugin Paper2D
LogPluginManager: Mounting plugin AISupport
LogPluginManager: Mounting plugin EnvironmentQueryEditor
LogPluginManager: Mounting plugin LiveLink
LogPluginManager: Mounting plugin LightPropagationVolume
LogPluginManager: Mounting plugin OodleData
LogPluginManager: Mounting plugin OodleNetwork
LogPluginManager: Mounting plugin CameraShakePreviewer
LogPluginManager: Mounting plugin GameplayCameras
LogPluginManager: Mounting plugin AssetManagerEditor
LogPluginManager: Mounting plugin DataValidation
LogPluginManager: Mounting plugin CryptoKeys
LogPluginManager: Mounting plugin FacialAnimation
LogPluginManager: Mounting plugin GeometryMode
LogPluginManager: Mounting plugin GameplayTagsEditor
LogPluginManager: Mounting plugin MacGraphicsSwitching
LogPluginManager: Mounting plugin MobileLauncherProfileWizard
LogPluginManager: Mounting plugin PluginBrowser
LogPluginManager: Mounting plugin SpeedTreeImporter
LogPluginManager: Mounting plugin CurveEditorTools
LogPluginManager: Mounting plugin DatasmithContent
LogPluginManager: Mounting plugin MaterialAnalyzer
LogPluginManager: Mounting plugin AlembicImporter
LogPluginManager: Mounting plugin VariantManagerContent
LogPluginManager: Mounting plugin AnimationSharing
LogPluginManager: Mounting plugin CLionSourceCodeAccess
LogPluginManager: Mounting plugin AutomationUtils
LogPluginManager: Mounting plugin BackChannel
LogPluginManager: Mounting plugin ChaosCloth
LogPluginManager: Mounting plugin ChaosNiagara
LogPluginManager: Mounting plugin ChaosEditor
LogPluginManager: Mounting plugin CharacterAI
LogPluginManager: Mounting plugin ChaosClothEditor
LogPluginManager: Mounting plugin CodeLiteSourceCodeAccess
LogPluginManager: Mounting plugin GeometryCache
LogPluginManager: Mounting plugin GitSourceControl
LogPluginManager: Mounting plugin KDevelopSourceCodeAccess
LogPluginManager: Mounting plugin PlasticSourceControl
LogPluginManager: Mounting plugin PixWinPlugin
LogPluginManager: Mounting plugin PerforceSourceControl
LogPluginManager: Mounting plugin ChaosSolverPlugin
LogPluginManager: Mounting plugin PluginUtils
LogPluginManager: Mounting plugin GeometryCollectionPlugin
LogPluginManager: Mounting plugin SubversionSourceControl
LogPluginManager: Mounting plugin TextureFormatOodle
LogPluginManager: Mounting plugin UObjectPlugin
LogPluginManager: Mounting plugin RiderSourceCodeAccess
LogPluginManager: Mounting plugin VisualStudioSourceCodeAccess
LogPluginManager: Mounting plugin XCodeSourceCodeAccess
LogPluginManager: Mounting plugin GeometryProcessing
LogPluginManager: Mounting plugin VisualStudioCodeSourceCodeAccess
LogPluginManager: Mounting plugin PlanarCut
LogPluginManager: Mounting plugin PlatformCrypto
LogPluginManager: Mounting plugin OpenImageDenoise
LogPluginManager: Mounting plugin ProxyLODPlugin
LogPluginManager: Mounting plugin MotoSynth
LogPluginManager: Mounting plugin SkeletalReduction
LogPluginManager: Mounting plugin PythonScriptPlugin
LogPluginManager: Mounting plugin Niagara
LogPluginManager: Mounting plugin LuminPlatformFeatures
LogPluginManager: Mounting plugin MagicLeap
LogPluginManager: Mounting plugin MagicLeapLightEstimation
LogPluginManager: Mounting plugin MagicLeapMedia
LogPluginManager: Mounting plugin MagicLeapPassableWorld
LogPluginManager: Mounting plugin MLSDK
LogPluginManager: Mounting plugin AndroidMedia
LogPluginManager: Mounting plugin AvfMedia
LogPluginManager: Mounting plugin ImgMedia
LogPluginManager: Mounting plugin MediaCompositing
LogPluginManager: Mounting plugin MediaPlayerEditor
LogPluginManager: Mounting plugin WebMMedia
LogPluginManager: Mounting plugin WmfMedia
LogPluginManager: Mounting plugin NullSourceCodeAccess
LogPluginManager: Mounting plugin UdpMessaging
LogPluginManager: Mounting plugin ActorSequence
LogPluginManager: Mounting plugin MatineeToLevelSequence
LogPluginManager: Mounting plugin TemplateSequence
LogPluginManager: Mounting plugin OnlineSubsystem
LogPluginManager: Mounting plugin TcpMessaging
LogPluginManager: Mounting plugin OnlineSubsystemNull
LogPluginManager: Mounting plugin OnlineSubsystemUtils
LogPluginManager: Mounting plugin ActorLayerUtilities
LogPluginManager: Mounting plugin LauncherChunkInstaller
LogPluginManager: Mounting plugin AndroidDeviceProfileSelector
LogPluginManager: Mounting plugin AndroidPermission
LogPluginManager: Mounting plugin AppleMoviePlayer
LogPluginManager: Mounting plugin ArchVisCharacter
LogPluginManager: Mounting plugin AssetTags
LogPluginManager: Mounting plugin AppleImageUtils
LogPluginManager: Mounting plugin AudioCapture
LogPluginManager: Mounting plugin AudioSynesthesia
LogPluginManager: Mounting plugin CableComponent
LogPluginManager: Mounting plugin ChunkDownloader
LogPluginManager: Mounting plugin CustomMeshComponent
LogPluginManager: Mounting plugin EditableMesh
LogPluginManager: Mounting plugin ExampleDeviceProfileSelector
LogPluginManager: Mounting plugin GoogleCloudMessaging
LogPluginManager: Mounting plugin GooglePAD
LogPluginManager: Mounting plugin IOSDeviceProfileSelector
LogPluginManager: Mounting plugin LinuxDeviceProfileSelector
LogPluginManager: Mounting plugin AndroidMoviePlayer
LogPluginManager: Mounting plugin LevelSequenceEditor
LogPluginManager: Mounting plugin LocationServicesBPLibrary
LogPluginManager: Mounting plugin MobilePatchingUtils
LogPluginManager: Mounting plugin OpenXREyeTracker
LogPluginManager: Mounting plugin OpenXR
LogPluginManager: Mounting plugin OpenXRHandTracking
LogPluginManager: Mounting plugin PhysXVehicles
LogPluginManager: Mounting plugin PostSplashScreen
LogPluginManager: Mounting plugin ProceduralMeshComponent
LogPluginManager: Mounting plugin PropertyAccessEditor
LogPluginManager: Mounting plugin SoundFields
LogPluginManager: Mounting plugin RuntimePhysXCooking
LogPluginManager: Mounting plugin PropertyAccessNode
LogPluginManager: Mounting plugin ScreenshotTools
LogPluginManager: Mounting plugin Synthesis
LogPluginManager: Mounting plugin SignificanceManager
LogPluginManager: Mounting plugin WebMMoviePlayer
LogPluginManager: Mounting plugin WindowsMoviePlayer
LogPluginManager: Mounting plugin Takes
LogPluginManager: Mounting plugin ContentBrowserAssetDataSource
LogPluginManager: Mounting plugin ContentBrowserClassDataSource
LogPluginManager: Mounting plugin ContentBrowserFileDataSource
LogPluginManager: Mounting plugin OnlineSubsystemIOS
LogPluginManager: Mounting plugin OnlineSubsystemGooglePlay
LogPluginManager: Mounting plugin OculusVR
LogPluginManager: Mounting plugin SteamVR
PixWinPlugin: PIX capture plugin failed to initialize! Check that the process is launched from PIX.
LogInit: Using libcurl 7.55.1-DEV
LogInit:  - built for x86_64-pc-win32
LogInit:  - supports SSL with OpenSSL/1.1.1
LogInit:  - supports HTTP deflate (compression) using libz 1.2.8
LogInit:  - other features:
LogInit:      CURL_VERSION_SSL
LogInit:      CURL_VERSION_LIBZ
LogInit:      CURL_VERSION_IPV6
LogInit:      CURL_VERSION_ASYNCHDNS
LogInit:      CURL_VERSION_LARGEFILE
LogInit:      CURL_VERSION_IDN
LogInit:  CurlRequestOptions (configurable via config and command line):
LogInit:  - bVerifyPeer = true  - Libcurl will verify peer certificate
LogInit:  - bUseHttpProxy = false  - Libcurl will NOT use HTTP proxy
LogInit:  - bDontReuseConnections = false  - Libcurl will reuse connections
LogInit:  - MaxHostConnections = 16  - Libcurl will limit the number of connections to a host
LogInit:  - LocalHostAddr = Default
LogInit:  - BufferSize = 65536
LogOnline: OSS: Creating online subsystem instance for: NULL
LogInit: WinSock: version 1.1 (2.2), MaxSocks=32767, MaxUdp=65467
LogOnline: OSS: TryLoadSubsystemAndSetDefault: Loaded subsystem for module [NULL]
LogOculusPluginWrapper: OculusPlugin initialized successfully
LogHMD: Failed initializing OVRPlugin 1.59.0
LogInit: Build: ++UE4+Release-4.27-CL-18319896
LogInit: Engine Version: 4.27.2-18319896+++UE4+Release-4.27
LogInit: Compatible Engine Version: 4.27.0-17155196+++UE4+Release-4.27
LogInit: Net CL: 17155196
LogInit: OS: Windows 10 (Release 2009) (), CPU: 13th Gen Intel(R) Core(TM) i7-13650HX, GPU: Intel(R) UHD Graphics
LogInit: Compiled (64-bit): Nov 30 2021 07:12:08
LogInit: Compiled with Visual C++: 19.24.28315.00
LogInit: Build Configuration: Development
LogInit: Branch Name: ++UE4+Release-4.27
LogInit: Command Line:  -AUTH_LOGIN=unused -AUTH_PASSWORD=e26ab57861ac4983b77154323c5c0e35 -AUTH_TYPE=exchangecode -epicapp=UE_4.27 -epicenv=Prod -EpicPortal -epicusername=Xotii -epicuserid=8c0f7f1633984bb789070dad4917d369 -epiclocale=pl -epicsandboxid=ue
LogInit: Base Directory: D:/Epic Games/UE_4.27/Engine/Binaries/Win64/
LogInit: Allocator: TBB
LogInit: Installed Engine Build: 1
LogDevObjectVersion: Number of dev versions registered: 29
LogDevObjectVersion:   Dev-Blueprints (B0D832E4-1F89-4F0D-ACCF-7EB736FD4AA2): 10
LogDevObjectVersion:   Dev-Build (E1C64328-A22C-4D53-A36C-8E866417BD8C): 0
LogDevObjectVersion:   Dev-Core (375EC13C-06E4-48FB-B500-84F0262A717E): 4
LogDevObjectVersion:   Dev-Editor (E4B068ED-F494-42E9-A231-DA0B2E46BB41): 40
LogDevObjectVersion:   Dev-Framework (CFFC743F-43B0-4480-9391-14DF171D2073): 37
LogDevObjectVersion:   Dev-Mobile (B02B49B5-BB20-44E9-A304-32B752E40360): 3
LogDevObjectVersion:   Dev-Networking (A4E4105C-59A1-49B5-A7C5-40C4547EDFEE): 0
LogDevObjectVersion:   Dev-Online (39C831C9-5AE6-47DC-9A44-9C173E1C8E7C): 0
LogDevObjectVersion:   Dev-Physics (78F01B33-EBEA-4F98-B9B4-84EACCB95AA2): 14
LogDevObjectVersion:   Dev-Platform (6631380F-2D4D-43E0-8009-CF276956A95A): 0
LogDevObjectVersion:   Dev-Rendering (12F88B9F-8875-4AFC-A67C-D90C383ABD29): 45
LogDevObjectVersion:   Dev-Sequencer (7B5AE74C-D270-4C10-A958-57980B212A5A): 13
LogDevObjectVersion:   Dev-VR (D7296918-1DD6-4BDD-9DE2-64A83CC13884): 3
LogDevObjectVersion:   Dev-LoadTimes (C2A15278-BFE7-4AFE-6C17-90FF531DF755): 1
LogDevObjectVersion:   Private-Geometry (6EACA3D4-40EC-4CC1-B786-8BED09428FC5): 3
LogDevObjectVersion:   Dev-AnimPhys (29E575DD-E0A3-4627-9D10-D276232CDCEA): 17
LogDevObjectVersion:   Dev-Anim (AF43A65D-7FD3-4947-9873-3E8ED9C1BB05): 15
LogDevObjectVersion:   Dev-ReflectionCapture (6B266CEC-1EC7-4B8F-A30B-E4D90942FC07): 1
LogDevObjectVersion:   Dev-Automation (0DF73D61-A23F-47EA-B727-89E90C41499A): 1
LogDevObjectVersion:   FortniteMain (601D1886-AC64-4F84-AA16-D3DE0DEAC7D6): 47
LogDevObjectVersion:   FortniteRelease (E7086368-6B23-4C58-8439-1B7016265E91): 1
LogDevObjectVersion:   Dev-Enterprise (9DFFBCD6-494F-0158-E221-12823C92A888): 10
LogDevObjectVersion:   Dev-Niagara (F2AED0AC-9AFE-416F-8664-AA7FFA26D6FC): 1
LogDevObjectVersion:   Dev-Destruction (174F1F0B-B4C6-45A5-B13F-2EE8D0FB917D): 10
LogDevObjectVersion:   Dev-Physics-Ext (35F94A83-E258-406C-A318-09F59610247C): 41
LogDevObjectVersion:   Dev-PhysicsMaterial-Chaos (B68FC16E-8B1B-42E2-B453-215C058844FE): 1
LogDevObjectVersion:   Dev-CineCamera (B2E18506-4273-CFC2-A54E-F4BB758BBA07): 1
LogDevObjectVersion:   Dev-VirtualProduction (64F58936-FD1B-42BA-BA96-7289D5D0FA4E): 1
LogDevObjectVersion:   Dev-MediaFramework (6F0ED827-A609-4895-9C91-998D90180EA4): 2
LogInit: Presizing for max 25165824 objects, including 0 objects not considered by GC, pre-allocating 0 bytes for permanent pool.
LogConfig: Applying CVar settings from Section [/Script/Engine.StreamingSettings] File [D:/Repozytoria/UE 4.27/KZ_TopDownShooter/TopDownAC/Saved/Config/Windows/Engine.ini]
LogConfig: Setting CVar [[s.MinBulkDataSizeForAsyncLoading:131072]]
LogConfig: Setting CVar [[s.AsyncLoadingThreadEnabled:0]]
LogConfig: Setting CVar [[s.EventDrivenLoaderEnabled:1]]
LogConfig: Setting CVar [[s.WarnIfTimeLimitExceeded:0]]
LogConfig: Setting CVar [[s.TimeLimitExceededMultiplier:1.5]]
LogConfig: Setting CVar [[s.TimeLimitExceededMinTime:0.005]]
LogConfig: Setting CVar [[s.UseBackgroundLevelStreaming:1]]
LogConfig: Setting CVar [[s.PriorityAsyncLoadingExtraTime:15.0]]
LogConfig: Setting CVar [[s.LevelStreamingActorsUpdateTimeLimit:5.0]]
LogConfig: Setting CVar [[s.PriorityLevelStreamingActorsUpdateExtraTime:5.0]]
LogConfig: Setting CVar [[s.LevelStreamingComponentsRegistrationGranularity:10]]
LogConfig: Setting CVar [[s.UnregisterComponentsTimeLimit:1.0]]
LogConfig: Setting CVar [[s.LevelStreamingComponentsUnregistrationGranularity:5]]
LogConfig: Setting CVar [[s.FlushStreamingOnExit:1]]
LogInit: Object subsystem initialized
LogConfig: Setting CVar [[con.DebugEarlyDefault:1]]
LogConfig: Setting CVar [[r.setres:1280x720]]
[2026.02.12-11.28.35:715][  0]LogConfig: Setting CVar [[r.VSync:0]]
[2026.02.12-11.28.35:715][  0]LogConfig: Setting CVar [[r.RHICmdBypass:0]]
[2026.02.12-11.28.35:715][  0]LogConfig: Applying CVar settings from Section [/Script/Engine.RendererSettings] File [D:/Repozytoria/UE 4.27/KZ_TopDownShooter/TopDownAC/Saved/Config/Windows/Engine.ini]
[2026.02.12-11.28.35:715][  0]LogConfig: Setting CVar [[r.GPUCrashDebugging:0]]
[2026.02.12-11.28.35:715][  0]LogConfig: Applying CVar settings from Section [/Script/Engine.RendererOverrideSettings] File [D:/Repozytoria/UE 4.27/KZ_TopDownShooter/TopDownAC/Saved/Config/Windows/Engine.ini]
[2026.02.12-11.28.35:715][  0]LogConfig: Applying CVar settings from Section [/Script/Engine.StreamingSettings] File [D:/Repozytoria/UE 4.27/KZ_TopDownShooter/TopDownAC/Saved/Config/Windows/Engine.ini]
[2026.02.12-11.28.35:715][  0]LogConfig: Setting CVar [[s.MinBulkDataSizeForAsyncLoading:131072]]
[2026.02.12-11.28.35:715][  0]LogConfig: Setting CVar [[s.AsyncLoadingThreadEnabled:0]]
[2026.02.12-11.28.35:715][  0]LogConfig: Setting CVar [[s.EventDrivenLoaderEnabled:1]]
[2026.02.12-11.28.35:715][  0]LogConfig: Setting CVar [[s.WarnIfTimeLimitExceeded:0]]
[2026.02.12-11.28.35:715][  0]LogConfig: Setting CVar [[s.TimeLimitExceededMultiplier:1.5]]
[2026.02.12-11.28.35:715][  0]LogConfig: Setting CVar [[s.TimeLimitExceededMinTime:0.005]]
[2026.02.12-11.28.35:715][  0]LogConfig: Setting CVar [[s.UseBackgroundLevelStreaming:1]]
[2026.02.12-11.28.35:715][  0]LogConfig: Setting CVar [[s.PriorityAsyncLoadingExtraTime:15.0]]
[2026.02.12-11.28.35:715][  0]LogConfig: Setting CVar [[s.LevelStreamingActorsUpdateTimeLimit:5.0]]
[2026.02.12-11.28.35:715][  0]LogConfig: Setting CVar [[s.PriorityLevelStreamingActorsUpdateExtraTime:5.0]]
[2026.02.12-11.28.35:715][  0]LogConfig: Setting CVar [[s.LevelStreamingComponentsRegistrationGranularity:10]]
[2026.02.12-11.28.35:715][  0]LogConfig: Setting CVar [[s.UnregisterComponentsTimeLimit:1.0]]
[2026.02.12-11.28.35:715][  0]LogConfig: Setting CVar [[s.LevelStreamingComponentsUnregistrationGranularity:5]]
[2026.02.12-11.28.35:715][  0]LogConfig: Setting CVar [[s.FlushStreamingOnExit:1]]
[2026.02.12-11.28.35:715][  0]LogConfig: Applying CVar settings from Section [/Script/Engine.GarbageCollectionSettings] File [D:/Repozytoria/UE 4.27/KZ_TopDownShooter/TopDownAC/Saved/Config/Windows/Engine.ini]
[2026.02.12-11.28.35:715][  0]LogConfig: Setting CVar [[gc.MaxObjectsNotConsideredByGC:1]]
[2026.02.12-11.28.35:715][  0]LogConfig: Setting CVar [[gc.SizeOfPermanentObjectPool:0]]
[2026.02.12-11.28.35:715][  0]LogConfig: Setting CVar [[gc.FlushStreamingOnGC:0]]
[2026.02.12-11.28.35:715][  0]LogConfig: Setting CVar [[gc.NumRetriesBeforeForcingGC:10]]
[2026.02.12-11.28.35:715][  0]LogConfig: Setting CVar [[gc.AllowParallelGC:1]]
[2026.02.12-11.28.35:715][  0]LogConfig: Setting CVar [[gc.TimeBetweenPurgingPendingKillObjects:61.1]]
[2026.02.12-11.28.35:715][  0]LogConfig: Setting CVar [[gc.MaxObjectsInEditor:25165824]]
[2026.02.12-11.28.35:715][  0]LogConfig: Setting CVar [[gc.IncrementalBeginDestroyEnabled:1]]
[2026.02.12-11.28.35:715][  0]LogConfig: Setting CVar [[gc.CreateGCClusters:1]]
[2026.02.12-11.28.35:715][  0]LogConfig: Setting CVar [[gc.MinGCClusterSize:5]]
[2026.02.12-11.28.35:715][  0]LogConfig: Setting CVar [[gc.ActorClusteringEnabled:0]]
[2026.02.12-11.28.35:715][  0]LogConfig: Setting CVar [[gc.BlueprintClusteringEnabled:0]]
[2026.02.12-11.28.35:715][  0]LogConfig: Setting CVar [[gc.UseDisregardForGCOnDedicatedServers:0]]
[2026.02.12-11.28.35:715][  0]LogConfig: Setting CVar [[gc.MultithreadedDestructionEnabled:1]]
[2026.02.12-11.28.35:715][  0]LogConfig: Applying CVar settings from Section [/Script/Engine.NetworkSettings] File [D:/Repozytoria/UE 4.27/KZ_TopDownShooter/TopDownAC/Saved/Config/Windows/Engine.ini]
[2026.02.12-11.28.35:715][  0]LogConfig: Applying CVar settings from Section [/Script/UnrealEd.CookerSettings] File [D:/Repozytoria/UE 4.27/KZ_TopDownShooter/TopDownAC/Saved/Config/Windows/Engine.ini]
[2026.02.12-11.28.35:735][  0]LogConfig: Applying CVar settings from Section [ViewDistanceQuality@3] File [D:/Repozytoria/UE 4.27/KZ_TopDownShooter/TopDownAC/Saved/Config/Windows/Scalability.ini]
[2026.02.12-11.28.35:735][  0]LogConfig: Setting CVar [[r.SkeletalMeshLODBias:0]]
[2026.02.12-11.28.35:735][  0]LogConfig: Setting CVar [[r.ViewDistanceScale:1.0]]
[2026.02.12-11.28.35:735][  0]LogConfig: Applying CVar settings from Section [AntiAliasingQuality@3] File [D:/Repozytoria/UE 4.27/KZ_TopDownShooter/TopDownAC/Saved/Config/Windows/Scalability.ini]
[2026.02.12-11.28.35:735][  0]LogConfig: Setting CVar [[r.PostProcessAAQuality:4]]
[2026.02.12-11.28.35:735][  0]LogConfig: Applying CVar settings from Section [ShadowQuality@3] File [D:/Repozytoria/UE 4.27/KZ_TopDownShooter/TopDownAC/Saved/Config/Windows/Scalability.ini]
[2026.02.12-11.28.35:735][  0]LogConfig: Setting CVar [[r.LightFunctionQuality:1]]
[2026.02.12-11.28.35:735][  0]LogConfig: Setting CVar [[r.ShadowQuality:5]]
[2026.02.12-11.28.35:735][  0]LogConfig: Setting CVar [[r.Shadow.CSM.MaxCascades:10]]
[2026.02.12-11.28.35:735][  0]LogConfig: Setting CVar [[r.Shadow.MaxResolution:2048]]
[2026.02.12-11.28.35:735][  0]LogConfig: Setting CVar [[r.Shadow.MaxCSMResolution:2048]]
[2026.02.12-11.28.35:735][  0]LogConfig: Setting CVar [[r.Shadow.RadiusThreshold:0.01]]
[2026.02.12-11.28.35:735][  0]LogConfig: Setting CVar [[r.Shadow.DistanceScale:1.0]]
[2026.02.12-11.28.35:735][  0]LogConfig: Setting CVar [[r.Shadow.CSM.TransitionScale:1.0]]
[2026.02.12-11.28.35:735][  0]LogConfig: Setting CVar [[r.Shadow.PreShadowResolutionFactor:1.0]]
[2026.02.12-11.28.35:735][  0]LogConfig: Setting CVar [[r.DistanceFieldShadowing:1]]
[2026.02.12-11.28.35:735][  0]LogConfig: Setting CVar [[r.DistanceFieldAO:1]]
[2026.02.12-11.28.35:735][  0]LogConfig: Setting CVar [[r.AOQuality:2]]
[2026.02.12-11.28.35:735][  0]LogConfig: Setting CVar [[r.VolumetricFog:1]]
[2026.02.12-11.28.35:735][  0]LogConfig: Setting CVar [[r.VolumetricFog.GridPixelSize:8]]
[2026.02.12-11.28.35:735][  0]LogConfig: Setting CVar [[r.VolumetricFog.GridSizeZ:128]]
[2026.02.12-11.28.35:735][  0]LogConfig: Setting CVar [[r.VolumetricFog.HistoryMissSupersampleCount:4]]
[2026.02.12-11.28.35:735][  0]LogConfig: Setting CVar [[r.LightMaxDrawDistanceScale:1]]
[2026.02.12-11.28.35:735][  0]LogConfig: Setting CVar [[r.CapsuleShadows:1]]
[2026.02.12-11.28.35:735][  0]LogConfig: Applying CVar settings from Section [PostProcessQuality@3] File [D:/Repozytoria/UE 4.27/KZ_TopDownShooter/TopDownAC/Saved/Config/Windows/Scalability.ini]
[2026.02.12-11.28.35:735][  0]LogConfig: Setting CVar [[r.MotionBlurQuality:4]]
[2026.02.12-11.28.35:735][  0]LogConfig: Setting CVar [[r.AmbientOcclusionMipLevelFactor:0.4]]
[2026.02.12-11.28.35:735][  0]LogConfig: Setting CVar [[r.AmbientOcclusionMaxQuality:100]]
[2026.02.12-11.28.35:735][  0]LogConfig: Setting CVar [[r.AmbientOcclusionLevels:-1]]
[2026.02.12-11.28.35:735][  0]LogConfig: Setting CVar [[r.AmbientOcclusionRadiusScale:1.0]]
[2026.02.12-11.28.35:735][  0]LogConfig: Setting CVar [[r.DepthOfFieldQuality:2]]
[2026.02.12-11.28.35:735][  0]LogConfig: Setting CVar [[r.RenderTargetPoolMin:400]]
[2026.02.12-11.28.35:735][  0]LogConfig: Setting CVar [[r.LensFlareQuality:2]]
[2026.02.12-11.28.35:735][  0]LogConfig: Setting CVar [[r.SceneColorFringeQuality:1]]
[2026.02.12-11.28.35:735][  0]LogConfig: Setting CVar [[r.EyeAdaptationQuality:2]]
[2026.02.12-11.28.35:735][  0]LogConfig: Setting CVar [[r.BloomQuality:5]]
[2026.02.12-11.28.35:735][  0]LogConfig: Setting CVar [[r.FastBlurThreshold:100]]
[2026.02.12-11.28.35:735][  0]LogConfig: Setting CVar [[r.Upscale.Quality:3]]
[2026.02.12-11.28.35:735][  0]LogConfig: Setting CVar [[r.Tonemapper.GrainQuantization:1]]
[2026.02.12-11.28.35:735][  0]LogConfig: Setting CVar [[r.LightShaftQuality:1]]
[2026.02.12-11.28.35:735][  0]LogConfig: Setting CVar [[r.Filter.SizeScale:1]]
[2026.02.12-11.28.35:735][  0]LogConfig: Setting CVar [[r.Tonemapper.Quality:5]]
[2026.02.12-11.28.35:735][  0]LogConfig: Setting CVar [[r.DOF.Gather.AccumulatorQuality:1        ; higher gathering accumulator quality]]
[2026.02.12-11.28.35:735][  0]LogConfig: Setting CVar [[r.DOF.Gather.PostfilterMethod:1          ; Median3x3 postfilering method]]
[2026.02.12-11.28.35:735][  0]LogConfig: Setting CVar [[r.DOF.Gather.EnableBokehSettings:0       ; no bokeh simulation when gathering]]
[2026.02.12-11.28.35:735][  0]LogConfig: Setting CVar [[r.DOF.Gather.RingCount:4                 ; medium number of samples when gathering]]
[2026.02.12-11.28.35:735][  0]LogConfig: Setting CVar [[r.DOF.Scatter.ForegroundCompositing:1    ; additive foreground scattering]]
[2026.02.12-11.28.35:735][  0]LogConfig: Setting CVar [[r.DOF.Scatter.BackgroundCompositing:2    ; additive background scattering]]
[2026.02.12-11.28.35:735][  0]LogConfig: Setting CVar [[r.DOF.Scatter.EnableBokehSettings:1      ; bokeh simulation when scattering]]
[2026.02.12-11.28.35:735][  0]LogConfig: Setting CVar [[r.DOF.Scatter.MaxSpriteRatio:0.1         ; only a maximum of 10% of scattered bokeh]]
[2026.02.12-11.28.35:735][  0]LogConfig: Setting CVar [[r.DOF.Recombine.Quality:1                ; cheap slight out of focus]]
[2026.02.12-11.28.35:735][  0]LogConfig: Setting CVar [[r.DOF.Recombine.EnableBokehSettings:0    ; no bokeh simulation on slight out of focus]]
[2026.02.12-11.28.35:735][  0]LogConfig: Setting CVar [[r.DOF.TemporalAAQuality:1                ; more stable temporal accumulation]]
[2026.02.12-11.28.35:735][  0]LogConfig: Setting CVar [[r.DOF.Kernel.MaxForegroundRadius:0.025]]
[2026.02.12-11.28.35:735][  0]LogConfig: Setting CVar [[r.DOF.Kernel.MaxBackgroundRadius:0.025]]
[2026.02.12-11.28.35:735][  0]LogConfig: Applying CVar settings from Section [TextureQuality@3] File [D:/Repozytoria/UE 4.27/KZ_TopDownShooter/TopDownAC/Saved/Config/Windows/Scalability.ini]
[2026.02.12-11.28.35:735][  0]LogConfig: Setting CVar [[r.Streaming.MipBias:0]]
[2026.02.12-11.28.35:735][  0]LogConfig: Setting CVar [[r.Streaming.AmortizeCPUToGPUCopy:0]]
[2026.02.12-11.28.35:735][  0]LogConfig: Setting CVar [[r.Streaming.MaxNumTexturesToStreamPerFrame:0]]
[2026.02.12-11.28.35:735][  0]LogConfig: Setting CVar [[r.Streaming.Boost:1]]
[2026.02.12-11.28.35:735][  0]LogConfig: Setting CVar [[r.MaxAnisotropy:8]]
[2026.02.12-11.28.35:735][  0]LogConfig: Setting CVar [[r.VT.MaxAnisotropy:8]]
[2026.02.12-11.28.35:735][  0]LogConfig: Setting CVar [[r.Streaming.LimitPoolSizeToVRAM:0]]
[2026.02.12-11.28.35:735][  0]LogConfig: Setting CVar [[r.Streaming.PoolSize:1000]]
[2026.02.12-11.28.35:735][  0]LogConfig: Setting CVar [[r.Streaming.MaxEffectiveScreenSize:0]]
[2026.02.12-11.28.35:735][  0]LogConfig: Applying CVar settings from Section [EffectsQuality@3] File [D:/Repozytoria/UE 4.27/KZ_TopDownShooter/TopDownAC/Saved/Config/Windows/Scalability.ini]
[2026.02.12-11.28.35:735][  0]LogConfig: Setting CVar [[r.TranslucencyLightingVolumeDim:64]]
[2026.02.12-11.28.35:735][  0]LogConfig: Setting CVar [[r.RefractionQuality:2]]
[2026.02.12-11.28.35:735][  0]LogConfig: Setting CVar [[r.SSR.Quality:3]]
[2026.02.12-11.28.35:735][  0]LogConfig: Setting CVar [[r.SSR.HalfResSceneColor:0]]
[2026.02.12-11.28.35:735][  0]LogConfig: Setting CVar [[r.SceneColorFormat:4]]
[2026.02.12-11.28.35:735][  0]LogConfig: Setting CVar [[r.DetailMode:2]]
[2026.02.12-11.28.35:735][  0]LogConfig: Setting CVar [[r.TranslucencyVolumeBlur:1]]
[2026.02.12-11.28.35:735][  0]LogConfig: Setting CVar [[r.MaterialQualityLevel:1 ; High quality]]
[2026.02.12-11.28.35:735][  0]LogConfig: Setting CVar [[r.AnisotropicMaterials:1]]
[2026.02.12-11.28.35:735][  0]LogConfig: Setting CVar [[r.SSS.Scale:1]]
[2026.02.12-11.28.35:735][  0]LogConfig: Setting CVar [[r.SSS.SampleSet:2]]
[2026.02.12-11.28.35:735][  0]LogConfig: Setting CVar [[r.SSS.Quality:1]]
[2026.02.12-11.28.35:735][  0]LogConfig: Setting CVar [[r.SSS.HalfRes:0]]
[2026.02.12-11.28.35:735][  0]LogConfig: Setting CVar [[r.SSGI.Quality:3]]
[2026.02.12-11.28.35:735][  0]LogConfig: Setting CVar [[r.EmitterSpawnRateScale:1.0]]
[2026.02.12-11.28.35:735][  0]LogConfig: Setting CVar [[r.ParticleLightQuality:2]]
[2026.02.12-11.28.35:735][  0]LogConfig: Setting CVar [[r.SkyAtmosphere.AerialPerspectiveLUT.FastApplyOnOpaque:1 ; Always have FastSkyLUT 1 in this case to avoid wrong sky]]
[2026.02.12-11.28.35:735][  0]LogConfig: Setting CVar [[r.SkyAtmosphere.AerialPerspectiveLUT.SampleCountMaxPerSlice:4]]
[2026.02.12-11.28.35:736][  0]LogConfig: Setting CVar [[r.SkyAtmosphere.AerialPerspectiveLUT.DepthResolution:16.0]]
[2026.02.12-11.28.35:736][  0]LogConfig: Setting CVar [[r.SkyAtmosphere.FastSkyLUT:1]]
[2026.02.12-11.28.35:736][  0]LogConfig: Setting CVar [[r.SkyAtmosphere.FastSkyLUT.SampleCountMin:4.0]]
[2026.02.12-11.28.35:736][  0]LogConfig: Setting CVar [[r.SkyAtmosphere.FastSkyLUT.SampleCountMax:128.0]]
[2026.02.12-11.28.35:736][  0]LogConfig: Setting CVar [[r.SkyAtmosphere.SampleCountMin:4.0]]
[2026.02.12-11.28.35:736][  0]LogConfig: Setting CVar [[r.SkyAtmosphere.SampleCountMax:128.0]]
[2026.02.12-11.28.35:736][  0]LogConfig: Setting CVar [[r.SkyAtmosphere.TransmittanceLUT.UseSmallFormat:0]]
[2026.02.12-11.28.35:736][  0]LogConfig: Setting CVar [[r.SkyAtmosphere.TransmittanceLUT.SampleCount:10.0]]
[2026.02.12-11.28.35:736][  0]LogConfig: Setting CVar [[r.SkyAtmosphere.MultiScatteringLUT.SampleCount:15.0]]
[2026.02.12-11.28.35:736][  0]LogConfig: Setting CVar [[r.SkyLight.RealTimeReflectionCapture:1]]
[2026.02.12-11.28.35:736][  0]LogConfig: Applying CVar settings from Section [FoliageQuality@3] File [D:/Repozytoria/UE 4.27/KZ_TopDownShooter/TopDownAC/Saved/Config/Windows/Scalability.ini]
[2026.02.12-11.28.35:736][  0]LogConfig: Setting CVar [[foliage.DensityScale:1.0]]
[2026.02.12-11.28.35:736][  0]LogConfig: Setting CVar [[grass.DensityScale:1.0]]
[2026.02.12-11.28.35:736][  0]LogConfig: Applying CVar settings from Section [ShadingQuality@3] File [D:/Repozytoria/UE 4.27/KZ_TopDownShooter/TopDownAC/Saved/Config/Windows/Scalability.ini]
[2026.02.12-11.28.35:736][  0]LogConfig: Setting CVar [[r.HairStrands.SkyLighting.IntegrationType:2]]
[2026.02.12-11.28.35:736][  0]LogConfig: Setting CVar [[r.HairStrands.SkyAO.SampleCount:4]]
[2026.02.12-11.28.35:736][  0]LogConfig: Setting CVar [[r.HairStrands.Visibility.MSAA.SamplePerPixel:4]]
[2026.02.12-11.28.35:736][  0]LogInit: Selected Device Profile: [Windows]
[2026.02.12-11.28.35:736][  0]LogInit: Applying CVar settings loaded from the selected device profile: [Windows]
[2026.02.12-11.28.35:736][  0]LogHAL: Display: Platform has ~ 32 GB [34007195648 / 34359738368 / 32], which maps to Largest [LargestMinGB=32, LargerMinGB=12, DefaultMinGB=8, SmallerMinGB=6, SmallestMinGB=0)
[2026.02.12-11.28.35:736][  0]LogInit: Going up to parent DeviceProfile []
[2026.02.12-11.28.35:736][  0]LogConfig: Applying CVar settings from Section [ViewDistanceQuality@3] File [D:/Repozytoria/UE 4.27/KZ_TopDownShooter/TopDownAC/Saved/Config/Windows/Scalability.ini]
[2026.02.12-11.28.35:736][  0]LogConfig: Setting CVar [[r.SkeletalMeshLODBias:0]]
[2026.02.12-11.28.35:736][  0]LogConfig: Setting CVar [[r.ViewDistanceScale:1.0]]
[2026.02.12-11.28.35:736][  0]LogConfig: Applying CVar settings from Section [AntiAliasingQuality@3] File [D:/Repozytoria/UE 4.27/KZ_TopDownShooter/TopDownAC/Saved/Config/Windows/Scalability.ini]
[2026.02.12-11.28.35:736][  0]LogConfig: Setting CVar [[r.PostProcessAAQuality:4]]
[2026.02.12-11.28.35:736][  0]LogConfig: Applying CVar settings from Section [ShadowQuality@3] File [D:/Repozytoria/UE 4.27/KZ_TopDownShooter/TopDownAC/Saved/Config/Windows/Scalability.ini]
[2026.02.12-11.28.35:736][  0]LogConfig: Setting CVar [[r.LightFunctionQuality:1]]
[2026.02.12-11.28.35:736][  0]LogConfig: Setting CVar [[r.ShadowQuality:5]]
[2026.02.12-11.28.35:736][  0]LogConfig: Setting CVar [[r.Shadow.CSM.MaxCascades:10]]
[2026.02.12-11.28.35:736][  0]LogConfig: Setting CVar [[r.Shadow.MaxResolution:2048]]
[2026.02.12-11.28.35:736][  0]LogConfig: Setting CVar [[r.Shadow.MaxCSMResolution:2048]]
[2026.02.12-11.28.35:736][  0]LogConfig: Setting CVar [[r.Shadow.RadiusThreshold:0.01]]
[2026.02.12-11.28.35:736][  0]LogConfig: Setting CVar [[r.Shadow.DistanceScale:1.0]]
[2026.02.12-11.28.35:736][  0]LogConfig: Setting CVar [[r.Shadow.CSM.TransitionScale:1.0]]
[2026.02.12-11.28.35:736][  0]LogConfig: Setting CVar [[r.Shadow.PreShadowResolutionFactor:1.0]]
[2026.02.12-11.28.35:736][  0]LogConfig: Setting CVar [[r.DistanceFieldShadowing:1]]
[2026.02.12-11.28.35:736][  0]LogConfig: Setting CVar [[r.DistanceFieldAO:1]]
[2026.02.12-11.28.35:736][  0]LogConfig: Setting CVar [[r.AOQuality:2]]
[2026.02.12-11.28.35:736][  0]LogConfig: Setting CVar [[r.VolumetricFog:1]]
[2026.02.12-11.28.35:736][  0]LogConfig: Setting CVar [[r.VolumetricFog.GridPixelSize:8]]
[2026.02.12-11.28.35:736][  0]LogConfig: Setting CVar [[r.VolumetricFog.GridSizeZ:128]]
[2026.02.12-11.28.35:736][  0]LogConfig: Setting CVar [[r.VolumetricFog.HistoryMissSupersampleCount:4]]
[2026.02.12-11.28.35:736][  0]LogConfig: Setting CVar [[r.LightMaxDrawDistanceScale:1]]
[2026.02.12-11.28.35:736][  0]LogConfig: Setting CVar [[r.CapsuleShadows:1]]
[2026.02.12-11.28.35:736][  0]LogConfig: Applying CVar settings from Section [PostProcessQuality@3] File [D:/Repozytoria/UE 4.27/KZ_TopDownShooter/TopDownAC/Saved/Config/Windows/Scalability.ini]
[2026.02.12-11.28.35:736][  0]LogConfig: Setting CVar [[r.MotionBlurQuality:4]]
[2026.02.12-11.28.35:736][  0]LogConfig: Setting CVar [[r.AmbientOcclusionMipLevelFactor:0.4]]
[2026.02.12-11.28.35:736][  0]LogConfig: Setting CVar [[r.AmbientOcclusionMaxQuality:100]]
[2026.02.12-11.28.35:736][  0]LogConfig: Setting CVar [[r.AmbientOcclusionLevels:-1]]
[2026.02.12-11.28.35:736][  0]LogConfig: Setting CVar [[r.AmbientOcclusionRadiusScale:1.0]]
[2026.02.12-11.28.35:736][  0]LogConfig: Setting CVar [[r.DepthOfFieldQuality:2]]
[2026.02.12-11.28.35:736][  0]LogConfig: Setting CVar [[r.RenderTargetPoolMin:400]]
[2026.02.12-11.28.35:736][  0]LogConfig: Setting CVar [[r.LensFlareQuality:2]]
[2026.02.12-11.28.35:736][  0]LogConfig: Setting CVar [[r.SceneColorFringeQuality:1]]
[2026.02.12-11.28.35:736][  0]LogConfig: Setting CVar [[r.EyeAdaptationQuality:2]]
[2026.02.12-11.28.35:736][  0]LogConfig: Setting CVar [[r.BloomQuality:5]]
[2026.02.12-11.28.35:736][  0]LogConfig: Setting CVar [[r.FastBlurThreshold:100]]
[2026.02.12-11.28.35:736][  0]LogConfig: Setting CVar [[r.Upscale.Quality:3]]
[2026.02.12-11.28.35:736][  0]LogConfig: Setting CVar [[r.Tonemapper.GrainQuantization:1]]
[2026.02.12-11.28.35:736][  0]LogConfig: Setting CVar [[r.LightShaftQuality:1]]
[2026.02.12-11.28.35:736][  0]LogConfig: Setting CVar [[r.Filter.SizeScale:1]]
[2026.02.12-11.28.35:736][  0]LogConfig: Setting CVar [[r.Tonemapper.Quality:5]]
[2026.02.12-11.28.35:736][  0]LogConfig: Setting CVar [[r.DOF.Gather.AccumulatorQuality:1        ; higher gathering accumulator quality]]
[2026.02.12-11.28.35:736][  0]LogConfig: Setting CVar [[r.DOF.Gather.PostfilterMethod:1          ; Median3x3 postfilering method]]
[2026.02.12-11.28.35:736][  0]LogConfig: Setting CVar [[r.DOF.Gather.EnableBokehSettings:0       ; no bokeh simulation when gathering]]
[2026.02.12-11.28.35:736][  0]LogConfig: Setting CVar [[r.DOF.Gather.RingCount:4                 ; medium number of samples when gathering]]
[2026.02.12-11.28.35:736][  0]LogConfig: Setting CVar [[r.DOF.Scatter.ForegroundCompositing:1    ; additive foreground scattering]]
[2026.02.12-11.28.35:736][  0]LogConfig: Setting CVar [[r.DOF.Scatter.BackgroundCompositing:2    ; additive background scattering]]
[2026.02.12-11.28.35:736][  0]LogConfig: Setting CVar [[r.DOF.Scatter.EnableBokehSettings:1      ; bokeh simulation when scattering]]
[2026.02.12-11.28.35:736][  0]LogConfig: Setting CVar [[r.DOF.Scatter.MaxSpriteRatio:0.1         ; only a maximum of 10% of scattered bokeh]]
[2026.02.12-11.28.35:736][  0]LogConfig: Setting CVar [[r.DOF.Recombine.Quality:1                ; cheap slight out of focus]]
[2026.02.12-11.28.35:736][  0]LogConfig: Setting CVar [[r.DOF.Recombine.EnableBokehSettings:0    ; no bokeh simulation on slight out of focus]]
[2026.02.12-11.28.35:736][  0]LogConfig: Setting CVar [[r.DOF.TemporalAAQuality:1                ; more stable temporal accumulation]]
[2026.02.12-11.28.35:736][  0]LogConfig: Setting CVar [[r.DOF.Kernel.MaxForegroundRadius:0.025]]
[2026.02.12-11.28.35:736][  0]LogConfig: Setting CVar [[r.DOF.Kernel.MaxBackgroundRadius:0.025]]
[2026.02.12-11.28.35:736][  0]LogConfig: Applying CVar settings from Section [TextureQuality@3] File [D:/Repozytoria/UE 4.27/KZ_TopDownShooter/TopDownAC/Saved/Config/Windows/Scalability.ini]
[2026.02.12-11.28.35:736][  0]LogConfig: Setting CVar [[r.Streaming.MipBias:0]]
[2026.02.12-11.28.35:736][  0]LogConfig: Setting CVar [[r.Streaming.AmortizeCPUToGPUCopy:0]]
[2026.02.12-11.28.35:736][  0]LogConfig: Setting CVar [[r.Streaming.MaxNumTexturesToStreamPerFrame:0]]
[2026.02.12-11.28.35:736][  0]LogConfig: Setting CVar [[r.Streaming.Boost:1]]
[2026.02.12-11.28.35:736][  0]LogConfig: Setting CVar [[r.MaxAnisotropy:8]]
[2026.02.12-11.28.35:736][  0]LogConfig: Setting CVar [[r.VT.MaxAnisotropy:8]]
[2026.02.12-11.28.35:736][  0]LogConfig: Setting CVar [[r.Streaming.LimitPoolSizeToVRAM:0]]
[2026.02.12-11.28.35:736][  0]LogConfig: Setting CVar [[r.Streaming.PoolSize:1000]]
[2026.02.12-11.28.35:736][  0]LogConfig: Setting CVar [[r.Streaming.MaxEffectiveScreenSize:0]]
[2026.02.12-11.28.35:736][  0]LogConfig: Applying CVar settings from Section [EffectsQuality@3] File [D:/Repozytoria/UE 4.27/KZ_TopDownShooter/TopDownAC/Saved/Config/Windows/Scalability.ini]
[2026.02.12-11.28.35:736][  0]LogConfig: Setting CVar [[r.TranslucencyLightingVolumeDim:64]]
[2026.02.12-11.28.35:736][  0]LogConfig: Setting CVar [[r.RefractionQuality:2]]
[2026.02.12-11.28.35:736][  0]LogConfig: Setting CVar [[r.SSR.Quality:3]]
[2026.02.12-11.28.35:736][  0]LogConfig: Setting CVar [[r.SSR.HalfResSceneColor:0]]
[2026.02.12-11.28.35:736][  0]LogConfig: Setting CVar [[r.SceneColorFormat:4]]
[2026.02.12-11.28.35:736][  0]LogConfig: Setting CVar [[r.DetailMode:2]]
[2026.02.12-11.28.35:736][  0]LogConfig: Setting CVar [[r.TranslucencyVolumeBlur:1]]
[2026.02.12-11.28.35:736][  0]LogConfig: Setting CVar [[r.MaterialQualityLevel:1 ; High quality]]
[2026.02.12-11.28.35:736][  0]LogConfig: Setting CVar [[r.AnisotropicMaterials:1]]
[2026.02.12-11.28.35:736][  0]LogConfig: Setting CVar [[r.SSS.Scale:1]]
[2026.02.12-11.28.35:736][  0]LogConfig: Setting CVar [[r.SSS.SampleSet:2]]
[2026.02.12-11.28.35:736][  0]LogConfig: Setting CVar [[r.SSS.Quality:1]]
[2026.02.12-11.28.35:736][  0]LogConfig: Setting CVar [[r.SSS.HalfRes:0]]
[2026.02.12-11.28.35:736][  0]LogConfig: Setting CVar [[r.SSGI.Quality:3]]
[2026.02.12-11.28.35:736][  0]LogConfig: Setting CVar [[r.EmitterSpawnRateScale:1.0]]
[2026.02.12-11.28.35:736][  0]LogConfig: Setting CVar [[r.ParticleLightQuality:2]]
[2026.02.12-11.28.35:736][  0]LogConfig: Setting CVar [[r.SkyAtmosphere.AerialPerspectiveLUT.FastApplyOnOpaque:1 ; Always have FastSkyLUT 1 in this case to avoid wrong sky]]
[2026.02.12-11.28.35:736][  0]LogConfig: Setting CVar [[r.SkyAtmosphere.AerialPerspectiveLUT.SampleCountMaxPerSlice:4]]
[2026.02.12-11.28.35:736][  0]LogConfig: Setting CVar [[r.SkyAtmosphere.AerialPerspectiveLUT.DepthResolution:16.0]]
[2026.02.12-11.28.35:736][  0]LogConfig: Setting CVar [[r.SkyAtmosphere.FastSkyLUT:1]]
[2026.02.12-11.28.35:736][  0]LogConfig: Setting CVar [[r.SkyAtmosphere.FastSkyLUT.SampleCountMin:4.0]]
[2026.02.12-11.28.35:736][  0]LogConfig: Setting CVar [[r.SkyAtmosphere.FastSkyLUT.SampleCountMax:128.0]]
[2026.02.12-11.28.35:736][  0]LogConfig: Setting CVar [[r.SkyAtmosphere.SampleCountMin:4.0]]
[2026.02.12-11.28.35:736][  0]LogConfig: Setting CVar [[r.SkyAtmosphere.SampleCountMax:128.0]]
[2026.02.12-11.28.35:736][  0]LogConfig: Setting CVar [[r.SkyAtmosphere.TransmittanceLUT.UseSmallFormat:0]]
[2026.02.12-11.28.35:736][  0]LogConfig: Setting CVar [[r.SkyAtmosphere.TransmittanceLUT.SampleCount:10.0]]
[2026.02.12-11.28.35:736][  0]LogConfig: Setting CVar [[r.SkyAtmosphere.MultiScatteringLUT.SampleCount:15.0]]
[2026.02.12-11.28.35:736][  0]LogConfig: Setting CVar [[r.SkyLight.RealTimeReflectionCapture:1]]
[2026.02.12-11.28.35:736][  0]LogConfig: Applying CVar settings from Section [FoliageQuality@3] File [D:/Repozytoria/UE 4.27/KZ_TopDownShooter/TopDownAC/Saved/Config/Windows/Scalability.ini]
[2026.02.12-11.28.35:736][  0]LogConfig: Setting CVar [[foliage.DensityScale:1.0]]
[2026.02.12-11.28.35:736][  0]LogConfig: Setting CVar [[grass.DensityScale:1.0]]
[2026.02.12-11.28.35:736][  0]LogConfig: Applying CVar settings from Section [ShadingQuality@3] File [D:/Repozytoria/UE 4.27/KZ_TopDownShooter/TopDownAC/Saved/Config/Windows/Scalability.ini]
[2026.02.12-11.28.35:736][  0]LogConfig: Setting CVar [[r.HairStrands.SkyLighting.IntegrationType:2]]
[2026.02.12-11.28.35:736][  0]LogConfig: Setting CVar [[r.HairStrands.SkyAO.SampleCount:4]]
[2026.02.12-11.28.35:736][  0]LogConfig: Setting CVar [[r.HairStrands.Visibility.MSAA.SamplePerPixel:4]]
[2026.02.12-11.28.35:736][  0]LogConfig: Applying CVar settings from Section [Startup] File [../../../Engine/Config/ConsoleVariables.ini]
[2026.02.12-11.28.35:736][  0]LogConfig: Setting CVar [[net.UseAdaptiveNetUpdateFrequency:0]]
[2026.02.12-11.28.35:736][  0]LogConfig: Setting CVar [[p.chaos.AllowCreatePhysxBodies:1]]
[2026.02.12-11.28.35:736][  0]LogConfig: Setting CVar [[fx.SkipVectorVMBackendOptimizations:1]]
[2026.02.12-11.28.35:736][  0]LogConfig: Applying CVar settings from Section [ConsoleVariables] File [D:/Repozytoria/UE 4.27/KZ_TopDownShooter/TopDownAC/Saved/Config/Windows/Engine.ini]
[2026.02.12-11.28.35:737][  0]LogConfig: Applying CVar settings from Section [ConsoleVariables] File [D:/Repozytoria/UE 4.27/KZ_TopDownShooter/TopDownAC/Saved/Config/Windows/Editor.ini]
[2026.02.12-11.28.35:737][  0]LogInit: Computer: LAPTOP-AN92MERF
[2026.02.12-11.28.35:737][  0]LogInit: User: harry
[2026.02.12-11.28.35:737][  0]LogInit: CPU Page size=4096, Cores=14
[2026.02.12-11.28.35:737][  0]LogInit: High frequency timer resolution =10.000000 MHz
[2026.02.12-11.28.35:737][  0]LogMemory: Memory total: Physical=31.7GB (32GB approx)
[2026.02.12-11.28.35:737][  0]LogMemory: Platform Memory Stats for Windows
[2026.02.12-11.28.35:737][  0]LogMemory: Process Physical Memory: 155.80 MB used, 155.80 MB peak
[2026.02.12-11.28.35:737][  0]LogMemory: Process Virtual Memory: 135.22 MB used, 135.22 MB peak
[2026.02.12-11.28.35:737][  0]LogMemory: Physical Memory: 11311.34 MB used,  21120.45 MB free, 32431.79 MB total
[2026.02.12-11.28.35:737][  0]LogMemory: Virtual Memory: 134195336.00 MB used,  22393.45 MB free, 134217728.00 MB total
[2026.02.12-11.28.35:740][  0]LogWindows: WindowsPlatformFeatures enabled
[2026.02.12-11.28.35:770][  0]LogInit: Physics initialised using underlying interface: PhysX
[2026.02.12-11.28.35:770][  0]LogInit: Using OS detected language (pl-PL).
[2026.02.12-11.28.35:771][  0]LogInit: Using OS detected locale (pl-PL).
[2026.02.12-11.28.35:771][  0]LogTextLocalizationManager: No specific localization for 'pl-PL' exists, so the 'pl' localization will be used.
[2026.02.12-11.28.35:771][  0]LogTextLocalizationResource: LocRes '../../../Engine/Content/Localization/Editor/pl/Editor.locres' could not be opened for reading!
[2026.02.12-11.28.35:771][  0]LogTextLocalizationResource: LocRes '../../../Engine/Content/Localization/EditorTutorials/pl/EditorTutorials.locres' could not be opened for reading!
[2026.02.12-11.28.35:771][  0]LogTextLocalizationResource: LocRes '../../../Engine/Content/Localization/Keywords/pl/Keywords.locres' could not be opened for reading!
[2026.02.12-11.28.35:771][  0]LogTextLocalizationResource: LocRes '../../../Engine/Content/Localization/Category/pl/Category.locres' could not be opened for reading!
[2026.02.12-11.28.35:771][  0]LogTextLocalizationResource: LocRes '../../../Engine/Content/Localization/ToolTips/pl/ToolTips.locres' could not be opened for reading!
[2026.02.12-11.28.35:771][  0]LogTextLocalizationResource: LocRes '../../../Engine/Content/Localization/PropertyNames/pl/PropertyNames.locres' could not be opened for reading!
[2026.02.12-11.28.35:771][  0]LogTextLocalizationResource: LocRes '../../../Engine/Content/Localization/Engine/pl/Engine.locres' could not be opened for reading!
[2026.02.12-11.28.35:772][  0]LogInit: Setting process to per monitor DPI aware
[2026.02.12-11.28.35:783][  0]LogWindowsTextInputMethodSystem: Display: IME system deactivated.
[2026.02.12-11.28.35:792][  0]LogSlate: New Slate User Created.  User Index 0, Is Virtual User: 0
[2026.02.12-11.28.35:792][  0]LogSlate: Slate User Registered.  User Index 0, Is Virtual User: 0
[2026.02.12-11.28.35:868][  0]LogD3D11RHI: Loaded GFSDK_Aftermath_Lib.x64.dll
[2026.02.12-11.28.35:913][  0]LogHMD: Failed to initialize OpenVR with code 110
[2026.02.12-11.28.35:913][  0]LogD3D11RHI: D3D11 min allowed feature level: 11_0
[2026.02.12-11.28.35:913][  0]LogD3D11RHI: D3D11 max allowed feature level: 11_0
[2026.02.12-11.28.35:913][  0]LogD3D11RHI: D3D11 adapters:
[2026.02.12-11.28.36:128][  0]LogD3D11RHI:    0. 'NVIDIA GeForce RTX 4060 Laptop GPU' (Feature Level 11_0)
[2026.02.12-11.28.36:128][  0]LogD3D11RHI:       7957/0/16215 MB DedicatedVideo/DedicatedSystem/SharedSystem, Outputs:2, VendorId:0x10de
[2026.02.12-11.28.36:149][  0]LogD3D11RHI:    1. 'Intel(R) UHD Graphics' (Feature Level 11_0)
[2026.02.12-11.28.36:149][  0]LogD3D11RHI:       128/0/16215 MB DedicatedVideo/DedicatedSystem/SharedSystem, Outputs:0, VendorId:0x8086
[2026.02.12-11.28.36:151][  0]LogD3D11RHI:    2. 'Microsoft Basic Render Driver' (Feature Level 11_0)
[2026.02.12-11.28.36:151][  0]LogD3D11RHI:       0/0/16215 MB DedicatedVideo/DedicatedSystem/SharedSystem, Outputs:0, VendorId:0x1414
[2026.02.12-11.28.36:151][  0]LogD3D11RHI: Chosen D3D11 Adapter:
[2026.02.12-11.28.36:151][  0]LogD3D11RHI:     Description : NVIDIA GeForce RTX 4060 Laptop GPU
[2026.02.12-11.28.36:151][  0]LogD3D11RHI:     VendorId    : 10de
[2026.02.12-11.28.36:151][  0]LogD3D11RHI:     DeviceId    : 28e0
[2026.02.12-11.28.36:151][  0]LogD3D11RHI:     SubSysId    : 96011458
[2026.02.12-11.28.36:151][  0]LogD3D11RHI:     Revision    : 00a1
[2026.02.12-11.28.36:151][  0]LogD3D11RHI:     DedicatedVideoMemory : 8343519232 bytes
[2026.02.12-11.28.36:151][  0]LogD3D11RHI:     DedicatedSystemMemory : 0 bytes
[2026.02.12-11.28.36:151][  0]LogD3D11RHI:     SharedSystemMemory : 17003597824 bytes
[2026.02.12-11.28.36:151][  0]LogD3D11RHI:     AdapterLuid : 0 80599
[2026.02.12-11.28.36:157][  0]LogD3D11RHI: Creating new Direct3DDevice
[2026.02.12-11.28.36:157][  0]LogD3D11RHI:     GPU DeviceId: 0x28e0 (for the marketing name, search the web for "GPU Device Id")
[2026.02.12-11.28.36:157][  0]LogWindows: EnumDisplayDevices:
[2026.02.12-11.28.36:157][  0]LogWindows:    0. 'Intel(R) UHD Graphics' (P:1 D:1)
[2026.02.12-11.28.36:157][  0]LogWindows:    1. 'Intel(R) UHD Graphics' (P:0 D:1)
[2026.02.12-11.28.36:157][  0]LogWindows:    2. 'Intel(R) UHD Graphics' (P:0 D:0)
[2026.02.12-11.28.36:157][  0]LogWindows:    3. 'Intel(R) UHD Graphics' (P:0 D:0)
[2026.02.12-11.28.36:158][  0]LogWindows:    4. 'NVIDIA GeForce RTX 4060 Laptop GPU' (P:0 D:0)
[2026.02.12-11.28.36:158][  0]LogWindows:    5. 'NVIDIA GeForce RTX 4060 Laptop GPU' (P:0 D:0)
[2026.02.12-11.28.36:158][  0]LogWindows:    6. 'NVIDIA GeForce RTX 4060 Laptop GPU' (P:0 D:0)
[2026.02.12-11.28.36:158][  0]LogWindows:    7. 'NVIDIA GeForce RTX 4060 Laptop GPU' (P:0 D:0)
[2026.02.12-11.28.36:158][  0]LogWindows: DebugString: PrimaryIsNotTheChoosenAdapter PrimaryIsNotTheChoosenAdapter PrimaryIsNotTheChoosenAdapter PrimaryIsNotTheChoosenAdapter FoundDriverCount:4 
[2026.02.12-11.28.36:158][  0]LogD3D11RHI:     Adapter Name: NVIDIA GeForce RTX 4060 Laptop GPU
[2026.02.12-11.28.36:158][  0]LogD3D11RHI:   Driver Version: 581.60 (internal:32.0.15.8160, unified:581.60)
[2026.02.12-11.28.36:159][  0]LogD3D11RHI:      Driver Date: 10-12-2025
[2026.02.12-11.28.36:159][  0]LogRHI: Texture pool is 5569 MB (70% of 7957 MB)
[2026.02.12-11.28.36:159][  0]LogD3D11RHI: Creating D3DDevice using adapter:
[2026.02.12-11.28.36:159][  0]LogD3D11RHI:     Description : NVIDIA GeForce RTX 4060 Laptop GPU
[2026.02.12-11.28.36:159][  0]LogD3D11RHI:     VendorId    : 10de
[2026.02.12-11.28.36:159][  0]LogD3D11RHI:     DeviceId    : 28e0
[2026.02.12-11.28.36:159][  0]LogD3D11RHI:     SubSysId    : 96011458
[2026.02.12-11.28.36:159][  0]LogD3D11RHI:     Revision    : 00a1
[2026.02.12-11.28.36:159][  0]LogD3D11RHI:     DedicatedVideoMemory : 8343519232 bytes
[2026.02.12-11.28.36:159][  0]LogD3D11RHI:     DedicatedSystemMemory : 0 bytes
[2026.02.12-11.28.36:159][  0]LogD3D11RHI:     SharedSystemMemory : 17003597824 bytes
[2026.02.12-11.28.36:159][  0]LogD3D11RHI:     AdapterLuid : 0 80599
[2026.02.12-11.28.36:259][  0]LogD3D11RHI: RHI has support for 64 bit atomics
[2026.02.12-11.28.36:259][  0]LogD3D11RHI: Async texture creation enabled
[2026.02.12-11.28.36:259][  0]LogD3D11RHI: Array index from any shader is supported
[2026.02.12-11.28.36:276][  0]LogD3D11RHI: GPU Timing Frequency: 1000.000000 (Debug: 2 2)
[2026.02.12-11.28.36:298][  0]LogRHI: GeForceNow SDK initialized: 1
[2026.02.12-11.28.36:512][  0]LogTargetPlatformManager: Display: Loaded TargetPlatform 'AllDesktop'
[2026.02.12-11.28.36:524][  0]LogTargetPlatformManager: Display: Loaded TargetPlatform 'Android'
[2026.02.12-11.28.36:524][  0]LogTargetPlatformManager: Display: Loaded TargetPlatform 'Android_ASTC'
[2026.02.12-11.28.36:524][  0]LogTargetPlatformManager: Display: Loaded TargetPlatform 'Android_DXT'
[2026.02.12-11.28.36:524][  0]LogTargetPlatformManager: Display: Loaded TargetPlatform 'Android_ETC2'
[2026.02.12-11.28.36:524][  0]LogTargetPlatformManager: Display: Loaded TargetPlatform 'AndroidClient'
[2026.02.12-11.28.36:524][  0]LogTargetPlatformManager: Display: Loaded TargetPlatform 'Android_ASTCClient'
[2026.02.12-11.28.36:524][  0]LogTargetPlatformManager: Display: Loaded TargetPlatform 'Android_DXTClient'
[2026.02.12-11.28.36:524][  0]LogTargetPlatformManager: Display: Loaded TargetPlatform 'Android_ETC2Client'
[2026.02.12-11.28.36:524][  0]LogTargetPlatformManager: Display: Loaded TargetPlatform 'Android_Multi'
[2026.02.12-11.28.36:524][  0]LogTargetPlatformManager: Display: Loaded TargetPlatform 'Android_MultiClient'
[2026.02.12-11.28.36:536][  0]LogTargetPlatformManager: Display: Loaded TargetPlatform 'IOSClient'
[2026.02.12-11.28.36:536][  0]LogTargetPlatformManager: Display: Loaded TargetPlatform 'IOS'
[2026.02.12-11.28.36:542][  0]LogTargetPlatformManager: Display: Loaded TargetPlatform 'Linux'
[2026.02.12-11.28.36:544][  0]LogTargetPlatformManager: Display: Loaded TargetPlatform 'LinuxNoEditor'
[2026.02.12-11.28.36:547][  0]LogTargetPlatformManager: Display: Loaded TargetPlatform 'LinuxClient'
[2026.02.12-11.28.36:550][  0]LogTargetPlatformManager: Display: Loaded TargetPlatform 'LinuxServer'
[2026.02.12-11.28.36:555][  0]LogTargetPlatformManager: Display: Loaded TargetPlatform 'LinuxAArch64NoEditor'
[2026.02.12-11.28.36:558][  0]LogTargetPlatformManager: Display: Loaded TargetPlatform 'LinuxAArch64Client'
[2026.02.12-11.28.36:561][  0]LogTargetPlatformManager: Display: Loaded TargetPlatform 'LinuxAArch64Server'
[2026.02.12-11.28.36:573][  0]LogTargetPlatformManager: Display: Loaded TargetPlatform 'Lumin'
[2026.02.12-11.28.36:573][  0]LogTargetPlatformManager: Display: Loaded TargetPlatform 'LuminClient'
[2026.02.12-11.28.36:578][  0]LogTargetPlatformManager: Display: Loaded TargetPlatform 'MacNoEditor'
[2026.02.12-11.28.36:580][  0]LogTargetPlatformManager: Display: Loaded TargetPlatform 'Mac'
[2026.02.12-11.28.36:584][  0]LogTargetPlatformManager: Display: Loaded TargetPlatform 'MacClient'
[2026.02.12-11.28.36:587][  0]LogTargetPlatformManager: Display: Loaded TargetPlatform 'MacServer'
[2026.02.12-11.28.36:593][  0]LogTargetPlatformManager: Display: Loaded TargetPlatform 'TVOSClient'
[2026.02.12-11.28.36:593][  0]LogTargetPlatformManager: Display: Loaded TargetPlatform 'TVOS'
[2026.02.12-11.28.36:598][  0]LogTargetPlatformManager: Display: Loaded TargetPlatform 'WindowsNoEditor'
[2026.02.12-11.28.36:601][  0]LogTargetPlatformManager: Display: Loaded TargetPlatform 'Windows'
[2026.02.12-11.28.36:604][  0]LogTargetPlatformManager: Display: Loaded TargetPlatform 'WindowsClient'
[2026.02.12-11.28.36:607][  0]LogTargetPlatformManager: Display: Loaded TargetPlatform 'WindowsServer'
[2026.02.12-11.28.36:607][  0]LogTargetPlatformManager: Display: Building Assets For Windows
[2026.02.12-11.28.36:612][  0]LogAudioDebug: Display: Lib vorbis DLL was dynamically loaded.
[2026.02.12-11.28.36:630][  0]LogTextureFormatOodle: Display: Oodle Texture 2.9.0 init RDO Off
[2026.02.12-11.28.36:651][  0]LogRendererCore: Ray tracing is disabled. Reason: r.RayTracing=0.
[2026.02.12-11.28.36:651][  0]LogShaderCompilers: Guid format shader working directory is -17 characters bigger than the processId version (../../../../../Repozytoria/UE 4.27/KZ_TopDownShooter/TopDownAC/Intermediate/Shaders/WorkingDirectory/17088/).
[2026.02.12-11.28.36:651][  0]LogShaderCompilers: Cleaned the shader compiler working directory 'C:/Users/harry/AppData/Local/Temp/UnrealShaderWorkingDir/89C3621E48510AC86CC6039AFABE6AA9/'.
[2026.02.12-11.28.36:651][  0]LogXGEController: Cannot use XGE Controller as Incredibuild is not installed on this machine.
[2026.02.12-11.28.36:651][  0]LogShaderCompilers: Cannot use XGE Shader Compiler as Incredibuild is not installed on this machine.
[2026.02.12-11.28.36:651][  0]LogShaderCompilers: Display: Using Local Shader Compiler.
[2026.02.12-11.28.37:153][  0]LogDerivedDataCache: Display: Max Cache Size: 512 MB
[2026.02.12-11.28.37:198][  0]LogDerivedDataCache: Loaded boot cache 0.05s 94MB C:/Users/harry/AppData/Local/UnrealEngine/4.27/DerivedDataCache/Boot.ddc.
[2026.02.12-11.28.37:198][  0]LogDerivedDataCache: Display: Loaded Boot cache: C:/Users/harry/AppData/Local/UnrealEngine/4.27/DerivedDataCache/Boot.ddc
[2026.02.12-11.28.37:198][  0]LogDerivedDataCache: FDerivedDataBackendGraph:  Pak pak cache file ../../../../../Repozytoria/UE 4.27/KZ_TopDownShooter/TopDownAC/DerivedDataCache/DDC.ddp not found, will not use a pak cache.
[2026.02.12-11.28.37:198][  0]LogDerivedDataCache: Unable to find inner node Pak for hierarchical cache Hierarchy.
[2026.02.12-11.28.37:198][  0]LogDerivedDataCache: FDerivedDataBackendGraph:  CompressedPak pak cache file ../../../../../Repozytoria/UE 4.27/KZ_TopDownShooter/TopDownAC/DerivedDataCache/Compressed.ddp not found, will not use a pak cache.
[2026.02.12-11.28.37:198][  0]LogDerivedDataCache: Unable to find inner node CompressedPak for hierarchical cache Hierarchy.
[2026.02.12-11.28.37:210][  0]LogDerivedDataCache: Display: Pak cache opened for reading ../../../Engine/DerivedDataCache/Compressed.ddp.
[2026.02.12-11.28.37:210][  0]LogDerivedDataCache: FDerivedDataBackendGraph:  EnterprisePak pak cache file ../../../Enterprise/DerivedDataCache/Compressed.ddp not found, will not use a pak cache.
[2026.02.12-11.28.37:210][  0]LogDerivedDataCache: Unable to find inner node EnterprisePak for hierarchical cache Hierarchy.
[2026.02.12-11.28.37:216][  0]LogDerivedDataCache: Speed tests for C:/Users/harry/AppData/Local/UnrealEngine/Common/DerivedDataCache took 0.01 seconds
[2026.02.12-11.28.37:216][  0]LogDerivedDataCache: Display: Performance to C:/Users/harry/AppData/Local/UnrealEngine/Common/DerivedDataCache: Latency=0.02ms. RandomReadSpeed=1768.14MBs, RandomWriteSpeed=170.91MBs. Assigned SpeedClass 'Local'
[2026.02.12-11.28.37:217][  0]LogDerivedDataCache: Using Local data cache path C:/Users/harry/AppData/Local/UnrealEngine/Common/DerivedDataCache: Writable
[2026.02.12-11.28.37:217][  0]LogDerivedDataCache: Shared data cache path not found in *engine.ini, will not use an Shared cache.
[2026.02.12-11.28.37:217][  0]LogDerivedDataCache: Unable to find inner node Shared for hierarchical cache Hierarchy.
[2026.02.12-11.28.37:245][  0]LogSlate: Using FreeType 2.10.0
[2026.02.12-11.28.37:245][  0]LogSlate: SlateFontServices - WITH_FREETYPE: 1, WITH_HARFBUZZ: 1
[2026.02.12-11.28.37:265][  0]LogAssetRegistry: FAssetRegistry took 0.0022 seconds to start up
[2026.02.12-11.28.37:398][  0]LogInit: Selected Device Profile: [Windows]
[2026.02.12-11.28.37:398][  0]LogInit: Active device profile: [00000186A6F28700][00000186A01B4300 49] Windows
[2026.02.12-11.28.37:398][  0]LogInit: Profiles: [00000186A6F28700][00000186A01B4300 49] Windows, [00000186A6EE7700][00000186A6012480 49] WindowsNoEditor, [00000186A6F2B300][00000186A6016600 49] WindowsServer, [00000186A6EE4F00][00000186A01B8740 49] WindowsClient, [00000186A6F2B500][00000186A601A880 49] IOS, [00000186A6EE3F00][00000186A601E9C0 49] iPadAir, [00000186A6EE7B00][00000186A6022B00 49] iPadAir2, [00000186A6E94500][00000186A602EDC0 49] IPadPro, [00000186A6E94600][00000186A602AE00 49] iPadAir3, [00000186A6EE0100][00000186A6032F80 49] iPadAir4, [00000186A6E96C00][00000186A6037100 49] iPadMini2, [00000186A6EE2500][00000186A603B280 49] iPadMini3, [00000186A6E97400][00000186A603F400 49] iPadMini4, [00000186A6EE0F00][00000186A6043580 49] iPadMini5, [00000186A6E93E00][00000186A604B840 49] iPhone6, [00000186A6E93F00][00000186A6047880 49] iPodTouch6, [00000186A6F2B900][00000186A6053B40 49] iPhone7, [00000186A6F2A100][00000186A604FB80 49] iPodTouch7, [00000186A6E90400][00000186A6056180 49] iPhone5S, [00000186A6E97D00][00000186A605A300 49] iPhone6Plus, [00000186A6F2B400][00000186A605E480 49] iPhone6S, [00000186A6E96000][00000186A6062600 49] iPhone6SPlus, [00000186A6F28900][00000186A6066780 49] iPhone7Plus, [00000186A6E94E00][00000186A606A900 49] iPhoneSE, [00000186A6F28200][00000186A6026A40 49] iPhone8, [00000186A6E96400][00000186A606EB80 49] iPhone8Plus, [00000186A6F29E00][00000186A6072CC0 49] iPhoneX, [00000186A6E97E00][00000186A607AE40 49] iPhoneXS, [00000186A6F29600][00000186A607EFC0 49] iPhoneXSMax, [00000186A6E96500][00000186A6083140 49] iPhoneXR, [00000186A6F2AA00][00000186A60872C0 49] iPhone11, [00000186A6E97A00][00000186A608B440 49] iPhone11Pro, [00000186A6F28F00][00000186A608F5C0 49] iPhone11ProMax, [00000186A6E96300][00000186A6093740 49] iPhoneSE2, [00000186A6F2A700][00000186A60978C0 49] iPhone12Mini, [00000186A6E94700][00000186A609BA40 49] iPhone12, [00000186A6F2B100][00000186A609FBC0 49] iPhone12Pro, [00000186A6E97500][00000186A60A21C0 49] iPhone12ProMax, [00000186A6F28800][00000186A60A6340 49] iPadPro105, [00000186A6E95C00][00000186A60AA4C0 49] iPadPro129, [00000186A6F28300][00000186A60AE640 49] iPadPro97, [00000186A6E95D00][00000186A60B27C0 49] iPadPro2_129, [00000186A6F28C00][00000186A60B6940 49] iPad5, [00000186A6E97000][00000186A60BAAC0 49] iPad6, [00000186A6F2AC00][00000186A6076C00 49] iPad7, [00000186A6E96E00][00000186A60BED40 49] iPad8, [00000186A6F29800][00000186A60C2E80 49] iPadPro11, [00000186A6E95B00][00000186A60C6FC0 49] iPadPro2_11, [00000186A6F29500][00000186A60CF140 49] iPadPro3_129, [00000186A6E96700][00000186A60D32C0 49] iPadPro4_129, [00000186A6F28100][00000186A60D7440 49] AppleTV, [00000186A6E96B00][00000186A60DB5C0 49] AppleTV4K, [00000186A6F29B00][00000186A60DF740 49] TVOS, [00000186A6E94900][00000186A60E38C0 49] Mac, [00000186A6F29700][00000186A60E7A40 49] MacClient, [00000186A6E96F00][00000186A60EBBC0 49] MacNoEditor, [00000186A6F28D00][00000186A60EE1C0 49] MacServer, [00000186A6E94300][00000186A60F2340 49] Linux, [00000186A6F2AE00][00000186A60F64C0 49] LinuxAArch64, [00000186A6E95500][00000186A60FA640 49] LinuxNoEditor, [00000186A6F2A400][00000186A60FE7C0 49] LinuxAArch64NoEditor, [00000186A6E94200][00000186A6102940 49] LinuxClient, [00000186A6F2AD00][00000186A6106AC0 49] LinuxAArch64Client, [00000186A6E94C00][00000186A610AC40 49] LinuxServer, [00000186A6F28400][00000186A60CAD80 49] LinuxAArch64Server, [00000186A6E95000][00000186A7120EC0 49] Android, [00000186A6EE3900][00000186A7125000 49] Android_Low, [00000186A6E91B00][00000186A7129140 49] Android_Mid, [00000186A6EE3000][00000186A71312C0 49] Android_High, [00000186A6E92300][00000186A7135440 49] Android_Default, [00000186A6EE2000][00000186A71395C0 49] Android_Adreno4xx, [00000186A6E90100][00000186A713D740 49] Android_Adreno5xx_Low, [00000186A6EE0B00][00000186A71418C0 49] Android_Adreno5xx, [00000186A6E91800][00000186A7145A40 49] Android_Adreno6xx, [00000186A6EE1100][00000186A7149BC0 49] Android_Adreno6xx_Vulkan, [00000186A6E90800][00000186A714C1C0 49] Android_Mali_T6xx, [00000186A6EE3600][00000186A7150340 49] Android_Mali_T7xx, [00000186A6E90D00][00000186A71544C0 49] Android_Mali_T8xx, [00000186A6EE3C00][00000186A71C8640 49] Android_Mali_G71, [00000186A6E91500][00000186A71CC7C0 49] Android_Mali_G72, [00000186A6EE3E00][00000186A71D0940 49] Android_Mali_G72_Vulkan, [00000186A6E93D00][00000186A71D8AC0 49] Android_Mali_G76, [00000186A6EE3A00][00000186A71DCC40 49] Android_Mali_G76_Vulkan, [00000186A6E93600][00000186A71E0DC0 49] Android_Mali_G77, [00000186A6EE2200][00000186A71E4F40 49] Android_Mali_G77_Vulkan, [00000186A6E91200][00000186A712D080 49] Android_Mali_G78, [00000186A6EE0A00][00000186A71E91C0 49] Android_Mali_G78_Vulkan, [00000186A6E93000][00000186A71ED300 49] Android_Mali_G710, [00000186A6EE1400][00000186A71F5480 49] Android_Mali_G710_Vulkan, [00000186A6E90700][00000186A71F9600 49] Android_Vulkan_SM5, [00000186A6EE1800][00000186A71FD780 49] Android_PowerVR_G6xxx, [00000186A6E90E00][00000186A7201900 49] Android_PowerVR_GT7xxx, [00000186A6EE0200][00000186A7205A80 49] Android_PowerVR_GE8xxx, [00000186A6E90600][00000186A7209C00 49] Android_PowerVR_GM9xxx, [00000186A6EE2600][00000186A720C200 49] Android_PowerVR_GM9xxx_Vulkan, [00000186A6E94F00][00000186A7240380 49] Android_TegraK1, [00000186A6EE2A00][00000186A72CA500 49] Android_Unknown_Vulkan, [00000186A6E94D00][000001869F720680 49] Lumin, [00000186A6EE1200][000001869F4AE800 49] Lumin_Desktop, [00000186A6E94B00][000001869F4B2980 49] HoloLens, 
[2026.02.12-11.28.37:477][  0]LogMeshReduction: Using QuadricMeshReduction for automatic static mesh reduction
[2026.02.12-11.28.37:477][  0]LogMeshReduction: Using SimplygonMeshReduction for automatic skeletal mesh reduction
[2026.02.12-11.28.37:477][  0]LogMeshReduction: Using ProxyLODMeshReduction for automatic mesh merging
[2026.02.12-11.28.37:477][  0]LogMeshReduction: No distributed automatic mesh merging module available
[2026.02.12-11.28.37:477][  0]LogMeshMerging: No distributed automatic mesh merging module available
[2026.02.12-11.28.37:487][  0]LogNetVersion: TopDownAC 1.0.0, NetCL: 17155196, EngineNetVer: 17, GameNetVer: 0 (Checksum: 548030664)
[2026.02.12-11.28.37:738][  0]LogTexture: Default maximum texture size for cubemaps generated from long-lat sources has been changed from 512 to unlimited. In order to preserve old behaiour for '/Engine/MapTemplates/Sky/DaylightAmbientCubemap.DaylightAmbientCubemap', its maximum texture size has been explicitly set to 512.
[2026.02.12-11.28.37:774][  0]LogHMD: PokeAHoleMaterial loaded successfully
[2026.02.12-11.28.37:778][  0]LogUObjectArray: 17179 objects as part of root set at end of initial load.
[2026.02.12-11.28.37:778][  0]LogUObjectAllocator: 4302256 out of 0 bytes used by permanent object pool.
[2026.02.12-11.28.37:778][  0]LogUObjectArray: CloseDisregardForGC: 0/0 objects in disregard for GC pool
[2026.02.12-11.28.37:938][  0]LogPython: Using Python 3.7.7
[2026.02.12-11.28.38:219][  0]LogNiagaraDebuggerClient: Niagara Debugger Client Initialized | Session: EFC7723E460CCCC29A615CB7D5CE68B1 | Instance: 91146EC445A8D43AA78E22928859D21A (LAPTOP-AN92MERF-17088).
[2026.02.12-11.28.38:334][  0]LogUdpMessaging: Initializing bridge on interface 0.0.0.0:0 to multicast group 230.0.0.1:6666.
[2026.02.12-11.28.38:348][  0]LogTcpMessaging: Initializing TcpMessaging bridge
[2026.02.12-11.28.38:564][  0]SourceControl: Source control is disabled
[2026.02.12-11.28.38:564][  0]SourceControl: Source control is disabled
[2026.02.12-11.28.38:566][  0]SourceControl: Source control is disabled
[2026.02.12-11.28.38:568][  0]SourceControl: Source control is disabled
[2026.02.12-11.28.38:577][  0]SourceControl: Source control is disabled
[2026.02.12-11.28.38:584][  0]LogUProjectInfo: Found projects:
[2026.02.12-11.28.38:590][  0]LogVSAccessor: Display: Unable to create Visual Studio setup instance: 80040154
[2026.02.12-11.28.38:590][  0]LogVSAccessor: Display: Unable to create Visual Studio setup instance: 80040154
[2026.02.12-11.28.38:591][  0]LogVSAccessor: Display: Unable to create Visual Studio setup instance: 80040154
[2026.02.12-11.28.38:595][  0]LogOpenImageDenoise: OIDN starting up
[2026.02.12-11.28.38:631][  0]LogAndroidPermission: UAndroidPermissionCallbackProxy::GetInstance
[2026.02.12-11.28.38:646][  0]LogAudioCaptureCore: Display: No Audio Capture implementations found. Audio input will be silent.
[2026.02.12-11.28.38:646][  0]LogAudioCaptureCore: Display: No Audio Capture implementations found. Audio input will be silent.
[2026.02.12-11.28.38:737][  0]LogCollectionManager: Loaded 0 collections in 0.000491 seconds
[2026.02.12-11.28.38:760][  0]LogFileCache: Scanning file cache for directory 'D:/Repozytoria/UE 4.27/KZ_TopDownShooter/TopDownAC/Saved/Collections/' took 0.00s
[2026.02.12-11.28.38:760][  0]LogFileCache: Scanning file cache for directory 'D:/Repozytoria/UE 4.27/KZ_TopDownShooter/TopDownAC/Content/Developers/harry/Collections/' took 0.00s
[2026.02.12-11.28.38:760][  0]LogFileCache: Scanning file cache for directory 'D:/Repozytoria/UE 4.27/KZ_TopDownShooter/TopDownAC/Content/Collections/' took 0.00s
[2026.02.12-11.28.38:760][  0]LogOcInput: OculusInput pre-init called
[2026.02.12-11.28.38:977][  0]LogEngine: Initializing Engine...
[2026.02.12-11.28.38:987][  0]LogHMD: Failed to enumerate extensions. Please check that you have a valid OpenXR runtime installed.
[2026.02.12-11.28.38:988][  0]LogHMD: Failed to initialize OpenVR with code 110
[2026.02.12-11.28.38:988][  0]LogMagicLeap: Warning: VR disabled because ZI is not enabled.  To enable, in the editor, Edit -> Project Settings -> Plugins -> Magic Leap Plugin -> Enable Zero Iteration
[2026.02.12-11.28.38:990][  0]LogStats: UGameplayTagsManager::InitializeManager -  0.000 s
[2026.02.12-11.28.39:111][  0]LogInit: Initializing FReadOnlyCVARCache
[2026.02.12-11.28.39:119][  0]LogAIModule: Creating AISystem for world Untitled
[2026.02.12-11.28.39:120][  0]LogAudio: Display: Initializing Audio Device Manager...
[2026.02.12-11.28.39:125][  0]LogAudio: Display: Loading Default Audio Settings Objects...
[2026.02.12-11.28.39:126][  0]LogAudio: Display: No default SoundConcurrencyObject specified (or failed to load).
[2026.02.12-11.28.39:127][  0]LogAudio: Display: Audio Device Manager Initialized
[2026.02.12-11.28.39:127][  0]LogAudio: Display: Creating Audio Device:                 Id: 1, Scope: Shared, Realtime: True
[2026.02.12-11.28.39:127][  0]LogAudioMixer: Display: Audio Mixer Platform Settings:
[2026.02.12-11.28.39:127][  0]LogAudioMixer: Display: 	Sample Rate:						  48000
[2026.02.12-11.28.39:127][  0]LogAudioMixer: Display: 	Callback Buffer Frame Size Requested: 1024
[2026.02.12-11.28.39:127][  0]LogAudioMixer: Display: 	Callback Buffer Frame Size To Use:	  1024
[2026.02.12-11.28.39:127][  0]LogAudioMixer: Display: 	Number of buffers to queue:			  2
[2026.02.12-11.28.39:127][  0]LogAudioMixer: Display: 	Max Channels (voices):				  32
[2026.02.12-11.28.39:127][  0]LogAudioMixer: Display: 	Number of Async Source Workers:		  0
[2026.02.12-11.28.39:127][  0]LogAudio: Display: AudioDevice MaxSources: 32
[2026.02.12-11.28.39:127][  0]LogAudio: Display: Audio Spatialization Plugin: None (built-in).
[2026.02.12-11.28.39:127][  0]LogAudio: Display: Audio Reverb Plugin: None (built-in).
[2026.02.12-11.28.39:127][  0]LogAudio: Display: Audio Occlusion Plugin: None (built-in).
[2026.02.12-11.28.39:127][  0]LogAudioMixer: Display: Initializing audio mixer.
[2026.02.12-11.28.39:137][  0]LogAudioMixer: Display: 0: FrontLeft
[2026.02.12-11.28.39:137][  0]LogAudioMixer: Display: 1: FrontRight
[2026.02.12-11.28.39:279][  0]LogAudioMixer: Display: Using Audio Device Speakers (USB Audio Device)
[2026.02.12-11.28.39:280][  0]LogAudioMixer: Display: Initializing Sound Submixes...
[2026.02.12-11.28.39:281][  0]LogAudioMixer: Display: Creating Master Submix 'MasterSubmixDefault'
[2026.02.12-11.28.39:281][  0]LogAudioMixer: Display: Creating Master Submix 'MasterReverbSubmixDefault'
[2026.02.12-11.28.39:281][  0]LogAudioMixer: Display: Creating Master Submix 'MasterEQSubmixDefault'
[2026.02.12-11.28.39:281][  0]LogAudioMixer: FMixerPlatformXAudio2::StartAudioStream() called
[2026.02.12-11.28.39:281][  0]LogAudioMixer: Display: Output buffers initialized: Frames=1024, Channels=2, Samples=2048
[2026.02.12-11.28.39:283][  0]LogAudioMixer: Display: Starting AudioMixerPlatformInterface::RunInternal()
[2026.02.12-11.28.39:283][  0]LogAudioMixer: Display: FMixerPlatformXAudio2::SubmitBuffer() called for the first time
[2026.02.12-11.28.39:283][  0]LogInit: FAudioDevice initialized.
[2026.02.12-11.28.39:283][  0]LogAudio: Display: Audio Device (ID: 1) registered with world 'Untitled'.
[2026.02.12-11.28.39:283][  0]LogNetVersion: Set ProjectVersion to 1.0.0.0. Version Checksum will be recalculated on next use.
[2026.02.12-11.28.39:338][  0]LogDerivedDataCache: Saved boot cache 0.05s 94MB C:/Users/harry/AppData/Local/UnrealEngine/4.27/DerivedDataCache/Boot.ddc.
[2026.02.12-11.28.39:339][  0]LogInit: Texture streaming: Enabled
[2026.02.12-11.28.39:347][  0]LogAnalytics: Display: [UEEditor.Rocket.Release] APIServer = https://datarouter.ol.epicgames.com/. AppVersion = 4.27.2-18319896+++UE4+Release-4.27
[2026.02.12-11.28.39:349][  0]LogEngineSessionManager: EngineSessionManager initialized
[2026.02.12-11.28.39:349][  0]LogEditorSessionSummary: Verbose: Initializing EditorSessionSummaryWriter for editor session tracking
[2026.02.12-11.28.39:350][  0]LogEditorSessionSummary: EditorSessionSummaryWriter initialized
[2026.02.12-11.28.39:368][  0]LogInit: Transaction tracking system initialized
[2026.02.12-11.28.39:383][  0]BlueprintLog: New page: Editor Load
[2026.02.12-11.28.39:422][  0]LocalizationService: Localization service is disabled
[2026.02.12-11.28.39:445][  0]TimingProfiler: Initialize
[2026.02.12-11.28.39:445][  0]TimingProfiler: OnSessionChanged
[2026.02.12-11.28.39:445][  0]LoadingProfiler: Initialize
[2026.02.12-11.28.39:446][  0]LoadingProfiler: OnSessionChanged
[2026.02.12-11.28.39:446][  0]NetworkingProfiler: Initialize
[2026.02.12-11.28.39:446][  0]NetworkingProfiler: OnSessionChanged
[2026.02.12-11.28.39:446][  0]MemoryProfiler: Initialize
[2026.02.12-11.28.39:446][  0]MemoryProfiler: OnSessionChanged
[2026.02.12-11.28.39:493][  0]LogVSAccessor: Display: Unable to create Visual Studio setup instance: 80040154
[2026.02.12-11.28.39:493][  0]LogVSAccessor: Display: Unable to create Visual Studio setup instance: 80040154
[2026.02.12-11.28.39:494][  0]LogVSAccessor: Display: Unable to create Visual Studio setup instance: 80040154
[2026.02.12-11.28.39:573][  0]LogCook: Display: CookSettings for Memory: MemoryMaxUsedVirtual 0MiB, MemoryMaxUsedPhysical 16384MiB, MemoryMinFreeVirtual 0MiB, MemoryMinFreePhysical 1024MiB
[2026.02.12-11.28.39:573][  0]LogCook: Display: Mobile HDR setting 1
[2026.02.12-11.28.39:698][  0]LogFileCache: Scanning file cache for directory 'D:/Repozytoria/UE 4.27/KZ_TopDownShooter/TopDownAC/Content/' took 0.00s
[2026.02.12-11.28.39:825][  0]LogInit: Display: Engine is initialized. Leaving FEngineLoop::Init()
[2026.02.12-11.28.39:827][  0]SourceControl: Source control is disabled
[2026.02.12-11.28.39:827][  0]LogUnrealEdMisc: Loading editor; pre map load, took 4.725
[2026.02.12-11.28.39:827][  0]Cmd: MAP LOAD FILE="../../../../../Repozytoria/UE 4.27/KZ_TopDownShooter/TopDownAC/Content/Levels/Main.umap" TEMPLATE=0 SHOWPROGRESS=1 FEATURELEVEL=3
[2026.02.12-11.28.39:829][  0]LightingResults: New page: Lighting Build
[2026.02.12-11.28.39:830][  0]LogWorld: UWorld::CleanupWorld for Untitled, bSessionEnded=true, bCleanupResources=true
[2026.02.12-11.28.39:830][  0]LogSlate: InvalidateAllWidgets triggered.  All widgets were invalidated
[2026.02.12-11.28.39:830][  0]MapCheck: New page: Map Check
[2026.02.12-11.28.39:830][  0]LightingResults: New page: Lighting Build
[2026.02.12-11.28.39:834][  0]LogAudio: Display: Audio Device unregistered from world 'None'.
[2026.02.12-11.28.39:836][  0]LogUObjectHash: Compacting FUObjectHashTables data took   0.45ms
[2026.02.12-11.28.40:110][  0]LogSkeletalMesh: Display: [AssetLog] D:\Repozytoria\UE 4.27\KZ_TopDownShooter\TopDownAC\Content\Weapons\Rifle.uasset: Find and fix some bad tangent! please re-import this skeletal mesh asset to fix the issue. The shading of the skeletal mesh will be bad and faceted.
[2026.02.12-11.28.40:127][  0]LogAudio: Display: Audio Device (ID: 1) registered with world 'Main'.
[2026.02.12-11.28.40:128][  0]LogAIModule: Creating AISystem for world Main
[2026.02.12-11.28.40:135][  0]LogEditorServer: Finished looking for orphan Actors (0.000 secs)
[2026.02.12-11.28.40:143][  0]LogUObjectHash: Compacting FUObjectHashTables data took   0.55ms
[2026.02.12-11.28.40:143][  0]Cmd: MAP CHECKDEP NOCLEARLOG
[2026.02.12-11.28.40:143][  0]MapCheck: Map check complete: 0 Error(s), 0 Warning(s), took 0,078ms to complete.
[2026.02.12-11.28.40:143][  0]LogFileHelpers: Loading map 'Main' took 0.316
[2026.02.12-11.28.40:145][  0]LogUnrealEdMisc: Total Editor Startup Time, took 5.042
[2026.02.12-11.28.40:244][  0]LogSlate: Updating window title bar state: overlay mode, drag disabled, window buttons hidden, title bar hidden
[2026.02.12-11.28.40:248][  0]LogSlate: Updating window title bar state: overlay mode, drag disabled, window buttons hidden, title bar hidden
[2026.02.12-11.28.40:252][  0]LogSlate: Updating window title bar state: overlay mode, drag disabled, window buttons hidden, title bar hidden
[2026.02.12-11.28.40:257][  0]LogSlate: Updating window title bar state: overlay mode, drag disabled, window buttons hidden, title bar hidden
[2026.02.12-11.28.40:345][  0]LogNativeClassHierarchy: Verbose: Native class hierarchy populated in 0.0069 seconds. Added 3822 classes and 928 folders.
[2026.02.12-11.28.40:350][  0]LogNativeClassHierarchy: Verbose: Native class hierarchy updated for 'WidgetCarousel' in 0.0002 seconds. Added 0 classes and 0 folders.
[2026.02.12-11.28.40:356][  0]LogPakFile: PakFile PrimaryIndexSize=187
[2026.02.12-11.28.40:356][  0]LogPakFile: PakFile PathHashIndexSize=101
[2026.02.12-11.28.40:356][  0]LogPakFile: PakFile FullDirectoryIndexSize=148
[2026.02.12-11.28.40:356][  0]LogShaderLibrary: Display: ShaderCodeLibraryPakFileMountedCallback: PakFile 'D:/Epic Games/UE_4.27/FeaturePacks/FP_FirstPerson.upack' (chunk index -1, root 'root:/') mounted
[2026.02.12-11.28.40:356][  0]LogShaderLibrary: Display: ShaderCodeLibraryPakFileMountedCallback: pending pak file info (ChunkID:-1 Root:root:/ File:D:/Epic Games/UE_4.27/FeaturePacks/FP_FirstPerson.upack)
[2026.02.12-11.28.40:356][  0]LogPakFile: OnPakFileMounted2Time == 0.000190
[2026.02.12-11.28.40:358][  0]LogPakFile: PakFile PrimaryIndexSize=189
[2026.02.12-11.28.40:358][  0]LogPakFile: PakFile PathHashIndexSize=101
[2026.02.12-11.28.40:358][  0]LogPakFile: PakFile FullDirectoryIndexSize=152
[2026.02.12-11.28.40:358][  0]LogShaderLibrary: Display: ShaderCodeLibraryPakFileMountedCallback: PakFile 'D:/Epic Games/UE_4.27/FeaturePacks/FP_FirstPersonBP.upack' (chunk index -1, root 'root:/') mounted
[2026.02.12-11.28.40:358][  0]LogShaderLibrary: Display: ShaderCodeLibraryPakFileMountedCallback: pending pak file info (ChunkID:-1 Root:root:/ File:D:/Epic Games/UE_4.27/FeaturePacks/FP_FirstPersonBP.upack)
[2026.02.12-11.28.40:358][  0]LogPakFile: OnPakFileMounted2Time == 0.000028
[2026.02.12-11.28.40:360][  0]LogPakFile: PakFile PrimaryIndexSize=191
[2026.02.12-11.28.40:360][  0]LogPakFile: PakFile PathHashIndexSize=101
[2026.02.12-11.28.40:360][  0]LogPakFile: PakFile FullDirectoryIndexSize=160
[2026.02.12-11.28.40:360][  0]LogShaderLibrary: Display: ShaderCodeLibraryPakFileMountedCallback: PakFile 'D:/Epic Games/UE_4.27/FeaturePacks/MobileStarterContent.upack' (chunk index -1, root 'root:/') mounted
[2026.02.12-11.28.40:360][  0]LogShaderLibrary: Display: ShaderCodeLibraryPakFileMountedCallback: pending pak file info (ChunkID:-1 Root:root:/ File:D:/Epic Games/UE_4.27/FeaturePacks/MobileStarterContent.upack)
[2026.02.12-11.28.40:360][  0]LogPakFile: OnPakFileMounted2Time == 0.000023
[2026.02.12-11.28.40:361][  0]LogPakFile: PakFile PrimaryIndexSize=185
[2026.02.12-11.28.40:361][  0]LogPakFile: PakFile PathHashIndexSize=101
[2026.02.12-11.28.40:361][  0]LogPakFile: PakFile FullDirectoryIndexSize=148
[2026.02.12-11.28.40:361][  0]LogShaderLibrary: Display: ShaderCodeLibraryPakFileMountedCallback: PakFile 'D:/Epic Games/UE_4.27/FeaturePacks/StarterContent.upack' (chunk index -1, root 'root:/') mounted
[2026.02.12-11.28.40:361][  0]LogShaderLibrary: Display: ShaderCodeLibraryPakFileMountedCallback: pending pak file info (ChunkID:-1 Root:root:/ File:D:/Epic Games/UE_4.27/FeaturePacks/StarterContent.upack)
[2026.02.12-11.28.40:361][  0]LogPakFile: OnPakFileMounted2Time == 0.000023
[2026.02.12-11.28.40:363][  0]LogPakFile: PakFile PrimaryIndexSize=190
[2026.02.12-11.28.40:363][  0]LogPakFile: PakFile PathHashIndexSize=101
[2026.02.12-11.28.40:363][  0]LogPakFile: PakFile FullDirectoryIndexSize=154
[2026.02.12-11.28.40:363][  0]LogShaderLibrary: Display: ShaderCodeLibraryPakFileMountedCallback: PakFile 'D:/Epic Games/UE_4.27/FeaturePacks/TP_2DSideScroller.upack' (chunk index -1, root 'root:/') mounted
[2026.02.12-11.28.40:363][  0]LogShaderLibrary: Display: ShaderCodeLibraryPakFileMountedCallback: pending pak file info (ChunkID:-1 Root:root:/ File:D:/Epic Games/UE_4.27/FeaturePacks/TP_2DSideScroller.upack)
[2026.02.12-11.28.40:363][  0]LogPakFile: OnPakFileMounted2Time == 0.000025
[2026.02.12-11.28.40:364][  0]LogPakFile: PakFile PrimaryIndexSize=192
[2026.02.12-11.28.40:364][  0]LogPakFile: PakFile PathHashIndexSize=101
[2026.02.12-11.28.40:364][  0]LogPakFile: PakFile FullDirectoryIndexSize=158
[2026.02.12-11.28.40:364][  0]LogShaderLibrary: Display: ShaderCodeLibraryPakFileMountedCallback: PakFile 'D:/Epic Games/UE_4.27/FeaturePacks/TP_2DSideScrollerBP.upack' (chunk index -1, root 'root:/') mounted
[2026.02.12-11.28.40:364][  0]LogShaderLibrary: Display: ShaderCodeLibraryPakFileMountedCallback: pending pak file info (ChunkID:-1 Root:root:/ File:D:/Epic Games/UE_4.27/FeaturePacks/TP_2DSideScrollerBP.upack)
[2026.02.12-11.28.40:364][  0]LogPakFile: OnPakFileMounted2Time == 0.000023
[2026.02.12-11.28.40:365][  0]LogPakFile: PakFile PrimaryIndexSize=182
[2026.02.12-11.28.40:365][  0]LogPakFile: PakFile PathHashIndexSize=101
[2026.02.12-11.28.40:365][  0]LogPakFile: PakFile FullDirectoryIndexSize=138
[2026.02.12-11.28.40:365][  0]LogShaderLibrary: Display: ShaderCodeLibraryPakFileMountedCallback: PakFile 'D:/Epic Games/UE_4.27/FeaturePacks/TP_Flying.upack' (chunk index -1, root 'root:/') mounted
[2026.02.12-11.28.40:365][  0]LogShaderLibrary: Display: ShaderCodeLibraryPakFileMountedCallback: pending pak file info (ChunkID:-1 Root:root:/ File:D:/Epic Games/UE_4.27/FeaturePacks/TP_Flying.upack)
[2026.02.12-11.28.40:365][  0]LogPakFile: OnPakFileMounted2Time == 0.000019
[2026.02.12-11.28.40:366][  0]LogPakFile: PakFile PrimaryIndexSize=184
[2026.02.12-11.28.40:366][  0]LogPakFile: PakFile PathHashIndexSize=101
[2026.02.12-11.28.40:366][  0]LogPakFile: PakFile FullDirectoryIndexSize=142
[2026.02.12-11.28.40:366][  0]LogShaderLibrary: Display: ShaderCodeLibraryPakFileMountedCallback: PakFile 'D:/Epic Games/UE_4.27/FeaturePacks/TP_FlyingBP.upack' (chunk index -1, root 'root:/') mounted
[2026.02.12-11.28.40:366][  0]LogShaderLibrary: Display: ShaderCodeLibraryPakFileMountedCallback: pending pak file info (ChunkID:-1 Root:root:/ File:D:/Epic Games/UE_4.27/FeaturePacks/TP_FlyingBP.upack)
[2026.02.12-11.28.40:366][  0]LogPakFile: OnPakFileMounted2Time == 0.000023
[2026.02.12-11.28.40:368][  0]LogPakFile: PakFile PrimaryIndexSize=188
[2026.02.12-11.28.40:368][  0]LogPakFile: PakFile PathHashIndexSize=101
[2026.02.12-11.28.40:368][  0]LogPakFile: PakFile FullDirectoryIndexSize=150
[2026.02.12-11.28.40:368][  0]LogShaderLibrary: Display: ShaderCodeLibraryPakFileMountedCallback: PakFile 'D:/Epic Games/UE_4.27/FeaturePacks/TP_HandheldARBP.upack' (chunk index -1, root 'root:/') mounted
[2026.02.12-11.28.40:368][  0]LogShaderLibrary: Display: ShaderCodeLibraryPakFileMountedCallback: pending pak file info (ChunkID:-1 Root:root:/ File:D:/Epic Games/UE_4.27/FeaturePacks/TP_HandheldARBP.upack)
[2026.02.12-11.28.40:368][  0]LogPakFile: OnPakFileMounted2Time == 0.000025
[2026.02.12-11.28.40:370][  0]LogPakFile: PakFile PrimaryIndexSize=182
[2026.02.12-11.28.40:370][  0]LogPakFile: PakFile PathHashIndexSize=101
[2026.02.12-11.28.40:370][  0]LogPakFile: PakFile FullDirectoryIndexSize=138
[2026.02.12-11.28.40:370][  0]LogShaderLibrary: Display: ShaderCodeLibraryPakFileMountedCallback: PakFile 'D:/Epic Games/UE_4.27/FeaturePacks/TP_Puzzle.upack' (chunk index -1, root 'root:/') mounted
[2026.02.12-11.28.40:370][  0]LogShaderLibrary: Display: ShaderCodeLibraryPakFileMountedCallback: pending pak file info (ChunkID:-1 Root:root:/ File:D:/Epic Games/UE_4.27/FeaturePacks/TP_Puzzle.upack)
[2026.02.12-11.28.40:370][  0]LogPakFile: OnPakFileMounted2Time == 0.000021
[2026.02.12-11.28.40:372][  0]LogPakFile: PakFile PrimaryIndexSize=184
[2026.02.12-11.28.40:372][  0]LogPakFile: PakFile PathHashIndexSize=101
[2026.02.12-11.28.40:372][  0]LogPakFile: PakFile FullDirectoryIndexSize=142
[2026.02.12-11.28.40:372][  0]LogShaderLibrary: Display: ShaderCodeLibraryPakFileMountedCallback: PakFile 'D:/Epic Games/UE_4.27/FeaturePacks/TP_PuzzleBP.upack' (chunk index -1, root 'root:/') mounted
[2026.02.12-11.28.40:372][  0]LogShaderLibrary: Display: ShaderCodeLibraryPakFileMountedCallback: pending pak file info (ChunkID:-1 Root:root:/ File:D:/Epic Games/UE_4.27/FeaturePacks/TP_PuzzleBP.upack)
[2026.02.12-11.28.40:372][  0]LogPakFile: OnPakFileMounted2Time == 0.000023
[2026.02.12-11.28.40:373][  0]LogPakFile: PakFile PrimaryIndexSize=183
[2026.02.12-11.28.40:373][  0]LogPakFile: PakFile PathHashIndexSize=101
[2026.02.12-11.28.40:373][  0]LogPakFile: PakFile FullDirectoryIndexSize=140
[2026.02.12-11.28.40:373][  0]LogShaderLibrary: Display: ShaderCodeLibraryPakFileMountedCallback: PakFile 'D:/Epic Games/UE_4.27/FeaturePacks/TP_Rolling.upack' (chunk index -1, root 'root:/') mounted
[2026.02.12-11.28.40:373][  0]LogShaderLibrary: Display: ShaderCodeLibraryPakFileMountedCallback: pending pak file info (ChunkID:-1 Root:root:/ File:D:/Epic Games/UE_4.27/FeaturePacks/TP_Rolling.upack)
[2026.02.12-11.28.40:373][  0]LogPakFile: OnPakFileMounted2Time == 0.000025
[2026.02.12-11.28.40:375][  0]LogPakFile: PakFile PrimaryIndexSize=185
[2026.02.12-11.28.40:375][  0]LogPakFile: PakFile PathHashIndexSize=101
[2026.02.12-11.28.40:375][  0]LogPakFile: PakFile FullDirectoryIndexSize=144
[2026.02.12-11.28.40:375][  0]LogShaderLibrary: Display: ShaderCodeLibraryPakFileMountedCallback: PakFile 'D:/Epic Games/UE_4.27/FeaturePacks/TP_RollingBP.upack' (chunk index -1, root 'root:/') mounted
[2026.02.12-11.28.40:375][  0]LogShaderLibrary: Display: ShaderCodeLibraryPakFileMountedCallback: pending pak file info (ChunkID:-1 Root:root:/ File:D:/Epic Games/UE_4.27/FeaturePacks/TP_RollingBP.upack)
[2026.02.12-11.28.40:375][  0]LogPakFile: OnPakFileMounted2Time == 0.000021
[2026.02.12-11.28.40:377][  0]LogPakFile: PakFile PrimaryIndexSize=188
[2026.02.12-11.28.40:377][  0]LogPakFile: PakFile PathHashIndexSize=101
[2026.02.12-11.28.40:377][  0]LogPakFile: PakFile FullDirectoryIndexSize=150
[2026.02.12-11.28.40:377][  0]LogShaderLibrary: Display: ShaderCodeLibraryPakFileMountedCallback: PakFile 'D:/Epic Games/UE_4.27/FeaturePacks/TP_SideScroller.upack' (chunk index -1, root 'root:/') mounted
[2026.02.12-11.28.40:377][  0]LogShaderLibrary: Display: ShaderCodeLibraryPakFileMountedCallback: pending pak file info (ChunkID:-1 Root:root:/ File:D:/Epic Games/UE_4.27/FeaturePacks/TP_SideScroller.upack)
[2026.02.12-11.28.40:377][  0]LogPakFile: OnPakFileMounted2Time == 0.000020
[2026.02.12-11.28.40:378][  0]LogPakFile: PakFile PrimaryIndexSize=190
[2026.02.12-11.28.40:378][  0]LogPakFile: PakFile PathHashIndexSize=101
[2026.02.12-11.28.40:378][  0]LogPakFile: PakFile FullDirectoryIndexSize=154
[2026.02.12-11.28.40:378][  0]LogShaderLibrary: Display: ShaderCodeLibraryPakFileMountedCallback: PakFile 'D:/Epic Games/UE_4.27/FeaturePacks/TP_SideScrollerBP.upack' (chunk index -1, root 'root:/') mounted
[2026.02.12-11.28.40:378][  0]LogShaderLibrary: Display: ShaderCodeLibraryPakFileMountedCallback: pending pak file info (ChunkID:-1 Root:root:/ File:D:/Epic Games/UE_4.27/FeaturePacks/TP_SideScrollerBP.upack)
[2026.02.12-11.28.40:378][  0]LogPakFile: OnPakFileMounted2Time == 0.000022
[2026.02.12-11.28.40:380][  0]LogPakFile: PakFile PrimaryIndexSize=187
[2026.02.12-11.28.40:380][  0]LogPakFile: PakFile PathHashIndexSize=101
[2026.02.12-11.28.40:380][  0]LogPakFile: PakFile FullDirectoryIndexSize=148
[2026.02.12-11.28.40:380][  0]LogShaderLibrary: Display: ShaderCodeLibraryPakFileMountedCallback: PakFile 'D:/Epic Games/UE_4.27/FeaturePacks/TP_ThirdPerson.upack' (chunk index -1, root 'root:/') mounted
[2026.02.12-11.28.40:380][  0]LogShaderLibrary: Display: ShaderCodeLibraryPakFileMountedCallback: pending pak file info (ChunkID:-1 Root:root:/ File:D:/Epic Games/UE_4.27/FeaturePacks/TP_ThirdPerson.upack)
[2026.02.12-11.28.40:380][  0]LogPakFile: OnPakFileMounted2Time == 0.000021
[2026.02.12-11.28.40:382][  0]LogPakFile: PakFile PrimaryIndexSize=189
[2026.02.12-11.28.40:382][  0]LogPakFile: PakFile PathHashIndexSize=101
[2026.02.12-11.28.40:382][  0]LogPakFile: PakFile FullDirectoryIndexSize=152
[2026.02.12-11.28.40:382][  0]LogShaderLibrary: Display: ShaderCodeLibraryPakFileMountedCallback: PakFile 'D:/Epic Games/UE_4.27/FeaturePacks/TP_ThirdPersonBP.upack' (chunk index -1, root 'root:/') mounted
[2026.02.12-11.28.40:382][  0]LogShaderLibrary: Display: ShaderCodeLibraryPakFileMountedCallback: pending pak file info (ChunkID:-1 Root:root:/ File:D:/Epic Games/UE_4.27/FeaturePacks/TP_ThirdPersonBP.upack)
[2026.02.12-11.28.40:382][  0]LogPakFile: OnPakFileMounted2Time == 0.000028
[2026.02.12-11.28.40:383][  0]LogPakFile: PakFile PrimaryIndexSize=183
[2026.02.12-11.28.40:383][  0]LogPakFile: PakFile PathHashIndexSize=101
[2026.02.12-11.28.40:383][  0]LogPakFile: PakFile FullDirectoryIndexSize=140
[2026.02.12-11.28.40:383][  0]LogShaderLibrary: Display: ShaderCodeLibraryPakFileMountedCallback: PakFile 'D:/Epic Games/UE_4.27/FeaturePacks/TP_TopDown.upack' (chunk index -1, root 'root:/') mounted
[2026.02.12-11.28.40:383][  0]LogShaderLibrary: Display: ShaderCodeLibraryPakFileMountedCallback: pending pak file info (ChunkID:-1 Root:root:/ File:D:/Epic Games/UE_4.27/FeaturePacks/TP_TopDown.upack)
[2026.02.12-11.28.40:383][  0]LogPakFile: OnPakFileMounted2Time == 0.000025
[2026.02.12-11.28.40:386][  0]LogPakFile: PakFile PrimaryIndexSize=185
[2026.02.12-11.28.40:386][  0]LogPakFile: PakFile PathHashIndexSize=101
[2026.02.12-11.28.40:386][  0]LogPakFile: PakFile FullDirectoryIndexSize=144
[2026.02.12-11.28.40:386][  0]LogShaderLibrary: Display: ShaderCodeLibraryPakFileMountedCallback: PakFile 'D:/Epic Games/UE_4.27/FeaturePacks/TP_TopDownBP.upack' (chunk index -1, root 'root:/') mounted
[2026.02.12-11.28.40:386][  0]LogShaderLibrary: Display: ShaderCodeLibraryPakFileMountedCallback: pending pak file info (ChunkID:-1 Root:root:/ File:D:/Epic Games/UE_4.27/FeaturePacks/TP_TopDownBP.upack)
[2026.02.12-11.28.40:386][  0]LogPakFile: OnPakFileMounted2Time == 0.000021
[2026.02.12-11.28.40:387][  0]LogPakFile: PakFile PrimaryIndexSize=185
[2026.02.12-11.28.40:387][  0]LogPakFile: PakFile PathHashIndexSize=101
[2026.02.12-11.28.40:387][  0]LogPakFile: PakFile FullDirectoryIndexSize=144
[2026.02.12-11.28.40:387][  0]LogShaderLibrary: Display: ShaderCodeLibraryPakFileMountedCallback: PakFile 'D:/Epic Games/UE_4.27/FeaturePacks/TP_TwinStick.upack' (chunk index -1, root 'root:/') mounted
[2026.02.12-11.28.40:387][  0]LogShaderLibrary: Display: ShaderCodeLibraryPakFileMountedCallback: pending pak file info (ChunkID:-1 Root:root:/ File:D:/Epic Games/UE_4.27/FeaturePacks/TP_TwinStick.upack)
[2026.02.12-11.28.40:387][  0]LogPakFile: OnPakFileMounted2Time == 0.000020
[2026.02.12-11.28.40:389][  0]LogPakFile: PakFile PrimaryIndexSize=187
[2026.02.12-11.28.40:389][  0]LogPakFile: PakFile PathHashIndexSize=101
[2026.02.12-11.28.40:389][  0]LogPakFile: PakFile FullDirectoryIndexSize=148
[2026.02.12-11.28.40:389][  0]LogShaderLibrary: Display: ShaderCodeLibraryPakFileMountedCallback: PakFile 'D:/Epic Games/UE_4.27/FeaturePacks/TP_TwinStickBP.upack' (chunk index -1, root 'root:/') mounted
[2026.02.12-11.28.40:389][  0]LogShaderLibrary: Display: ShaderCodeLibraryPakFileMountedCallback: pending pak file info (ChunkID:-1 Root:root:/ File:D:/Epic Games/UE_4.27/FeaturePacks/TP_TwinStickBP.upack)
[2026.02.12-11.28.40:389][  0]LogPakFile: OnPakFileMounted2Time == 0.000019
[2026.02.12-11.28.40:391][  0]LogPakFile: PakFile PrimaryIndexSize=183
[2026.02.12-11.28.40:391][  0]LogPakFile: PakFile PathHashIndexSize=101
[2026.02.12-11.28.40:391][  0]LogPakFile: PakFile FullDirectoryIndexSize=140
[2026.02.12-11.28.40:391][  0]LogShaderLibrary: Display: ShaderCodeLibraryPakFileMountedCallback: PakFile 'D:/Epic Games/UE_4.27/FeaturePacks/TP_Vehicle.upack' (chunk index -1, root 'root:/') mounted
[2026.02.12-11.28.40:391][  0]LogShaderLibrary: Display: ShaderCodeLibraryPakFileMountedCallback: pending pak file info (ChunkID:-1 Root:root:/ File:D:/Epic Games/UE_4.27/FeaturePacks/TP_Vehicle.upack)
[2026.02.12-11.28.40:391][  0]LogPakFile: OnPakFileMounted2Time == 0.000020
[2026.02.12-11.28.40:392][  0]LogPakFile: PakFile PrimaryIndexSize=186
[2026.02.12-11.28.40:392][  0]LogPakFile: PakFile PathHashIndexSize=101
[2026.02.12-11.28.40:392][  0]LogPakFile: PakFile FullDirectoryIndexSize=146
[2026.02.12-11.28.40:392][  0]LogShaderLibrary: Display: ShaderCodeLibraryPakFileMountedCallback: PakFile 'D:/Epic Games/UE_4.27/FeaturePacks/TP_VehicleAdv.upack' (chunk index -1, root 'root:/') mounted
[2026.02.12-11.28.40:392][  0]LogShaderLibrary: Display: ShaderCodeLibraryPakFileMountedCallback: pending pak file info (ChunkID:-1 Root:root:/ File:D:/Epic Games/UE_4.27/FeaturePacks/TP_VehicleAdv.upack)
[2026.02.12-11.28.40:392][  0]LogPakFile: OnPakFileMounted2Time == 0.000023
[2026.02.12-11.28.40:394][  0]LogPakFile: PakFile PrimaryIndexSize=188
[2026.02.12-11.28.40:394][  0]LogPakFile: PakFile PathHashIndexSize=101
[2026.02.12-11.28.40:394][  0]LogPakFile: PakFile FullDirectoryIndexSize=150
[2026.02.12-11.28.40:394][  0]LogShaderLibrary: Display: ShaderCodeLibraryPakFileMountedCallback: PakFile 'D:/Epic Games/UE_4.27/FeaturePacks/TP_VehicleAdvBP.upack' (chunk index -1, root 'root:/') mounted
[2026.02.12-11.28.40:394][  0]LogShaderLibrary: Display: ShaderCodeLibraryPakFileMountedCallback: pending pak file info (ChunkID:-1 Root:root:/ File:D:/Epic Games/UE_4.27/FeaturePacks/TP_VehicleAdvBP.upack)
[2026.02.12-11.28.40:394][  0]LogPakFile: OnPakFileMounted2Time == 0.000023
[2026.02.12-11.28.40:396][  0]LogPakFile: PakFile PrimaryIndexSize=185
[2026.02.12-11.28.40:396][  0]LogPakFile: PakFile PathHashIndexSize=101
[2026.02.12-11.28.40:396][  0]LogPakFile: PakFile FullDirectoryIndexSize=144
[2026.02.12-11.28.40:396][  0]LogShaderLibrary: Display: ShaderCodeLibraryPakFileMountedCallback: PakFile 'D:/Epic Games/UE_4.27/FeaturePacks/TP_VehicleBP.upack' (chunk index -1, root 'root:/') mounted
[2026.02.12-11.28.40:396][  0]LogShaderLibrary: Display: ShaderCodeLibraryPakFileMountedCallback: pending pak file info (ChunkID:-1 Root:root:/ File:D:/Epic Games/UE_4.27/FeaturePacks/TP_VehicleBP.upack)
[2026.02.12-11.28.40:396][  0]LogPakFile: OnPakFileMounted2Time == 0.000021
[2026.02.12-11.28.40:397][  0]LogPakFile: PakFile PrimaryIndexSize=192
[2026.02.12-11.28.40:397][  0]LogPakFile: PakFile PathHashIndexSize=101
[2026.02.12-11.28.40:397][  0]LogPakFile: PakFile FullDirectoryIndexSize=158
[2026.02.12-11.28.40:397][  0]LogShaderLibrary: Display: ShaderCodeLibraryPakFileMountedCallback: PakFile 'D:/Epic Games/UE_4.27/FeaturePacks/TP_VirtualRealityBP.upack' (chunk index -1, root 'root:/') mounted
[2026.02.12-11.28.40:397][  0]LogShaderLibrary: Display: ShaderCodeLibraryPakFileMountedCallback: pending pak file info (ChunkID:-1 Root:root:/ File:D:/Epic Games/UE_4.27/FeaturePacks/TP_VirtualRealityBP.upack)
[2026.02.12-11.28.40:397][  0]LogPakFile: OnPakFileMounted2Time == 0.000023
[2026.02.12-11.28.40:507][  0]LogNativeClassHierarchy: Verbose: Native class hierarchy updated for 'AddContentDialog' in 0.0002 seconds. Added 0 classes and 0 folders.
[2026.02.12-11.28.40:541][  0]LogSlate: Took 0.000106 seconds to synchronously load lazily loaded font '../../../Engine/Content/Slate/Fonts/Roboto-Regular.ttf' (155K)
[2026.02.12-11.28.40:543][  0]LogSlate: Took 0.001332 seconds to synchronously load lazily loaded font '../../../Engine/Content/Editor/Slate/Fonts/FontAwesome.ttf' (139K)
[2026.02.12-11.28.40:544][  0]LogSlate: Took 0.000124 seconds to synchronously load lazily loaded font '../../../Engine/Content/Slate/Fonts/Roboto-Bold.ttf' (160K)
[2026.02.12-11.28.40:626][  0]LogRenderer: Reallocating scene render targets to support 1020x340 Format 10 NumSamples 1 (Frame:1).
[2026.02.12-11.28.40:692][  0]LogNativeClassHierarchy: Verbose: Native class hierarchy updated for 'HierarchicalLODOutliner' in 0.0002 seconds. Added 0 classes and 0 folders.
[2026.02.12-11.28.40:692][  0]LogLoad: (Engine Initialization) Total time: 5.59 seconds
[2026.02.12-11.28.40:692][  0]LogLoad: (Engine Initialization) Total Blueprint compile time: 0.00 seconds
[2026.02.12-11.28.40:737][  0]LogAssetRegistry: Asset discovery search completed in 3.4736 seconds
[2026.02.12-11.28.40:741][  0]LogCollectionManager: Fixed up redirectors for 0 collections in 0.000003 seconds (updated 0 objects)
[2026.02.12-11.28.40:742][  0]LogContentStreaming: Texture pool size now 1000 MB
[2026.02.12-11.28.40:771][  1]LogRenderer: Reallocating scene render targets to support 1020x356 Format 10 NumSamples 1 (Frame:3).
[2026.02.12-11.28.41:407][  2]LogSlate: Took 0.002012 seconds to synchronously load lazily loaded font '../../../Engine/Content/Slate/Fonts/Roboto-Light.ttf' (167K)
[2026.02.12-11.29.18:598][575]LogSlate: Took 0.000205 seconds to synchronously load lazily loaded font '../../../Engine/Content/Slate/Fonts/Roboto-Light.ttf' (167K)
[2026.02.12-11.29.18:619][575]LogAssetEditorSubsystem: Opening Asset editor for Blueprint /Game/BluePrintClass/BP_PLAYER.BP_PLAYER
[2026.02.12-11.29.18:697][575]LogNativeClassHierarchy: Verbose: Native class hierarchy updated for 'BlueprintGraph' in 0.0003 seconds. Added 126 classes and 0 folders.
[2026.02.12-11.29.19:145][575]LogSlate: Took 0.000151 seconds to synchronously load lazily loaded font '../../../Engine/Content/Slate/Fonts/Roboto-BoldCondensed.ttf' (158K)
[2026.02.12-11.29.20:097][631]LogSlate: Took 0.000166 seconds to synchronously load lazily loaded font '../../../Engine/Content/Slate/Fonts/Roboto-Italic.ttf' (157K)
[2026.02.12-11.29.58:165][264]BlueprintLog: New page: Compile BP_PLAYER
[2026.02.12-11.29.58:203][264]LogUObjectHash: Compacting FUObjectHashTables data took   1.43ms
[2026.02.12-11.29.58:238][264]LogSlate: Took 0.001663 seconds to synchronously load lazily loaded font '../../../Engine/Content/Slate/Fonts/DroidSansMono.ttf' (77K)
[2026.02.12-11.29.58:780][296]LogRenderer: Reallocating scene render targets to support 1020x640 Format 10 NumSamples 1 (Frame:1).
[2026.02.12-11.31.42:207][318]BlueprintLog: New page: Compile BP_PLAYER
[2026.02.12-11.31.42:255][318]LogUObjectHash: Compacting FUObjectHashTables data took   1.60ms
[2026.02.12-11.31.43:943][418]BlueprintLog: New page: Compile BP_PLAYER
[2026.02.12-11.31.43:987][418]LogUObjectHash: Compacting FUObjectHashTables data took   1.37ms
[2026.02.12-11.31.44:644][457]LogRenderer: Reallocating scene render targets to support 1636x640 Format 10 NumSamples 1 (Frame:504).
[2026.02.12-11.32.40:193][581]BlueprintLog: New page: Compile BP_PLAYER
[2026.02.12-11.32.40:237][581]LogUObjectHash: Compacting FUObjectHashTables data took   1.57ms
[2026.02.12-11.33.36:995][374]BlueprintLog: New page: Compile BP_PLAYER
[2026.02.12-11.33.37:035][374]LogUObjectHash: Compacting FUObjectHashTables data took   1.39ms
[2026.02.12-11.33.38:681][470]LogTemp: Repeating last play command: Selected Viewport
[2026.02.12-11.33.38:689][470]LogPlayLevel: PlayLevel: No blueprints needed recompiling
[2026.02.12-11.33.38:690][470]PIE: New page: PIE session: Main (12 lut 2026, 13:33:38)
[2026.02.12-11.33.38:692][470]LogOnline: OSS: Creating online subsystem instance for: NULL
[2026.02.12-11.33.38:693][470]LogOnline: OSS: TryLoadSubsystemAndSetDefault: Loaded subsystem for module [NULL]
[2026.02.12-11.33.38:694][470]LogPlayLevel: Creating play world package: /Game/Levels/UEDPIE_0_Main
[2026.02.12-11.33.38:699][470]LogPlayLevel: PIE: StaticDuplicateObject took: (0.005133s)
[2026.02.12-11.33.38:701][470]LogAIModule: Creating AISystem for world Main
[2026.02.12-11.33.38:701][470]LogPlayLevel: PIE: World Init took: (0.002245s)
[2026.02.12-11.33.38:701][470]LogPlayLevel: PIE: Created PIE world by copying editor world from /Game/Levels/Main.Main to /Game/Levels/UEDPIE_0_Main.Main (0.007556s)
[2026.02.12-11.33.38:717][470]LogUObjectHash: Compacting FUObjectHashTables data took   1.90ms
[2026.02.12-11.33.38:718][470]LogAudio: Display: Creating Audio Device:                 Id: 2, Scope: Unique, Realtime: True
[2026.02.12-11.33.38:718][470]LogAudioMixer: Display: Audio Mixer Platform Settings:
[2026.02.12-11.33.38:718][470]LogAudioMixer: Display: 	Sample Rate:						  48000
[2026.02.12-11.33.38:718][470]LogAudioMixer: Display: 	Callback Buffer Frame Size Requested: 1024
[2026.02.12-11.33.38:718][470]LogAudioMixer: Display: 	Callback Buffer Frame Size To Use:	  1024
[2026.02.12-11.33.38:718][470]LogAudioMixer: Display: 	Number of buffers to queue:			  2
[2026.02.12-11.33.38:718][470]LogAudioMixer: Display: 	Max Channels (voices):				  32
[2026.02.12-11.33.38:718][470]LogAudioMixer: Display: 	Number of Async Source Workers:		  0
[2026.02.12-11.33.38:718][470]LogAudio: Display: AudioDevice MaxSources: 32
[2026.02.12-11.33.38:718][470]LogAudio: Display: Audio Spatialization Plugin: None (built-in).
[2026.02.12-11.33.38:718][470]LogAudio: Display: Audio Reverb Plugin: None (built-in).
[2026.02.12-11.33.38:718][470]LogAudio: Display: Audio Occlusion Plugin: None (built-in).
[2026.02.12-11.33.38:718][470]LogAudioMixer: Display: Initializing audio mixer.
[2026.02.12-11.33.38:722][470]LogAudioMixer: Display: 0: FrontLeft
[2026.02.12-11.33.38:722][470]LogAudioMixer: Display: 1: FrontRight
[2026.02.12-11.33.38:736][470]LogAudioMixer: Display: Using Audio Device Speakers (USB Audio Device)
[2026.02.12-11.33.38:736][470]LogAudioMixer: Display: Initializing Sound Submixes...
[2026.02.12-11.33.38:736][470]LogAudioMixer: Display: Creating Master Submix 'MasterSubmixDefault'
[2026.02.12-11.33.38:736][470]LogAudioMixer: Display: Creating Master Submix 'MasterReverbSubmixDefault'
[2026.02.12-11.33.38:737][470]LogAudioMixer: Display: Creating Master Submix 'MasterEQSubmixDefault'
[2026.02.12-11.33.38:737][470]LogAudioMixer: FMixerPlatformXAudio2::StartAudioStream() called
[2026.02.12-11.33.38:737][470]LogAudioMixer: Display: Output buffers initialized: Frames=1024, Channels=2, Samples=2048
[2026.02.12-11.33.38:738][470]LogAudioMixer: Display: Starting AudioMixerPlatformInterface::RunInternal()
[2026.02.12-11.33.38:738][470]LogAudioMixer: Display: FMixerPlatformXAudio2::SubmitBuffer() called for the first time
[2026.02.12-11.33.38:738][470]LogInit: FAudioDevice initialized.
[2026.02.12-11.33.38:738][470]LogAudio: Display: Audio Device (ID: 2) registered with world 'Main'.
[2026.02.12-11.33.38:747][470]LogLoad: Game class is 'BP_GameMode_01_C'
[2026.02.12-11.33.38:750][470]LogWorld: Bringing World /Game/Levels/UEDPIE_0_Main.Main up for play (max tick rate 60) at 2026.02.12-12.33.38
[2026.02.12-11.33.38:751][470]LogWorld: Bringing up level for play took: 0.002827
[2026.02.12-11.33.38:752][470]LogOnline: OSS: Creating online subsystem instance for: :Context_7
[2026.02.12-11.33.38:757][470]LogNativeClassHierarchy: Verbose: Native class hierarchy updated for 'MovieSceneCapture' in 0.0004 seconds. Added 20 classes and 0 folders.
[2026.02.12-11.33.38:760][470]PIE: Server logged in
[2026.02.12-11.33.38:761][470]PIE: Play in editor total start time 0,074 seconds.
[2026.02.12-11.33.46:526][922]LogSlate: Updating window title bar state: overlay mode, drag disabled, window buttons hidden, title bar hidden
[2026.02.12-11.33.46:526][922]LogWorld: BeginTearingDown for /Game/Levels/UEDPIE_0_Main
[2026.02.12-11.33.46:526][922]LogWorld: UWorld::CleanupWorld for Main, bSessionEnded=true, bCleanupResources=true
[2026.02.12-11.33.46:526][922]LogSlate: InvalidateAllWidgets triggered.  All widgets were invalidated
[2026.02.12-11.33.46:544][922]LogPlayLevel: Display: Shutting down PIE online subsystems
[2026.02.12-11.33.46:548][922]LogSlate: InvalidateAllWidgets triggered.  All widgets were invalidated
[2026.02.12-11.33.46:575][922]LogAudio: Display: Audio Device unregistered from world 'None'.
[2026.02.12-11.33.46:578][922]LogAudioMixer: FMixerPlatformXAudio2::StopAudioStream() called
[2026.02.12-11.33.46:579][922]LogAudioMixer: FMixerPlatformXAudio2::StopAudioStream() called
[2026.02.12-11.33.46:582][922]LogSlate: Updating window title bar state: overlay mode, drag disabled, window buttons hidden, title bar hidden
[2026.02.12-11.33.46:600][922]LogUObjectHash: Compacting FUObjectHashTables data took   1.99ms
[2026.02.12-11.33.46:615][923]LogPlayLevel: Display: Destroying online subsystem :Context_7
[2026.02.12-11.36.31:540][606]BlueprintLog: New page: Compile BP_PLAYER
[2026.02.12-11.36.31:588][606]LogUObjectHash: Compacting FUObjectHashTables data took   2.22ms
[2026.02.12-11.36.54:636][448]LogSlate: Took 0.012859 seconds to synchronously load lazily loaded font '../../../Engine/Content/Slate/Fonts/Roboto-BoldCondensedItalic.ttf' (160K)
[2026.02.12-11.37.04:958][874]BlueprintLog: New page: Compile BP_PLAYER
[2026.02.12-11.37.05:004][874]LogUObjectHash: Compacting FUObjectHashTables data took   2.30ms
[2026.02.12-11.37.09:680][150]BlueprintLog: New page: Compile BP_PLAYER
[2026.02.12-11.37.09:728][150]LogUObjectHash: Compacting FUObjectHashTables data took   2.24ms
[2026.02.12-11.38.25:204][427]BlueprintLog: New page: Compile BP_PLAYER
[2026.02.12-11.38.25:248][427]LogUObjectHash: Compacting FUObjectHashTables data took   2.43ms
[2026.02.12-11.38.46:203][709]BlueprintLog: New page: Compile BP_PLAYER
[2026.02.12-11.38.46:249][709]LogUObjectHash: Compacting FUObjectHashTables data took   2.32ms
[2026.02.12-11.38.52:787][ 98]LogUObjectHash: Compacting FUObjectHashTables data took   1.84ms
[2026.02.12-11.38.52:787][ 98]LogFileHelpers: Editor autosave (incl. external actors) for '/Game/Levels/Main' took 0.020
[2026.02.12-11.38.52:795][ 98]OBJ SavePackage: Generating thumbnails for [2] asset(s) in package [/Game/BluePrintClass/BP_PLAYER] ([2] browsable assets)...
[2026.02.12-11.38.52:807][ 98]OBJ SavePackage:     Rendered thumbnail for [BlueprintGeneratedClass /Game/BluePrintClass/BP_PLAYER.BP_PLAYER_C]
[2026.02.12-11.38.52:812][ 98]OBJ SavePackage:     Rendered thumbnail for [Blueprint /Game/BluePrintClass/BP_PLAYER.BP_PLAYER]
[2026.02.12-11.38.52:812][ 98]OBJ SavePackage: Finished generating thumbnails for package [/Game/BluePrintClass/BP_PLAYER]
[2026.02.12-11.38.52:855][ 98]LogSavePackage: Moving '../../../../../Repozytoria/UE 4.27/KZ_TopDownShooter/TopDownAC/Saved/BP_PLAYER_Auto1ABDFC0D242FDF2222587488D5244B2BB.tmp' to '../../../../../Repozytoria/UE 4.27/KZ_TopDownShooter/TopDownAC/Saved/Autosaves/Game/BluePrintClass/BP_PLAYER_Auto1.uasset'
[2026.02.12-11.38.52:856][ 98]LogFileHelpers: Auto-saving content packages took 0.069
[2026.02.12-11.38.56:260][301]LogTemp: Repeating last play command: Selected Viewport
[2026.02.12-11.38.56:267][301]LogPlayLevel: PlayLevel: No blueprints needed recompiling
[2026.02.12-11.38.56:267][301]PIE: New page: PIE session: Main (12 lut 2026, 13:38:56)
[2026.02.12-11.38.56:267][301]LogPlayLevel: Creating play world package: /Game/Levels/UEDPIE_0_Main
[2026.02.12-11.38.56:271][301]LogPlayLevel: PIE: StaticDuplicateObject took: (0.003811s)
[2026.02.12-11.38.56:272][301]LogAIModule: Creating AISystem for world Main
[2026.02.12-11.38.56:272][301]LogPlayLevel: PIE: World Init took: (0.001092s)
[2026.02.12-11.38.56:272][301]LogPlayLevel: PIE: Created PIE world by copying editor world from /Game/Levels/Main.Main to /Game/Levels/UEDPIE_0_Main.Main (0.005027s)
[2026.02.12-11.38.56:296][301]LogUObjectHash: Compacting FUObjectHashTables data took   1.58ms
[2026.02.12-11.38.56:297][301]LogAudio: Display: Creating Audio Device:                 Id: 3, Scope: Unique, Realtime: True
[2026.02.12-11.38.56:297][301]LogAudioMixer: Display: Audio Mixer Platform Settings:
[2026.02.12-11.38.56:297][301]LogAudioMixer: Display: 	Sample Rate:						  48000
[2026.02.12-11.38.56:297][301]LogAudioMixer: Display: 	Callback Buffer Frame Size Requested: 1024
[2026.02.12-11.38.56:297][301]LogAudioMixer: Display: 	Callback Buffer Frame Size To Use:	  1024
[2026.02.12-11.38.56:297][301]LogAudioMixer: Display: 	Number of buffers to queue:			  2
[2026.02.12-11.38.56:297][301]LogAudioMixer: Display: 	Max Channels (voices):				  32
[2026.02.12-11.38.56:297][301]LogAudioMixer: Display: 	Number of Async Source Workers:		  0
[2026.02.12-11.38.56:297][301]LogAudio: Display: AudioDevice MaxSources: 32
[2026.02.12-11.38.56:297][301]LogAudio: Display: Audio Spatialization Plugin: None (built-in).
[2026.02.12-11.38.56:297][301]LogAudio: Display: Audio Reverb Plugin: None (built-in).
[2026.02.12-11.38.56:297][301]LogAudio: Display: Audio Occlusion Plugin: None (built-in).
[2026.02.12-11.38.56:297][301]LogAudioMixer: Display: Initializing audio mixer.
[2026.02.12-11.38.56:300][301]LogAudioMixer: Display: 0: FrontLeft
[2026.02.12-11.38.56:300][301]LogAudioMixer: Display: 1: FrontRight
[2026.02.12-11.38.56:309][301]LogAudioMixer: Display: Using Audio Device Speakers (USB Audio Device)
[2026.02.12-11.38.56:309][301]LogAudioMixer: Display: Initializing Sound Submixes...
[2026.02.12-11.38.56:309][301]LogAudioMixer: Display: Creating Master Submix 'MasterSubmixDefault'
[2026.02.12-11.38.56:309][301]LogAudioMixer: Display: Creating Master Submix 'MasterReverbSubmixDefault'
[2026.02.12-11.38.56:310][301]LogAudioMixer: Display: Creating Master Submix 'MasterEQSubmixDefault'
[2026.02.12-11.38.56:310][301]LogAudioMixer: FMixerPlatformXAudio2::StartAudioStream() called
[2026.02.12-11.38.56:310][301]LogAudioMixer: Display: Output buffers initialized: Frames=1024, Channels=2, Samples=2048
[2026.02.12-11.38.56:311][301]LogAudioMixer: Display: Starting AudioMixerPlatformInterface::RunInternal()
[2026.02.12-11.38.56:311][301]LogAudioMixer: Display: FMixerPlatformXAudio2::SubmitBuffer() called for the first time
[2026.02.12-11.38.56:311][301]LogInit: FAudioDevice initialized.
[2026.02.12-11.38.56:311][301]LogAudio: Display: Audio Device (ID: 3) registered with world 'Main'.
[2026.02.12-11.38.56:322][301]LogLoad: Game class is 'BP_GameMode_01_C'
[2026.02.12-11.38.56:325][301]LogWorld: Bringing World /Game/Levels/UEDPIE_0_Main.Main up for play (max tick rate 60) at 2026.02.12-12.38.56
[2026.02.12-11.38.56:325][301]LogWorld: Bringing up level for play took: 0.001561
[2026.02.12-11.38.56:326][301]LogOnline: OSS: Creating online subsystem instance for: :Context_9
[2026.02.12-11.38.56:330][301]PIE: Server logged in
[2026.02.12-11.38.56:331][301]PIE: Play in editor total start time 0,065 seconds.
[2026.02.12-11.38.56:679][322]LogBlueprintUserMessages: Warning: SetTimer passed a bad function (Weapon Trace) or object (BP_PLAYER_C_0)
[2026.02.12-11.39.00:127][527]LogSlate: Updating window title bar state: overlay mode, drag disabled, window buttons hidden, title bar hidden
[2026.02.12-11.39.00:127][527]LogWorld: BeginTearingDown for /Game/Levels/UEDPIE_0_Main
[2026.02.12-11.39.00:127][527]LogWorld: UWorld::CleanupWorld for Main, bSessionEnded=true, bCleanupResources=true
[2026.02.12-11.39.00:128][527]LogSlate: InvalidateAllWidgets triggered.  All widgets were invalidated
[2026.02.12-11.39.00:143][527]LogPlayLevel: Display: Shutting down PIE online subsystems
[2026.02.12-11.39.00:147][527]LogSlate: InvalidateAllWidgets triggered.  All widgets were invalidated
[2026.02.12-11.39.00:167][527]LogSlate: Updating window title bar state: overlay mode, drag disabled, window buttons hidden, title bar hidden
[2026.02.12-11.39.00:167][527]LogAudioMixer: FMixerPlatformXAudio2::StopAudioStream() called
[2026.02.12-11.39.00:168][527]LogAudioMixer: FMixerPlatformXAudio2::StopAudioStream() called
[2026.02.12-11.39.00:173][527]LogUObjectHash: Compacting FUObjectHashTables data took   2.27ms
[2026.02.12-11.39.00:207][529]LogPlayLevel: Display: Destroying online subsystem :Context_9
[2026.02.12-11.40.42:457][770]BlueprintLog: New page: Compile BP_PLAYER
[2026.02.12-11.40.42:505][770]LogUObjectHash: Compacting FUObjectHashTables data took   2.30ms
[2026.02.12-11.42.27:655][806]BlueprintLog: New page: Compile BP_PLAYER
[2026.02.12-11.42.27:711][806]LogUObjectHash: Compacting FUObjectHashTables data took   2.39ms
[2026.02.12-11.42.50:135][733]BlueprintLog: New page: Compile BP_PLAYER
[2026.02.12-11.42.50:194][733]LogUObjectHash: Compacting FUObjectHashTables data took   2.20ms
[2026.02.12-11.42.51:617][815]Cmd: OBJ SAVEPACKAGE PACKAGE="/Game/BluePrintClass/BP_PLAYER" FILE="../../../../../Repozytoria/UE 4.27/KZ_TopDownShooter/TopDownAC/Content/BluePrintClass/BP_PLAYER.uasset" SILENT=true
[2026.02.12-11.42.51:647][815]LogSavePackage: Moving '../../../../../Repozytoria/UE 4.27/KZ_TopDownShooter/TopDownAC/Saved/BP_PLAYERDB5F859741E170FFC674C98BCFFEADE0.tmp' to '../../../../../Repozytoria/UE 4.27/KZ_TopDownShooter/TopDownAC/Content/BluePrintClass/BP_PLAYER.uasset'
[2026.02.12-11.42.51:659][815]AssetCheck: New page: Asset Save: BP_PLAYER
[2026.02.12-11.42.51:659][815]LogContentValidation: Display: Validating Blueprint /Game/BluePrintClass/BP_PLAYER.BP_PLAYER
[2026.02.12-11.43.19:912][726]BlueprintLog: New page: Compile BP_PLAYER
[2026.02.12-11.43.19:960][726]LogUObjectHash: Compacting FUObjectHashTables data took   2.20ms
[2026.02.12-11.45.27:658][738]BlueprintLog: New page: Compile BP_PLAYER
[2026.02.12-11.45.27:707][738]LogUObjectHash: Compacting FUObjectHashTables data took   2.09ms
[2026.02.12-11.45.46:376][857]BlueprintLog: New page: Compile BP_PLAYER
[2026.02.12-11.45.46:417][857]LogUObjectHash: Compacting FUObjectHashTables data took   2.30ms
[2026.02.12-11.46.03:816][311]LogSlate: Window 'Fix Self Context Function References' being destroyed
[2026.02.12-11.46.05:178][390]BlueprintLog: New page: Compile BP_PLAYER
[2026.02.12-11.46.05:230][390]LogUObjectHash: Compacting FUObjectHashTables data took   2.28ms
[2026.02.12-11.46.42:503][ 94]LogEditorTransaction: Undo Expand Node
[2026.02.12-11.46.43:905][171]BlueprintLog: New page: Compile BP_PLAYER
[2026.02.12-11.46.43:962][171]LogUObjectHash: Compacting FUObjectHashTables data took   3.32ms
[2026.02.12-11.47.41:516][ 58]BlueprintLog: New page: Compile BP_PLAYER
[2026.02.12-11.47.41:573][ 58]LogUObjectHash: Compacting FUObjectHashTables data took   2.37ms
[2026.02.12-11.47.45:940][315]BlueprintLog: New page: Compile BP_PLAYER
[2026.02.12-11.47.45:990][315]LogUObjectHash: Compacting FUObjectHashTables data took   1.98ms
[2026.02.12-11.47.57:437][993]BlueprintLog: New page: Compile BP_PLAYER
[2026.02.12-11.47.57:490][993]LogUObjectHash: Compacting FUObjectHashTables data took   1.98ms
[2026.02.12-11.48.06:227][508]BlueprintLog: New page: Compile BP_PLAYER
[2026.02.12-11.48.06:271][508]LogUObjectHash: Compacting FUObjectHashTables data took   2.00ms
[2026.02.12-11.48.10:245][742]LogTemp: Repeating last play command: Selected Viewport
[2026.02.12-11.48.10:252][742]LogPlayLevel: PlayLevel: No blueprints needed recompiling
[2026.02.12-11.48.10:252][742]PIE: New page: PIE session: Main (12 lut 2026, 13:48:10)
[2026.02.12-11.48.10:252][742]LogPlayLevel: Creating play world package: /Game/Levels/UEDPIE_0_Main
[2026.02.12-11.48.10:256][742]LogPlayLevel: PIE: StaticDuplicateObject took: (0.003489s)
[2026.02.12-11.48.10:257][742]LogAIModule: Creating AISystem for world Main
[2026.02.12-11.48.10:257][742]LogPlayLevel: PIE: World Init took: (0.000995s)
[2026.02.12-11.48.10:257][742]LogPlayLevel: PIE: Created PIE world by copying editor world from /Game/Levels/Main.Main to /Game/Levels/UEDPIE_0_Main.Main (0.004597s)
[2026.02.12-11.48.10:278][742]LogUObjectHash: Compacting FUObjectHashTables data took   1.86ms
[2026.02.12-11.48.10:279][742]LogAudio: Display: Creating Audio Device:                 Id: 4, Scope: Unique, Realtime: True
[2026.02.12-11.48.10:279][742]LogAudioMixer: Display: Audio Mixer Platform Settings:
[2026.02.12-11.48.10:279][742]LogAudioMixer: Display: 	Sample Rate:						  48000
[2026.02.12-11.48.10:279][742]LogAudioMixer: Display: 	Callback Buffer Frame Size Requested: 1024
[2026.02.12-11.48.10:279][742]LogAudioMixer: Display: 	Callback Buffer Frame Size To Use:	  1024
[2026.02.12-11.48.10:279][742]LogAudioMixer: Display: 	Number of buffers to queue:			  2
[2026.02.12-11.48.10:279][742]LogAudioMixer: Display: 	Max Channels (voices):				  32
[2026.02.12-11.48.10:279][742]LogAudioMixer: Display: 	Number of Async Source Workers:		  0
[2026.02.12-11.48.10:279][742]LogAudio: Display: AudioDevice MaxSources: 32
[2026.02.12-11.48.10:279][742]LogAudio: Display: Audio Spatialization Plugin: None (built-in).
[2026.02.12-11.48.10:279][742]LogAudio: Display: Audio Reverb Plugin: None (built-in).
[2026.02.12-11.48.10:279][742]LogAudio: Display: Audio Occlusion Plugin: None (built-in).
[2026.02.12-11.48.10:279][742]LogAudioMixer: Display: Initializing audio mixer.
[2026.02.12-11.48.10:282][742]LogAudioMixer: Display: 0: FrontLeft
[2026.02.12-11.48.10:282][742]LogAudioMixer: Display: 1: FrontRight
[2026.02.12-11.48.10:291][742]LogAudioMixer: Display: Using Audio Device Speakers (USB Audio Device)
[2026.02.12-11.48.10:291][742]LogAudioMixer: Display: Initializing Sound Submixes...
[2026.02.12-11.48.10:291][742]LogAudioMixer: Display: Creating Master Submix 'MasterSubmixDefault'
[2026.02.12-11.48.10:291][742]LogAudioMixer: Display: Creating Master Submix 'MasterReverbSubmixDefault'
[2026.02.12-11.48.10:292][742]LogAudioMixer: Display: Creating Master Submix 'MasterEQSubmixDefault'
[2026.02.12-11.48.10:292][742]LogAudioMixer: FMixerPlatformXAudio2::StartAudioStream() called
[2026.02.12-11.48.10:292][742]LogAudioMixer: Display: Output buffers initialized: Frames=1024, Channels=2, Samples=2048
[2026.02.12-11.48.10:293][742]LogAudioMixer: Display: Starting AudioMixerPlatformInterface::RunInternal()
[2026.02.12-11.48.10:293][742]LogAudioMixer: Display: FMixerPlatformXAudio2::SubmitBuffer() called for the first time
[2026.02.12-11.48.10:293][742]LogInit: FAudioDevice initialized.
[2026.02.12-11.48.10:293][742]LogAudio: Display: Audio Device (ID: 4) registered with world 'Main'.
[2026.02.12-11.48.10:297][742]LogLoad: Game class is 'BP_GameMode_01_C'
[2026.02.12-11.48.10:298][742]LogWorld: Bringing World /Game/Levels/UEDPIE_0_Main.Main up for play (max tick rate 60) at 2026.02.12-12.48.10
[2026.02.12-11.48.10:299][742]LogWorld: Bringing up level for play took: 0.000835
[2026.02.12-11.48.10:299][742]LogOnline: OSS: Creating online subsystem instance for: :Context_10
[2026.02.12-11.48.10:301][742]PIE: Server logged in
[2026.02.12-11.48.10:301][742]PIE: Play in editor total start time 0,051 seconds.
[2026.02.12-11.48.10:683][765]LogBlueprintUserMessages: Warning: SetTimer passed a bad function (Weapon Trace) or object (BP_PLAYER_C_0)
[2026.02.12-11.48.18:467][229]LogSlate: Updating window title bar state: overlay mode, drag disabled, window buttons hidden, title bar hidden
[2026.02.12-11.48.18:467][229]LogWorld: BeginTearingDown for /Game/Levels/UEDPIE_0_Main
[2026.02.12-11.48.18:467][229]LogWorld: UWorld::CleanupWorld for Main, bSessionEnded=true, bCleanupResources=true
[2026.02.12-11.48.18:468][229]LogSlate: InvalidateAllWidgets triggered.  All widgets were invalidated
[2026.02.12-11.48.18:480][229]LogPlayLevel: Display: Shutting down PIE online subsystems
[2026.02.12-11.48.18:486][229]LogSlate: InvalidateAllWidgets triggered.  All widgets were invalidated
[2026.02.12-11.48.18:514][229]LogAudio: Display: Audio Device unregistered from world 'None'.
[2026.02.12-11.48.18:514][229]LogAudioMixer: FMixerPlatformXAudio2::StopAudioStream() called
[2026.02.12-11.48.18:516][229]LogAudioMixer: FMixerPlatformXAudio2::StopAudioStream() called
[2026.02.12-11.48.18:518][229]LogSlate: Updating window title bar state: overlay mode, drag disabled, window buttons hidden, title bar hidden
[2026.02.12-11.48.18:523][229]LogUObjectHash: Compacting FUObjectHashTables data took   3.03ms
[2026.02.12-11.48.18:536][230]LogPlayLevel: Display: Destroying online subsystem :Context_10
[2026.02.12-11.50.09:720][697]BlueprintLog: New page: Compile BP_PLAYER
[2026.02.12-11.50.09:766][697]LogUObjectHash: Compacting FUObjectHashTables data took   2.17ms
[2026.02.12-11.50.15:334][ 20]BlueprintLog: New page: Compile BP_PLAYER
[2026.02.12-11.50.15:353][ 20]LogClass: Warning: Type mismatch in Is Dead of BP_PLAYER_C - Previous (FloatProperty) Current(BoolProperty) for package:  FObjectReader
[2026.02.12-11.50.15:390][ 20]LogUObjectHash: Compacting FUObjectHashTables data took   2.06ms
[2026.02.12-11.51.27:551][  0]BlueprintLog: New page: Compile BP_PLAYER
[2026.02.12-11.51.27:610][  0]LogUObjectHash: Compacting FUObjectHashTables data took   2.00ms
[2026.02.12-11.51.29:076][ 87]LogTemp: Repeating last play command: Selected Viewport
[2026.02.12-11.51.29:082][ 87]LogPlayLevel: PlayLevel: No blueprints needed recompiling
[2026.02.12-11.51.29:082][ 87]PIE: New page: PIE session: Main (12 lut 2026, 13:51:29)
[2026.02.12-11.51.29:083][ 87]LogPlayLevel: Creating play world package: /Game/Levels/UEDPIE_0_Main
[2026.02.12-11.51.29:086][ 87]LogPlayLevel: PIE: StaticDuplicateObject took: (0.003655s)
[2026.02.12-11.51.29:087][ 87]LogAIModule: Creating AISystem for world Main
[2026.02.12-11.51.29:087][ 87]LogPlayLevel: PIE: World Init took: (0.001222s)
[2026.02.12-11.51.29:087][ 87]LogPlayLevel: PIE: Created PIE world by copying editor world from /Game/Levels/Main.Main to /Game/Levels/UEDPIE_0_Main.Main (0.005000s)
[2026.02.12-11.51.29:110][ 87]LogUObjectHash: Compacting FUObjectHashTables data took   2.41ms
[2026.02.12-11.51.29:111][ 87]LogAudio: Display: Creating Audio Device:                 Id: 5, Scope: Unique, Realtime: True
[2026.02.12-11.51.29:111][ 87]LogAudioMixer: Display: Audio Mixer Platform Settings:
[2026.02.12-11.51.29:111][ 87]LogAudioMixer: Display: 	Sample Rate:						  48000
[2026.02.12-11.51.29:111][ 87]LogAudioMixer: Display: 	Callback Buffer Frame Size Requested: 1024
[2026.02.12-11.51.29:111][ 87]LogAudioMixer: Display: 	Callback Buffer Frame Size To Use:	  1024
[2026.02.12-11.51.29:111][ 87]LogAudioMixer: Display: 	Number of buffers to queue:			  2
[2026.02.12-11.51.29:111][ 87]LogAudioMixer: Display: 	Max Channels (voices):				  32
[2026.02.12-11.51.29:111][ 87]LogAudioMixer: Display: 	Number of Async Source Workers:		  0
[2026.02.12-11.51.29:111][ 87]LogAudio: Display: AudioDevice MaxSources: 32
[2026.02.12-11.51.29:111][ 87]LogAudio: Display: Audio Spatialization Plugin: None (built-in).
[2026.02.12-11.51.29:111][ 87]LogAudio: Display: Audio Reverb Plugin: None (built-in).
[2026.02.12-11.51.29:111][ 87]LogAudio: Display: Audio Occlusion Plugin: None (built-in).
[2026.02.12-11.51.29:111][ 87]LogAudioMixer: Display: Initializing audio mixer.
[2026.02.12-11.51.29:115][ 87]LogAudioMixer: Display: 0: FrontLeft
[2026.02.12-11.51.29:115][ 87]LogAudioMixer: Display: 1: FrontRight
[2026.02.12-11.51.29:125][ 87]LogAudioMixer: Display: Using Audio Device Speakers (USB Audio Device)
[2026.02.12-11.51.29:125][ 87]LogAudioMixer: Display: Initializing Sound Submixes...
[2026.02.12-11.51.29:125][ 87]LogAudioMixer: Display: Creating Master Submix 'MasterSubmixDefault'
[2026.02.12-11.51.29:125][ 87]LogAudioMixer: Display: Creating Master Submix 'MasterReverbSubmixDefault'
[2026.02.12-11.51.29:125][ 87]LogAudioMixer: Display: Creating Master Submix 'MasterEQSubmixDefault'
[2026.02.12-11.51.29:125][ 87]LogAudioMixer: FMixerPlatformXAudio2::StartAudioStream() called
[2026.02.12-11.51.29:125][ 87]LogAudioMixer: Display: Output buffers initialized: Frames=1024, Channels=2, Samples=2048
[2026.02.12-11.51.29:127][ 87]LogAudioMixer: Display: Starting AudioMixerPlatformInterface::RunInternal()
[2026.02.12-11.51.29:127][ 87]LogAudioMixer: Display: FMixerPlatformXAudio2::SubmitBuffer() called for the first time
[2026.02.12-11.51.29:127][ 87]LogInit: FAudioDevice initialized.
[2026.02.12-11.51.29:127][ 87]LogAudio: Display: Audio Device (ID: 5) registered with world 'Main'.
[2026.02.12-11.51.29:139][ 87]LogLoad: Game class is 'BP_GameMode_01_C'
[2026.02.12-11.51.29:141][ 87]LogWorld: Bringing World /Game/Levels/UEDPIE_0_Main.Main up for play (max tick rate 60) at 2026.02.12-12.51.29
[2026.02.12-11.51.29:141][ 87]LogWorld: Bringing up level for play took: 0.001150
[2026.02.12-11.51.29:141][ 87]LogOnline: OSS: Creating online subsystem instance for: :Context_11
[2026.02.12-11.51.29:144][ 87]PIE: Server logged in
[2026.02.12-11.51.29:144][ 87]PIE: Play in editor total start time 0,064 seconds.
[2026.02.12-11.51.29:541][111]LogBlueprintUserMessages: Warning: SetTimer passed a bad function (Weapon Trace) or object (BP_PLAYER_C_0)
[2026.02.12-11.51.30:624][176]LogBlueprintUserMessages: Warning: SetTimer passed a bad function (Weapon Trace) or object (BP_PLAYER_C_0)
[2026.02.12-11.51.31:687][238]LogSlate: Updating window title bar state: overlay mode, drag disabled, window buttons hidden, title bar hidden
[2026.02.12-11.51.31:687][238]LogWorld: BeginTearingDown for /Game/Levels/UEDPIE_0_Main
[2026.02.12-11.51.31:687][238]LogWorld: UWorld::CleanupWorld for Main, bSessionEnded=true, bCleanupResources=true
[2026.02.12-11.51.31:688][238]LogSlate: InvalidateAllWidgets triggered.  All widgets were invalidated
[2026.02.12-11.51.31:698][238]LogPlayLevel: Display: Shutting down PIE online subsystems
[2026.02.12-11.51.31:703][238]LogSlate: InvalidateAllWidgets triggered.  All widgets were invalidated
[2026.02.12-11.51.31:728][238]LogAudio: Display: Audio Device unregistered from world 'None'.
[2026.02.12-11.51.31:728][238]LogAudioMixer: FMixerPlatformXAudio2::StopAudioStream() called
[2026.02.12-11.51.31:729][238]LogAudioMixer: FMixerPlatformXAudio2::StopAudioStream() called
[2026.02.12-11.51.31:730][238]LogSlate: Updating window title bar state: overlay mode, drag disabled, window buttons hidden, title bar hidden
[2026.02.12-11.51.31:733][238]LogUObjectHash: Compacting FUObjectHashTables data took   1.65ms
[2026.02.12-11.51.31:763][240]LogPlayLevel: Display: Destroying online subsystem :Context_11
[2026.02.12-11.51.59:846][790]LogSlate: Only BGRA pngs, bmps or icos are supported in by External Image Picker
[2026.02.12-11.52.02:582][937]LogUObjectHash: Compacting FUObjectHashTables data took   2.25ms
[2026.02.12-11.52.02:583][937]LogFileHelpers: Editor autosave (incl. external actors) for '/Game/Levels/Main' took 0.048
[2026.02.12-11.52.02:583][937]OBJ SavePackage: Generating thumbnails for [1] asset(s) in package [/Game/BluePrintClass/BP_PLAYER] ([4] browsable assets)...
[2026.02.12-11.52.02:591][937]OBJ SavePackage:     Rendered thumbnail for [Blueprint /Game/BluePrintClass/BP_PLAYER.BP_PLAYER]
[2026.02.12-11.52.02:597][937]OBJ SavePackage:     Rendered thumbnail for [Blueprint /Game/BluePrintClass/BP_PLAYER.BP_PLAYER]
[2026.02.12-11.52.02:597][937]OBJ SavePackage: Finished generating thumbnails for package [/Game/BluePrintClass/BP_PLAYER]
[2026.02.12-11.52.02:628][937]LogSavePackage: Moving '../../../../../Repozytoria/UE 4.27/KZ_TopDownShooter/TopDownAC/Saved/BP_PLAYER_Auto2EA65BD23401F134FE38C4CA4D5067862.tmp' to '../../../../../Repozytoria/UE 4.27/KZ_TopDownShooter/TopDownAC/Saved/Autosaves/Game/BluePrintClass/BP_PLAYER_Auto2.uasset'
[2026.02.12-11.52.02:628][937]LogFileHelpers: Auto-saving content packages took 0.045
[2026.02.12-11.52.13:014][559]LogTemp: Repeating last play command: Selected Viewport
[2026.02.12-11.52.13:021][559]LogPlayLevel: PlayLevel: No blueprints needed recompiling
[2026.02.12-11.52.13:022][559]PIE: New page: PIE session: Main (12 lut 2026, 13:52:13)
[2026.02.12-11.52.13:022][559]LogPlayLevel: Creating play world package: /Game/Levels/UEDPIE_0_Main
[2026.02.12-11.52.13:025][559]LogPlayLevel: PIE: StaticDuplicateObject took: (0.003673s)
[2026.02.12-11.52.13:026][559]LogAIModule: Creating AISystem for world Main
[2026.02.12-11.52.13:026][559]LogPlayLevel: PIE: World Init took: (0.001062s)
[2026.02.12-11.52.13:026][559]LogPlayLevel: PIE: Created PIE world by copying editor world from /Game/Levels/Main.Main to /Game/Levels/UEDPIE_0_Main.Main (0.004855s)
[2026.02.12-11.52.13:068][559]LogUObjectHash: Compacting FUObjectHashTables data took   1.71ms
[2026.02.12-11.52.13:068][559]LogAudio: Display: Creating Audio Device:                 Id: 6, Scope: Unique, Realtime: True
[2026.02.12-11.52.13:068][559]LogAudioMixer: Display: Audio Mixer Platform Settings:
[2026.02.12-11.52.13:068][559]LogAudioMixer: Display: 	Sample Rate:						  48000
[2026.02.12-11.52.13:068][559]LogAudioMixer: Display: 	Callback Buffer Frame Size Requested: 1024
[2026.02.12-11.52.13:068][559]LogAudioMixer: Display: 	Callback Buffer Frame Size To Use:	  1024
[2026.02.12-11.52.13:068][559]LogAudioMixer: Display: 	Number of buffers to queue:			  2
[2026.02.12-11.52.13:068][559]LogAudioMixer: Display: 	Max Channels (voices):				  32
[2026.02.12-11.52.13:068][559]LogAudioMixer: Display: 	Number of Async Source Workers:		  0
[2026.02.12-11.52.13:068][559]LogAudio: Display: AudioDevice MaxSources: 32
[2026.02.12-11.52.13:069][559]LogAudio: Display: Audio Spatialization Plugin: None (built-in).
[2026.02.12-11.52.13:069][559]LogAudio: Display: Audio Reverb Plugin: None (built-in).
[2026.02.12-11.52.13:069][559]LogAudio: Display: Audio Occlusion Plugin: None (built-in).
[2026.02.12-11.52.13:069][559]LogAudioMixer: Display: Initializing audio mixer.
[2026.02.12-11.52.13:071][559]LogAudioMixer: Display: 0: FrontLeft
[2026.02.12-11.52.13:071][559]LogAudioMixer: Display: 1: FrontRight
[2026.02.12-11.52.13:079][559]LogAudioMixer: Display: Using Audio Device Speakers (USB Audio Device)
[2026.02.12-11.52.13:079][559]LogAudioMixer: Display: Initializing Sound Submixes...
[2026.02.12-11.52.13:079][559]LogAudioMixer: Display: Creating Master Submix 'MasterSubmixDefault'
[2026.02.12-11.52.13:080][559]LogAudioMixer: Display: Creating Master Submix 'MasterReverbSubmixDefault'
[2026.02.12-11.52.13:080][559]LogAudioMixer: Display: Creating Master Submix 'MasterEQSubmixDefault'
[2026.02.12-11.52.13:080][559]LogAudioMixer: FMixerPlatformXAudio2::StartAudioStream() called
[2026.02.12-11.52.13:080][559]LogAudioMixer: Display: Output buffers initialized: Frames=1024, Channels=2, Samples=2048
[2026.02.12-11.52.13:081][559]LogAudioMixer: Display: Starting AudioMixerPlatformInterface::RunInternal()
[2026.02.12-11.52.13:081][559]LogAudioMixer: Display: FMixerPlatformXAudio2::SubmitBuffer() called for the first time
[2026.02.12-11.52.13:081][559]LogInit: FAudioDevice initialized.
[2026.02.12-11.52.13:081][559]LogAudio: Display: Audio Device (ID: 6) registered with world 'Main'.
[2026.02.12-11.52.13:087][559]LogLoad: Game class is 'BP_GameMode_01_C'
[2026.02.12-11.52.13:088][559]LogWorld: Bringing World /Game/Levels/UEDPIE_0_Main.Main up for play (max tick rate 60) at 2026.02.12-12.52.13
[2026.02.12-11.52.13:088][559]LogWorld: Bringing up level for play took: 0.000770
[2026.02.12-11.52.13:088][559]LogOnline: OSS: Creating online subsystem instance for: :Context_12
[2026.02.12-11.52.13:090][559]PIE: Server logged in
[2026.02.12-11.52.13:091][559]PIE: Play in editor total start time 0,071 seconds.
[2026.02.12-11.52.13:921][609]LogBlueprintUserMessages: Warning: SetTimer passed a bad function (Weapon Trace) or object (BP_PLAYER_C_0)
[2026.02.12-11.52.15:054][677]LogBlueprintUserMessages: Warning: SetTimer passed a bad function (Weapon Trace) or object (BP_PLAYER_C_0)
[2026.02.12-11.52.24:157][220]LogSlate: Updating window title bar state: overlay mode, drag disabled, window buttons hidden, title bar hidden
[2026.02.12-11.52.24:157][220]LogWorld: BeginTearingDown for /Game/Levels/UEDPIE_0_Main
[2026.02.12-11.52.24:157][220]LogWorld: UWorld::CleanupWorld for Main, bSessionEnded=true, bCleanupResources=true
[2026.02.12-11.52.24:157][220]LogSlate: InvalidateAllWidgets triggered.  All widgets were invalidated
[2026.02.12-11.52.24:165][220]LogPlayLevel: Display: Shutting down PIE online subsystems
[2026.02.12-11.52.24:171][220]LogSlate: InvalidateAllWidgets triggered.  All widgets were invalidated
[2026.02.12-11.52.24:190][220]LogAudio: Display: Audio Device unregistered from world 'None'.
[2026.02.12-11.52.24:190][220]LogAudioMixer: FMixerPlatformXAudio2::StopAudioStream() called
[2026.02.12-11.52.24:192][220]LogAudioMixer: FMixerPlatformXAudio2::StopAudioStream() called
[2026.02.12-11.52.24:193][220]LogSlate: Updating window title bar state: overlay mode, drag disabled, window buttons hidden, title bar hidden
[2026.02.12-11.52.24:198][220]LogUObjectHash: Compacting FUObjectHashTables data took   2.67ms
[2026.02.12-11.52.24:215][221]LogPlayLevel: Display: Destroying online subsystem :Context_12
[2026.02.12-11.52.50:718][ 99]LogEditorTransaction: Undo Paste clipboard contents
[2026.02.12-11.52.58:426][255]LogSlate: Window 'Fix Self Context Function References' being destroyed
[2026.02.12-11.53.07:397][328]LogSlate: Window 'Fix Self Context Function References' being destroyed
[2026.02.12-11.55.12:668][830]BlueprintLog: New page: Compile BP_PLAYER
[2026.02.12-11.55.12:720][830]LogUObjectHash: Compacting FUObjectHashTables data took   2.33ms
[2026.02.12-11.55.21:361][342]BlueprintLog: New page: Compile BP_PLAYER
[2026.02.12-11.55.21:416][342]LogUObjectHash: Compacting FUObjectHashTables data took   2.43ms
[2026.02.12-11.55.22:563][409]LogTemp: Repeating last play command: Selected Viewport
[2026.02.12-11.55.22:570][409]LogPlayLevel: PlayLevel: No blueprints needed recompiling
[2026.02.12-11.55.22:570][409]PIE: New page: PIE session: Main (12 lut 2026, 13:55:22)
[2026.02.12-11.55.22:570][409]LogPlayLevel: Creating play world package: /Game/Levels/UEDPIE_0_Main
[2026.02.12-11.55.22:573][409]LogPlayLevel: PIE: StaticDuplicateObject took: (0.003590s)
[2026.02.12-11.55.22:574][409]LogAIModule: Creating AISystem for world Main
[2026.02.12-11.55.22:574][409]LogPlayLevel: PIE: World Init took: (0.001060s)
[2026.02.12-11.55.22:574][409]LogPlayLevel: PIE: Created PIE world by copying editor world from /Game/Levels/Main.Main to /Game/Levels/UEDPIE_0_Main.Main (0.004770s)
[2026.02.12-11.55.22:598][409]LogUObjectHash: Compacting FUObjectHashTables data took   3.78ms
[2026.02.12-11.55.22:598][409]LogAudio: Display: Creating Audio Device:                 Id: 7, Scope: Unique, Realtime: True
[2026.02.12-11.55.22:598][409]LogAudioMixer: Display: Audio Mixer Platform Settings:
[2026.02.12-11.55.22:598][409]LogAudioMixer: Display: 	Sample Rate:						  48000
[2026.02.12-11.55.22:598][409]LogAudioMixer: Display: 	Callback Buffer Frame Size Requested: 1024
[2026.02.12-11.55.22:598][409]LogAudioMixer: Display: 	Callback Buffer Frame Size To Use:	  1024
[2026.02.12-11.55.22:598][409]LogAudioMixer: Display: 	Number of buffers to queue:			  2
[2026.02.12-11.55.22:598][409]LogAudioMixer: Display: 	Max Channels (voices):				  32
[2026.02.12-11.55.22:598][409]LogAudioMixer: Display: 	Number of Async Source Workers:		  0
[2026.02.12-11.55.22:598][409]LogAudio: Display: AudioDevice MaxSources: 32
[2026.02.12-11.55.22:598][409]LogAudio: Display: Audio Spatialization Plugin: None (built-in).
[2026.02.12-11.55.22:598][409]LogAudio: Display: Audio Reverb Plugin: None (built-in).
[2026.02.12-11.55.22:598][409]LogAudio: Display: Audio Occlusion Plugin: None (built-in).
[2026.02.12-11.55.22:598][409]LogAudioMixer: Display: Initializing audio mixer.
[2026.02.12-11.55.22:603][409]LogAudioMixer: Display: 0: FrontLeft
[2026.02.12-11.55.22:603][409]LogAudioMixer: Display: 1: FrontRight
[2026.02.12-11.55.22:613][409]LogAudioMixer: Display: Using Audio Device Speakers (USB Audio Device)
[2026.02.12-11.55.22:613][409]LogAudioMixer: Display: Initializing Sound Submixes...
[2026.02.12-11.55.22:613][409]LogAudioMixer: Display: Creating Master Submix 'MasterSubmixDefault'
[2026.02.12-11.55.22:613][409]LogAudioMixer: Display: Creating Master Submix 'MasterReverbSubmixDefault'
[2026.02.12-11.55.22:613][409]LogAudioMixer: Display: Creating Master Submix 'MasterEQSubmixDefault'
[2026.02.12-11.55.22:614][409]LogAudioMixer: FMixerPlatformXAudio2::StartAudioStream() called
[2026.02.12-11.55.22:614][409]LogAudioMixer: Display: Output buffers initialized: Frames=1024, Channels=2, Samples=2048
[2026.02.12-11.55.22:615][409]LogAudioMixer: Display: Starting AudioMixerPlatformInterface::RunInternal()
[2026.02.12-11.55.22:615][409]LogAudioMixer: Display: FMixerPlatformXAudio2::SubmitBuffer() called for the first time
[2026.02.12-11.55.22:615][409]LogInit: FAudioDevice initialized.
[2026.02.12-11.55.22:615][409]LogAudio: Display: Audio Device (ID: 7) registered with world 'Main'.
[2026.02.12-11.55.22:629][409]LogLoad: Game class is 'BP_GameMode_01_C'
[2026.02.12-11.55.22:632][409]LogWorld: Bringing World /Game/Levels/UEDPIE_0_Main.Main up for play (max tick rate 60) at 2026.02.12-12.55.22
[2026.02.12-11.55.22:633][409]LogWorld: Bringing up level for play took: 0.001648
[2026.02.12-11.55.22:633][409]LogOnline: OSS: Creating online subsystem instance for: :Context_13
[2026.02.12-11.55.22:638][409]PIE: Server logged in
[2026.02.12-11.55.22:639][409]PIE: Play in editor total start time 0,07 seconds.
[2026.02.12-11.55.22:858][422]LogBlueprintUserMessages: Warning: SetTimer passed a bad function (Weapon Trace) or object (BP_PLAYER_C_0)
[2026.02.12-11.55.23:421][456]LogBlueprintUserMessages: Warning: SetTimer passed a bad function (Weapon Trace) or object (BP_PLAYER_C_0)
[2026.02.12-11.55.23:986][490]LogBlueprintUserMessages: Warning: SetTimer passed a bad function (Weapon Trace) or object (BP_PLAYER_C_0)
[2026.02.12-11.55.29:096][795]LogSlate: Updating window title bar state: overlay mode, drag disabled, window buttons hidden, title bar hidden
[2026.02.12-11.55.29:096][795]LogWorld: BeginTearingDown for /Game/Levels/UEDPIE_0_Main
[2026.02.12-11.55.29:096][795]LogWorld: UWorld::CleanupWorld for Main, bSessionEnded=true, bCleanupResources=true
[2026.02.12-11.55.29:096][795]LogSlate: InvalidateAllWidgets triggered.  All widgets were invalidated
[2026.02.12-11.55.29:105][795]LogPlayLevel: Display: Shutting down PIE online subsystems
[2026.02.12-11.55.29:110][795]LogSlate: InvalidateAllWidgets triggered.  All widgets were invalidated
[2026.02.12-11.55.29:124][795]LogAudio: Display: Audio Device unregistered from world 'None'.
[2026.02.12-11.55.29:125][795]LogAudioMixer: FMixerPlatformXAudio2::StopAudioStream() called
[2026.02.12-11.55.29:126][795]LogAudioMixer: FMixerPlatformXAudio2::StopAudioStream() called
[2026.02.12-11.55.29:127][795]LogSlate: Updating window title bar state: overlay mode, drag disabled, window buttons hidden, title bar hidden
[2026.02.12-11.55.29:130][795]LogUObjectHash: Compacting FUObjectHashTables data took   1.86ms
[2026.02.12-11.55.29:180][798]LogPlayLevel: Display: Destroying online subsystem :Context_13
[2026.02.12-11.55.30:186][858]LogTemp: Repeating last play command: Selected Viewport
[2026.02.12-11.55.30:193][858]LogPlayLevel: PlayLevel: No blueprints needed recompiling
[2026.02.12-11.55.30:193][858]PIE: New page: PIE session: Main (12 lut 2026, 13:55:30)
[2026.02.12-11.55.30:193][858]LogPlayLevel: Creating play world package: /Game/Levels/UEDPIE_0_Main
[2026.02.12-11.55.30:196][858]LogPlayLevel: PIE: StaticDuplicateObject took: (0.003611s)
[2026.02.12-11.55.30:197][858]LogAIModule: Creating AISystem for world Main
[2026.02.12-11.55.30:198][858]LogPlayLevel: PIE: World Init took: (0.001126s)
[2026.02.12-11.55.30:198][858]LogPlayLevel: PIE: Created PIE world by copying editor world from /Game/Levels/Main.Main to /Game/Levels/UEDPIE_0_Main.Main (0.004856s)
[2026.02.12-11.55.30:223][858]LogUObjectHash: Compacting FUObjectHashTables data took   1.86ms
[2026.02.12-11.55.30:224][858]LogAudio: Display: Creating Audio Device:                 Id: 8, Scope: Unique, Realtime: True
[2026.02.12-11.55.30:224][858]LogAudioMixer: Display: Audio Mixer Platform Settings:
[2026.02.12-11.55.30:224][858]LogAudioMixer: Display: 	Sample Rate:						  48000
[2026.02.12-11.55.30:224][858]LogAudioMixer: Display: 	Callback Buffer Frame Size Requested: 1024
[2026.02.12-11.55.30:224][858]LogAudioMixer: Display: 	Callback Buffer Frame Size To Use:	  1024
[2026.02.12-11.55.30:224][858]LogAudioMixer: Display: 	Number of buffers to queue:			  2
[2026.02.12-11.55.30:224][858]LogAudioMixer: Display: 	Max Channels (voices):				  32
[2026.02.12-11.55.30:224][858]LogAudioMixer: Display: 	Number of Async Source Workers:		  0
[2026.02.12-11.55.30:224][858]LogAudio: Display: AudioDevice MaxSources: 32
[2026.02.12-11.55.30:225][858]LogAudio: Display: Audio Spatialization Plugin: None (built-in).
[2026.02.12-11.55.30:225][858]LogAudio: Display: Audio Reverb Plugin: None (built-in).
[2026.02.12-11.55.30:225][858]LogAudio: Display: Audio Occlusion Plugin: None (built-in).
[2026.02.12-11.55.30:225][858]LogAudioMixer: Display: Initializing audio mixer.
[2026.02.12-11.55.30:227][858]LogAudioMixer: Display: 0: FrontLeft
[2026.02.12-11.55.30:227][858]LogAudioMixer: Display: 1: FrontRight
[2026.02.12-11.55.30:234][858]LogAudioMixer: Display: Using Audio Device Speakers (USB Audio Device)
[2026.02.12-11.55.30:234][858]LogAudioMixer: Display: Initializing Sound Submixes...
[2026.02.12-11.55.30:234][858]LogAudioMixer: Display: Creating Master Submix 'MasterSubmixDefault'
[2026.02.12-11.55.30:234][858]LogAudioMixer: Display: Creating Master Submix 'MasterReverbSubmixDefault'
[2026.02.12-11.55.30:235][858]LogAudioMixer: Display: Creating Master Submix 'MasterEQSubmixDefault'
[2026.02.12-11.55.30:235][858]LogAudioMixer: FMixerPlatformXAudio2::StartAudioStream() called
[2026.02.12-11.55.30:235][858]LogAudioMixer: Display: Output buffers initialized: Frames=1024, Channels=2, Samples=2048
[2026.02.12-11.55.30:235][858]LogAudioMixer: Display: Starting AudioMixerPlatformInterface::RunInternal()
[2026.02.12-11.55.30:235][858]LogAudioMixer: Display: FMixerPlatformXAudio2::SubmitBuffer() called for the first time
[2026.02.12-11.55.30:235][858]LogInit: FAudioDevice initialized.
[2026.02.12-11.55.30:236][858]LogAudio: Display: Audio Device (ID: 8) registered with world 'Main'.
[2026.02.12-11.55.30:243][858]LogLoad: Game class is 'BP_GameMode_01_C'
[2026.02.12-11.55.30:243][858]LogWorld: Bringing World /Game/Levels/UEDPIE_0_Main.Main up for play (max tick rate 60) at 2026.02.12-12.55.30
[2026.02.12-11.55.30:244][858]LogWorld: Bringing up level for play took: 0.000764
[2026.02.12-11.55.30:244][858]LogOnline: OSS: Creating online subsystem instance for: :Context_14
[2026.02.12-11.55.30:247][858]PIE: Server logged in
[2026.02.12-11.55.30:247][858]PIE: Play in editor total start time 0,055 seconds.
[2026.02.12-11.55.30:531][875]LogBlueprintUserMessages: Warning: SetTimer passed a bad function (Weapon Trace) or object (BP_PLAYER_C_0)
[2026.02.12-11.55.35:767][188]LogSlate: Updating window title bar state: overlay mode, drag disabled, window buttons hidden, title bar hidden
[2026.02.12-11.55.35:768][188]LogWorld: BeginTearingDown for /Game/Levels/UEDPIE_0_Main
[2026.02.12-11.55.35:768][188]LogWorld: UWorld::CleanupWorld for Main, bSessionEnded=true, bCleanupResources=true
[2026.02.12-11.55.35:768][188]LogSlate: InvalidateAllWidgets triggered.  All widgets were invalidated
[2026.02.12-11.55.35:784][188]LogPlayLevel: Display: Shutting down PIE online subsystems
[2026.02.12-11.55.35:790][188]LogSlate: InvalidateAllWidgets triggered.  All widgets were invalidated
[2026.02.12-11.55.35:808][188]LogSlate: Updating window title bar state: overlay mode, drag disabled, window buttons hidden, title bar hidden
[2026.02.12-11.55.35:808][188]LogAudioMixer: FMixerPlatformXAudio2::StopAudioStream() called
[2026.02.12-11.55.35:809][188]LogAudioMixer: FMixerPlatformXAudio2::StopAudioStream() called
[2026.02.12-11.55.35:813][188]LogUObjectHash: Compacting FUObjectHashTables data took   1.89ms
[2026.02.12-11.55.35:869][190]LogPlayLevel: Display: Destroying online subsystem :Context_14
[2026.02.12-11.55.36:852][249]LogTemp: Repeating last play command: Selected Viewport
[2026.02.12-11.55.36:858][249]LogPlayLevel: PlayLevel: No blueprints needed recompiling
[2026.02.12-11.55.36:858][249]PIE: New page: PIE session: Main (12 lut 2026, 13:55:36)
[2026.02.12-11.55.36:858][249]LogPlayLevel: Creating play world package: /Game/Levels/UEDPIE_0_Main
[2026.02.12-11.55.36:862][249]LogPlayLevel: PIE: StaticDuplicateObject took: (0.003464s)
[2026.02.12-11.55.36:862][249]LogAIModule: Creating AISystem for world Main
[2026.02.12-11.55.36:863][249]LogPlayLevel: PIE: World Init took: (0.001063s)
[2026.02.12-11.55.36:863][249]LogPlayLevel: PIE: Created PIE world by copying editor world from /Game/Levels/Main.Main to /Game/Levels/UEDPIE_0_Main.Main (0.004645s)
[2026.02.12-11.55.36:882][249]LogUObjectHash: Compacting FUObjectHashTables data took   1.80ms
[2026.02.12-11.55.36:882][249]LogAudio: Display: Creating Audio Device:                 Id: 9, Scope: Unique, Realtime: True
[2026.02.12-11.55.36:882][249]LogAudioMixer: Display: Audio Mixer Platform Settings:
[2026.02.12-11.55.36:882][249]LogAudioMixer: Display: 	Sample Rate:						  48000
[2026.02.12-11.55.36:882][249]LogAudioMixer: Display: 	Callback Buffer Frame Size Requested: 1024
[2026.02.12-11.55.36:882][249]LogAudioMixer: Display: 	Callback Buffer Frame Size To Use:	  1024
[2026.02.12-11.55.36:882][249]LogAudioMixer: Display: 	Number of buffers to queue:			  2
[2026.02.12-11.55.36:882][249]LogAudioMixer: Display: 	Max Channels (voices):				  32
[2026.02.12-11.55.36:882][249]LogAudioMixer: Display: 	Number of Async Source Workers:		  0
[2026.02.12-11.55.36:882][249]LogAudio: Display: AudioDevice MaxSources: 32
[2026.02.12-11.55.36:883][249]LogAudio: Display: Audio Spatialization Plugin: None (built-in).
[2026.02.12-11.55.36:883][249]LogAudio: Display: Audio Reverb Plugin: None (built-in).
[2026.02.12-11.55.36:883][249]LogAudio: Display: Audio Occlusion Plugin: None (built-in).
[2026.02.12-11.55.36:883][249]LogAudioMixer: Display: Initializing audio mixer.
[2026.02.12-11.55.36:885][249]LogAudioMixer: Display: 0: FrontLeft
[2026.02.12-11.55.36:885][249]LogAudioMixer: Display: 1: FrontRight
[2026.02.12-11.55.36:893][249]LogAudioMixer: Display: Using Audio Device Speakers (USB Audio Device)
[2026.02.12-11.55.36:893][249]LogAudioMixer: Display: Initializing Sound Submixes...
[2026.02.12-11.55.36:893][249]LogAudioMixer: Display: Creating Master Submix 'MasterSubmixDefault'
[2026.02.12-11.55.36:893][249]LogAudioMixer: Display: Creating Master Submix 'MasterReverbSubmixDefault'
[2026.02.12-11.55.36:893][249]LogAudioMixer: Display: Creating Master Submix 'MasterEQSubmixDefault'
[2026.02.12-11.55.36:893][249]LogAudioMixer: FMixerPlatformXAudio2::StartAudioStream() called
[2026.02.12-11.55.36:893][249]LogAudioMixer: Display: Output buffers initialized: Frames=1024, Channels=2, Samples=2048
[2026.02.12-11.55.36:894][249]LogAudioMixer: Display: Starting AudioMixerPlatformInterface::RunInternal()
[2026.02.12-11.55.36:894][249]LogAudioMixer: Display: FMixerPlatformXAudio2::SubmitBuffer() called for the first time
[2026.02.12-11.55.36:894][249]LogInit: FAudioDevice initialized.
[2026.02.12-11.55.36:894][249]LogAudio: Display: Audio Device (ID: 9) registered with world 'Main'.
[2026.02.12-11.55.36:899][249]LogLoad: Game class is 'BP_GameMode_01_C'
[2026.02.12-11.55.36:900][249]LogWorld: Bringing World /Game/Levels/UEDPIE_0_Main.Main up for play (max tick rate 60) at 2026.02.12-12.55.36
[2026.02.12-11.55.36:900][249]LogWorld: Bringing up level for play took: 0.000775
[2026.02.12-11.55.36:901][249]LogOnline: OSS: Creating online subsystem instance for: :Context_15
[2026.02.12-11.55.36:903][249]PIE: Server logged in
[2026.02.12-11.55.36:903][249]PIE: Play in editor total start time 0,046 seconds.
[2026.02.12-11.55.37:467][283]LogBlueprintUserMessages: Warning: SetTimer passed a bad function (Weapon Trace) or object (BP_PLAYER_C_0)
[2026.02.12-11.55.38:632][353]LogBlueprintUserMessages: Warning: SetTimer passed a bad function (Weapon Trace) or object (BP_PLAYER_C_0)
[2026.02.12-11.55.49:587][  8]LogSlate: Updating window title bar state: overlay mode, drag disabled, window buttons hidden, title bar hidden
[2026.02.12-11.55.49:587][  8]LogWorld: BeginTearingDown for /Game/Levels/UEDPIE_0_Main
[2026.02.12-11.55.49:587][  8]LogWorld: UWorld::CleanupWorld for Main, bSessionEnded=true, bCleanupResources=true
[2026.02.12-11.55.49:588][  8]LogSlate: InvalidateAllWidgets triggered.  All widgets were invalidated
[2026.02.12-11.55.49:601][  8]LogPlayLevel: Display: Shutting down PIE online subsystems
[2026.02.12-11.55.49:607][  8]LogSlate: InvalidateAllWidgets triggered.  All widgets were invalidated
[2026.02.12-11.55.49:635][  8]LogSlate: Updating window title bar state: overlay mode, drag disabled, window buttons hidden, title bar hidden
[2026.02.12-11.55.49:635][  8]LogAudioMixer: FMixerPlatformXAudio2::StopAudioStream() called
[2026.02.12-11.55.49:637][  8]LogAudioMixer: FMixerPlatformXAudio2::StopAudioStream() called
[2026.02.12-11.55.49:643][  8]LogUObjectHash: Compacting FUObjectHashTables data took   2.31ms
[2026.02.12-11.55.49:656][  9]LogPlayLevel: Display: Destroying online subsystem :Context_15
[2026.02.12-11.55.50:523][ 61]LogTemp: Repeating last play command: Selected Viewport
[2026.02.12-11.55.50:529][ 61]LogPlayLevel: PlayLevel: No blueprints needed recompiling
[2026.02.12-11.55.50:529][ 61]PIE: New page: PIE session: Main (12 lut 2026, 13:55:50)
[2026.02.12-11.55.50:529][ 61]LogPlayLevel: Creating play world package: /Game/Levels/UEDPIE_0_Main
[2026.02.12-11.55.50:532][ 61]LogPlayLevel: PIE: StaticDuplicateObject took: (0.003256s)
[2026.02.12-11.55.50:533][ 61]LogAIModule: Creating AISystem for world Main
[2026.02.12-11.55.50:533][ 61]LogPlayLevel: PIE: World Init took: (0.001084s)
[2026.02.12-11.55.50:533][ 61]LogPlayLevel: PIE: Created PIE world by copying editor world from /Game/Levels/Main.Main to /Game/Levels/UEDPIE_0_Main.Main (0.004454s)
[2026.02.12-11.55.50:560][ 61]LogUObjectHash: Compacting FUObjectHashTables data took   2.05ms
[2026.02.12-11.55.50:561][ 61]LogAudio: Display: Creating Audio Device:                 Id: 10, Scope: Unique, Realtime: True
[2026.02.12-11.55.50:561][ 61]LogAudioMixer: Display: Audio Mixer Platform Settings:
[2026.02.12-11.55.50:561][ 61]LogAudioMixer: Display: 	Sample Rate:						  48000
[2026.02.12-11.55.50:561][ 61]LogAudioMixer: Display: 	Callback Buffer Frame Size Requested: 1024
[2026.02.12-11.55.50:561][ 61]LogAudioMixer: Display: 	Callback Buffer Frame Size To Use:	  1024
[2026.02.12-11.55.50:561][ 61]LogAudioMixer: Display: 	Number of buffers to queue:			  2
[2026.02.12-11.55.50:561][ 61]LogAudioMixer: Display: 	Max Channels (voices):				  32
[2026.02.12-11.55.50:561][ 61]LogAudioMixer: Display: 	Number of Async Source Workers:		  0
[2026.02.12-11.55.50:561][ 61]LogAudio: Display: AudioDevice MaxSources: 32
[2026.02.12-11.55.50:561][ 61]LogAudio: Display: Audio Spatialization Plugin: None (built-in).
[2026.02.12-11.55.50:561][ 61]LogAudio: Display: Audio Reverb Plugin: None (built-in).
[2026.02.12-11.55.50:561][ 61]LogAudio: Display: Audio Occlusion Plugin: None (built-in).
[2026.02.12-11.55.50:561][ 61]LogAudioMixer: Display: Initializing audio mixer.
[2026.02.12-11.55.50:565][ 61]LogAudioMixer: Display: 0: FrontLeft
[2026.02.12-11.55.50:565][ 61]LogAudioMixer: Display: 1: FrontRight
[2026.02.12-11.55.50:575][ 61]LogAudioMixer: Display: Using Audio Device Speakers (USB Audio Device)
[2026.02.12-11.55.50:575][ 61]LogAudioMixer: Display: Initializing Sound Submixes...
[2026.02.12-11.55.50:575][ 61]LogAudioMixer: Display: Creating Master Submix 'MasterSubmixDefault'
[2026.02.12-11.55.50:575][ 61]LogAudioMixer: Display: Creating Master Submix 'MasterReverbSubmixDefault'
[2026.02.12-11.55.50:575][ 61]LogAudioMixer: Display: Creating Master Submix 'MasterEQSubmixDefault'
[2026.02.12-11.55.50:575][ 61]LogAudioMixer: FMixerPlatformXAudio2::StartAudioStream() called
[2026.02.12-11.55.50:575][ 61]LogAudioMixer: Display: Output buffers initialized: Frames=1024, Channels=2, Samples=2048
[2026.02.12-11.55.50:576][ 61]LogAudioMixer: Display: Starting AudioMixerPlatformInterface::RunInternal()
[2026.02.12-11.55.50:576][ 61]LogAudioMixer: Display: FMixerPlatformXAudio2::SubmitBuffer() called for the first time
[2026.02.12-11.55.50:576][ 61]LogInit: FAudioDevice initialized.
[2026.02.12-11.55.50:576][ 61]LogAudio: Display: Audio Device (ID: 10) registered with world 'Main'.
[2026.02.12-11.55.50:585][ 61]LogLoad: Game class is 'BP_GameMode_01_C'
[2026.02.12-11.55.50:587][ 61]LogWorld: Bringing World /Game/Levels/UEDPIE_0_Main.Main up for play (max tick rate 60) at 2026.02.12-12.55.50
[2026.02.12-11.55.50:587][ 61]LogWorld: Bringing up level for play took: 0.001063
[2026.02.12-11.55.50:588][ 61]LogOnline: OSS: Creating online subsystem instance for: :Context_16
[2026.02.12-11.55.50:591][ 61]PIE: Server logged in
[2026.02.12-11.55.50:591][ 61]PIE: Play in editor total start time 0,064 seconds.
[2026.02.12-11.55.51:293][103]LogBlueprintUserMessages: Warning: SetTimer passed a bad function (Weapon Trace) or object (BP_PLAYER_C_0)
[2026.02.12-11.56.01:676][723]LogSlate: Updating window title bar state: overlay mode, drag disabled, window buttons hidden, title bar hidden
[2026.02.12-11.56.01:676][723]LogWorld: BeginTearingDown for /Game/Levels/UEDPIE_0_Main
[2026.02.12-11.56.01:677][723]LogWorld: UWorld::CleanupWorld for Main, bSessionEnded=true, bCleanupResources=true
[2026.02.12-11.56.01:677][723]LogSlate: InvalidateAllWidgets triggered.  All widgets were invalidated
[2026.02.12-11.56.01:692][723]LogPlayLevel: Display: Shutting down PIE online subsystems
[2026.02.12-11.56.01:696][723]LogSlate: InvalidateAllWidgets triggered.  All widgets were invalidated
[2026.02.12-11.56.01:722][723]LogSlate: Updating window title bar state: overlay mode, drag disabled, window buttons hidden, title bar hidden
[2026.02.12-11.56.01:722][723]LogAudioMixer: FMixerPlatformXAudio2::StopAudioStream() called
[2026.02.12-11.56.01:723][723]LogAudioMixer: FMixerPlatformXAudio2::StopAudioStream() called
[2026.02.12-11.56.01:730][723]LogUObjectHash: Compacting FUObjectHashTables data took   2.31ms
[2026.02.12-11.56.01:744][724]LogPlayLevel: Display: Destroying online subsystem :Context_16
[2026.02.12-11.56.02:584][774]LogTemp: Repeating last play command: Selected Viewport
[2026.02.12-11.56.02:589][774]LogPlayLevel: PlayLevel: No blueprints needed recompiling
[2026.02.12-11.56.02:589][774]PIE: New page: PIE session: Main (12 lut 2026, 13:56:02)
[2026.02.12-11.56.02:589][774]LogPlayLevel: Creating play world package: /Game/Levels/UEDPIE_0_Main
[2026.02.12-11.56.02:593][774]LogPlayLevel: PIE: StaticDuplicateObject took: (0.003462s)
[2026.02.12-11.56.02:594][774]LogAIModule: Creating AISystem for world Main
[2026.02.12-11.56.02:595][774]LogPlayLevel: PIE: World Init took: (0.001045s)
[2026.02.12-11.56.02:595][774]LogPlayLevel: PIE: Created PIE world by copying editor world from /Game/Levels/Main.Main to /Game/Levels/UEDPIE_0_Main.Main (0.004623s)
[2026.02.12-11.56.02:610][774]LogUObjectHash: Compacting FUObjectHashTables data took   1.77ms
[2026.02.12-11.56.02:610][774]LogAudio: Display: Creating Audio Device:                 Id: 11, Scope: Unique, Realtime: True
[2026.02.12-11.56.02:610][774]LogAudioMixer: Display: Audio Mixer Platform Settings:
[2026.02.12-11.56.02:610][774]LogAudioMixer: Display: 	Sample Rate:						  48000
[2026.02.12-11.56.02:610][774]LogAudioMixer: Display: 	Callback Buffer Frame Size Requested: 1024
[2026.02.12-11.56.02:610][774]LogAudioMixer: Display: 	Callback Buffer Frame Size To Use:	  1024
[2026.02.12-11.56.02:610][774]LogAudioMixer: Display: 	Number of buffers to queue:			  2
[2026.02.12-11.56.02:610][774]LogAudioMixer: Display: 	Max Channels (voices):				  32
[2026.02.12-11.56.02:610][774]LogAudioMixer: Display: 	Number of Async Source Workers:		  0
[2026.02.12-11.56.02:610][774]LogAudio: Display: AudioDevice MaxSources: 32
[2026.02.12-11.56.02:610][774]LogAudio: Display: Audio Spatialization Plugin: None (built-in).
[2026.02.12-11.56.02:610][774]LogAudio: Display: Audio Reverb Plugin: None (built-in).
[2026.02.12-11.56.02:610][774]LogAudio: Display: Audio Occlusion Plugin: None (built-in).
[2026.02.12-11.56.02:610][774]LogAudioMixer: Display: Initializing audio mixer.
[2026.02.12-11.56.02:613][774]LogAudioMixer: Display: 0: FrontLeft
[2026.02.12-11.56.02:613][774]LogAudioMixer: Display: 1: FrontRight
[2026.02.12-11.56.02:622][774]LogAudioMixer: Display: Using Audio Device Speakers (USB Audio Device)
[2026.02.12-11.56.02:622][774]LogAudioMixer: Display: Initializing Sound Submixes...
[2026.02.12-11.56.02:622][774]LogAudioMixer: Display: Creating Master Submix 'MasterSubmixDefault'
[2026.02.12-11.56.02:622][774]LogAudioMixer: Display: Creating Master Submix 'MasterReverbSubmixDefault'
[2026.02.12-11.56.02:623][774]LogAudioMixer: Display: Creating Master Submix 'MasterEQSubmixDefault'
[2026.02.12-11.56.02:623][774]LogAudioMixer: FMixerPlatformXAudio2::StartAudioStream() called
[2026.02.12-11.56.02:623][774]LogAudioMixer: Display: Output buffers initialized: Frames=1024, Channels=2, Samples=2048
[2026.02.12-11.56.02:623][774]LogAudioMixer: Display: Starting AudioMixerPlatformInterface::RunInternal()
[2026.02.12-11.56.02:623][774]LogAudioMixer: Display: FMixerPlatformXAudio2::SubmitBuffer() called for the first time
[2026.02.12-11.56.02:623][774]LogInit: FAudioDevice initialized.
[2026.02.12-11.56.02:623][774]LogAudio: Display: Audio Device (ID: 11) registered with world 'Main'.
[2026.02.12-11.56.02:631][774]LogLoad: Game class is 'BP_GameMode_01_C'
[2026.02.12-11.56.02:632][774]LogWorld: Bringing World /Game/Levels/UEDPIE_0_Main.Main up for play (max tick rate 60) at 2026.02.12-12.56.02
[2026.02.12-11.56.02:632][774]LogWorld: Bringing up level for play took: 0.000809
[2026.02.12-11.56.02:632][774]LogOnline: OSS: Creating online subsystem instance for: :Context_17
[2026.02.12-11.56.02:634][774]PIE: Server logged in
[2026.02.12-11.56.02:635][774]PIE: Play in editor total start time 0,047 seconds.
[2026.02.12-11.56.02:967][794]LogBlueprintUserMessages: Warning: SetTimer passed a bad function (Weapon Trace) or object (BP_PLAYER_C_0)
[2026.02.12-11.56.03:829][846]LogBlueprintUserMessages: Warning: SetTimer passed a bad function (Weapon Trace) or object (BP_PLAYER_C_0)
[2026.02.12-11.56.07:357][ 56]LogSlate: Updating window title bar state: overlay mode, drag disabled, window buttons hidden, title bar hidden
[2026.02.12-11.56.07:357][ 56]LogWorld: BeginTearingDown for /Game/Levels/UEDPIE_0_Main
[2026.02.12-11.56.07:357][ 56]LogWorld: UWorld::CleanupWorld for Main, bSessionEnded=true, bCleanupResources=true
[2026.02.12-11.56.07:358][ 56]LogSlate: InvalidateAllWidgets triggered.  All widgets were invalidated
[2026.02.12-11.56.07:374][ 56]LogPlayLevel: Display: Shutting down PIE online subsystems
[2026.02.12-11.56.07:379][ 56]LogSlate: InvalidateAllWidgets triggered.  All widgets were invalidated
[2026.02.12-11.56.07:396][ 56]LogSlate: Updating window title bar state: overlay mode, drag disabled, window buttons hidden, title bar hidden
[2026.02.12-11.56.07:396][ 56]LogAudioMixer: FMixerPlatformXAudio2::StopAudioStream() called
[2026.02.12-11.56.07:397][ 56]LogAudioMixer: FMixerPlatformXAudio2::StopAudioStream() called
[2026.02.12-11.56.07:402][ 56]LogUObjectHash: Compacting FUObjectHashTables data took   1.94ms
[2026.02.12-11.56.07:435][ 58]LogPlayLevel: Display: Destroying online subsystem :Context_17
[2026.02.12-11.56.08:733][134]Cmd: OBJ SAVEPACKAGE PACKAGE="/Game/Levels/Main" FILE="../../../../../Repozytoria/UE 4.27/KZ_TopDownShooter/TopDownAC/Content/Levels/Main.umap" SILENT=true AUTOSAVING=false KEEPDIRTY=false
[2026.02.12-11.56.08:750][134]LogUObjectHash: Compacting FUObjectHashTables data took   1.79ms
[2026.02.12-11.56.08:758][134]LogSavePackage: Moving '../../../../../Repozytoria/UE 4.27/KZ_TopDownShooter/TopDownAC/Saved/Main43C47A5B446E04490FD3B2B7213B491F.tmp' to '../../../../../Repozytoria/UE 4.27/KZ_TopDownShooter/TopDownAC/Content/Levels/Main.umap'
[2026.02.12-11.56.08:807][134]AssetCheck: New page: Asset Save: Main
[2026.02.12-11.56.08:807][134]LogContentValidation: Display: Validating World /Game/Levels/Main.Main
[2026.02.12-11.57.10:752][700]BlueprintLog: New page: Compile BP_PLAYER
[2026.02.12-11.57.10:823][700]LogUObjectHash: Compacting FUObjectHashTables data took   1.95ms
[2026.02.12-11.58.18:220][750]BlueprintLog: New page: Compile BP_PLAYER
[2026.02.12-11.58.18:268][750]LogUObjectHash: Compacting FUObjectHashTables data took   2.10ms
[2026.02.12-11.58.47:609][ 86]BlueprintLog: New page: Compile BP_PLAYER
[2026.02.12-11.58.47:653][ 86]LogUObjectHash: Compacting FUObjectHashTables data took   2.08ms
[2026.02.12-11.59.49:032][917]BlueprintLog: New page: Compile BP_PLAYER
[2026.02.12-11.59.49:081][917]LogUObjectHash: Compacting FUObjectHashTables data took   1.97ms
[2026.02.12-11.59.51:242][ 44]LogTemp: Repeating last play command: Selected Viewport
[2026.02.12-11.59.51:249][ 44]LogPlayLevel: PlayLevel: No blueprints needed recompiling
[2026.02.12-11.59.51:249][ 44]PIE: New page: PIE session: Main (12 lut 2026, 13:59:51)
[2026.02.12-11.59.51:249][ 44]LogPlayLevel: Creating play world package: /Game/Levels/UEDPIE_0_Main
[2026.02.12-11.59.51:253][ 44]LogPlayLevel: PIE: StaticDuplicateObject took: (0.003731s)
[2026.02.12-11.59.51:253][ 44]LogAIModule: Creating AISystem for world Main
[2026.02.12-11.59.51:253][ 44]LogPlayLevel: PIE: World Init took: (0.001200s)
[2026.02.12-11.59.51:253][ 44]LogPlayLevel: PIE: Created PIE world by copying editor world from /Game/Levels/Main.Main to /Game/Levels/UEDPIE_0_Main.Main (0.005058s)
[2026.02.12-11.59.51:278][ 44]LogUObjectHash: Compacting FUObjectHashTables data took   2.82ms
[2026.02.12-11.59.51:278][ 44]LogAudio: Display: Creating Audio Device:                 Id: 12, Scope: Unique, Realtime: True
[2026.02.12-11.59.51:279][ 44]LogAudioMixer: Display: Audio Mixer Platform Settings:
[2026.02.12-11.59.51:279][ 44]LogAudioMixer: Display: 	Sample Rate:						  48000
[2026.02.12-11.59.51:279][ 44]LogAudioMixer: Display: 	Callback Buffer Frame Size Requested: 1024
[2026.02.12-11.59.51:279][ 44]LogAudioMixer: Display: 	Callback Buffer Frame Size To Use:	  1024
[2026.02.12-11.59.51:279][ 44]LogAudioMixer: Display: 	Number of buffers to queue:			  2
[2026.02.12-11.59.51:279][ 44]LogAudioMixer: Display: 	Max Channels (voices):				  32
[2026.02.12-11.59.51:279][ 44]LogAudioMixer: Display: 	Number of Async Source Workers:		  0
[2026.02.12-11.59.51:279][ 44]LogAudio: Display: AudioDevice MaxSources: 32
[2026.02.12-11.59.51:279][ 44]LogAudio: Display: Audio Spatialization Plugin: None (built-in).
[2026.02.12-11.59.51:279][ 44]LogAudio: Display: Audio Reverb Plugin: None (built-in).
[2026.02.12-11.59.51:279][ 44]LogAudio: Display: Audio Occlusion Plugin: None (built-in).
[2026.02.12-11.59.51:279][ 44]LogAudioMixer: Display: Initializing audio mixer.
[2026.02.12-11.59.51:283][ 44]LogAudioMixer: Display: 0: FrontLeft
[2026.02.12-11.59.51:283][ 44]LogAudioMixer: Display: 1: FrontRight
[2026.02.12-11.59.51:294][ 44]LogAudioMixer: Display: Using Audio Device Speakers (USB Audio Device)
[2026.02.12-11.59.51:294][ 44]LogAudioMixer: Display: Initializing Sound Submixes...
[2026.02.12-11.59.51:294][ 44]LogAudioMixer: Display: Creating Master Submix 'MasterSubmixDefault'
[2026.02.12-11.59.51:294][ 44]LogAudioMixer: Display: Creating Master Submix 'MasterReverbSubmixDefault'
[2026.02.12-11.59.51:296][ 44]LogAudioMixer: Display: Creating Master Submix 'MasterEQSubmixDefault'
[2026.02.12-11.59.51:296][ 44]LogAudioMixer: FMixerPlatformXAudio2::StartAudioStream() called
[2026.02.12-11.59.51:296][ 44]LogAudioMixer: Display: Output buffers initialized: Frames=1024, Channels=2, Samples=2048
[2026.02.12-11.59.51:297][ 44]LogAudioMixer: Display: Starting AudioMixerPlatformInterface::RunInternal()
[2026.02.12-11.59.51:297][ 44]LogAudioMixer: Display: FMixerPlatformXAudio2::SubmitBuffer() called for the first time
[2026.02.12-11.59.51:297][ 44]LogInit: FAudioDevice initialized.
[2026.02.12-11.59.51:297][ 44]LogAudio: Display: Audio Device (ID: 12) registered with world 'Main'.
[2026.02.12-11.59.51:308][ 44]LogLoad: Game class is 'BP_GameMode_01_C'
[2026.02.12-11.59.51:310][ 44]LogWorld: Bringing World /Game/Levels/UEDPIE_0_Main.Main up for play (max tick rate 60) at 2026.02.12-12.59.51
[2026.02.12-11.59.51:310][ 44]LogWorld: Bringing up level for play took: 0.001471
[2026.02.12-11.59.51:311][ 44]LogOnline: OSS: Creating online subsystem instance for: :Context_18
[2026.02.12-11.59.51:315][ 44]PIE: Server logged in
[2026.02.12-11.59.51:316][ 44]PIE: Play in editor total start time 0,069 seconds.
[2026.02.12-11.59.51:516][ 56]LogBlueprintUserMessages: Warning: SetTimer passed a bad function (Weapon Trace) or object (BP_PLAYER_C_0)
[2026.02.12-11.59.52:266][101]LogBlueprintUserMessages: Warning: SetTimer passed a bad function (Weapon Trace) or object (BP_PLAYER_C_0)
[2026.02.12-11.59.52:867][137]LogBlueprintUserMessages: Warning: SetTimer passed a bad function (Weapon Trace) or object (BP_PLAYER_C_0)
[2026.02.12-11.59.53:550][178]LogBlueprintUserMessages: Warning: SetTimer passed a bad function (Weapon Trace) or object (BP_PLAYER_C_0)
[2026.02.12-11.59.54:333][225]LogBlueprintUserMessages: Warning: SetTimer passed a bad function (Weapon Trace) or object (BP_PLAYER_C_0)
[2026.02.12-11.59.56:065][329]LogBlueprintUserMessages: Warning: SetTimer passed a bad function (Weapon Trace) or object (BP_PLAYER_C_0)
[2026.02.12-12.00.01:536][655]LogSlate: Updating window title bar state: overlay mode, drag disabled, window buttons hidden, title bar hidden
[2026.02.12-12.00.01:536][655]LogWorld: BeginTearingDown for /Game/Levels/UEDPIE_0_Main
[2026.02.12-12.00.01:537][655]LogWorld: UWorld::CleanupWorld for Main, bSessionEnded=true, bCleanupResources=true
[2026.02.12-12.00.01:537][655]LogSlate: InvalidateAllWidgets triggered.  All widgets were invalidated
[2026.02.12-12.00.01:546][655]LogPlayLevel: Display: Shutting down PIE online subsystems
[2026.02.12-12.00.01:550][655]LogSlate: InvalidateAllWidgets triggered.  All widgets were invalidated
[2026.02.12-12.00.01:568][655]LogAudio: Display: Audio Device unregistered from world 'None'.
[2026.02.12-12.00.01:568][655]LogAudioMixer: FMixerPlatformXAudio2::StopAudioStream() called
[2026.02.12-12.00.01:569][655]LogAudioMixer: FMixerPlatformXAudio2::StopAudioStream() called
[2026.02.12-12.00.01:570][655]LogSlate: Updating window title bar state: overlay mode, drag disabled, window buttons hidden, title bar hidden
[2026.02.12-12.00.01:573][655]LogUObjectHash: Compacting FUObjectHashTables data took   1.80ms
[2026.02.12-12.00.01:603][657]LogPlayLevel: Display: Destroying online subsystem :Context_18
[2026.02.12-12.00.02:504][711]LogTemp: Repeating last play command: Selected Viewport
[2026.02.12-12.00.02:510][711]LogPlayLevel: PlayLevel: No blueprints needed recompiling
[2026.02.12-12.00.02:510][711]PIE: New page: PIE session: Main (12 lut 2026, 14:00:02)
[2026.02.12-12.00.02:510][711]LogPlayLevel: Creating play world package: /Game/Levels/UEDPIE_0_Main
[2026.02.12-12.00.02:513][711]LogPlayLevel: PIE: StaticDuplicateObject took: (0.003434s)
[2026.02.12-12.00.02:515][711]LogAIModule: Creating AISystem for world Main
[2026.02.12-12.00.02:515][711]LogPlayLevel: PIE: World Init took: (0.001053s)
[2026.02.12-12.00.02:515][711]LogPlayLevel: PIE: Created PIE world by copying editor world from /Game/Levels/Main.Main to /Game/Levels/UEDPIE_0_Main.Main (0.004603s)
[2026.02.12-12.00.02:533][711]LogUObjectHash: Compacting FUObjectHashTables data took   1.55ms
[2026.02.12-12.00.02:533][711]LogAudio: Display: Creating Audio Device:                 Id: 13, Scope: Unique, Realtime: True
[2026.02.12-12.00.02:533][711]LogAudioMixer: Display: Audio Mixer Platform Settings:
[2026.02.12-12.00.02:533][711]LogAudioMixer: Display: 	Sample Rate:						  48000
[2026.02.12-12.00.02:533][711]LogAudioMixer: Display: 	Callback Buffer Frame Size Requested: 1024
[2026.02.12-12.00.02:533][711]LogAudioMixer: Display: 	Callback Buffer Frame Size To Use:	  1024
[2026.02.12-12.00.02:533][711]LogAudioMixer: Display: 	Number of buffers to queue:			  2
[2026.02.12-12.00.02:533][711]LogAudioMixer: Display: 	Max Channels (voices):				  32
[2026.02.12-12.00.02:533][711]LogAudioMixer: Display: 	Number of Async Source Workers:		  0
[2026.02.12-12.00.02:533][711]LogAudio: Display: AudioDevice MaxSources: 32
[2026.02.12-12.00.02:533][711]LogAudio: Display: Audio Spatialization Plugin: None (built-in).
[2026.02.12-12.00.02:533][711]LogAudio: Display: Audio Reverb Plugin: None (built-in).
[2026.02.12-12.00.02:533][711]LogAudio: Display: Audio Occlusion Plugin: None (built-in).
[2026.02.12-12.00.02:533][711]LogAudioMixer: Display: Initializing audio mixer.
[2026.02.12-12.00.02:535][711]LogAudioMixer: Display: 0: FrontLeft
[2026.02.12-12.00.02:535][711]LogAudioMixer: Display: 1: FrontRight
[2026.02.12-12.00.02:543][711]LogAudioMixer: Display: Using Audio Device Speakers (USB Audio Device)
[2026.02.12-12.00.02:543][711]LogAudioMixer: Display: Initializing Sound Submixes...
[2026.02.12-12.00.02:543][711]LogAudioMixer: Display: Creating Master Submix 'MasterSubmixDefault'
[2026.02.12-12.00.02:543][711]LogAudioMixer: Display: Creating Master Submix 'MasterReverbSubmixDefault'
[2026.02.12-12.00.02:543][711]LogAudioMixer: Display: Creating Master Submix 'MasterEQSubmixDefault'
[2026.02.12-12.00.02:543][711]LogAudioMixer: FMixerPlatformXAudio2::StartAudioStream() called
[2026.02.12-12.00.02:543][711]LogAudioMixer: Display: Output buffers initialized: Frames=1024, Channels=2, Samples=2048
[2026.02.12-12.00.02:544][711]LogAudioMixer: Display: Starting AudioMixerPlatformInterface::RunInternal()
[2026.02.12-12.00.02:544][711]LogAudioMixer: Display: FMixerPlatformXAudio2::SubmitBuffer() called for the first time
[2026.02.12-12.00.02:544][711]LogInit: FAudioDevice initialized.
[2026.02.12-12.00.02:544][711]LogAudio: Display: Audio Device (ID: 13) registered with world 'Main'.
[2026.02.12-12.00.02:551][711]LogLoad: Game class is 'BP_GameMode_01_C'
[2026.02.12-12.00.02:552][711]LogWorld: Bringing World /Game/Levels/UEDPIE_0_Main.Main up for play (max tick rate 60) at 2026.02.12-13.00.02
[2026.02.12-12.00.02:553][711]LogWorld: Bringing up level for play took: 0.000781
[2026.02.12-12.00.02:553][711]LogOnline: OSS: Creating online subsystem instance for: :Context_19
[2026.02.12-12.00.02:555][711]PIE: Server logged in
[2026.02.12-12.00.02:556][711]PIE: Play in editor total start time 0,047 seconds.
[2026.02.12-12.00.02:769][724]LogBlueprintUserMessages: Warning: SetTimer passed a bad function (Weapon Trace) or object (BP_PLAYER_C_0)
[2026.02.12-12.00.05:884][911]LogBlueprintUserMessages: Warning: SetTimer passed a bad function (Weapon Trace) or object (BP_PLAYER_C_0)
[2026.02.12-12.00.06:419][943]LogBlueprintUserMessages: Warning: SetTimer passed a bad function (Weapon Trace) or object (BP_PLAYER_C_0)
[2026.02.12-12.00.06:970][976]LogBlueprintUserMessages: Warning: SetTimer passed a bad function (Weapon Trace) or object (BP_PLAYER_C_0)
[2026.02.12-12.00.07:585][ 13]LogBlueprintUserMessages: Warning: SetTimer passed a bad function (Weapon Trace) or object (BP_PLAYER_C_0)
[2026.02.12-12.00.21:617][852]LogSlate: Updating window title bar state: overlay mode, drag disabled, window buttons hidden, title bar hidden
[2026.02.12-12.00.21:617][852]LogWorld: BeginTearingDown for /Game/Levels/UEDPIE_0_Main
[2026.02.12-12.00.21:617][852]LogWorld: UWorld::CleanupWorld for Main, bSessionEnded=true, bCleanupResources=true
[2026.02.12-12.00.21:618][852]LogSlate: InvalidateAllWidgets triggered.  All widgets were invalidated
[2026.02.12-12.00.21:631][852]LogPlayLevel: Display: Shutting down PIE online subsystems
[2026.02.12-12.00.21:635][852]LogSlate: InvalidateAllWidgets triggered.  All widgets were invalidated
[2026.02.12-12.00.21:656][852]LogSlate: Updating window title bar state: overlay mode, drag disabled, window buttons hidden, title bar hidden
[2026.02.12-12.00.21:656][852]LogAudioMixer: FMixerPlatformXAudio2::StopAudioStream() called
[2026.02.12-12.00.21:658][852]LogAudioMixer: FMixerPlatformXAudio2::StopAudioStream() called
[2026.02.12-12.00.21:665][852]LogUObjectHash: Compacting FUObjectHashTables data took   3.26ms
[2026.02.12-12.00.21:682][853]LogPlayLevel: Display: Destroying online subsystem :Context_19
[2026.02.12-12.06.38:500][ 10]LogUObjectHash: Compacting FUObjectHashTables data took   2.70ms
[2026.02.12-12.06.38:502][ 10]LogFileHelpers: Editor autosave (incl. external actors) for '/Game/Levels/Main' took 0.035
[2026.02.12-12.06.38:502][ 10]OBJ SavePackage: Generating thumbnails for [1] asset(s) in package [/Game/BluePrintClass/BP_PLAYER] ([4] browsable assets)...
[2026.02.12-12.06.38:551][ 10]OBJ SavePackage:     Rendered thumbnail for [Blueprint /Game/BluePrintClass/BP_PLAYER.BP_PLAYER]
[2026.02.12-12.06.38:579][ 10]OBJ SavePackage:     Rendered thumbnail for [Blueprint /Game/BluePrintClass/BP_PLAYER.BP_PLAYER]
[2026.02.12-12.06.38:579][ 10]OBJ SavePackage: Finished generating thumbnails for package [/Game/BluePrintClass/BP_PLAYER]
[2026.02.12-12.06.38:613][ 10]LogSavePackage: Moving '../../../../../Repozytoria/UE 4.27/KZ_TopDownShooter/TopDownAC/Saved/BP_PLAYER_Auto35D6846264DCDC0258DDC40B681EE9E64.tmp' to '../../../../../Repozytoria/UE 4.27/KZ_TopDownShooter/TopDownAC/Saved/Autosaves/Game/BluePrintClass/BP_PLAYER_Auto3.uasset'
[2026.02.12-12.06.38:617][ 10]LogFileHelpers: Auto-saving content packages took 0.114
[2026.02.12-12.14.44:664][562]Cmd: OBJ SAVEPACKAGE PACKAGE="/Game/BluePrintClass/BP_PLAYER" FILE="../../../../../Repozytoria/UE 4.27/KZ_TopDownShooter/TopDownAC/Content/BluePrintClass/BP_PLAYER.uasset" SILENT=true
[2026.02.12-12.14.44:705][562]LogSavePackage: Moving '../../../../../Repozytoria/UE 4.27/KZ_TopDownShooter/TopDownAC/Saved/BP_PLAYER03A0771F4D26536AB353B0987E799EA5.tmp' to '../../../../../Repozytoria/UE 4.27/KZ_TopDownShooter/TopDownAC/Content/BluePrintClass/BP_PLAYER.uasset'
[2026.02.12-12.14.44:717][562]AssetCheck: New page: Asset Save: BP_PLAYER
[2026.02.12-12.14.44:717][562]LogContentValidation: Display: Validating Blueprint /Game/BluePrintClass/BP_PLAYER.BP_PLAYER
[2026.02.12-12.14.50:863][776]LogUObjectHash: Compacting FUObjectHashTables data took   0.66ms
[2026.02.12-12.14.50:877][776]LogWorld: UWorld::CleanupWorld for World_2, bSessionEnded=true, bCleanupResources=true
[2026.02.12-12.14.50:877][776]LogSlate: InvalidateAllWidgets triggered.  All widgets were invalidated
[2026.02.12-12.14.50:933][776]LogSlate: Window 'TopDownAC - Unreal Editor' being destroyed
[2026.02.12-12.14.51:014][777]Cmd: QUIT_EDITOR
[2026.02.12-12.14.51:014][777]LogCore: Engine exit requested (reason: UUnrealEdEngine::CloseEditor())
[2026.02.12-12.14.51:016][777]LogCore: Engine exit requested (reason: EngineExit() was called; note: exit was already requested)
[2026.02.12-12.14.52:014][777]LogAudio: Display: Beginning Audio Device Manager Shutdown (Module: AudioMixerXAudio2)...
[2026.02.12-12.14.52:014][777]LogAudio: Display: Destroying 1 Remaining Audio Device(s)...
[2026.02.12-12.14.52:014][777]LogAudio: Display: Audio Device unregistered from world 'Main'.
[2026.02.12-12.14.52:014][777]LogAudioMixer: FMixerPlatformXAudio2::StopAudioStream() called
[2026.02.12-12.14.52:015][777]LogAudioMixer: FMixerPlatformXAudio2::StopAudioStream() called
[2026.02.12-12.14.52:018][777]LogAudio: Display: Audio Device Manager Shutdown
[2026.02.12-12.14.52:026][777]LogExit: Preparing to exit.
[2026.02.12-12.14.52:835][777]LogUObjectHash: Compacting FUObjectHashTables data took   1.93ms
[2026.02.12-12.14.52:933][777]LogWorld: UWorld::CleanupWorld for World_6, bSessionEnded=true, bCleanupResources=true
[2026.02.12-12.14.52:936][777]LogWorld: UWorld::CleanupWorld for World_0, bSessionEnded=true, bCleanupResources=true
[2026.02.12-12.14.52:938][777]LogWorld: UWorld::CleanupWorld for World_1, bSessionEnded=true, bCleanupResources=true
[2026.02.12-12.14.52:939][777]LogWorld: UWorld::CleanupWorld for World_3, bSessionEnded=true, bCleanupResources=true
[2026.02.12-12.14.52:941][777]LogWorld: UWorld::CleanupWorld for World_5, bSessionEnded=true, bCleanupResources=true
[2026.02.12-12.14.52:942][777]LogWorld: UWorld::CleanupWorld for World_4, bSessionEnded=true, bCleanupResources=true
[2026.02.12-12.14.52:982][777]LogDemo: Cleaned up 0 splitscreen connections with owner deletion
[2026.02.12-12.14.52:986][777]LogWorld: UWorld::CleanupWorld for None, bSessionEnded=true, bCleanupResources=true
[2026.02.12-12.14.52:988][777]LogExit: Editor shut down
[2026.02.12-12.14.52:989][777]LogExit: Transaction tracking system shut down
[2026.02.12-12.14.53:198][777]LogExit: Object subsystem successfully closed.
[2026.02.12-12.14.53:229][777]LogShaderCompilers: Display: === FShaderJobCache stats ===
[2026.02.12-12.14.53:229][777]LogShaderCompilers: Display: Total job queries 0, among them cache hits 0 (0.00%)
[2026.02.12-12.14.53:229][777]LogShaderCompilers: Display: Tracking 0 distinct input hashes that result in 0 distinct outputs (0.00%)
[2026.02.12-12.14.53:229][777]LogShaderCompilers: Display: RAM used: 0.00 MB (0.00 GB) of 1638.40 MB (1.60 GB) budget. Usage: 0.00%
[2026.02.12-12.14.53:229][777]LogShaderCompilers: Display: ================================================
[2026.02.12-12.14.53:233][777]LogShaderCompilers: Display: Shaders left to compile 0
[2026.02.12-12.14.53:241][777]LogModuleManager: Shutting down and abandoning module ExternalImagePicker (878)
[2026.02.12-12.14.53:241][777]LogModuleManager: Shutting down and abandoning module MovieSceneCapture (876)
[2026.02.12-12.14.53:241][777]LogModuleManager: Shutting down and abandoning module Voice (874)
[2026.02.12-12.14.53:241][777]LogModuleManager: Shutting down and abandoning module BlueprintGraph (872)
[2026.02.12-12.14.53:241][777]LogModuleManager: Shutting down and abandoning module HierarchicalLODOutliner (870)
[2026.02.12-12.14.53:241][777]LogModuleManager: Shutting down and abandoning module AddContentDialog (868)
[2026.02.12-12.14.53:241][777]LogModuleManager: Shutting down and abandoning module WidgetCarousel (867)
[2026.02.12-12.14.53:241][777]LogModuleManager: Shutting down and abandoning module EditorWidgets (864)
[2026.02.12-12.14.53:241][777]LogModuleManager: Shutting down and abandoning module SceneOutliner (862)
[2026.02.12-12.14.53:241][777]LogModuleManager: Shutting down and abandoning module StatsViewer (860)
[2026.02.12-12.14.53:241][777]LogModuleManager: Shutting down and abandoning module PIEPreviewDeviceProfileSelector (858)
[2026.02.12-12.14.53:241][777]LogModuleManager: Shutting down and abandoning module SequenceRecorderSections (856)
[2026.02.12-12.14.53:241][777]LogModuleManager: Shutting down and abandoning module AutomationWorker (854)
[2026.02.12-12.14.53:241][777]LogModuleManager: Shutting down and abandoning module SteamVREditor (852)
[2026.02.12-12.14.53:241][777]LogModuleManager: Shutting down and abandoning module OculusMR (850)
[2026.02.12-12.14.53:241][777]LogModuleManager: Shutting down and abandoning module TakeRecorderSources (848)
[2026.02.12-12.14.53:241][777]LogModuleManager: Shutting down and abandoning module TakeRecorder (847)
[2026.02.12-12.14.53:241][777]LogModuleManager: Shutting down and abandoning module TakeTrackRecorders (844)
[2026.02.12-12.14.53:241][777]LogModuleManager: Shutting down and abandoning module TakesCore (842)
[2026.02.12-12.14.53:241][777]LogModuleManager: Shutting down and abandoning module OpenXRInput (840)
[2026.02.12-12.14.53:241][777]LogModuleManager: Shutting down and abandoning module LevelSequenceEditor (838)
[2026.02.12-12.14.53:241][777]LogModuleManager: Shutting down and abandoning module GooglePADEditor (836)
[2026.02.12-12.14.53:241][777]LogModuleManager: Shutting down and abandoning module AudioCaptureEditor (834)
[2026.02.12-12.14.53:241][777]LogModuleManager: Shutting down and abandoning module TemplateSequenceEditor (832)
[2026.02.12-12.14.53:241][777]LogModuleManager: Shutting down and abandoning module MatineeToLevelSequence (830)
[2026.02.12-12.14.53:241][777]LogModuleManager: Shutting down and abandoning module ActorSequenceEditor (828)
[2026.02.12-12.14.53:241][777]LogModuleManager: Shutting down and abandoning module WmfMediaFactory (826)
[2026.02.12-12.14.53:241][777]LogModuleManager: Shutting down and abandoning module WmfMediaEditor (824)
[2026.02.12-12.14.53:242][777]LogModuleManager: Shutting down and abandoning module WebMMediaFactory (822)
[2026.02.12-12.14.53:242][777]LogModuleManager: Shutting down and abandoning module WebMMediaEditor (820)
[2026.02.12-12.14.53:242][777]LogModuleManager: Shutting down and abandoning module WebMMedia (818)
[2026.02.12-12.14.53:242][777]LogModuleManager: Shutting down and abandoning module MediaPlayerEditor (816)
[2026.02.12-12.14.53:242][777]LogModuleManager: Shutting down and abandoning module MediaCompositingEditor (814)
[2026.02.12-12.14.53:242][777]LogModuleManager: Shutting down and abandoning module SequenceRecorder (813)
[2026.02.12-12.14.53:242][777]LogModuleManager: Shutting down and abandoning module OpenExrWrapper (810)
[2026.02.12-12.14.53:242][777]LogModuleManager: Shutting down and abandoning module ImgMediaFactory (808)
[2026.02.12-12.14.53:242][777]LogModuleManager: Shutting down and abandoning module ImgMediaEditor (806)
[2026.02.12-12.14.53:242][777]LogModuleManager: Shutting down and abandoning module AvfMediaFactory (804)
[2026.02.12-12.14.53:242][777]LogModuleManager: Shutting down and abandoning module AvfMediaEditor (802)
[2026.02.12-12.14.53:242][777]LogModuleManager: Shutting down and abandoning module AndroidMediaFactory (800)
[2026.02.12-12.14.53:242][777]LogModuleManager: Shutting down and abandoning module AndroidMediaEditor (798)
[2026.02.12-12.14.53:242][777]LogModuleManager: Shutting down and abandoning module MagicLeapMediaCodecFactory (796)
[2026.02.12-12.14.53:242][777]LogModuleManager: Shutting down and abandoning module MagicLeapMediaFactory (794)
[2026.02.12-12.14.53:242][777]LogModuleManager: Shutting down and abandoning module MagicLeapMediaEditor (792)
[2026.02.12-12.14.53:242][777]LogModuleManager: Shutting down and abandoning module PlanarCut (790)
[2026.02.12-12.14.53:242][777]LogModuleManager: Shutting down and abandoning module CharacterAI (788)
[2026.02.12-12.14.53:242][777]LogModuleManager: Shutting down and abandoning module TextureAlignMode (786)
[2026.02.12-12.14.53:242][777]LogModuleManager: Shutting down and abandoning module BspMode (784)
[2026.02.12-12.14.53:242][777]LogModuleManager: Shutting down and abandoning module GeometryMode (782)
[2026.02.12-12.14.53:242][777]LogModuleManager: Shutting down and abandoning module CameraShakePreviewer (780)
[2026.02.12-12.14.53:242][777]LogModuleManager: Shutting down and abandoning module SmartSnapping (778)
[2026.02.12-12.14.53:242][777]LogModuleManager: Shutting down and abandoning module SessionServices (776)
[2026.02.12-12.14.53:242][777]LogModuleManager: Shutting down and abandoning module MeshPaint (774)
[2026.02.12-12.14.53:242][777]LogModuleManager: Shutting down and abandoning module VirtualTexturingEditor (772)
[2026.02.12-12.14.53:242][777]LogModuleManager: Shutting down and abandoning module FoliageEdit (770)
[2026.02.12-12.14.53:242][777]LogModuleManager: Shutting down and abandoning module LandscapeEditor (768)
[2026.02.12-12.14.53:242][777]LogModuleManager: Shutting down and abandoning module MeshPaintMode (766)
[2026.02.12-12.14.53:242][777]LogModuleManager: Shutting down and abandoning module SceneDepthPickerMode (764)
[2026.02.12-12.14.53:242][777]LogModuleManager: Shutting down and abandoning module ActorPickerMode (762)
[2026.02.12-12.14.53:242][777]LogModuleManager: Shutting down and abandoning module PlacementMode (760)
[2026.02.12-12.14.53:242][777]LogModuleManager: Shutting down and abandoning module ViewportSnapping (758)
[2026.02.12-12.14.53:242][777]LogModuleManager: Shutting down and abandoning module ViewportInteraction (756)
[2026.02.12-12.14.53:242][777]LogModuleManager: Shutting down and abandoning module ClothPainter (754)
[2026.02.12-12.14.53:242][777]LogModuleManager: Shutting down and abandoning module SkeletalMeshEditor (753)
[2026.02.12-12.14.53:242][777]LogModuleManager: Shutting down and abandoning module LogVisualizer (750)
[2026.02.12-12.14.53:242][777]LogModuleManager: Shutting down and abandoning module IntroTutorials (748)
[2026.02.12-12.14.53:242][777]LogModuleManager: Shutting down and abandoning module GameProjectGeneration (747)
[2026.02.12-12.14.53:242][777]LogModuleManager: Shutting down and abandoning module LuminPlatformEditor (744)
[2026.02.12-12.14.53:242][777]LogModuleManager: Shutting down and abandoning module IOSPlatformEditor (742)
[2026.02.12-12.14.53:242][777]LogModuleManager: Shutting down and abandoning module AndroidPlatformEditor (740)
[2026.02.12-12.14.53:242][777]LogModuleManager: Shutting down and abandoning module AndroidDeviceDetection (739)
[2026.02.12-12.14.54:186][777]LogModuleManager: Shutting down and abandoning module WindowsPlatformEditor (736)
[2026.02.12-12.14.54:186][777]LogModuleManager: Shutting down and abandoning module LuminRuntimeSettings (734)
[2026.02.12-12.14.54:186][777]LogModuleManager: Shutting down and abandoning module IOSRuntimeSettings (732)
[2026.02.12-12.14.54:186][777]LogModuleManager: Shutting down and abandoning module AndroidRuntimeSettings (730)
[2026.02.12-12.14.54:186][777]LogModuleManager: Shutting down and abandoning module TraceInsights (728)
[2026.02.12-12.14.54:186][777]MemoryProfiler: Shutdown
[2026.02.12-12.14.54:186][777]NetworkingProfiler: Shutdown
[2026.02.12-12.14.54:186][777]LoadingProfiler: Shutdown
[2026.02.12-12.14.54:186][777]TimingProfiler: Shutdown
[2026.02.12-12.14.54:186][777]LogModuleManager: Shutting down and abandoning module TraceServices (727)
[2026.02.12-12.14.54:186][777]LogModuleManager: Shutting down and abandoning module EditorInteractiveToolsFramework (724)
[2026.02.12-12.14.54:186][777]LogModuleManager: Shutting down and abandoning module TimeManagementEditor (722)
[2026.02.12-12.14.54:186][777]LogModuleManager: Shutting down and abandoning module InputBindingEditor (720)
[2026.02.12-12.14.54:186][777]LogModuleManager: Shutting down and abandoning module MergeActors (718)
[2026.02.12-12.14.54:186][777]LogModuleManager: Shutting down and abandoning module LocalizationDashboard (716)
[2026.02.12-12.14.54:186][777]LogModuleManager: Shutting down and abandoning module LocalizationService (715)
[2026.02.12-12.14.54:186][777]LogModuleManager: Shutting down and abandoning module HardwareTargeting (712)
[2026.02.12-12.14.54:186][777]LogModuleManager: Shutting down and abandoning module DeviceProfileEditor (710)
[2026.02.12-12.14.54:186][777]LogModuleManager: Shutting down and abandoning module UndoHistory (708)
[2026.02.12-12.14.54:186][777]LogModuleManager: Shutting down and abandoning module XmlParser (706)
[2026.02.12-12.14.54:186][777]LogModuleManager: Shutting down and abandoning module Blutility (704)
[2026.02.12-12.14.54:186][777]LogModuleManager: Shutting down and abandoning module ProjectSettingsViewer (702)
[2026.02.12-12.14.54:186][777]LogModuleManager: Shutting down and abandoning module ProjectTargetPlatformEditor (701)
[2026.02.12-12.14.54:186][777]LogModuleManager: Shutting down and abandoning module EditorSettingsViewer (698)
[2026.02.12-12.14.54:186][777]LogModuleManager: Shutting down and abandoning module InternationalizationSettings (697)
[2026.02.12-12.14.54:186][777]LogModuleManager: Shutting down and abandoning module SettingsEditor (694)
[2026.02.12-12.14.54:186][777]LogModuleManager: Shutting down and abandoning module ProjectLauncher (692)
[2026.02.12-12.14.54:186][777]LogModuleManager: Shutting down and abandoning module SessionFrontend (690)
[2026.02.12-12.14.54:186][777]LogModuleManager: Shutting down and abandoning module ProfilerClient (688)
[2026.02.12-12.14.54:186][777]LogModuleManager: Shutting down and abandoning module DeviceManager (686)
[2026.02.12-12.14.54:186][777]LogModuleManager: Shutting down and abandoning module TargetDeviceServices (685)
[2026.02.12-12.14.54:219][777]LogModuleManager: Shutting down and abandoning module AutomationController (682)
[2026.02.12-12.14.54:219][777]LogModuleManager: Shutting down and abandoning module AutomationWindow (680)
[2026.02.12-12.14.54:219][777]LogModuleManager: Shutting down and abandoning module Layers (678)
[2026.02.12-12.14.54:219][777]LogModuleManager: Shutting down and abandoning module ComponentVisualizers (676)
[2026.02.12-12.14.54:219][777]LogModuleManager: Shutting down and abandoning module DetailCustomizations (674)
[2026.02.12-12.14.54:219][777]LogModuleManager: Shutting down and abandoning module PackagesDialog (672)
[2026.02.12-12.14.54:219][777]LogModuleManager: Shutting down and abandoning module AnimationBlueprintEditor (670)
[2026.02.12-12.14.54:219][777]LogModuleManager: Shutting down and abandoning module Persona (668)
[2026.02.12-12.14.54:219][777]LogModuleManager: Shutting down and abandoning module AdvancedPreviewScene (667)
[2026.02.12-12.14.54:219][777]LogModuleManager: Shutting down and abandoning module AnimGraph (665)
[2026.02.12-12.14.54:219][777]LogModuleManager: Shutting down and abandoning module Kismet (662)
[2026.02.12-12.14.54:230][777]LogModuleManager: Shutting down and abandoning module KismetWidgets (661)
[2026.02.12-12.14.54:230][777]LogModuleManager: Shutting down and abandoning module GraphEditor (658)
[2026.02.12-12.14.54:230][777]LogModuleManager: Shutting down and abandoning module StructViewer (656)
[2026.02.12-12.14.54:230][777]LogModuleManager: Shutting down and abandoning module ClassViewer (654)
[2026.02.12-12.14.54:230][777]LogModuleManager: Shutting down and abandoning module Toolbox (652)
[2026.02.12-12.14.54:230][777]LogModuleManager: Shutting down and abandoning module ModuleUI (650)
[2026.02.12-12.14.54:230][777]LogModuleManager: Shutting down and abandoning module OutputLog (648)
[2026.02.12-12.14.54:231][777]LogModuleManager: Shutting down and abandoning module GammaUI (646)
[2026.02.12-12.14.54:231][777]LogModuleManager: Shutting down and abandoning module Documentation (644)
[2026.02.12-12.14.54:231][777]LogModuleManager: Shutting down and abandoning module LiveCoding (642)
[2026.02.12-12.14.54:231][777]LogModuleManager: Shutting down and abandoning module LevelSequence (640)
[2026.02.12-12.14.54:231][777]LogModuleManager: Shutting down and abandoning module MovieSceneTracks (638)
[2026.02.12-12.14.54:231][777]LogModuleManager: Shutting down and abandoning module MovieScene (636)
[2026.02.12-12.14.54:231][777]LogModuleManager: Shutting down and abandoning module StreamingPauseRendering (634)
[2026.02.12-12.14.54:231][777]LogModuleManager: Shutting down and abandoning module LauncherPlatform (632)
[2026.02.12-12.14.54:231][777]LogModuleManager: Shutting down and abandoning module AnalyticsET (630)
[2026.02.12-12.14.54:231][777]LogModuleManager: Shutting down and abandoning module PortalServices (628)
[2026.02.12-12.14.54:231][777]LogModuleManager: Shutting down and abandoning module PortalRpc (626)
[2026.02.12-12.14.54:231][777]LogModuleManager: Shutting down and abandoning module MessagingRpc (624)
[2026.02.12-12.14.54:231][777]LogModuleManager: Shutting down and abandoning module AudioMixerXAudio2 (622)
[2026.02.12-12.14.54:231][777]LogModuleManager: Shutting down and abandoning module AudioMixerCore (621)
[2026.02.12-12.14.54:231][777]LogModuleManager: Shutting down and abandoning module AIModule (618)
[2026.02.12-12.14.54:231][777]LogModuleManager: Shutting down and abandoning module GameplayDebugger (617)
[2026.02.12-12.14.54:231][777]LogModuleManager: Shutting down and abandoning module AITestSuite (615)
[2026.02.12-12.14.54:231][777]LogModuleManager: Shutting down and abandoning module NavigationSystem (613)
[2026.02.12-12.14.54:231][777]LogModuleManager: Shutting down and abandoning module ImageWriteQueue (610)
[2026.02.12-12.14.54:245][777]LogModuleManager: Shutting down and abandoning module ProfilerService (608)
[2026.02.12-12.14.54:423][777]LogModuleManager: Shutting down and abandoning module TaskGraph (606)
[2026.02.12-12.14.54:423][777]LogModuleManager: Shutting down and abandoning module AudioSynesthesiaEditor (604)
[2026.02.12-12.14.54:423][777]LogModuleManager: Shutting down and abandoning module OculusEditor (602)
[2026.02.12-12.14.54:423][777]LogModuleManager: Shutting down and abandoning module OculusInput (600)
[2026.02.12-12.14.54:423][777]LogModuleManager: Shutting down and abandoning module ContentBrowserFileDataSource (598)
[2026.02.12-12.14.54:423][777]LogModuleManager: Shutting down and abandoning module ContentBrowserClassDataSource (596)
[2026.02.12-12.14.54:423][777]LogModuleManager: Shutting down and abandoning module ContentBrowserAssetDataSource (594)
[2026.02.12-12.14.54:423][777]LogModuleManager: Shutting down and abandoning module CollectionManager (593)
[2026.02.12-12.14.54:424][777]LogModuleManager: Shutting down and abandoning module TakeSequencer (590)
[2026.02.12-12.14.54:424][777]LogModuleManager: Shutting down and abandoning module TakeMovieScene (588)
[2026.02.12-12.14.54:424][777]LogModuleManager: Shutting down and abandoning module SynthesisEditor (586)
[2026.02.12-12.14.54:424][777]LogModuleManager: Shutting down and abandoning module Synthesis (584)
[2026.02.12-12.14.54:424][777]LogModuleManager: Shutting down and abandoning module ScreenshotTools (582)
[2026.02.12-12.14.54:424][777]LogModuleManager: Shutting down and abandoning module ProceduralMeshComponentEditor (580)
[2026.02.12-12.14.54:424][777]LogModuleManager: Shutting down and abandoning module ProceduralMeshComponent (578)
[2026.02.12-12.14.54:424][777]LogModuleManager: Shutting down and abandoning module OpenXREditor (576)
[2026.02.12-12.14.54:424][777]LogModuleManager: Shutting down and abandoning module MobilePatchingUtils (574)
[2026.02.12-12.14.54:424][777]LogModuleManager: Shutting down and abandoning module GooglePAD (572)
[2026.02.12-12.14.54:424][777]LogModuleManager: Shutting down and abandoning module EditableMesh (570)
[2026.02.12-12.14.54:424][777]LogModuleManager: Shutting down and abandoning module CustomMeshComponent (568)
[2026.02.12-12.14.54:424][777]LogModuleManager: Shutting down and abandoning module CableComponent (566)
[2026.02.12-12.14.54:424][777]LogModuleManager: Shutting down and abandoning module AudioCapture (564)
[2026.02.12-12.14.54:424][777]LogModuleManager: Shutting down and abandoning module AudioCaptureRtAudio (563)
[2026.02.12-12.14.54:424][777]LogModuleManager: Shutting down and abandoning module AppleImageUtilsBlueprintSupport (560)
[2026.02.12-12.14.54:424][777]LogModuleManager: Shutting down and abandoning module AppleImageUtils (558)
[2026.02.12-12.14.54:424][777]LogModuleManager: Shutting down and abandoning module AssetTags (556)
[2026.02.12-12.14.54:424][777]LogModuleManager: Shutting down and abandoning module ArchVisCharacter (554)
[2026.02.12-12.14.54:424][777]LogModuleManager: Shutting down and abandoning module AndroidPermission (552)
[2026.02.12-12.14.54:424][777]LogModuleManager: Shutting down and abandoning module ActorLayerUtilitiesEditor (550)
[2026.02.12-12.14.54:424][777]LogModuleManager: Shutting down and abandoning module ActorLayerUtilities (548)
[2026.02.12-12.14.54:424][777]LogModuleManager: Shutting down and abandoning module TemplateSequence (546)
[2026.02.12-12.14.54:424][777]LogModuleManager: Shutting down and abandoning module MediaCompositing (544)
[2026.02.12-12.14.54:424][777]LogModuleManager: Shutting down and abandoning module ImgMedia (542)
[2026.02.12-12.14.54:424][777]LogModuleManager: Shutting down and abandoning module MagicLeapSharedWorld (540)
[2026.02.12-12.14.54:424][777]LogModuleManager: Shutting down and abandoning module MagicLeapLightEstimation (538)
[2026.02.12-12.14.54:424][777]LogModuleManager: Shutting down and abandoning module MagicLeapHelperVulkan (536)
[2026.02.12-12.14.54:424][777]LogModuleManager: Shutting down and abandoning module MagicLeapHelperOpenGL (534)
[2026.02.12-12.14.54:424][777]LogModuleManager: Shutting down and abandoning module MagicLeapAudio (532)
[2026.02.12-12.14.54:424][777]LogModuleManager: Shutting down and abandoning module NiagaraEditorWidgets (530)
[2026.02.12-12.14.54:424][777]LogModuleManager: Shutting down and abandoning module MotoSynthEditor (528)
[2026.02.12-12.14.54:424][777]LogModuleManager: Shutting down and abandoning module MotoSynth (526)
[2026.02.12-12.14.54:424][777]LogModuleManager: Shutting down and abandoning module OpenImageDenoise (524)
[2026.02.12-12.14.54:424][777]LogOpenImageDenoise: OIDN shutting down
[2026.02.12-12.14.54:424][777]LogModuleManager: Shutting down and abandoning module VisualStudioCodeSourceCodeAccess (522)
[2026.02.12-12.14.54:424][777]LogModuleManager: Shutting down and abandoning module MeshConversion (520)
[2026.02.12-12.14.54:424][777]LogModuleManager: Shutting down and abandoning module DynamicMesh (518)
[2026.02.12-12.14.54:424][777]LogModuleManager: Shutting down and abandoning module GeometryAlgorithms (516)
[2026.02.12-12.14.54:424][777]LogModuleManager: Shutting down and abandoning module GeometricObjects (514)
[2026.02.12-12.14.54:424][777]LogModuleManager: Shutting down and abandoning module VisualStudioSourceCodeAccess (512)
[2026.02.12-12.14.54:424][777]LogModuleManager: Shutting down and abandoning module RiderSourceCodeAccess (510)
[2026.02.12-12.14.54:424][777]LogModuleManager: Shutting down and abandoning module UObjectPlugin (508)
[2026.02.12-12.14.54:424][777]LogModuleManager: Shutting down and abandoning module SubversionSourceControl (506)
[2026.02.12-12.14.54:424][777]LogModuleManager: Shutting down and abandoning module GeometryCollectionTracks (504)
[2026.02.12-12.14.54:424][777]LogModuleManager: Shutting down and abandoning module GeometryCollectionSequencer (503)
[2026.02.12-12.14.54:424][777]LogModuleManager: Shutting down and abandoning module GeometryCollectionEditor (500)
[2026.02.12-12.14.54:424][777]LogModuleManager: Shutting down and abandoning module PluginUtils (498)
[2026.02.12-12.14.54:424][777]LogModuleManager: Shutting down and abandoning module ChaosSolverEditor (496)
[2026.02.12-12.14.54:424][777]LogModuleManager: Shutting down and abandoning module PerforceSourceControl (494)
[2026.02.12-12.14.54:424][777]LogModuleManager: Shutting down and abandoning module PlasticSourceControl (492)
[2026.02.12-12.14.54:424][777]LogModuleManager: Shutting down and abandoning module GitSourceControl (490)
[2026.02.12-12.14.54:424][777]LogModuleManager: Shutting down and abandoning module SourceControl (489)
[2026.02.12-12.14.54:424][777]LogModuleManager: Shutting down and abandoning module GeometryCacheTracks (486)
[2026.02.12-12.14.54:424][777]LogModuleManager: Shutting down and abandoning module GeometryCacheStreamer (484)
[2026.02.12-12.14.54:424][777]LogModuleManager: Shutting down and abandoning module GeometryCacheSequencer (482)
[2026.02.12-12.14.54:424][777]LogModuleManager: Shutting down and abandoning module ChaosClothEditor (480)
[2026.02.12-12.14.54:424][777]LogModuleManager: Shutting down and abandoning module FractureEditor (478)
[2026.02.12-12.14.54:424][777]LogModuleManager: Shutting down and abandoning module ChaosNiagara (476)
[2026.02.12-12.14.54:424][777]LogModuleManager: Shutting down and abandoning module FieldSystemEngine (475)
[2026.02.12-12.14.54:424][777]LogModuleManager: Shutting down and abandoning module BackChannel (472)
[2026.02.12-12.14.54:424][777]LogModuleManager: Shutting down and abandoning module AutomationUtilsEditor (470)
[2026.02.12-12.14.54:424][777]LogModuleManager: Shutting down and abandoning module AutomationUtils (468)
[2026.02.12-12.14.54:424][777]LogModuleManager: Shutting down and abandoning module CLionSourceCodeAccess (466)
[2026.02.12-12.14.54:424][777]LogModuleManager: Shutting down and abandoning module AnimationSharingEd (464)
[2026.02.12-12.14.54:424][777]LogModuleManager: Shutting down and abandoning module VariantManagerContentEditor (462)
[2026.02.12-12.14.54:424][777]LogModuleManager: Shutting down and abandoning module AlembicImporter (460)
[2026.02.12-12.14.54:424][777]LogModuleManager: Shutting down and abandoning module AlembicLibrary (459)
[2026.02.12-12.14.54:424][777]LogModuleManager: Shutting down and abandoning module GeometryCache (458)
[2026.02.12-12.14.54:424][777]LogModuleManager: Shutting down and abandoning module GeometryCacheEd (457)
[2026.02.12-12.14.54:424][777]LogModuleManager: Shutting down and abandoning module MaterialAnalyzer (452)
[2026.02.12-12.14.54:424][777]LogModuleManager: Shutting down and abandoning module DatasmithContentEditor (450)
[2026.02.12-12.14.54:424][777]LogModuleManager: Shutting down and abandoning module CurveEditorTools (448)
[2026.02.12-12.14.54:424][777]LogModuleManager: Shutting down and abandoning module SpeedTreeImporter (446)
[2026.02.12-12.14.54:424][777]LogModuleManager: Shutting down and abandoning module PluginBrowser (444)
[2026.02.12-12.14.54:424][777]LogModuleManager: Shutting down and abandoning module MobileLauncherProfileWizard (442)
[2026.02.12-12.14.54:424][777]LogModuleManager: Shutting down and abandoning module CryptoKeysOpenSSL (440)
[2026.02.12-12.14.54:424][777]LogModuleManager: Shutting down and abandoning module CryptoKeys (438)
[2026.02.12-12.14.54:424][777]LogModuleManager: Shutting down and abandoning module OodleNetworkHandlerComponent (436)
[2026.02.12-12.14.54:424][777]LogModuleManager: Shutting down and abandoning module LightPropagationVolumeEditor (434)
[2026.02.12-12.14.54:424][777]LogModuleManager: Shutting down and abandoning module LiveLinkSequencer (432)
[2026.02.12-12.14.54:424][777]LogModuleManager: Shutting down and abandoning module LiveLinkMovieScene (430)
[2026.02.12-12.14.54:424][777]LogModuleManager: Shutting down and abandoning module LiveLinkGraphNode (428)
[2026.02.12-12.14.54:424][777]LogModuleManager: Shutting down and abandoning module LiveLinkEditor (426)
[2026.02.12-12.14.54:424][777]LogModuleManager: Shutting down and abandoning module LiveLinkComponents (424)
[2026.02.12-12.14.54:424][777]LogModuleManager: Shutting down and abandoning module LiveLink (422)
[2026.02.12-12.14.55:111][777]LogModuleManager: Shutting down and abandoning module PaperTiledImporter (420)
[2026.02.12-12.14.55:111][777]LogModuleManager: Shutting down and abandoning module PaperSpriteSheetImporter (418)
[2026.02.12-12.14.55:111][777]LogModuleManager: Shutting down and abandoning module Paper2DEditor (416)
[2026.02.12-12.14.55:111][777]LogModuleManager: Shutting down and abandoning module MeshPaintingToolset (414)
[2026.02.12-12.14.55:111][777]LogModuleManager: Shutting down and abandoning module MeshPaintEditorMode (412)
[2026.02.12-12.14.55:112][777]LogModuleManager: Shutting down and abandoning module SignificanceManager (410)
[2026.02.12-12.14.55:112][777]LogModuleManager: Shutting down and abandoning module PropertyAccessNode (408)
[2026.02.12-12.14.55:112][777]LogModuleManager: Shutting down and abandoning module RuntimePhysXCooking (406)
[2026.02.12-12.14.55:112][777]LogModuleManager: Shutting down and abandoning module SoundFields (404)
[2026.02.12-12.14.55:112][777]LogModuleManager: Shutting down and abandoning module PropertyAccessEditor (402)
[2026.02.12-12.14.55:112][777]LogModuleManager: Shutting down and abandoning module PhysXVehiclesEditor (400)
[2026.02.12-12.14.55:112][777]LogModuleManager: Shutting down and abandoning module LocationServicesBPLibrary (396)
[2026.02.12-12.14.55:112][777]LogModuleManager: Shutting down and abandoning module AudioSynesthesia (394)
[2026.02.12-12.14.55:112][777]LogModuleManager: Shutting down and abandoning module AudioSynesthesiaCore (392)
[2026.02.12-12.14.55:112][777]LogModuleManager: Shutting down and abandoning module TcpMessaging (390)
[2026.02.12-12.14.55:212][777]LogModuleManager: Shutting down and abandoning module ActorSequence (388)
[2026.02.12-12.14.55:212][777]LogModuleManager: Shutting down and abandoning module UdpMessaging (386)
[2026.02.12-12.14.55:313][777]LogModuleManager: Shutting down and abandoning module ImgMediaEngine (384)
[2026.02.12-12.14.55:313][777]LogModuleManager: Shutting down and abandoning module MagicLeapARPin (382)
[2026.02.12-12.14.55:313][777]LogModuleManager: Shutting down and abandoning module MagicLeapHandMeshing (380)
[2026.02.12-12.14.55:313][777]LogModuleManager: Shutting down and abandoning module MagicLeapSecureStorage (378)
[2026.02.12-12.14.55:313][777]LogModuleManager: Shutting down and abandoning module MagicLeapPrivileges (376)
[2026.02.12-12.14.55:313][777]LogModuleManager: Shutting down and abandoning module MagicLeapPlanes (374)
[2026.02.12-12.14.55:313][777]LogMagicLeapPlanes: Planes tracker already destroyed.
[2026.02.12-12.14.55:313][777]LogModuleManager: Shutting down and abandoning module MagicLeapImageTracker (372)
[2026.02.12-12.14.55:313][777]LogModuleManager: Shutting down and abandoning module MagicLeapIdentity (370)
[2026.02.12-12.14.55:313][777]LogModuleManager: Shutting down and abandoning module MagicLeapHandTracking (368)
[2026.02.12-12.14.55:313][777]LogModuleManager: Shutting down and abandoning module MagicLeapEyeTracker (366)
[2026.02.12-12.14.55:313][777]LogModuleManager: Shutting down and abandoning module MagicLeapController (364)
[2026.02.12-12.14.55:313][777]LogModuleManager: Shutting down and abandoning module MagicLeapARPinImpl (362)
[2026.02.12-12.14.55:313][777]LogModuleManager: Shutting down and abandoning module MagicLeapAR (360)
[2026.02.12-12.14.55:313][777]LogModuleManager: Shutting down and abandoning module NiagaraAnimNotifies (358)
[2026.02.12-12.14.55:313][777]LogModuleManager: Shutting down and abandoning module Niagara (356)
[2026.02.12-12.14.55:313][777]LogModuleManager: Shutting down and abandoning module SignalProcessing (355)
[2026.02.12-12.14.55:313][777]LogModuleManager: Shutting down and abandoning module NiagaraEditor (353)
[2026.02.12-12.14.55:314][777]LogModuleManager: Shutting down and abandoning module NiagaraCore (350)
[2026.02.12-12.14.55:314][777]LogModuleManager: Shutting down and abandoning module PythonScriptPlugin (348)
[2026.02.12-12.14.55:314][777]LogModuleManager: Shutting down and abandoning module AnimationSharing (346)
[2026.02.12-12.14.55:314][777]LogModuleManager: Shutting down and abandoning module GameplayTagsEditor (344)
[2026.02.12-12.14.55:314][777]LogModuleManager: Shutting down and abandoning module FacialAnimationEditor (342)
[2026.02.12-12.14.55:314][777]LogModuleManager: Shutting down and abandoning module FacialAnimation (340)
[2026.02.12-12.14.55:314][777]LogModuleManager: Shutting down and abandoning module DataValidation (338)
[2026.02.12-12.14.55:314][777]LogModuleManager: Shutting down and abandoning module AssetManagerEditor (336)
[2026.02.12-12.14.55:314][777]LogModuleManager: Shutting down and abandoning module LevelEditor (335)
[2026.02.12-12.14.55:314][777]LogModuleManager: Shutting down and abandoning module PixelInspectorModule (334)
[2026.02.12-12.14.55:314][777]LogModuleManager: Shutting down and abandoning module CommonMenuExtensions (332)
[2026.02.12-12.14.55:315][777]LogModuleManager: Shutting down and abandoning module MainFrame (330)
[2026.02.12-12.14.55:315][777]LogModuleManager: Shutting down and abandoning module HotReload (329)
[2026.02.12-12.14.55:315][777]LogModuleManager: Shutting down and abandoning module ToolMenus (325)
[2026.02.12-12.14.55:315][777]LogModuleManager: Shutting down and abandoning module ContentBrowser (323)
[2026.02.12-12.14.55:315][777]LogModuleManager: Shutting down and abandoning module ContentBrowserData (322)
[2026.02.12-12.14.55:315][777]LogModuleManager: Shutting down and abandoning module TreeMap (319)
[2026.02.12-12.14.55:315][777]LogModuleManager: Shutting down and abandoning module GameplayCameras (316)
[2026.02.12-12.14.55:315][777]LogModuleManager: Shutting down and abandoning module LightPropagationVolumeRuntime (314)
[2026.02.12-12.14.55:315][777]LogModuleManager: Shutting down and abandoning module EnvironmentQueryEditor (312)
[2026.02.12-12.14.55:315][777]LogModuleManager: Shutting down and abandoning module Paper2D (310)
[2026.02.12-12.14.55:315][777]LogModuleManager: Shutting down and abandoning module WindowsMoviePlayer (308)
[2026.02.12-12.14.55:316][777]LogModuleManager: Shutting down and abandoning module WebMMoviePlayer (306)
[2026.02.12-12.14.55:316][777]LogModuleManager: Shutting down and abandoning module NetworkReplayStreaming (304)
[2026.02.12-12.14.55:316][777]LogModuleManager: Shutting down and abandoning module PacketHandler (302)
[2026.02.12-12.14.55:316][777]LogModuleManager: Shutting down and abandoning module ClothingSystemEditor (300)
[2026.02.12-12.14.55:316][777]LogModuleManager: Shutting down and abandoning module ClothingSystemRuntimeNv (298)
[2026.02.12-12.14.55:316][777]LogModuleManager: Shutting down and abandoning module MediaAssets (296)
[2026.02.12-12.14.55:316][777]LogModuleManager: Shutting down and abandoning module Overlay (294)
[2026.02.12-12.14.55:316][777]LogModuleManager: Shutting down and abandoning module OverlayEditor (293)
[2026.02.12-12.14.55:316][777]LogModuleManager: Shutting down and abandoning module VREditor (290)
[2026.02.12-12.14.55:316][777]LogModuleManager: Shutting down and abandoning module StringTableEditor (288)
[2026.02.12-12.14.55:316][777]LogModuleManager: Shutting down and abandoning module GameplayTasksEditor (286)
[2026.02.12-12.14.55:316][777]LogModuleManager: Shutting down and abandoning module BehaviorTreeEditor (284)
[2026.02.12-12.14.55:316][777]LogModuleManager: Shutting down and abandoning module FunctionalTesting (282)
[2026.02.12-12.14.55:316][777]LogModuleManager: Shutting down and abandoning module CollisionAnalyzer (280)
[2026.02.12-12.14.55:316][777]LogModuleManager: Shutting down and abandoning module WorkspaceMenuStructure (279)
[2026.02.12-12.14.55:316][777]LogModuleManager: Shutting down and abandoning module UMG (276)
[2026.02.12-12.14.55:316][777]LogModuleManager: Shutting down and abandoning module UMGEditor (275)
[2026.02.12-12.14.55:316][777]LogModuleManager: Shutting down and abandoning module MessageLog (273)
[2026.02.12-12.14.55:316][777]LogModuleManager: Shutting down and abandoning module SlateReflector (268)
[2026.02.12-12.14.55:316][777]LogModuleManager: Shutting down and abandoning module Slate (266)
[2026.02.12-12.14.55:316][777]LogModuleManager: Shutting down and abandoning module SlateCore (264)
[2026.02.12-12.14.55:318][777]LogModuleManager: Shutting down and abandoning module LandscapeEditorUtilities (262)
[2026.02.12-12.14.55:318][777]LogModuleManager: Shutting down and abandoning module UnrealEd (260)
[2026.02.12-12.14.55:318][777]LogModuleManager: Shutting down and abandoning module MRMesh (258)
[2026.02.12-12.14.55:318][777]LogModuleManager: Shutting down and abandoning module SourceCodeAccess (256)
[2026.02.12-12.14.55:318][777]LogModuleManager: Shutting down and abandoning module HeadMountedDisplay (254)
[2026.02.12-12.14.55:318][777]LogModuleManager: Shutting down and abandoning module XAudio2 (252)
[2026.02.12-12.14.55:318][777]LogModuleManager: Shutting down and abandoning module Networking (250)
[2026.02.12-12.14.55:318][777]LogModuleManager: Shutting down and abandoning module Core (248)
[2026.02.12-12.14.55:318][777]LogModuleManager: Shutting down and abandoning module MaterialEditor (246)
[2026.02.12-12.14.55:318][777]LogModuleManager: Shutting down and abandoning module MovieSceneTools (244)
[2026.02.12-12.14.55:318][777]LogModuleManager: Shutting down and abandoning module CurveEditor (243)
[2026.02.12-12.14.55:318][777]LogModuleManager: Shutting down and abandoning module Sequencer (241)
[2026.02.12-12.14.55:318][777]LogModuleManager: Shutting down and abandoning module EditorStyle (240)
[2026.02.12-12.14.55:320][777]LogModuleManager: Shutting down and abandoning module KismetCompiler (236)
[2026.02.12-12.14.55:320][777]LogModuleManager: Shutting down and abandoning module MeshBuilder (234)
[2026.02.12-12.14.55:320][777]LogModuleManager: Shutting down and abandoning module MeshUtilities (232)
[2026.02.12-12.14.55:320][777]LogModuleManager: Shutting down and abandoning module MeshMergeUtilities (231)
[2026.02.12-12.14.55:320][777]LogModuleManager: Shutting down and abandoning module MeshReductionInterface (230)
[2026.02.12-12.14.55:320][777]LogModuleManager: Shutting down and abandoning module MeshBoneReduction (229)
[2026.02.12-12.14.55:320][777]LogModuleManager: Shutting down and abandoning module SkeletalMeshReduction (227)
[2026.02.12-12.14.55:320][777]LogModuleManager: Shutting down and abandoning module ProxyLODMeshReduction (225)
[2026.02.12-12.14.55:320][777]LogModuleManager: Shutting down and abandoning module QuadricMeshReduction (223)
[2026.02.12-12.14.55:320][777]LogModuleManager: Shutting down and abandoning module MaterialBaking (219)
[2026.02.12-12.14.55:320][777]LogModuleManager: Shutting down and abandoning module NullInstallBundleManager (214)
[2026.02.12-12.14.55:320][777]LogModuleManager: Shutting down and abandoning module DerivedDataCache (212)
[2026.02.12-12.14.55:320][777]LogModuleManager: Shutting down and abandoning module TargetPlatform (210)
[2026.02.12-12.14.55:320][777]LogModuleManager: Shutting down and abandoning module VulkanShaderFormat (209)
[2026.02.12-12.14.55:320][777]LogModuleManager: Shutting down and abandoning module ShaderFormatVectorVM (207)
[2026.02.12-12.14.55:320][777]LogModuleManager: Shutting down and abandoning module ShaderFormatOpenGL (205)
[2026.02.12-12.14.55:320][777]LogModuleManager: Shutting down and abandoning module ShaderFormatD3D (203)
[2026.02.12-12.14.55:320][777]LogModuleManager: Shutting down and abandoning module MetalShaderFormat (201)
[2026.02.12-12.14.55:320][777]LogModuleManager: Shutting down and abandoning module TextureFormatOodle (199)
[2026.02.12-12.14.55:320][777]LogModuleManager: Shutting down and abandoning module TextureFormatUncompressed (197)
[2026.02.12-12.14.55:320][777]LogModuleManager: Shutting down and abandoning module TextureFormatPVR (195)
[2026.02.12-12.14.55:320][777]LogModuleManager: Shutting down and abandoning module TextureFormatETC2 (193)
[2026.02.12-12.14.55:320][777]LogModuleManager: Shutting down and abandoning module TextureFormatDXT (191)
[2026.02.12-12.14.55:320][777]LogModuleManager: Shutting down and abandoning module TextureFormatIntelISPCTexComp (189)
[2026.02.12-12.14.55:320][777]LogModuleManager: Shutting down and abandoning module TextureFormatASTC (187)
[2026.02.12-12.14.55:320][777]LogModuleManager: Shutting down and abandoning module ImageWrapper (186)
[2026.02.12-12.14.55:320][777]LogModuleManager: Shutting down and abandoning module AudioFormatOpus (183)
[2026.02.12-12.14.55:320][777]LogModuleManager: Shutting down and abandoning module AudioFormatOgg (181)
[2026.02.12-12.14.55:320][777]LogModuleManager: Shutting down and abandoning module AudioFormatADPCM (179)
[2026.02.12-12.14.55:320][777]LogModuleManager: Shutting down and abandoning module WindowsServerTargetPlatform (177)
[2026.02.12-12.14.55:320][777]LogModuleManager: Shutting down and abandoning module WindowsClientTargetPlatform (175)
[2026.02.12-12.14.55:320][777]LogModuleManager: Shutting down and abandoning module WindowsTargetPlatform (173)
[2026.02.12-12.14.55:320][777]LogModuleManager: Shutting down and abandoning module WindowsNoEditorTargetPlatform (171)
[2026.02.12-12.14.55:320][777]LogModuleManager: Shutting down and abandoning module TVOSTargetPlatform (169)
[2026.02.12-12.14.55:321][777]LogModuleManager: Shutting down and abandoning module MacServerTargetPlatform (167)
[2026.02.12-12.14.55:321][777]LogModuleManager: Shutting down and abandoning module MacClientTargetPlatform (165)
[2026.02.12-12.14.55:321][777]LogModuleManager: Shutting down and abandoning module MacTargetPlatform (163)
[2026.02.12-12.14.55:321][777]LogModuleManager: Shutting down and abandoning module MacNoEditorTargetPlatform (161)
[2026.02.12-12.14.55:321][777]LogModuleManager: Shutting down and abandoning module LuminTargetPlatform (159)
[2026.02.12-12.14.55:322][777]LogModuleManager: Shutting down and abandoning module LinuxAArch64ServerTargetPlatform (157)
[2026.02.12-12.14.55:322][777]LogModuleManager: Shutting down and abandoning module LinuxAArch64ClientTargetPlatform (155)
[2026.02.12-12.14.55:322][777]LogModuleManager: Shutting down and abandoning module LinuxAArch64NoEditorTargetPlatform (153)
[2026.02.12-12.14.55:322][777]LogModuleManager: Shutting down and abandoning module LinuxServerTargetPlatform (151)
[2026.02.12-12.14.55:322][777]LogModuleManager: Shutting down and abandoning module LinuxClientTargetPlatform (149)
[2026.02.12-12.14.55:322][777]LogModuleManager: Shutting down and abandoning module LinuxNoEditorTargetPlatform (147)
[2026.02.12-12.14.55:322][777]LogModuleManager: Shutting down and abandoning module LinuxTargetPlatform (145)
[2026.02.12-12.14.55:322][777]LogModuleManager: Shutting down and abandoning module Messaging (143)
[2026.02.12-12.14.55:322][777]LogModuleManager: Shutting down and abandoning module IOSTargetPlatform (141)
[2026.02.12-12.14.55:322][777]LogModuleManager: Shutting down and abandoning module AndroidTargetPlatform (139)
[2026.02.12-12.14.55:324][777]LogModuleManager: Shutting down and abandoning module AllDesktopTargetPlatform (137)
[2026.02.12-12.14.55:324][777]LogModuleManager: Shutting down and abandoning module D3D11RHI (134)
[2026.02.12-12.14.55:324][777]LogModuleManager: Shutting down and abandoning module InputCore (132)
[2026.02.12-12.14.55:324][777]LogModuleManager: Shutting down and abandoning module Settings (130)
[2026.02.12-12.14.55:324][777]LogModuleManager: Shutting down and abandoning module DirectoryWatcher (128)
[2026.02.12-12.14.55:324][777]LogModuleManager: Shutting down and abandoning module PhysXCooking (126)
[2026.02.12-12.14.55:324][777]LogModuleManager: Shutting down and abandoning module Chaos (124)
[2026.02.12-12.14.55:325][777]LogModuleManager: Shutting down and abandoning module WindowsPlatformFeatures (122)
[2026.02.12-12.14.55:325][777]LogModuleManager: Shutting down and abandoning module GameplayMediaEncoder (121)
[2026.02.12-12.14.55:325][777]LogModuleManager: Shutting down and abandoning module AVEncoder (120)
[2026.02.12-12.14.55:325][777]LogModuleManager: Shutting down and abandoning module SteamVRInputDevice (116)
[2026.02.12-12.14.55:325][777]LogModuleManager: Shutting down and abandoning module SteamVRInput (114)
[2026.02.12-12.14.55:325][777]LogModuleManager: Shutting down and abandoning module SteamVR (112)
[2026.02.12-12.14.55:325][777]LogHMD: Freeing OpenVRDLLHandle.
[2026.02.12-12.14.55:325][777]LogModuleManager: Shutting down and abandoning module OculusHMD (110)
[2026.02.12-12.14.55:325][777]LogModuleManager: Shutting down and abandoning module OpenXRHandTracking (108)
[2026.02.12-12.14.55:325][777]LogSlate: Slate User Destroyed.  User Index 0, Is Virtual User: 0
[2026.02.12-12.14.55:325][777]LogModuleManager: Shutting down and abandoning module OpenXRAR (106)
[2026.02.12-12.14.55:325][777]LogModuleManager: Shutting down and abandoning module AugmentedReality (105)
[2026.02.12-12.14.55:325][777]LogModuleManager: Shutting down and abandoning module OpenXRHMD (102)
[2026.02.12-12.14.55:325][777]LogModuleManager: Shutting down and abandoning module OpenXREyeTracker (100)
[2026.02.12-12.14.55:325][777]LogModuleManager: Shutting down and abandoning module ExampleDeviceProfileSelector (98)
[2026.02.12-12.14.55:325][777]LogModuleManager: Shutting down and abandoning module ChunkDownloader (96)
[2026.02.12-12.14.55:325][777]LogModuleManager: Shutting down and abandoning module LauncherChunkInstaller (94)
[2026.02.12-12.14.55:325][777]LogModuleManager: Shutting down and abandoning module OnlineBlueprintSupport (92)
[2026.02.12-12.14.55:325][777]LogModuleManager: Shutting down and abandoning module OnlineSubsystem (88)
[2026.02.12-12.14.55:326][777]LogModuleManager: Shutting down and abandoning module XMPP (83)
[2026.02.12-12.14.55:327][777]LogModuleManager: Shutting down and abandoning module WebSockets (82)
[2026.02.12-12.14.55:348][777]LogModuleManager: Shutting down and abandoning module HTTP (79)
[2026.02.12-12.14.55:348][777]LogHttp: Display: Http module shutting down, but needs to wait on 1 outstanding Http requests:
[2026.02.12-12.14.55:349][777]LogHttp: Display: 	verb=[POST] url=[https://datarouter.ol.epicgames.com/datarouter/api/v1/public/data?SessionID=%7BA8CA9F93-407A-876A-F160-E491D9DFFB0C%7D&AppID=UEEditor.Rocket.Release&AppVersion=4.27.2-18319896%2B%2B%2BUE4%2BRelease-4.27&UserID=3eadeb334a09c138a68d60b593878835%7C8c0f7f1633984bb789070dad4917d369%7C97a2f4a2-b958-4fc7-b9dd-dc3998f53197&AppEnvironment=datacollector-binary&UploadType=eteventstream] refs=[1] status=Processing
[2026.02.12-12.14.55:349][777]LogHttp: Display: cleaning up 1 outstanding Http requests.
[2026.02.12-12.14.55:353][777]LogModuleManager: Shutting down and abandoning module SSL (78)
[2026.02.12-12.14.55:353][777]LogModuleManager: Shutting down and abandoning module WmfMedia (74)
[2026.02.12-12.14.55:355][777]LogModuleManager: Shutting down and abandoning module Media (73)
[2026.02.12-12.14.55:355][777]LogModuleManager: Shutting down and abandoning module MediaInfo (72)
[2026.02.12-12.14.55:355][777]LogModuleManager: Shutting down and abandoning module ExrReaderGpu (68)
[2026.02.12-12.14.55:356][777]LogModuleManager: Shutting down and abandoning module MLSDK (66)
[2026.02.12-12.14.55:356][777]LogModuleManager: Shutting down and abandoning module MagicLeap (64)
[2026.02.12-12.14.55:356][777]LogModuleManager: Shutting down and abandoning module NiagaraVertexFactories (62)
[2026.02.12-12.14.55:356][777]LogModuleManager: Shutting down and abandoning module NiagaraShader (60)
[2026.02.12-12.14.55:356][777]LogModuleManager: Shutting down and abandoning module PixWinPlugin (58)
[2026.02.12-12.14.55:356][777]LogModuleManager: Shutting down and abandoning module ChaosCloth (56)
[2026.02.12-12.14.55:356][777]LogModuleManager: Shutting down and abandoning module VariantManagerContent (54)
[2026.02.12-12.14.55:356][777]LogModuleManager: Shutting down and abandoning module DatasmithContent (52)
[2026.02.12-12.14.55:356][777]LogModuleManager: Shutting down and abandoning module AISupportModule (50)
[2026.02.12-12.14.55:356][777]LogModuleManager: Shutting down and abandoning module DesktopPlatform (48)
[2026.02.12-12.14.55:356][777]LogModuleManager: Shutting down and abandoning module PythonScriptPluginPreload (46)
[2026.02.12-12.14.55:356][777]LogModuleManager: Shutting down and abandoning module PlatformCryptoOpenSSL (44)
[2026.02.12-12.14.55:356][777]LogModuleManager: Shutting down and abandoning module PlatformCryptoTypes (42)
[2026.02.12-12.14.55:356][777]LogModuleManager: Shutting down and abandoning module PlatformCrypto (40)
[2026.02.12-12.14.55:356][777]LogModuleManager: Shutting down and abandoning module OodleDataCompressionFormat (38)
[2026.02.12-12.14.55:356][777]LogModuleManager: Shutting down and abandoning module XGEController (36)
[2026.02.12-12.14.55:356][777]LogModuleManager: Shutting down and abandoning module AnimationModifiers (34)
[2026.02.12-12.14.55:356][777]LogModuleManager: Shutting down and abandoning module AudioEditor (32)
[2026.02.12-12.14.55:357][777]LogModuleManager: Shutting down and abandoning module PropertyEditor (31)
[2026.02.12-12.14.55:357][777]LogModuleManager: Shutting down and abandoning module TextureCompressor (28)
[2026.02.12-12.14.55:357][777]LogModuleManager: Shutting down and abandoning module RenderCore (26)
[2026.02.12-12.14.55:357][777]LogModuleManager: Shutting down and abandoning module Landscape (24)
[2026.02.12-12.14.55:357][777]LogModuleManager: Shutting down and abandoning module SlateRHIRenderer (22)
[2026.02.12-12.14.55:358][777]LogModuleManager: Shutting down and abandoning module AnimGraphRuntime (20)
[2026.02.12-12.14.55:358][777]LogModuleManager: Shutting down and abandoning module Renderer (18)
[2026.02.12-12.14.55:358][777]LogModuleManager: Shutting down and abandoning module Engine (16)
[2026.02.12-12.14.55:358][777]LogModuleManager: Shutting down and abandoning module CoreUObject (14)
[2026.02.12-12.14.55:358][777]LogModuleManager: Shutting down and abandoning module NetworkFile (12)
[2026.02.12-12.14.55:358][777]LogModuleManager: Shutting down and abandoning module CookedIterativeFile (10)
[2026.02.12-12.14.55:358][777]LogModuleManager: Shutting down and abandoning module StreamingFile (8)
[2026.02.12-12.14.55:358][777]LogModuleManager: Shutting down and abandoning module SandboxFile (6)
[2026.02.12-12.14.55:358][777]LogModuleManager: Shutting down and abandoning module PakFile (4)
[2026.02.12-12.14.55:358][777]LogModuleManager: Shutting down and abandoning module RSA (3)
[2026.02.12-12.14.55:358][777]LogContentStreaming: Display: There are 1 unreleased StreamingManagers
[2026.02.12-12.14.55:396][777]LogD3D11RHI: Shutdown
[2026.02.12-12.14.55:396][777]LogD3D11RHI: CleanupD3DDevice
[2026.02.12-12.14.55:397][777]LogExit: Exiting.
[2026.02.12-12.14.55:406][777]Log file closed, 02/12/26 13:14:55
