Log file open, 02/11/26 17:30:39
LogWindows: Failed to load 'aqProf.dll' (GetLastError=126)
LogWindows: File 'aqProf.dll' does not exist
LogWindows: Failed to load 'VtuneApi.dll' (GetLastError=126)
LogWindows: File 'VtuneApi.dll' does not exist
LogWindows: Failed to load 'VtuneApi32e.dll' (GetLastError=126)
LogWindows: File 'VtuneApi32e.dll' does not exist
LogConsoleResponse: Display: Failed to find resolution value strings in scalability ini. Falling back to default.
LogConsoleResponse: Display: Failed to find resolution value strings in scalability ini. Falling back to default.
LogInit: Display: Running engine for game: TopDownAC
LogPlatformFile: Not using cached read wrapper
LogTaskGraph: Started task graph with 5 named threads and 59 total threads with 3 sets of task threads.
LogStats: Stats thread started at 0.185782
LogICUInternationalization: ICU TimeZone Detection - Raw Offset: +1:00, Platform Override: ''
LogInit: Display: Loading text-based GConfig....
LogPluginManager: Mounting plugin MeshPainting
LogPluginManager: Mounting plugin XGEController
LogPluginManager: Mounting plugin AISupport
LogPluginManager: Mounting plugin Paper2D
LogPluginManager: Mounting plugin EnvironmentQueryEditor
LogPluginManager: Mounting plugin LightPropagationVolume
LogPluginManager: Mounting plugin CameraShakePreviewer
LogPluginManager: Mounting plugin GameplayCameras
LogPluginManager: Mounting plugin LiveLink
LogPluginManager: Mounting plugin OodleData
LogPluginManager: Mounting plugin OodleNetwork
LogPluginManager: Mounting plugin AnimationSharing
LogPluginManager: Mounting plugin CodeLiteSourceCodeAccess
LogPluginManager: Mounting plugin CLionSourceCodeAccess
LogPluginManager: Mounting plugin GitSourceControl
LogPluginManager: Mounting plugin KDevelopSourceCodeAccess
LogPluginManager: Mounting plugin NullSourceCodeAccess
LogPluginManager: Mounting plugin PixWinPlugin
LogPluginManager: Mounting plugin PlasticSourceControl
LogPluginManager: Mounting plugin PropertyAccessNode
LogPluginManager: Mounting plugin RiderSourceCodeAccess
LogPluginManager: Mounting plugin PerforceSourceControl
LogPluginManager: Mounting plugin SubversionSourceControl
LogPluginManager: Mounting plugin TextureFormatOodle
LogPluginManager: Mounting plugin UObjectPlugin
LogPluginManager: Mounting plugin XCodeSourceCodeAccess
LogPluginManager: Mounting plugin AssetManagerEditor
LogPluginManager: Mounting plugin CurveEditorTools
LogPluginManager: Mounting plugin VisualStudioSourceCodeAccess
LogPluginManager: Mounting plugin FacialAnimation
LogPluginManager: Mounting plugin VisualStudioCodeSourceCodeAccess
LogPluginManager: Mounting plugin PluginUtils
LogPluginManager: Mounting plugin GameplayTagsEditor
LogPluginManager: Mounting plugin MaterialAnalyzer
LogPluginManager: Mounting plugin GeometryMode
LogPluginManager: Mounting plugin DataValidation
LogPluginManager: Mounting plugin MacGraphicsSwitching
LogPluginManager: Mounting plugin MobileLauncherProfileWizard
LogPluginManager: Mounting plugin SpeedTreeImporter
LogPluginManager: Mounting plugin PluginBrowser
LogPluginManager: Mounting plugin DatasmithContent
LogPluginManager: Mounting plugin CryptoKeys
LogPluginManager: Mounting plugin VariantManagerContent
LogPluginManager: Mounting plugin LuminPlatformFeatures
LogPluginManager: Mounting plugin Niagara
LogPluginManager: Mounting plugin MagicLeapMedia
LogPluginManager: Mounting plugin MagicLeapLightEstimation
LogPluginManager: Mounting plugin AndroidMedia
LogPluginManager: Mounting plugin MagicLeapPassableWorld
LogPluginManager: Mounting plugin AvfMedia
LogPluginManager: Mounting plugin MagicLeap
LogPluginManager: Mounting plugin MLSDK
LogPluginManager: Mounting plugin ImgMedia
LogPluginManager: Mounting plugin MediaCompositing
LogPluginManager: Mounting plugin WmfMedia
LogPluginManager: Mounting plugin MediaPlayerEditor
LogPluginManager: Mounting plugin TcpMessaging
LogPluginManager: Mounting plugin UdpMessaging
LogPluginManager: Mounting plugin ActorSequence
LogPluginManager: Mounting plugin WebMMedia
LogPluginManager: Mounting plugin LevelSequenceEditor
LogPluginManager: Mounting plugin MatineeToLevelSequence
LogPluginManager: Mounting plugin OnlineSubsystem
LogPluginManager: Mounting plugin TemplateSequence
LogPluginManager: Mounting plugin OnlineSubsystemNull
LogPluginManager: Mounting plugin OnlineSubsystemUtils
LogPluginManager: Mounting plugin LauncherChunkInstaller
LogPluginManager: Mounting plugin ActorLayerUtilities
LogPluginManager: Mounting plugin AndroidPermission
LogPluginManager: Mounting plugin AndroidDeviceProfileSelector
LogPluginManager: Mounting plugin ArchVisCharacter
LogPluginManager: Mounting plugin AppleImageUtils
LogPluginManager: Mounting plugin AssetTags
LogPluginManager: Mounting plugin AndroidMoviePlayer
LogPluginManager: Mounting plugin ChunkDownloader
LogPluginManager: Mounting plugin AudioSynesthesia
LogPluginManager: Mounting plugin AppleMoviePlayer
LogPluginManager: Mounting plugin AudioCapture
LogPluginManager: Mounting plugin CustomMeshComponent
LogPluginManager: Mounting plugin ExampleDeviceProfileSelector
LogPluginManager: Mounting plugin EditableMesh
LogPluginManager: Mounting plugin GooglePAD
LogPluginManager: Mounting plugin GoogleCloudMessaging
LogPluginManager: Mounting plugin LinuxDeviceProfileSelector
LogPluginManager: Mounting plugin IOSDeviceProfileSelector
LogPluginManager: Mounting plugin LocationServicesBPLibrary
LogPluginManager: Mounting plugin MobilePatchingUtils
LogPluginManager: Mounting plugin OpenXREyeTracker
LogPluginManager: Mounting plugin OpenXR
LogPluginManager: Mounting plugin CableComponent
LogPluginManager: Mounting plugin PhysXVehicles
LogPluginManager: Mounting plugin PostSplashScreen
LogPluginManager: Mounting plugin ProceduralMeshComponent
LogPluginManager: Mounting plugin RuntimePhysXCooking
LogPluginManager: Mounting plugin PropertyAccessEditor
LogPluginManager: Mounting plugin SoundFields
LogPluginManager: Mounting plugin Synthesis
LogPluginManager: Mounting plugin OpenXRHandTracking
LogPluginManager: Mounting plugin WindowsMoviePlayer
LogPluginManager: Mounting plugin Takes
LogPluginManager: Mounting plugin SignificanceManager
LogPluginManager: Mounting plugin ScreenshotTools
LogPluginManager: Mounting plugin AutomationUtils
LogPluginManager: Mounting plugin AlembicImporter
LogPluginManager: Mounting plugin BackChannel
LogPluginManager: Mounting plugin ChaosCloth
LogPluginManager: Mounting plugin ChaosClothEditor
LogPluginManager: Mounting plugin WebMMoviePlayer
LogPluginManager: Mounting plugin ChaosNiagara
LogPluginManager: Mounting plugin ChaosSolverPlugin
LogPluginManager: Mounting plugin CharacterAI
LogPluginManager: Mounting plugin ChaosEditor
LogPluginManager: Mounting plugin GeometryCollectionPlugin
LogPluginManager: Mounting plugin GeometryCache
LogPluginManager: Mounting plugin GeometryProcessing
LogPluginManager: Mounting plugin PlanarCut
LogPluginManager: Mounting plugin PlatformCrypto
LogPluginManager: Mounting plugin MotoSynth
LogPluginManager: Mounting plugin ProxyLODPlugin
LogPluginManager: Mounting plugin SkeletalReduction
LogPluginManager: Mounting plugin PythonScriptPlugin
LogPluginManager: Mounting plugin OpenImageDenoise
LogPluginManager: Mounting plugin ContentBrowserAssetDataSource
LogPluginManager: Mounting plugin ContentBrowserClassDataSource
LogPluginManager: Mounting plugin ContentBrowserFileDataSource
LogPluginManager: Mounting plugin OnlineSubsystemGooglePlay
LogPluginManager: Mounting plugin OnlineSubsystemIOS
LogPluginManager: Mounting plugin SteamVR
LogPluginManager: Mounting plugin OculusVR
PixWinPlugin: PIX capture plugin failed to initialize! Check that the process is launched from PIX.
LogInit: Using libcurl 7.55.1-DEV
LogInit:  - built for x86_64-pc-win32
LogInit:  - supports SSL with OpenSSL/1.1.1
LogInit:  - supports HTTP deflate (compression) using libz 1.2.8
LogInit:  - other features:
LogInit:      CURL_VERSION_SSL
LogInit:      CURL_VERSION_LIBZ
LogInit:      CURL_VERSION_IPV6
LogInit:      CURL_VERSION_ASYNCHDNS
LogInit:      CURL_VERSION_LARGEFILE
LogInit:      CURL_VERSION_IDN
LogInit:  CurlRequestOptions (configurable via config and command line):
LogInit:  - bVerifyPeer = true  - Libcurl will verify peer certificate
LogInit:  - bUseHttpProxy = false  - Libcurl will NOT use HTTP proxy
LogInit:  - bDontReuseConnections = false  - Libcurl will reuse connections
LogInit:  - MaxHostConnections = 16  - Libcurl will limit the number of connections to a host
LogInit:  - LocalHostAddr = Default
LogInit:  - BufferSize = 65536
LogOnline: OSS: Creating online subsystem instance for: NULL
LogInit: WinSock: version 1.1 (2.2), MaxSocks=32767, MaxUdp=65467
LogOnline: OSS: TryLoadSubsystemAndSetDefault: Loaded subsystem for module [NULL]
LogOculusPluginWrapper: OculusPlugin initialized successfully
LogHMD: Failed initializing OVRPlugin 1.59.0
LogInit: Build: ++UE4+Release-4.27-CL-18319896
LogInit: Engine Version: 4.27.2-18319896+++UE4+Release-4.27
LogInit: Compatible Engine Version: 4.27.0-17155196+++UE4+Release-4.27
LogInit: Net CL: 17155196
LogInit: OS: Windows 10 (Release 2009) (), CPU: 13th Gen Intel(R) Core(TM) i7-13650HX, GPU: Intel(R) UHD Graphics
LogInit: Compiled (64-bit): Nov 30 2021 07:12:08
LogInit: Compiled with Visual C++: 19.24.28315.00
LogInit: Build Configuration: Development
LogInit: Branch Name: ++UE4+Release-4.27
LogInit: Command Line:  -AUTH_LOGIN=unused -AUTH_PASSWORD=97e6b73e21f747d386a2e81d3ebb9f7b -AUTH_TYPE=exchangecode -epicapp=UE_4.27 -epicenv=Prod -EpicPortal -epicusername=Xotii -epicuserid=8c0f7f1633984bb789070dad4917d369 -epiclocale=pl -epicsandboxid=ue
LogInit: Base Directory: D:/Epic Games/UE_4.27/Engine/Binaries/Win64/
LogInit: Allocator: TBB
LogInit: Installed Engine Build: 1
LogDevObjectVersion: Number of dev versions registered: 29
LogDevObjectVersion:   Dev-Blueprints (B0D832E4-1F89-4F0D-ACCF-7EB736FD4AA2): 10
LogDevObjectVersion:   Dev-Build (E1C64328-A22C-4D53-A36C-8E866417BD8C): 0
LogDevObjectVersion:   Dev-Core (375EC13C-06E4-48FB-B500-84F0262A717E): 4
LogDevObjectVersion:   Dev-Editor (E4B068ED-F494-42E9-A231-DA0B2E46BB41): 40
LogDevObjectVersion:   Dev-Framework (CFFC743F-43B0-4480-9391-14DF171D2073): 37
LogDevObjectVersion:   Dev-Mobile (B02B49B5-BB20-44E9-A304-32B752E40360): 3
LogDevObjectVersion:   Dev-Networking (A4E4105C-59A1-49B5-A7C5-40C4547EDFEE): 0
LogDevObjectVersion:   Dev-Online (39C831C9-5AE6-47DC-9A44-9C173E1C8E7C): 0
LogDevObjectVersion:   Dev-Physics (78F01B33-EBEA-4F98-B9B4-84EACCB95AA2): 14
LogDevObjectVersion:   Dev-Platform (6631380F-2D4D-43E0-8009-CF276956A95A): 0
LogDevObjectVersion:   Dev-Rendering (12F88B9F-8875-4AFC-A67C-D90C383ABD29): 45
LogDevObjectVersion:   Dev-Sequencer (7B5AE74C-D270-4C10-A958-57980B212A5A): 13
LogDevObjectVersion:   Dev-VR (D7296918-1DD6-4BDD-9DE2-64A83CC13884): 3
LogDevObjectVersion:   Dev-LoadTimes (C2A15278-BFE7-4AFE-6C17-90FF531DF755): 1
LogDevObjectVersion:   Private-Geometry (6EACA3D4-40EC-4CC1-B786-8BED09428FC5): 3
LogDevObjectVersion:   Dev-AnimPhys (29E575DD-E0A3-4627-9D10-D276232CDCEA): 17
LogDevObjectVersion:   Dev-Anim (AF43A65D-7FD3-4947-9873-3E8ED9C1BB05): 15
LogDevObjectVersion:   Dev-ReflectionCapture (6B266CEC-1EC7-4B8F-A30B-E4D90942FC07): 1
LogDevObjectVersion:   Dev-Automation (0DF73D61-A23F-47EA-B727-89E90C41499A): 1
LogDevObjectVersion:   FortniteMain (601D1886-AC64-4F84-AA16-D3DE0DEAC7D6): 47
LogDevObjectVersion:   FortniteRelease (E7086368-6B23-4C58-8439-1B7016265E91): 1
LogDevObjectVersion:   Dev-Enterprise (9DFFBCD6-494F-0158-E221-12823C92A888): 10
LogDevObjectVersion:   Dev-Niagara (F2AED0AC-9AFE-416F-8664-AA7FFA26D6FC): 1
LogDevObjectVersion:   Dev-Destruction (174F1F0B-B4C6-45A5-B13F-2EE8D0FB917D): 10
LogDevObjectVersion:   Dev-Physics-Ext (35F94A83-E258-406C-A318-09F59610247C): 41
LogDevObjectVersion:   Dev-PhysicsMaterial-Chaos (B68FC16E-8B1B-42E2-B453-215C058844FE): 1
LogDevObjectVersion:   Dev-CineCamera (B2E18506-4273-CFC2-A54E-F4BB758BBA07): 1
LogDevObjectVersion:   Dev-VirtualProduction (64F58936-FD1B-42BA-BA96-7289D5D0FA4E): 1
LogDevObjectVersion:   Dev-MediaFramework (6F0ED827-A609-4895-9C91-998D90180EA4): 2
LogInit: Presizing for max 25165824 objects, including 0 objects not considered by GC, pre-allocating 0 bytes for permanent pool.
LogConfig: Applying CVar settings from Section [/Script/Engine.StreamingSettings] File [D:/Repozytoria/UE 4.27/KZ_TopDownShooter/TopDownAC/Saved/Config/Windows/Engine.ini]
LogConfig: Setting CVar [[s.MinBulkDataSizeForAsyncLoading:131072]]
LogConfig: Setting CVar [[s.AsyncLoadingThreadEnabled:0]]
LogConfig: Setting CVar [[s.EventDrivenLoaderEnabled:1]]
LogConfig: Setting CVar [[s.WarnIfTimeLimitExceeded:0]]
LogConfig: Setting CVar [[s.TimeLimitExceededMultiplier:1.5]]
LogConfig: Setting CVar [[s.TimeLimitExceededMinTime:0.005]]
LogConfig: Setting CVar [[s.UseBackgroundLevelStreaming:1]]
LogConfig: Setting CVar [[s.PriorityAsyncLoadingExtraTime:15.0]]
LogConfig: Setting CVar [[s.LevelStreamingActorsUpdateTimeLimit:5.0]]
LogConfig: Setting CVar [[s.PriorityLevelStreamingActorsUpdateExtraTime:5.0]]
LogConfig: Setting CVar [[s.LevelStreamingComponentsRegistrationGranularity:10]]
LogConfig: Setting CVar [[s.UnregisterComponentsTimeLimit:1.0]]
LogConfig: Setting CVar [[s.LevelStreamingComponentsUnregistrationGranularity:5]]
LogConfig: Setting CVar [[s.FlushStreamingOnExit:1]]
LogInit: Object subsystem initialized
LogConfig: Setting CVar [[con.DebugEarlyDefault:1]]
LogConfig: Setting CVar [[r.setres:1280x720]]
[2026.02.11-16.30.40:022][  0]LogConfig: Setting CVar [[r.VSync:0]]
[2026.02.11-16.30.40:022][  0]LogConfig: Setting CVar [[r.RHICmdBypass:0]]
[2026.02.11-16.30.40:022][  0]LogConfig: Applying CVar settings from Section [/Script/Engine.RendererSettings] File [D:/Repozytoria/UE 4.27/KZ_TopDownShooter/TopDownAC/Saved/Config/Windows/Engine.ini]
[2026.02.11-16.30.40:022][  0]LogConfig: Setting CVar [[r.GPUCrashDebugging:0]]
[2026.02.11-16.30.40:022][  0]LogConfig: Applying CVar settings from Section [/Script/Engine.RendererOverrideSettings] File [D:/Repozytoria/UE 4.27/KZ_TopDownShooter/TopDownAC/Saved/Config/Windows/Engine.ini]
[2026.02.11-16.30.40:022][  0]LogConfig: Applying CVar settings from Section [/Script/Engine.StreamingSettings] File [D:/Repozytoria/UE 4.27/KZ_TopDownShooter/TopDownAC/Saved/Config/Windows/Engine.ini]
[2026.02.11-16.30.40:022][  0]LogConfig: Setting CVar [[s.MinBulkDataSizeForAsyncLoading:131072]]
[2026.02.11-16.30.40:022][  0]LogConfig: Setting CVar [[s.AsyncLoadingThreadEnabled:0]]
[2026.02.11-16.30.40:022][  0]LogConfig: Setting CVar [[s.EventDrivenLoaderEnabled:1]]
[2026.02.11-16.30.40:022][  0]LogConfig: Setting CVar [[s.WarnIfTimeLimitExceeded:0]]
[2026.02.11-16.30.40:022][  0]LogConfig: Setting CVar [[s.TimeLimitExceededMultiplier:1.5]]
[2026.02.11-16.30.40:022][  0]LogConfig: Setting CVar [[s.TimeLimitExceededMinTime:0.005]]
[2026.02.11-16.30.40:022][  0]LogConfig: Setting CVar [[s.UseBackgroundLevelStreaming:1]]
[2026.02.11-16.30.40:022][  0]LogConfig: Setting CVar [[s.PriorityAsyncLoadingExtraTime:15.0]]
[2026.02.11-16.30.40:022][  0]LogConfig: Setting CVar [[s.LevelStreamingActorsUpdateTimeLimit:5.0]]
[2026.02.11-16.30.40:022][  0]LogConfig: Setting CVar [[s.PriorityLevelStreamingActorsUpdateExtraTime:5.0]]
[2026.02.11-16.30.40:022][  0]LogConfig: Setting CVar [[s.LevelStreamingComponentsRegistrationGranularity:10]]
[2026.02.11-16.30.40:022][  0]LogConfig: Setting CVar [[s.UnregisterComponentsTimeLimit:1.0]]
[2026.02.11-16.30.40:023][  0]LogConfig: Setting CVar [[s.LevelStreamingComponentsUnregistrationGranularity:5]]
[2026.02.11-16.30.40:023][  0]LogConfig: Setting CVar [[s.FlushStreamingOnExit:1]]
[2026.02.11-16.30.40:023][  0]LogConfig: Applying CVar settings from Section [/Script/Engine.GarbageCollectionSettings] File [D:/Repozytoria/UE 4.27/KZ_TopDownShooter/TopDownAC/Saved/Config/Windows/Engine.ini]
[2026.02.11-16.30.40:023][  0]LogConfig: Setting CVar [[gc.MaxObjectsNotConsideredByGC:1]]
[2026.02.11-16.30.40:023][  0]LogConfig: Setting CVar [[gc.SizeOfPermanentObjectPool:0]]
[2026.02.11-16.30.40:023][  0]LogConfig: Setting CVar [[gc.FlushStreamingOnGC:0]]
[2026.02.11-16.30.40:023][  0]LogConfig: Setting CVar [[gc.NumRetriesBeforeForcingGC:10]]
[2026.02.11-16.30.40:023][  0]LogConfig: Setting CVar [[gc.AllowParallelGC:1]]
[2026.02.11-16.30.40:023][  0]LogConfig: Setting CVar [[gc.TimeBetweenPurgingPendingKillObjects:61.1]]
[2026.02.11-16.30.40:023][  0]LogConfig: Setting CVar [[gc.MaxObjectsInEditor:25165824]]
[2026.02.11-16.30.40:023][  0]LogConfig: Setting CVar [[gc.IncrementalBeginDestroyEnabled:1]]
[2026.02.11-16.30.40:023][  0]LogConfig: Setting CVar [[gc.CreateGCClusters:1]]
[2026.02.11-16.30.40:023][  0]LogConfig: Setting CVar [[gc.MinGCClusterSize:5]]
[2026.02.11-16.30.40:023][  0]LogConfig: Setting CVar [[gc.ActorClusteringEnabled:0]]
[2026.02.11-16.30.40:023][  0]LogConfig: Setting CVar [[gc.BlueprintClusteringEnabled:0]]
[2026.02.11-16.30.40:023][  0]LogConfig: Setting CVar [[gc.UseDisregardForGCOnDedicatedServers:0]]
[2026.02.11-16.30.40:023][  0]LogConfig: Setting CVar [[gc.MultithreadedDestructionEnabled:1]]
[2026.02.11-16.30.40:023][  0]LogConfig: Applying CVar settings from Section [/Script/Engine.NetworkSettings] File [D:/Repozytoria/UE 4.27/KZ_TopDownShooter/TopDownAC/Saved/Config/Windows/Engine.ini]
[2026.02.11-16.30.40:023][  0]LogConfig: Applying CVar settings from Section [/Script/UnrealEd.CookerSettings] File [D:/Repozytoria/UE 4.27/KZ_TopDownShooter/TopDownAC/Saved/Config/Windows/Engine.ini]
[2026.02.11-16.30.40:032][  0]LogConfig: Applying CVar settings from Section [ViewDistanceQuality@3] File [D:/Repozytoria/UE 4.27/KZ_TopDownShooter/TopDownAC/Saved/Config/Windows/Scalability.ini]
[2026.02.11-16.30.40:032][  0]LogConfig: Setting CVar [[r.SkeletalMeshLODBias:0]]
[2026.02.11-16.30.40:032][  0]LogConfig: Setting CVar [[r.ViewDistanceScale:1.0]]
[2026.02.11-16.30.40:032][  0]LogConfig: Applying CVar settings from Section [AntiAliasingQuality@3] File [D:/Repozytoria/UE 4.27/KZ_TopDownShooter/TopDownAC/Saved/Config/Windows/Scalability.ini]
[2026.02.11-16.30.40:032][  0]LogConfig: Setting CVar [[r.PostProcessAAQuality:4]]
[2026.02.11-16.30.40:032][  0]LogConfig: Applying CVar settings from Section [ShadowQuality@3] File [D:/Repozytoria/UE 4.27/KZ_TopDownShooter/TopDownAC/Saved/Config/Windows/Scalability.ini]
[2026.02.11-16.30.40:032][  0]LogConfig: Setting CVar [[r.LightFunctionQuality:1]]
[2026.02.11-16.30.40:032][  0]LogConfig: Setting CVar [[r.ShadowQuality:5]]
[2026.02.11-16.30.40:032][  0]LogConfig: Setting CVar [[r.Shadow.CSM.MaxCascades:10]]
[2026.02.11-16.30.40:032][  0]LogConfig: Setting CVar [[r.Shadow.MaxResolution:2048]]
[2026.02.11-16.30.40:032][  0]LogConfig: Setting CVar [[r.Shadow.MaxCSMResolution:2048]]
[2026.02.11-16.30.40:032][  0]LogConfig: Setting CVar [[r.Shadow.RadiusThreshold:0.01]]
[2026.02.11-16.30.40:032][  0]LogConfig: Setting CVar [[r.Shadow.DistanceScale:1.0]]
[2026.02.11-16.30.40:032][  0]LogConfig: Setting CVar [[r.Shadow.CSM.TransitionScale:1.0]]
[2026.02.11-16.30.40:032][  0]LogConfig: Setting CVar [[r.Shadow.PreShadowResolutionFactor:1.0]]
[2026.02.11-16.30.40:032][  0]LogConfig: Setting CVar [[r.DistanceFieldShadowing:1]]
[2026.02.11-16.30.40:032][  0]LogConfig: Setting CVar [[r.DistanceFieldAO:1]]
[2026.02.11-16.30.40:032][  0]LogConfig: Setting CVar [[r.AOQuality:2]]
[2026.02.11-16.30.40:032][  0]LogConfig: Setting CVar [[r.VolumetricFog:1]]
[2026.02.11-16.30.40:032][  0]LogConfig: Setting CVar [[r.VolumetricFog.GridPixelSize:8]]
[2026.02.11-16.30.40:032][  0]LogConfig: Setting CVar [[r.VolumetricFog.GridSizeZ:128]]
[2026.02.11-16.30.40:032][  0]LogConfig: Setting CVar [[r.VolumetricFog.HistoryMissSupersampleCount:4]]
[2026.02.11-16.30.40:032][  0]LogConfig: Setting CVar [[r.LightMaxDrawDistanceScale:1]]
[2026.02.11-16.30.40:032][  0]LogConfig: Setting CVar [[r.CapsuleShadows:1]]
[2026.02.11-16.30.40:032][  0]LogConfig: Applying CVar settings from Section [PostProcessQuality@3] File [D:/Repozytoria/UE 4.27/KZ_TopDownShooter/TopDownAC/Saved/Config/Windows/Scalability.ini]
[2026.02.11-16.30.40:032][  0]LogConfig: Setting CVar [[r.MotionBlurQuality:4]]
[2026.02.11-16.30.40:032][  0]LogConfig: Setting CVar [[r.AmbientOcclusionMipLevelFactor:0.4]]
[2026.02.11-16.30.40:032][  0]LogConfig: Setting CVar [[r.AmbientOcclusionMaxQuality:100]]
[2026.02.11-16.30.40:032][  0]LogConfig: Setting CVar [[r.AmbientOcclusionLevels:-1]]
[2026.02.11-16.30.40:032][  0]LogConfig: Setting CVar [[r.AmbientOcclusionRadiusScale:1.0]]
[2026.02.11-16.30.40:032][  0]LogConfig: Setting CVar [[r.DepthOfFieldQuality:2]]
[2026.02.11-16.30.40:032][  0]LogConfig: Setting CVar [[r.RenderTargetPoolMin:400]]
[2026.02.11-16.30.40:032][  0]LogConfig: Setting CVar [[r.LensFlareQuality:2]]
[2026.02.11-16.30.40:032][  0]LogConfig: Setting CVar [[r.SceneColorFringeQuality:1]]
[2026.02.11-16.30.40:032][  0]LogConfig: Setting CVar [[r.EyeAdaptationQuality:2]]
[2026.02.11-16.30.40:032][  0]LogConfig: Setting CVar [[r.BloomQuality:5]]
[2026.02.11-16.30.40:032][  0]LogConfig: Setting CVar [[r.FastBlurThreshold:100]]
[2026.02.11-16.30.40:032][  0]LogConfig: Setting CVar [[r.Upscale.Quality:3]]
[2026.02.11-16.30.40:032][  0]LogConfig: Setting CVar [[r.Tonemapper.GrainQuantization:1]]
[2026.02.11-16.30.40:032][  0]LogConfig: Setting CVar [[r.LightShaftQuality:1]]
[2026.02.11-16.30.40:032][  0]LogConfig: Setting CVar [[r.Filter.SizeScale:1]]
[2026.02.11-16.30.40:032][  0]LogConfig: Setting CVar [[r.Tonemapper.Quality:5]]
[2026.02.11-16.30.40:032][  0]LogConfig: Setting CVar [[r.DOF.Gather.AccumulatorQuality:1        ; higher gathering accumulator quality]]
[2026.02.11-16.30.40:032][  0]LogConfig: Setting CVar [[r.DOF.Gather.PostfilterMethod:1          ; Median3x3 postfilering method]]
[2026.02.11-16.30.40:032][  0]LogConfig: Setting CVar [[r.DOF.Gather.EnableBokehSettings:0       ; no bokeh simulation when gathering]]
[2026.02.11-16.30.40:032][  0]LogConfig: Setting CVar [[r.DOF.Gather.RingCount:4                 ; medium number of samples when gathering]]
[2026.02.11-16.30.40:032][  0]LogConfig: Setting CVar [[r.DOF.Scatter.ForegroundCompositing:1    ; additive foreground scattering]]
[2026.02.11-16.30.40:032][  0]LogConfig: Setting CVar [[r.DOF.Scatter.BackgroundCompositing:2    ; additive background scattering]]
[2026.02.11-16.30.40:032][  0]LogConfig: Setting CVar [[r.DOF.Scatter.EnableBokehSettings:1      ; bokeh simulation when scattering]]
[2026.02.11-16.30.40:032][  0]LogConfig: Setting CVar [[r.DOF.Scatter.MaxSpriteRatio:0.1         ; only a maximum of 10% of scattered bokeh]]
[2026.02.11-16.30.40:032][  0]LogConfig: Setting CVar [[r.DOF.Recombine.Quality:1                ; cheap slight out of focus]]
[2026.02.11-16.30.40:032][  0]LogConfig: Setting CVar [[r.DOF.Recombine.EnableBokehSettings:0    ; no bokeh simulation on slight out of focus]]
[2026.02.11-16.30.40:032][  0]LogConfig: Setting CVar [[r.DOF.TemporalAAQuality:1                ; more stable temporal accumulation]]
[2026.02.11-16.30.40:032][  0]LogConfig: Setting CVar [[r.DOF.Kernel.MaxForegroundRadius:0.025]]
[2026.02.11-16.30.40:032][  0]LogConfig: Setting CVar [[r.DOF.Kernel.MaxBackgroundRadius:0.025]]
[2026.02.11-16.30.40:032][  0]LogConfig: Applying CVar settings from Section [TextureQuality@3] File [D:/Repozytoria/UE 4.27/KZ_TopDownShooter/TopDownAC/Saved/Config/Windows/Scalability.ini]
[2026.02.11-16.30.40:032][  0]LogConfig: Setting CVar [[r.Streaming.MipBias:0]]
[2026.02.11-16.30.40:032][  0]LogConfig: Setting CVar [[r.Streaming.AmortizeCPUToGPUCopy:0]]
[2026.02.11-16.30.40:032][  0]LogConfig: Setting CVar [[r.Streaming.MaxNumTexturesToStreamPerFrame:0]]
[2026.02.11-16.30.40:032][  0]LogConfig: Setting CVar [[r.Streaming.Boost:1]]
[2026.02.11-16.30.40:032][  0]LogConfig: Setting CVar [[r.MaxAnisotropy:8]]
[2026.02.11-16.30.40:033][  0]LogConfig: Setting CVar [[r.VT.MaxAnisotropy:8]]
[2026.02.11-16.30.40:033][  0]LogConfig: Setting CVar [[r.Streaming.LimitPoolSizeToVRAM:0]]
[2026.02.11-16.30.40:033][  0]LogConfig: Setting CVar [[r.Streaming.PoolSize:1000]]
[2026.02.11-16.30.40:033][  0]LogConfig: Setting CVar [[r.Streaming.MaxEffectiveScreenSize:0]]
[2026.02.11-16.30.40:033][  0]LogConfig: Applying CVar settings from Section [EffectsQuality@3] File [D:/Repozytoria/UE 4.27/KZ_TopDownShooter/TopDownAC/Saved/Config/Windows/Scalability.ini]
[2026.02.11-16.30.40:033][  0]LogConfig: Setting CVar [[r.TranslucencyLightingVolumeDim:64]]
[2026.02.11-16.30.40:033][  0]LogConfig: Setting CVar [[r.RefractionQuality:2]]
[2026.02.11-16.30.40:033][  0]LogConfig: Setting CVar [[r.SSR.Quality:3]]
[2026.02.11-16.30.40:033][  0]LogConfig: Setting CVar [[r.SSR.HalfResSceneColor:0]]
[2026.02.11-16.30.40:033][  0]LogConfig: Setting CVar [[r.SceneColorFormat:4]]
[2026.02.11-16.30.40:033][  0]LogConfig: Setting CVar [[r.DetailMode:2]]
[2026.02.11-16.30.40:033][  0]LogConfig: Setting CVar [[r.TranslucencyVolumeBlur:1]]
[2026.02.11-16.30.40:033][  0]LogConfig: Setting CVar [[r.MaterialQualityLevel:1 ; High quality]]
[2026.02.11-16.30.40:033][  0]LogConfig: Setting CVar [[r.AnisotropicMaterials:1]]
[2026.02.11-16.30.40:033][  0]LogConfig: Setting CVar [[r.SSS.Scale:1]]
[2026.02.11-16.30.40:033][  0]LogConfig: Setting CVar [[r.SSS.SampleSet:2]]
[2026.02.11-16.30.40:033][  0]LogConfig: Setting CVar [[r.SSS.Quality:1]]
[2026.02.11-16.30.40:033][  0]LogConfig: Setting CVar [[r.SSS.HalfRes:0]]
[2026.02.11-16.30.40:033][  0]LogConfig: Setting CVar [[r.SSGI.Quality:3]]
[2026.02.11-16.30.40:033][  0]LogConfig: Setting CVar [[r.EmitterSpawnRateScale:1.0]]
[2026.02.11-16.30.40:033][  0]LogConfig: Setting CVar [[r.ParticleLightQuality:2]]
[2026.02.11-16.30.40:033][  0]LogConfig: Setting CVar [[r.SkyAtmosphere.AerialPerspectiveLUT.FastApplyOnOpaque:1 ; Always have FastSkyLUT 1 in this case to avoid wrong sky]]
[2026.02.11-16.30.40:033][  0]LogConfig: Setting CVar [[r.SkyAtmosphere.AerialPerspectiveLUT.SampleCountMaxPerSlice:4]]
[2026.02.11-16.30.40:033][  0]LogConfig: Setting CVar [[r.SkyAtmosphere.AerialPerspectiveLUT.DepthResolution:16.0]]
[2026.02.11-16.30.40:033][  0]LogConfig: Setting CVar [[r.SkyAtmosphere.FastSkyLUT:1]]
[2026.02.11-16.30.40:033][  0]LogConfig: Setting CVar [[r.SkyAtmosphere.FastSkyLUT.SampleCountMin:4.0]]
[2026.02.11-16.30.40:033][  0]LogConfig: Setting CVar [[r.SkyAtmosphere.FastSkyLUT.SampleCountMax:128.0]]
[2026.02.11-16.30.40:033][  0]LogConfig: Setting CVar [[r.SkyAtmosphere.SampleCountMin:4.0]]
[2026.02.11-16.30.40:033][  0]LogConfig: Setting CVar [[r.SkyAtmosphere.SampleCountMax:128.0]]
[2026.02.11-16.30.40:033][  0]LogConfig: Setting CVar [[r.SkyAtmosphere.TransmittanceLUT.UseSmallFormat:0]]
[2026.02.11-16.30.40:033][  0]LogConfig: Setting CVar [[r.SkyAtmosphere.TransmittanceLUT.SampleCount:10.0]]
[2026.02.11-16.30.40:033][  0]LogConfig: Setting CVar [[r.SkyAtmosphere.MultiScatteringLUT.SampleCount:15.0]]
[2026.02.11-16.30.40:033][  0]LogConfig: Setting CVar [[r.SkyLight.RealTimeReflectionCapture:1]]
[2026.02.11-16.30.40:033][  0]LogConfig: Applying CVar settings from Section [FoliageQuality@3] File [D:/Repozytoria/UE 4.27/KZ_TopDownShooter/TopDownAC/Saved/Config/Windows/Scalability.ini]
[2026.02.11-16.30.40:033][  0]LogConfig: Setting CVar [[foliage.DensityScale:1.0]]
[2026.02.11-16.30.40:033][  0]LogConfig: Setting CVar [[grass.DensityScale:1.0]]
[2026.02.11-16.30.40:033][  0]LogConfig: Applying CVar settings from Section [ShadingQuality@3] File [D:/Repozytoria/UE 4.27/KZ_TopDownShooter/TopDownAC/Saved/Config/Windows/Scalability.ini]
[2026.02.11-16.30.40:033][  0]LogConfig: Setting CVar [[r.HairStrands.SkyLighting.IntegrationType:2]]
[2026.02.11-16.30.40:033][  0]LogConfig: Setting CVar [[r.HairStrands.SkyAO.SampleCount:4]]
[2026.02.11-16.30.40:033][  0]LogConfig: Setting CVar [[r.HairStrands.Visibility.MSAA.SamplePerPixel:4]]
[2026.02.11-16.30.40:033][  0]LogInit: Selected Device Profile: [Windows]
[2026.02.11-16.30.40:033][  0]LogInit: Applying CVar settings loaded from the selected device profile: [Windows]
[2026.02.11-16.30.40:033][  0]LogHAL: Display: Platform has ~ 32 GB [34007195648 / 34359738368 / 32], which maps to Largest [LargestMinGB=32, LargerMinGB=12, DefaultMinGB=8, SmallerMinGB=6, SmallestMinGB=0)
[2026.02.11-16.30.40:033][  0]LogInit: Going up to parent DeviceProfile []
[2026.02.11-16.30.40:033][  0]LogConfig: Applying CVar settings from Section [ViewDistanceQuality@3] File [D:/Repozytoria/UE 4.27/KZ_TopDownShooter/TopDownAC/Saved/Config/Windows/Scalability.ini]
[2026.02.11-16.30.40:033][  0]LogConfig: Setting CVar [[r.SkeletalMeshLODBias:0]]
[2026.02.11-16.30.40:033][  0]LogConfig: Setting CVar [[r.ViewDistanceScale:1.0]]
[2026.02.11-16.30.40:033][  0]LogConfig: Applying CVar settings from Section [AntiAliasingQuality@3] File [D:/Repozytoria/UE 4.27/KZ_TopDownShooter/TopDownAC/Saved/Config/Windows/Scalability.ini]
[2026.02.11-16.30.40:033][  0]LogConfig: Setting CVar [[r.PostProcessAAQuality:4]]
[2026.02.11-16.30.40:033][  0]LogConfig: Applying CVar settings from Section [ShadowQuality@3] File [D:/Repozytoria/UE 4.27/KZ_TopDownShooter/TopDownAC/Saved/Config/Windows/Scalability.ini]
[2026.02.11-16.30.40:033][  0]LogConfig: Setting CVar [[r.LightFunctionQuality:1]]
[2026.02.11-16.30.40:033][  0]LogConfig: Setting CVar [[r.ShadowQuality:5]]
[2026.02.11-16.30.40:033][  0]LogConfig: Setting CVar [[r.Shadow.CSM.MaxCascades:10]]
[2026.02.11-16.30.40:033][  0]LogConfig: Setting CVar [[r.Shadow.MaxResolution:2048]]
[2026.02.11-16.30.40:033][  0]LogConfig: Setting CVar [[r.Shadow.MaxCSMResolution:2048]]
[2026.02.11-16.30.40:033][  0]LogConfig: Setting CVar [[r.Shadow.RadiusThreshold:0.01]]
[2026.02.11-16.30.40:033][  0]LogConfig: Setting CVar [[r.Shadow.DistanceScale:1.0]]
[2026.02.11-16.30.40:033][  0]LogConfig: Setting CVar [[r.Shadow.CSM.TransitionScale:1.0]]
[2026.02.11-16.30.40:033][  0]LogConfig: Setting CVar [[r.Shadow.PreShadowResolutionFactor:1.0]]
[2026.02.11-16.30.40:033][  0]LogConfig: Setting CVar [[r.DistanceFieldShadowing:1]]
[2026.02.11-16.30.40:033][  0]LogConfig: Setting CVar [[r.DistanceFieldAO:1]]
[2026.02.11-16.30.40:033][  0]LogConfig: Setting CVar [[r.AOQuality:2]]
[2026.02.11-16.30.40:033][  0]LogConfig: Setting CVar [[r.VolumetricFog:1]]
[2026.02.11-16.30.40:033][  0]LogConfig: Setting CVar [[r.VolumetricFog.GridPixelSize:8]]
[2026.02.11-16.30.40:033][  0]LogConfig: Setting CVar [[r.VolumetricFog.GridSizeZ:128]]
[2026.02.11-16.30.40:033][  0]LogConfig: Setting CVar [[r.VolumetricFog.HistoryMissSupersampleCount:4]]
[2026.02.11-16.30.40:033][  0]LogConfig: Setting CVar [[r.LightMaxDrawDistanceScale:1]]
[2026.02.11-16.30.40:033][  0]LogConfig: Setting CVar [[r.CapsuleShadows:1]]
[2026.02.11-16.30.40:033][  0]LogConfig: Applying CVar settings from Section [PostProcessQuality@3] File [D:/Repozytoria/UE 4.27/KZ_TopDownShooter/TopDownAC/Saved/Config/Windows/Scalability.ini]
[2026.02.11-16.30.40:033][  0]LogConfig: Setting CVar [[r.MotionBlurQuality:4]]
[2026.02.11-16.30.40:033][  0]LogConfig: Setting CVar [[r.AmbientOcclusionMipLevelFactor:0.4]]
[2026.02.11-16.30.40:033][  0]LogConfig: Setting CVar [[r.AmbientOcclusionMaxQuality:100]]
[2026.02.11-16.30.40:033][  0]LogConfig: Setting CVar [[r.AmbientOcclusionLevels:-1]]
[2026.02.11-16.30.40:033][  0]LogConfig: Setting CVar [[r.AmbientOcclusionRadiusScale:1.0]]
[2026.02.11-16.30.40:033][  0]LogConfig: Setting CVar [[r.DepthOfFieldQuality:2]]
[2026.02.11-16.30.40:033][  0]LogConfig: Setting CVar [[r.RenderTargetPoolMin:400]]
[2026.02.11-16.30.40:033][  0]LogConfig: Setting CVar [[r.LensFlareQuality:2]]
[2026.02.11-16.30.40:033][  0]LogConfig: Setting CVar [[r.SceneColorFringeQuality:1]]
[2026.02.11-16.30.40:033][  0]LogConfig: Setting CVar [[r.EyeAdaptationQuality:2]]
[2026.02.11-16.30.40:033][  0]LogConfig: Setting CVar [[r.BloomQuality:5]]
[2026.02.11-16.30.40:033][  0]LogConfig: Setting CVar [[r.FastBlurThreshold:100]]
[2026.02.11-16.30.40:033][  0]LogConfig: Setting CVar [[r.Upscale.Quality:3]]
[2026.02.11-16.30.40:033][  0]LogConfig: Setting CVar [[r.Tonemapper.GrainQuantization:1]]
[2026.02.11-16.30.40:033][  0]LogConfig: Setting CVar [[r.LightShaftQuality:1]]
[2026.02.11-16.30.40:033][  0]LogConfig: Setting CVar [[r.Filter.SizeScale:1]]
[2026.02.11-16.30.40:033][  0]LogConfig: Setting CVar [[r.Tonemapper.Quality:5]]
[2026.02.11-16.30.40:033][  0]LogConfig: Setting CVar [[r.DOF.Gather.AccumulatorQuality:1        ; higher gathering accumulator quality]]
[2026.02.11-16.30.40:033][  0]LogConfig: Setting CVar [[r.DOF.Gather.PostfilterMethod:1          ; Median3x3 postfilering method]]
[2026.02.11-16.30.40:033][  0]LogConfig: Setting CVar [[r.DOF.Gather.EnableBokehSettings:0       ; no bokeh simulation when gathering]]
[2026.02.11-16.30.40:033][  0]LogConfig: Setting CVar [[r.DOF.Gather.RingCount:4                 ; medium number of samples when gathering]]
[2026.02.11-16.30.40:033][  0]LogConfig: Setting CVar [[r.DOF.Scatter.ForegroundCompositing:1    ; additive foreground scattering]]
[2026.02.11-16.30.40:033][  0]LogConfig: Setting CVar [[r.DOF.Scatter.BackgroundCompositing:2    ; additive background scattering]]
[2026.02.11-16.30.40:033][  0]LogConfig: Setting CVar [[r.DOF.Scatter.EnableBokehSettings:1      ; bokeh simulation when scattering]]
[2026.02.11-16.30.40:033][  0]LogConfig: Setting CVar [[r.DOF.Scatter.MaxSpriteRatio:0.1         ; only a maximum of 10% of scattered bokeh]]
[2026.02.11-16.30.40:033][  0]LogConfig: Setting CVar [[r.DOF.Recombine.Quality:1                ; cheap slight out of focus]]
[2026.02.11-16.30.40:033][  0]LogConfig: Setting CVar [[r.DOF.Recombine.EnableBokehSettings:0    ; no bokeh simulation on slight out of focus]]
[2026.02.11-16.30.40:033][  0]LogConfig: Setting CVar [[r.DOF.TemporalAAQuality:1                ; more stable temporal accumulation]]
[2026.02.11-16.30.40:033][  0]LogConfig: Setting CVar [[r.DOF.Kernel.MaxForegroundRadius:0.025]]
[2026.02.11-16.30.40:033][  0]LogConfig: Setting CVar [[r.DOF.Kernel.MaxBackgroundRadius:0.025]]
[2026.02.11-16.30.40:033][  0]LogConfig: Applying CVar settings from Section [TextureQuality@3] File [D:/Repozytoria/UE 4.27/KZ_TopDownShooter/TopDownAC/Saved/Config/Windows/Scalability.ini]
[2026.02.11-16.30.40:033][  0]LogConfig: Setting CVar [[r.Streaming.MipBias:0]]
[2026.02.11-16.30.40:033][  0]LogConfig: Setting CVar [[r.Streaming.AmortizeCPUToGPUCopy:0]]
[2026.02.11-16.30.40:033][  0]LogConfig: Setting CVar [[r.Streaming.MaxNumTexturesToStreamPerFrame:0]]
[2026.02.11-16.30.40:033][  0]LogConfig: Setting CVar [[r.Streaming.Boost:1]]
[2026.02.11-16.30.40:033][  0]LogConfig: Setting CVar [[r.MaxAnisotropy:8]]
[2026.02.11-16.30.40:033][  0]LogConfig: Setting CVar [[r.VT.MaxAnisotropy:8]]
[2026.02.11-16.30.40:033][  0]LogConfig: Setting CVar [[r.Streaming.LimitPoolSizeToVRAM:0]]
[2026.02.11-16.30.40:033][  0]LogConfig: Setting CVar [[r.Streaming.PoolSize:1000]]
[2026.02.11-16.30.40:033][  0]LogConfig: Setting CVar [[r.Streaming.MaxEffectiveScreenSize:0]]
[2026.02.11-16.30.40:033][  0]LogConfig: Applying CVar settings from Section [EffectsQuality@3] File [D:/Repozytoria/UE 4.27/KZ_TopDownShooter/TopDownAC/Saved/Config/Windows/Scalability.ini]
[2026.02.11-16.30.40:033][  0]LogConfig: Setting CVar [[r.TranslucencyLightingVolumeDim:64]]
[2026.02.11-16.30.40:033][  0]LogConfig: Setting CVar [[r.RefractionQuality:2]]
[2026.02.11-16.30.40:033][  0]LogConfig: Setting CVar [[r.SSR.Quality:3]]
[2026.02.11-16.30.40:033][  0]LogConfig: Setting CVar [[r.SSR.HalfResSceneColor:0]]
[2026.02.11-16.30.40:033][  0]LogConfig: Setting CVar [[r.SceneColorFormat:4]]
[2026.02.11-16.30.40:033][  0]LogConfig: Setting CVar [[r.DetailMode:2]]
[2026.02.11-16.30.40:033][  0]LogConfig: Setting CVar [[r.TranslucencyVolumeBlur:1]]
[2026.02.11-16.30.40:033][  0]LogConfig: Setting CVar [[r.MaterialQualityLevel:1 ; High quality]]
[2026.02.11-16.30.40:033][  0]LogConfig: Setting CVar [[r.AnisotropicMaterials:1]]
[2026.02.11-16.30.40:033][  0]LogConfig: Setting CVar [[r.SSS.Scale:1]]
[2026.02.11-16.30.40:033][  0]LogConfig: Setting CVar [[r.SSS.SampleSet:2]]
[2026.02.11-16.30.40:033][  0]LogConfig: Setting CVar [[r.SSS.Quality:1]]
[2026.02.11-16.30.40:033][  0]LogConfig: Setting CVar [[r.SSS.HalfRes:0]]
[2026.02.11-16.30.40:033][  0]LogConfig: Setting CVar [[r.SSGI.Quality:3]]
[2026.02.11-16.30.40:033][  0]LogConfig: Setting CVar [[r.EmitterSpawnRateScale:1.0]]
[2026.02.11-16.30.40:033][  0]LogConfig: Setting CVar [[r.ParticleLightQuality:2]]
[2026.02.11-16.30.40:033][  0]LogConfig: Setting CVar [[r.SkyAtmosphere.AerialPerspectiveLUT.FastApplyOnOpaque:1 ; Always have FastSkyLUT 1 in this case to avoid wrong sky]]
[2026.02.11-16.30.40:033][  0]LogConfig: Setting CVar [[r.SkyAtmosphere.AerialPerspectiveLUT.SampleCountMaxPerSlice:4]]
[2026.02.11-16.30.40:033][  0]LogConfig: Setting CVar [[r.SkyAtmosphere.AerialPerspectiveLUT.DepthResolution:16.0]]
[2026.02.11-16.30.40:033][  0]LogConfig: Setting CVar [[r.SkyAtmosphere.FastSkyLUT:1]]
[2026.02.11-16.30.40:033][  0]LogConfig: Setting CVar [[r.SkyAtmosphere.FastSkyLUT.SampleCountMin:4.0]]
[2026.02.11-16.30.40:033][  0]LogConfig: Setting CVar [[r.SkyAtmosphere.FastSkyLUT.SampleCountMax:128.0]]
[2026.02.11-16.30.40:033][  0]LogConfig: Setting CVar [[r.SkyAtmosphere.SampleCountMin:4.0]]
[2026.02.11-16.30.40:033][  0]LogConfig: Setting CVar [[r.SkyAtmosphere.SampleCountMax:128.0]]
[2026.02.11-16.30.40:033][  0]LogConfig: Setting CVar [[r.SkyAtmosphere.TransmittanceLUT.UseSmallFormat:0]]
[2026.02.11-16.30.40:033][  0]LogConfig: Setting CVar [[r.SkyAtmosphere.TransmittanceLUT.SampleCount:10.0]]
[2026.02.11-16.30.40:033][  0]LogConfig: Setting CVar [[r.SkyAtmosphere.MultiScatteringLUT.SampleCount:15.0]]
[2026.02.11-16.30.40:033][  0]LogConfig: Setting CVar [[r.SkyLight.RealTimeReflectionCapture:1]]
[2026.02.11-16.30.40:033][  0]LogConfig: Applying CVar settings from Section [FoliageQuality@3] File [D:/Repozytoria/UE 4.27/KZ_TopDownShooter/TopDownAC/Saved/Config/Windows/Scalability.ini]
[2026.02.11-16.30.40:033][  0]LogConfig: Setting CVar [[foliage.DensityScale:1.0]]
[2026.02.11-16.30.40:033][  0]LogConfig: Setting CVar [[grass.DensityScale:1.0]]
[2026.02.11-16.30.40:033][  0]LogConfig: Applying CVar settings from Section [ShadingQuality@3] File [D:/Repozytoria/UE 4.27/KZ_TopDownShooter/TopDownAC/Saved/Config/Windows/Scalability.ini]
[2026.02.11-16.30.40:033][  0]LogConfig: Setting CVar [[r.HairStrands.SkyLighting.IntegrationType:2]]
[2026.02.11-16.30.40:033][  0]LogConfig: Setting CVar [[r.HairStrands.SkyAO.SampleCount:4]]
[2026.02.11-16.30.40:033][  0]LogConfig: Setting CVar [[r.HairStrands.Visibility.MSAA.SamplePerPixel:4]]
[2026.02.11-16.30.40:033][  0]LogConfig: Applying CVar settings from Section [Startup] File [../../../Engine/Config/ConsoleVariables.ini]
[2026.02.11-16.30.40:033][  0]LogConfig: Setting CVar [[net.UseAdaptiveNetUpdateFrequency:0]]
[2026.02.11-16.30.40:033][  0]LogConfig: Setting CVar [[p.chaos.AllowCreatePhysxBodies:1]]
[2026.02.11-16.30.40:033][  0]LogConfig: Setting CVar [[fx.SkipVectorVMBackendOptimizations:1]]
[2026.02.11-16.30.40:033][  0]LogConfig: Applying CVar settings from Section [ConsoleVariables] File [D:/Repozytoria/UE 4.27/KZ_TopDownShooter/TopDownAC/Saved/Config/Windows/Engine.ini]
[2026.02.11-16.30.40:033][  0]LogConfig: Applying CVar settings from Section [ConsoleVariables] File [D:/Repozytoria/UE 4.27/KZ_TopDownShooter/TopDownAC/Saved/Config/Windows/Editor.ini]
[2026.02.11-16.30.40:033][  0]LogInit: Computer: LAPTOP-AN92MERF
[2026.02.11-16.30.40:033][  0]LogInit: User: harry
[2026.02.11-16.30.40:033][  0]LogInit: CPU Page size=4096, Cores=14
[2026.02.11-16.30.40:033][  0]LogInit: High frequency timer resolution =10.000000 MHz
[2026.02.11-16.30.40:033][  0]LogMemory: Memory total: Physical=31.7GB (32GB approx)
[2026.02.11-16.30.40:033][  0]LogMemory: Platform Memory Stats for Windows
[2026.02.11-16.30.40:033][  0]LogMemory: Process Physical Memory: 154.29 MB used, 154.29 MB peak
[2026.02.11-16.30.40:033][  0]LogMemory: Process Virtual Memory: 135.59 MB used, 135.59 MB peak
[2026.02.11-16.30.40:033][  0]LogMemory: Physical Memory: 15726.66 MB used,  16705.13 MB free, 32431.79 MB total
[2026.02.11-16.30.40:033][  0]LogMemory: Virtual Memory: 134202544.00 MB used,  15182.05 MB free, 134217728.00 MB total
[2026.02.11-16.30.40:039][  0]LogWindows: WindowsPlatformFeatures enabled
[2026.02.11-16.30.40:067][  0]LogInit: Physics initialised using underlying interface: PhysX
[2026.02.11-16.30.40:067][  0]LogInit: Using OS detected language (pl-PL).
[2026.02.11-16.30.40:067][  0]LogInit: Using OS detected locale (pl-PL).
[2026.02.11-16.30.40:068][  0]LogTextLocalizationManager: No specific localization for 'pl-PL' exists, so the 'pl' localization will be used.
[2026.02.11-16.30.40:068][  0]LogTextLocalizationResource: LocRes '../../../Engine/Content/Localization/Editor/pl/Editor.locres' could not be opened for reading!
[2026.02.11-16.30.40:068][  0]LogTextLocalizationResource: LocRes '../../../Engine/Content/Localization/EditorTutorials/pl/EditorTutorials.locres' could not be opened for reading!
[2026.02.11-16.30.40:068][  0]LogTextLocalizationResource: LocRes '../../../Engine/Content/Localization/Keywords/pl/Keywords.locres' could not be opened for reading!
[2026.02.11-16.30.40:068][  0]LogTextLocalizationResource: LocRes '../../../Engine/Content/Localization/Category/pl/Category.locres' could not be opened for reading!
[2026.02.11-16.30.40:068][  0]LogTextLocalizationResource: LocRes '../../../Engine/Content/Localization/ToolTips/pl/ToolTips.locres' could not be opened for reading!
[2026.02.11-16.30.40:068][  0]LogTextLocalizationResource: LocRes '../../../Engine/Content/Localization/PropertyNames/pl/PropertyNames.locres' could not be opened for reading!
[2026.02.11-16.30.40:068][  0]LogTextLocalizationResource: LocRes '../../../Engine/Content/Localization/Engine/pl/Engine.locres' could not be opened for reading!
[2026.02.11-16.30.40:068][  0]LogInit: Setting process to per monitor DPI aware
[2026.02.11-16.30.40:081][  0]LogWindowsTextInputMethodSystem: Display: IME system deactivated.
[2026.02.11-16.30.40:091][  0]LogSlate: New Slate User Created.  User Index 0, Is Virtual User: 0
[2026.02.11-16.30.40:091][  0]LogSlate: Slate User Registered.  User Index 0, Is Virtual User: 0
[2026.02.11-16.30.40:159][  0]LogD3D11RHI: Loaded GFSDK_Aftermath_Lib.x64.dll
[2026.02.11-16.30.40:208][  0]LogHMD: Failed to initialize OpenVR with code 110
[2026.02.11-16.30.40:208][  0]LogD3D11RHI: D3D11 min allowed feature level: 11_0
[2026.02.11-16.30.40:208][  0]LogD3D11RHI: D3D11 max allowed feature level: 11_0
[2026.02.11-16.30.40:208][  0]LogD3D11RHI: D3D11 adapters:
[2026.02.11-16.30.40:405][  0]LogD3D11RHI:    0. 'NVIDIA GeForce RTX 4060 Laptop GPU' (Feature Level 11_0)
[2026.02.11-16.30.40:405][  0]LogD3D11RHI:       7957/0/16215 MB DedicatedVideo/DedicatedSystem/SharedSystem, Outputs:2, VendorId:0x10de
[2026.02.11-16.30.40:426][  0]LogD3D11RHI:    1. 'Intel(R) UHD Graphics' (Feature Level 11_0)
[2026.02.11-16.30.40:426][  0]LogD3D11RHI:       128/0/16215 MB DedicatedVideo/DedicatedSystem/SharedSystem, Outputs:0, VendorId:0x8086
[2026.02.11-16.30.40:428][  0]LogD3D11RHI:    2. 'Microsoft Basic Render Driver' (Feature Level 11_0)
[2026.02.11-16.30.40:428][  0]LogD3D11RHI:       0/0/16215 MB DedicatedVideo/DedicatedSystem/SharedSystem, Outputs:0, VendorId:0x1414
[2026.02.11-16.30.40:428][  0]LogD3D11RHI: Chosen D3D11 Adapter:
[2026.02.11-16.30.40:428][  0]LogD3D11RHI:     Description : NVIDIA GeForce RTX 4060 Laptop GPU
[2026.02.11-16.30.40:428][  0]LogD3D11RHI:     VendorId    : 10de
[2026.02.11-16.30.40:428][  0]LogD3D11RHI:     DeviceId    : 28e0
[2026.02.11-16.30.40:428][  0]LogD3D11RHI:     SubSysId    : 96011458
[2026.02.11-16.30.40:428][  0]LogD3D11RHI:     Revision    : 00a1
[2026.02.11-16.30.40:428][  0]LogD3D11RHI:     DedicatedVideoMemory : 8343519232 bytes
[2026.02.11-16.30.40:428][  0]LogD3D11RHI:     DedicatedSystemMemory : 0 bytes
[2026.02.11-16.30.40:428][  0]LogD3D11RHI:     SharedSystemMemory : 17003597824 bytes
[2026.02.11-16.30.40:428][  0]LogD3D11RHI:     AdapterLuid : 0 80599
[2026.02.11-16.30.40:433][  0]LogD3D11RHI: Creating new Direct3DDevice
[2026.02.11-16.30.40:433][  0]LogD3D11RHI:     GPU DeviceId: 0x28e0 (for the marketing name, search the web for "GPU Device Id")
[2026.02.11-16.30.40:433][  0]LogWindows: EnumDisplayDevices:
[2026.02.11-16.30.40:433][  0]LogWindows:    0. 'Intel(R) UHD Graphics' (P:1 D:1)
[2026.02.11-16.30.40:433][  0]LogWindows:    1. 'Intel(R) UHD Graphics' (P:0 D:1)
[2026.02.11-16.30.40:435][  0]LogWindows:    2. 'Intel(R) UHD Graphics' (P:0 D:0)
[2026.02.11-16.30.40:435][  0]LogWindows:    3. 'Intel(R) UHD Graphics' (P:0 D:0)
[2026.02.11-16.30.40:435][  0]LogWindows:    4. 'NVIDIA GeForce RTX 4060 Laptop GPU' (P:0 D:0)
[2026.02.11-16.30.40:435][  0]LogWindows:    5. 'NVIDIA GeForce RTX 4060 Laptop GPU' (P:0 D:0)
[2026.02.11-16.30.40:435][  0]LogWindows:    6. 'NVIDIA GeForce RTX 4060 Laptop GPU' (P:0 D:0)
[2026.02.11-16.30.40:435][  0]LogWindows:    7. 'NVIDIA GeForce RTX 4060 Laptop GPU' (P:0 D:0)
[2026.02.11-16.30.40:435][  0]LogWindows: DebugString: PrimaryIsNotTheChoosenAdapter PrimaryIsNotTheChoosenAdapter PrimaryIsNotTheChoosenAdapter PrimaryIsNotTheChoosenAdapter FoundDriverCount:4 
[2026.02.11-16.30.40:435][  0]LogD3D11RHI:     Adapter Name: NVIDIA GeForce RTX 4060 Laptop GPU
[2026.02.11-16.30.40:435][  0]LogD3D11RHI:   Driver Version: 581.60 (internal:32.0.15.8160, unified:581.60)
[2026.02.11-16.30.40:435][  0]LogD3D11RHI:      Driver Date: 10-12-2025
[2026.02.11-16.30.40:435][  0]LogRHI: Texture pool is 5569 MB (70% of 7957 MB)
[2026.02.11-16.30.40:435][  0]LogD3D11RHI: Creating D3DDevice using adapter:
[2026.02.11-16.30.40:435][  0]LogD3D11RHI:     Description : NVIDIA GeForce RTX 4060 Laptop GPU
[2026.02.11-16.30.40:435][  0]LogD3D11RHI:     VendorId    : 10de
[2026.02.11-16.30.40:435][  0]LogD3D11RHI:     DeviceId    : 28e0
[2026.02.11-16.30.40:435][  0]LogD3D11RHI:     SubSysId    : 96011458
[2026.02.11-16.30.40:435][  0]LogD3D11RHI:     Revision    : 00a1
[2026.02.11-16.30.40:435][  0]LogD3D11RHI:     DedicatedVideoMemory : 8343519232 bytes
[2026.02.11-16.30.40:435][  0]LogD3D11RHI:     DedicatedSystemMemory : 0 bytes
[2026.02.11-16.30.40:435][  0]LogD3D11RHI:     SharedSystemMemory : 17003597824 bytes
[2026.02.11-16.30.40:435][  0]LogD3D11RHI:     AdapterLuid : 0 80599
[2026.02.11-16.30.40:532][  0]LogD3D11RHI: RHI has support for 64 bit atomics
[2026.02.11-16.30.40:532][  0]LogD3D11RHI: Async texture creation enabled
[2026.02.11-16.30.40:532][  0]LogD3D11RHI: Array index from any shader is supported
[2026.02.11-16.30.40:550][  0]LogD3D11RHI: GPU Timing Frequency: 1000.000000 (Debug: 2 2)
[2026.02.11-16.30.40:569][  0]LogRHI: GeForceNow SDK initialized: 1
[2026.02.11-16.30.40:797][  0]LogTargetPlatformManager: Display: Loaded TargetPlatform 'AllDesktop'
[2026.02.11-16.30.40:814][  0]LogTargetPlatformManager: Display: Loaded TargetPlatform 'Android'
[2026.02.11-16.30.40:814][  0]LogTargetPlatformManager: Display: Loaded TargetPlatform 'Android_ASTC'
[2026.02.11-16.30.40:814][  0]LogTargetPlatformManager: Display: Loaded TargetPlatform 'Android_DXT'
[2026.02.11-16.30.40:814][  0]LogTargetPlatformManager: Display: Loaded TargetPlatform 'Android_ETC2'
[2026.02.11-16.30.40:814][  0]LogTargetPlatformManager: Display: Loaded TargetPlatform 'AndroidClient'
[2026.02.11-16.30.40:814][  0]LogTargetPlatformManager: Display: Loaded TargetPlatform 'Android_ASTCClient'
[2026.02.11-16.30.40:814][  0]LogTargetPlatformManager: Display: Loaded TargetPlatform 'Android_DXTClient'
[2026.02.11-16.30.40:814][  0]LogTargetPlatformManager: Display: Loaded TargetPlatform 'Android_ETC2Client'
[2026.02.11-16.30.40:814][  0]LogTargetPlatformManager: Display: Loaded TargetPlatform 'Android_Multi'
[2026.02.11-16.30.40:814][  0]LogTargetPlatformManager: Display: Loaded TargetPlatform 'Android_MultiClient'
[2026.02.11-16.30.40:831][  0]LogTargetPlatformManager: Display: Loaded TargetPlatform 'IOSClient'
[2026.02.11-16.30.40:831][  0]LogTargetPlatformManager: Display: Loaded TargetPlatform 'IOS'
[2026.02.11-16.30.40:837][  0]LogTargetPlatformManager: Display: Loaded TargetPlatform 'Linux'
[2026.02.11-16.30.40:841][  0]LogTargetPlatformManager: Display: Loaded TargetPlatform 'LinuxNoEditor'
[2026.02.11-16.30.40:845][  0]LogTargetPlatformManager: Display: Loaded TargetPlatform 'LinuxClient'
[2026.02.11-16.30.40:848][  0]LogTargetPlatformManager: Display: Loaded TargetPlatform 'LinuxServer'
[2026.02.11-16.30.40:856][  0]LogTargetPlatformManager: Display: Loaded TargetPlatform 'LinuxAArch64NoEditor'
[2026.02.11-16.30.40:860][  0]LogTargetPlatformManager: Display: Loaded TargetPlatform 'LinuxAArch64Client'
[2026.02.11-16.30.40:863][  0]LogTargetPlatformManager: Display: Loaded TargetPlatform 'LinuxAArch64Server'
[2026.02.11-16.30.40:883][  0]LogTargetPlatformManager: Display: Loaded TargetPlatform 'Lumin'
[2026.02.11-16.30.40:883][  0]LogTargetPlatformManager: Display: Loaded TargetPlatform 'LuminClient'
[2026.02.11-16.30.40:890][  0]LogTargetPlatformManager: Display: Loaded TargetPlatform 'MacNoEditor'
[2026.02.11-16.30.40:894][  0]LogTargetPlatformManager: Display: Loaded TargetPlatform 'Mac'
[2026.02.11-16.30.40:897][  0]LogTargetPlatformManager: Display: Loaded TargetPlatform 'MacClient'
[2026.02.11-16.30.40:901][  0]LogTargetPlatformManager: Display: Loaded TargetPlatform 'MacServer'
[2026.02.11-16.30.40:909][  0]LogTargetPlatformManager: Display: Loaded TargetPlatform 'TVOSClient'
[2026.02.11-16.30.40:909][  0]LogTargetPlatformManager: Display: Loaded TargetPlatform 'TVOS'
[2026.02.11-16.30.40:915][  0]LogTargetPlatformManager: Display: Loaded TargetPlatform 'WindowsNoEditor'
[2026.02.11-16.30.40:920][  0]LogTargetPlatformManager: Display: Loaded TargetPlatform 'Windows'
[2026.02.11-16.30.40:923][  0]LogTargetPlatformManager: Display: Loaded TargetPlatform 'WindowsClient'
[2026.02.11-16.30.40:926][  0]LogTargetPlatformManager: Display: Loaded TargetPlatform 'WindowsServer'
[2026.02.11-16.30.40:926][  0]LogTargetPlatformManager: Display: Building Assets For Windows
[2026.02.11-16.30.40:931][  0]LogAudioDebug: Display: Lib vorbis DLL was dynamically loaded.
[2026.02.11-16.30.40:951][  0]LogTextureFormatOodle: Display: Oodle Texture 2.9.0 init RDO Off
[2026.02.11-16.30.40:976][  0]LogRendererCore: Ray tracing is disabled. Reason: r.RayTracing=0.
[2026.02.11-16.30.40:976][  0]LogShaderCompilers: Guid format shader working directory is -17 characters bigger than the processId version (../../../../../Repozytoria/UE 4.27/KZ_TopDownShooter/TopDownAC/Intermediate/Shaders/WorkingDirectory/22492/).
[2026.02.11-16.30.40:976][  0]LogShaderCompilers: Cleaned the shader compiler working directory 'C:/Users/harry/AppData/Local/Temp/UnrealShaderWorkingDir/78869B334E3E017A310E87B510CB51B7/'.
[2026.02.11-16.30.40:976][  0]LogXGEController: Cannot use XGE Controller as Incredibuild is not installed on this machine.
[2026.02.11-16.30.40:977][  0]LogShaderCompilers: Cannot use XGE Shader Compiler as Incredibuild is not installed on this machine.
[2026.02.11-16.30.40:977][  0]LogShaderCompilers: Display: Using Local Shader Compiler.
[2026.02.11-16.30.41:543][  0]LogDerivedDataCache: Display: Max Cache Size: 512 MB
[2026.02.11-16.30.41:595][  0]LogDerivedDataCache: Loaded boot cache 0.05s 94MB C:/Users/harry/AppData/Local/UnrealEngine/4.27/DerivedDataCache/Boot.ddc.
[2026.02.11-16.30.41:595][  0]LogDerivedDataCache: Display: Loaded Boot cache: C:/Users/harry/AppData/Local/UnrealEngine/4.27/DerivedDataCache/Boot.ddc
[2026.02.11-16.30.41:595][  0]LogDerivedDataCache: FDerivedDataBackendGraph:  Pak pak cache file ../../../../../Repozytoria/UE 4.27/KZ_TopDownShooter/TopDownAC/DerivedDataCache/DDC.ddp not found, will not use a pak cache.
[2026.02.11-16.30.41:595][  0]LogDerivedDataCache: Unable to find inner node Pak for hierarchical cache Hierarchy.
[2026.02.11-16.30.41:595][  0]LogDerivedDataCache: FDerivedDataBackendGraph:  CompressedPak pak cache file ../../../../../Repozytoria/UE 4.27/KZ_TopDownShooter/TopDownAC/DerivedDataCache/Compressed.ddp not found, will not use a pak cache.
[2026.02.11-16.30.41:595][  0]LogDerivedDataCache: Unable to find inner node CompressedPak for hierarchical cache Hierarchy.
[2026.02.11-16.30.41:607][  0]LogDerivedDataCache: Display: Pak cache opened for reading ../../../Engine/DerivedDataCache/Compressed.ddp.
[2026.02.11-16.30.41:608][  0]LogDerivedDataCache: FDerivedDataBackendGraph:  EnterprisePak pak cache file ../../../Enterprise/DerivedDataCache/Compressed.ddp not found, will not use a pak cache.
[2026.02.11-16.30.41:608][  0]LogDerivedDataCache: Unable to find inner node EnterprisePak for hierarchical cache Hierarchy.
[2026.02.11-16.30.41:613][  0]LogDerivedDataCache: Speed tests for C:/Users/harry/AppData/Local/UnrealEngine/Common/DerivedDataCache took 0.00 seconds
[2026.02.11-16.30.41:613][  0]LogDerivedDataCache: Display: Performance to C:/Users/harry/AppData/Local/UnrealEngine/Common/DerivedDataCache: Latency=0.02ms. RandomReadSpeed=1622.77MBs, RandomWriteSpeed=229.97MBs. Assigned SpeedClass 'Local'
[2026.02.11-16.30.41:613][  0]LogDerivedDataCache: Using Local data cache path C:/Users/harry/AppData/Local/UnrealEngine/Common/DerivedDataCache: Writable
[2026.02.11-16.30.41:613][  0]LogDerivedDataCache: Shared data cache path not found in *engine.ini, will not use an Shared cache.
[2026.02.11-16.30.41:613][  0]LogDerivedDataCache: Unable to find inner node Shared for hierarchical cache Hierarchy.
[2026.02.11-16.30.41:646][  0]LogSlate: Using FreeType 2.10.0
[2026.02.11-16.30.41:646][  0]LogSlate: SlateFontServices - WITH_FREETYPE: 1, WITH_HARFBUZZ: 1
[2026.02.11-16.30.41:678][  0]LogAssetRegistry: FAssetRegistry took 0.0032 seconds to start up
[2026.02.11-16.30.41:836][  0]LogInit: Selected Device Profile: [Windows]
[2026.02.11-16.30.41:836][  0]LogInit: Active device profile: [000001D3FD044700][000001D3FB1DB180 49] Windows
[2026.02.11-16.30.41:836][  0]LogInit: Profiles: [000001D3FD044700][000001D3FB1DB180 49] Windows, [000001D3FCFF7700][000001D3F4B1D300 49] WindowsNoEditor, [000001D3FD047300][000001D3FD2FD480 49] WindowsServer, [000001D3FCFF4F00][000001D3FD301600 49] WindowsClient, [000001D3FD047500][000001D3FD305780 49] IOS, [000001D3FCFF3F00][000001D3FD309900 49] iPadAir, [000001D3FCFF7B00][000001D3FD30DA80 49] iPadAir2, [000001D3FCFB0500][000001D3FD3141C0 49] IPadPro, [000001D3FCFB0600][000001D3FD310200 49] iPadAir3, [000001D3FCFF0100][000001D3FD318380 49] iPadAir4, [000001D3FCFB2C00][000001D3FD31C500 49] iPadMini2, [000001D3FCFF2500][000001D3FD320680 49] iPadMini3, [000001D3FCFB3400][000001D3F4B187C0 49] iPadMini4, [000001D3FCFF0F00][000001D3FD324900 49] iPadMini5, [000001D3FCFA3E00][000001D3FD32CB40 49] iPhone6, [000001D3FCFA3F00][000001D3FD328B80 49] iPodTouch6, [000001D3FD047900][000001D3FD338E40 49] iPhone7, [000001D3FD046100][000001D3FD334E80 49] iPodTouch7, [000001D3FCFA0400][000001D3FD33D000 49] iPhone5S, [000001D3FCFB3D00][000001D3FD341180 49] iPhone6Plus, [000001D3FD047400][000001D3FD345300 49] iPhone6S, [000001D3FCFB2000][000001D3FD349480 49] iPhone6SPlus, [000001D3FD044900][000001D3FD34D600 49] iPhone7Plus, [000001D3FCFB0E00][000001D3FD351780 49] iPhoneSE, [000001D3FD044200][000001D3FD355900 49] iPhone8, [000001D3FCFB2400][000001D3FD359A80 49] iPhone8Plus, [000001D3FD045E00][000001D3FD35DC00 49] iPhoneX, [000001D3FCFB3E00][000001D3FD360200 49] iPhoneXS, [000001D3FD045600][000001D3FD364380 49] iPhoneXSMax, [000001D3FCFB2500][000001D3FD368500 49] iPhoneXR, [000001D3FD046A00][000001D3FD36C680 49] iPhone11, [000001D3FCFB3A00][000001D3FD370800 49] iPhone11Pro, [000001D3FD044F00][000001D3FD330940 49] iPhone11ProMax, [000001D3FCFB2300][000001D3FD374A80 49] iPhoneSE2, [000001D3FD046700][000001D3FD378BC0 49] iPhone12Mini, [000001D3FCFB0700][000001D3FD37CD00 49] iPhone12, [000001D3FD047100][000001D3FD384E80 49] iPhone12Pro, [000001D3FCFB3500][000001D3FD389000 49] iPhone12ProMax, [000001D3FD044800][000001D3FD38D180 49] iPadPro105, [000001D3FCFB1C00][000001D3FD391300 49] iPadPro129, [000001D3FD044300][000001D3FD395480 49] iPadPro97, [000001D3FCFB1D00][000001D3FD399600 49] iPadPro2_129, [000001D3FD044C00][000001D3FD39D780 49] iPad5, [000001D3FCFB3000][000001D3FD3A1900 49] iPad6, [000001D3FD046C00][000001D3FD3A5A80 49] iPad7, [000001D3FCFB2E00][000001D3FD3A9C00 49] iPad8, [000001D3FD045800][000001D3FD3AC200 49] iPadPro11, [000001D3FCFB1B00][000001D3FD420380 49] iPadPro2_11, [000001D3FD045500][000001D3FD424500 49] iPadPro3_129, [000001D3FCFB2700][000001D3FD4AA680 49] iPadPro4_129, [000001D3FD044100][000001D3F5276800 49] AppleTV, [000001D3FCFB2B00][000001D3F52D2980 49] AppleTV4K, [000001D3FD045B00][000001D3F52D6B00 49] TVOS, [000001D3FCFB0900][000001D3FD380C40 49] Mac, [000001D3FD045700][000001D3F52DAD80 49] MacClient, [000001D3FCFB2F00][000001D3F52DEEC0 49] MacNoEditor, [000001D3FD044D00][000001D3F4F43040 49] MacServer, [000001D3FCFB0300][000001D3F4F471C0 49] Linux, [000001D3FD046E00][000001D3F9BD3340 49] LinuxAArch64, [000001D3FCFB1500][000001D3F9BDB4C0 49] LinuxNoEditor, [000001D3FD046400][000001D3F9BDF640 49] LinuxAArch64NoEditor, [000001D3FCFB0200][000001D3FE1DD7C0 49] LinuxClient, [000001D3FD046D00][000001D3FE207940 49] LinuxAArch64Client, [000001D3FCFB0C00][000001D3FE20BAC0 49] LinuxServer, [000001D3FD044400][000001D3FE2160C0 49] LinuxAArch64Server, [000001D3FCFB1000][000001D3F9C22240 49] Android, [000001D3FCFF3900][000001D3FE21A3C0 49] Android_Low, [000001D3FCFA1B00][000001D3F9C98540 49] Android_Mid, [000001D3FCFF3000][000001D3F4F906C0 49] Android_High, [000001D3FCFA2300][000001D3FD404840 49] Android_Default, [000001D3FCFF2000][000001D3FD4089C0 49] Android_Adreno4xx, [000001D3FCFA0100][000001D3FD40CB40 49] Android_Adreno5xx_Low, [000001D3FCFF0B00][000001D3FD49ACC0 49] Android_Adreno5xx, [000001D3FCFA1800][000001D3F4F3EE00 49] Android_Adreno6xx, [000001D3FCFF1100][000001D3FD49EF40 49] Android_Adreno6xx_Vulkan, [000001D3FCFA0800][000001D3FE213080 49] Android_Mali_T6xx, [000001D3FCFF3600][000001D3FD4A31C0 49] Android_Mali_T7xx, [000001D3FCFA0D00][000001D3FD5E3340 49] Android_Mali_T8xx, [000001D3FCFF3C00][000001D3FD5E74C0 49] Android_Mali_G71, [000001D3FCFA1500][000001D3FD5EB640 49] Android_Mali_G72, [000001D3FCFF3E00][000001D3FD4157C0 49] Android_Mali_G72_Vulkan, [000001D3FCFA3D00][000001D3FD419940 49] Android_Mali_G76, [000001D3FCFF3A00][000001D3FD41DAC0 49] Android_Mali_G76_Vulkan, [000001D3FCFA3600][000001D3F4BC80C0 49] Android_Mali_G77, [000001D3FCFF2200][000001D3F4BE2240 49] Android_Mali_G77_Vulkan, [000001D3FCFA1200][000001D3F4BE63C0 49] Android_Mali_G78, [000001D3FCFF0A00][000001D3F4BEA540 49] Android_Mali_G78_Vulkan, [000001D3FCFA3000][000001D3F4BF26C0 49] Android_Mali_G710, [000001D3FCFF1400][000001D3F4C00840 49] Android_Mali_G710_Vulkan, [000001D3FCFA0700][000001D3F4C049C0 49] Android_Vulkan_SM5, [000001D3FCFF1800][000001D3F4C08B40 49] Android_PowerVR_G6xxx, [000001D3FCFA0E00][000001D3F4C0CCC0 49] Android_PowerVR_GT7xxx, [000001D3FCFF0200][000001D3F4C10E40 49] Android_PowerVR_GE8xxx, [000001D3FCFA0600][000001D3FD4A6F80 49] Android_PowerVR_GM9xxx, [000001D3FCFF2600][000001D3F4C150C0 49] Android_PowerVR_GM9xxx_Vulkan, [000001D3FCFB0F00][000001D3F4C19200 49] Android_TegraK1, [000001D3FCFF2A00][000001D3F4C1D340 49] Android_Unknown_Vulkan, [000001D3FCFB0D00][000001D3F4C394C0 49] Lumin, [000001D3FCFF1200][000001D3F4C45640 49] Lumin_Desktop, [000001D3FCFB0B00][000001D3F4C497C0 49] HoloLens, 
[2026.02.11-16.30.41:922][  0]LogMeshReduction: Using QuadricMeshReduction for automatic static mesh reduction
[2026.02.11-16.30.41:922][  0]LogMeshReduction: Using SimplygonMeshReduction for automatic skeletal mesh reduction
[2026.02.11-16.30.41:922][  0]LogMeshReduction: Using ProxyLODMeshReduction for automatic mesh merging
[2026.02.11-16.30.41:922][  0]LogMeshReduction: No distributed automatic mesh merging module available
[2026.02.11-16.30.41:922][  0]LogMeshMerging: No distributed automatic mesh merging module available
[2026.02.11-16.30.41:933][  0]LogNetVersion: TopDownAC 1.0.0, NetCL: 17155196, EngineNetVer: 17, GameNetVer: 0 (Checksum: 548030664)
[2026.02.11-16.30.42:233][  0]LogTexture: Default maximum texture size for cubemaps generated from long-lat sources has been changed from 512 to unlimited. In order to preserve old behaiour for '/Engine/MapTemplates/Sky/DaylightAmbientCubemap.DaylightAmbientCubemap', its maximum texture size has been explicitly set to 512.
[2026.02.11-16.30.42:292][  0]LogHMD: PokeAHoleMaterial loaded successfully
[2026.02.11-16.30.42:299][  0]LogUObjectArray: 17179 objects as part of root set at end of initial load.
[2026.02.11-16.30.42:299][  0]LogUObjectAllocator: 4302256 out of 0 bytes used by permanent object pool.
[2026.02.11-16.30.42:299][  0]LogUObjectArray: CloseDisregardForGC: 0/0 objects in disregard for GC pool
[2026.02.11-16.30.42:507][  0]LogNiagaraDebuggerClient: Niagara Debugger Client Initialized | Session: E12AAC8D42DF01AB80FE14A14E128164 | Instance: C0079BE0414522FF95FE889996C25893 (LAPTOP-AN92MERF-22492).
[2026.02.11-16.30.42:590][  0]LogTcpMessaging: Initializing TcpMessaging bridge
[2026.02.11-16.30.42:593][  0]LogUdpMessaging: Initializing bridge on interface 0.0.0.0:0 to multicast group 230.0.0.1:6666.
[2026.02.11-16.30.42:627][  0]LogPython: Using Python 3.7.7
[2026.02.11-16.30.43:003][  0]SourceControl: Source control is disabled
[2026.02.11-16.30.43:003][  0]SourceControl: Source control is disabled
[2026.02.11-16.30.43:005][  0]SourceControl: Source control is disabled
[2026.02.11-16.30.43:010][  0]SourceControl: Source control is disabled
[2026.02.11-16.30.43:012][  0]SourceControl: Source control is disabled
[2026.02.11-16.30.43:018][  0]LogUProjectInfo: Found projects:
[2026.02.11-16.30.43:021][  0]LogVSAccessor: Display: Unable to create Visual Studio setup instance: 80040154
[2026.02.11-16.30.43:022][  0]LogVSAccessor: Display: Unable to create Visual Studio setup instance: 80040154
[2026.02.11-16.30.43:022][  0]LogVSAccessor: Display: Unable to create Visual Studio setup instance: 80040154
[2026.02.11-16.30.43:102][  0]LogAndroidPermission: UAndroidPermissionCallbackProxy::GetInstance
[2026.02.11-16.30.43:120][  0]LogAudioCaptureCore: Display: No Audio Capture implementations found. Audio input will be silent.
[2026.02.11-16.30.43:120][  0]LogAudioCaptureCore: Display: No Audio Capture implementations found. Audio input will be silent.
[2026.02.11-16.30.43:273][  0]LogOpenImageDenoise: OIDN starting up
[2026.02.11-16.30.43:278][  0]LogCollectionManager: Loaded 0 collections in 0.000404 seconds
[2026.02.11-16.30.43:295][  0]LogFileCache: Scanning file cache for directory 'D:/Repozytoria/UE 4.27/KZ_TopDownShooter/TopDownAC/Saved/Collections/' took 0.00s
[2026.02.11-16.30.43:295][  0]LogFileCache: Scanning file cache for directory 'D:/Repozytoria/UE 4.27/KZ_TopDownShooter/TopDownAC/Content/Developers/harry/Collections/' took 0.00s
[2026.02.11-16.30.43:295][  0]LogFileCache: Scanning file cache for directory 'D:/Repozytoria/UE 4.27/KZ_TopDownShooter/TopDownAC/Content/Collections/' took 0.00s
[2026.02.11-16.30.43:295][  0]LogOcInput: OculusInput pre-init called
[2026.02.11-16.30.43:496][  0]LogEngine: Initializing Engine...
[2026.02.11-16.30.43:504][  0]LogHMD: Failed to enumerate extensions. Please check that you have a valid OpenXR runtime installed.
[2026.02.11-16.30.43:505][  0]LogHMD: Failed to initialize OpenVR with code 110
[2026.02.11-16.30.43:505][  0]LogMagicLeap: Warning: VR disabled because ZI is not enabled.  To enable, in the editor, Edit -> Project Settings -> Plugins -> Magic Leap Plugin -> Enable Zero Iteration
[2026.02.11-16.30.43:505][  0]LogStats: UGameplayTagsManager::InitializeManager -  0.000 s
[2026.02.11-16.30.43:603][  0]LogInit: Initializing FReadOnlyCVARCache
[2026.02.11-16.30.43:609][  0]LogAIModule: Creating AISystem for world Untitled
[2026.02.11-16.30.43:610][  0]LogAudio: Display: Initializing Audio Device Manager...
[2026.02.11-16.30.43:613][  0]LogAudio: Display: Loading Default Audio Settings Objects...
[2026.02.11-16.30.43:613][  0]LogAudio: Display: No default SoundConcurrencyObject specified (or failed to load).
[2026.02.11-16.30.43:613][  0]LogAudio: Display: Audio Device Manager Initialized
[2026.02.11-16.30.43:613][  0]LogAudio: Display: Creating Audio Device:                 Id: 1, Scope: Shared, Realtime: True
[2026.02.11-16.30.43:615][  0]LogAudioMixer: Display: Audio Mixer Platform Settings:
[2026.02.11-16.30.43:615][  0]LogAudioMixer: Display: 	Sample Rate:						  48000
[2026.02.11-16.30.43:615][  0]LogAudioMixer: Display: 	Callback Buffer Frame Size Requested: 1024
[2026.02.11-16.30.43:615][  0]LogAudioMixer: Display: 	Callback Buffer Frame Size To Use:	  1024
[2026.02.11-16.30.43:615][  0]LogAudioMixer: Display: 	Number of buffers to queue:			  2
[2026.02.11-16.30.43:615][  0]LogAudioMixer: Display: 	Max Channels (voices):				  32
[2026.02.11-16.30.43:615][  0]LogAudioMixer: Display: 	Number of Async Source Workers:		  0
[2026.02.11-16.30.43:615][  0]LogAudio: Display: AudioDevice MaxSources: 32
[2026.02.11-16.30.43:615][  0]LogAudio: Display: Audio Spatialization Plugin: None (built-in).
[2026.02.11-16.30.43:615][  0]LogAudio: Display: Audio Reverb Plugin: None (built-in).
[2026.02.11-16.30.43:615][  0]LogAudio: Display: Audio Occlusion Plugin: None (built-in).
[2026.02.11-16.30.43:615][  0]LogAudioMixer: Display: Initializing audio mixer.
[2026.02.11-16.30.43:622][  0]LogAudioMixer: Display: 0: FrontLeft
[2026.02.11-16.30.43:622][  0]LogAudioMixer: Display: 1: FrontRight
[2026.02.11-16.30.43:637][  0]LogAudioMixer: Display: Using Audio Device Speakers (USB Audio Device)
[2026.02.11-16.30.43:640][  0]LogAudioMixer: Display: Initializing Sound Submixes...
[2026.02.11-16.30.43:643][  0]LogAudioMixer: Display: Creating Master Submix 'MasterSubmixDefault'
[2026.02.11-16.30.43:643][  0]LogAudioMixer: Display: Creating Master Submix 'MasterReverbSubmixDefault'
[2026.02.11-16.30.43:644][  0]LogAudioMixer: Display: Creating Master Submix 'MasterEQSubmixDefault'
[2026.02.11-16.30.43:644][  0]LogAudioMixer: FMixerPlatformXAudio2::StartAudioStream() called
[2026.02.11-16.30.43:644][  0]LogAudioMixer: Display: Output buffers initialized: Frames=1024, Channels=2, Samples=2048
[2026.02.11-16.30.43:645][  0]LogAudioMixer: Display: Starting AudioMixerPlatformInterface::RunInternal()
[2026.02.11-16.30.43:645][  0]LogAudioMixer: Display: FMixerPlatformXAudio2::SubmitBuffer() called for the first time
[2026.02.11-16.30.43:645][  0]LogInit: FAudioDevice initialized.
[2026.02.11-16.30.43:645][  0]LogAudio: Display: Audio Device (ID: 1) registered with world 'Untitled'.
[2026.02.11-16.30.43:645][  0]LogNetVersion: Set ProjectVersion to 1.0.0.0. Version Checksum will be recalculated on next use.
[2026.02.11-16.30.43:699][  0]LogDerivedDataCache: Saved boot cache 0.05s 94MB C:/Users/harry/AppData/Local/UnrealEngine/4.27/DerivedDataCache/Boot.ddc.
[2026.02.11-16.30.43:700][  0]LogInit: Texture streaming: Enabled
[2026.02.11-16.30.43:711][  0]LogAnalytics: Display: [UEEditor.Rocket.Release] APIServer = https://datarouter.ol.epicgames.com/. AppVersion = 4.27.2-18319896+++UE4+Release-4.27
[2026.02.11-16.30.43:713][  0]LogEngineSessionManager: EngineSessionManager initialized
[2026.02.11-16.30.43:713][  0]LogEditorSessionSummary: Verbose: Initializing EditorSessionSummaryWriter for editor session tracking
[2026.02.11-16.30.43:714][  0]LogEditorSessionSummary: EditorSessionSummaryWriter initialized
[2026.02.11-16.30.43:735][  0]LogInit: Transaction tracking system initialized
[2026.02.11-16.30.43:753][  0]BlueprintLog: New page: Editor Load
[2026.02.11-16.30.43:792][  0]LocalizationService: Localization service is disabled
[2026.02.11-16.30.43:810][  0]TimingProfiler: Initialize
[2026.02.11-16.30.43:810][  0]TimingProfiler: OnSessionChanged
[2026.02.11-16.30.43:810][  0]LoadingProfiler: Initialize
[2026.02.11-16.30.43:810][  0]LoadingProfiler: OnSessionChanged
[2026.02.11-16.30.43:810][  0]NetworkingProfiler: Initialize
[2026.02.11-16.30.43:810][  0]NetworkingProfiler: OnSessionChanged
[2026.02.11-16.30.43:810][  0]MemoryProfiler: Initialize
[2026.02.11-16.30.43:810][  0]MemoryProfiler: OnSessionChanged
[2026.02.11-16.30.43:853][  0]LogVSAccessor: Display: Unable to create Visual Studio setup instance: 80040154
[2026.02.11-16.30.43:854][  0]LogVSAccessor: Display: Unable to create Visual Studio setup instance: 80040154
[2026.02.11-16.30.43:855][  0]LogVSAccessor: Display: Unable to create Visual Studio setup instance: 80040154
[2026.02.11-16.30.43:953][  0]LogCook: Display: CookSettings for Memory: MemoryMaxUsedVirtual 0MiB, MemoryMaxUsedPhysical 16384MiB, MemoryMinFreeVirtual 0MiB, MemoryMinFreePhysical 1024MiB
[2026.02.11-16.30.43:953][  0]LogCook: Display: Mobile HDR setting 1
[2026.02.11-16.30.44:072][  0]LogFileCache: Scanning file cache for directory 'D:/Repozytoria/UE 4.27/KZ_TopDownShooter/TopDownAC/Content/' took 0.00s
[2026.02.11-16.30.44:199][  0]LogInit: Display: Engine is initialized. Leaving FEngineLoop::Init()
[2026.02.11-16.30.44:201][  0]SourceControl: Source control is disabled
[2026.02.11-16.30.44:201][  0]LogUnrealEdMisc: Loading editor; pre map load, took 4.800
[2026.02.11-16.30.44:201][  0]Cmd: MAP LOAD FILE="../../../../../Repozytoria/UE 4.27/KZ_TopDownShooter/TopDownAC/Content/Levels/Main.umap" TEMPLATE=0 SHOWPROGRESS=1 FEATURELEVEL=3
[2026.02.11-16.30.44:205][  0]LightingResults: New page: Lighting Build
[2026.02.11-16.30.44:205][  0]LogWorld: UWorld::CleanupWorld for Untitled, bSessionEnded=true, bCleanupResources=true
[2026.02.11-16.30.44:205][  0]LogSlate: InvalidateAllWidgets triggered.  All widgets were invalidated
[2026.02.11-16.30.44:206][  0]MapCheck: New page: Map Check
[2026.02.11-16.30.44:206][  0]LightingResults: New page: Lighting Build
[2026.02.11-16.30.44:211][  0]LogAudio: Display: Audio Device unregistered from world 'None'.
[2026.02.11-16.30.44:214][  0]LogUObjectHash: Compacting FUObjectHashTables data took   0.53ms
[2026.02.11-16.30.44:249][  0]LogLinker: Warning: [AssetLog] D:\Repozytoria\UE 4.27\KZ_TopDownShooter\TopDownAC\Content\Weapons\Weapons\Rifle.uasset: Failed to load '/Game/Weapons/Materials/MagGun_MatA_Inst3': Can't find file.
[2026.02.11-16.30.44:249][  0]LoadErrors: Failed to load /Game/Weapons/Weapons/Rifle.Rifle Referenced by SkeletalMesh_GEN_VARIABLE
[2026.02.11-16.30.44:249][  0]LogLinker: Warning: [AssetLog] D:\Repozytoria\UE 4.27\KZ_TopDownShooter\TopDownAC\Content\Weapons\Weapons\Rifle.uasset: Failed to load '/Game/Weapons/Materials/MagGun_MatA_Inst3': Can't find file.
[2026.02.11-16.30.44:249][  0]LoadErrors: Failed to load /Game/Weapons/Weapons/Rifle.Rifle Referenced by SkeletalMesh_GEN_VARIABLE
[2026.02.11-16.30.44:249][  0]LogLinker: Warning: [AssetLog] D:\Repozytoria\UE 4.27\KZ_TopDownShooter\TopDownAC\Content\Weapons\Weapons\Rifle.uasset: Failed to load '/Game/Weapons/Materials/MagGun_MatB_Inst2': Can't find file.
[2026.02.11-16.30.44:249][  0]LoadErrors: Failed to load /Game/Weapons/Weapons/Rifle.Rifle Referenced by SkeletalMesh_GEN_VARIABLE
[2026.02.11-16.30.44:249][  0]LogLinker: Warning: [AssetLog] D:\Repozytoria\UE 4.27\KZ_TopDownShooter\TopDownAC\Content\Weapons\Weapons\Rifle.uasset: Failed to load '/Game/Weapons/Materials/MagGun_MatB_Inst2': Can't find file.
[2026.02.11-16.30.44:249][  0]LoadErrors: Failed to load /Game/Weapons/Weapons/Rifle.Rifle Referenced by SkeletalMesh_GEN_VARIABLE
[2026.02.11-16.30.44:249][  0]LogLinker: Warning: [AssetLog] D:\Repozytoria\UE 4.27\KZ_TopDownShooter\TopDownAC\Content\Weapons\Weapons\Rifle.uasset: Failed to load '/Game/Weapons/Materials/MagGun_SightLens_Mat_Inst': Can't find file.
[2026.02.11-16.30.44:249][  0]LoadErrors: Failed to load /Game/Weapons/Weapons/Rifle.Rifle Referenced by SkeletalMesh_GEN_VARIABLE
[2026.02.11-16.30.44:249][  0]LogLinker: Warning: [AssetLog] D:\Repozytoria\UE 4.27\KZ_TopDownShooter\TopDownAC\Content\Weapons\Weapons\Rifle.uasset: Failed to load '/Game/Weapons/Materials/MagGun_SightLens_Mat_Inst': Can't find file.
[2026.02.11-16.30.44:249][  0]LoadErrors: Failed to load /Game/Weapons/Weapons/Rifle.Rifle Referenced by SkeletalMesh_GEN_VARIABLE
[2026.02.11-16.30.44:250][  0]LogLinker: Warning: [AssetLog] D:\Repozytoria\UE 4.27\KZ_TopDownShooter\TopDownAC\Content\Weapons\Weapons\Rifle.uasset: Failed to load '/Game/Weapons/Materials/MagGun_MatA_Inst3': Can't find file.
[2026.02.11-16.30.44:250][  0]LoadErrors: Failed to load /Game/Weapons/Weapons/Rifle.Rifle Referenced by SkeletalMesh_GEN_VARIABLE
[2026.02.11-16.30.44:250][  0]LogLinker: Warning: [AssetLog] D:\Repozytoria\UE 4.27\KZ_TopDownShooter\TopDownAC\Content\Weapons\Weapons\Rifle.uasset: Failed to load '/Game/Weapons/Materials/MagGun_MatB_Inst2': Can't find file.
[2026.02.11-16.30.44:250][  0]LoadErrors: Failed to load /Game/Weapons/Weapons/Rifle.Rifle Referenced by SkeletalMesh_GEN_VARIABLE
[2026.02.11-16.30.44:250][  0]LogLinker: Warning: [AssetLog] D:\Repozytoria\UE 4.27\KZ_TopDownShooter\TopDownAC\Content\Weapons\Weapons\Rifle.uasset: Failed to load '/Game/Weapons/Materials/MagGun_SightLens_Mat_Inst': Can't find file.
[2026.02.11-16.30.44:250][  0]LoadErrors: Failed to load /Game/Weapons/Weapons/Rifle.Rifle Referenced by SkeletalMesh_GEN_VARIABLE
[2026.02.11-16.30.44:250][  0]LogLinker: Warning: [AssetLog] D:\Repozytoria\UE 4.27\KZ_TopDownShooter\TopDownAC\Content\Weapons\Weapons\Rifle.uasset: Failed to load '/Game/Weapons/Rifle_Skeleton': Can't find file.
[2026.02.11-16.30.44:250][  0]LoadErrors: Failed to load /Game/Weapons/Weapons/Rifle.Rifle Referenced by SkeletalMesh_GEN_VARIABLE
[2026.02.11-16.30.44:250][  0]LogLinker: Warning: [AssetLog] D:\Repozytoria\UE 4.27\KZ_TopDownShooter\TopDownAC\Content\Weapons\Weapons\Rifle.uasset: Failed to load '/Game/Weapons/Rifle_Skeleton': Can't find file.
[2026.02.11-16.30.44:250][  0]LoadErrors: Failed to load /Game/Weapons/Weapons/Rifle.Rifle Referenced by SkeletalMesh_GEN_VARIABLE
[2026.02.11-16.30.44:250][  0]LogLinker: Warning: [AssetLog] D:\Repozytoria\UE 4.27\KZ_TopDownShooter\TopDownAC\Content\Weapons\Weapons\Rifle.uasset: Failed to load '/Game/Weapons/Rifle_Skeleton': Can't find file.
[2026.02.11-16.30.44:250][  0]LoadErrors: Failed to load /Game/Weapons/Weapons/Rifle.Rifle Referenced by SkeletalMesh_GEN_VARIABLE
[2026.02.11-16.30.44:407][  0]LogLinker: Warning: [AssetLog] D:\Repozytoria\UE 4.27\KZ_TopDownShooter\TopDownAC\Content\Weapons\Weapons\Rifle.uasset: Failed to load '/Game/Weapons/Rifle_Skeleton': Can't find file.
[2026.02.11-16.30.44:407][  0]LoadErrors: Failed to load /Game/Weapons/Rifle_Skeleton.Rifle_Skeleton Referenced by Rifle
[2026.02.11-16.30.44:408][  0]LogLinker: Warning: [AssetLog] D:\Repozytoria\UE 4.27\KZ_TopDownShooter\TopDownAC\Content\Weapons\Weapons\Rifle.uasset: Failed to load '/Game/Weapons/Materials/MagGun_MatA_Inst3': Can't find file.
[2026.02.11-16.30.44:408][  0]LoadErrors: Failed to load /Game/Weapons/Materials/MagGun_MatA_Inst3.MagGun_MatA_Inst3 Referenced by Rifle
[2026.02.11-16.30.44:408][  0]LogLinker: Warning: [AssetLog] D:\Repozytoria\UE 4.27\KZ_TopDownShooter\TopDownAC\Content\Weapons\Weapons\Rifle.uasset: Failed to load '/Game/Weapons/Materials/MagGun_MatB_Inst2': Can't find file.
[2026.02.11-16.30.44:408][  0]LoadErrors: Failed to load /Game/Weapons/Materials/MagGun_MatB_Inst2.MagGun_MatB_Inst2 Referenced by Rifle
[2026.02.11-16.30.44:408][  0]LogLinker: Warning: [AssetLog] D:\Repozytoria\UE 4.27\KZ_TopDownShooter\TopDownAC\Content\Weapons\Weapons\Rifle.uasset: Failed to load '/Game/Weapons/Materials/MagGun_SightLens_Mat_Inst': Can't find file.
[2026.02.11-16.30.44:408][  0]LoadErrors: Failed to load /Game/Weapons/Materials/MagGun_SightLens_Mat_Inst.MagGun_SightLens_Mat_Inst Referenced by Rifle
[2026.02.11-16.30.44:451][  0]LogSkeletalMesh: Display: [AssetLog] D:\Repozytoria\UE 4.27\KZ_TopDownShooter\TopDownAC\Content\Weapons\Weapons\Rifle.uasset: Find and fix some bad tangent! please re-import this skeletal mesh asset to fix the issue. The shading of the skeletal mesh will be bad and faceted.
[2026.02.11-16.30.44:484][  0]LogAudio: Display: Audio Device (ID: 1) registered with world 'Main'.
[2026.02.11-16.30.44:486][  0]LogAIModule: Creating AISystem for world Main
[2026.02.11-16.30.44:492][  0]LogEditorServer: Finished looking for orphan Actors (0.000 secs)
[2026.02.11-16.30.44:501][  0]LogUObjectHash: Compacting FUObjectHashTables data took   0.66ms
[2026.02.11-16.30.44:501][  0]Cmd: MAP CHECKDEP NOCLEARLOG
[2026.02.11-16.30.44:501][  0]MapCheck: Map check complete: 0 Error(s), 0 Warning(s), took 0,071ms to complete.
[2026.02.11-16.30.44:501][  0]LogFileHelpers: Loading map 'Main' took 0.300
[2026.02.11-16.30.44:503][  0]LogUnrealEdMisc: Total Editor Startup Time, took 5.101
[2026.02.11-16.30.44:657][  0]LogSlate: Updating window title bar state: overlay mode, drag disabled, window buttons hidden, title bar hidden
[2026.02.11-16.30.44:661][  0]LogSlate: Updating window title bar state: overlay mode, drag disabled, window buttons hidden, title bar hidden
[2026.02.11-16.30.44:666][  0]LogSlate: Updating window title bar state: overlay mode, drag disabled, window buttons hidden, title bar hidden
[2026.02.11-16.30.44:671][  0]LogSlate: Updating window title bar state: overlay mode, drag disabled, window buttons hidden, title bar hidden
[2026.02.11-16.30.44:691][  0]LogNativeClassHierarchy: Verbose: Native class hierarchy populated in 0.0071 seconds. Added 3822 classes and 928 folders.
[2026.02.11-16.30.44:695][  0]LogNativeClassHierarchy: Verbose: Native class hierarchy updated for 'WidgetCarousel' in 0.0002 seconds. Added 0 classes and 0 folders.
[2026.02.11-16.30.44:701][  0]LogPakFile: PakFile PrimaryIndexSize=187
[2026.02.11-16.30.44:701][  0]LogPakFile: PakFile PathHashIndexSize=101
[2026.02.11-16.30.44:701][  0]LogPakFile: PakFile FullDirectoryIndexSize=148
[2026.02.11-16.30.44:701][  0]LogShaderLibrary: Display: ShaderCodeLibraryPakFileMountedCallback: PakFile 'D:/Epic Games/UE_4.27/FeaturePacks/FP_FirstPerson.upack' (chunk index -1, root 'root:/') mounted
[2026.02.11-16.30.44:701][  0]LogShaderLibrary: Display: ShaderCodeLibraryPakFileMountedCallback: pending pak file info (ChunkID:-1 Root:root:/ File:D:/Epic Games/UE_4.27/FeaturePacks/FP_FirstPerson.upack)
[2026.02.11-16.30.44:701][  0]LogPakFile: OnPakFileMounted2Time == 0.000036
[2026.02.11-16.30.44:703][  0]LogPakFile: PakFile PrimaryIndexSize=189
[2026.02.11-16.30.44:703][  0]LogPakFile: PakFile PathHashIndexSize=101
[2026.02.11-16.30.44:703][  0]LogPakFile: PakFile FullDirectoryIndexSize=152
[2026.02.11-16.30.44:703][  0]LogShaderLibrary: Display: ShaderCodeLibraryPakFileMountedCallback: PakFile 'D:/Epic Games/UE_4.27/FeaturePacks/FP_FirstPersonBP.upack' (chunk index -1, root 'root:/') mounted
[2026.02.11-16.30.44:703][  0]LogShaderLibrary: Display: ShaderCodeLibraryPakFileMountedCallback: pending pak file info (ChunkID:-1 Root:root:/ File:D:/Epic Games/UE_4.27/FeaturePacks/FP_FirstPersonBP.upack)
[2026.02.11-16.30.44:703][  0]LogPakFile: OnPakFileMounted2Time == 0.000035
[2026.02.11-16.30.44:704][  0]LogPakFile: PakFile PrimaryIndexSize=191
[2026.02.11-16.30.44:704][  0]LogPakFile: PakFile PathHashIndexSize=101
[2026.02.11-16.30.44:704][  0]LogPakFile: PakFile FullDirectoryIndexSize=160
[2026.02.11-16.30.44:704][  0]LogShaderLibrary: Display: ShaderCodeLibraryPakFileMountedCallback: PakFile 'D:/Epic Games/UE_4.27/FeaturePacks/MobileStarterContent.upack' (chunk index -1, root 'root:/') mounted
[2026.02.11-16.30.44:704][  0]LogShaderLibrary: Display: ShaderCodeLibraryPakFileMountedCallback: pending pak file info (ChunkID:-1 Root:root:/ File:D:/Epic Games/UE_4.27/FeaturePacks/MobileStarterContent.upack)
[2026.02.11-16.30.44:704][  0]LogPakFile: OnPakFileMounted2Time == 0.000022
[2026.02.11-16.30.44:707][  0]LogPakFile: PakFile PrimaryIndexSize=185
[2026.02.11-16.30.44:707][  0]LogPakFile: PakFile PathHashIndexSize=101
[2026.02.11-16.30.44:707][  0]LogPakFile: PakFile FullDirectoryIndexSize=148
[2026.02.11-16.30.44:707][  0]LogShaderLibrary: Display: ShaderCodeLibraryPakFileMountedCallback: PakFile 'D:/Epic Games/UE_4.27/FeaturePacks/StarterContent.upack' (chunk index -1, root 'root:/') mounted
[2026.02.11-16.30.44:707][  0]LogShaderLibrary: Display: ShaderCodeLibraryPakFileMountedCallback: pending pak file info (ChunkID:-1 Root:root:/ File:D:/Epic Games/UE_4.27/FeaturePacks/StarterContent.upack)
[2026.02.11-16.30.44:707][  0]LogPakFile: OnPakFileMounted2Time == 0.000022
[2026.02.11-16.30.44:708][  0]LogPakFile: PakFile PrimaryIndexSize=190
[2026.02.11-16.30.44:708][  0]LogPakFile: PakFile PathHashIndexSize=101
[2026.02.11-16.30.44:708][  0]LogPakFile: PakFile FullDirectoryIndexSize=154
[2026.02.11-16.30.44:708][  0]LogShaderLibrary: Display: ShaderCodeLibraryPakFileMountedCallback: PakFile 'D:/Epic Games/UE_4.27/FeaturePacks/TP_2DSideScroller.upack' (chunk index -1, root 'root:/') mounted
[2026.02.11-16.30.44:708][  0]LogShaderLibrary: Display: ShaderCodeLibraryPakFileMountedCallback: pending pak file info (ChunkID:-1 Root:root:/ File:D:/Epic Games/UE_4.27/FeaturePacks/TP_2DSideScroller.upack)
[2026.02.11-16.30.44:708][  0]LogPakFile: OnPakFileMounted2Time == 0.000020
[2026.02.11-16.30.44:709][  0]LogPakFile: PakFile PrimaryIndexSize=192
[2026.02.11-16.30.44:709][  0]LogPakFile: PakFile PathHashIndexSize=101
[2026.02.11-16.30.44:709][  0]LogPakFile: PakFile FullDirectoryIndexSize=158
[2026.02.11-16.30.44:709][  0]LogShaderLibrary: Display: ShaderCodeLibraryPakFileMountedCallback: PakFile 'D:/Epic Games/UE_4.27/FeaturePacks/TP_2DSideScrollerBP.upack' (chunk index -1, root 'root:/') mounted
[2026.02.11-16.30.44:709][  0]LogShaderLibrary: Display: ShaderCodeLibraryPakFileMountedCallback: pending pak file info (ChunkID:-1 Root:root:/ File:D:/Epic Games/UE_4.27/FeaturePacks/TP_2DSideScrollerBP.upack)
[2026.02.11-16.30.44:709][  0]LogPakFile: OnPakFileMounted2Time == 0.000019
[2026.02.11-16.30.44:711][  0]LogPakFile: PakFile PrimaryIndexSize=182
[2026.02.11-16.30.44:711][  0]LogPakFile: PakFile PathHashIndexSize=101
[2026.02.11-16.30.44:711][  0]LogPakFile: PakFile FullDirectoryIndexSize=138
[2026.02.11-16.30.44:711][  0]LogShaderLibrary: Display: ShaderCodeLibraryPakFileMountedCallback: PakFile 'D:/Epic Games/UE_4.27/FeaturePacks/TP_Flying.upack' (chunk index -1, root 'root:/') mounted
[2026.02.11-16.30.44:711][  0]LogShaderLibrary: Display: ShaderCodeLibraryPakFileMountedCallback: pending pak file info (ChunkID:-1 Root:root:/ File:D:/Epic Games/UE_4.27/FeaturePacks/TP_Flying.upack)
[2026.02.11-16.30.44:711][  0]LogPakFile: OnPakFileMounted2Time == 0.000024
[2026.02.11-16.30.44:712][  0]LogPakFile: PakFile PrimaryIndexSize=184
[2026.02.11-16.30.44:712][  0]LogPakFile: PakFile PathHashIndexSize=101
[2026.02.11-16.30.44:712][  0]LogPakFile: PakFile FullDirectoryIndexSize=142
[2026.02.11-16.30.44:712][  0]LogShaderLibrary: Display: ShaderCodeLibraryPakFileMountedCallback: PakFile 'D:/Epic Games/UE_4.27/FeaturePacks/TP_FlyingBP.upack' (chunk index -1, root 'root:/') mounted
[2026.02.11-16.30.44:712][  0]LogShaderLibrary: Display: ShaderCodeLibraryPakFileMountedCallback: pending pak file info (ChunkID:-1 Root:root:/ File:D:/Epic Games/UE_4.27/FeaturePacks/TP_FlyingBP.upack)
[2026.02.11-16.30.44:712][  0]LogPakFile: OnPakFileMounted2Time == 0.000021
[2026.02.11-16.30.44:714][  0]LogPakFile: PakFile PrimaryIndexSize=188
[2026.02.11-16.30.44:714][  0]LogPakFile: PakFile PathHashIndexSize=101
[2026.02.11-16.30.44:714][  0]LogPakFile: PakFile FullDirectoryIndexSize=150
[2026.02.11-16.30.44:714][  0]LogShaderLibrary: Display: ShaderCodeLibraryPakFileMountedCallback: PakFile 'D:/Epic Games/UE_4.27/FeaturePacks/TP_HandheldARBP.upack' (chunk index -1, root 'root:/') mounted
[2026.02.11-16.30.44:714][  0]LogShaderLibrary: Display: ShaderCodeLibraryPakFileMountedCallback: pending pak file info (ChunkID:-1 Root:root:/ File:D:/Epic Games/UE_4.27/FeaturePacks/TP_HandheldARBP.upack)
[2026.02.11-16.30.44:714][  0]LogPakFile: OnPakFileMounted2Time == 0.000021
[2026.02.11-16.30.44:717][  0]LogPakFile: PakFile PrimaryIndexSize=182
[2026.02.11-16.30.44:717][  0]LogPakFile: PakFile PathHashIndexSize=101
[2026.02.11-16.30.44:717][  0]LogPakFile: PakFile FullDirectoryIndexSize=138
[2026.02.11-16.30.44:717][  0]LogShaderLibrary: Display: ShaderCodeLibraryPakFileMountedCallback: PakFile 'D:/Epic Games/UE_4.27/FeaturePacks/TP_Puzzle.upack' (chunk index -1, root 'root:/') mounted
[2026.02.11-16.30.44:717][  0]LogShaderLibrary: Display: ShaderCodeLibraryPakFileMountedCallback: pending pak file info (ChunkID:-1 Root:root:/ File:D:/Epic Games/UE_4.27/FeaturePacks/TP_Puzzle.upack)
[2026.02.11-16.30.44:717][  0]LogPakFile: OnPakFileMounted2Time == 0.000021
[2026.02.11-16.30.44:719][  0]LogPakFile: PakFile PrimaryIndexSize=184
[2026.02.11-16.30.44:719][  0]LogPakFile: PakFile PathHashIndexSize=101
[2026.02.11-16.30.44:719][  0]LogPakFile: PakFile FullDirectoryIndexSize=142
[2026.02.11-16.30.44:719][  0]LogShaderLibrary: Display: ShaderCodeLibraryPakFileMountedCallback: PakFile 'D:/Epic Games/UE_4.27/FeaturePacks/TP_PuzzleBP.upack' (chunk index -1, root 'root:/') mounted
[2026.02.11-16.30.44:719][  0]LogShaderLibrary: Display: ShaderCodeLibraryPakFileMountedCallback: pending pak file info (ChunkID:-1 Root:root:/ File:D:/Epic Games/UE_4.27/FeaturePacks/TP_PuzzleBP.upack)
[2026.02.11-16.30.44:719][  0]LogPakFile: OnPakFileMounted2Time == 0.000021
[2026.02.11-16.30.44:721][  0]LogPakFile: PakFile PrimaryIndexSize=183
[2026.02.11-16.30.44:721][  0]LogPakFile: PakFile PathHashIndexSize=101
[2026.02.11-16.30.44:721][  0]LogPakFile: PakFile FullDirectoryIndexSize=140
[2026.02.11-16.30.44:721][  0]LogShaderLibrary: Display: ShaderCodeLibraryPakFileMountedCallback: PakFile 'D:/Epic Games/UE_4.27/FeaturePacks/TP_Rolling.upack' (chunk index -1, root 'root:/') mounted
[2026.02.11-16.30.44:721][  0]LogShaderLibrary: Display: ShaderCodeLibraryPakFileMountedCallback: pending pak file info (ChunkID:-1 Root:root:/ File:D:/Epic Games/UE_4.27/FeaturePacks/TP_Rolling.upack)
[2026.02.11-16.30.44:721][  0]LogPakFile: OnPakFileMounted2Time == 0.000020
[2026.02.11-16.30.44:723][  0]LogPakFile: PakFile PrimaryIndexSize=185
[2026.02.11-16.30.44:723][  0]LogPakFile: PakFile PathHashIndexSize=101
[2026.02.11-16.30.44:723][  0]LogPakFile: PakFile FullDirectoryIndexSize=144
[2026.02.11-16.30.44:723][  0]LogShaderLibrary: Display: ShaderCodeLibraryPakFileMountedCallback: PakFile 'D:/Epic Games/UE_4.27/FeaturePacks/TP_RollingBP.upack' (chunk index -1, root 'root:/') mounted
[2026.02.11-16.30.44:723][  0]LogShaderLibrary: Display: ShaderCodeLibraryPakFileMountedCallback: pending pak file info (ChunkID:-1 Root:root:/ File:D:/Epic Games/UE_4.27/FeaturePacks/TP_RollingBP.upack)
[2026.02.11-16.30.44:723][  0]LogPakFile: OnPakFileMounted2Time == 0.000020
[2026.02.11-16.30.44:723][  0]LogPakFile: PakFile PrimaryIndexSize=188
[2026.02.11-16.30.44:723][  0]LogPakFile: PakFile PathHashIndexSize=101
[2026.02.11-16.30.44:723][  0]LogPakFile: PakFile FullDirectoryIndexSize=150
[2026.02.11-16.30.44:723][  0]LogShaderLibrary: Display: ShaderCodeLibraryPakFileMountedCallback: PakFile 'D:/Epic Games/UE_4.27/FeaturePacks/TP_SideScroller.upack' (chunk index -1, root 'root:/') mounted
[2026.02.11-16.30.44:723][  0]LogShaderLibrary: Display: ShaderCodeLibraryPakFileMountedCallback: pending pak file info (ChunkID:-1 Root:root:/ File:D:/Epic Games/UE_4.27/FeaturePacks/TP_SideScroller.upack)
[2026.02.11-16.30.44:723][  0]LogPakFile: OnPakFileMounted2Time == 0.000020
[2026.02.11-16.30.44:725][  0]LogPakFile: PakFile PrimaryIndexSize=190
[2026.02.11-16.30.44:725][  0]LogPakFile: PakFile PathHashIndexSize=101
[2026.02.11-16.30.44:725][  0]LogPakFile: PakFile FullDirectoryIndexSize=154
[2026.02.11-16.30.44:725][  0]LogShaderLibrary: Display: ShaderCodeLibraryPakFileMountedCallback: PakFile 'D:/Epic Games/UE_4.27/FeaturePacks/TP_SideScrollerBP.upack' (chunk index -1, root 'root:/') mounted
[2026.02.11-16.30.44:725][  0]LogShaderLibrary: Display: ShaderCodeLibraryPakFileMountedCallback: pending pak file info (ChunkID:-1 Root:root:/ File:D:/Epic Games/UE_4.27/FeaturePacks/TP_SideScrollerBP.upack)
[2026.02.11-16.30.44:725][  0]LogPakFile: OnPakFileMounted2Time == 0.000022
[2026.02.11-16.30.44:727][  0]LogPakFile: PakFile PrimaryIndexSize=187
[2026.02.11-16.30.44:727][  0]LogPakFile: PakFile PathHashIndexSize=101
[2026.02.11-16.30.44:727][  0]LogPakFile: PakFile FullDirectoryIndexSize=148
[2026.02.11-16.30.44:727][  0]LogShaderLibrary: Display: ShaderCodeLibraryPakFileMountedCallback: PakFile 'D:/Epic Games/UE_4.27/FeaturePacks/TP_ThirdPerson.upack' (chunk index -1, root 'root:/') mounted
[2026.02.11-16.30.44:727][  0]LogShaderLibrary: Display: ShaderCodeLibraryPakFileMountedCallback: pending pak file info (ChunkID:-1 Root:root:/ File:D:/Epic Games/UE_4.27/FeaturePacks/TP_ThirdPerson.upack)
[2026.02.11-16.30.44:727][  0]LogPakFile: OnPakFileMounted2Time == 0.000021
[2026.02.11-16.30.44:729][  0]LogPakFile: PakFile PrimaryIndexSize=189
[2026.02.11-16.30.44:729][  0]LogPakFile: PakFile PathHashIndexSize=101
[2026.02.11-16.30.44:729][  0]LogPakFile: PakFile FullDirectoryIndexSize=152
[2026.02.11-16.30.44:729][  0]LogShaderLibrary: Display: ShaderCodeLibraryPakFileMountedCallback: PakFile 'D:/Epic Games/UE_4.27/FeaturePacks/TP_ThirdPersonBP.upack' (chunk index -1, root 'root:/') mounted
[2026.02.11-16.30.44:729][  0]LogShaderLibrary: Display: ShaderCodeLibraryPakFileMountedCallback: pending pak file info (ChunkID:-1 Root:root:/ File:D:/Epic Games/UE_4.27/FeaturePacks/TP_ThirdPersonBP.upack)
[2026.02.11-16.30.44:729][  0]LogPakFile: OnPakFileMounted2Time == 0.000020
[2026.02.11-16.30.44:730][  0]LogPakFile: PakFile PrimaryIndexSize=183
[2026.02.11-16.30.44:730][  0]LogPakFile: PakFile PathHashIndexSize=101
[2026.02.11-16.30.44:730][  0]LogPakFile: PakFile FullDirectoryIndexSize=140
[2026.02.11-16.30.44:730][  0]LogShaderLibrary: Display: ShaderCodeLibraryPakFileMountedCallback: PakFile 'D:/Epic Games/UE_4.27/FeaturePacks/TP_TopDown.upack' (chunk index -1, root 'root:/') mounted
[2026.02.11-16.30.44:730][  0]LogShaderLibrary: Display: ShaderCodeLibraryPakFileMountedCallback: pending pak file info (ChunkID:-1 Root:root:/ File:D:/Epic Games/UE_4.27/FeaturePacks/TP_TopDown.upack)
[2026.02.11-16.30.44:730][  0]LogPakFile: OnPakFileMounted2Time == 0.000030
[2026.02.11-16.30.44:732][  0]LogPakFile: PakFile PrimaryIndexSize=185
[2026.02.11-16.30.44:732][  0]LogPakFile: PakFile PathHashIndexSize=101
[2026.02.11-16.30.44:732][  0]LogPakFile: PakFile FullDirectoryIndexSize=144
[2026.02.11-16.30.44:732][  0]LogShaderLibrary: Display: ShaderCodeLibraryPakFileMountedCallback: PakFile 'D:/Epic Games/UE_4.27/FeaturePacks/TP_TopDownBP.upack' (chunk index -1, root 'root:/') mounted
[2026.02.11-16.30.44:732][  0]LogShaderLibrary: Display: ShaderCodeLibraryPakFileMountedCallback: pending pak file info (ChunkID:-1 Root:root:/ File:D:/Epic Games/UE_4.27/FeaturePacks/TP_TopDownBP.upack)
[2026.02.11-16.30.44:732][  0]LogPakFile: OnPakFileMounted2Time == 0.000021
[2026.02.11-16.30.44:735][  0]LogPakFile: PakFile PrimaryIndexSize=185
[2026.02.11-16.30.44:735][  0]LogPakFile: PakFile PathHashIndexSize=101
[2026.02.11-16.30.44:735][  0]LogPakFile: PakFile FullDirectoryIndexSize=144
[2026.02.11-16.30.44:735][  0]LogShaderLibrary: Display: ShaderCodeLibraryPakFileMountedCallback: PakFile 'D:/Epic Games/UE_4.27/FeaturePacks/TP_TwinStick.upack' (chunk index -1, root 'root:/') mounted
[2026.02.11-16.30.44:735][  0]LogShaderLibrary: Display: ShaderCodeLibraryPakFileMountedCallback: pending pak file info (ChunkID:-1 Root:root:/ File:D:/Epic Games/UE_4.27/FeaturePacks/TP_TwinStick.upack)
[2026.02.11-16.30.44:735][  0]LogPakFile: OnPakFileMounted2Time == 0.000021
[2026.02.11-16.30.44:737][  0]LogPakFile: PakFile PrimaryIndexSize=187
[2026.02.11-16.30.44:737][  0]LogPakFile: PakFile PathHashIndexSize=101
[2026.02.11-16.30.44:737][  0]LogPakFile: PakFile FullDirectoryIndexSize=148
[2026.02.11-16.30.44:737][  0]LogShaderLibrary: Display: ShaderCodeLibraryPakFileMountedCallback: PakFile 'D:/Epic Games/UE_4.27/FeaturePacks/TP_TwinStickBP.upack' (chunk index -1, root 'root:/') mounted
[2026.02.11-16.30.44:737][  0]LogShaderLibrary: Display: ShaderCodeLibraryPakFileMountedCallback: pending pak file info (ChunkID:-1 Root:root:/ File:D:/Epic Games/UE_4.27/FeaturePacks/TP_TwinStickBP.upack)
[2026.02.11-16.30.44:737][  0]LogPakFile: OnPakFileMounted2Time == 0.000021
[2026.02.11-16.30.44:739][  0]LogPakFile: PakFile PrimaryIndexSize=183
[2026.02.11-16.30.44:739][  0]LogPakFile: PakFile PathHashIndexSize=101
[2026.02.11-16.30.44:739][  0]LogPakFile: PakFile FullDirectoryIndexSize=140
[2026.02.11-16.30.44:739][  0]LogShaderLibrary: Display: ShaderCodeLibraryPakFileMountedCallback: PakFile 'D:/Epic Games/UE_4.27/FeaturePacks/TP_Vehicle.upack' (chunk index -1, root 'root:/') mounted
[2026.02.11-16.30.44:739][  0]LogShaderLibrary: Display: ShaderCodeLibraryPakFileMountedCallback: pending pak file info (ChunkID:-1 Root:root:/ File:D:/Epic Games/UE_4.27/FeaturePacks/TP_Vehicle.upack)
[2026.02.11-16.30.44:739][  0]LogPakFile: OnPakFileMounted2Time == 0.000022
[2026.02.11-16.30.44:740][  0]LogPakFile: PakFile PrimaryIndexSize=186
[2026.02.11-16.30.44:740][  0]LogPakFile: PakFile PathHashIndexSize=101
[2026.02.11-16.30.44:740][  0]LogPakFile: PakFile FullDirectoryIndexSize=146
[2026.02.11-16.30.44:740][  0]LogShaderLibrary: Display: ShaderCodeLibraryPakFileMountedCallback: PakFile 'D:/Epic Games/UE_4.27/FeaturePacks/TP_VehicleAdv.upack' (chunk index -1, root 'root:/') mounted
[2026.02.11-16.30.44:740][  0]LogShaderLibrary: Display: ShaderCodeLibraryPakFileMountedCallback: pending pak file info (ChunkID:-1 Root:root:/ File:D:/Epic Games/UE_4.27/FeaturePacks/TP_VehicleAdv.upack)
[2026.02.11-16.30.44:740][  0]LogPakFile: OnPakFileMounted2Time == 0.000021
[2026.02.11-16.30.44:742][  0]LogPakFile: PakFile PrimaryIndexSize=188
[2026.02.11-16.30.44:742][  0]LogPakFile: PakFile PathHashIndexSize=101
[2026.02.11-16.30.44:742][  0]LogPakFile: PakFile FullDirectoryIndexSize=150
[2026.02.11-16.30.44:742][  0]LogShaderLibrary: Display: ShaderCodeLibraryPakFileMountedCallback: PakFile 'D:/Epic Games/UE_4.27/FeaturePacks/TP_VehicleAdvBP.upack' (chunk index -1, root 'root:/') mounted
[2026.02.11-16.30.44:742][  0]LogShaderLibrary: Display: ShaderCodeLibraryPakFileMountedCallback: pending pak file info (ChunkID:-1 Root:root:/ File:D:/Epic Games/UE_4.27/FeaturePacks/TP_VehicleAdvBP.upack)
[2026.02.11-16.30.44:742][  0]LogPakFile: OnPakFileMounted2Time == 0.000023
[2026.02.11-16.30.44:743][  0]LogPakFile: PakFile PrimaryIndexSize=185
[2026.02.11-16.30.44:743][  0]LogPakFile: PakFile PathHashIndexSize=101
[2026.02.11-16.30.44:743][  0]LogPakFile: PakFile FullDirectoryIndexSize=144
[2026.02.11-16.30.44:743][  0]LogShaderLibrary: Display: ShaderCodeLibraryPakFileMountedCallback: PakFile 'D:/Epic Games/UE_4.27/FeaturePacks/TP_VehicleBP.upack' (chunk index -1, root 'root:/') mounted
[2026.02.11-16.30.44:743][  0]LogShaderLibrary: Display: ShaderCodeLibraryPakFileMountedCallback: pending pak file info (ChunkID:-1 Root:root:/ File:D:/Epic Games/UE_4.27/FeaturePacks/TP_VehicleBP.upack)
[2026.02.11-16.30.44:743][  0]LogPakFile: OnPakFileMounted2Time == 0.000020
[2026.02.11-16.30.44:745][  0]LogPakFile: PakFile PrimaryIndexSize=192
[2026.02.11-16.30.44:745][  0]LogPakFile: PakFile PathHashIndexSize=101
[2026.02.11-16.30.44:745][  0]LogPakFile: PakFile FullDirectoryIndexSize=158
[2026.02.11-16.30.44:745][  0]LogShaderLibrary: Display: ShaderCodeLibraryPakFileMountedCallback: PakFile 'D:/Epic Games/UE_4.27/FeaturePacks/TP_VirtualRealityBP.upack' (chunk index -1, root 'root:/') mounted
[2026.02.11-16.30.44:745][  0]LogShaderLibrary: Display: ShaderCodeLibraryPakFileMountedCallback: pending pak file info (ChunkID:-1 Root:root:/ File:D:/Epic Games/UE_4.27/FeaturePacks/TP_VirtualRealityBP.upack)
[2026.02.11-16.30.44:745][  0]LogPakFile: OnPakFileMounted2Time == 0.000021
[2026.02.11-16.30.44:866][  0]LogNativeClassHierarchy: Verbose: Native class hierarchy updated for 'AddContentDialog' in 0.0003 seconds. Added 0 classes and 0 folders.
[2026.02.11-16.30.44:870][  0]LogNativeClassHierarchy: Verbose: Native class hierarchy updated for 'SceneOutliner' in 0.0003 seconds. Added 2 classes and 0 folders.
[2026.02.11-16.30.44:998][  0]LogSlate: Took 0.000275 seconds to synchronously load lazily loaded font '../../../Engine/Content/Slate/Fonts/Roboto-Regular.ttf' (155K)
[2026.02.11-16.30.44:999][  0]LogSlate: Took 0.001610 seconds to synchronously load lazily loaded font '../../../Engine/Content/Editor/Slate/Fonts/FontAwesome.ttf' (139K)
[2026.02.11-16.30.45:002][  0]LogSlate: Took 0.000256 seconds to synchronously load lazily loaded font '../../../Engine/Content/Slate/Fonts/Roboto-Bold.ttf' (160K)
[2026.02.11-16.30.45:100][  0]LogRenderer: Reallocating scene render targets to support 808x464 Format 10 NumSamples 1 (Frame:1).
[2026.02.11-16.30.45:178][  0]LogNativeClassHierarchy: Verbose: Native class hierarchy updated for 'HierarchicalLODOutliner' in 0.0002 seconds. Added 0 classes and 0 folders.
[2026.02.11-16.30.45:178][  0]LogLoad: (Engine Initialization) Total time: 5.78 seconds
[2026.02.11-16.30.45:178][  0]LogLoad: (Engine Initialization) Total Blueprint compile time: 0.00 seconds
[2026.02.11-16.30.45:223][  0]LogAssetRegistry: Asset discovery search completed in 3.5461 seconds
[2026.02.11-16.30.45:226][  0]LogCollectionManager: Fixed up redirectors for 0 collections in 0.000003 seconds (updated 0 objects)
[2026.02.11-16.30.45:228][  0]LogContentStreaming: Texture pool size now 1000 MB
[2026.02.11-16.30.45:323][  0]LogRenderer: Reallocating scene render targets to support 808x480 Format 10 NumSamples 1 (Frame:3).
[2026.02.11-16.30.45:325][  0]LogSlate: Took 0.001355 seconds to synchronously load lazily loaded font '../../../Engine/Content/Slate/Fonts/DroidSansMono.ttf' (77K)
[2026.02.11-16.30.45:881][  2]LogSlate: Took 0.001869 seconds to synchronously load lazily loaded font '../../../Engine/Content/Slate/Fonts/Roboto-Light.ttf' (167K)
[2026.02.11-16.30.55:072][152]LogSlate: Window 'Message Log' being destroyed
[2026.02.11-16.31.30:930][408]LogSlate: Took 0.000155 seconds to synchronously load lazily loaded font '../../../Engine/Content/Slate/Fonts/Roboto-Light.ttf' (167K)
[2026.02.11-16.31.30:944][408]LogAssetEditorSubsystem: Opening Asset editor for Blueprint /Game/BluePrintClass/BP_PLAYER.BP_PLAYER
[2026.02.11-16.31.31:199][408]LogNativeClassHierarchy: Verbose: Native class hierarchy updated for 'BlueprintGraph' in 0.0003 seconds. Added 126 classes and 0 folders.
[2026.02.11-16.31.31:716][408]LogSlate: Took 0.000147 seconds to synchronously load lazily loaded font '../../../Engine/Content/Slate/Fonts/Roboto-BoldCondensed.ttf' (158K)
[2026.02.11-16.31.31:763][409]LogSlate: Took 0.001423 seconds to synchronously load lazily loaded font '../../../Engine/Content/Slate/Fonts/Roboto-Italic.ttf' (157K)
[2026.02.11-16.31.33:978][540]BlueprintLog: New page: Compile BP_PLAYER
[2026.02.11-16.31.34:043][540]LogUObjectHash: Compacting FUObjectHashTables data took   2.25ms
[2026.02.11-16.31.35:434][619]Cmd: OBJ SAVEPACKAGE PACKAGE="/Game/Levels/Main" FILE="../../../../../Repozytoria/UE 4.27/KZ_TopDownShooter/TopDownAC/Content/Levels/Main.umap" SILENT=true AUTOSAVING=false KEEPDIRTY=false
[2026.02.11-16.31.35:456][619]LogUObjectHash: Compacting FUObjectHashTables data took   1.73ms
[2026.02.11-16.31.35:465][619]LogSavePackage: Moving '../../../../../Repozytoria/UE 4.27/KZ_TopDownShooter/TopDownAC/Saved/Main90E1C07048DDBA393275C28AB727E5C4.tmp' to '../../../../../Repozytoria/UE 4.27/KZ_TopDownShooter/TopDownAC/Content/Levels/Main.umap'
[2026.02.11-16.31.35:492][619]AssetCheck: New page: Asset Save: Main
[2026.02.11-16.31.35:492][619]LogContentValidation: Display: Validating World /Game/Levels/Main.Main
[2026.02.11-16.31.37:542][740]LogTemp: Repeating last play command: Selected Viewport
[2026.02.11-16.31.37:548][740]LogPlayLevel: PlayLevel: No blueprints needed recompiling
[2026.02.11-16.31.37:549][740]PIE: New page: PIE session: Main (11 lut 2026, 18:31:37)
[2026.02.11-16.31.37:551][740]LogOnline: OSS: Creating online subsystem instance for: NULL
[2026.02.11-16.31.37:552][740]LogOnline: OSS: TryLoadSubsystemAndSetDefault: Loaded subsystem for module [NULL]
[2026.02.11-16.31.37:552][740]LogPlayLevel: Creating play world package: /Game/Levels/UEDPIE_0_Main
[2026.02.11-16.31.37:556][740]LogPlayLevel: PIE: StaticDuplicateObject took: (0.003714s)
[2026.02.11-16.31.37:557][740]LogAIModule: Creating AISystem for world Main
[2026.02.11-16.31.37:558][740]LogPlayLevel: PIE: World Init took: (0.001004s)
[2026.02.11-16.31.37:558][740]LogPlayLevel: PIE: Created PIE world by copying editor world from /Game/Levels/Main.Main to /Game/Levels/UEDPIE_0_Main.Main (0.004863s)
[2026.02.11-16.31.37:572][740]LogUObjectHash: Compacting FUObjectHashTables data took   1.00ms
[2026.02.11-16.31.37:573][740]LogAudio: Display: Creating Audio Device:                 Id: 2, Scope: Unique, Realtime: True
[2026.02.11-16.31.37:573][740]LogAudioMixer: Display: Audio Mixer Platform Settings:
[2026.02.11-16.31.37:573][740]LogAudioMixer: Display: 	Sample Rate:						  48000
[2026.02.11-16.31.37:573][740]LogAudioMixer: Display: 	Callback Buffer Frame Size Requested: 1024
[2026.02.11-16.31.37:573][740]LogAudioMixer: Display: 	Callback Buffer Frame Size To Use:	  1024
[2026.02.11-16.31.37:573][740]LogAudioMixer: Display: 	Number of buffers to queue:			  2
[2026.02.11-16.31.37:573][740]LogAudioMixer: Display: 	Max Channels (voices):				  32
[2026.02.11-16.31.37:573][740]LogAudioMixer: Display: 	Number of Async Source Workers:		  0
[2026.02.11-16.31.37:573][740]LogAudio: Display: AudioDevice MaxSources: 32
[2026.02.11-16.31.37:573][740]LogAudio: Display: Audio Spatialization Plugin: None (built-in).
[2026.02.11-16.31.37:573][740]LogAudio: Display: Audio Reverb Plugin: None (built-in).
[2026.02.11-16.31.37:573][740]LogAudio: Display: Audio Occlusion Plugin: None (built-in).
[2026.02.11-16.31.37:573][740]LogAudioMixer: Display: Initializing audio mixer.
[2026.02.11-16.31.37:577][740]LogAudioMixer: Display: 0: FrontLeft
[2026.02.11-16.31.37:577][740]LogAudioMixer: Display: 1: FrontRight
[2026.02.11-16.31.37:587][740]LogAudioMixer: Display: Using Audio Device Speakers (USB Audio Device)
[2026.02.11-16.31.37:587][740]LogAudioMixer: Display: Initializing Sound Submixes...
[2026.02.11-16.31.37:587][740]LogAudioMixer: Display: Creating Master Submix 'MasterSubmixDefault'
[2026.02.11-16.31.37:587][740]LogAudioMixer: Display: Creating Master Submix 'MasterReverbSubmixDefault'
[2026.02.11-16.31.37:587][740]LogAudioMixer: Display: Creating Master Submix 'MasterEQSubmixDefault'
[2026.02.11-16.31.37:587][740]LogAudioMixer: FMixerPlatformXAudio2::StartAudioStream() called
[2026.02.11-16.31.37:587][740]LogAudioMixer: Display: Output buffers initialized: Frames=1024, Channels=2, Samples=2048
[2026.02.11-16.31.37:588][740]LogAudioMixer: Display: Starting AudioMixerPlatformInterface::RunInternal()
[2026.02.11-16.31.37:588][740]LogAudioMixer: Display: FMixerPlatformXAudio2::SubmitBuffer() called for the first time
[2026.02.11-16.31.37:588][740]LogInit: FAudioDevice initialized.
[2026.02.11-16.31.37:588][740]LogAudio: Display: Audio Device (ID: 2) registered with world 'Main'.
[2026.02.11-16.31.37:596][740]LogLoad: Game class is 'BP_GameMode_01_C'
[2026.02.11-16.31.37:598][740]LogWorld: Bringing World /Game/Levels/UEDPIE_0_Main.Main up for play (max tick rate 60) at 2026.02.11-17.31.37
[2026.02.11-16.31.37:599][740]LogWorld: Bringing up level for play took: 0.001807
[2026.02.11-16.31.37:599][740]LogOnline: OSS: Creating online subsystem instance for: :Context_4
[2026.02.11-16.31.37:603][740]LogNativeClassHierarchy: Verbose: Native class hierarchy updated for 'MovieSceneCapture' in 0.0003 seconds. Added 20 classes and 0 folders.
[2026.02.11-16.31.37:605][740]PIE: Server logged in
[2026.02.11-16.31.37:606][740]PIE: Play in editor total start time 0,059 seconds.
[2026.02.11-16.31.45:417][197]LogSlate: Updating window title bar state: overlay mode, drag disabled, window buttons hidden, title bar hidden
[2026.02.11-16.31.45:417][197]LogWorld: BeginTearingDown for /Game/Levels/UEDPIE_0_Main
[2026.02.11-16.31.45:417][197]LogWorld: UWorld::CleanupWorld for Main, bSessionEnded=true, bCleanupResources=true
[2026.02.11-16.31.45:418][197]LogSlate: InvalidateAllWidgets triggered.  All widgets were invalidated
[2026.02.11-16.31.45:431][197]LogPlayLevel: Display: Shutting down PIE online subsystems
[2026.02.11-16.31.45:435][197]LogSlate: InvalidateAllWidgets triggered.  All widgets were invalidated
[2026.02.11-16.31.45:465][197]LogAudio: Display: Audio Device unregistered from world 'None'.
[2026.02.11-16.31.45:466][197]LogAudioMixer: FMixerPlatformXAudio2::StopAudioStream() called
[2026.02.11-16.31.45:467][197]LogAudioMixer: FMixerPlatformXAudio2::StopAudioStream() called
[2026.02.11-16.31.45:472][197]LogSlate: Updating window title bar state: overlay mode, drag disabled, window buttons hidden, title bar hidden
[2026.02.11-16.31.45:487][197]LogUObjectHash: Compacting FUObjectHashTables data took   2.19ms
[2026.02.11-16.31.45:500][198]LogPlayLevel: Display: Destroying online subsystem :Context_4
[2026.02.11-16.37.14:673][188]Cmd: OBJ SAVEPACKAGE PACKAGE="/Game/BluePrintClass/BP_PLAYER" FILE="../../../../../Repozytoria/UE 4.27/KZ_TopDownShooter/TopDownAC/Content/BluePrintClass/BP_PLAYER.uasset" SILENT=true
[2026.02.11-16.37.14:701][188]LogSavePackage: Moving '../../../../../Repozytoria/UE 4.27/KZ_TopDownShooter/TopDownAC/Saved/BP_PLAYER2A064E504482DBA9400B928AFB21EF14.tmp' to '../../../../../Repozytoria/UE 4.27/KZ_TopDownShooter/TopDownAC/Content/BluePrintClass/BP_PLAYER.uasset'
[2026.02.11-16.37.14:716][188]AssetCheck: New page: Asset Save: BP_PLAYER
[2026.02.11-16.37.14:717][188]LogContentValidation: Display: Validating Blueprint /Game/BluePrintClass/BP_PLAYER.BP_PLAYER
[2026.02.11-16.37.17:839][376]BlueprintLog: New page: Compile BP_PLAYER
[2026.02.11-16.37.17:888][376]LogUObjectHash: Compacting FUObjectHashTables data took   2.24ms
[2026.02.11-16.37.39:723][547]LogSlate: Window 'Fix Self Context Function References' being destroyed
[2026.02.11-16.37.49:860][628]LogSlate: Window 'Fix Self Context Function References' being destroyed
[2026.02.11-16.38.02:605][699]LogSlate: Window 'Fix Self Context Function References' being destroyed
[2026.02.11-16.39.02:140][ 16]BlueprintLog: New page: Compile BP_PLAYER
[2026.02.11-16.39.02:181][ 16]LogUObjectHash: Compacting FUObjectHashTables data took   1.90ms
[2026.02.11-16.39.12:220][606]LogRenderer: Reallocating scene render targets to support 984x640 Format 10 NumSamples 1 (Frame:1).
[2026.02.11-16.39.14:352][731]LogAnimation: Warning: SkeletalMesh Rifle has no skeleton. This needs to fixed before an animation can be set
[2026.02.11-16.39.14:936][766]LogAnimation: Warning: SkeletalMesh Rifle has no skeleton. This needs to fixed before an animation can be set
[2026.02.11-16.39.14:951][767]LogAnimation: Warning: SkeletalMesh Rifle has no skeleton. This needs to fixed before an animation can be set
[2026.02.11-16.39.14:969][768]LogAnimation: Warning: SkeletalMesh Rifle has no skeleton. This needs to fixed before an animation can be set
[2026.02.11-16.39.14:985][769]LogAnimation: Warning: SkeletalMesh Rifle has no skeleton. This needs to fixed before an animation can be set
[2026.02.11-16.39.15:002][770]LogAnimation: Warning: SkeletalMesh Rifle has no skeleton. This needs to fixed before an animation can be set
[2026.02.11-16.39.15:018][771]LogAnimation: Warning: SkeletalMesh Rifle has no skeleton. This needs to fixed before an animation can be set
[2026.02.11-16.39.15:035][772]LogAnimation: Warning: SkeletalMesh Rifle has no skeleton. This needs to fixed before an animation can be set
[2026.02.11-16.39.15:051][773]LogAnimation: Warning: SkeletalMesh Rifle has no skeleton. This needs to fixed before an animation can be set
[2026.02.11-16.39.15:068][774]LogAnimation: Warning: SkeletalMesh Rifle has no skeleton. This needs to fixed before an animation can be set
[2026.02.11-16.39.15:085][775]LogAnimation: Warning: SkeletalMesh Rifle has no skeleton. This needs to fixed before an animation can be set
[2026.02.11-16.39.15:101][776]LogAnimation: Warning: SkeletalMesh Rifle has no skeleton. This needs to fixed before an animation can be set
[2026.02.11-16.39.15:118][777]LogAnimation: Warning: SkeletalMesh Rifle has no skeleton. This needs to fixed before an animation can be set
[2026.02.11-16.39.15:135][778]LogAnimation: Warning: SkeletalMesh Rifle has no skeleton. This needs to fixed before an animation can be set
[2026.02.11-16.39.15:154][779]LogAnimation: Warning: SkeletalMesh Rifle has no skeleton. This needs to fixed before an animation can be set
[2026.02.11-16.39.15:168][780]LogAnimation: Warning: SkeletalMesh Rifle has no skeleton. This needs to fixed before an animation can be set
[2026.02.11-16.39.15:185][781]LogAnimation: Warning: SkeletalMesh Rifle has no skeleton. This needs to fixed before an animation can be set
[2026.02.11-16.39.15:202][782]LogAnimation: Warning: SkeletalMesh Rifle has no skeleton. This needs to fixed before an animation can be set
[2026.02.11-16.39.15:219][783]LogAnimation: Warning: SkeletalMesh Rifle has no skeleton. This needs to fixed before an animation can be set
[2026.02.11-16.39.15:235][784]LogAnimation: Warning: SkeletalMesh Rifle has no skeleton. This needs to fixed before an animation can be set
[2026.02.11-16.39.15:252][785]LogAnimation: Warning: SkeletalMesh Rifle has no skeleton. This needs to fixed before an animation can be set
[2026.02.11-16.39.15:268][786]LogAnimation: Warning: SkeletalMesh Rifle has no skeleton. This needs to fixed before an animation can be set
[2026.02.11-16.39.15:285][787]LogAnimation: Warning: SkeletalMesh Rifle has no skeleton. This needs to fixed before an animation can be set
[2026.02.11-16.39.15:302][788]LogAnimation: Warning: SkeletalMesh Rifle has no skeleton. This needs to fixed before an animation can be set
[2026.02.11-16.39.15:320][789]LogAnimation: Warning: SkeletalMesh Rifle has no skeleton. This needs to fixed before an animation can be set
[2026.02.11-16.39.15:335][790]LogAnimation: Warning: SkeletalMesh Rifle has no skeleton. This needs to fixed before an animation can be set
[2026.02.11-16.39.15:352][791]LogAnimation: Warning: SkeletalMesh Rifle has no skeleton. This needs to fixed before an animation can be set
[2026.02.11-16.39.15:368][792]LogAnimation: Warning: SkeletalMesh Rifle has no skeleton. This needs to fixed before an animation can be set
[2026.02.11-16.39.15:387][793]LogAnimation: Warning: SkeletalMesh Rifle has no skeleton. This needs to fixed before an animation can be set
[2026.02.11-16.39.15:401][794]LogAnimation: Warning: SkeletalMesh Rifle has no skeleton. This needs to fixed before an animation can be set
[2026.02.11-16.39.15:418][795]LogAnimation: Warning: SkeletalMesh Rifle has no skeleton. This needs to fixed before an animation can be set
[2026.02.11-16.39.15:435][796]LogAnimation: Warning: SkeletalMesh Rifle has no skeleton. This needs to fixed before an animation can be set
[2026.02.11-16.39.15:451][797]LogAnimation: Warning: SkeletalMesh Rifle has no skeleton. This needs to fixed before an animation can be set
[2026.02.11-16.39.15:468][798]LogAnimation: Warning: SkeletalMesh Rifle has no skeleton. This needs to fixed before an animation can be set
[2026.02.11-16.39.15:486][799]LogAnimation: Warning: SkeletalMesh Rifle has no skeleton. This needs to fixed before an animation can be set
[2026.02.11-16.39.15:502][800]LogAnimation: Warning: SkeletalMesh Rifle has no skeleton. This needs to fixed before an animation can be set
[2026.02.11-16.39.15:519][801]LogAnimation: Warning: SkeletalMesh Rifle has no skeleton. This needs to fixed before an animation can be set
[2026.02.11-16.39.15:536][802]LogAnimation: Warning: SkeletalMesh Rifle has no skeleton. This needs to fixed before an animation can be set
[2026.02.11-16.39.15:552][803]LogAnimation: Warning: SkeletalMesh Rifle has no skeleton. This needs to fixed before an animation can be set
[2026.02.11-16.39.15:568][804]LogAnimation: Warning: SkeletalMesh Rifle has no skeleton. This needs to fixed before an animation can be set
[2026.02.11-16.39.15:585][805]LogAnimation: Warning: SkeletalMesh Rifle has no skeleton. This needs to fixed before an animation can be set
[2026.02.11-16.39.15:602][806]LogAnimation: Warning: SkeletalMesh Rifle has no skeleton. This needs to fixed before an animation can be set
[2026.02.11-16.39.15:618][807]LogAnimation: Warning: SkeletalMesh Rifle has no skeleton. This needs to fixed before an animation can be set
[2026.02.11-16.39.15:635][808]LogAnimation: Warning: SkeletalMesh Rifle has no skeleton. This needs to fixed before an animation can be set
[2026.02.11-16.39.15:651][809]LogAnimation: Warning: SkeletalMesh Rifle has no skeleton. This needs to fixed before an animation can be set
[2026.02.11-16.39.15:671][810]LogAnimation: Warning: SkeletalMesh Rifle has no skeleton. This needs to fixed before an animation can be set
[2026.02.11-16.39.15:685][811]LogAnimation: Warning: SkeletalMesh Rifle has no skeleton. This needs to fixed before an animation can be set
[2026.02.11-16.39.15:702][812]LogAnimation: Warning: SkeletalMesh Rifle has no skeleton. This needs to fixed before an animation can be set
[2026.02.11-16.39.15:719][813]LogAnimation: Warning: SkeletalMesh Rifle has no skeleton. This needs to fixed before an animation can be set
[2026.02.11-16.39.15:735][814]LogAnimation: Warning: SkeletalMesh Rifle has no skeleton. This needs to fixed before an animation can be set
[2026.02.11-16.39.15:755][815]LogAnimation: Warning: SkeletalMesh Rifle has no skeleton. This needs to fixed before an animation can be set
[2026.02.11-16.39.15:769][816]LogAnimation: Warning: SkeletalMesh Rifle has no skeleton. This needs to fixed before an animation can be set
[2026.02.11-16.39.15:785][817]LogAnimation: Warning: SkeletalMesh Rifle has no skeleton. This needs to fixed before an animation can be set
[2026.02.11-16.39.15:804][818]LogAnimation: Warning: SkeletalMesh Rifle has no skeleton. This needs to fixed before an animation can be set
[2026.02.11-16.39.15:819][819]LogAnimation: Warning: SkeletalMesh Rifle has no skeleton. This needs to fixed before an animation can be set
[2026.02.11-16.39.15:835][820]LogAnimation: Warning: SkeletalMesh Rifle has no skeleton. This needs to fixed before an animation can be set
[2026.02.11-16.39.15:851][821]LogAnimation: Warning: SkeletalMesh Rifle has no skeleton. This needs to fixed before an animation can be set
[2026.02.11-16.39.15:869][822]LogAnimation: Warning: SkeletalMesh Rifle has no skeleton. This needs to fixed before an animation can be set
[2026.02.11-16.39.15:885][823]LogAnimation: Warning: SkeletalMesh Rifle has no skeleton. This needs to fixed before an animation can be set
[2026.02.11-16.39.15:902][824]LogAnimation: Warning: SkeletalMesh Rifle has no skeleton. This needs to fixed before an animation can be set
[2026.02.11-16.39.15:918][825]LogAnimation: Warning: SkeletalMesh Rifle has no skeleton. This needs to fixed before an animation can be set
[2026.02.11-16.39.15:935][826]LogAnimation: Warning: SkeletalMesh Rifle has no skeleton. This needs to fixed before an animation can be set
[2026.02.11-16.39.15:968][828]LogAnimation: Warning: SkeletalMesh Rifle has no skeleton. This needs to fixed before an animation can be set
[2026.02.11-16.39.15:985][829]LogAnimation: Warning: SkeletalMesh Rifle has no skeleton. This needs to fixed before an animation can be set
[2026.02.11-16.39.16:003][830]LogAnimation: Warning: SkeletalMesh Rifle has no skeleton. This needs to fixed before an animation can be set
[2026.02.11-16.39.16:025][831]LogAnimation: Warning: SkeletalMesh Rifle has no skeleton. This needs to fixed before an animation can be set
[2026.02.11-16.39.16:042][832]LogAnimation: Warning: SkeletalMesh Rifle has no skeleton. This needs to fixed before an animation can be set
[2026.02.11-16.39.16:059][833]LogAnimation: Warning: SkeletalMesh Rifle has no skeleton. This needs to fixed before an animation can be set
[2026.02.11-16.39.16:075][834]LogAnimation: Warning: SkeletalMesh Rifle has no skeleton. This needs to fixed before an animation can be set
[2026.02.11-16.39.16:092][835]LogAnimation: Warning: SkeletalMesh Rifle has no skeleton. This needs to fixed before an animation can be set
[2026.02.11-16.39.16:109][836]LogAnimation: Warning: SkeletalMesh Rifle has no skeleton. This needs to fixed before an animation can be set
[2026.02.11-16.39.16:125][837]LogAnimation: Warning: SkeletalMesh Rifle has no skeleton. This needs to fixed before an animation can be set
[2026.02.11-16.39.16:142][838]LogAnimation: Warning: SkeletalMesh Rifle has no skeleton. This needs to fixed before an animation can be set
[2026.02.11-16.39.16:159][839]LogAnimation: Warning: SkeletalMesh Rifle has no skeleton. This needs to fixed before an animation can be set
[2026.02.11-16.39.16:176][840]LogAnimation: Warning: SkeletalMesh Rifle has no skeleton. This needs to fixed before an animation can be set
[2026.02.11-16.39.16:193][841]LogAnimation: Warning: SkeletalMesh Rifle has no skeleton. This needs to fixed before an animation can be set
[2026.02.11-16.39.16:212][842]LogAnimation: Warning: SkeletalMesh Rifle has no skeleton. This needs to fixed before an animation can be set
[2026.02.11-16.39.16:233][843]LogAnimation: Warning: SkeletalMesh Rifle has no skeleton. This needs to fixed before an animation can be set
[2026.02.11-16.39.16:248][844]LogAnimation: Warning: SkeletalMesh Rifle has no skeleton. This needs to fixed before an animation can be set
[2026.02.11-16.39.16:265][845]LogAnimation: Warning: SkeletalMesh Rifle has no skeleton. This needs to fixed before an animation can be set
[2026.02.11-16.39.16:280][846]LogAnimation: Warning: SkeletalMesh Rifle has no skeleton. This needs to fixed before an animation can be set
[2026.02.11-16.39.16:298][847]LogAnimation: Warning: SkeletalMesh Rifle has no skeleton. This needs to fixed before an animation can be set
[2026.02.11-16.39.16:315][848]LogAnimation: Warning: SkeletalMesh Rifle has no skeleton. This needs to fixed before an animation can be set
[2026.02.11-16.39.16:331][849]LogAnimation: Warning: SkeletalMesh Rifle has no skeleton. This needs to fixed before an animation can be set
[2026.02.11-16.39.16:348][850]LogAnimation: Warning: SkeletalMesh Rifle has no skeleton. This needs to fixed before an animation can be set
[2026.02.11-16.39.16:365][851]LogAnimation: Warning: SkeletalMesh Rifle has no skeleton. This needs to fixed before an animation can be set
[2026.02.11-16.39.16:382][852]LogAnimation: Warning: SkeletalMesh Rifle has no skeleton. This needs to fixed before an animation can be set
[2026.02.11-16.39.16:398][853]LogAnimation: Warning: SkeletalMesh Rifle has no skeleton. This needs to fixed before an animation can be set
[2026.02.11-16.39.16:415][854]LogAnimation: Warning: SkeletalMesh Rifle has no skeleton. This needs to fixed before an animation can be set
[2026.02.11-16.39.16:431][855]LogAnimation: Warning: SkeletalMesh Rifle has no skeleton. This needs to fixed before an animation can be set
[2026.02.11-16.39.16:448][856]LogAnimation: Warning: SkeletalMesh Rifle has no skeleton. This needs to fixed before an animation can be set
[2026.02.11-16.39.16:465][857]LogAnimation: Warning: SkeletalMesh Rifle has no skeleton. This needs to fixed before an animation can be set
[2026.02.11-16.39.16:481][858]LogAnimation: Warning: SkeletalMesh Rifle has no skeleton. This needs to fixed before an animation can be set
[2026.02.11-16.39.16:498][859]LogAnimation: Warning: SkeletalMesh Rifle has no skeleton. This needs to fixed before an animation can be set
[2026.02.11-16.39.16:515][860]LogAnimation: Warning: SkeletalMesh Rifle has no skeleton. This needs to fixed before an animation can be set
[2026.02.11-16.39.16:531][861]LogAnimation: Warning: SkeletalMesh Rifle has no skeleton. This needs to fixed before an animation can be set
[2026.02.11-16.39.16:548][862]LogAnimation: Warning: SkeletalMesh Rifle has no skeleton. This needs to fixed before an animation can be set
[2026.02.11-16.39.16:565][863]LogAnimation: Warning: SkeletalMesh Rifle has no skeleton. This needs to fixed before an animation can be set
[2026.02.11-16.39.16:581][864]LogAnimation: Warning: SkeletalMesh Rifle has no skeleton. This needs to fixed before an animation can be set
[2026.02.11-16.39.16:598][865]LogAnimation: Warning: SkeletalMesh Rifle has no skeleton. This needs to fixed before an animation can be set
[2026.02.11-16.39.16:615][866]LogAnimation: Warning: SkeletalMesh Rifle has no skeleton. This needs to fixed before an animation can be set
[2026.02.11-16.39.16:632][867]LogAnimation: Warning: SkeletalMesh Rifle has no skeleton. This needs to fixed before an animation can be set
[2026.02.11-16.39.16:648][868]LogAnimation: Warning: SkeletalMesh Rifle has no skeleton. This needs to fixed before an animation can be set
[2026.02.11-16.39.16:665][869]LogAnimation: Warning: SkeletalMesh Rifle has no skeleton. This needs to fixed before an animation can be set
[2026.02.11-16.39.16:681][870]LogAnimation: Warning: SkeletalMesh Rifle has no skeleton. This needs to fixed before an animation can be set
[2026.02.11-16.39.16:698][871]LogAnimation: Warning: SkeletalMesh Rifle has no skeleton. This needs to fixed before an animation can be set
[2026.02.11-16.39.16:715][872]LogAnimation: Warning: SkeletalMesh Rifle has no skeleton. This needs to fixed before an animation can be set
[2026.02.11-16.39.16:731][873]LogAnimation: Warning: SkeletalMesh Rifle has no skeleton. This needs to fixed before an animation can be set
[2026.02.11-16.39.16:748][874]LogAnimation: Warning: SkeletalMesh Rifle has no skeleton. This needs to fixed before an animation can be set
[2026.02.11-16.39.16:765][875]LogAnimation: Warning: SkeletalMesh Rifle has no skeleton. This needs to fixed before an animation can be set
[2026.02.11-16.39.16:782][876]LogAnimation: Warning: SkeletalMesh Rifle has no skeleton. This needs to fixed before an animation can be set
[2026.02.11-16.39.16:798][877]LogAnimation: Warning: SkeletalMesh Rifle has no skeleton. This needs to fixed before an animation can be set
[2026.02.11-16.39.16:815][878]LogAnimation: Warning: SkeletalMesh Rifle has no skeleton. This needs to fixed before an animation can be set
[2026.02.11-16.39.16:832][879]LogAnimation: Warning: SkeletalMesh Rifle has no skeleton. This needs to fixed before an animation can be set
[2026.02.11-16.39.16:848][880]LogAnimation: Warning: SkeletalMesh Rifle has no skeleton. This needs to fixed before an animation can be set
[2026.02.11-16.39.16:865][881]LogAnimation: Warning: SkeletalMesh Rifle has no skeleton. This needs to fixed before an animation can be set
[2026.02.11-16.39.16:881][882]LogAnimation: Warning: SkeletalMesh Rifle has no skeleton. This needs to fixed before an animation can be set
[2026.02.11-16.39.16:898][883]LogAnimation: Warning: SkeletalMesh Rifle has no skeleton. This needs to fixed before an animation can be set
[2026.02.11-16.39.16:915][884]LogAnimation: Warning: SkeletalMesh Rifle has no skeleton. This needs to fixed before an animation can be set
[2026.02.11-16.39.16:931][885]LogAnimation: Warning: SkeletalMesh Rifle has no skeleton. This needs to fixed before an animation can be set
[2026.02.11-16.39.16:948][886]LogAnimation: Warning: SkeletalMesh Rifle has no skeleton. This needs to fixed before an animation can be set
[2026.02.11-16.39.16:965][887]LogAnimation: Warning: SkeletalMesh Rifle has no skeleton. This needs to fixed before an animation can be set
[2026.02.11-16.39.16:982][888]LogAnimation: Warning: SkeletalMesh Rifle has no skeleton. This needs to fixed before an animation can be set
[2026.02.11-16.39.16:998][889]LogAnimation: Warning: SkeletalMesh Rifle has no skeleton. This needs to fixed before an animation can be set
[2026.02.11-16.39.17:015][890]LogAnimation: Warning: SkeletalMesh Rifle has no skeleton. This needs to fixed before an animation can be set
[2026.02.11-16.39.17:032][891]LogAnimation: Warning: SkeletalMesh Rifle has no skeleton. This needs to fixed before an animation can be set
[2026.02.11-16.39.17:048][892]LogAnimation: Warning: SkeletalMesh Rifle has no skeleton. This needs to fixed before an animation can be set
[2026.02.11-16.39.17:065][893]LogAnimation: Warning: SkeletalMesh Rifle has no skeleton. This needs to fixed before an animation can be set
[2026.02.11-16.39.17:082][894]LogAnimation: Warning: SkeletalMesh Rifle has no skeleton. This needs to fixed before an animation can be set
[2026.02.11-16.39.17:098][895]LogAnimation: Warning: SkeletalMesh Rifle has no skeleton. This needs to fixed before an animation can be set
[2026.02.11-16.39.17:115][896]LogAnimation: Warning: SkeletalMesh Rifle has no skeleton. This needs to fixed before an animation can be set
[2026.02.11-16.39.17:131][897]LogAnimation: Warning: SkeletalMesh Rifle has no skeleton. This needs to fixed before an animation can be set
[2026.02.11-16.39.17:148][898]LogAnimation: Warning: SkeletalMesh Rifle has no skeleton. This needs to fixed before an animation can be set
[2026.02.11-16.39.17:165][899]LogAnimation: Warning: SkeletalMesh Rifle has no skeleton. This needs to fixed before an animation can be set
[2026.02.11-16.39.17:182][900]LogAnimation: Warning: SkeletalMesh Rifle has no skeleton. This needs to fixed before an animation can be set
[2026.02.11-16.39.17:199][901]LogAnimation: Warning: SkeletalMesh Rifle has no skeleton. This needs to fixed before an animation can be set
[2026.02.11-16.39.17:215][902]LogAnimation: Warning: SkeletalMesh Rifle has no skeleton. This needs to fixed before an animation can be set
[2026.02.11-16.39.17:232][903]LogAnimation: Warning: SkeletalMesh Rifle has no skeleton. This needs to fixed before an animation can be set
[2026.02.11-16.39.17:248][904]LogAnimation: Warning: SkeletalMesh Rifle has no skeleton. This needs to fixed before an animation can be set
[2026.02.11-16.39.17:265][905]LogAnimation: Warning: SkeletalMesh Rifle has no skeleton. This needs to fixed before an animation can be set
[2026.02.11-16.39.17:282][906]LogAnimation: Warning: SkeletalMesh Rifle has no skeleton. This needs to fixed before an animation can be set
[2026.02.11-16.39.17:298][907]LogAnimation: Warning: SkeletalMesh Rifle has no skeleton. This needs to fixed before an animation can be set
[2026.02.11-16.39.17:315][908]LogAnimation: Warning: SkeletalMesh Rifle has no skeleton. This needs to fixed before an animation can be set
[2026.02.11-16.39.17:332][909]LogAnimation: Warning: SkeletalMesh Rifle has no skeleton. This needs to fixed before an animation can be set
[2026.02.11-16.39.17:349][910]LogAnimation: Warning: SkeletalMesh Rifle has no skeleton. This needs to fixed before an animation can be set
[2026.02.11-16.39.17:366][911]LogAnimation: Warning: SkeletalMesh Rifle has no skeleton. This needs to fixed before an animation can be set
[2026.02.11-16.39.17:381][912]LogAnimation: Warning: SkeletalMesh Rifle has no skeleton. This needs to fixed before an animation can be set
[2026.02.11-16.39.17:399][913]LogAnimation: Warning: SkeletalMesh Rifle has no skeleton. This needs to fixed before an animation can be set
[2026.02.11-16.39.17:415][914]LogAnimation: Warning: SkeletalMesh Rifle has no skeleton. This needs to fixed before an animation can be set
[2026.02.11-16.39.17:433][915]LogAnimation: Warning: SkeletalMesh Rifle has no skeleton. This needs to fixed before an animation can be set
[2026.02.11-16.39.17:449][916]LogAnimation: Warning: SkeletalMesh Rifle has no skeleton. This needs to fixed before an animation can be set
[2026.02.11-16.39.17:468][917]LogAnimation: Warning: SkeletalMesh Rifle has no skeleton. This needs to fixed before an animation can be set
[2026.02.11-16.39.17:481][918]LogAnimation: Warning: SkeletalMesh Rifle has no skeleton. This needs to fixed before an animation can be set
[2026.02.11-16.39.17:499][919]LogAnimation: Warning: SkeletalMesh Rifle has no skeleton. This needs to fixed before an animation can be set
[2026.02.11-16.39.17:515][920]LogAnimation: Warning: SkeletalMesh Rifle has no skeleton. This needs to fixed before an animation can be set
[2026.02.11-16.39.17:531][921]LogAnimation: Warning: SkeletalMesh Rifle has no skeleton. This needs to fixed before an animation can be set
[2026.02.11-16.39.17:551][922]LogAnimation: Warning: SkeletalMesh Rifle has no skeleton. This needs to fixed before an animation can be set
[2026.02.11-16.39.17:566][923]LogAnimation: Warning: SkeletalMesh Rifle has no skeleton. This needs to fixed before an animation can be set
[2026.02.11-16.39.17:583][924]LogAnimation: Warning: SkeletalMesh Rifle has no skeleton. This needs to fixed before an animation can be set
[2026.02.11-16.39.17:599][925]LogAnimation: Warning: SkeletalMesh Rifle has no skeleton. This needs to fixed before an animation can be set
[2026.02.11-16.39.17:615][926]LogAnimation: Warning: SkeletalMesh Rifle has no skeleton. This needs to fixed before an animation can be set
[2026.02.11-16.39.17:634][927]LogAnimation: Warning: SkeletalMesh Rifle has no skeleton. This needs to fixed before an animation can be set
[2026.02.11-16.39.17:648][928]LogAnimation: Warning: SkeletalMesh Rifle has no skeleton. This needs to fixed before an animation can be set
[2026.02.11-16.39.17:665][929]LogAnimation: Warning: SkeletalMesh Rifle has no skeleton. This needs to fixed before an animation can be set
[2026.02.11-16.39.17:682][930]LogAnimation: Warning: SkeletalMesh Rifle has no skeleton. This needs to fixed before an animation can be set
[2026.02.11-16.39.17:698][931]LogAnimation: Warning: SkeletalMesh Rifle has no skeleton. This needs to fixed before an animation can be set
[2026.02.11-16.39.17:715][932]LogAnimation: Warning: SkeletalMesh Rifle has no skeleton. This needs to fixed before an animation can be set
[2026.02.11-16.39.17:733][933]LogAnimation: Warning: SkeletalMesh Rifle has no skeleton. This needs to fixed before an animation can be set
[2026.02.11-16.39.17:748][934]LogAnimation: Warning: SkeletalMesh Rifle has no skeleton. This needs to fixed before an animation can be set
[2026.02.11-16.39.17:765][935]LogAnimation: Warning: SkeletalMesh Rifle has no skeleton. This needs to fixed before an animation can be set
[2026.02.11-16.39.17:781][936]LogAnimation: Warning: SkeletalMesh Rifle has no skeleton. This needs to fixed before an animation can be set
[2026.02.11-16.39.17:799][937]LogAnimation: Warning: SkeletalMesh Rifle has no skeleton. This needs to fixed before an animation can be set
[2026.02.11-16.39.17:815][938]LogAnimation: Warning: SkeletalMesh Rifle has no skeleton. This needs to fixed before an animation can be set
[2026.02.11-16.39.17:831][939]LogAnimation: Warning: SkeletalMesh Rifle has no skeleton. This needs to fixed before an animation can be set
[2026.02.11-16.39.17:848][940]LogAnimation: Warning: SkeletalMesh Rifle has no skeleton. This needs to fixed before an animation can be set
[2026.02.11-16.39.17:865][941]LogAnimation: Warning: SkeletalMesh Rifle has no skeleton. This needs to fixed before an animation can be set
[2026.02.11-16.39.17:882][942]LogAnimation: Warning: SkeletalMesh Rifle has no skeleton. This needs to fixed before an animation can be set
[2026.02.11-16.39.17:898][943]LogAnimation: Warning: SkeletalMesh Rifle has no skeleton. This needs to fixed before an animation can be set
[2026.02.11-16.39.17:915][944]LogAnimation: Warning: SkeletalMesh Rifle has no skeleton. This needs to fixed before an animation can be set
[2026.02.11-16.39.17:932][945]LogAnimation: Warning: SkeletalMesh Rifle has no skeleton. This needs to fixed before an animation can be set
[2026.02.11-16.39.17:965][947]LogAnimation: Warning: SkeletalMesh Rifle has no skeleton. This needs to fixed before an animation can be set
[2026.02.11-16.39.17:982][948]LogAnimation: Warning: SkeletalMesh Rifle has no skeleton. This needs to fixed before an animation can be set
[2026.02.11-16.39.17:998][949]LogAnimation: Warning: SkeletalMesh Rifle has no skeleton. This needs to fixed before an animation can be set
[2026.02.11-16.39.18:015][950]LogAnimation: Warning: SkeletalMesh Rifle has no skeleton. This needs to fixed before an animation can be set
[2026.02.11-16.39.18:031][951]LogAnimation: Warning: SkeletalMesh Rifle has no skeleton. This needs to fixed before an animation can be set
[2026.02.11-16.39.18:048][952]LogAnimation: Warning: SkeletalMesh Rifle has no skeleton. This needs to fixed before an animation can be set
[2026.02.11-16.39.18:065][953]LogAnimation: Warning: SkeletalMesh Rifle has no skeleton. This needs to fixed before an animation can be set
[2026.02.11-16.39.18:082][954]LogAnimation: Warning: SkeletalMesh Rifle has no skeleton. This needs to fixed before an animation can be set
[2026.02.11-16.39.18:098][955]LogAnimation: Warning: SkeletalMesh Rifle has no skeleton. This needs to fixed before an animation can be set
[2026.02.11-16.39.18:115][956]LogAnimation: Warning: SkeletalMesh Rifle has no skeleton. This needs to fixed before an animation can be set
[2026.02.11-16.39.18:131][957]LogAnimation: Warning: SkeletalMesh Rifle has no skeleton. This needs to fixed before an animation can be set
[2026.02.11-16.39.18:148][958]LogAnimation: Warning: SkeletalMesh Rifle has no skeleton. This needs to fixed before an animation can be set
[2026.02.11-16.39.18:165][959]LogAnimation: Warning: SkeletalMesh Rifle has no skeleton. This needs to fixed before an animation can be set
[2026.02.11-16.39.18:182][960]LogAnimation: Warning: SkeletalMesh Rifle has no skeleton. This needs to fixed before an animation can be set
[2026.02.11-16.39.18:198][961]LogAnimation: Warning: SkeletalMesh Rifle has no skeleton. This needs to fixed before an animation can be set
[2026.02.11-16.39.18:215][962]LogAnimation: Warning: SkeletalMesh Rifle has no skeleton. This needs to fixed before an animation can be set
[2026.02.11-16.39.18:231][963]LogAnimation: Warning: SkeletalMesh Rifle has no skeleton. This needs to fixed before an animation can be set
[2026.02.11-16.39.18:249][964]LogAnimation: Warning: SkeletalMesh Rifle has no skeleton. This needs to fixed before an animation can be set
[2026.02.11-16.39.18:265][965]LogAnimation: Warning: SkeletalMesh Rifle has no skeleton. This needs to fixed before an animation can be set
[2026.02.11-16.39.18:282][966]LogAnimation: Warning: SkeletalMesh Rifle has no skeleton. This needs to fixed before an animation can be set
[2026.02.11-16.39.18:298][967]LogAnimation: Warning: SkeletalMesh Rifle has no skeleton. This needs to fixed before an animation can be set
[2026.02.11-16.39.18:315][968]LogAnimation: Warning: SkeletalMesh Rifle has no skeleton. This needs to fixed before an animation can be set
[2026.02.11-16.39.18:332][969]LogAnimation: Warning: SkeletalMesh Rifle has no skeleton. This needs to fixed before an animation can be set
[2026.02.11-16.39.18:348][970]LogAnimation: Warning: SkeletalMesh Rifle has no skeleton. This needs to fixed before an animation can be set
[2026.02.11-16.39.18:365][971]LogAnimation: Warning: SkeletalMesh Rifle has no skeleton. This needs to fixed before an animation can be set
[2026.02.11-16.39.18:380][972]LogAnimation: Warning: SkeletalMesh Rifle has no skeleton. This needs to fixed before an animation can be set
[2026.02.11-16.39.18:398][973]LogAnimation: Warning: SkeletalMesh Rifle has no skeleton. This needs to fixed before an animation can be set
[2026.02.11-16.39.18:415][974]LogAnimation: Warning: SkeletalMesh Rifle has no skeleton. This needs to fixed before an animation can be set
[2026.02.11-16.39.18:432][975]LogAnimation: Warning: SkeletalMesh Rifle has no skeleton. This needs to fixed before an animation can be set
[2026.02.11-16.39.18:448][976]LogAnimation: Warning: SkeletalMesh Rifle has no skeleton. This needs to fixed before an animation can be set
[2026.02.11-16.39.18:465][977]LogAnimation: Warning: SkeletalMesh Rifle has no skeleton. This needs to fixed before an animation can be set
[2026.02.11-16.39.18:483][978]LogAnimation: Warning: SkeletalMesh Rifle has no skeleton. This needs to fixed before an animation can be set
[2026.02.11-16.39.18:499][979]LogAnimation: Warning: SkeletalMesh Rifle has no skeleton. This needs to fixed before an animation can be set
[2026.02.11-16.39.18:517][980]LogAnimation: Warning: SkeletalMesh Rifle has no skeleton. This needs to fixed before an animation can be set
[2026.02.11-16.39.18:532][981]LogAnimation: Warning: SkeletalMesh Rifle has no skeleton. This needs to fixed before an animation can be set
[2026.02.11-16.39.18:548][982]LogAnimation: Warning: SkeletalMesh Rifle has no skeleton. This needs to fixed before an animation can be set
[2026.02.11-16.39.18:566][983]LogAnimation: Warning: SkeletalMesh Rifle has no skeleton. This needs to fixed before an animation can be set
[2026.02.11-16.39.18:581][984]LogAnimation: Warning: SkeletalMesh Rifle has no skeleton. This needs to fixed before an animation can be set
[2026.02.11-16.39.18:609][985]LogAnimation: Warning: SkeletalMesh Rifle has no skeleton. This needs to fixed before an animation can be set
[2026.02.11-16.39.18:630][986]LogAnimation: Warning: SkeletalMesh Rifle has no skeleton. This needs to fixed before an animation can be set
[2026.02.11-16.39.18:646][987]LogAnimation: Warning: SkeletalMesh Rifle has no skeleton. This needs to fixed before an animation can be set
[2026.02.11-16.39.18:663][988]LogAnimation: Warning: SkeletalMesh Rifle has no skeleton. This needs to fixed before an animation can be set
[2026.02.11-16.39.18:681][989]LogAnimation: Warning: SkeletalMesh Rifle has no skeleton. This needs to fixed before an animation can be set
[2026.02.11-16.39.18:697][990]LogAnimation: Warning: SkeletalMesh Rifle has no skeleton. This needs to fixed before an animation can be set
[2026.02.11-16.39.18:713][991]LogAnimation: Warning: SkeletalMesh Rifle has no skeleton. This needs to fixed before an animation can be set
[2026.02.11-16.39.18:729][992]LogAnimation: Warning: SkeletalMesh Rifle has no skeleton. This needs to fixed before an animation can be set
[2026.02.11-16.39.18:747][993]LogAnimation: Warning: SkeletalMesh Rifle has no skeleton. This needs to fixed before an animation can be set
[2026.02.11-16.39.18:763][994]LogAnimation: Warning: SkeletalMesh Rifle has no skeleton. This needs to fixed before an animation can be set
[2026.02.11-16.39.18:780][995]LogAnimation: Warning: SkeletalMesh Rifle has no skeleton. This needs to fixed before an animation can be set
[2026.02.11-16.39.18:797][996]LogAnimation: Warning: SkeletalMesh Rifle has no skeleton. This needs to fixed before an animation can be set
[2026.02.11-16.39.18:813][997]LogAnimation: Warning: SkeletalMesh Rifle has no skeleton. This needs to fixed before an animation can be set
[2026.02.11-16.39.18:829][998]LogAnimation: Warning: SkeletalMesh Rifle has no skeleton. This needs to fixed before an animation can be set
[2026.02.11-16.39.18:845][999]LogAnimation: Warning: SkeletalMesh Rifle has no skeleton. This needs to fixed before an animation can be set
[2026.02.11-16.39.18:863][  0]LogAnimation: Warning: SkeletalMesh Rifle has no skeleton. This needs to fixed before an animation can be set
[2026.02.11-16.39.18:879][  1]LogAnimation: Warning: SkeletalMesh Rifle has no skeleton. This needs to fixed before an animation can be set
[2026.02.11-16.39.18:896][  2]LogAnimation: Warning: SkeletalMesh Rifle has no skeleton. This needs to fixed before an animation can be set
[2026.02.11-16.39.18:913][  3]LogAnimation: Warning: SkeletalMesh Rifle has no skeleton. This needs to fixed before an animation can be set
[2026.02.11-16.39.18:929][  4]LogAnimation: Warning: SkeletalMesh Rifle has no skeleton. This needs to fixed before an animation can be set
[2026.02.11-16.39.18:946][  5]LogAnimation: Warning: SkeletalMesh Rifle has no skeleton. This needs to fixed before an animation can be set
[2026.02.11-16.39.18:963][  6]LogAnimation: Warning: SkeletalMesh Rifle has no skeleton. This needs to fixed before an animation can be set
[2026.02.11-16.39.18:980][  7]LogAnimation: Warning: SkeletalMesh Rifle has no skeleton. This needs to fixed before an animation can be set
[2026.02.11-16.39.18:996][  8]LogAnimation: Warning: SkeletalMesh Rifle has no skeleton. This needs to fixed before an animation can be set
[2026.02.11-16.39.19:013][  9]LogAnimation: Warning: SkeletalMesh Rifle has no skeleton. This needs to fixed before an animation can be set
[2026.02.11-16.39.19:029][ 10]LogAnimation: Warning: SkeletalMesh Rifle has no skeleton. This needs to fixed before an animation can be set
[2026.02.11-16.39.19:047][ 11]LogAnimation: Warning: SkeletalMesh Rifle has no skeleton. This needs to fixed before an animation can be set
[2026.02.11-16.39.19:063][ 12]LogAnimation: Warning: SkeletalMesh Rifle has no skeleton. This needs to fixed before an animation can be set
[2026.02.11-16.39.19:080][ 13]LogAnimation: Warning: SkeletalMesh Rifle has no skeleton. This needs to fixed before an animation can be set
[2026.02.11-16.39.19:096][ 14]LogAnimation: Warning: SkeletalMesh Rifle has no skeleton. This needs to fixed before an animation can be set
[2026.02.11-16.39.19:113][ 15]LogAnimation: Warning: SkeletalMesh Rifle has no skeleton. This needs to fixed before an animation can be set
[2026.02.11-16.39.19:130][ 16]LogAnimation: Warning: SkeletalMesh Rifle has no skeleton. This needs to fixed before an animation can be set
[2026.02.11-16.39.19:146][ 17]LogAnimation: Warning: SkeletalMesh Rifle has no skeleton. This needs to fixed before an animation can be set
[2026.02.11-16.39.19:164][ 18]LogAnimation: Warning: SkeletalMesh Rifle has no skeleton. This needs to fixed before an animation can be set
[2026.02.11-16.39.19:181][ 19]LogAnimation: Warning: SkeletalMesh Rifle has no skeleton. This needs to fixed before an animation can be set
[2026.02.11-16.39.27:100][490]LogLinker: Warning: [AssetLog] D:\Repozytoria\UE 4.27\KZ_TopDownShooter\TopDownAC\Content\Weapons\Weapons\Materials\MagGun_MatB_Inst2.uasset: Failed to load '/Game/Weapons/Materials/MagGun_MatB': Can't find file.
[2026.02.11-16.39.27:100][490]LogLinker: Warning: [AssetLog] D:\Repozytoria\UE 4.27\KZ_TopDownShooter\TopDownAC\Content\Weapons\Weapons\Materials\MagGun_MatB_Inst2.uasset: Failed to load '/Game/Weapons/Materials/MagGun_MatB': Can't find file.
[2026.02.11-16.39.27:100][490]LogLinker: Warning: [AssetLog] D:\Repozytoria\UE 4.27\KZ_TopDownShooter\TopDownAC\Content\Weapons\Weapons\Materials\MagGun_MatB_Inst2.uasset: Failed to load '/Game/Weapons/Materials/MagGun_MatB': Can't find file.
[2026.02.11-16.39.27:100][490]LogLinker: Warning: [AssetLog] D:\Repozytoria\UE 4.27\KZ_TopDownShooter\TopDownAC\Content\Weapons\Weapons\Materials\MagGun_MatB_Inst2.uasset: Failed to load '/Game/Weapons/Materials/MagGun_MatB': Can't find file.
[2026.02.11-16.39.27:100][490]LoadErrors: Failed to load /Game/Weapons/Materials/MagGun_MatB.MagGun_MatB Referenced by MagGun_MatB_Inst2
[2026.02.11-16.39.27:150][492]LogAnimation: Warning: SkeletalMesh Rifle has no skeleton. This needs to fixed before an animation can be set
[2026.02.11-16.39.27:167][493]LogAnimation: Warning: SkeletalMesh Rifle has no skeleton. This needs to fixed before an animation can be set
[2026.02.11-16.39.27:183][494]LogAnimation: Warning: SkeletalMesh Rifle has no skeleton. This needs to fixed before an animation can be set
[2026.02.11-16.39.27:200][495]LogAnimation: Warning: SkeletalMesh Rifle has no skeleton. This needs to fixed before an animation can be set
[2026.02.11-16.39.27:216][496]LogAnimation: Warning: SkeletalMesh Rifle has no skeleton. This needs to fixed before an animation can be set
[2026.02.11-16.39.27:233][497]LogAnimation: Warning: SkeletalMesh Rifle has no skeleton. This needs to fixed before an animation can be set
[2026.02.11-16.39.27:249][498]LogAnimation: Warning: SkeletalMesh Rifle has no skeleton. This needs to fixed before an animation can be set
[2026.02.11-16.39.27:267][499]LogAnimation: Warning: SkeletalMesh Rifle has no skeleton. This needs to fixed before an animation can be set
[2026.02.11-16.39.27:283][500]LogAnimation: Warning: SkeletalMesh Rifle has no skeleton. This needs to fixed before an animation can be set
[2026.02.11-16.39.27:300][501]LogAnimation: Warning: SkeletalMesh Rifle has no skeleton. This needs to fixed before an animation can be set
[2026.02.11-16.39.27:317][502]LogAnimation: Warning: SkeletalMesh Rifle has no skeleton. This needs to fixed before an animation can be set
[2026.02.11-16.39.27:333][503]LogAnimation: Warning: SkeletalMesh Rifle has no skeleton. This needs to fixed before an animation can be set
[2026.02.11-16.39.27:350][504]LogAnimation: Warning: SkeletalMesh Rifle has no skeleton. This needs to fixed before an animation can be set
[2026.02.11-16.39.27:367][505]LogAnimation: Warning: SkeletalMesh Rifle has no skeleton. This needs to fixed before an animation can be set
[2026.02.11-16.39.27:384][506]LogAnimation: Warning: SkeletalMesh Rifle has no skeleton. This needs to fixed before an animation can be set
[2026.02.11-16.39.27:404][507]LogAnimation: Warning: SkeletalMesh Rifle has no skeleton. This needs to fixed before an animation can be set
[2026.02.11-16.39.27:429][508]LogAnimation: Warning: SkeletalMesh Rifle has no skeleton. This needs to fixed before an animation can be set
[2026.02.11-16.39.27:450][509]LogAnimation: Warning: SkeletalMesh Rifle has no skeleton. This needs to fixed before an animation can be set
[2026.02.11-16.39.27:467][510]LogAnimation: Warning: SkeletalMesh Rifle has no skeleton. This needs to fixed before an animation can be set
[2026.02.11-16.39.27:483][511]LogAnimation: Warning: SkeletalMesh Rifle has no skeleton. This needs to fixed before an animation can be set
[2026.02.11-16.39.29:534][634]LogAnimation: Warning: SkeletalMesh Rifle has no skeleton. This needs to fixed before an animation can be set
[2026.02.11-16.39.29:550][635]LogAnimation: Warning: SkeletalMesh Rifle has no skeleton. This needs to fixed before an animation can be set
[2026.02.11-16.39.29:567][636]LogAnimation: Warning: SkeletalMesh Rifle has no skeleton. This needs to fixed before an animation can be set
[2026.02.11-16.39.29:583][637]LogAnimation: Warning: SkeletalMesh Rifle has no skeleton. This needs to fixed before an animation can be set
[2026.02.11-16.39.29:599][638]LogAnimation: Warning: SkeletalMesh Rifle has no skeleton. This needs to fixed before an animation can be set
[2026.02.11-16.39.29:650][641]LogAnimation: Warning: SkeletalMesh Rifle has no skeleton. This needs to fixed before an animation can be set
[2026.02.11-16.39.29:666][642]LogAnimation: Warning: SkeletalMesh Rifle has no skeleton. This needs to fixed before an animation can be set
[2026.02.11-16.39.29:684][643]LogAnimation: Warning: SkeletalMesh Rifle has no skeleton. This needs to fixed before an animation can be set
[2026.02.11-16.39.29:699][644]LogAnimation: Warning: SkeletalMesh Rifle has no skeleton. This needs to fixed before an animation can be set
[2026.02.11-16.39.29:717][645]LogAnimation: Warning: SkeletalMesh Rifle has no skeleton. This needs to fixed before an animation can be set
[2026.02.11-16.39.29:737][646]LogAnimation: Warning: SkeletalMesh Rifle has no skeleton. This needs to fixed before an animation can be set
[2026.02.11-16.39.29:756][647]LogAnimation: Warning: SkeletalMesh Rifle has no skeleton. This needs to fixed before an animation can be set
[2026.02.11-16.39.29:773][648]LogAnimation: Warning: SkeletalMesh Rifle has no skeleton. This needs to fixed before an animation can be set
[2026.02.11-16.39.29:791][649]LogAnimation: Warning: SkeletalMesh Rifle has no skeleton. This needs to fixed before an animation can be set
[2026.02.11-16.39.29:806][650]LogAnimation: Warning: SkeletalMesh Rifle has no skeleton. This needs to fixed before an animation can be set
[2026.02.11-16.39.29:823][651]LogAnimation: Warning: SkeletalMesh Rifle has no skeleton. This needs to fixed before an animation can be set
[2026.02.11-16.39.29:842][652]LogAnimation: Warning: SkeletalMesh Rifle has no skeleton. This needs to fixed before an animation can be set
[2026.02.11-16.39.29:856][653]LogAnimation: Warning: SkeletalMesh Rifle has no skeleton. This needs to fixed before an animation can be set
[2026.02.11-16.39.29:873][654]LogAnimation: Warning: SkeletalMesh Rifle has no skeleton. This needs to fixed before an animation can be set
[2026.02.11-16.39.29:890][655]LogAnimation: Warning: SkeletalMesh Rifle has no skeleton. This needs to fixed before an animation can be set
[2026.02.11-16.39.29:906][656]LogAnimation: Warning: SkeletalMesh Rifle has no skeleton. This needs to fixed before an animation can be set
[2026.02.11-16.39.29:922][657]LogAnimation: Warning: SkeletalMesh Rifle has no skeleton. This needs to fixed before an animation can be set
[2026.02.11-16.39.29:939][658]LogAnimation: Warning: SkeletalMesh Rifle has no skeleton. This needs to fixed before an animation can be set
[2026.02.11-16.39.29:972][660]LogAnimation: Warning: SkeletalMesh Rifle has no skeleton. This needs to fixed before an animation can be set
[2026.02.11-16.39.29:989][661]LogAnimation: Warning: SkeletalMesh Rifle has no skeleton. This needs to fixed before an animation can be set
[2026.02.11-16.39.30:006][662]LogAnimation: Warning: SkeletalMesh Rifle has no skeleton. This needs to fixed before an animation can be set
[2026.02.11-16.39.30:023][663]LogAnimation: Warning: SkeletalMesh Rifle has no skeleton. This needs to fixed before an animation can be set
[2026.02.11-16.39.30:039][664]LogAnimation: Warning: SkeletalMesh Rifle has no skeleton. This needs to fixed before an animation can be set
[2026.02.11-16.39.30:056][665]LogAnimation: Warning: SkeletalMesh Rifle has no skeleton. This needs to fixed before an animation can be set
[2026.02.11-16.39.30:073][666]LogAnimation: Warning: SkeletalMesh Rifle has no skeleton. This needs to fixed before an animation can be set
[2026.02.11-16.39.30:089][667]LogAnimation: Warning: SkeletalMesh Rifle has no skeleton. This needs to fixed before an animation can be set
[2026.02.11-16.39.30:106][668]LogAnimation: Warning: SkeletalMesh Rifle has no skeleton. This needs to fixed before an animation can be set
[2026.02.11-16.39.30:123][669]LogAnimation: Warning: SkeletalMesh Rifle has no skeleton. This needs to fixed before an animation can be set
[2026.02.11-16.39.30:140][670]LogAnimation: Warning: SkeletalMesh Rifle has no skeleton. This needs to fixed before an animation can be set
[2026.02.11-16.39.30:156][671]LogAnimation: Warning: SkeletalMesh Rifle has no skeleton. This needs to fixed before an animation can be set
[2026.02.11-16.39.30:172][672]LogAnimation: Warning: SkeletalMesh Rifle has no skeleton. This needs to fixed before an animation can be set
[2026.02.11-16.39.30:189][673]LogAnimation: Warning: SkeletalMesh Rifle has no skeleton. This needs to fixed before an animation can be set
[2026.02.11-16.39.30:206][674]LogAnimation: Warning: SkeletalMesh Rifle has no skeleton. This needs to fixed before an animation can be set
[2026.02.11-16.39.30:223][675]LogAnimation: Warning: SkeletalMesh Rifle has no skeleton. This needs to fixed before an animation can be set
[2026.02.11-16.39.30:239][676]LogAnimation: Warning: SkeletalMesh Rifle has no skeleton. This needs to fixed before an animation can be set
[2026.02.11-16.39.30:256][677]LogAnimation: Warning: SkeletalMesh Rifle has no skeleton. This needs to fixed before an animation can be set
[2026.02.11-16.39.30:272][678]LogAnimation: Warning: SkeletalMesh Rifle has no skeleton. This needs to fixed before an animation can be set
[2026.02.11-16.39.30:289][679]LogAnimation: Warning: SkeletalMesh Rifle has no skeleton. This needs to fixed before an animation can be set
[2026.02.11-16.39.30:306][680]LogAnimation: Warning: SkeletalMesh Rifle has no skeleton. This needs to fixed before an animation can be set
[2026.02.11-16.39.30:323][681]LogAnimation: Warning: SkeletalMesh Rifle has no skeleton. This needs to fixed before an animation can be set
[2026.02.11-16.39.30:340][682]LogAnimation: Warning: SkeletalMesh Rifle has no skeleton. This needs to fixed before an animation can be set
[2026.02.11-16.39.30:356][683]LogAnimation: Warning: SkeletalMesh Rifle has no skeleton. This needs to fixed before an animation can be set
[2026.02.11-16.39.30:373][684]LogAnimation: Warning: SkeletalMesh Rifle has no skeleton. This needs to fixed before an animation can be set
[2026.02.11-16.39.30:389][685]LogAnimation: Warning: SkeletalMesh Rifle has no skeleton. This needs to fixed before an animation can be set
[2026.02.11-16.39.30:406][686]LogAnimation: Warning: SkeletalMesh Rifle has no skeleton. This needs to fixed before an animation can be set
[2026.02.11-16.39.30:424][687]LogAnimation: Warning: SkeletalMesh Rifle has no skeleton. This needs to fixed before an animation can be set
[2026.02.11-16.39.30:440][688]LogAnimation: Warning: SkeletalMesh Rifle has no skeleton. This needs to fixed before an animation can be set
[2026.02.11-16.39.30:456][689]LogAnimation: Warning: SkeletalMesh Rifle has no skeleton. This needs to fixed before an animation can be set
[2026.02.11-16.39.30:473][690]LogAnimation: Warning: SkeletalMesh Rifle has no skeleton. This needs to fixed before an animation can be set
[2026.02.11-16.39.30:490][691]LogAnimation: Warning: SkeletalMesh Rifle has no skeleton. This needs to fixed before an animation can be set
[2026.02.11-16.39.30:507][692]LogAnimation: Warning: SkeletalMesh Rifle has no skeleton. This needs to fixed before an animation can be set
[2026.02.11-16.39.30:523][693]LogAnimation: Warning: SkeletalMesh Rifle has no skeleton. This needs to fixed before an animation can be set
[2026.02.11-16.39.30:541][694]LogAnimation: Warning: SkeletalMesh Rifle has no skeleton. This needs to fixed before an animation can be set
[2026.02.11-16.39.30:559][695]LogAnimation: Warning: SkeletalMesh Rifle has no skeleton. This needs to fixed before an animation can be set
[2026.02.11-16.39.30:573][696]LogAnimation: Warning: SkeletalMesh Rifle has no skeleton. This needs to fixed before an animation can be set
[2026.02.11-16.39.30:590][697]LogAnimation: Warning: SkeletalMesh Rifle has no skeleton. This needs to fixed before an animation can be set
[2026.02.11-16.39.30:607][698]LogAnimation: Warning: SkeletalMesh Rifle has no skeleton. This needs to fixed before an animation can be set
[2026.02.11-16.39.30:623][699]LogAnimation: Warning: SkeletalMesh Rifle has no skeleton. This needs to fixed before an animation can be set
[2026.02.11-16.39.30:639][700]LogAnimation: Warning: SkeletalMesh Rifle has no skeleton. This needs to fixed before an animation can be set
[2026.02.11-16.39.30:667][701]LogAnimation: Warning: SkeletalMesh Rifle has no skeleton. This needs to fixed before an animation can be set
[2026.02.11-16.39.30:682][702]LogAnimation: Warning: SkeletalMesh Rifle has no skeleton. This needs to fixed before an animation can be set
[2026.02.11-16.39.30:698][703]LogAnimation: Warning: SkeletalMesh Rifle has no skeleton. This needs to fixed before an animation can be set
[2026.02.11-16.39.30:714][704]LogAnimation: Warning: SkeletalMesh Rifle has no skeleton. This needs to fixed before an animation can be set
[2026.02.11-16.39.30:732][705]LogAnimation: Warning: SkeletalMesh Rifle has no skeleton. This needs to fixed before an animation can be set
[2026.02.11-16.39.30:748][706]LogAnimation: Warning: SkeletalMesh Rifle has no skeleton. This needs to fixed before an animation can be set
[2026.02.11-16.39.30:765][707]LogAnimation: Warning: SkeletalMesh Rifle has no skeleton. This needs to fixed before an animation can be set
[2026.02.11-16.39.30:782][708]LogAnimation: Warning: SkeletalMesh Rifle has no skeleton. This needs to fixed before an animation can be set
[2026.02.11-16.39.30:798][709]LogAnimation: Warning: SkeletalMesh Rifle has no skeleton. This needs to fixed before an animation can be set
[2026.02.11-16.39.30:814][710]LogAnimation: Warning: SkeletalMesh Rifle has no skeleton. This needs to fixed before an animation can be set
[2026.02.11-16.39.30:831][711]LogAnimation: Warning: SkeletalMesh Rifle has no skeleton. This needs to fixed before an animation can be set
[2026.02.11-16.39.30:848][712]LogAnimation: Warning: SkeletalMesh Rifle has no skeleton. This needs to fixed before an animation can be set
[2026.02.11-16.39.30:865][713]LogAnimation: Warning: SkeletalMesh Rifle has no skeleton. This needs to fixed before an animation can be set
[2026.02.11-16.39.30:881][714]LogAnimation: Warning: SkeletalMesh Rifle has no skeleton. This needs to fixed before an animation can be set
[2026.02.11-16.39.30:897][715]LogAnimation: Warning: SkeletalMesh Rifle has no skeleton. This needs to fixed before an animation can be set
[2026.02.11-16.39.30:914][716]LogAnimation: Warning: SkeletalMesh Rifle has no skeleton. This needs to fixed before an animation can be set
[2026.02.11-16.39.30:931][717]LogAnimation: Warning: SkeletalMesh Rifle has no skeleton. This needs to fixed before an animation can be set
[2026.02.11-16.39.30:948][718]LogAnimation: Warning: SkeletalMesh Rifle has no skeleton. This needs to fixed before an animation can be set
[2026.02.11-16.39.30:963][719]LogAnimation: Warning: SkeletalMesh Rifle has no skeleton. This needs to fixed before an animation can be set
[2026.02.11-16.39.30:981][720]LogAnimation: Warning: SkeletalMesh Rifle has no skeleton. This needs to fixed before an animation can be set
[2026.02.11-16.39.30:998][721]LogAnimation: Warning: SkeletalMesh Rifle has no skeleton. This needs to fixed before an animation can be set
[2026.02.11-16.39.31:014][722]LogAnimation: Warning: SkeletalMesh Rifle has no skeleton. This needs to fixed before an animation can be set
[2026.02.11-16.39.31:031][723]LogAnimation: Warning: SkeletalMesh Rifle has no skeleton. This needs to fixed before an animation can be set
[2026.02.11-16.39.31:048][724]LogAnimation: Warning: SkeletalMesh Rifle has no skeleton. This needs to fixed before an animation can be set
[2026.02.11-16.39.31:064][725]LogAnimation: Warning: SkeletalMesh Rifle has no skeleton. This needs to fixed before an animation can be set
[2026.02.11-16.39.31:081][726]LogAnimation: Warning: SkeletalMesh Rifle has no skeleton. This needs to fixed before an animation can be set
[2026.02.11-16.39.31:098][727]LogAnimation: Warning: SkeletalMesh Rifle has no skeleton. This needs to fixed before an animation can be set
[2026.02.11-16.39.31:897][758]LogTexture: Display: Building textures: T_Enemy_GreaterSpider_Ice_D (OODLE_AutoDXT, 2048X2048)
[2026.02.11-16.39.31:897][758]LogTextureFormatOodle: Display: non-RDO encode 2048 x 2048 x 1 to format OODLE_AutoDXT (Oodle OodleTex_BC3) lambda=0 effort=20 
[2026.02.11-16.39.31:897][758]LogTextureFormatOodle: Display: non-RDO encode 1024 x 1024 x 1 to format OODLE_AutoDXT (Oodle OodleTex_BC3) lambda=0 effort=20 
[2026.02.11-16.39.31:897][758]LogMaterial: Display: Missing cached shadermap for CharM_Greater_Spider_Ice in PCD3D_SM5, Default, SM5 (DDC key hash: F801F8701055637DA4EC7685DE84EA9BFEF63DCD), compiling. 
[2026.02.11-16.39.31:930][758]LogShaderCompilers: Display: Submitted 32 shader compile jobs with 'Low' priority
[2026.02.11-16.39.31:933][758]LogShaderCompilers: Display: Worker (1/17): shaders left to compile 32
[2026.02.11-16.39.31:933][758]LogShaderCompilers: Display: Worker (2/17): shaders left to compile 29
[2026.02.11-16.39.31:933][758]LogShaderCompilers: Display: Worker (3/17): shaders left to compile 26
[2026.02.11-16.39.31:933][758]LogShaderCompilers: Display: Worker (4/17): shaders left to compile 23
[2026.02.11-16.39.31:933][758]LogShaderCompilers: Display: Worker (5/17): shaders left to compile 20
[2026.02.11-16.39.31:933][758]LogShaderCompilers: Display: Worker (6/17): shaders left to compile 17
[2026.02.11-16.39.31:933][758]LogShaderCompilers: Display: Worker (7/17): shaders left to compile 14
[2026.02.11-16.39.31:933][758]LogShaderCompilers: Display: Worker (8/17): shaders left to compile 11
[2026.02.11-16.39.31:933][758]LogShaderCompilers: Display: Worker (9/17): shaders left to compile 8
[2026.02.11-16.39.31:933][758]LogShaderCompilers: Display: Worker (10/17): shaders left to compile 5
[2026.02.11-16.39.31:933][758]LogShaderCompilers: Display: Worker (11/17): shaders left to compile 2
[2026.02.11-16.39.31:933][758]LogShaderCompilers: Display: Started 32 'Local' shader compile jobs with 'Low' priority
[2026.02.11-16.39.31:935][758]LogAnimation: Warning: SkeletalMesh Rifle has no skeleton. This needs to fixed before an animation can be set
[2026.02.11-16.39.31:955][759]LogAnimation: Warning: SkeletalMesh Rifle has no skeleton. This needs to fixed before an animation can be set
[2026.02.11-16.39.31:971][760]LogAnimation: Warning: SkeletalMesh Rifle has no skeleton. This needs to fixed before an animation can be set
[2026.02.11-16.39.31:988][761]LogAnimation: Warning: SkeletalMesh Rifle has no skeleton. This needs to fixed before an animation can be set
[2026.02.11-16.39.32:005][762]LogAnimation: Warning: SkeletalMesh Rifle has no skeleton. This needs to fixed before an animation can be set
[2026.02.11-16.39.32:022][763]LogAnimation: Warning: SkeletalMesh Rifle has no skeleton. This needs to fixed before an animation can be set
[2026.02.11-16.39.32:038][764]LogAnimation: Warning: SkeletalMesh Rifle has no skeleton. This needs to fixed before an animation can be set
[2026.02.11-16.39.32:055][765]LogAnimation: Warning: SkeletalMesh Rifle has no skeleton. This needs to fixed before an animation can be set
[2026.02.11-16.39.32:071][766]LogAnimation: Warning: SkeletalMesh Rifle has no skeleton. This needs to fixed before an animation can be set
[2026.02.11-16.39.32:088][767]LogAnimation: Warning: SkeletalMesh Rifle has no skeleton. This needs to fixed before an animation can be set
[2026.02.11-16.39.32:107][768]LogAnimation: Warning: SkeletalMesh Rifle has no skeleton. This needs to fixed before an animation can be set
[2026.02.11-16.39.32:121][769]LogAnimation: Warning: SkeletalMesh Rifle has no skeleton. This needs to fixed before an animation can be set
[2026.02.11-16.39.32:138][770]LogAnimation: Warning: SkeletalMesh Rifle has no skeleton. This needs to fixed before an animation can be set
[2026.02.11-16.39.32:155][771]LogAnimation: Warning: SkeletalMesh Rifle has no skeleton. This needs to fixed before an animation can be set
[2026.02.11-16.39.32:171][772]LogAnimation: Warning: SkeletalMesh Rifle has no skeleton. This needs to fixed before an animation can be set
[2026.02.11-16.39.32:190][773]LogAnimation: Warning: SkeletalMesh Rifle has no skeleton. This needs to fixed before an animation can be set
[2026.02.11-16.39.32:205][774]LogAnimation: Warning: SkeletalMesh Rifle has no skeleton. This needs to fixed before an animation can be set
[2026.02.11-16.39.32:222][775]LogAnimation: Warning: SkeletalMesh Rifle has no skeleton. This needs to fixed before an animation can be set
[2026.02.11-16.39.32:238][776]LogAnimation: Warning: SkeletalMesh Rifle has no skeleton. This needs to fixed before an animation can be set
[2026.02.11-16.39.32:257][777]LogAnimation: Warning: SkeletalMesh Rifle has no skeleton. This needs to fixed before an animation can be set
[2026.02.11-16.39.32:272][778]LogAnimation: Warning: SkeletalMesh Rifle has no skeleton. This needs to fixed before an animation can be set
[2026.02.11-16.39.32:288][779]LogAnimation: Warning: SkeletalMesh Rifle has no skeleton. This needs to fixed before an animation can be set
[2026.02.11-16.39.32:308][780]LogAnimation: Warning: SkeletalMesh Rifle has no skeleton. This needs to fixed before an animation can be set
[2026.02.11-16.39.32:325][781]LogAnimation: Warning: SkeletalMesh Rifle has no skeleton. This needs to fixed before an animation can be set
[2026.02.11-16.39.32:342][782]LogAnimation: Warning: SkeletalMesh Rifle has no skeleton. This needs to fixed before an animation can be set
[2026.02.11-16.39.32:361][783]LogAnimation: Warning: SkeletalMesh Rifle has no skeleton. This needs to fixed before an animation can be set
[2026.02.11-16.39.32:377][784]LogAnimation: Warning: SkeletalMesh Rifle has no skeleton. This needs to fixed before an animation can be set
[2026.02.11-16.39.32:394][785]LogAnimation: Warning: SkeletalMesh Rifle has no skeleton. This needs to fixed before an animation can be set
[2026.02.11-16.39.32:411][786]LogAnimation: Warning: SkeletalMesh Rifle has no skeleton. This needs to fixed before an animation can be set
[2026.02.11-16.39.32:427][787]LogAnimation: Warning: SkeletalMesh Rifle has no skeleton. This needs to fixed before an animation can be set
[2026.02.11-16.39.32:445][788]LogAnimation: Warning: SkeletalMesh Rifle has no skeleton. This needs to fixed before an animation can be set
[2026.02.11-16.39.32:467][789]LogAnimation: Warning: SkeletalMesh Rifle has no skeleton. This needs to fixed before an animation can be set
[2026.02.11-16.39.32:490][790]LogAnimation: Warning: SkeletalMesh Rifle has no skeleton. This needs to fixed before an animation can be set
[2026.02.11-16.39.32:508][791]LogAnimation: Warning: SkeletalMesh Rifle has no skeleton. This needs to fixed before an animation can be set
[2026.02.11-16.39.32:525][792]LogAnimation: Warning: SkeletalMesh Rifle has no skeleton. This needs to fixed before an animation can be set
[2026.02.11-16.39.32:540][793]LogAnimation: Warning: SkeletalMesh Rifle has no skeleton. This needs to fixed before an animation can be set
[2026.02.11-16.39.32:557][794]LogAnimation: Warning: SkeletalMesh Rifle has no skeleton. This needs to fixed before an animation can be set
[2026.02.11-16.39.32:573][795]LogAnimation: Warning: SkeletalMesh Rifle has no skeleton. This needs to fixed before an animation can be set
[2026.02.11-16.39.32:591][796]LogAnimation: Warning: SkeletalMesh Rifle has no skeleton. This needs to fixed before an animation can be set
[2026.02.11-16.39.32:608][797]LogAnimation: Warning: SkeletalMesh Rifle has no skeleton. This needs to fixed before an animation can be set
[2026.02.11-16.39.32:625][798]LogAnimation: Warning: SkeletalMesh Rifle has no skeleton. This needs to fixed before an animation can be set
[2026.02.11-16.39.32:640][799]LogAnimation: Warning: SkeletalMesh Rifle has no skeleton. This needs to fixed before an animation can be set
[2026.02.11-16.39.32:657][800]LogAnimation: Warning: SkeletalMesh Rifle has no skeleton. This needs to fixed before an animation can be set
[2026.02.11-16.39.32:673][801]LogAnimation: Warning: SkeletalMesh Rifle has no skeleton. This needs to fixed before an animation can be set
[2026.02.11-16.39.32:691][802]LogAnimation: Warning: SkeletalMesh Rifle has no skeleton. This needs to fixed before an animation can be set
[2026.02.11-16.39.32:706][803]LogAnimation: Warning: SkeletalMesh Rifle has no skeleton. This needs to fixed before an animation can be set
[2026.02.11-16.39.32:723][804]LogAnimation: Warning: SkeletalMesh Rifle has no skeleton. This needs to fixed before an animation can be set
[2026.02.11-16.39.32:740][805]LogAnimation: Warning: SkeletalMesh Rifle has no skeleton. This needs to fixed before an animation can be set
[2026.02.11-16.39.32:761][806]LogShaderCompilers: Display: === FShaderJobCache stats ===
[2026.02.11-16.39.32:761][806]LogShaderCompilers: Display: Total job queries 32, among them cache hits 0 (0.00%)
[2026.02.11-16.39.32:761][806]LogShaderCompilers: Display: Tracking 2 distinct input hashes that result in 2 distinct outputs (100.00%)
[2026.02.11-16.39.32:761][806]LogShaderCompilers: Display: RAM used: 0.02 MB (0.00 GB) of 1638.40 MB (1.60 GB) budget. Usage: 0.00%
[2026.02.11-16.39.32:761][806]LogShaderCompilers: Display: ================================================
[2026.02.11-16.39.32:761][806]LogAnimation: Warning: SkeletalMesh Rifle has no skeleton. This needs to fixed before an animation can be set
[2026.02.11-16.39.32:773][807]LogAnimation: Warning: SkeletalMesh Rifle has no skeleton. This needs to fixed before an animation can be set
[2026.02.11-16.39.32:792][808]LogAnimation: Warning: SkeletalMesh Rifle has no skeleton. This needs to fixed before an animation can be set
[2026.02.11-16.39.32:812][809]LogAnimation: Warning: SkeletalMesh Rifle has no skeleton. This needs to fixed before an animation can be set
[2026.02.11-16.39.32:837][810]LogAnimation: Warning: SkeletalMesh Rifle has no skeleton. This needs to fixed before an animation can be set
[2026.02.11-16.39.32:853][811]LogAnimation: Warning: SkeletalMesh Rifle has no skeleton. This needs to fixed before an animation can be set
[2026.02.11-16.39.32:875][812]LogAnimation: Warning: SkeletalMesh Rifle has no skeleton. This needs to fixed before an animation can be set
[2026.02.11-16.39.32:886][813]LogAnimation: Warning: SkeletalMesh Rifle has no skeleton. This needs to fixed before an animation can be set
[2026.02.11-16.39.32:908][814]LogAnimation: Warning: SkeletalMesh Rifle has no skeleton. This needs to fixed before an animation can be set
[2026.02.11-16.39.32:919][815]LogAnimation: Warning: SkeletalMesh Rifle has no skeleton. This needs to fixed before an animation can be set
[2026.02.11-16.39.32:937][816]LogAnimation: Warning: SkeletalMesh Rifle has no skeleton. This needs to fixed before an animation can be set
[2026.02.11-16.39.32:954][817]LogAnimation: Warning: SkeletalMesh Rifle has no skeleton. This needs to fixed before an animation can be set
[2026.02.11-16.39.32:972][818]LogAnimation: Warning: SkeletalMesh Rifle has no skeleton. This needs to fixed before an animation can be set
[2026.02.11-16.39.32:989][819]LogAnimation: Warning: SkeletalMesh Rifle has no skeleton. This needs to fixed before an animation can be set
[2026.02.11-16.39.33:004][820]LogAnimation: Warning: SkeletalMesh Rifle has no skeleton. This needs to fixed before an animation can be set
[2026.02.11-16.39.33:020][821]LogAnimation: Warning: SkeletalMesh Rifle has no skeleton. This needs to fixed before an animation can be set
[2026.02.11-16.39.33:037][822]LogAnimation: Warning: SkeletalMesh Rifle has no skeleton. This needs to fixed before an animation can be set
[2026.02.11-16.39.33:056][823]LogAnimation: Warning: SkeletalMesh Rifle has no skeleton. This needs to fixed before an animation can be set
[2026.02.11-16.39.33:070][824]LogAnimation: Warning: SkeletalMesh Rifle has no skeleton. This needs to fixed before an animation can be set
[2026.02.11-16.39.33:087][825]LogAnimation: Warning: SkeletalMesh Rifle has no skeleton. This needs to fixed before an animation can be set
[2026.02.11-16.39.33:104][826]LogAnimation: Warning: SkeletalMesh Rifle has no skeleton. This needs to fixed before an animation can be set
[2026.02.11-16.39.33:122][827]LogAnimation: Warning: SkeletalMesh Rifle has no skeleton. This needs to fixed before an animation can be set
[2026.02.11-16.39.33:136][828]LogAnimation: Warning: SkeletalMesh Rifle has no skeleton. This needs to fixed before an animation can be set
[2026.02.11-16.39.33:152][829]LogAnimation: Warning: SkeletalMesh Rifle has no skeleton. This needs to fixed before an animation can be set
[2026.02.11-16.39.33:169][830]LogAnimation: Warning: SkeletalMesh Rifle has no skeleton. This needs to fixed before an animation can be set
[2026.02.11-16.39.33:187][831]LogAnimation: Warning: SkeletalMesh Rifle has no skeleton. This needs to fixed before an animation can be set
[2026.02.11-16.39.33:207][832]LogAnimation: Warning: SkeletalMesh Rifle has no skeleton. This needs to fixed before an animation can be set
[2026.02.11-16.39.33:220][833]LogAnimation: Warning: SkeletalMesh Rifle has no skeleton. This needs to fixed before an animation can be set
[2026.02.11-16.39.33:239][834]LogAnimation: Warning: SkeletalMesh Rifle has no skeleton. This needs to fixed before an animation can be set
[2026.02.11-16.39.33:254][835]LogAnimation: Warning: SkeletalMesh Rifle has no skeleton. This needs to fixed before an animation can be set
[2026.02.11-16.39.33:272][836]LogAnimation: Warning: SkeletalMesh Rifle has no skeleton. This needs to fixed before an animation can be set
[2026.02.11-16.39.33:287][837]LogAnimation: Warning: SkeletalMesh Rifle has no skeleton. This needs to fixed before an animation can be set
[2026.02.11-16.39.33:304][838]LogAnimation: Warning: SkeletalMesh Rifle has no skeleton. This needs to fixed before an animation can be set
[2026.02.11-16.39.33:320][839]LogAnimation: Warning: SkeletalMesh Rifle has no skeleton. This needs to fixed before an animation can be set
[2026.02.11-16.39.33:337][840]LogAnimation: Warning: SkeletalMesh Rifle has no skeleton. This needs to fixed before an animation can be set
[2026.02.11-16.39.33:353][841]LogAnimation: Warning: SkeletalMesh Rifle has no skeleton. This needs to fixed before an animation can be set
[2026.02.11-16.39.33:369][842]LogAnimation: Warning: SkeletalMesh Rifle has no skeleton. This needs to fixed before an animation can be set
[2026.02.11-16.39.33:386][843]LogAnimation: Warning: SkeletalMesh Rifle has no skeleton. This needs to fixed before an animation can be set
[2026.02.11-16.39.33:403][844]LogAnimation: Warning: SkeletalMesh Rifle has no skeleton. This needs to fixed before an animation can be set
[2026.02.11-16.39.33:419][845]LogAnimation: Warning: SkeletalMesh Rifle has no skeleton. This needs to fixed before an animation can be set
[2026.02.11-16.39.33:436][846]LogAnimation: Warning: SkeletalMesh Rifle has no skeleton. This needs to fixed before an animation can be set
[2026.02.11-16.39.33:453][847]LogAnimation: Warning: SkeletalMesh Rifle has no skeleton. This needs to fixed before an animation can be set
[2026.02.11-16.39.33:469][848]LogAnimation: Warning: SkeletalMesh Rifle has no skeleton. This needs to fixed before an animation can be set
[2026.02.11-16.39.33:487][849]LogAnimation: Warning: SkeletalMesh Rifle has no skeleton. This needs to fixed before an animation can be set
[2026.02.11-16.39.33:503][850]LogAnimation: Warning: SkeletalMesh Rifle has no skeleton. This needs to fixed before an animation can be set
[2026.02.11-16.39.33:519][851]LogAnimation: Warning: SkeletalMesh Rifle has no skeleton. This needs to fixed before an animation can be set
[2026.02.11-16.39.33:536][852]LogAnimation: Warning: SkeletalMesh Rifle has no skeleton. This needs to fixed before an animation can be set
[2026.02.11-16.39.33:553][853]LogAnimation: Warning: SkeletalMesh Rifle has no skeleton. This needs to fixed before an animation can be set
[2026.02.11-16.39.33:569][854]LogAnimation: Warning: SkeletalMesh Rifle has no skeleton. This needs to fixed before an animation can be set
[2026.02.11-16.39.33:586][855]LogAnimation: Warning: SkeletalMesh Rifle has no skeleton. This needs to fixed before an animation can be set
[2026.02.11-16.39.33:603][856]LogAnimation: Warning: SkeletalMesh Rifle has no skeleton. This needs to fixed before an animation can be set
[2026.02.11-16.39.33:619][857]LogAnimation: Warning: SkeletalMesh Rifle has no skeleton. This needs to fixed before an animation can be set
[2026.02.11-16.39.33:636][858]LogAnimation: Warning: SkeletalMesh Rifle has no skeleton. This needs to fixed before an animation can be set
[2026.02.11-16.39.33:652][859]LogAnimation: Warning: SkeletalMesh Rifle has no skeleton. This needs to fixed before an animation can be set
[2026.02.11-16.39.33:669][860]LogAnimation: Warning: SkeletalMesh Rifle has no skeleton. This needs to fixed before an animation can be set
[2026.02.11-16.39.33:686][861]LogAnimation: Warning: SkeletalMesh Rifle has no skeleton. This needs to fixed before an animation can be set
[2026.02.11-16.39.33:703][862]LogAnimation: Warning: SkeletalMesh Rifle has no skeleton. This needs to fixed before an animation can be set
[2026.02.11-16.39.33:719][863]LogAnimation: Warning: SkeletalMesh Rifle has no skeleton. This needs to fixed before an animation can be set
[2026.02.11-16.39.33:736][864]LogAnimation: Warning: SkeletalMesh Rifle has no skeleton. This needs to fixed before an animation can be set
[2026.02.11-16.39.33:753][865]LogAnimation: Warning: SkeletalMesh Rifle has no skeleton. This needs to fixed before an animation can be set
[2026.02.11-16.39.33:770][866]LogAnimation: Warning: SkeletalMesh Rifle has no skeleton. This needs to fixed before an animation can be set
[2026.02.11-16.39.33:786][867]LogAnimation: Warning: SkeletalMesh Rifle has no skeleton. This needs to fixed before an animation can be set
[2026.02.11-16.39.33:803][868]LogAnimation: Warning: SkeletalMesh Rifle has no skeleton. This needs to fixed before an animation can be set
[2026.02.11-16.39.33:820][869]LogAnimation: Warning: SkeletalMesh Rifle has no skeleton. This needs to fixed before an animation can be set
[2026.02.11-16.39.33:837][870]LogAnimation: Warning: SkeletalMesh Rifle has no skeleton. This needs to fixed before an animation can be set
[2026.02.11-16.39.33:854][871]LogAnimation: Warning: SkeletalMesh Rifle has no skeleton. This needs to fixed before an animation can be set
[2026.02.11-16.39.33:870][872]LogAnimation: Warning: SkeletalMesh Rifle has no skeleton. This needs to fixed before an animation can be set
[2026.02.11-16.39.33:887][873]LogAnimation: Warning: SkeletalMesh Rifle has no skeleton. This needs to fixed before an animation can be set
[2026.02.11-16.39.33:906][874]LogAnimation: Warning: SkeletalMesh Rifle has no skeleton. This needs to fixed before an animation can be set
[2026.02.11-16.39.33:927][875]LogAnimation: Warning: SkeletalMesh Rifle has no skeleton. This needs to fixed before an animation can be set
[2026.02.11-16.39.33:941][876]LogAnimation: Warning: SkeletalMesh Rifle has no skeleton. This needs to fixed before an animation can be set
[2026.02.11-16.39.33:958][877]LogAnimation: Warning: SkeletalMesh Rifle has no skeleton. This needs to fixed before an animation can be set
[2026.02.11-16.39.33:975][878]LogAnimation: Warning: SkeletalMesh Rifle has no skeleton. This needs to fixed before an animation can be set
[2026.02.11-16.39.33:991][879]LogAnimation: Warning: SkeletalMesh Rifle has no skeleton. This needs to fixed before an animation can be set
[2026.02.11-16.39.34:008][880]LogAnimation: Warning: SkeletalMesh Rifle has no skeleton. This needs to fixed before an animation can be set
[2026.02.11-16.39.34:024][881]LogAnimation: Warning: SkeletalMesh Rifle has no skeleton. This needs to fixed before an animation can be set
[2026.02.11-16.39.34:041][882]LogAnimation: Warning: SkeletalMesh Rifle has no skeleton. This needs to fixed before an animation can be set
[2026.02.11-16.39.34:057][883]LogAnimation: Warning: SkeletalMesh Rifle has no skeleton. This needs to fixed before an animation can be set
[2026.02.11-16.39.34:075][884]LogAnimation: Warning: SkeletalMesh Rifle has no skeleton. This needs to fixed before an animation can be set
[2026.02.11-16.39.34:091][885]LogAnimation: Warning: SkeletalMesh Rifle has no skeleton. This needs to fixed before an animation can be set
[2026.02.11-16.39.34:108][886]LogAnimation: Warning: SkeletalMesh Rifle has no skeleton. This needs to fixed before an animation can be set
[2026.02.11-16.39.34:125][887]LogAnimation: Warning: SkeletalMesh Rifle has no skeleton. This needs to fixed before an animation can be set
[2026.02.11-16.39.34:141][888]LogAnimation: Warning: SkeletalMesh Rifle has no skeleton. This needs to fixed before an animation can be set
[2026.02.11-16.39.34:158][889]LogAnimation: Warning: SkeletalMesh Rifle has no skeleton. This needs to fixed before an animation can be set
[2026.02.11-16.39.34:175][890]LogAnimation: Warning: SkeletalMesh Rifle has no skeleton. This needs to fixed before an animation can be set
[2026.02.11-16.39.34:191][891]LogAnimation: Warning: SkeletalMesh Rifle has no skeleton. This needs to fixed before an animation can be set
[2026.02.11-16.39.34:208][892]LogAnimation: Warning: SkeletalMesh Rifle has no skeleton. This needs to fixed before an animation can be set
[2026.02.11-16.39.34:225][893]LogAnimation: Warning: SkeletalMesh Rifle has no skeleton. This needs to fixed before an animation can be set
[2026.02.11-16.39.34:241][894]LogAnimation: Warning: SkeletalMesh Rifle has no skeleton. This needs to fixed before an animation can be set
[2026.02.11-16.39.34:258][895]LogAnimation: Warning: SkeletalMesh Rifle has no skeleton. This needs to fixed before an animation can be set
[2026.02.11-16.39.34:275][896]LogAnimation: Warning: SkeletalMesh Rifle has no skeleton. This needs to fixed before an animation can be set
[2026.02.11-16.39.34:291][897]LogAnimation: Warning: SkeletalMesh Rifle has no skeleton. This needs to fixed before an animation can be set
[2026.02.11-16.39.34:308][898]LogAnimation: Warning: SkeletalMesh Rifle has no skeleton. This needs to fixed before an animation can be set
[2026.02.11-16.39.34:325][899]LogAnimation: Warning: SkeletalMesh Rifle has no skeleton. This needs to fixed before an animation can be set
[2026.02.11-16.39.34:341][900]LogAnimation: Warning: SkeletalMesh Rifle has no skeleton. This needs to fixed before an animation can be set
[2026.02.11-16.39.34:358][901]LogAnimation: Warning: SkeletalMesh Rifle has no skeleton. This needs to fixed before an animation can be set
[2026.02.11-16.39.34:373][902]LogAnimation: Warning: SkeletalMesh Rifle has no skeleton. This needs to fixed before an animation can be set
[2026.02.11-16.39.34:391][903]LogAnimation: Warning: SkeletalMesh Rifle has no skeleton. This needs to fixed before an animation can be set
[2026.02.11-16.39.34:408][904]LogAnimation: Warning: SkeletalMesh Rifle has no skeleton. This needs to fixed before an animation can be set
[2026.02.11-16.39.34:448][905]LogAssetEditorSubsystem: Opening Asset editor for Material /Game/Characters/Enemy_Great_Spider/Materials/CharM_Greater_Spider_Ice.CharM_Greater_Spider_Ice
[2026.02.11-16.39.34:449][905]LogMaterial: Display: Missing cached shadermap for CharM_Greater_Spider_Ice in PCD3D_SM5, Default, SM5 (DDC key hash: CFA8FF02211CA331FF83094C78F7D03CC179F936), compiling. 
[2026.02.11-16.39.34:478][905]LogTexture: Default maximum texture size for cubemaps generated from long-lat sources has been changed from 512 to unlimited. In order to preserve old behaiour for '/Engine/EditorMaterials/AssetViewer/EpicQuadPanorama_CC+EV1.EpicQuadPanorama_CC+EV1', its maximum texture size has been explicitly set to 512.
[2026.02.11-16.39.34:545][905]LogTexture: Default maximum texture size for cubemaps generated from long-lat sources has been changed from 512 to unlimited. In order to preserve old behaiour for '/Engine/MapTemplates/Sky/SunsetAmbientCubemap.SunsetAmbientCubemap', its maximum texture size has been explicitly set to 512.
[2026.02.11-16.39.34:676][905]LogMaterial: Display: Missing cached shadermap for CharM_Greater_Spider_Ice in PCD3D_SM5, Default, SM5 (DDC key hash: 5E455648DF236CF76BD0954C8690595BDBA017D4), compiling. 
[2026.02.11-16.39.34:678][905]LogMaterial: Display: Missing cached shadermap for CharM_Greater_Spider_Ice in PCD3D_SM5, Default, SM5 (DDC key hash: FFA9E97FCE807725701CDE1B52C291C17C14917B), compiling. 
[2026.02.11-16.39.34:679][905]LogMaterial: Display: Missing cached shadermap for FMatExpressionPreview MaterialExpressionTextureSample_8 in PCD3D_SM5, Default, SM5 (DDC key hash: 0AEF0AAE51987331C0691C04F775BE98BDB70923), compiling. 
[2026.02.11-16.39.34:680][905]LogMaterial: Display: Missing cached shadermap for FMatExpressionPreview MaterialExpressionTextureSample_39 in PCD3D_SM5, Default, SM5 (DDC key hash: C31B2990C35FA5090B4A66EFBEC4093A25898791), compiling. 
[2026.02.11-16.39.34:680][905]LogMaterial: Display: Missing cached shadermap for FMatExpressionPreview MaterialExpressionTextureSample_10 in PCD3D_SM5, Default, SM5 (DDC key hash: 059B125DC7DF5367AE9C720A3EF3C0B0519B13E7), compiling. 
[2026.02.11-16.39.34:681][905]LogMaterial: Display: Missing cached shadermap for FMatExpressionPreview MaterialExpressionTextureSample_13 in PCD3D_SM5, Default, SM5 (DDC key hash: 853B39CDDEC7C96572E156FF8E79AC9F6993AA2B), compiling. 
[2026.02.11-16.39.34:684][905]LogMaterial: Display: Missing cached shadermap for FMatExpressionPreview MaterialExpressionMultiply_4 in PCD3D_SM5, Default, SM5 (DDC key hash: 7EFBAB1427246D23F80F369B9A1F772E39AF4BC6), compiling. 
[2026.02.11-16.39.34:703][905]LogAnimation: Warning: SkeletalMesh Rifle has no skeleton. This needs to fixed before an animation can be set
[2026.02.11-16.39.34:704][905]MaterialEditorStats: Texture samplers: 0/16
[2026.02.11-16.39.34:704][905]MaterialEditorStats: Texture Lookups (Est.): VS(0), PS(4)
[2026.02.11-16.39.34:704][905]MaterialEditorStats: User interpolators: 2/4 Scalars (1/4 Vectors) (TexCoords: 2, Custom: 0)
[2026.02.11-16.39.34:755][906]LogShaderCompilers: Display: Submitted 2 shader compile jobs with 'ForceLocal' priority
[2026.02.11-16.39.34:755][906]LogShaderCompilers: Display: Submitted 18 shader compile jobs with 'Normal' priority
[2026.02.11-16.39.34:755][906]LogShaderCompilers: Display: Worker (1/17): shaders left to compile 2
[2026.02.11-16.39.34:755][906]LogShaderCompilers: Display: Worker (2/17): shaders left to compile 1
[2026.02.11-16.39.34:755][906]LogShaderCompilers: Display: Worker (3/17): shaders left to compile 18
[2026.02.11-16.39.34:755][906]LogShaderCompilers: Display: Worker (4/17): shaders left to compile 16
[2026.02.11-16.39.34:755][906]LogShaderCompilers: Display: Worker (5/17): shaders left to compile 14
[2026.02.11-16.39.34:755][906]LogShaderCompilers: Display: Worker (6/17): shaders left to compile 12
[2026.02.11-16.39.34:755][906]LogShaderCompilers: Display: Worker (7/17): shaders left to compile 10
[2026.02.11-16.39.34:755][906]LogShaderCompilers: Display: Worker (8/17): shaders left to compile 8
[2026.02.11-16.39.34:755][906]LogShaderCompilers: Display: Worker (9/17): shaders left to compile 6
[2026.02.11-16.39.34:755][906]LogShaderCompilers: Display: Worker (10/17): shaders left to compile 4
[2026.02.11-16.39.34:755][906]LogShaderCompilers: Display: Worker (11/17): shaders left to compile 2
[2026.02.11-16.39.34:755][906]LogShaderCompilers: Display: Started 18 'Local' shader compile jobs with 'Normal' priority
[2026.02.11-16.39.34:755][906]LogShaderCompilers: Display: Started 2 'Local' shader compile jobs with 'ForceLocal' priority
[2026.02.11-16.39.34:758][906]LogAnimation: Warning: SkeletalMesh Rifle has no skeleton. This needs to fixed before an animation can be set
[2026.02.11-16.39.34:785][907]LogAnimation: Warning: SkeletalMesh Rifle has no skeleton. This needs to fixed before an animation can be set
[2026.02.11-16.39.34:821][908]LogAnimation: Warning: SkeletalMesh Rifle has no skeleton. This needs to fixed before an animation can be set
[2026.02.11-16.39.34:839][909]LogAnimation: Warning: SkeletalMesh Rifle has no skeleton. This needs to fixed before an animation can be set
[2026.02.11-16.39.34:863][910]LogAnimation: Warning: SkeletalMesh Rifle has no skeleton. This needs to fixed before an animation can be set
[2026.02.11-16.39.34:892][911]LogAnimation: Warning: SkeletalMesh Rifle has no skeleton. This needs to fixed before an animation can be set
[2026.02.11-16.39.34:915][912]LogAnimation: Warning: SkeletalMesh Rifle has no skeleton. This needs to fixed before an animation can be set
[2026.02.11-16.39.34:943][913]LogAnimation: Warning: SkeletalMesh Rifle has no skeleton. This needs to fixed before an animation can be set
[2026.02.11-16.39.34:967][914]LogAnimation: Warning: SkeletalMesh Rifle has no skeleton. This needs to fixed before an animation can be set
[2026.02.11-16.39.34:990][915]LogAnimation: Warning: SkeletalMesh Rifle has no skeleton. This needs to fixed before an animation can be set
[2026.02.11-16.39.35:008][916]LogShaderCompilers: Display: Submitted 2 shader compile jobs with 'ForceLocal' priority
[2026.02.11-16.39.35:008][916]LogShaderCompilers: Display: Worker (12/17): shaders left to compile 2
[2026.02.11-16.39.35:008][916]LogShaderCompilers: Display: Worker (13/17): shaders left to compile 1
[2026.02.11-16.39.35:008][916]LogShaderCompilers: Display: Started 2 'Local' shader compile jobs with 'ForceLocal' priority
[2026.02.11-16.39.35:009][916]LogAnimation: Warning: SkeletalMesh Rifle has no skeleton. This needs to fixed before an animation can be set
[2026.02.11-16.39.35:029][917]LogAnimation: Warning: SkeletalMesh Rifle has no skeleton. This needs to fixed before an animation can be set
[2026.02.11-16.39.35:050][918]LogAnimation: Warning: SkeletalMesh Rifle has no skeleton. This needs to fixed before an animation can be set
[2026.02.11-16.39.35:071][919]LogAnimation: Warning: SkeletalMesh Rifle has no skeleton. This needs to fixed before an animation can be set
[2026.02.11-16.39.35:093][920]LogAnimation: Warning: SkeletalMesh Rifle has no skeleton. This needs to fixed before an animation can be set
[2026.02.11-16.39.35:113][921]LogAnimation: Warning: SkeletalMesh Rifle has no skeleton. This needs to fixed before an animation can be set
[2026.02.11-16.39.35:134][922]LogAnimation: Warning: SkeletalMesh Rifle has no skeleton. This needs to fixed before an animation can be set
[2026.02.11-16.39.35:153][923]LogAnimation: Warning: SkeletalMesh Rifle has no skeleton. This needs to fixed before an animation can be set
[2026.02.11-16.39.35:173][924]LogAnimation: Warning: SkeletalMesh Rifle has no skeleton. This needs to fixed before an animation can be set
[2026.02.11-16.39.35:194][925]LogAnimation: Warning: SkeletalMesh Rifle has no skeleton. This needs to fixed before an animation can be set
[2026.02.11-16.39.35:195][925]MaterialEditorStats: Texture samplers: 5/16
[2026.02.11-16.39.35:195][925]MaterialEditorStats: Texture Lookups (Est.): VS(0), PS(4)
[2026.02.11-16.39.35:195][925]MaterialEditorStats: User interpolators: 2/4 Scalars (1/4 Vectors) (TexCoords: 2, Custom: 0)
[2026.02.11-16.39.35:215][926]LogAnimation: Warning: SkeletalMesh Rifle has no skeleton. This needs to fixed before an animation can be set
[2026.02.11-16.39.35:236][927]LogAnimation: Warning: SkeletalMesh Rifle has no skeleton. This needs to fixed before an animation can be set
[2026.02.11-16.39.35:262][928]LogAnimation: Warning: SkeletalMesh Rifle has no skeleton. This needs to fixed before an animation can be set
[2026.02.11-16.39.35:300][929]LogAnimation: Warning: SkeletalMesh Rifle has no skeleton. This needs to fixed before an animation can be set
[2026.02.11-16.39.35:321][930]LogAnimation: Warning: SkeletalMesh Rifle has no skeleton. This needs to fixed before an animation can be set
[2026.02.11-16.39.35:338][931]LogAnimation: Warning: SkeletalMesh Rifle has no skeleton. This needs to fixed before an animation can be set
[2026.02.11-16.39.35:358][932]LogAnimation: Warning: SkeletalMesh Rifle has no skeleton. This needs to fixed before an animation can be set
[2026.02.11-16.39.35:378][933]LogAnimation: Warning: SkeletalMesh Rifle has no skeleton. This needs to fixed before an animation can be set
[2026.02.11-16.39.35:394][934]LogAnimation: Warning: SkeletalMesh Rifle has no skeleton. This needs to fixed before an animation can be set
[2026.02.11-16.39.35:410][935]LogAnimation: Warning: SkeletalMesh Rifle has no skeleton. This needs to fixed before an animation can be set
[2026.02.11-16.39.35:428][936]LogAnimation: Warning: SkeletalMesh Rifle has no skeleton. This needs to fixed before an animation can be set
[2026.02.11-16.39.35:448][937]LogAnimation: Warning: SkeletalMesh Rifle has no skeleton. This needs to fixed before an animation can be set
[2026.02.11-16.39.35:466][938]LogAnimation: Warning: SkeletalMesh Rifle has no skeleton. This needs to fixed before an animation can be set
[2026.02.11-16.39.35:478][939]LogAnimation: Warning: SkeletalMesh Rifle has no skeleton. This needs to fixed before an animation can be set
[2026.02.11-16.39.35:495][940]LogAnimation: Warning: SkeletalMesh Rifle has no skeleton. This needs to fixed before an animation can be set
[2026.02.11-16.39.35:513][941]LogAnimation: Warning: SkeletalMesh Rifle has no skeleton. This needs to fixed before an animation can be set
[2026.02.11-16.39.35:528][942]LogAnimation: Warning: SkeletalMesh Rifle has no skeleton. This needs to fixed before an animation can be set
[2026.02.11-16.39.35:545][943]LogAnimation: Warning: SkeletalMesh Rifle has no skeleton. This needs to fixed before an animation can be set
[2026.02.11-16.39.35:562][944]LogAnimation: Warning: SkeletalMesh Rifle has no skeleton. This needs to fixed before an animation can be set
[2026.02.11-16.39.35:582][945]LogAnimation: Warning: SkeletalMesh Rifle has no skeleton. This needs to fixed before an animation can be set
[2026.02.11-16.39.35:582][945]MaterialEditorStats: Base pass shader: 133 instructions
[2026.02.11-16.39.35:582][945]MaterialEditorStats: Base pass shader with Volumetric Lightmap: 207 instructions
[2026.02.11-16.39.35:582][945]MaterialEditorStats: Base pass vertex shader: 46 instructions
[2026.02.11-16.39.35:582][945]MaterialEditorStats: Base pass vertex shader: 98 instructions
[2026.02.11-16.39.35:582][945]MaterialEditorStats: Texture samplers: 5/16
[2026.02.11-16.39.35:582][945]MaterialEditorStats: Texture Lookups (Est.): VS(0), PS(4)
[2026.02.11-16.39.35:582][945]MaterialEditorStats: User interpolators: 2/4 Scalars (1/4 Vectors) (TexCoords: 2, Custom: 0)
[2026.02.11-16.39.35:595][946]LogAnimation: Warning: SkeletalMesh Rifle has no skeleton. This needs to fixed before an animation can be set
[2026.02.11-16.39.35:612][947]LogAnimation: Warning: SkeletalMesh Rifle has no skeleton. This needs to fixed before an animation can be set
[2026.02.11-16.39.35:628][948]LogAnimation: Warning: SkeletalMesh Rifle has no skeleton. This needs to fixed before an animation can be set
[2026.02.11-16.39.35:645][949]LogAnimation: Warning: SkeletalMesh Rifle has no skeleton. This needs to fixed before an animation can be set
[2026.02.11-16.39.35:661][950]LogAnimation: Warning: SkeletalMesh Rifle has no skeleton. This needs to fixed before an animation can be set
[2026.02.11-16.39.35:679][951]LogAnimation: Warning: SkeletalMesh Rifle has no skeleton. This needs to fixed before an animation can be set
[2026.02.11-16.39.35:695][952]LogAnimation: Warning: SkeletalMesh Rifle has no skeleton. This needs to fixed before an animation can be set
[2026.02.11-16.39.35:712][953]LogAnimation: Warning: SkeletalMesh Rifle has no skeleton. This needs to fixed before an animation can be set
[2026.02.11-16.39.35:728][954]LogAnimation: Warning: SkeletalMesh Rifle has no skeleton. This needs to fixed before an animation can be set
[2026.02.11-16.39.35:745][955]LogAnimation: Warning: SkeletalMesh Rifle has no skeleton. This needs to fixed before an animation can be set
[2026.02.11-16.39.35:762][956]LogAnimation: Warning: SkeletalMesh Rifle has no skeleton. This needs to fixed before an animation can be set
[2026.02.11-16.39.35:778][957]LogAnimation: Warning: SkeletalMesh Rifle has no skeleton. This needs to fixed before an animation can be set
[2026.02.11-16.39.35:795][958]LogAnimation: Warning: SkeletalMesh Rifle has no skeleton. This needs to fixed before an animation can be set
[2026.02.11-16.39.35:812][959]LogAnimation: Warning: SkeletalMesh Rifle has no skeleton. This needs to fixed before an animation can be set
[2026.02.11-16.39.35:829][960]LogAnimation: Warning: SkeletalMesh Rifle has no skeleton. This needs to fixed before an animation can be set
[2026.02.11-16.39.35:845][961]LogAnimation: Warning: SkeletalMesh Rifle has no skeleton. This needs to fixed before an animation can be set
[2026.02.11-16.39.35:862][962]LogAnimation: Warning: SkeletalMesh Rifle has no skeleton. This needs to fixed before an animation can be set
[2026.02.11-16.39.35:879][963]LogAnimation: Warning: SkeletalMesh Rifle has no skeleton. This needs to fixed before an animation can be set
[2026.02.11-16.39.35:895][964]LogAnimation: Warning: SkeletalMesh Rifle has no skeleton. This needs to fixed before an animation can be set
[2026.02.11-16.39.35:912][965]LogAnimation: Warning: SkeletalMesh Rifle has no skeleton. This needs to fixed before an animation can be set
[2026.02.11-16.39.35:929][966]LogAnimation: Warning: SkeletalMesh Rifle has no skeleton. This needs to fixed before an animation can be set
[2026.02.11-16.39.35:961][968]LogAnimation: Warning: SkeletalMesh Rifle has no skeleton. This needs to fixed before an animation can be set
[2026.02.11-16.39.35:979][969]LogAnimation: Warning: SkeletalMesh Rifle has no skeleton. This needs to fixed before an animation can be set
[2026.02.11-16.39.35:995][970]LogAnimation: Warning: SkeletalMesh Rifle has no skeleton. This needs to fixed before an animation can be set
[2026.02.11-16.39.36:012][971]LogAnimation: Warning: SkeletalMesh Rifle has no skeleton. This needs to fixed before an animation can be set
[2026.02.11-16.39.36:029][972]LogAnimation: Warning: SkeletalMesh Rifle has no skeleton. This needs to fixed before an animation can be set
[2026.02.11-16.39.36:045][973]LogAnimation: Warning: SkeletalMesh Rifle has no skeleton. This needs to fixed before an animation can be set
[2026.02.11-16.39.36:062][974]LogAnimation: Warning: SkeletalMesh Rifle has no skeleton. This needs to fixed before an animation can be set
[2026.02.11-16.39.36:078][975]LogAnimation: Warning: SkeletalMesh Rifle has no skeleton. This needs to fixed before an animation can be set
[2026.02.11-16.39.36:095][976]LogAnimation: Warning: SkeletalMesh Rifle has no skeleton. This needs to fixed before an animation can be set
[2026.02.11-16.39.36:112][977]LogAnimation: Warning: SkeletalMesh Rifle has no skeleton. This needs to fixed before an animation can be set
[2026.02.11-16.39.36:128][978]LogAnimation: Warning: SkeletalMesh Rifle has no skeleton. This needs to fixed before an animation can be set
[2026.02.11-16.39.36:145][979]LogAnimation: Warning: SkeletalMesh Rifle has no skeleton. This needs to fixed before an animation can be set
[2026.02.11-16.39.36:162][980]LogAnimation: Warning: SkeletalMesh Rifle has no skeleton. This needs to fixed before an animation can be set
[2026.02.11-16.39.36:179][981]LogAnimation: Warning: SkeletalMesh Rifle has no skeleton. This needs to fixed before an animation can be set
[2026.02.11-16.39.36:195][982]LogAnimation: Warning: SkeletalMesh Rifle has no skeleton. This needs to fixed before an animation can be set
[2026.02.11-16.39.36:212][983]LogAnimation: Warning: SkeletalMesh Rifle has no skeleton. This needs to fixed before an animation can be set
[2026.02.11-16.39.36:229][984]LogAnimation: Warning: SkeletalMesh Rifle has no skeleton. This needs to fixed before an animation can be set
[2026.02.11-16.39.36:245][985]LogAnimation: Warning: SkeletalMesh Rifle has no skeleton. This needs to fixed before an animation can be set
[2026.02.11-16.39.36:262][986]LogAnimation: Warning: SkeletalMesh Rifle has no skeleton. This needs to fixed before an animation can be set
[2026.02.11-16.39.36:278][987]LogAnimation: Warning: SkeletalMesh Rifle has no skeleton. This needs to fixed before an animation can be set
[2026.02.11-16.39.36:295][988]LogAnimation: Warning: SkeletalMesh Rifle has no skeleton. This needs to fixed before an animation can be set
[2026.02.11-16.39.36:312][989]LogAnimation: Warning: SkeletalMesh Rifle has no skeleton. This needs to fixed before an animation can be set
[2026.02.11-16.39.36:329][990]LogAnimation: Warning: SkeletalMesh Rifle has no skeleton. This needs to fixed before an animation can be set
[2026.02.11-16.39.36:345][991]LogAnimation: Warning: SkeletalMesh Rifle has no skeleton. This needs to fixed before an animation can be set
[2026.02.11-16.39.36:361][992]LogAnimation: Warning: SkeletalMesh Rifle has no skeleton. This needs to fixed before an animation can be set
[2026.02.11-16.39.36:378][993]LogAnimation: Warning: SkeletalMesh Rifle has no skeleton. This needs to fixed before an animation can be set
[2026.02.11-16.39.36:396][994]LogAnimation: Warning: SkeletalMesh Rifle has no skeleton. This needs to fixed before an animation can be set
[2026.02.11-16.39.36:413][995]LogAnimation: Warning: SkeletalMesh Rifle has no skeleton. This needs to fixed before an animation can be set
[2026.02.11-16.39.36:430][996]LogAnimation: Warning: SkeletalMesh Rifle has no skeleton. This needs to fixed before an animation can be set
[2026.02.11-16.39.36:446][997]LogAnimation: Warning: SkeletalMesh Rifle has no skeleton. This needs to fixed before an animation can be set
[2026.02.11-16.39.36:463][998]LogAnimation: Warning: SkeletalMesh Rifle has no skeleton. This needs to fixed before an animation can be set
[2026.02.11-16.39.37:448][ 33]LogAnimation: Warning: SkeletalMesh Rifle has no skeleton. This needs to fixed before an animation can be set
[2026.02.11-16.39.37:465][ 34]LogAnimation: Warning: SkeletalMesh Rifle has no skeleton. This needs to fixed before an animation can be set
[2026.02.11-16.39.37:481][ 35]LogAnimation: Warning: SkeletalMesh Rifle has no skeleton. This needs to fixed before an animation can be set
[2026.02.11-16.39.37:500][ 36]LogAnimation: Warning: SkeletalMesh Rifle has no skeleton. This needs to fixed before an animation can be set
[2026.02.11-16.39.37:515][ 37]LogAnimation: Warning: SkeletalMesh Rifle has no skeleton. This needs to fixed before an animation can be set
[2026.02.11-16.39.37:533][ 38]LogAnimation: Warning: SkeletalMesh Rifle has no skeleton. This needs to fixed before an animation can be set
[2026.02.11-16.39.37:548][ 39]LogAnimation: Warning: SkeletalMesh Rifle has no skeleton. This needs to fixed before an animation can be set
[2026.02.11-16.39.37:565][ 40]LogAnimation: Warning: SkeletalMesh Rifle has no skeleton. This needs to fixed before an animation can be set
[2026.02.11-16.39.38:573][100]LogSlate: Window 'CharM_Greater_Spider_Ice' being destroyed
[2026.02.11-16.39.38:591][100]LogWorld: UWorld::CleanupWorld for World_6, bSessionEnded=true, bCleanupResources=true
[2026.02.11-16.39.38:591][100]LogSlate: InvalidateAllWidgets triggered.  All widgets were invalidated
[2026.02.11-16.39.38:935][120]LogAnimation: Warning: SkeletalMesh Rifle has no skeleton. This needs to fixed before an animation can be set
[2026.02.11-16.39.38:952][121]LogAnimation: Warning: SkeletalMesh Rifle has no skeleton. This needs to fixed before an animation can be set
[2026.02.11-16.39.38:969][122]LogAnimation: Warning: SkeletalMesh Rifle has no skeleton. This needs to fixed before an animation can be set
[2026.02.11-16.39.38:990][123]LogAnimation: Warning: SkeletalMesh Rifle has no skeleton. This needs to fixed before an animation can be set
[2026.02.11-16.39.39:010][124]LogAnimation: Warning: SkeletalMesh Rifle has no skeleton. This needs to fixed before an animation can be set
[2026.02.11-16.39.39:026][125]LogAnimation: Warning: SkeletalMesh Rifle has no skeleton. This needs to fixed before an animation can be set
[2026.02.11-16.39.39:043][126]LogAnimation: Warning: SkeletalMesh Rifle has no skeleton. This needs to fixed before an animation can be set
[2026.02.11-16.39.39:060][127]LogAnimation: Warning: SkeletalMesh Rifle has no skeleton. This needs to fixed before an animation can be set
[2026.02.11-16.39.39:078][128]LogAnimation: Warning: SkeletalMesh Rifle has no skeleton. This needs to fixed before an animation can be set
[2026.02.11-16.39.39:093][129]LogAnimation: Warning: SkeletalMesh Rifle has no skeleton. This needs to fixed before an animation can be set
[2026.02.11-16.39.39:110][130]LogAnimation: Warning: SkeletalMesh Rifle has no skeleton. This needs to fixed before an animation can be set
[2026.02.11-16.39.39:127][131]LogAnimation: Warning: SkeletalMesh Rifle has no skeleton. This needs to fixed before an animation can be set
[2026.02.11-16.39.39:143][132]LogAnimation: Warning: SkeletalMesh Rifle has no skeleton. This needs to fixed before an animation can be set
[2026.02.11-16.39.39:160][133]LogAnimation: Warning: SkeletalMesh Rifle has no skeleton. This needs to fixed before an animation can be set
[2026.02.11-16.39.39:177][134]LogAnimation: Warning: SkeletalMesh Rifle has no skeleton. This needs to fixed before an animation can be set
[2026.02.11-16.39.39:194][135]LogAnimation: Warning: SkeletalMesh Rifle has no skeleton. This needs to fixed before an animation can be set
[2026.02.11-16.39.39:210][136]LogAnimation: Warning: SkeletalMesh Rifle has no skeleton. This needs to fixed before an animation can be set
[2026.02.11-16.39.39:228][137]LogAnimation: Warning: SkeletalMesh Rifle has no skeleton. This needs to fixed before an animation can be set
[2026.02.11-16.39.39:245][138]LogAnimation: Warning: SkeletalMesh Rifle has no skeleton. This needs to fixed before an animation can be set
[2026.02.11-16.39.39:260][139]LogAnimation: Warning: SkeletalMesh Rifle has no skeleton. This needs to fixed before an animation can be set
[2026.02.11-16.39.39:276][140]LogAnimation: Warning: SkeletalMesh Rifle has no skeleton. This needs to fixed before an animation can be set
[2026.02.11-16.39.39:295][141]LogAnimation: Warning: SkeletalMesh Rifle has no skeleton. This needs to fixed before an animation can be set
[2026.02.11-16.39.39:313][142]LogAnimation: Warning: SkeletalMesh Rifle has no skeleton. This needs to fixed before an animation can be set
[2026.02.11-16.39.39:330][143]LogAnimation: Warning: SkeletalMesh Rifle has no skeleton. This needs to fixed before an animation can be set
[2026.02.11-16.39.39:348][144]LogAnimation: Warning: SkeletalMesh Rifle has no skeleton. This needs to fixed before an animation can be set
[2026.02.11-16.39.39:364][145]LogAnimation: Warning: SkeletalMesh Rifle has no skeleton. This needs to fixed before an animation can be set
[2026.02.11-16.39.39:380][146]LogAnimation: Warning: SkeletalMesh Rifle has no skeleton. This needs to fixed before an animation can be set
[2026.02.11-16.39.39:396][147]LogAnimation: Warning: SkeletalMesh Rifle has no skeleton. This needs to fixed before an animation can be set
[2026.02.11-16.39.39:413][148]LogAnimation: Warning: SkeletalMesh Rifle has no skeleton. This needs to fixed before an animation can be set
[2026.02.11-16.39.39:430][149]LogAnimation: Warning: SkeletalMesh Rifle has no skeleton. This needs to fixed before an animation can be set
[2026.02.11-16.39.39:449][150]LogAnimation: Warning: SkeletalMesh Rifle has no skeleton. This needs to fixed before an animation can be set
[2026.02.11-16.39.39:471][151]LogAnimation: Warning: SkeletalMesh Rifle has no skeleton. This needs to fixed before an animation can be set
[2026.02.11-16.39.39:488][152]LogAnimation: Warning: SkeletalMesh Rifle has no skeleton. This needs to fixed before an animation can be set
[2026.02.11-16.39.39:504][153]LogAnimation: Warning: SkeletalMesh Rifle has no skeleton. This needs to fixed before an animation can be set
[2026.02.11-16.39.39:520][154]LogAnimation: Warning: SkeletalMesh Rifle has no skeleton. This needs to fixed before an animation can be set
[2026.02.11-16.39.39:537][155]LogAnimation: Warning: SkeletalMesh Rifle has no skeleton. This needs to fixed before an animation can be set
[2026.02.11-16.39.39:554][156]LogAnimation: Warning: SkeletalMesh Rifle has no skeleton. This needs to fixed before an animation can be set
[2026.02.11-16.39.39:570][157]LogAnimation: Warning: SkeletalMesh Rifle has no skeleton. This needs to fixed before an animation can be set
[2026.02.11-16.39.39:587][158]LogAnimation: Warning: SkeletalMesh Rifle has no skeleton. This needs to fixed before an animation can be set
[2026.02.11-16.39.39:604][159]LogAnimation: Warning: SkeletalMesh Rifle has no skeleton. This needs to fixed before an animation can be set
[2026.02.11-16.39.39:620][160]LogAnimation: Warning: SkeletalMesh Rifle has no skeleton. This needs to fixed before an animation can be set
[2026.02.11-16.39.39:637][161]LogAnimation: Warning: SkeletalMesh Rifle has no skeleton. This needs to fixed before an animation can be set
[2026.02.11-16.39.39:654][162]LogAnimation: Warning: SkeletalMesh Rifle has no skeleton. This needs to fixed before an animation can be set
[2026.02.11-16.39.39:670][163]LogAnimation: Warning: SkeletalMesh Rifle has no skeleton. This needs to fixed before an animation can be set
[2026.02.11-16.39.39:687][164]LogAnimation: Warning: SkeletalMesh Rifle has no skeleton. This needs to fixed before an animation can be set
[2026.02.11-16.39.39:704][165]LogAnimation: Warning: SkeletalMesh Rifle has no skeleton. This needs to fixed before an animation can be set
[2026.02.11-16.39.39:720][166]LogAnimation: Warning: SkeletalMesh Rifle has no skeleton. This needs to fixed before an animation can be set
[2026.02.11-16.39.39:736][167]LogAnimation: Warning: SkeletalMesh Rifle has no skeleton. This needs to fixed before an animation can be set
[2026.02.11-16.39.39:753][168]LogAnimation: Warning: SkeletalMesh Rifle has no skeleton. This needs to fixed before an animation can be set
[2026.02.11-16.39.39:776][169]LogAnimation: Warning: SkeletalMesh Rifle has no skeleton. This needs to fixed before an animation can be set
[2026.02.11-16.39.39:787][170]LogAnimation: Warning: SkeletalMesh Rifle has no skeleton. This needs to fixed before an animation can be set
[2026.02.11-16.39.39:805][171]LogAnimation: Warning: SkeletalMesh Rifle has no skeleton. This needs to fixed before an animation can be set
[2026.02.11-16.39.39:820][172]LogAnimation: Warning: SkeletalMesh Rifle has no skeleton. This needs to fixed before an animation can be set
[2026.02.11-16.39.39:837][173]LogAnimation: Warning: SkeletalMesh Rifle has no skeleton. This needs to fixed before an animation can be set
[2026.02.11-16.39.39:853][174]LogAnimation: Warning: SkeletalMesh Rifle has no skeleton. This needs to fixed before an animation can be set
[2026.02.11-16.39.39:870][175]LogAnimation: Warning: SkeletalMesh Rifle has no skeleton. This needs to fixed before an animation can be set
[2026.02.11-16.39.39:887][176]LogAnimation: Warning: SkeletalMesh Rifle has no skeleton. This needs to fixed before an animation can be set
[2026.02.11-16.39.39:903][177]LogAnimation: Warning: SkeletalMesh Rifle has no skeleton. This needs to fixed before an animation can be set
[2026.02.11-16.39.39:920][178]LogAnimation: Warning: SkeletalMesh Rifle has no skeleton. This needs to fixed before an animation can be set
[2026.02.11-16.39.39:936][179]LogAnimation: Warning: SkeletalMesh Rifle has no skeleton. This needs to fixed before an animation can be set
[2026.02.11-16.39.39:970][181]LogAnimation: Warning: SkeletalMesh Rifle has no skeleton. This needs to fixed before an animation can be set
[2026.02.11-16.39.39:988][182]LogAnimation: Warning: SkeletalMesh Rifle has no skeleton. This needs to fixed before an animation can be set
[2026.02.11-16.39.40:003][183]LogAnimation: Warning: SkeletalMesh Rifle has no skeleton. This needs to fixed before an animation can be set
[2026.02.11-16.39.40:020][184]LogAnimation: Warning: SkeletalMesh Rifle has no skeleton. This needs to fixed before an animation can be set
[2026.02.11-16.39.40:037][185]LogAnimation: Warning: SkeletalMesh Rifle has no skeleton. This needs to fixed before an animation can be set
[2026.02.11-16.39.40:053][186]LogAnimation: Warning: SkeletalMesh Rifle has no skeleton. This needs to fixed before an animation can be set
[2026.02.11-16.39.40:070][187]LogAnimation: Warning: SkeletalMesh Rifle has no skeleton. This needs to fixed before an animation can be set
[2026.02.11-16.39.40:086][188]LogAnimation: Warning: SkeletalMesh Rifle has no skeleton. This needs to fixed before an animation can be set
[2026.02.11-16.39.40:103][189]LogAnimation: Warning: SkeletalMesh Rifle has no skeleton. This needs to fixed before an animation can be set
[2026.02.11-16.39.40:120][190]LogAnimation: Warning: SkeletalMesh Rifle has no skeleton. This needs to fixed before an animation can be set
[2026.02.11-16.39.40:136][191]LogAnimation: Warning: SkeletalMesh Rifle has no skeleton. This needs to fixed before an animation can be set
[2026.02.11-16.39.40:153][192]LogAnimation: Warning: SkeletalMesh Rifle has no skeleton. This needs to fixed before an animation can be set
[2026.02.11-16.39.40:170][193]LogAnimation: Warning: SkeletalMesh Rifle has no skeleton. This needs to fixed before an animation can be set
[2026.02.11-16.39.40:187][194]LogAnimation: Warning: SkeletalMesh Rifle has no skeleton. This needs to fixed before an animation can be set
[2026.02.11-16.39.40:204][195]LogAnimation: Warning: SkeletalMesh Rifle has no skeleton. This needs to fixed before an animation can be set
[2026.02.11-16.39.40:220][196]LogAnimation: Warning: SkeletalMesh Rifle has no skeleton. This needs to fixed before an animation can be set
[2026.02.11-16.39.40:236][197]LogAnimation: Warning: SkeletalMesh Rifle has no skeleton. This needs to fixed before an animation can be set
[2026.02.11-16.39.40:253][198]LogAnimation: Warning: SkeletalMesh Rifle has no skeleton. This needs to fixed before an animation can be set
[2026.02.11-16.39.40:270][199]LogAnimation: Warning: SkeletalMesh Rifle has no skeleton. This needs to fixed before an animation can be set
[2026.02.11-16.39.40:287][200]LogAnimation: Warning: SkeletalMesh Rifle has no skeleton. This needs to fixed before an animation can be set
[2026.02.11-16.39.40:304][201]LogAnimation: Warning: SkeletalMesh Rifle has no skeleton. This needs to fixed before an animation can be set
[2026.02.11-16.39.40:320][202]LogAnimation: Warning: SkeletalMesh Rifle has no skeleton. This needs to fixed before an animation can be set
[2026.02.11-16.39.40:336][203]LogAnimation: Warning: SkeletalMesh Rifle has no skeleton. This needs to fixed before an animation can be set
[2026.02.11-16.39.40:353][204]LogAnimation: Warning: SkeletalMesh Rifle has no skeleton. This needs to fixed before an animation can be set
[2026.02.11-16.39.40:371][205]LogAnimation: Warning: SkeletalMesh Rifle has no skeleton. This needs to fixed before an animation can be set
[2026.02.11-16.39.40:387][206]LogAnimation: Warning: SkeletalMesh Rifle has no skeleton. This needs to fixed before an animation can be set
[2026.02.11-16.39.40:404][207]LogAnimation: Warning: SkeletalMesh Rifle has no skeleton. This needs to fixed before an animation can be set
[2026.02.11-16.39.40:420][208]LogAnimation: Warning: SkeletalMesh Rifle has no skeleton. This needs to fixed before an animation can be set
[2026.02.11-16.39.40:437][209]LogAnimation: Warning: SkeletalMesh Rifle has no skeleton. This needs to fixed before an animation can be set
[2026.02.11-16.39.40:454][210]LogAnimation: Warning: SkeletalMesh Rifle has no skeleton. This needs to fixed before an animation can be set
[2026.02.11-16.39.40:471][211]LogAnimation: Warning: SkeletalMesh Rifle has no skeleton. This needs to fixed before an animation can be set
[2026.02.11-16.39.40:487][212]LogAnimation: Warning: SkeletalMesh Rifle has no skeleton. This needs to fixed before an animation can be set
[2026.02.11-16.39.40:504][213]LogAnimation: Warning: SkeletalMesh Rifle has no skeleton. This needs to fixed before an animation can be set
[2026.02.11-16.39.40:520][214]LogAnimation: Warning: SkeletalMesh Rifle has no skeleton. This needs to fixed before an animation can be set
[2026.02.11-16.39.40:538][215]LogAnimation: Warning: SkeletalMesh Rifle has no skeleton. This needs to fixed before an animation can be set
[2026.02.11-16.39.40:555][216]LogAnimation: Warning: SkeletalMesh Rifle has no skeleton. This needs to fixed before an animation can be set
[2026.02.11-16.39.40:570][217]LogAnimation: Warning: SkeletalMesh Rifle has no skeleton. This needs to fixed before an animation can be set
[2026.02.11-16.39.40:587][218]LogAnimation: Warning: SkeletalMesh Rifle has no skeleton. This needs to fixed before an animation can be set
[2026.02.11-16.39.40:604][219]LogAnimation: Warning: SkeletalMesh Rifle has no skeleton. This needs to fixed before an animation can be set
[2026.02.11-16.39.40:620][220]LogAnimation: Warning: SkeletalMesh Rifle has no skeleton. This needs to fixed before an animation can be set
[2026.02.11-16.39.40:636][221]LogAnimation: Warning: SkeletalMesh Rifle has no skeleton. This needs to fixed before an animation can be set
[2026.02.11-16.39.40:661][222]LogAnimation: Warning: SkeletalMesh Rifle has no skeleton. This needs to fixed before an animation can be set
[2026.02.11-16.39.40:678][223]LogAnimation: Warning: SkeletalMesh Rifle has no skeleton. This needs to fixed before an animation can be set
[2026.02.11-16.39.40:694][224]LogAnimation: Warning: SkeletalMesh Rifle has no skeleton. This needs to fixed before an animation can be set
[2026.02.11-16.39.40:711][225]LogAnimation: Warning: SkeletalMesh Rifle has no skeleton. This needs to fixed before an animation can be set
[2026.02.11-16.39.40:727][226]LogAnimation: Warning: SkeletalMesh Rifle has no skeleton. This needs to fixed before an animation can be set
[2026.02.11-16.39.40:745][227]LogAnimation: Warning: SkeletalMesh Rifle has no skeleton. This needs to fixed before an animation can be set
[2026.02.11-16.39.40:761][228]LogAnimation: Warning: SkeletalMesh Rifle has no skeleton. This needs to fixed before an animation can be set
[2026.02.11-16.39.40:779][229]LogAnimation: Warning: SkeletalMesh Rifle has no skeleton. This needs to fixed before an animation can be set
[2026.02.11-16.39.40:794][230]LogAnimation: Warning: SkeletalMesh Rifle has no skeleton. This needs to fixed before an animation can be set
[2026.02.11-16.39.40:811][231]LogAnimation: Warning: SkeletalMesh Rifle has no skeleton. This needs to fixed before an animation can be set
[2026.02.11-16.39.40:827][232]LogAnimation: Warning: SkeletalMesh Rifle has no skeleton. This needs to fixed before an animation can be set
[2026.02.11-16.39.40:844][233]LogAnimation: Warning: SkeletalMesh Rifle has no skeleton. This needs to fixed before an animation can be set
[2026.02.11-16.39.40:861][234]LogAnimation: Warning: SkeletalMesh Rifle has no skeleton. This needs to fixed before an animation can be set
[2026.02.11-16.39.40:878][235]LogAnimation: Warning: SkeletalMesh Rifle has no skeleton. This needs to fixed before an animation can be set
[2026.02.11-16.39.40:894][236]LogAnimation: Warning: SkeletalMesh Rifle has no skeleton. This needs to fixed before an animation can be set
[2026.02.11-16.39.40:911][237]LogAnimation: Warning: SkeletalMesh Rifle has no skeleton. This needs to fixed before an animation can be set
[2026.02.11-16.39.40:927][238]LogAnimation: Warning: SkeletalMesh Rifle has no skeleton. This needs to fixed before an animation can be set
[2026.02.11-16.39.40:944][239]LogAnimation: Warning: SkeletalMesh Rifle has no skeleton. This needs to fixed before an animation can be set
[2026.02.11-16.39.40:961][240]LogAnimation: Warning: SkeletalMesh Rifle has no skeleton. This needs to fixed before an animation can be set
[2026.02.11-16.39.40:978][241]LogAnimation: Warning: SkeletalMesh Rifle has no skeleton. This needs to fixed before an animation can be set
[2026.02.11-16.39.40:994][242]LogAnimation: Warning: SkeletalMesh Rifle has no skeleton. This needs to fixed before an animation can be set
[2026.02.11-16.39.41:011][243]LogAnimation: Warning: SkeletalMesh Rifle has no skeleton. This needs to fixed before an animation can be set
[2026.02.11-16.39.41:028][244]LogAnimation: Warning: SkeletalMesh Rifle has no skeleton. This needs to fixed before an animation can be set
[2026.02.11-16.39.41:043][245]LogAnimation: Warning: SkeletalMesh Rifle has no skeleton. This needs to fixed before an animation can be set
[2026.02.11-16.39.41:061][246]LogAnimation: Warning: SkeletalMesh Rifle has no skeleton. This needs to fixed before an animation can be set
[2026.02.11-16.39.41:077][247]LogAnimation: Warning: SkeletalMesh Rifle has no skeleton. This needs to fixed before an animation can be set
[2026.02.11-16.39.41:093][248]LogAnimation: Warning: SkeletalMesh Rifle has no skeleton. This needs to fixed before an animation can be set
[2026.02.11-16.39.41:111][249]LogAnimation: Warning: SkeletalMesh Rifle has no skeleton. This needs to fixed before an animation can be set
[2026.02.11-16.39.41:129][250]LogAnimation: Warning: SkeletalMesh Rifle has no skeleton. This needs to fixed before an animation can be set
[2026.02.11-16.39.45:713][518]LogLinker: Warning: [AssetLog] D:\Repozytoria\UE 4.27\KZ_TopDownShooter\TopDownAC\Content\Weapons\Weapons\Materials\MagGun_MatA.uasset: Failed to load '/Game/Weapons/MaterialLayers/ML_BoltMetal': Can't find file.
[2026.02.11-16.39.45:713][518]LogLinker: Warning: [AssetLog] D:\Repozytoria\UE 4.27\KZ_TopDownShooter\TopDownAC\Content\Weapons\Weapons\Materials\MagGun_MatA.uasset: Failed to load '/Game/Weapons/MaterialLayers/ML_BoltMetal': Can't find file.
[2026.02.11-16.39.45:713][518]LogLinker: Warning: [AssetLog] D:\Repozytoria\UE 4.27\KZ_TopDownShooter\TopDownAC\Content\Weapons\Weapons\Materials\MagGun_MatA.uasset: Failed to load '/Game/Weapons/MaterialLayers/ML_Metal_Copper': Can't find file.
[2026.02.11-16.39.45:713][518]LogLinker: Warning: [AssetLog] D:\Repozytoria\UE 4.27\KZ_TopDownShooter\TopDownAC\Content\Weapons\Weapons\Materials\MagGun_MatA.uasset: Failed to load '/Game/Weapons/MaterialLayers/ML_Metal_Copper': Can't find file.
[2026.02.11-16.39.45:713][518]LogLinker: Warning: [AssetLog] D:\Repozytoria\UE 4.27\KZ_TopDownShooter\TopDownAC\Content\Weapons\Weapons\Materials\MagGun_MatA.uasset: Failed to load '/Game/Weapons/MaterialLayers/ML_Metal_Gray': Can't find file.
[2026.02.11-16.39.45:713][518]LogLinker: Warning: [AssetLog] D:\Repozytoria\UE 4.27\KZ_TopDownShooter\TopDownAC\Content\Weapons\Weapons\Materials\MagGun_MatA.uasset: Failed to load '/Game/Weapons/MaterialLayers/ML_Metal_Gray': Can't find file.
[2026.02.11-16.39.45:714][518]LogLinker: Warning: [AssetLog] D:\Repozytoria\UE 4.27\KZ_TopDownShooter\TopDownAC\Content\Weapons\Weapons\Materials\MagGun_MatA.uasset: Failed to load '/Game/Weapons/MaterialLayers/ML_Paint': Can't find file.
[2026.02.11-16.39.45:714][518]LogLinker: Warning: [AssetLog] D:\Repozytoria\UE 4.27\KZ_TopDownShooter\TopDownAC\Content\Weapons\Weapons\Materials\MagGun_MatA.uasset: Failed to load '/Game/Weapons/MaterialLayers/ML_Paint': Can't find file.
[2026.02.11-16.39.45:714][518]LogLinker: Warning: [AssetLog] D:\Repozytoria\UE 4.27\KZ_TopDownShooter\TopDownAC\Content\Weapons\Weapons\Materials\MagGun_MatA.uasset: Failed to load '/Game/Weapons/MaterialLayers/ML_Rubber': Can't find file.
[2026.02.11-16.39.45:714][518]LogLinker: Warning: [AssetLog] D:\Repozytoria\UE 4.27\KZ_TopDownShooter\TopDownAC\Content\Weapons\Weapons\Materials\MagGun_MatA.uasset: Failed to load '/Game/Weapons/MaterialLayers/ML_Rubber': Can't find file.
[2026.02.11-16.39.45:714][518]LogLinker: Warning: [AssetLog] D:\Repozytoria\UE 4.27\KZ_TopDownShooter\TopDownAC\Content\Weapons\Weapons\Materials\MagGun_MatA.uasset: Failed to load '/Game/Weapons/MaterialLayers/ML_BoltMetal': Can't find file.
[2026.02.11-16.39.45:714][518]LogLinker: Warning: [AssetLog] D:\Repozytoria\UE 4.27\KZ_TopDownShooter\TopDownAC\Content\Weapons\Weapons\Materials\MagGun_MatA.uasset: Failed to load '/Game/Weapons/MaterialLayers/ML_Metal_Copper': Can't find file.
[2026.02.11-16.39.45:714][518]LogLinker: Warning: [AssetLog] D:\Repozytoria\UE 4.27\KZ_TopDownShooter\TopDownAC\Content\Weapons\Weapons\Materials\MagGun_MatA.uasset: Failed to load '/Game/Weapons/MaterialLayers/ML_Metal_Gray': Can't find file.
[2026.02.11-16.39.45:714][518]LogLinker: Warning: [AssetLog] D:\Repozytoria\UE 4.27\KZ_TopDownShooter\TopDownAC\Content\Weapons\Weapons\Materials\MagGun_MatA.uasset: Failed to load '/Game/Weapons/MaterialLayers/ML_Paint': Can't find file.
[2026.02.11-16.39.45:714][518]LogLinker: Warning: [AssetLog] D:\Repozytoria\UE 4.27\KZ_TopDownShooter\TopDownAC\Content\Weapons\Weapons\Materials\MagGun_MatA.uasset: Failed to load '/Game/Weapons/MaterialLayers/ML_Rubber': Can't find file.
[2026.02.11-16.39.45:714][518]LogLinker: Warning: [AssetLog] D:\Repozytoria\UE 4.27\KZ_TopDownShooter\TopDownAC\Content\Weapons\Weapons\Materials\MagGun_MatA.uasset: Failed to load '/Game/Weapons/Textures/MagGun_01_N': Can't find file.
[2026.02.11-16.39.45:714][518]LogLinker: Warning: [AssetLog] D:\Repozytoria\UE 4.27\KZ_TopDownShooter\TopDownAC\Content\Weapons\Weapons\Materials\MagGun_MatA.uasset: Failed to load '/Game/Weapons/Textures/MagGun_01_N': Can't find file.
[2026.02.11-16.39.45:714][518]LogLinker: Warning: [AssetLog] D:\Repozytoria\UE 4.27\KZ_TopDownShooter\TopDownAC\Content\Weapons\Weapons\Materials\MagGun_MatA.uasset: Failed to load '/Game/Weapons/Textures/MagGun_Decals': Can't find file.
[2026.02.11-16.39.45:714][518]LogLinker: Warning: [AssetLog] D:\Repozytoria\UE 4.27\KZ_TopDownShooter\TopDownAC\Content\Weapons\Weapons\Materials\MagGun_MatA.uasset: Failed to load '/Game/Weapons/Textures/MagGun_Decals': Can't find file.
[2026.02.11-16.39.45:714][518]LogLinker: Warning: [AssetLog] D:\Repozytoria\UE 4.27\KZ_TopDownShooter\TopDownAC\Content\Weapons\Weapons\Materials\MagGun_MatA.uasset: Failed to load '/Game/Weapons/Textures/MagGunT1_section': Can't find file.
[2026.02.11-16.39.45:714][518]LogLinker: Warning: [AssetLog] D:\Repozytoria\UE 4.27\KZ_TopDownShooter\TopDownAC\Content\Weapons\Weapons\Materials\MagGun_MatA.uasset: Failed to load '/Game/Weapons/Textures/MagGunT1_section': Can't find file.
[2026.02.11-16.39.45:715][518]LogLinker: Warning: [AssetLog] D:\Repozytoria\UE 4.27\KZ_TopDownShooter\TopDownAC\Content\Weapons\Weapons\Materials\MagGun_MatA.uasset: Failed to load '/Game/Weapons/Textures/MagGunT1_shade': Can't find file.
[2026.02.11-16.39.45:715][518]LogLinker: Warning: [AssetLog] D:\Repozytoria\UE 4.27\KZ_TopDownShooter\TopDownAC\Content\Weapons\Weapons\Materials\MagGun_MatA.uasset: Failed to load '/Game/Weapons/Textures/MagGunT1_shade': Can't find file.
[2026.02.11-16.39.45:715][518]LogLinker: Warning: [AssetLog] D:\Repozytoria\UE 4.27\KZ_TopDownShooter\TopDownAC\Content\Weapons\Weapons\Materials\MagGun_MatA.uasset: Failed to load '/Game/Weapons/Textures/MagGun_01_N': Can't find file.
[2026.02.11-16.39.45:715][518]LogLinker: Warning: [AssetLog] D:\Repozytoria\UE 4.27\KZ_TopDownShooter\TopDownAC\Content\Weapons\Weapons\Materials\MagGun_MatA.uasset: Failed to load '/Game/Weapons/Textures/MagGun_Decals': Can't find file.
[2026.02.11-16.39.45:715][518]LogLinker: Warning: [AssetLog] D:\Repozytoria\UE 4.27\KZ_TopDownShooter\TopDownAC\Content\Weapons\Weapons\Materials\MagGun_MatA.uasset: Failed to load '/Game/Weapons/Textures/MagGunT1_section': Can't find file.
[2026.02.11-16.39.45:715][518]LogLinker: Warning: [AssetLog] D:\Repozytoria\UE 4.27\KZ_TopDownShooter\TopDownAC\Content\Weapons\Weapons\Materials\MagGun_MatA.uasset: Failed to load '/Game/Weapons/Textures/MagGunT1_shade': Can't find file.
[2026.02.11-16.39.45:715][518]LogLinker: Warning: [AssetLog] D:\Repozytoria\UE 4.27\KZ_TopDownShooter\TopDownAC\Content\Weapons\Weapons\Materials\MagGun_MatA.uasset: Failed to load '/Game/Weapons/MaterialLayers/ML_Metal_Gray': Can't find file.
[2026.02.11-16.39.45:715][518]LoadErrors: Failed to load /Game/Weapons/MaterialLayers/ML_Metal_Gray.ML_Metal_Gray Referenced by MaterialExpressionMaterialFunctionCall_10
[2026.02.11-16.39.45:715][518]LogLinker: Warning: [AssetLog] D:\Repozytoria\UE 4.27\KZ_TopDownShooter\TopDownAC\Content\Weapons\Weapons\Materials\MagGun_MatA.uasset: Failed to load '/Game/Weapons/MaterialLayers/ML_Rubber': Can't find file.
[2026.02.11-16.39.45:715][518]LoadErrors: Failed to load /Game/Weapons/MaterialLayers/ML_Rubber.ML_Rubber Referenced by MaterialExpressionMaterialFunctionCall_26
[2026.02.11-16.39.45:715][518]LogLinker: Warning: [AssetLog] D:\Repozytoria\UE 4.27\KZ_TopDownShooter\TopDownAC\Content\Weapons\Weapons\Materials\MagGun_MatA.uasset: Failed to load '/Game/Weapons/MaterialLayers/ML_Paint': Can't find file.
[2026.02.11-16.39.45:715][518]LoadErrors: Failed to load /Game/Weapons/MaterialLayers/ML_Paint.ML_Paint Referenced by MaterialExpressionMaterialFunctionCall_28
[2026.02.11-16.39.45:715][518]LogLinker: Warning: [AssetLog] D:\Repozytoria\UE 4.27\KZ_TopDownShooter\TopDownAC\Content\Weapons\Weapons\Materials\MagGun_MatA.uasset: Failed to load '/Game/Weapons/MaterialLayers/ML_BoltMetal': Can't find file.
[2026.02.11-16.39.45:715][518]LoadErrors: Failed to load /Game/Weapons/MaterialLayers/ML_BoltMetal.ML_BoltMetal Referenced by MaterialExpressionMaterialFunctionCall_7
[2026.02.11-16.39.45:715][518]LogLinker: Warning: [AssetLog] D:\Repozytoria\UE 4.27\KZ_TopDownShooter\TopDownAC\Content\Weapons\Weapons\Materials\MagGun_MatA.uasset: Failed to load '/Game/Weapons/MaterialLayers/ML_Metal_Copper': Can't find file.
[2026.02.11-16.39.45:715][518]LoadErrors: Failed to load /Game/Weapons/MaterialLayers/ML_Metal_Copper.ML_Metal_Copper Referenced by MaterialExpressionMaterialFunctionCall_8
[2026.02.11-16.39.45:715][518]LogLinker: Warning: [AssetLog] D:\Repozytoria\UE 4.27\KZ_TopDownShooter\TopDownAC\Content\Weapons\Weapons\Materials\MagGun_MatA.uasset: Failed to load '/Game/Weapons/Textures/MagGun_Decals': Can't find file.
[2026.02.11-16.39.45:715][518]LoadErrors: Failed to load /Game/Weapons/Textures/MagGun_Decals.MagGun_Decals Referenced by MaterialExpressionTextureObject_3
[2026.02.11-16.39.45:715][518]LogLinker: Warning: [AssetLog] D:\Repozytoria\UE 4.27\KZ_TopDownShooter\TopDownAC\Content\Weapons\Weapons\Materials\MagGun_MatA.uasset: Failed to load '/Game/Weapons/Textures/MagGunT1_section': Can't find file.
[2026.02.11-16.39.45:715][518]LoadErrors: Failed to load /Game/Weapons/Textures/MagGunT1_section.MagGunT1_section Referenced by MaterialExpressionTextureSample_0
[2026.02.11-16.39.45:715][518]LogLinker: Warning: [AssetLog] D:\Repozytoria\UE 4.27\KZ_TopDownShooter\TopDownAC\Content\Weapons\Weapons\Materials\MagGun_MatA.uasset: Failed to load '/Game/Weapons/Textures/MagGun_01_N': Can't find file.
[2026.02.11-16.39.45:715][518]LoadErrors: Failed to load /Game/Weapons/Textures/MagGun_01_N.MagGun_01_N Referenced by MaterialExpressionTextureSample_10
[2026.02.11-16.39.45:717][518]LogLinker: Warning: [AssetLog] D:\Repozytoria\UE 4.27\KZ_TopDownShooter\TopDownAC\Content\Weapons\Weapons\Materials\MagGun_MatA.uasset: Failed to load '/Game/Weapons/Textures/MagGunT1_shade': Can't find file.
[2026.02.11-16.39.45:717][518]LoadErrors: Failed to load /Game/Weapons/Textures/MagGunT1_shade.MagGunT1_shade Referenced by MaterialExpressionTextureSample_8
[2026.02.11-16.39.45:718][518]LogMaterial: Display: Missing cached shadermap for MagGun_MatA in PCD3D_SM5, Default, SM5 (DDC key hash: 02BA5C47AA48558EF784E36FB3469D67A91A8A6F), compiling. 
[2026.02.11-16.39.45:722][518]LogMaterial: Warning: [AssetLog] D:\Repozytoria\UE 4.27\KZ_TopDownShooter\TopDownAC\Content\Weapons\Weapons\Materials\MagGun_MatA.uasset: Failed to compile Material for platform PCD3D_SM5, Default Material will be used in game.
[2026.02.11-16.39.45:722][518]LogMaterial: Display: 	(Node TextureSample) Texture Sample> Missing input texture
[2026.02.11-16.39.45:722][518]LogMaterial: Display: 	Missing Material Function
[2026.02.11-16.39.45:722][518]LogMaterial: Display: 	Function MatLayerBlend_Standard: (Node MakeMaterialAttributes) Error on property Normal
[2026.02.11-16.39.45:722][518]LogMaterial: Display: 	(Node TextureObject) Texture Object> Requires valid texture
[2026.02.11-16.39.45:722][518]LogMaterial: Display: 	Function MatLayerBlend_Decal: (Node MakeMaterialAttributes) Error on property Normal
[2026.02.11-16.39.45:722][518]LogMaterial: Display: 	Function MatLayerBlend_BakedNormal: (Node MakeMaterialAttributes) Error on property Normal
[2026.02.11-16.39.45:722][518]LogMaterial: Display: 	Function MatLayerBlend_Standard: (Node MakeMaterialAttributes) Error on property EmissiveColor
[2026.02.11-16.39.45:722][518]LogMaterial: Display: 	Function MatLayerBlend_Standard: (Node MakeMaterialAttributes) Error on property BaseColor
[2026.02.11-16.39.45:722][518]LogMaterial: Display: 	Function MatLayerBlend_Decal: (Node MakeMaterialAttributes) Error on property BaseColor
[2026.02.11-16.39.45:722][518]LogMaterial: Display: 	Function MatLayerBlend_TintAllChannels: (Node MakeMaterialAttributes) Error on property BaseColor
[2026.02.11-16.39.45:722][518]LogMaterial: Display: 	Function MatLayerBlend_Standard: (Node MakeMaterialAttributes) Error on property Metallic
[2026.02.11-16.39.45:722][518]LogMaterial: Display: 	Function MatLayerBlend_Decal: (Node MakeMaterialAttributes) Error on property Metallic
[2026.02.11-16.39.45:722][518]LogMaterial: Display: 	Function MatLayerBlend_Standard: (Node MakeMaterialAttributes) Error on property Specular
[2026.02.11-16.39.45:722][518]LogMaterial: Display: 	Function MatLayerBlend_TintAllChannels: (Node MakeMaterialAttributes) Error on property Specular
[2026.02.11-16.39.45:722][518]LogMaterial: Display: 	Function MatLayerBlend_Standard: (Node MakeMaterialAttributes) Error on property Roughness
[2026.02.11-16.39.45:722][518]LogMaterial: Display: 	Function MatLayerBlend_RoughnessOverride: (Node MakeMaterialAttributes) Error on property Roughness
[2026.02.11-16.39.45:722][518]LogMaterial: Display: 	Function MatLayerBlend_Decal: (Node MakeMaterialAttributes) Error on property Roughness
[2026.02.11-16.39.45:722][518]LogMaterial: Display: 	Function MatLayerBlend_Standard: (Node MakeMaterialAttributes) Error on property AmbientOcclusion
[2026.02.11-16.39.45:722][518]LogMaterial: Display: 	Function MatLayerBlend_Standard: (Node MakeMaterialAttributes) Error on property PixelDepthOffset
[2026.02.11-16.39.45:736][519]LogAnimation: Warning: SkeletalMesh Rifle has no skeleton. This needs to fixed before an animation can be set
[2026.02.11-16.39.45:753][520]LogAnimation: Warning: SkeletalMesh Rifle has no skeleton. This needs to fixed before an animation can be set
[2026.02.11-16.39.45:770][521]LogAnimation: Warning: SkeletalMesh Rifle has no skeleton. This needs to fixed before an animation can be set
[2026.02.11-16.39.45:786][522]LogAnimation: Warning: SkeletalMesh Rifle has no skeleton. This needs to fixed before an animation can be set
[2026.02.11-16.39.45:803][523]LogAnimation: Warning: SkeletalMesh Rifle has no skeleton. This needs to fixed before an animation can be set
[2026.02.11-16.39.45:820][524]LogAnimation: Warning: SkeletalMesh Rifle has no skeleton. This needs to fixed before an animation can be set
[2026.02.11-16.39.45:837][525]LogAnimation: Warning: SkeletalMesh Rifle has no skeleton. This needs to fixed before an animation can be set
[2026.02.11-16.39.45:853][526]LogAnimation: Warning: SkeletalMesh Rifle has no skeleton. This needs to fixed before an animation can be set
[2026.02.11-16.39.45:869][527]LogAnimation: Warning: SkeletalMesh Rifle has no skeleton. This needs to fixed before an animation can be set
[2026.02.11-16.39.45:886][528]LogAnimation: Warning: SkeletalMesh Rifle has no skeleton. This needs to fixed before an animation can be set
[2026.02.11-16.39.45:903][529]LogAnimation: Warning: SkeletalMesh Rifle has no skeleton. This needs to fixed before an animation can be set
[2026.02.11-16.39.45:920][530]LogAnimation: Warning: SkeletalMesh Rifle has no skeleton. This needs to fixed before an animation can be set
[2026.02.11-16.39.45:937][531]LogAnimation: Warning: SkeletalMesh Rifle has no skeleton. This needs to fixed before an animation can be set
[2026.02.11-16.39.45:970][533]LogAnimation: Warning: SkeletalMesh Rifle has no skeleton. This needs to fixed before an animation can be set
[2026.02.11-16.39.45:987][534]LogAnimation: Warning: SkeletalMesh Rifle has no skeleton. This needs to fixed before an animation can be set
[2026.02.11-16.39.46:003][535]LogAnimation: Warning: SkeletalMesh Rifle has no skeleton. This needs to fixed before an animation can be set
[2026.02.11-16.39.46:020][536]LogAnimation: Warning: SkeletalMesh Rifle has no skeleton. This needs to fixed before an animation can be set
[2026.02.11-16.39.46:037][537]LogAnimation: Warning: SkeletalMesh Rifle has no skeleton. This needs to fixed before an animation can be set
[2026.02.11-16.39.46:053][538]LogAnimation: Warning: SkeletalMesh Rifle has no skeleton. This needs to fixed before an animation can be set
[2026.02.11-16.39.46:070][539]LogAnimation: Warning: SkeletalMesh Rifle has no skeleton. This needs to fixed before an animation can be set
[2026.02.11-16.39.46:087][540]LogAnimation: Warning: SkeletalMesh Rifle has no skeleton. This needs to fixed before an animation can be set
[2026.02.11-16.39.46:104][541]LogAnimation: Warning: SkeletalMesh Rifle has no skeleton. This needs to fixed before an animation can be set
[2026.02.11-16.39.46:120][542]LogAnimation: Warning: SkeletalMesh Rifle has no skeleton. This needs to fixed before an animation can be set
[2026.02.11-16.39.46:137][543]LogAnimation: Warning: SkeletalMesh Rifle has no skeleton. This needs to fixed before an animation can be set
[2026.02.11-16.39.46:153][544]LogAnimation: Warning: SkeletalMesh Rifle has no skeleton. This needs to fixed before an animation can be set
[2026.02.11-16.39.46:170][545]LogAnimation: Warning: SkeletalMesh Rifle has no skeleton. This needs to fixed before an animation can be set
[2026.02.11-16.39.46:186][546]LogAnimation: Warning: SkeletalMesh Rifle has no skeleton. This needs to fixed before an animation can be set
[2026.02.11-16.39.46:203][547]LogAnimation: Warning: SkeletalMesh Rifle has no skeleton. This needs to fixed before an animation can be set
[2026.02.11-16.39.46:221][548]LogAnimation: Warning: SkeletalMesh Rifle has no skeleton. This needs to fixed before an animation can be set
[2026.02.11-16.39.46:237][549]LogAnimation: Warning: SkeletalMesh Rifle has no skeleton. This needs to fixed before an animation can be set
[2026.02.11-16.39.46:254][550]LogAnimation: Warning: SkeletalMesh Rifle has no skeleton. This needs to fixed before an animation can be set
[2026.02.11-16.39.46:270][551]LogAnimation: Warning: SkeletalMesh Rifle has no skeleton. This needs to fixed before an animation can be set
[2026.02.11-16.39.46:286][552]LogAnimation: Warning: SkeletalMesh Rifle has no skeleton. This needs to fixed before an animation can be set
[2026.02.11-16.39.46:304][553]LogAnimation: Warning: SkeletalMesh Rifle has no skeleton. This needs to fixed before an animation can be set
[2026.02.11-16.39.46:320][554]LogAnimation: Warning: SkeletalMesh Rifle has no skeleton. This needs to fixed before an animation can be set
[2026.02.11-16.39.46:337][555]LogAnimation: Warning: SkeletalMesh Rifle has no skeleton. This needs to fixed before an animation can be set
[2026.02.11-16.39.46:353][556]LogAnimation: Warning: SkeletalMesh Rifle has no skeleton. This needs to fixed before an animation can be set
[2026.02.11-16.39.46:370][557]LogAnimation: Warning: SkeletalMesh Rifle has no skeleton. This needs to fixed before an animation can be set
[2026.02.11-16.39.46:386][558]LogAnimation: Warning: SkeletalMesh Rifle has no skeleton. This needs to fixed before an animation can be set
[2026.02.11-16.39.46:403][559]LogAnimation: Warning: SkeletalMesh Rifle has no skeleton. This needs to fixed before an animation can be set
[2026.02.11-16.39.46:420][560]LogAnimation: Warning: SkeletalMesh Rifle has no skeleton. This needs to fixed before an animation can be set
[2026.02.11-16.39.46:437][561]LogAnimation: Warning: SkeletalMesh Rifle has no skeleton. This needs to fixed before an animation can be set
[2026.02.11-16.39.46:453][562]LogAnimation: Warning: SkeletalMesh Rifle has no skeleton. This needs to fixed before an animation can be set
[2026.02.11-16.39.46:470][563]LogAnimation: Warning: SkeletalMesh Rifle has no skeleton. This needs to fixed before an animation can be set
[2026.02.11-16.39.46:487][564]LogAnimation: Warning: SkeletalMesh Rifle has no skeleton. This needs to fixed before an animation can be set
[2026.02.11-16.39.46:503][565]LogAnimation: Warning: SkeletalMesh Rifle has no skeleton. This needs to fixed before an animation can be set
[2026.02.11-16.39.46:520][566]LogAnimation: Warning: SkeletalMesh Rifle has no skeleton. This needs to fixed before an animation can be set
[2026.02.11-16.39.46:537][567]LogAnimation: Warning: SkeletalMesh Rifle has no skeleton. This needs to fixed before an animation can be set
[2026.02.11-16.39.46:553][568]LogAnimation: Warning: SkeletalMesh Rifle has no skeleton. This needs to fixed before an animation can be set
[2026.02.11-16.39.46:570][569]LogAnimation: Warning: SkeletalMesh Rifle has no skeleton. This needs to fixed before an animation can be set
[2026.02.11-16.39.46:587][570]LogAnimation: Warning: SkeletalMesh Rifle has no skeleton. This needs to fixed before an animation can be set
[2026.02.11-16.39.46:604][571]LogAnimation: Warning: SkeletalMesh Rifle has no skeleton. This needs to fixed before an animation can be set
[2026.02.11-16.39.46:620][572]LogAnimation: Warning: SkeletalMesh Rifle has no skeleton. This needs to fixed before an animation can be set
[2026.02.11-16.39.46:637][573]LogAnimation: Warning: SkeletalMesh Rifle has no skeleton. This needs to fixed before an animation can be set
[2026.02.11-16.39.46:654][574]LogAnimation: Warning: SkeletalMesh Rifle has no skeleton. This needs to fixed before an animation can be set
[2026.02.11-16.39.46:670][575]LogAnimation: Warning: SkeletalMesh Rifle has no skeleton. This needs to fixed before an animation can be set
[2026.02.11-16.39.46:687][576]LogAnimation: Warning: SkeletalMesh Rifle has no skeleton. This needs to fixed before an animation can be set
[2026.02.11-16.39.46:703][577]LogAnimation: Warning: SkeletalMesh Rifle has no skeleton. This needs to fixed before an animation can be set
[2026.02.11-16.39.46:720][578]LogAnimation: Warning: SkeletalMesh Rifle has no skeleton. This needs to fixed before an animation can be set
[2026.02.11-16.39.46:737][579]LogAnimation: Warning: SkeletalMesh Rifle has no skeleton. This needs to fixed before an animation can be set
[2026.02.11-16.39.46:754][580]LogAnimation: Warning: SkeletalMesh Rifle has no skeleton. This needs to fixed before an animation can be set
[2026.02.11-16.39.46:770][581]LogAnimation: Warning: SkeletalMesh Rifle has no skeleton. This needs to fixed before an animation can be set
[2026.02.11-16.39.46:786][582]LogAnimation: Warning: SkeletalMesh Rifle has no skeleton. This needs to fixed before an animation can be set
[2026.02.11-16.39.46:803][583]LogAnimation: Warning: SkeletalMesh Rifle has no skeleton. This needs to fixed before an animation can be set
[2026.02.11-16.39.46:820][584]LogAnimation: Warning: SkeletalMesh Rifle has no skeleton. This needs to fixed before an animation can be set
[2026.02.11-16.39.46:837][585]LogAnimation: Warning: SkeletalMesh Rifle has no skeleton. This needs to fixed before an animation can be set
[2026.02.11-16.39.46:853][586]LogAnimation: Warning: SkeletalMesh Rifle has no skeleton. This needs to fixed before an animation can be set
[2026.02.11-16.39.46:870][587]LogAnimation: Warning: SkeletalMesh Rifle has no skeleton. This needs to fixed before an animation can be set
[2026.02.11-16.39.46:887][588]LogAnimation: Warning: SkeletalMesh Rifle has no skeleton. This needs to fixed before an animation can be set
[2026.02.11-16.39.46:903][589]LogAnimation: Warning: SkeletalMesh Rifle has no skeleton. This needs to fixed before an animation can be set
[2026.02.11-16.39.46:919][590]LogAnimation: Warning: SkeletalMesh Rifle has no skeleton. This needs to fixed before an animation can be set
[2026.02.11-16.39.46:937][591]LogAnimation: Warning: SkeletalMesh Rifle has no skeleton. This needs to fixed before an animation can be set
[2026.02.11-16.39.46:953][592]LogAnimation: Warning: SkeletalMesh Rifle has no skeleton. This needs to fixed before an animation can be set
[2026.02.11-16.39.46:970][593]LogAnimation: Warning: SkeletalMesh Rifle has no skeleton. This needs to fixed before an animation can be set
[2026.02.11-16.39.46:987][594]LogAnimation: Warning: SkeletalMesh Rifle has no skeleton. This needs to fixed before an animation can be set
[2026.02.11-16.39.47:004][595]LogAnimation: Warning: SkeletalMesh Rifle has no skeleton. This needs to fixed before an animation can be set
[2026.02.11-16.39.47:021][596]LogAnimation: Warning: SkeletalMesh Rifle has no skeleton. This needs to fixed before an animation can be set
[2026.02.11-16.39.47:038][597]LogAnimation: Warning: SkeletalMesh Rifle has no skeleton. This needs to fixed before an animation can be set
[2026.02.11-16.39.47:061][598]LogAnimation: Warning: SkeletalMesh Rifle has no skeleton. This needs to fixed before an animation can be set
[2026.02.11-16.39.47:074][599]LogAnimation: Warning: SkeletalMesh Rifle has no skeleton. This needs to fixed before an animation can be set
[2026.02.11-16.39.47:090][600]LogAnimation: Warning: SkeletalMesh Rifle has no skeleton. This needs to fixed before an animation can be set
[2026.02.11-16.39.47:104][601]LogAnimation: Warning: SkeletalMesh Rifle has no skeleton. This needs to fixed before an animation can be set
[2026.02.11-16.39.47:121][602]LogAnimation: Warning: SkeletalMesh Rifle has no skeleton. This needs to fixed before an animation can be set
[2026.02.11-16.39.47:137][603]LogAnimation: Warning: SkeletalMesh Rifle has no skeleton. This needs to fixed before an animation can be set
[2026.02.11-16.39.47:160][604]LogAnimation: Warning: SkeletalMesh Rifle has no skeleton. This needs to fixed before an animation can be set
[2026.02.11-16.39.47:172][605]LogAnimation: Warning: SkeletalMesh Rifle has no skeleton. This needs to fixed before an animation can be set
[2026.02.11-16.39.47:188][606]LogAnimation: Warning: SkeletalMesh Rifle has no skeleton. This needs to fixed before an animation can be set
[2026.02.11-16.39.47:205][607]LogAnimation: Warning: SkeletalMesh Rifle has no skeleton. This needs to fixed before an animation can be set
[2026.02.11-16.39.47:222][608]LogAnimation: Warning: SkeletalMesh Rifle has no skeleton. This needs to fixed before an animation can be set
[2026.02.11-16.39.47:239][609]LogAnimation: Warning: SkeletalMesh Rifle has no skeleton. This needs to fixed before an animation can be set
[2026.02.11-16.39.47:255][610]LogAnimation: Warning: SkeletalMesh Rifle has no skeleton. This needs to fixed before an animation can be set
[2026.02.11-16.39.47:272][611]LogAnimation: Warning: SkeletalMesh Rifle has no skeleton. This needs to fixed before an animation can be set
[2026.02.11-16.39.47:288][612]LogAnimation: Warning: SkeletalMesh Rifle has no skeleton. This needs to fixed before an animation can be set
[2026.02.11-16.39.47:305][613]LogAnimation: Warning: SkeletalMesh Rifle has no skeleton. This needs to fixed before an animation can be set
[2026.02.11-16.39.47:322][614]LogAnimation: Warning: SkeletalMesh Rifle has no skeleton. This needs to fixed before an animation can be set
[2026.02.11-16.39.47:339][615]LogAnimation: Warning: SkeletalMesh Rifle has no skeleton. This needs to fixed before an animation can be set
[2026.02.11-16.39.47:355][616]LogAnimation: Warning: SkeletalMesh Rifle has no skeleton. This needs to fixed before an animation can be set
[2026.02.11-16.39.47:372][617]LogAnimation: Warning: SkeletalMesh Rifle has no skeleton. This needs to fixed before an animation can be set
[2026.02.11-16.39.47:388][618]LogAnimation: Warning: SkeletalMesh Rifle has no skeleton. This needs to fixed before an animation can be set
[2026.02.11-16.39.47:405][619]LogAnimation: Warning: SkeletalMesh Rifle has no skeleton. This needs to fixed before an animation can be set
[2026.02.11-16.39.47:422][620]LogAnimation: Warning: SkeletalMesh Rifle has no skeleton. This needs to fixed before an animation can be set
[2026.02.11-16.39.47:439][621]LogAnimation: Warning: SkeletalMesh Rifle has no skeleton. This needs to fixed before an animation can be set
[2026.02.11-16.39.47:455][622]LogAnimation: Warning: SkeletalMesh Rifle has no skeleton. This needs to fixed before an animation can be set
[2026.02.11-16.39.47:471][623]LogAnimation: Warning: SkeletalMesh Rifle has no skeleton. This needs to fixed before an animation can be set
[2026.02.11-16.39.47:487][624]LogAnimation: Warning: SkeletalMesh Rifle has no skeleton. This needs to fixed before an animation can be set
[2026.02.11-16.39.47:504][625]LogAnimation: Warning: SkeletalMesh Rifle has no skeleton. This needs to fixed before an animation can be set
[2026.02.11-16.39.47:522][626]LogAnimation: Warning: SkeletalMesh Rifle has no skeleton. This needs to fixed before an animation can be set
[2026.02.11-16.39.47:538][627]LogAnimation: Warning: SkeletalMesh Rifle has no skeleton. This needs to fixed before an animation can be set
[2026.02.11-16.39.47:555][628]LogAnimation: Warning: SkeletalMesh Rifle has no skeleton. This needs to fixed before an animation can be set
[2026.02.11-16.39.47:571][629]LogAnimation: Warning: SkeletalMesh Rifle has no skeleton. This needs to fixed before an animation can be set
[2026.02.11-16.39.47:588][630]LogAnimation: Warning: SkeletalMesh Rifle has no skeleton. This needs to fixed before an animation can be set
[2026.02.11-16.39.47:605][631]LogAnimation: Warning: SkeletalMesh Rifle has no skeleton. This needs to fixed before an animation can be set
[2026.02.11-16.39.47:625][632]LogAnimation: Warning: SkeletalMesh Rifle has no skeleton. This needs to fixed before an animation can be set
[2026.02.11-16.39.47:639][633]LogAnimation: Warning: SkeletalMesh Rifle has no skeleton. This needs to fixed before an animation can be set
[2026.02.11-16.39.47:655][634]LogAnimation: Warning: SkeletalMesh Rifle has no skeleton. This needs to fixed before an animation can be set
[2026.02.11-16.39.47:671][635]LogAnimation: Warning: SkeletalMesh Rifle has no skeleton. This needs to fixed before an animation can be set
[2026.02.11-16.39.47:688][636]LogAnimation: Warning: SkeletalMesh Rifle has no skeleton. This needs to fixed before an animation can be set
[2026.02.11-16.39.47:705][637]LogAnimation: Warning: SkeletalMesh Rifle has no skeleton. This needs to fixed before an animation can be set
[2026.02.11-16.39.47:721][638]LogAnimation: Warning: SkeletalMesh Rifle has no skeleton. This needs to fixed before an animation can be set
[2026.02.11-16.39.47:738][639]LogAnimation: Warning: SkeletalMesh Rifle has no skeleton. This needs to fixed before an animation can be set
[2026.02.11-16.39.47:755][640]LogAnimation: Warning: SkeletalMesh Rifle has no skeleton. This needs to fixed before an animation can be set
[2026.02.11-16.39.47:772][641]LogAnimation: Warning: SkeletalMesh Rifle has no skeleton. This needs to fixed before an animation can be set
[2026.02.11-16.39.47:788][642]LogAnimation: Warning: SkeletalMesh Rifle has no skeleton. This needs to fixed before an animation can be set
[2026.02.11-16.39.47:805][643]LogAnimation: Warning: SkeletalMesh Rifle has no skeleton. This needs to fixed before an animation can be set
[2026.02.11-16.39.47:821][644]LogAnimation: Warning: SkeletalMesh Rifle has no skeleton. This needs to fixed before an animation can be set
[2026.02.11-16.39.47:838][645]LogAnimation: Warning: SkeletalMesh Rifle has no skeleton. This needs to fixed before an animation can be set
[2026.02.11-16.39.47:855][646]LogAnimation: Warning: SkeletalMesh Rifle has no skeleton. This needs to fixed before an animation can be set
[2026.02.11-16.39.47:871][647]LogAnimation: Warning: SkeletalMesh Rifle has no skeleton. This needs to fixed before an animation can be set
[2026.02.11-16.39.47:888][648]LogAnimation: Warning: SkeletalMesh Rifle has no skeleton. This needs to fixed before an animation can be set
[2026.02.11-16.39.47:905][649]LogAnimation: Warning: SkeletalMesh Rifle has no skeleton. This needs to fixed before an animation can be set
[2026.02.11-16.39.47:921][650]LogAnimation: Warning: SkeletalMesh Rifle has no skeleton. This needs to fixed before an animation can be set
[2026.02.11-16.39.47:937][651]LogAnimation: Warning: SkeletalMesh Rifle has no skeleton. This needs to fixed before an animation can be set
[2026.02.11-16.39.47:971][653]LogAnimation: Warning: SkeletalMesh Rifle has no skeleton. This needs to fixed before an animation can be set
[2026.02.11-16.39.47:999][654]LogAnimation: Warning: SkeletalMesh Rifle has no skeleton. This needs to fixed before an animation can be set
[2026.02.11-16.39.48:015][655]LogAnimation: Warning: SkeletalMesh Rifle has no skeleton. This needs to fixed before an animation can be set
[2026.02.11-16.39.48:031][656]LogAnimation: Warning: SkeletalMesh Rifle has no skeleton. This needs to fixed before an animation can be set
[2026.02.11-16.39.48:047][657]LogAnimation: Warning: SkeletalMesh Rifle has no skeleton. This needs to fixed before an animation can be set
[2026.02.11-16.39.48:065][658]LogAnimation: Warning: SkeletalMesh Rifle has no skeleton. This needs to fixed before an animation can be set
[2026.02.11-16.39.48:081][659]LogAnimation: Warning: SkeletalMesh Rifle has no skeleton. This needs to fixed before an animation can be set
[2026.02.11-16.39.48:099][660]LogAnimation: Warning: SkeletalMesh Rifle has no skeleton. This needs to fixed before an animation can be set
[2026.02.11-16.39.48:115][661]LogAnimation: Warning: SkeletalMesh Rifle has no skeleton. This needs to fixed before an animation can be set
[2026.02.11-16.39.48:131][662]LogAnimation: Warning: SkeletalMesh Rifle has no skeleton. This needs to fixed before an animation can be set
[2026.02.11-16.39.48:148][663]LogAnimation: Warning: SkeletalMesh Rifle has no skeleton. This needs to fixed before an animation can be set
[2026.02.11-16.39.48:165][664]LogAnimation: Warning: SkeletalMesh Rifle has no skeleton. This needs to fixed before an animation can be set
[2026.02.11-16.39.48:181][665]LogAnimation: Warning: SkeletalMesh Rifle has no skeleton. This needs to fixed before an animation can be set
[2026.02.11-16.39.48:198][666]LogAnimation: Warning: SkeletalMesh Rifle has no skeleton. This needs to fixed before an animation can be set
[2026.02.11-16.39.48:215][667]LogAnimation: Warning: SkeletalMesh Rifle has no skeleton. This needs to fixed before an animation can be set
[2026.02.11-16.39.48:232][668]LogAnimation: Warning: SkeletalMesh Rifle has no skeleton. This needs to fixed before an animation can be set
[2026.02.11-16.39.48:248][669]LogAnimation: Warning: SkeletalMesh Rifle has no skeleton. This needs to fixed before an animation can be set
[2026.02.11-16.39.48:265][670]LogAnimation: Warning: SkeletalMesh Rifle has no skeleton. This needs to fixed before an animation can be set
[2026.02.11-16.39.48:282][671]LogAnimation: Warning: SkeletalMesh Rifle has no skeleton. This needs to fixed before an animation can be set
[2026.02.11-16.39.48:298][672]LogAnimation: Warning: SkeletalMesh Rifle has no skeleton. This needs to fixed before an animation can be set
[2026.02.11-16.39.48:315][673]LogAnimation: Warning: SkeletalMesh Rifle has no skeleton. This needs to fixed before an animation can be set
[2026.02.11-16.39.48:331][674]LogAnimation: Warning: SkeletalMesh Rifle has no skeleton. This needs to fixed before an animation can be set
[2026.02.11-16.39.48:348][675]LogAnimation: Warning: SkeletalMesh Rifle has no skeleton. This needs to fixed before an animation can be set
[2026.02.11-16.39.48:365][676]LogAnimation: Warning: SkeletalMesh Rifle has no skeleton. This needs to fixed before an animation can be set
[2026.02.11-16.39.48:382][677]LogAnimation: Warning: SkeletalMesh Rifle has no skeleton. This needs to fixed before an animation can be set
[2026.02.11-16.39.48:398][678]LogAnimation: Warning: SkeletalMesh Rifle has no skeleton. This needs to fixed before an animation can be set
[2026.02.11-16.39.48:415][679]LogAnimation: Warning: SkeletalMesh Rifle has no skeleton. This needs to fixed before an animation can be set
[2026.02.11-16.39.48:432][680]LogAnimation: Warning: SkeletalMesh Rifle has no skeleton. This needs to fixed before an animation can be set
[2026.02.11-16.39.48:448][681]LogAnimation: Warning: SkeletalMesh Rifle has no skeleton. This needs to fixed before an animation can be set
[2026.02.11-16.39.48:465][682]LogAnimation: Warning: SkeletalMesh Rifle has no skeleton. This needs to fixed before an animation can be set
[2026.02.11-16.39.48:482][683]LogAnimation: Warning: SkeletalMesh Rifle has no skeleton. This needs to fixed before an animation can be set
[2026.02.11-16.39.48:498][684]LogAnimation: Warning: SkeletalMesh Rifle has no skeleton. This needs to fixed before an animation can be set
[2026.02.11-16.39.48:515][685]LogAnimation: Warning: SkeletalMesh Rifle has no skeleton. This needs to fixed before an animation can be set
[2026.02.11-16.39.48:532][686]LogAnimation: Warning: SkeletalMesh Rifle has no skeleton. This needs to fixed before an animation can be set
[2026.02.11-16.39.48:548][687]LogAnimation: Warning: SkeletalMesh Rifle has no skeleton. This needs to fixed before an animation can be set
[2026.02.11-16.39.48:565][688]LogAnimation: Warning: SkeletalMesh Rifle has no skeleton. This needs to fixed before an animation can be set
[2026.02.11-16.39.48:582][689]LogAnimation: Warning: SkeletalMesh Rifle has no skeleton. This needs to fixed before an animation can be set
[2026.02.11-16.39.48:598][690]LogAnimation: Warning: SkeletalMesh Rifle has no skeleton. This needs to fixed before an animation can be set
[2026.02.11-16.39.48:615][691]LogAnimation: Warning: SkeletalMesh Rifle has no skeleton. This needs to fixed before an animation can be set
[2026.02.11-16.39.48:632][692]LogAnimation: Warning: SkeletalMesh Rifle has no skeleton. This needs to fixed before an animation can be set
[2026.02.11-16.39.48:648][693]LogAnimation: Warning: SkeletalMesh Rifle has no skeleton. This needs to fixed before an animation can be set
[2026.02.11-16.39.48:665][694]LogAnimation: Warning: SkeletalMesh Rifle has no skeleton. This needs to fixed before an animation can be set
[2026.02.11-16.39.48:682][695]LogAnimation: Warning: SkeletalMesh Rifle has no skeleton. This needs to fixed before an animation can be set
[2026.02.11-16.39.48:698][696]LogAnimation: Warning: SkeletalMesh Rifle has no skeleton. This needs to fixed before an animation can be set
[2026.02.11-16.39.48:715][697]LogAnimation: Warning: SkeletalMesh Rifle has no skeleton. This needs to fixed before an animation can be set
[2026.02.11-16.39.48:732][698]LogAnimation: Warning: SkeletalMesh Rifle has no skeleton. This needs to fixed before an animation can be set
[2026.02.11-16.39.48:748][699]LogAnimation: Warning: SkeletalMesh Rifle has no skeleton. This needs to fixed before an animation can be set
[2026.02.11-16.39.48:770][700]LogAnimation: Warning: SkeletalMesh Rifle has no skeleton. This needs to fixed before an animation can be set
[2026.02.11-16.39.48:781][701]LogAnimation: Warning: SkeletalMesh Rifle has no skeleton. This needs to fixed before an animation can be set
[2026.02.11-16.39.48:798][702]LogAnimation: Warning: SkeletalMesh Rifle has no skeleton. This needs to fixed before an animation can be set
[2026.02.11-16.39.48:815][703]LogAnimation: Warning: SkeletalMesh Rifle has no skeleton. This needs to fixed before an animation can be set
[2026.02.11-16.39.48:831][704]LogAnimation: Warning: SkeletalMesh Rifle has no skeleton. This needs to fixed before an animation can be set
[2026.02.11-16.39.48:848][705]LogAnimation: Warning: SkeletalMesh Rifle has no skeleton. This needs to fixed before an animation can be set
[2026.02.11-16.39.48:865][706]LogAnimation: Warning: SkeletalMesh Rifle has no skeleton. This needs to fixed before an animation can be set
[2026.02.11-16.39.48:882][707]LogAnimation: Warning: SkeletalMesh Rifle has no skeleton. This needs to fixed before an animation can be set
[2026.02.11-16.39.48:898][708]LogAnimation: Warning: SkeletalMesh Rifle has no skeleton. This needs to fixed before an animation can be set
[2026.02.11-16.39.48:916][709]LogAnimation: Warning: SkeletalMesh Rifle has no skeleton. This needs to fixed before an animation can be set
[2026.02.11-16.39.48:931][710]LogAnimation: Warning: SkeletalMesh Rifle has no skeleton. This needs to fixed before an animation can be set
[2026.02.11-16.39.48:948][711]LogAnimation: Warning: SkeletalMesh Rifle has no skeleton. This needs to fixed before an animation can be set
[2026.02.11-16.39.48:965][712]LogAnimation: Warning: SkeletalMesh Rifle has no skeleton. This needs to fixed before an animation can be set
[2026.02.11-16.39.48:982][713]LogAnimation: Warning: SkeletalMesh Rifle has no skeleton. This needs to fixed before an animation can be set
[2026.02.11-16.39.48:998][714]LogAnimation: Warning: SkeletalMesh Rifle has no skeleton. This needs to fixed before an animation can be set
[2026.02.11-16.39.49:015][715]LogAnimation: Warning: SkeletalMesh Rifle has no skeleton. This needs to fixed before an animation can be set
[2026.02.11-16.39.49:032][716]LogAnimation: Warning: SkeletalMesh Rifle has no skeleton. This needs to fixed before an animation can be set
[2026.02.11-16.39.49:048][717]LogAnimation: Warning: SkeletalMesh Rifle has no skeleton. This needs to fixed before an animation can be set
[2026.02.11-16.39.49:065][718]LogAnimation: Warning: SkeletalMesh Rifle has no skeleton. This needs to fixed before an animation can be set
[2026.02.11-16.39.49:083][719]LogAnimation: Warning: SkeletalMesh Rifle has no skeleton. This needs to fixed before an animation can be set
[2026.02.11-16.39.49:098][720]LogAnimation: Warning: SkeletalMesh Rifle has no skeleton. This needs to fixed before an animation can be set
[2026.02.11-16.39.49:115][721]LogAnimation: Warning: SkeletalMesh Rifle has no skeleton. This needs to fixed before an animation can be set
[2026.02.11-16.39.49:137][722]LogAnimation: Warning: SkeletalMesh Rifle has no skeleton. This needs to fixed before an animation can be set
[2026.02.11-16.39.49:149][723]LogAnimation: Warning: SkeletalMesh Rifle has no skeleton. This needs to fixed before an animation can be set
[2026.02.11-16.39.49:165][724]LogAnimation: Warning: SkeletalMesh Rifle has no skeleton. This needs to fixed before an animation can be set
[2026.02.11-16.39.49:182][725]LogAnimation: Warning: SkeletalMesh Rifle has no skeleton. This needs to fixed before an animation can be set
[2026.02.11-16.39.49:199][726]LogAnimation: Warning: SkeletalMesh Rifle has no skeleton. This needs to fixed before an animation can be set
[2026.02.11-16.39.49:215][727]LogAnimation: Warning: SkeletalMesh Rifle has no skeleton. This needs to fixed before an animation can be set
[2026.02.11-16.39.49:232][728]LogAnimation: Warning: SkeletalMesh Rifle has no skeleton. This needs to fixed before an animation can be set
[2026.02.11-16.39.49:249][729]LogAnimation: Warning: SkeletalMesh Rifle has no skeleton. This needs to fixed before an animation can be set
[2026.02.11-16.39.49:265][730]LogAnimation: Warning: SkeletalMesh Rifle has no skeleton. This needs to fixed before an animation can be set
[2026.02.11-16.39.49:281][731]LogAnimation: Warning: SkeletalMesh Rifle has no skeleton. This needs to fixed before an animation can be set
[2026.02.11-16.39.49:298][732]LogAnimation: Warning: SkeletalMesh Rifle has no skeleton. This needs to fixed before an animation can be set
[2026.02.11-16.39.49:315][733]LogAnimation: Warning: SkeletalMesh Rifle has no skeleton. This needs to fixed before an animation can be set
[2026.02.11-16.39.49:331][734]LogAnimation: Warning: SkeletalMesh Rifle has no skeleton. This needs to fixed before an animation can be set
[2026.02.11-16.39.49:350][735]LogAnimation: Warning: SkeletalMesh Rifle has no skeleton. This needs to fixed before an animation can be set
[2026.02.11-16.39.49:365][736]LogAnimation: Warning: SkeletalMesh Rifle has no skeleton. This needs to fixed before an animation can be set
[2026.02.11-16.39.49:381][737]LogAnimation: Warning: SkeletalMesh Rifle has no skeleton. This needs to fixed before an animation can be set
[2026.02.11-16.39.49:398][738]LogAnimation: Warning: SkeletalMesh Rifle has no skeleton. This needs to fixed before an animation can be set
[2026.02.11-16.39.49:415][739]LogAnimation: Warning: SkeletalMesh Rifle has no skeleton. This needs to fixed before an animation can be set
[2026.02.11-16.39.49:431][740]LogAnimation: Warning: SkeletalMesh Rifle has no skeleton. This needs to fixed before an animation can be set
[2026.02.11-16.39.49:469][741]LogAssetEditorSubsystem: Opening Asset editor for Material /Game/Weapons/Weapons/Materials/MagGun_MatA.MagGun_MatA
[2026.02.11-16.39.49:471][741]LogMaterial: Display: Missing cached shadermap for MagGun_MatA in PCD3D_SM5, Default, SM5 (DDC key hash: 8847358D865A374728F661D225ECD1842F08011E), compiling. 
[2026.02.11-16.39.49:473][741]LogMaterial: Warning: [AssetLog] /Engine/Transient.MagGun_MatA (no disk path found): Failed to compile Material for platform PCD3D_SM5, Default Material will be used in game.
[2026.02.11-16.39.49:473][741]LogMaterial: Display: 	(Node TextureSample) Texture Sample> Missing input texture
[2026.02.11-16.39.49:473][741]LogMaterial: Display: 	Missing Material Function
[2026.02.11-16.39.49:473][741]LogMaterial: Display: 	Function MatLayerBlend_Standard: (Node MakeMaterialAttributes) Error on property Normal
[2026.02.11-16.39.49:473][741]LogMaterial: Display: 	(Node TextureObject) Texture Object> Requires valid texture
[2026.02.11-16.39.49:473][741]LogMaterial: Display: 	Function MatLayerBlend_Decal: (Node MakeMaterialAttributes) Error on property Normal
[2026.02.11-16.39.49:473][741]LogMaterial: Display: 	Function MatLayerBlend_BakedNormal: (Node MakeMaterialAttributes) Error on property Normal
[2026.02.11-16.39.49:473][741]LogMaterial: Display: 	Function MatLayerBlend_Standard: (Node MakeMaterialAttributes) Error on property EmissiveColor
[2026.02.11-16.39.49:473][741]LogMaterial: Display: 	Function MatLayerBlend_Standard: (Node MakeMaterialAttributes) Error on property BaseColor
[2026.02.11-16.39.49:473][741]LogMaterial: Display: 	Function MatLayerBlend_Decal: (Node MakeMaterialAttributes) Error on property BaseColor
[2026.02.11-16.39.49:473][741]LogMaterial: Display: 	Function MatLayerBlend_TintAllChannels: (Node MakeMaterialAttributes) Error on property BaseColor
[2026.02.11-16.39.49:473][741]LogMaterial: Display: 	Function MatLayerBlend_Standard: (Node MakeMaterialAttributes) Error on property Metallic
[2026.02.11-16.39.49:473][741]LogMaterial: Display: 	Function MatLayerBlend_Decal: (Node MakeMaterialAttributes) Error on property Metallic
[2026.02.11-16.39.49:473][741]LogMaterial: Display: 	Function MatLayerBlend_Standard: (Node MakeMaterialAttributes) Error on property Specular
[2026.02.11-16.39.49:473][741]LogMaterial: Display: 	Function MatLayerBlend_TintAllChannels: (Node MakeMaterialAttributes) Error on property Specular
[2026.02.11-16.39.49:473][741]LogMaterial: Display: 	Function MatLayerBlend_Standard: (Node MakeMaterialAttributes) Error on property Roughness
[2026.02.11-16.39.49:473][741]LogMaterial: Display: 	Function MatLayerBlend_RoughnessOverride: (Node MakeMaterialAttributes) Error on property Roughness
[2026.02.11-16.39.49:473][741]LogMaterial: Display: 	Function MatLayerBlend_Decal: (Node MakeMaterialAttributes) Error on property Roughness
[2026.02.11-16.39.49:473][741]LogMaterial: Display: 	Function MatLayerBlend_Standard: (Node MakeMaterialAttributes) Error on property AmbientOcclusion
[2026.02.11-16.39.49:473][741]LogMaterial: Display: 	Function MatLayerBlend_Standard: (Node MakeMaterialAttributes) Error on property PixelDepthOffset
[2026.02.11-16.39.49:551][741]LogMaterial: Display: Missing cached shadermap for MagGun_MatA in PCD3D_SM5, Default, SM5 (DDC key hash: F7F320F598339557849AC4D4D4F6D351845D1CE5), compiling. 
[2026.02.11-16.39.49:554][741]LogMaterial: Warning: [AssetLog] /Engine/Transient.MagGun_MatA (no disk path found): Failed to compile Material for platform PCD3D_SM5, Default Material will be used in game.
[2026.02.11-16.39.49:554][741]LogMaterial: Display: 	(Node TextureSample) Texture Sample> Missing input texture
[2026.02.11-16.39.49:554][741]LogMaterial: Display: 	Missing Material Function
[2026.02.11-16.39.49:554][741]LogMaterial: Display: 	Function MatLayerBlend_Standard: (Node MakeMaterialAttributes) Error on property Normal
[2026.02.11-16.39.49:554][741]LogMaterial: Display: 	(Node TextureObject) Texture Object> Requires valid texture
[2026.02.11-16.39.49:554][741]LogMaterial: Display: 	Function MatLayerBlend_Decal: (Node MakeMaterialAttributes) Error on property Normal
[2026.02.11-16.39.49:554][741]LogMaterial: Display: 	Function MatLayerBlend_BakedNormal: (Node MakeMaterialAttributes) Error on property Normal
[2026.02.11-16.39.49:554][741]LogMaterial: Display: 	Function MatLayerBlend_Standard: (Node MakeMaterialAttributes) Error on property EmissiveColor
[2026.02.11-16.39.49:554][741]LogMaterial: Display: 	Function MatLayerBlend_Standard: (Node MakeMaterialAttributes) Error on property BaseColor
[2026.02.11-16.39.49:554][741]LogMaterial: Display: 	Function MatLayerBlend_Decal: (Node MakeMaterialAttributes) Error on property BaseColor
[2026.02.11-16.39.49:554][741]LogMaterial: Display: 	Function MatLayerBlend_TintAllChannels: (Node MakeMaterialAttributes) Error on property BaseColor
[2026.02.11-16.39.49:554][741]LogMaterial: Display: 	Function MatLayerBlend_Standard: (Node MakeMaterialAttributes) Error on property Metallic
[2026.02.11-16.39.49:554][741]LogMaterial: Display: 	Function MatLayerBlend_Decal: (Node MakeMaterialAttributes) Error on property Metallic
[2026.02.11-16.39.49:554][741]LogMaterial: Display: 	Function MatLayerBlend_Standard: (Node MakeMaterialAttributes) Error on property Specular
[2026.02.11-16.39.49:555][741]LogMaterial: Display: 	Function MatLayerBlend_TintAllChannels: (Node MakeMaterialAttributes) Error on property Specular
[2026.02.11-16.39.49:555][741]LogMaterial: Display: 	Function MatLayerBlend_Standard: (Node MakeMaterialAttributes) Error on property Roughness
[2026.02.11-16.39.49:555][741]LogMaterial: Display: 	Function MatLayerBlend_RoughnessOverride: (Node MakeMaterialAttributes) Error on property Roughness
[2026.02.11-16.39.49:555][741]LogMaterial: Display: 	Function MatLayerBlend_Decal: (Node MakeMaterialAttributes) Error on property Roughness
[2026.02.11-16.39.49:555][741]LogMaterial: Display: 	Function MatLayerBlend_Standard: (Node MakeMaterialAttributes) Error on property AmbientOcclusion
[2026.02.11-16.39.49:555][741]LogMaterial: Display: 	Function MatLayerBlend_Standard: (Node MakeMaterialAttributes) Error on property PixelDepthOffset
[2026.02.11-16.39.49:556][741]LogMaterial: Display: Missing cached shadermap for MagGun_MatA in PCD3D_SM5, Default, SM5 (DDC key hash: C7C45731264739D3BC1270E668D177F635AA3786), compiling. 
[2026.02.11-16.39.49:559][741]LogMaterial: Warning: [AssetLog] /Engine/Transient.MagGun_MatA (no disk path found): Failed to compile Material for platform PCD3D_SM5, Default Material will be used in game.
[2026.02.11-16.39.49:559][741]LogMaterial: Display: 	(Node TextureSample) Texture Sample> Missing input texture
[2026.02.11-16.39.49:559][741]LogMaterial: Display: 	Missing Material Function
[2026.02.11-16.39.49:559][741]LogMaterial: Display: 	Function MatLayerBlend_Standard: (Node MakeMaterialAttributes) Error on property Normal
[2026.02.11-16.39.49:559][741]LogMaterial: Display: 	(Node TextureObject) Texture Object> Requires valid texture
[2026.02.11-16.39.49:559][741]LogMaterial: Display: 	Function MatLayerBlend_Decal: (Node MakeMaterialAttributes) Error on property Normal
[2026.02.11-16.39.49:559][741]LogMaterial: Display: 	Function MatLayerBlend_BakedNormal: (Node MakeMaterialAttributes) Error on property Normal
[2026.02.11-16.39.49:559][741]LogMaterial: Display: 	Function MatLayerBlend_Standard: (Node MakeMaterialAttributes) Error on property EmissiveColor
[2026.02.11-16.39.49:559][741]LogMaterial: Display: 	Function MatLayerBlend_Standard: (Node MakeMaterialAttributes) Error on property BaseColor
[2026.02.11-16.39.49:559][741]LogMaterial: Display: 	Function MatLayerBlend_Decal: (Node MakeMaterialAttributes) Error on property BaseColor
[2026.02.11-16.39.49:559][741]LogMaterial: Display: 	Function MatLayerBlend_TintAllChannels: (Node MakeMaterialAttributes) Error on property BaseColor
[2026.02.11-16.39.49:559][741]LogMaterial: Display: 	Function MatLayerBlend_Standard: (Node MakeMaterialAttributes) Error on property Metallic
[2026.02.11-16.39.49:559][741]LogMaterial: Display: 	Function MatLayerBlend_Decal: (Node MakeMaterialAttributes) Error on property Metallic
[2026.02.11-16.39.49:559][741]LogMaterial: Display: 	Function MatLayerBlend_Standard: (Node MakeMaterialAttributes) Error on property Specular
[2026.02.11-16.39.49:559][741]LogMaterial: Display: 	Function MatLayerBlend_TintAllChannels: (Node MakeMaterialAttributes) Error on property Specular
[2026.02.11-16.39.49:559][741]LogMaterial: Display: 	Function MatLayerBlend_Standard: (Node MakeMaterialAttributes) Error on property Roughness
[2026.02.11-16.39.49:559][741]LogMaterial: Display: 	Function MatLayerBlend_RoughnessOverride: (Node MakeMaterialAttributes) Error on property Roughness
[2026.02.11-16.39.49:559][741]LogMaterial: Display: 	Function MatLayerBlend_Decal: (Node MakeMaterialAttributes) Error on property Roughness
[2026.02.11-16.39.49:559][741]LogMaterial: Display: 	Function MatLayerBlend_Standard: (Node MakeMaterialAttributes) Error on property AmbientOcclusion
[2026.02.11-16.39.49:559][741]LogMaterial: Display: 	Function MatLayerBlend_Standard: (Node MakeMaterialAttributes) Error on property PixelDepthOffset
[2026.02.11-16.39.49:560][741]LogMaterial: Display: Missing cached shadermap for FMatExpressionPreview MaterialExpressionTextureSample_10 in PCD3D_SM5, Default, SM5 (DDC key hash: 20D819F20C89C6ECC9667D48BEFDF9E4E18BBF72), compiling. 
[2026.02.11-16.39.49:560][741]LogMaterial: Display: Missing cached shadermap for FMatExpressionPreview MaterialExpressionTextureSample_0 in PCD3D_SM5, Default, SM5 (DDC key hash: 270F3C3E454A8EFB1CEF9952D50D9C5481FC6A38), compiling. 
[2026.02.11-16.39.49:561][741]LogMaterial: Display: Missing cached shadermap for FMatExpressionPreview MaterialExpressionLinearInterpolate_9 in PCD3D_SM5, Default, SM5 (DDC key hash: F88EDEC5C916078DEF3C9DBC7E243C38FE2CA854), compiling. 
[2026.02.11-16.39.49:561][741]LogMaterial: Display: Missing cached shadermap for FMatExpressionPreview MaterialExpressionTextureSample_8 in PCD3D_SM5, Default, SM5 (DDC key hash: FC451D7A2716A2D8053D3889536A70B9B6FB27DA), compiling. 
[2026.02.11-16.39.49:562][741]LogMaterial: Display: Missing cached shadermap for FMatExpressionPreview MaterialExpressionTextureObject_3 in PCD3D_SM5, Default, SM5 (DDC key hash: 6F7469FF60D2AA02B964CAFAE6F64F37680821B6), compiling. 
[2026.02.11-16.39.49:563][741]LogMaterial: Display: Missing cached shadermap for FMatExpressionPreview MaterialExpressionVectorParameter_15 in PCD3D_SM5, Default, SM5 (DDC key hash: 550F8C8F0FE86EDEBF2CE80BDD3D1066A9225B29), compiling. 
[2026.02.11-16.39.49:565][741]LogMaterial: Display: Missing cached shadermap for FMatExpressionPreview MaterialExpressionVectorParameter_16 in PCD3D_SM5, Default, SM5 (DDC key hash: DF992DE0FFA2790AE11D482C7CFF4A788239C8CF), compiling. 
[2026.02.11-16.39.49:566][741]LogMaterial: Display: Missing cached shadermap for FMatExpressionPreview MaterialExpressionVectorParameter_2 in PCD3D_SM5, Default, SM5 (DDC key hash: 75AEB0DF33929F81D4023BB7CBE83B4FB081C111), compiling. 
[2026.02.11-16.39.49:566][741]LogMaterial: Display: Missing cached shadermap for FMatExpressionPreview MaterialExpressionVectorParameter_23 in PCD3D_SM5, Default, SM5 (DDC key hash: 461F195B89238A7B6D38D4EC030800326E445A3D), compiling. 
[2026.02.11-16.39.49:567][741]LogMaterial: Display: Missing cached shadermap for FMatExpressionPreview MaterialExpressionVectorParameter_20 in PCD3D_SM5, Default, SM5 (DDC key hash: 97D3D863EF62196960B0421B3BB1C6333B9ABBA3), compiling. 
[2026.02.11-16.39.49:591][741]MaterialEditorStats: Error: [SM5] (Node TextureSample) Texture Sample> Missing input texture
[2026.02.11-16.39.49:591][741]MaterialEditorStats: Error: [SM5] Missing Material Function
[2026.02.11-16.39.49:591][741]MaterialEditorStats: Error: [SM5] Function MatLayerBlend_Standard: (Node MakeMaterialAttributes) Error on property Normal
[2026.02.11-16.39.49:591][741]MaterialEditorStats: Error: [SM5] (Node TextureObject) Texture Object> Requires valid texture
[2026.02.11-16.39.49:591][741]MaterialEditorStats: Error: [SM5] Function MatLayerBlend_Decal: (Node MakeMaterialAttributes) Error on property Normal
[2026.02.11-16.39.49:591][741]MaterialEditorStats: Error: [SM5] Function MatLayerBlend_BakedNormal: (Node MakeMaterialAttributes) Error on property Normal
[2026.02.11-16.39.49:591][741]MaterialEditorStats: Error: [SM5] Function MatLayerBlend_Standard: (Node MakeMaterialAttributes) Error on property EmissiveColor
[2026.02.11-16.39.49:591][741]MaterialEditorStats: Error: [SM5] Function MatLayerBlend_Standard: (Node MakeMaterialAttributes) Error on property BaseColor
[2026.02.11-16.39.49:591][741]MaterialEditorStats: Error: [SM5] Function MatLayerBlend_Decal: (Node MakeMaterialAttributes) Error on property BaseColor
[2026.02.11-16.39.49:591][741]MaterialEditorStats: Error: [SM5] Function MatLayerBlend_TintAllChannels: (Node MakeMaterialAttributes) Error on property BaseColor
[2026.02.11-16.39.49:591][741]MaterialEditorStats: Error: [SM5] Function MatLayerBlend_Standard: (Node MakeMaterialAttributes) Error on property Metallic
[2026.02.11-16.39.49:591][741]MaterialEditorStats: Error: [SM5] Function MatLayerBlend_Decal: (Node MakeMaterialAttributes) Error on property Metallic
[2026.02.11-16.39.49:591][741]MaterialEditorStats: Error: [SM5] Function MatLayerBlend_Standard: (Node MakeMaterialAttributes) Error on property Specular
[2026.02.11-16.39.49:591][741]MaterialEditorStats: Error: [SM5] Function MatLayerBlend_TintAllChannels: (Node MakeMaterialAttributes) Error on property Specular
[2026.02.11-16.39.49:591][741]MaterialEditorStats: Error: [SM5] Function MatLayerBlend_Standard: (Node MakeMaterialAttributes) Error on property Roughness
[2026.02.11-16.39.49:591][741]MaterialEditorStats: Error: [SM5] Function MatLayerBlend_RoughnessOverride: (Node MakeMaterialAttributes) Error on property Roughness
[2026.02.11-16.39.49:591][741]MaterialEditorStats: Error: [SM5] Function MatLayerBlend_Decal: (Node MakeMaterialAttributes) Error on property Roughness
[2026.02.11-16.39.49:591][741]MaterialEditorStats: Error: [SM5] Function MatLayerBlend_Standard: (Node MakeMaterialAttributes) Error on property AmbientOcclusion
[2026.02.11-16.39.49:591][741]MaterialEditorStats: Error: [SM5] Function MatLayerBlend_Standard: (Node MakeMaterialAttributes) Error on property PixelDepthOffset
[2026.02.11-16.39.49:648][743]LogAnimation: Warning: SkeletalMesh Rifle has no skeleton. This needs to fixed before an animation can be set
[2026.02.11-16.39.49:665][744]LogAnimation: Warning: SkeletalMesh Rifle has no skeleton. This needs to fixed before an animation can be set
[2026.02.11-16.39.49:681][745]LogAnimation: Warning: SkeletalMesh Rifle has no skeleton. This needs to fixed before an animation can be set
[2026.02.11-16.39.49:698][746]LogAnimation: Warning: SkeletalMesh Rifle has no skeleton. This needs to fixed before an animation can be set
[2026.02.11-16.39.49:715][747]LogAnimation: Warning: SkeletalMesh Rifle has no skeleton. This needs to fixed before an animation can be set
[2026.02.11-16.39.49:731][748]LogAnimation: Warning: SkeletalMesh Rifle has no skeleton. This needs to fixed before an animation can be set
[2026.02.11-16.39.49:747][749]LogAnimation: Warning: SkeletalMesh Rifle has no skeleton. This needs to fixed before an animation can be set
[2026.02.11-16.39.49:765][750]LogAnimation: Warning: SkeletalMesh Rifle has no skeleton. This needs to fixed before an animation can be set
[2026.02.11-16.39.49:781][751]LogAnimation: Warning: SkeletalMesh Rifle has no skeleton. This needs to fixed before an animation can be set
[2026.02.11-16.39.49:798][752]LogAnimation: Warning: SkeletalMesh Rifle has no skeleton. This needs to fixed before an animation can be set
[2026.02.11-16.39.49:814][753]LogAnimation: Warning: SkeletalMesh Rifle has no skeleton. This needs to fixed before an animation can be set
[2026.02.11-16.39.49:830][754]LogAnimation: Warning: SkeletalMesh Rifle has no skeleton. This needs to fixed before an animation can be set
[2026.02.11-16.39.49:848][755]LogAnimation: Warning: SkeletalMesh Rifle has no skeleton. This needs to fixed before an animation can be set
[2026.02.11-16.39.49:863][756]LogAnimation: Warning: SkeletalMesh Rifle has no skeleton. This needs to fixed before an animation can be set
[2026.02.11-16.39.49:882][757]LogAnimation: Warning: SkeletalMesh Rifle has no skeleton. This needs to fixed before an animation can be set
[2026.02.11-16.39.49:898][758]LogAnimation: Warning: SkeletalMesh Rifle has no skeleton. This needs to fixed before an animation can be set
[2026.02.11-16.39.49:914][759]LogAnimation: Warning: SkeletalMesh Rifle has no skeleton. This needs to fixed before an animation can be set
[2026.02.11-16.39.49:931][760]LogAnimation: Warning: SkeletalMesh Rifle has no skeleton. This needs to fixed before an animation can be set
[2026.02.11-16.39.49:965][762]LogAnimation: Warning: SkeletalMesh Rifle has no skeleton. This needs to fixed before an animation can be set
[2026.02.11-16.39.49:981][763]LogAnimation: Warning: SkeletalMesh Rifle has no skeleton. This needs to fixed before an animation can be set
[2026.02.11-16.39.49:998][764]LogAnimation: Warning: SkeletalMesh Rifle has no skeleton. This needs to fixed before an animation can be set
[2026.02.11-16.39.50:015][765]LogAnimation: Warning: SkeletalMesh Rifle has no skeleton. This needs to fixed before an animation can be set
[2026.02.11-16.39.50:031][766]LogAnimation: Warning: SkeletalMesh Rifle has no skeleton. This needs to fixed before an animation can be set
[2026.02.11-16.39.50:048][767]LogAnimation: Warning: SkeletalMesh Rifle has no skeleton. This needs to fixed before an animation can be set
[2026.02.11-16.39.50:065][768]LogAnimation: Warning: SkeletalMesh Rifle has no skeleton. This needs to fixed before an animation can be set
[2026.02.11-16.39.50:081][769]LogAnimation: Warning: SkeletalMesh Rifle has no skeleton. This needs to fixed before an animation can be set
[2026.02.11-16.39.50:097][770]LogAnimation: Warning: SkeletalMesh Rifle has no skeleton. This needs to fixed before an animation can be set
[2026.02.11-16.39.50:114][771]LogAnimation: Warning: SkeletalMesh Rifle has no skeleton. This needs to fixed before an animation can be set
[2026.02.11-16.39.50:131][772]LogAnimation: Warning: SkeletalMesh Rifle has no skeleton. This needs to fixed before an animation can be set
[2026.02.11-16.39.50:147][773]LogAnimation: Warning: SkeletalMesh Rifle has no skeleton. This needs to fixed before an animation can be set
[2026.02.11-16.39.50:165][774]LogAnimation: Warning: SkeletalMesh Rifle has no skeleton. This needs to fixed before an animation can be set
[2026.02.11-16.39.50:181][775]LogAnimation: Warning: SkeletalMesh Rifle has no skeleton. This needs to fixed before an animation can be set
[2026.02.11-16.39.50:198][776]LogAnimation: Warning: SkeletalMesh Rifle has no skeleton. This needs to fixed before an animation can be set
[2026.02.11-16.39.50:213][777]LogAnimation: Warning: SkeletalMesh Rifle has no skeleton. This needs to fixed before an animation can be set
[2026.02.11-16.39.50:231][778]LogAnimation: Warning: SkeletalMesh Rifle has no skeleton. This needs to fixed before an animation can be set
[2026.02.11-16.39.50:248][779]LogAnimation: Warning: SkeletalMesh Rifle has no skeleton. This needs to fixed before an animation can be set
[2026.02.11-16.39.50:265][780]LogAnimation: Warning: SkeletalMesh Rifle has no skeleton. This needs to fixed before an animation can be set
[2026.02.11-16.39.50:281][781]LogAnimation: Warning: SkeletalMesh Rifle has no skeleton. This needs to fixed before an animation can be set
[2026.02.11-16.39.50:298][782]LogAnimation: Warning: SkeletalMesh Rifle has no skeleton. This needs to fixed before an animation can be set
[2026.02.11-16.39.50:314][783]LogAnimation: Warning: SkeletalMesh Rifle has no skeleton. This needs to fixed before an animation can be set
[2026.02.11-16.39.50:331][784]LogAnimation: Warning: SkeletalMesh Rifle has no skeleton. This needs to fixed before an animation can be set
[2026.02.11-16.39.50:348][785]LogAnimation: Warning: SkeletalMesh Rifle has no skeleton. This needs to fixed before an animation can be set
[2026.02.11-16.39.50:364][786]LogAnimation: Warning: SkeletalMesh Rifle has no skeleton. This needs to fixed before an animation can be set
[2026.02.11-16.39.50:381][787]LogAnimation: Warning: SkeletalMesh Rifle has no skeleton. This needs to fixed before an animation can be set
[2026.02.11-16.39.50:398][788]LogAnimation: Warning: SkeletalMesh Rifle has no skeleton. This needs to fixed before an animation can be set
[2026.02.11-16.39.50:414][789]LogAnimation: Warning: SkeletalMesh Rifle has no skeleton. This needs to fixed before an animation can be set
[2026.02.11-16.39.50:431][790]LogAnimation: Warning: SkeletalMesh Rifle has no skeleton. This needs to fixed before an animation can be set
[2026.02.11-16.39.50:447][791]LogAnimation: Warning: SkeletalMesh Rifle has no skeleton. This needs to fixed before an animation can be set
[2026.02.11-16.39.50:464][792]LogAnimation: Warning: SkeletalMesh Rifle has no skeleton. This needs to fixed before an animation can be set
[2026.02.11-16.39.50:480][793]LogAnimation: Warning: SkeletalMesh Rifle has no skeleton. This needs to fixed before an animation can be set
[2026.02.11-16.39.50:497][794]LogAnimation: Warning: SkeletalMesh Rifle has no skeleton. This needs to fixed before an animation can be set
[2026.02.11-16.39.50:513][795]LogAnimation: Warning: SkeletalMesh Rifle has no skeleton. This needs to fixed before an animation can be set
[2026.02.11-16.39.50:531][796]LogAnimation: Warning: SkeletalMesh Rifle has no skeleton. This needs to fixed before an animation can be set
[2026.02.11-16.39.50:548][797]LogAnimation: Warning: SkeletalMesh Rifle has no skeleton. This needs to fixed before an animation can be set
[2026.02.11-16.39.50:563][798]LogAnimation: Warning: SkeletalMesh Rifle has no skeleton. This needs to fixed before an animation can be set
[2026.02.11-16.39.50:581][799]LogAnimation: Warning: SkeletalMesh Rifle has no skeleton. This needs to fixed before an animation can be set
[2026.02.11-16.39.50:598][800]LogAnimation: Warning: SkeletalMesh Rifle has no skeleton. This needs to fixed before an animation can be set
[2026.02.11-16.39.50:614][801]LogAnimation: Warning: SkeletalMesh Rifle has no skeleton. This needs to fixed before an animation can be set
[2026.02.11-16.39.50:631][802]LogAnimation: Warning: SkeletalMesh Rifle has no skeleton. This needs to fixed before an animation can be set
[2026.02.11-16.39.50:648][803]LogAnimation: Warning: SkeletalMesh Rifle has no skeleton. This needs to fixed before an animation can be set
[2026.02.11-16.39.50:665][804]LogAnimation: Warning: SkeletalMesh Rifle has no skeleton. This needs to fixed before an animation can be set
[2026.02.11-16.39.50:681][805]LogAnimation: Warning: SkeletalMesh Rifle has no skeleton. This needs to fixed before an animation can be set
[2026.02.11-16.39.50:698][806]LogAnimation: Warning: SkeletalMesh Rifle has no skeleton. This needs to fixed before an animation can be set
[2026.02.11-16.39.50:715][807]LogAnimation: Warning: SkeletalMesh Rifle has no skeleton. This needs to fixed before an animation can be set
[2026.02.11-16.39.50:731][808]LogAnimation: Warning: SkeletalMesh Rifle has no skeleton. This needs to fixed before an animation can be set
[2026.02.11-16.39.50:748][809]LogAnimation: Warning: SkeletalMesh Rifle has no skeleton. This needs to fixed before an animation can be set
[2026.02.11-16.39.50:764][810]LogAnimation: Warning: SkeletalMesh Rifle has no skeleton. This needs to fixed before an animation can be set
[2026.02.11-16.39.50:781][811]LogAnimation: Warning: SkeletalMesh Rifle has no skeleton. This needs to fixed before an animation can be set
[2026.02.11-16.39.50:798][812]LogAnimation: Warning: SkeletalMesh Rifle has no skeleton. This needs to fixed before an animation can be set
[2026.02.11-16.39.50:815][813]LogAnimation: Warning: SkeletalMesh Rifle has no skeleton. This needs to fixed before an animation can be set
[2026.02.11-16.39.50:833][814]LogAnimation: Warning: SkeletalMesh Rifle has no skeleton. This needs to fixed before an animation can be set
[2026.02.11-16.39.50:847][815]LogAnimation: Warning: SkeletalMesh Rifle has no skeleton. This needs to fixed before an animation can be set
[2026.02.11-16.39.50:865][816]LogAnimation: Warning: SkeletalMesh Rifle has no skeleton. This needs to fixed before an animation can be set
[2026.02.11-16.39.50:883][817]LogAnimation: Warning: SkeletalMesh Rifle has no skeleton. This needs to fixed before an animation can be set
[2026.02.11-16.39.50:897][818]LogAnimation: Warning: SkeletalMesh Rifle has no skeleton. This needs to fixed before an animation can be set
[2026.02.11-16.39.50:915][819]LogAnimation: Warning: SkeletalMesh Rifle has no skeleton. This needs to fixed before an animation can be set
[2026.02.11-16.39.50:931][820]LogAnimation: Warning: SkeletalMesh Rifle has no skeleton. This needs to fixed before an animation can be set
[2026.02.11-16.39.50:948][821]LogAnimation: Warning: SkeletalMesh Rifle has no skeleton. This needs to fixed before an animation can be set
[2026.02.11-16.39.50:964][822]LogAnimation: Warning: SkeletalMesh Rifle has no skeleton. This needs to fixed before an animation can be set
[2026.02.11-16.39.50:981][823]LogAnimation: Warning: SkeletalMesh Rifle has no skeleton. This needs to fixed before an animation can be set
[2026.02.11-16.39.50:998][824]LogAnimation: Warning: SkeletalMesh Rifle has no skeleton. This needs to fixed before an animation can be set
[2026.02.11-16.39.51:013][825]LogAnimation: Warning: SkeletalMesh Rifle has no skeleton. This needs to fixed before an animation can be set
[2026.02.11-16.39.53:415][919]LogSlate: Window 'MagGun_MatA' being destroyed
[2026.02.11-16.39.53:437][919]LogWorld: UWorld::CleanupWorld for World_7, bSessionEnded=true, bCleanupResources=true
[2026.02.11-16.39.53:437][919]LogSlate: InvalidateAllWidgets triggered.  All widgets were invalidated
[2026.02.11-16.39.53:580][927]LogAnimation: Warning: SkeletalMesh Rifle has no skeleton. This needs to fixed before an animation can be set
[2026.02.11-16.39.53:596][928]LogAnimation: Warning: SkeletalMesh Rifle has no skeleton. This needs to fixed before an animation can be set
[2026.02.11-16.39.53:613][929]LogAnimation: Warning: SkeletalMesh Rifle has no skeleton. This needs to fixed before an animation can be set
[2026.02.11-16.39.53:633][930]LogAnimation: Warning: SkeletalMesh Rifle has no skeleton. This needs to fixed before an animation can be set
[2026.02.11-16.39.53:647][931]LogAnimation: Warning: SkeletalMesh Rifle has no skeleton. This needs to fixed before an animation can be set
[2026.02.11-16.39.53:664][932]LogAnimation: Warning: SkeletalMesh Rifle has no skeleton. This needs to fixed before an animation can be set
[2026.02.11-16.39.53:680][933]LogAnimation: Warning: SkeletalMesh Rifle has no skeleton. This needs to fixed before an animation can be set
[2026.02.11-16.39.53:697][934]LogAnimation: Warning: SkeletalMesh Rifle has no skeleton. This needs to fixed before an animation can be set
[2026.02.11-16.39.53:714][935]LogAnimation: Warning: SkeletalMesh Rifle has no skeleton. This needs to fixed before an animation can be set
[2026.02.11-16.39.53:731][936]LogAnimation: Warning: SkeletalMesh Rifle has no skeleton. This needs to fixed before an animation can be set
[2026.02.11-16.39.53:747][937]LogAnimation: Warning: SkeletalMesh Rifle has no skeleton. This needs to fixed before an animation can be set
[2026.02.11-16.39.53:763][938]LogAnimation: Warning: SkeletalMesh Rifle has no skeleton. This needs to fixed before an animation can be set
[2026.02.11-16.39.53:780][939]LogAnimation: Warning: SkeletalMesh Rifle has no skeleton. This needs to fixed before an animation can be set
[2026.02.11-16.39.53:796][940]LogAnimation: Warning: SkeletalMesh Rifle has no skeleton. This needs to fixed before an animation can be set
[2026.02.11-16.39.53:817][941]LogAnimation: Warning: SkeletalMesh Rifle has no skeleton. This needs to fixed before an animation can be set
[2026.02.11-16.39.53:830][942]LogAnimation: Warning: SkeletalMesh Rifle has no skeleton. This needs to fixed before an animation can be set
[2026.02.11-16.39.53:847][943]LogAnimation: Warning: SkeletalMesh Rifle has no skeleton. This needs to fixed before an animation can be set
[2026.02.11-16.39.53:863][944]LogAnimation: Warning: SkeletalMesh Rifle has no skeleton. This needs to fixed before an animation can be set
[2026.02.11-16.39.53:880][945]LogAnimation: Warning: SkeletalMesh Rifle has no skeleton. This needs to fixed before an animation can be set
[2026.02.11-16.39.53:897][946]LogAnimation: Warning: SkeletalMesh Rifle has no skeleton. This needs to fixed before an animation can be set
[2026.02.11-16.39.53:913][947]LogAnimation: Warning: SkeletalMesh Rifle has no skeleton. This needs to fixed before an animation can be set
[2026.02.11-16.39.53:929][948]LogAnimation: Warning: SkeletalMesh Rifle has no skeleton. This needs to fixed before an animation can be set
[2026.02.11-16.39.53:963][950]LogAnimation: Warning: SkeletalMesh Rifle has no skeleton. This needs to fixed before an animation can be set
[2026.02.11-16.39.53:981][951]LogAnimation: Warning: SkeletalMesh Rifle has no skeleton. This needs to fixed before an animation can be set
[2026.02.11-16.39.53:998][952]LogAnimation: Warning: SkeletalMesh Rifle has no skeleton. This needs to fixed before an animation can be set
[2026.02.11-16.39.54:013][953]LogAnimation: Warning: SkeletalMesh Rifle has no skeleton. This needs to fixed before an animation can be set
[2026.02.11-16.39.54:030][954]LogAnimation: Warning: SkeletalMesh Rifle has no skeleton. This needs to fixed before an animation can be set
[2026.02.11-16.39.54:046][955]LogAnimation: Warning: SkeletalMesh Rifle has no skeleton. This needs to fixed before an animation can be set
[2026.02.11-16.39.54:063][956]LogAnimation: Warning: SkeletalMesh Rifle has no skeleton. This needs to fixed before an animation can be set
[2026.02.11-16.39.54:079][957]LogAnimation: Warning: SkeletalMesh Rifle has no skeleton. This needs to fixed before an animation can be set
[2026.02.11-16.39.54:096][958]LogAnimation: Warning: SkeletalMesh Rifle has no skeleton. This needs to fixed before an animation can be set
[2026.02.11-16.39.54:112][959]LogAnimation: Warning: SkeletalMesh Rifle has no skeleton. This needs to fixed before an animation can be set
[2026.02.11-16.39.54:129][960]LogAnimation: Warning: SkeletalMesh Rifle has no skeleton. This needs to fixed before an animation can be set
[2026.02.11-16.39.54:146][961]LogAnimation: Warning: SkeletalMesh Rifle has no skeleton. This needs to fixed before an animation can be set
[2026.02.11-16.39.54:163][962]LogAnimation: Warning: SkeletalMesh Rifle has no skeleton. This needs to fixed before an animation can be set
[2026.02.11-16.39.54:179][963]LogAnimation: Warning: SkeletalMesh Rifle has no skeleton. This needs to fixed before an animation can be set
[2026.02.11-16.39.54:196][964]LogAnimation: Warning: SkeletalMesh Rifle has no skeleton. This needs to fixed before an animation can be set
[2026.02.11-16.39.54:213][965]LogAnimation: Warning: SkeletalMesh Rifle has no skeleton. This needs to fixed before an animation can be set
[2026.02.11-16.39.54:229][966]LogAnimation: Warning: SkeletalMesh Rifle has no skeleton. This needs to fixed before an animation can be set
[2026.02.11-16.39.54:246][967]LogAnimation: Warning: SkeletalMesh Rifle has no skeleton. This needs to fixed before an animation can be set
[2026.02.11-16.39.54:263][968]LogAnimation: Warning: SkeletalMesh Rifle has no skeleton. This needs to fixed before an animation can be set
[2026.02.11-16.39.54:280][969]LogAnimation: Warning: SkeletalMesh Rifle has no skeleton. This needs to fixed before an animation can be set
[2026.02.11-16.39.54:297][970]LogAnimation: Warning: SkeletalMesh Rifle has no skeleton. This needs to fixed before an animation can be set
[2026.02.11-16.39.54:313][971]LogAnimation: Warning: SkeletalMesh Rifle has no skeleton. This needs to fixed before an animation can be set
[2026.02.11-16.39.54:331][972]LogAnimation: Warning: SkeletalMesh Rifle has no skeleton. This needs to fixed before an animation can be set
[2026.02.11-16.39.54:351][973]LogAnimation: Warning: SkeletalMesh Rifle has no skeleton. This needs to fixed before an animation can be set
[2026.02.11-16.39.54:363][974]LogAnimation: Warning: SkeletalMesh Rifle has no skeleton. This needs to fixed before an animation can be set
[2026.02.11-16.39.54:380][975]LogAnimation: Warning: SkeletalMesh Rifle has no skeleton. This needs to fixed before an animation can be set
[2026.02.11-16.39.54:406][976]LogAnimation: Warning: SkeletalMesh Rifle has no skeleton. This needs to fixed before an animation can be set
[2026.02.11-16.39.54:422][977]LogAnimation: Warning: SkeletalMesh Rifle has no skeleton. This needs to fixed before an animation can be set
[2026.02.11-16.39.54:438][978]LogAnimation: Warning: SkeletalMesh Rifle has no skeleton. This needs to fixed before an animation can be set
[2026.02.11-16.39.54:455][979]LogAnimation: Warning: SkeletalMesh Rifle has no skeleton. This needs to fixed before an animation can be set
[2026.02.11-16.39.54:471][980]LogAnimation: Warning: SkeletalMesh Rifle has no skeleton. This needs to fixed before an animation can be set
[2026.02.11-16.39.54:488][981]LogAnimation: Warning: SkeletalMesh Rifle has no skeleton. This needs to fixed before an animation can be set
[2026.02.11-16.39.54:506][982]LogAnimation: Warning: SkeletalMesh Rifle has no skeleton. This needs to fixed before an animation can be set
[2026.02.11-16.39.54:522][983]LogAnimation: Warning: SkeletalMesh Rifle has no skeleton. This needs to fixed before an animation can be set
[2026.02.11-16.39.54:539][984]LogAnimation: Warning: SkeletalMesh Rifle has no skeleton. This needs to fixed before an animation can be set
[2026.02.11-16.39.54:555][985]LogAnimation: Warning: SkeletalMesh Rifle has no skeleton. This needs to fixed before an animation can be set
[2026.02.11-16.39.54:571][986]LogAnimation: Warning: SkeletalMesh Rifle has no skeleton. This needs to fixed before an animation can be set
[2026.02.11-16.39.54:588][987]LogAnimation: Warning: SkeletalMesh Rifle has no skeleton. This needs to fixed before an animation can be set
[2026.02.11-16.39.54:605][988]LogAnimation: Warning: SkeletalMesh Rifle has no skeleton. This needs to fixed before an animation can be set
[2026.02.11-16.39.54:621][989]LogAnimation: Warning: SkeletalMesh Rifle has no skeleton. This needs to fixed before an animation can be set
[2026.02.11-16.39.54:638][990]LogAnimation: Warning: SkeletalMesh Rifle has no skeleton. This needs to fixed before an animation can be set
[2026.02.11-16.39.54:654][991]LogAnimation: Warning: SkeletalMesh Rifle has no skeleton. This needs to fixed before an animation can be set
[2026.02.11-16.39.54:670][992]LogAnimation: Warning: SkeletalMesh Rifle has no skeleton. This needs to fixed before an animation can be set
[2026.02.11-16.39.54:688][993]LogAnimation: Warning: SkeletalMesh Rifle has no skeleton. This needs to fixed before an animation can be set
[2026.02.11-16.39.54:705][994]LogAnimation: Warning: SkeletalMesh Rifle has no skeleton. This needs to fixed before an animation can be set
[2026.02.11-16.39.57:933][184]LogLinker: Warning: [AssetLog] D:\Repozytoria\UE 4.27\KZ_TopDownShooter\TopDownAC\Content\Weapons\Weapons\Materials\MagGun_MatA_Inst3.uasset: Failed to load '/Game/Weapons/Materials/MagGun_MatA': Can't find file.
[2026.02.11-16.39.57:933][184]LogLinker: Warning: [AssetLog] D:\Repozytoria\UE 4.27\KZ_TopDownShooter\TopDownAC\Content\Weapons\Weapons\Materials\MagGun_MatA_Inst3.uasset: Failed to load '/Game/Weapons/Materials/MagGun_MatA': Can't find file.
[2026.02.11-16.39.57:933][184]LogLinker: Warning: [AssetLog] D:\Repozytoria\UE 4.27\KZ_TopDownShooter\TopDownAC\Content\Weapons\Weapons\Materials\MagGun_MatA_Inst3.uasset: Failed to load '/Game/Weapons/Materials/MagGun_MatA': Can't find file.
[2026.02.11-16.39.57:933][184]LogLinker: Warning: [AssetLog] D:\Repozytoria\UE 4.27\KZ_TopDownShooter\TopDownAC\Content\Weapons\Weapons\Materials\MagGun_MatA_Inst3.uasset: Failed to load '/Game/Weapons/Materials/MagGun_MatA': Can't find file.
[2026.02.11-16.39.57:933][184]LoadErrors: Failed to load /Game/Weapons/Materials/MagGun_MatA.MagGun_MatA Referenced by MagGun_MatA_Inst3
[2026.02.11-16.39.57:969][185]LogAnimation: Warning: SkeletalMesh Rifle has no skeleton. This needs to fixed before an animation can be set
[2026.02.11-16.39.57:985][186]LogAnimation: Warning: SkeletalMesh Rifle has no skeleton. This needs to fixed before an animation can be set
[2026.02.11-16.39.58:002][187]LogAnimation: Warning: SkeletalMesh Rifle has no skeleton. This needs to fixed before an animation can be set
[2026.02.11-16.39.58:019][188]LogAnimation: Warning: SkeletalMesh Rifle has no skeleton. This needs to fixed before an animation can be set
[2026.02.11-16.39.58:035][189]LogAnimation: Warning: SkeletalMesh Rifle has no skeleton. This needs to fixed before an animation can be set
[2026.02.11-16.39.58:051][190]LogAnimation: Warning: SkeletalMesh Rifle has no skeleton. This needs to fixed before an animation can be set
[2026.02.11-16.39.58:069][191]LogAnimation: Warning: SkeletalMesh Rifle has no skeleton. This needs to fixed before an animation can be set
[2026.02.11-16.39.58:085][192]LogAnimation: Warning: SkeletalMesh Rifle has no skeleton. This needs to fixed before an animation can be set
[2026.02.11-16.39.58:101][193]LogAnimation: Warning: SkeletalMesh Rifle has no skeleton. This needs to fixed before an animation can be set
[2026.02.11-16.39.58:117][194]LogAnimation: Warning: SkeletalMesh Rifle has no skeleton. This needs to fixed before an animation can be set
[2026.02.11-16.39.58:135][195]LogAnimation: Warning: SkeletalMesh Rifle has no skeleton. This needs to fixed before an animation can be set
[2026.02.11-16.39.58:152][196]LogAnimation: Warning: SkeletalMesh Rifle has no skeleton. This needs to fixed before an animation can be set
[2026.02.11-16.39.58:168][197]LogAnimation: Warning: SkeletalMesh Rifle has no skeleton. This needs to fixed before an animation can be set
[2026.02.11-16.39.58:185][198]LogAnimation: Warning: SkeletalMesh Rifle has no skeleton. This needs to fixed before an animation can be set
[2026.02.11-16.39.58:202][199]LogAnimation: Warning: SkeletalMesh Rifle has no skeleton. This needs to fixed before an animation can be set
[2026.02.11-16.39.58:218][200]LogAnimation: Warning: SkeletalMesh Rifle has no skeleton. This needs to fixed before an animation can be set
[2026.02.11-16.39.58:235][201]LogAnimation: Warning: SkeletalMesh Rifle has no skeleton. This needs to fixed before an animation can be set
[2026.02.11-16.39.58:252][202]LogAnimation: Warning: SkeletalMesh Rifle has no skeleton. This needs to fixed before an animation can be set
[2026.02.11-16.39.58:268][203]LogAnimation: Warning: SkeletalMesh Rifle has no skeleton. This needs to fixed before an animation can be set
[2026.02.11-16.39.58:285][204]LogAnimation: Warning: SkeletalMesh Rifle has no skeleton. This needs to fixed before an animation can be set
[2026.02.11-16.39.58:302][205]LogAnimation: Warning: SkeletalMesh Rifle has no skeleton. This needs to fixed before an animation can be set
[2026.02.11-16.39.58:318][206]LogAnimation: Warning: SkeletalMesh Rifle has no skeleton. This needs to fixed before an animation can be set
[2026.02.11-16.39.58:335][207]LogAnimation: Warning: SkeletalMesh Rifle has no skeleton. This needs to fixed before an animation can be set
[2026.02.11-16.39.58:351][208]LogAnimation: Warning: SkeletalMesh Rifle has no skeleton. This needs to fixed before an animation can be set
[2026.02.11-16.39.58:368][209]LogAnimation: Warning: SkeletalMesh Rifle has no skeleton. This needs to fixed before an animation can be set
[2026.02.11-16.39.58:385][210]LogAnimation: Warning: SkeletalMesh Rifle has no skeleton. This needs to fixed before an animation can be set
[2026.02.11-16.39.58:402][211]LogAnimation: Warning: SkeletalMesh Rifle has no skeleton. This needs to fixed before an animation can be set
[2026.02.11-16.39.58:418][212]LogAnimation: Warning: SkeletalMesh Rifle has no skeleton. This needs to fixed before an animation can be set
[2026.02.11-16.39.58:435][213]LogAnimation: Warning: SkeletalMesh Rifle has no skeleton. This needs to fixed before an animation can be set
[2026.02.11-16.39.58:452][214]LogAnimation: Warning: SkeletalMesh Rifle has no skeleton. This needs to fixed before an animation can be set
[2026.02.11-16.39.58:468][215]LogAnimation: Warning: SkeletalMesh Rifle has no skeleton. This needs to fixed before an animation can be set
[2026.02.11-16.39.58:489][216]LogAnimation: Warning: SkeletalMesh Rifle has no skeleton. This needs to fixed before an animation can be set
[2026.02.11-16.39.58:502][217]LogAnimation: Warning: SkeletalMesh Rifle has no skeleton. This needs to fixed before an animation can be set
[2026.02.11-16.39.58:520][218]LogAnimation: Warning: SkeletalMesh Rifle has no skeleton. This needs to fixed before an animation can be set
[2026.02.11-16.39.58:538][219]LogAnimation: Warning: SkeletalMesh Rifle has no skeleton. This needs to fixed before an animation can be set
[2026.02.11-16.39.58:552][220]LogAnimation: Warning: SkeletalMesh Rifle has no skeleton. This needs to fixed before an animation can be set
[2026.02.11-16.39.58:570][221]LogAnimation: Warning: SkeletalMesh Rifle has no skeleton. This needs to fixed before an animation can be set
[2026.02.11-16.39.58:585][222]LogAnimation: Warning: SkeletalMesh Rifle has no skeleton. This needs to fixed before an animation can be set
[2026.02.11-16.39.58:602][223]LogAnimation: Warning: SkeletalMesh Rifle has no skeleton. This needs to fixed before an animation can be set
[2026.02.11-16.39.58:618][224]LogAnimation: Warning: SkeletalMesh Rifle has no skeleton. This needs to fixed before an animation can be set
[2026.02.11-16.39.58:635][225]LogAnimation: Warning: SkeletalMesh Rifle has no skeleton. This needs to fixed before an animation can be set
[2026.02.11-16.39.58:653][226]LogAnimation: Warning: SkeletalMesh Rifle has no skeleton. This needs to fixed before an animation can be set
[2026.02.11-16.39.58:669][227]LogAnimation: Warning: SkeletalMesh Rifle has no skeleton. This needs to fixed before an animation can be set
[2026.02.11-16.39.58:685][228]LogAnimation: Warning: SkeletalMesh Rifle has no skeleton. This needs to fixed before an animation can be set
[2026.02.11-16.39.58:702][229]LogAnimation: Warning: SkeletalMesh Rifle has no skeleton. This needs to fixed before an animation can be set
[2026.02.11-16.39.58:717][230]LogAnimation: Warning: SkeletalMesh Rifle has no skeleton. This needs to fixed before an animation can be set
[2026.02.11-16.39.58:735][231]LogAnimation: Warning: SkeletalMesh Rifle has no skeleton. This needs to fixed before an animation can be set
[2026.02.11-16.39.58:752][232]LogAnimation: Warning: SkeletalMesh Rifle has no skeleton. This needs to fixed before an animation can be set
[2026.02.11-16.39.58:769][233]LogAnimation: Warning: SkeletalMesh Rifle has no skeleton. This needs to fixed before an animation can be set
[2026.02.11-16.39.58:786][234]LogAnimation: Warning: SkeletalMesh Rifle has no skeleton. This needs to fixed before an animation can be set
[2026.02.11-16.39.58:803][235]LogAnimation: Warning: SkeletalMesh Rifle has no skeleton. This needs to fixed before an animation can be set
[2026.02.11-16.39.58:819][236]LogAnimation: Warning: SkeletalMesh Rifle has no skeleton. This needs to fixed before an animation can be set
[2026.02.11-16.39.58:835][237]LogAnimation: Warning: SkeletalMesh Rifle has no skeleton. This needs to fixed before an animation can be set
[2026.02.11-16.39.58:852][238]LogAnimation: Warning: SkeletalMesh Rifle has no skeleton. This needs to fixed before an animation can be set
[2026.02.11-16.39.58:868][239]LogAnimation: Warning: SkeletalMesh Rifle has no skeleton. This needs to fixed before an animation can be set
[2026.02.11-16.39.58:885][240]LogAnimation: Warning: SkeletalMesh Rifle has no skeleton. This needs to fixed before an animation can be set
[2026.02.11-16.39.58:902][241]LogAnimation: Warning: SkeletalMesh Rifle has no skeleton. This needs to fixed before an animation can be set
[2026.02.11-16.39.58:918][242]LogAnimation: Warning: SkeletalMesh Rifle has no skeleton. This needs to fixed before an animation can be set
[2026.02.11-16.39.58:935][243]LogAnimation: Warning: SkeletalMesh Rifle has no skeleton. This needs to fixed before an animation can be set
[2026.02.11-16.39.58:952][244]LogAnimation: Warning: SkeletalMesh Rifle has no skeleton. This needs to fixed before an animation can be set
[2026.02.11-16.39.58:968][245]LogAnimation: Warning: SkeletalMesh Rifle has no skeleton. This needs to fixed before an animation can be set
[2026.02.11-16.39.58:985][246]LogAnimation: Warning: SkeletalMesh Rifle has no skeleton. This needs to fixed before an animation can be set
[2026.02.11-16.39.59:002][247]LogAnimation: Warning: SkeletalMesh Rifle has no skeleton. This needs to fixed before an animation can be set
[2026.02.11-16.39.59:018][248]LogAnimation: Warning: SkeletalMesh Rifle has no skeleton. This needs to fixed before an animation can be set
[2026.02.11-16.39.59:035][249]LogAnimation: Warning: SkeletalMesh Rifle has no skeleton. This needs to fixed before an animation can be set
[2026.02.11-16.39.59:052][250]LogAnimation: Warning: SkeletalMesh Rifle has no skeleton. This needs to fixed before an animation can be set
[2026.02.11-16.39.59:069][251]LogAnimation: Warning: SkeletalMesh Rifle has no skeleton. This needs to fixed before an animation can be set
[2026.02.11-16.39.59:088][252]LogAnimation: Warning: SkeletalMesh Rifle has no skeleton. This needs to fixed before an animation can be set
[2026.02.11-16.39.59:102][253]LogAnimation: Warning: SkeletalMesh Rifle has no skeleton. This needs to fixed before an animation can be set
[2026.02.11-16.39.59:119][254]LogAnimation: Warning: SkeletalMesh Rifle has no skeleton. This needs to fixed before an animation can be set
[2026.02.11-16.39.59:135][255]LogAnimation: Warning: SkeletalMesh Rifle has no skeleton. This needs to fixed before an animation can be set
[2026.02.11-16.39.59:153][256]LogAnimation: Warning: SkeletalMesh Rifle has no skeleton. This needs to fixed before an animation can be set
[2026.02.11-16.39.59:169][257]LogAnimation: Warning: SkeletalMesh Rifle has no skeleton. This needs to fixed before an animation can be set
[2026.02.11-16.39.59:185][258]LogAnimation: Warning: SkeletalMesh Rifle has no skeleton. This needs to fixed before an animation can be set
[2026.02.11-16.39.59:201][259]LogAnimation: Warning: SkeletalMesh Rifle has no skeleton. This needs to fixed before an animation can be set
[2026.02.11-16.39.59:227][260]LogAnimation: Warning: SkeletalMesh Rifle has no skeleton. This needs to fixed before an animation can be set
[2026.02.11-16.39.59:244][261]LogAnimation: Warning: SkeletalMesh Rifle has no skeleton. This needs to fixed before an animation can be set
[2026.02.11-16.39.59:261][262]LogAnimation: Warning: SkeletalMesh Rifle has no skeleton. This needs to fixed before an animation can be set
[2026.02.11-16.39.59:277][263]LogAnimation: Warning: SkeletalMesh Rifle has no skeleton. This needs to fixed before an animation can be set
[2026.02.11-16.39.59:295][264]LogAnimation: Warning: SkeletalMesh Rifle has no skeleton. This needs to fixed before an animation can be set
[2026.02.11-16.39.59:310][265]LogAnimation: Warning: SkeletalMesh Rifle has no skeleton. This needs to fixed before an animation can be set
[2026.02.11-16.39.59:327][266]LogAnimation: Warning: SkeletalMesh Rifle has no skeleton. This needs to fixed before an animation can be set
[2026.02.11-16.39.59:344][267]LogAnimation: Warning: SkeletalMesh Rifle has no skeleton. This needs to fixed before an animation can be set
[2026.02.11-16.39.59:361][268]LogAnimation: Warning: SkeletalMesh Rifle has no skeleton. This needs to fixed before an animation can be set
[2026.02.11-16.39.59:378][269]LogAnimation: Warning: SkeletalMesh Rifle has no skeleton. This needs to fixed before an animation can be set
[2026.02.11-16.39.59:395][270]LogAnimation: Warning: SkeletalMesh Rifle has no skeleton. This needs to fixed before an animation can be set
[2026.02.11-16.40.00:142][312]LogLinker: Warning: [AssetLog] D:\Repozytoria\UE 4.27\KZ_TopDownShooter\TopDownAC\Content\Weapons\Weapons\Materials\MagGun_MatB.uasset: Failed to load '/Game/Weapons/MaterialLayers/ML_BoltMetal': Can't find file.
[2026.02.11-16.40.00:142][312]LogLinker: Warning: [AssetLog] D:\Repozytoria\UE 4.27\KZ_TopDownShooter\TopDownAC\Content\Weapons\Weapons\Materials\MagGun_MatB.uasset: Failed to load '/Game/Weapons/MaterialLayers/ML_Metal_Copper': Can't find file.
[2026.02.11-16.40.00:142][312]LogLinker: Warning: [AssetLog] D:\Repozytoria\UE 4.27\KZ_TopDownShooter\TopDownAC\Content\Weapons\Weapons\Materials\MagGun_MatB.uasset: Failed to load '/Game/Weapons/MaterialLayers/ML_Metal_Gray': Can't find file.
[2026.02.11-16.40.00:142][312]LogLinker: Warning: [AssetLog] D:\Repozytoria\UE 4.27\KZ_TopDownShooter\TopDownAC\Content\Weapons\Weapons\Materials\MagGun_MatB.uasset: Failed to load '/Game/Weapons/MaterialLayers/ML_Paint': Can't find file.
[2026.02.11-16.40.00:142][312]LogLinker: Warning: [AssetLog] D:\Repozytoria\UE 4.27\KZ_TopDownShooter\TopDownAC\Content\Weapons\Weapons\Materials\MagGun_MatB.uasset: Failed to load '/Game/Weapons/MaterialLayers/ML_Rubber': Can't find file.
[2026.02.11-16.40.00:142][312]LogLinker: Warning: [AssetLog] D:\Repozytoria\UE 4.27\KZ_TopDownShooter\TopDownAC\Content\Weapons\Weapons\Materials\MagGun_MatB.uasset: Failed to load '/Game/Weapons/MaterialLayers/ML_BoltMetal': Can't find file.
[2026.02.11-16.40.00:142][312]LogLinker: Warning: [AssetLog] D:\Repozytoria\UE 4.27\KZ_TopDownShooter\TopDownAC\Content\Weapons\Weapons\Materials\MagGun_MatB.uasset: Failed to load '/Game/Weapons/MaterialLayers/ML_Metal_Copper': Can't find file.
[2026.02.11-16.40.00:143][312]LogLinker: Warning: [AssetLog] D:\Repozytoria\UE 4.27\KZ_TopDownShooter\TopDownAC\Content\Weapons\Weapons\Materials\MagGun_MatB.uasset: Failed to load '/Game/Weapons/MaterialLayers/ML_Metal_Gray': Can't find file.
[2026.02.11-16.40.00:143][312]LogLinker: Warning: [AssetLog] D:\Repozytoria\UE 4.27\KZ_TopDownShooter\TopDownAC\Content\Weapons\Weapons\Materials\MagGun_MatB.uasset: Failed to load '/Game/Weapons/MaterialLayers/ML_Paint': Can't find file.
[2026.02.11-16.40.00:143][312]LogLinker: Warning: [AssetLog] D:\Repozytoria\UE 4.27\KZ_TopDownShooter\TopDownAC\Content\Weapons\Weapons\Materials\MagGun_MatB.uasset: Failed to load '/Game/Weapons/MaterialLayers/ML_Rubber': Can't find file.
[2026.02.11-16.40.00:143][312]LogLinker: Warning: [AssetLog] D:\Repozytoria\UE 4.27\KZ_TopDownShooter\TopDownAC\Content\Weapons\Weapons\Materials\MagGun_MatB.uasset: Failed to load '/Game/Weapons/Textures/MagGun_02_N': Can't find file.
[2026.02.11-16.40.00:143][312]LogLinker: Warning: [AssetLog] D:\Repozytoria\UE 4.27\KZ_TopDownShooter\TopDownAC\Content\Weapons\Weapons\Materials\MagGun_MatB.uasset: Failed to load '/Game/Weapons/Textures/MagGun_02_N': Can't find file.
[2026.02.11-16.40.00:143][312]LogLinker: Warning: [AssetLog] D:\Repozytoria\UE 4.27\KZ_TopDownShooter\TopDownAC\Content\Weapons\Weapons\Materials\MagGun_MatB.uasset: Failed to load '/Game/Weapons/Textures/MagGun_Decals': Can't find file.
[2026.02.11-16.40.00:143][312]LogLinker: Warning: [AssetLog] D:\Repozytoria\UE 4.27\KZ_TopDownShooter\TopDownAC\Content\Weapons\Weapons\Materials\MagGun_MatB.uasset: Failed to load '/Game/Weapons/Textures/MagGun_Display_EM': Can't find file.
[2026.02.11-16.40.00:143][312]LogLinker: Warning: [AssetLog] D:\Repozytoria\UE 4.27\KZ_TopDownShooter\TopDownAC\Content\Weapons\Weapons\Materials\MagGun_MatB.uasset: Failed to load '/Game/Weapons/Textures/MagGun_Display_EM': Can't find file.
[2026.02.11-16.40.00:143][312]LogLinker: Warning: [AssetLog] D:\Repozytoria\UE 4.27\KZ_TopDownShooter\TopDownAC\Content\Weapons\Weapons\Materials\MagGun_MatB.uasset: Failed to load '/Game/Weapons/Textures/MagGunT2_section': Can't find file.
[2026.02.11-16.40.00:143][312]LogLinker: Warning: [AssetLog] D:\Repozytoria\UE 4.27\KZ_TopDownShooter\TopDownAC\Content\Weapons\Weapons\Materials\MagGun_MatB.uasset: Failed to load '/Game/Weapons/Textures/MagGunT2_section': Can't find file.
[2026.02.11-16.40.00:143][312]LogLinker: Warning: [AssetLog] D:\Repozytoria\UE 4.27\KZ_TopDownShooter\TopDownAC\Content\Weapons\Weapons\Materials\MagGun_MatB.uasset: Failed to load '/Game/Weapons/Textures/MagGunT2_shade': Can't find file.
[2026.02.11-16.40.00:143][312]LogLinker: Warning: [AssetLog] D:\Repozytoria\UE 4.27\KZ_TopDownShooter\TopDownAC\Content\Weapons\Weapons\Materials\MagGun_MatB.uasset: Failed to load '/Game/Weapons/Textures/MagGunT2_shade': Can't find file.
[2026.02.11-16.40.00:143][312]LogLinker: Warning: [AssetLog] D:\Repozytoria\UE 4.27\KZ_TopDownShooter\TopDownAC\Content\Weapons\Weapons\Materials\MagGun_MatB.uasset: Failed to load '/Game/Weapons/Textures/MagGun_02_N': Can't find file.
[2026.02.11-16.40.00:143][312]LogLinker: Warning: [AssetLog] D:\Repozytoria\UE 4.27\KZ_TopDownShooter\TopDownAC\Content\Weapons\Weapons\Materials\MagGun_MatB.uasset: Failed to load '/Game/Weapons/Textures/MagGun_Decals': Can't find file.
[2026.02.11-16.40.00:143][312]LogLinker: Warning: [AssetLog] D:\Repozytoria\UE 4.27\KZ_TopDownShooter\TopDownAC\Content\Weapons\Weapons\Materials\MagGun_MatB.uasset: Failed to load '/Game/Weapons/Textures/MagGun_Display_EM': Can't find file.
[2026.02.11-16.40.00:143][312]LogLinker: Warning: [AssetLog] D:\Repozytoria\UE 4.27\KZ_TopDownShooter\TopDownAC\Content\Weapons\Weapons\Materials\MagGun_MatB.uasset: Failed to load '/Game/Weapons/Textures/MagGunT2_section': Can't find file.
[2026.02.11-16.40.00:143][312]LogLinker: Warning: [AssetLog] D:\Repozytoria\UE 4.27\KZ_TopDownShooter\TopDownAC\Content\Weapons\Weapons\Materials\MagGun_MatB.uasset: Failed to load '/Game/Weapons/Textures/MagGunT2_shade': Can't find file.
[2026.02.11-16.40.00:144][312]LogLinker: Warning: [AssetLog] D:\Repozytoria\UE 4.27\KZ_TopDownShooter\TopDownAC\Content\Weapons\Weapons\Materials\MagGun_MatB.uasset: Failed to load '/Game/Weapons/MaterialLayers/ML_Metal_Gray': Can't find file.
[2026.02.11-16.40.00:145][312]LogLinker: Warning: [AssetLog] D:\Repozytoria\UE 4.27\KZ_TopDownShooter\TopDownAC\Content\Weapons\Weapons\Materials\MagGun_MatB.uasset: Failed to load '/Game/Weapons/MaterialLayers/ML_Rubber': Can't find file.
[2026.02.11-16.40.00:145][312]LogLinker: Warning: [AssetLog] D:\Repozytoria\UE 4.27\KZ_TopDownShooter\TopDownAC\Content\Weapons\Weapons\Materials\MagGun_MatB.uasset: Failed to load '/Game/Weapons/MaterialLayers/ML_Paint': Can't find file.
[2026.02.11-16.40.00:145][312]LogLinker: Warning: [AssetLog] D:\Repozytoria\UE 4.27\KZ_TopDownShooter\TopDownAC\Content\Weapons\Weapons\Materials\MagGun_MatB.uasset: Failed to load '/Game/Weapons/MaterialLayers/ML_BoltMetal': Can't find file.
[2026.02.11-16.40.00:145][312]LogLinker: Warning: [AssetLog] D:\Repozytoria\UE 4.27\KZ_TopDownShooter\TopDownAC\Content\Weapons\Weapons\Materials\MagGun_MatB.uasset: Failed to load '/Game/Weapons/MaterialLayers/ML_Metal_Copper': Can't find file.
[2026.02.11-16.40.00:145][312]LogLinker: Warning: [AssetLog] D:\Repozytoria\UE 4.27\KZ_TopDownShooter\TopDownAC\Content\Weapons\Weapons\Materials\MagGun_MatB.uasset: Failed to load '/Game/Weapons/Textures/MagGun_Decals': Can't find file.
[2026.02.11-16.40.00:146][312]LoadErrors: Failed to load /Game/Weapons/Textures/MagGun_Decals.MagGun_Decals Referenced by MaterialExpressionTextureObject_0
[2026.02.11-16.40.00:146][312]LogLinker: Warning: [AssetLog] D:\Repozytoria\UE 4.27\KZ_TopDownShooter\TopDownAC\Content\Weapons\Weapons\Materials\MagGun_MatB.uasset: Failed to load '/Game/Weapons/Textures/MagGunT2_section': Can't find file.
[2026.02.11-16.40.00:146][312]LoadErrors: Failed to load /Game/Weapons/Textures/MagGunT2_section.MagGunT2_section Referenced by MaterialExpressionTextureSample_0
[2026.02.11-16.40.00:146][312]LogLinker: Warning: [AssetLog] D:\Repozytoria\UE 4.27\KZ_TopDownShooter\TopDownAC\Content\Weapons\Weapons\Materials\MagGun_MatB.uasset: Failed to load '/Game/Weapons/Textures/MagGun_02_N': Can't find file.
[2026.02.11-16.40.00:146][312]LoadErrors: Failed to load /Game/Weapons/Textures/MagGun_02_N.MagGun_02_N Referenced by MaterialExpressionTextureSample_10
[2026.02.11-16.40.00:146][312]LogLinker: Warning: [AssetLog] D:\Repozytoria\UE 4.27\KZ_TopDownShooter\TopDownAC\Content\Weapons\Weapons\Materials\MagGun_MatB.uasset: Failed to load '/Game/Weapons/Textures/MagGunT2_shade': Can't find file.
[2026.02.11-16.40.00:146][312]LoadErrors: Failed to load /Game/Weapons/Textures/MagGunT2_shade.MagGunT2_shade Referenced by MaterialExpressionTextureSample_5
[2026.02.11-16.40.00:146][312]LogLinker: Warning: [AssetLog] D:\Repozytoria\UE 4.27\KZ_TopDownShooter\TopDownAC\Content\Weapons\Weapons\Materials\MagGun_MatB.uasset: Failed to load '/Game/Weapons/Textures/MagGun_Display_EM': Can't find file.
[2026.02.11-16.40.00:146][312]LoadErrors: Failed to load /Game/Weapons/Textures/MagGun_Display_EM.MagGun_Display_EM Referenced by MaterialExpressionTextureSampleParameter2D_4
[2026.02.11-16.40.00:149][312]LogMaterial: Display: Missing cached shadermap for MagGun_MatB in PCD3D_SM5, Default, SM5 (DDC key hash: 2206BDBDE90623ACF005DE110930BF8BF4080E97), compiling. 
[2026.02.11-16.40.00:153][312]LogMaterial: Warning: [AssetLog] D:\Repozytoria\UE 4.27\KZ_TopDownShooter\TopDownAC\Content\Weapons\Weapons\Materials\MagGun_MatB.uasset: Failed to compile Material for platform PCD3D_SM5, Default Material will be used in game.
[2026.02.11-16.40.00:153][312]LogMaterial: Display: 	(Node TextureSample) Texture Sample> Missing input texture
[2026.02.11-16.40.00:153][312]LogMaterial: Display: 	Missing Material Function
[2026.02.11-16.40.00:153][312]LogMaterial: Display: 	Function MatLayerBlend_Standard: (Node MakeMaterialAttributes) Error on property Normal
[2026.02.11-16.40.00:153][312]LogMaterial: Display: 	(Node TextureObject) Texture Object> Requires valid texture
[2026.02.11-16.40.00:153][312]LogMaterial: Display: 	Function MatLayerBlend_Decal: (Node MakeMaterialAttributes) Error on property Normal
[2026.02.11-16.40.00:153][312]LogMaterial: Display: 	Function MatLayerBlend_BakedNormal: (Node MakeMaterialAttributes) Error on property Normal
[2026.02.11-16.40.00:153][312]LogMaterial: Display: 	Function MatLayerBlend_Standard: (Node MakeMaterialAttributes) Error on property EmissiveColor
[2026.02.11-16.40.00:153][312]LogMaterial: Display: 	(Node TextureSampleParameter2D) Param2D> Found NULL, requires Texture2D
[2026.02.11-16.40.00:153][312]LogMaterial: Display: 	Function MatLayerBlend_Emissive: (Node MakeMaterialAttributes) Error on property EmissiveColor
[2026.02.11-16.40.00:153][312]LogMaterial: Display: 	Function MatLayerBlend_Standard: (Node MakeMaterialAttributes) Error on property BaseColor
[2026.02.11-16.40.00:153][312]LogMaterial: Display: 	Function MatLayerBlend_Decal: (Node MakeMaterialAttributes) Error on property BaseColor
[2026.02.11-16.40.00:153][312]LogMaterial: Display: 	Function MatLayerBlend_TintAllChannels: (Node MakeMaterialAttributes) Error on property BaseColor
[2026.02.11-16.40.00:153][312]LogMaterial: Display: 	Function MatLayerBlend_Standard: (Node MakeMaterialAttributes) Error on property Metallic
[2026.02.11-16.40.00:153][312]LogMaterial: Display: 	Function MatLayerBlend_Decal: (Node MakeMaterialAttributes) Error on property Metallic
[2026.02.11-16.40.00:153][312]LogMaterial: Display: 	Function MatLayerBlend_Standard: (Node MakeMaterialAttributes) Error on property Specular
[2026.02.11-16.40.00:153][312]LogMaterial: Display: 	Function MatLayerBlend_TintAllChannels: (Node MakeMaterialAttributes) Error on property Specular
[2026.02.11-16.40.00:153][312]LogMaterial: Display: 	Function MatLayerBlend_Standard: (Node MakeMaterialAttributes) Error on property Roughness
[2026.02.11-16.40.00:153][312]LogMaterial: Display: 	Function MatLayerBlend_RoughnessOverride: (Node MakeMaterialAttributes) Error on property Roughness
[2026.02.11-16.40.00:153][312]LogMaterial: Display: 	Function MatLayerBlend_Decal: (Node MakeMaterialAttributes) Error on property Roughness
[2026.02.11-16.40.00:153][312]LogMaterial: Display: 	Function MatLayerBlend_Standard: (Node MakeMaterialAttributes) Error on property AmbientOcclusion
[2026.02.11-16.40.00:153][312]LogMaterial: Display: 	Function MatLayerBlend_Standard: (Node MakeMaterialAttributes) Error on property PixelDepthOffset
[2026.02.11-16.40.00:171][313]LogAnimation: Warning: SkeletalMesh Rifle has no skeleton. This needs to fixed before an animation can be set
[2026.02.11-16.40.00:188][314]LogAnimation: Warning: SkeletalMesh Rifle has no skeleton. This needs to fixed before an animation can be set
[2026.02.11-16.40.00:204][315]LogAnimation: Warning: SkeletalMesh Rifle has no skeleton. This needs to fixed before an animation can be set
[2026.02.11-16.40.00:221][316]LogAnimation: Warning: SkeletalMesh Rifle has no skeleton. This needs to fixed before an animation can be set
[2026.02.11-16.40.00:237][317]LogAnimation: Warning: SkeletalMesh Rifle has no skeleton. This needs to fixed before an animation can be set
[2026.02.11-16.40.00:253][318]LogAnimation: Warning: SkeletalMesh Rifle has no skeleton. This needs to fixed before an animation can be set
[2026.02.11-16.40.00:271][319]LogAnimation: Warning: SkeletalMesh Rifle has no skeleton. This needs to fixed before an animation can be set
[2026.02.11-16.40.00:288][320]LogAnimation: Warning: SkeletalMesh Rifle has no skeleton. This needs to fixed before an animation can be set
[2026.02.11-16.40.00:305][321]LogAnimation: Warning: SkeletalMesh Rifle has no skeleton. This needs to fixed before an animation can be set
[2026.02.11-16.40.00:321][322]LogAnimation: Warning: SkeletalMesh Rifle has no skeleton. This needs to fixed before an animation can be set
[2026.02.11-16.40.00:337][323]LogAnimation: Warning: SkeletalMesh Rifle has no skeleton. This needs to fixed before an animation can be set
[2026.02.11-16.40.00:355][324]LogAnimation: Warning: SkeletalMesh Rifle has no skeleton. This needs to fixed before an animation can be set
[2026.02.11-16.40.00:371][325]LogAnimation: Warning: SkeletalMesh Rifle has no skeleton. This needs to fixed before an animation can be set
[2026.02.11-16.40.00:391][326]LogAnimation: Warning: SkeletalMesh Rifle has no skeleton. This needs to fixed before an animation can be set
[2026.02.11-16.40.00:404][327]LogAnimation: Warning: SkeletalMesh Rifle has no skeleton. This needs to fixed before an animation can be set
[2026.02.11-16.40.00:424][328]LogAnimation: Warning: SkeletalMesh Rifle has no skeleton. This needs to fixed before an animation can be set
[2026.02.11-16.40.00:438][329]LogAnimation: Warning: SkeletalMesh Rifle has no skeleton. This needs to fixed before an animation can be set
[2026.02.11-16.40.00:455][330]LogAnimation: Warning: SkeletalMesh Rifle has no skeleton. This needs to fixed before an animation can be set
[2026.02.11-16.40.00:471][331]LogAnimation: Warning: SkeletalMesh Rifle has no skeleton. This needs to fixed before an animation can be set
[2026.02.11-16.40.00:488][332]LogAnimation: Warning: SkeletalMesh Rifle has no skeleton. This needs to fixed before an animation can be set
[2026.02.11-16.40.00:505][333]LogAnimation: Warning: SkeletalMesh Rifle has no skeleton. This needs to fixed before an animation can be set
[2026.02.11-16.40.00:521][334]LogAnimation: Warning: SkeletalMesh Rifle has no skeleton. This needs to fixed before an animation can be set
[2026.02.11-16.40.00:538][335]LogAnimation: Warning: SkeletalMesh Rifle has no skeleton. This needs to fixed before an animation can be set
[2026.02.11-16.40.00:555][336]LogAnimation: Warning: SkeletalMesh Rifle has no skeleton. This needs to fixed before an animation can be set
[2026.02.11-16.40.00:572][337]LogAnimation: Warning: SkeletalMesh Rifle has no skeleton. This needs to fixed before an animation can be set
[2026.02.11-16.40.00:589][338]LogAnimation: Warning: SkeletalMesh Rifle has no skeleton. This needs to fixed before an animation can be set
[2026.02.11-16.40.00:605][339]LogAnimation: Warning: SkeletalMesh Rifle has no skeleton. This needs to fixed before an animation can be set
[2026.02.11-16.40.00:623][340]LogAnimation: Warning: SkeletalMesh Rifle has no skeleton. This needs to fixed before an animation can be set
[2026.02.11-16.40.00:640][341]LogAnimation: Warning: SkeletalMesh Rifle has no skeleton. This needs to fixed before an animation can be set
[2026.02.11-16.40.00:656][342]LogAnimation: Warning: SkeletalMesh Rifle has no skeleton. This needs to fixed before an animation can be set
[2026.02.11-16.40.00:672][343]LogAnimation: Warning: SkeletalMesh Rifle has no skeleton. This needs to fixed before an animation can be set
[2026.02.11-16.40.00:690][344]LogAnimation: Warning: SkeletalMesh Rifle has no skeleton. This needs to fixed before an animation can be set
[2026.02.11-16.40.00:706][345]LogAnimation: Warning: SkeletalMesh Rifle has no skeleton. This needs to fixed before an animation can be set
[2026.02.11-16.40.00:721][346]LogAnimation: Warning: SkeletalMesh Rifle has no skeleton. This needs to fixed before an animation can be set
[2026.02.11-16.40.00:739][347]LogAnimation: Warning: SkeletalMesh Rifle has no skeleton. This needs to fixed before an animation can be set
[2026.02.11-16.40.00:757][348]LogAnimation: Warning: SkeletalMesh Rifle has no skeleton. This needs to fixed before an animation can be set
[2026.02.11-16.40.00:772][349]LogAnimation: Warning: SkeletalMesh Rifle has no skeleton. This needs to fixed before an animation can be set
[2026.02.11-16.40.00:791][350]LogAnimation: Warning: SkeletalMesh Rifle has no skeleton. This needs to fixed before an animation can be set
[2026.02.11-16.40.00:805][351]LogAnimation: Warning: SkeletalMesh Rifle has no skeleton. This needs to fixed before an animation can be set
[2026.02.11-16.40.00:822][352]LogAnimation: Warning: SkeletalMesh Rifle has no skeleton. This needs to fixed before an animation can be set
[2026.02.11-16.40.00:839][353]LogAnimation: Warning: SkeletalMesh Rifle has no skeleton. This needs to fixed before an animation can be set
[2026.02.11-16.40.00:855][354]LogAnimation: Warning: SkeletalMesh Rifle has no skeleton. This needs to fixed before an animation can be set
[2026.02.11-16.40.00:873][355]LogAnimation: Warning: SkeletalMesh Rifle has no skeleton. This needs to fixed before an animation can be set
[2026.02.11-16.40.00:889][356]LogAnimation: Warning: SkeletalMesh Rifle has no skeleton. This needs to fixed before an animation can be set
[2026.02.11-16.40.00:905][357]LogAnimation: Warning: SkeletalMesh Rifle has no skeleton. This needs to fixed before an animation can be set
[2026.02.11-16.40.00:921][358]LogAnimation: Warning: SkeletalMesh Rifle has no skeleton. This needs to fixed before an animation can be set
[2026.02.11-16.40.00:938][359]LogAnimation: Warning: SkeletalMesh Rifle has no skeleton. This needs to fixed before an animation can be set
[2026.02.11-16.40.00:955][360]LogAnimation: Warning: SkeletalMesh Rifle has no skeleton. This needs to fixed before an animation can be set
[2026.02.11-16.40.00:972][361]LogAnimation: Warning: SkeletalMesh Rifle has no skeleton. This needs to fixed before an animation can be set
[2026.02.11-16.40.00:988][362]LogAnimation: Warning: SkeletalMesh Rifle has no skeleton. This needs to fixed before an animation can be set
[2026.02.11-16.40.01:007][363]LogAnimation: Warning: SkeletalMesh Rifle has no skeleton. This needs to fixed before an animation can be set
[2026.02.11-16.40.01:021][364]LogAnimation: Warning: SkeletalMesh Rifle has no skeleton. This needs to fixed before an animation can be set
[2026.02.11-16.40.01:039][365]LogAnimation: Warning: SkeletalMesh Rifle has no skeleton. This needs to fixed before an animation can be set
[2026.02.11-16.40.01:055][366]LogAnimation: Warning: SkeletalMesh Rifle has no skeleton. This needs to fixed before an animation can be set
[2026.02.11-16.40.01:071][367]LogAnimation: Warning: SkeletalMesh Rifle has no skeleton. This needs to fixed before an animation can be set
[2026.02.11-16.40.01:088][368]LogAnimation: Warning: SkeletalMesh Rifle has no skeleton. This needs to fixed before an animation can be set
[2026.02.11-16.40.01:103][369]LogAnimation: Warning: SkeletalMesh Rifle has no skeleton. This needs to fixed before an animation can be set
[2026.02.11-16.40.01:121][370]LogAnimation: Warning: SkeletalMesh Rifle has no skeleton. This needs to fixed before an animation can be set
[2026.02.11-16.40.01:138][371]LogAnimation: Warning: SkeletalMesh Rifle has no skeleton. This needs to fixed before an animation can be set
[2026.02.11-16.40.01:154][372]LogAnimation: Warning: SkeletalMesh Rifle has no skeleton. This needs to fixed before an animation can be set
[2026.02.11-16.40.01:173][373]LogAnimation: Warning: SkeletalMesh Rifle has no skeleton. This needs to fixed before an animation can be set
[2026.02.11-16.40.01:189][374]LogAnimation: Warning: SkeletalMesh Rifle has no skeleton. This needs to fixed before an animation can be set
[2026.02.11-16.40.01:207][375]LogAnimation: Warning: SkeletalMesh Rifle has no skeleton. This needs to fixed before an animation can be set
[2026.02.11-16.40.01:221][376]LogAnimation: Warning: SkeletalMesh Rifle has no skeleton. This needs to fixed before an animation can be set
[2026.02.11-16.40.01:239][377]LogAnimation: Warning: SkeletalMesh Rifle has no skeleton. This needs to fixed before an animation can be set
[2026.02.11-16.40.01:256][378]LogAnimation: Warning: SkeletalMesh Rifle has no skeleton. This needs to fixed before an animation can be set
[2026.02.11-16.40.01:271][379]LogAnimation: Warning: SkeletalMesh Rifle has no skeleton. This needs to fixed before an animation can be set
[2026.02.11-16.40.01:289][380]LogAnimation: Warning: SkeletalMesh Rifle has no skeleton. This needs to fixed before an animation can be set
[2026.02.11-16.40.01:305][381]LogAnimation: Warning: SkeletalMesh Rifle has no skeleton. This needs to fixed before an animation can be set
[2026.02.11-16.40.01:321][382]LogAnimation: Warning: SkeletalMesh Rifle has no skeleton. This needs to fixed before an animation can be set
[2026.02.11-16.40.01:338][383]LogAnimation: Warning: SkeletalMesh Rifle has no skeleton. This needs to fixed before an animation can be set
[2026.02.11-16.40.01:355][384]LogAnimation: Warning: SkeletalMesh Rifle has no skeleton. This needs to fixed before an animation can be set
[2026.02.11-16.40.01:371][385]LogAnimation: Warning: SkeletalMesh Rifle has no skeleton. This needs to fixed before an animation can be set
[2026.02.11-16.40.01:388][386]LogAnimation: Warning: SkeletalMesh Rifle has no skeleton. This needs to fixed before an animation can be set
[2026.02.11-16.40.01:405][387]LogAnimation: Warning: SkeletalMesh Rifle has no skeleton. This needs to fixed before an animation can be set
[2026.02.11-16.40.01:421][388]LogAnimation: Warning: SkeletalMesh Rifle has no skeleton. This needs to fixed before an animation can be set
[2026.02.11-16.40.01:438][389]LogAnimation: Warning: SkeletalMesh Rifle has no skeleton. This needs to fixed before an animation can be set
[2026.02.11-16.40.01:454][390]LogAnimation: Warning: SkeletalMesh Rifle has no skeleton. This needs to fixed before an animation can be set
[2026.02.11-16.40.01:473][391]LogAnimation: Warning: SkeletalMesh Rifle has no skeleton. This needs to fixed before an animation can be set
[2026.02.11-16.40.01:488][392]LogAnimation: Warning: SkeletalMesh Rifle has no skeleton. This needs to fixed before an animation can be set
[2026.02.11-16.40.01:505][393]LogAnimation: Warning: SkeletalMesh Rifle has no skeleton. This needs to fixed before an animation can be set
[2026.02.11-16.40.01:521][394]LogAnimation: Warning: SkeletalMesh Rifle has no skeleton. This needs to fixed before an animation can be set
[2026.02.11-16.40.01:541][395]LogAnimation: Warning: SkeletalMesh Rifle has no skeleton. This needs to fixed before an animation can be set
[2026.02.11-16.40.01:555][396]LogAnimation: Warning: SkeletalMesh Rifle has no skeleton. This needs to fixed before an animation can be set
[2026.02.11-16.40.01:572][397]LogAnimation: Warning: SkeletalMesh Rifle has no skeleton. This needs to fixed before an animation can be set
[2026.02.11-16.40.01:588][398]LogAnimation: Warning: SkeletalMesh Rifle has no skeleton. This needs to fixed before an animation can be set
[2026.02.11-16.40.01:612][399]LogAnimation: Warning: SkeletalMesh Rifle has no skeleton. This needs to fixed before an animation can be set
[2026.02.11-16.40.01:625][400]LogAnimation: Warning: SkeletalMesh Rifle has no skeleton. This needs to fixed before an animation can be set
[2026.02.11-16.40.01:641][401]LogAnimation: Warning: SkeletalMesh Rifle has no skeleton. This needs to fixed before an animation can be set
[2026.02.11-16.40.01:659][402]LogAnimation: Warning: SkeletalMesh Rifle has no skeleton. This needs to fixed before an animation can be set
[2026.02.11-16.40.01:675][403]LogAnimation: Warning: SkeletalMesh Rifle has no skeleton. This needs to fixed before an animation can be set
[2026.02.11-16.40.01:692][404]LogAnimation: Warning: SkeletalMesh Rifle has no skeleton. This needs to fixed before an animation can be set
[2026.02.11-16.40.01:709][405]LogAnimation: Warning: SkeletalMesh Rifle has no skeleton. This needs to fixed before an animation can be set
[2026.02.11-16.40.01:726][406]LogAnimation: Warning: SkeletalMesh Rifle has no skeleton. This needs to fixed before an animation can be set
[2026.02.11-16.40.01:742][407]LogAnimation: Warning: SkeletalMesh Rifle has no skeleton. This needs to fixed before an animation can be set
[2026.02.11-16.40.01:759][408]LogAnimation: Warning: SkeletalMesh Rifle has no skeleton. This needs to fixed before an animation can be set
[2026.02.11-16.40.01:775][409]LogAnimation: Warning: SkeletalMesh Rifle has no skeleton. This needs to fixed before an animation can be set
[2026.02.11-16.40.01:792][410]LogAnimation: Warning: SkeletalMesh Rifle has no skeleton. This needs to fixed before an animation can be set
[2026.02.11-16.40.01:809][411]LogAnimation: Warning: SkeletalMesh Rifle has no skeleton. This needs to fixed before an animation can be set
[2026.02.11-16.40.01:825][412]LogAnimation: Warning: SkeletalMesh Rifle has no skeleton. This needs to fixed before an animation can be set
[2026.02.11-16.40.01:842][413]LogAnimation: Warning: SkeletalMesh Rifle has no skeleton. This needs to fixed before an animation can be set
[2026.02.11-16.40.01:859][414]LogAnimation: Warning: SkeletalMesh Rifle has no skeleton. This needs to fixed before an animation can be set
[2026.02.11-16.40.01:875][415]LogAnimation: Warning: SkeletalMesh Rifle has no skeleton. This needs to fixed before an animation can be set
[2026.02.11-16.40.01:892][416]LogAnimation: Warning: SkeletalMesh Rifle has no skeleton. This needs to fixed before an animation can be set
[2026.02.11-16.40.01:909][417]LogAnimation: Warning: SkeletalMesh Rifle has no skeleton. This needs to fixed before an animation can be set
[2026.02.11-16.40.01:925][418]LogAnimation: Warning: SkeletalMesh Rifle has no skeleton. This needs to fixed before an animation can be set
[2026.02.11-16.40.01:942][419]LogAnimation: Warning: SkeletalMesh Rifle has no skeleton. This needs to fixed before an animation can be set
[2026.02.11-16.40.03:199][492]LogAnimation: Warning: SkeletalMesh Rifle has no skeleton. This needs to fixed before an animation can be set
[2026.02.11-16.40.03:217][493]LogAnimation: Warning: SkeletalMesh Rifle has no skeleton. This needs to fixed before an animation can be set
[2026.02.11-16.40.03:233][494]LogAnimation: Warning: SkeletalMesh Rifle has no skeleton. This needs to fixed before an animation can be set
[2026.02.11-16.40.03:250][495]LogAnimation: Warning: SkeletalMesh Rifle has no skeleton. This needs to fixed before an animation can be set
[2026.02.11-16.40.03:267][496]LogAnimation: Warning: SkeletalMesh Rifle has no skeleton. This needs to fixed before an animation can be set
[2026.02.11-16.40.03:283][497]LogAnimation: Warning: SkeletalMesh Rifle has no skeleton. This needs to fixed before an animation can be set
[2026.02.11-16.40.03:299][498]LogAnimation: Warning: SkeletalMesh Rifle has no skeleton. This needs to fixed before an animation can be set
[2026.02.11-16.40.03:316][499]LogAnimation: Warning: SkeletalMesh Rifle has no skeleton. This needs to fixed before an animation can be set
[2026.02.11-16.40.03:334][500]LogAnimation: Warning: SkeletalMesh Rifle has no skeleton. This needs to fixed before an animation can be set
[2026.02.11-16.40.03:350][501]LogAnimation: Warning: SkeletalMesh Rifle has no skeleton. This needs to fixed before an animation can be set
[2026.02.11-16.40.03:367][502]LogAnimation: Warning: SkeletalMesh Rifle has no skeleton. This needs to fixed before an animation can be set
[2026.02.11-16.40.03:384][503]LogAnimation: Warning: SkeletalMesh Rifle has no skeleton. This needs to fixed before an animation can be set
[2026.02.11-16.40.03:401][504]LogAnimation: Warning: SkeletalMesh Rifle has no skeleton. This needs to fixed before an animation can be set
[2026.02.11-16.40.03:418][505]LogAnimation: Warning: SkeletalMesh Rifle has no skeleton. This needs to fixed before an animation can be set
[2026.02.11-16.40.03:433][506]LogAnimation: Warning: SkeletalMesh Rifle has no skeleton. This needs to fixed before an animation can be set
[2026.02.11-16.40.03:451][507]LogAnimation: Warning: SkeletalMesh Rifle has no skeleton. This needs to fixed before an animation can be set
[2026.02.11-16.40.03:467][508]LogAnimation: Warning: SkeletalMesh Rifle has no skeleton. This needs to fixed before an animation can be set
[2026.02.11-16.40.03:487][509]LogAnimation: Warning: SkeletalMesh Rifle has no skeleton. This needs to fixed before an animation can be set
[2026.02.11-16.40.03:500][510]LogAnimation: Warning: SkeletalMesh Rifle has no skeleton. This needs to fixed before an animation can be set
[2026.02.11-16.40.03:517][511]LogAnimation: Warning: SkeletalMesh Rifle has no skeleton. This needs to fixed before an animation can be set
[2026.02.11-16.40.03:533][512]LogAnimation: Warning: SkeletalMesh Rifle has no skeleton. This needs to fixed before an animation can be set
[2026.02.11-16.40.03:550][513]LogAnimation: Warning: SkeletalMesh Rifle has no skeleton. This needs to fixed before an animation can be set
[2026.02.11-16.40.03:567][514]LogAnimation: Warning: SkeletalMesh Rifle has no skeleton. This needs to fixed before an animation can be set
[2026.02.11-16.40.03:583][515]LogAnimation: Warning: SkeletalMesh Rifle has no skeleton. This needs to fixed before an animation can be set
[2026.02.11-16.40.03:600][516]LogAnimation: Warning: SkeletalMesh Rifle has no skeleton. This needs to fixed before an animation can be set
[2026.02.11-16.40.03:621][517]LogAnimation: Warning: SkeletalMesh Rifle has no skeleton. This needs to fixed before an animation can be set
[2026.02.11-16.40.03:633][518]LogAnimation: Warning: SkeletalMesh Rifle has no skeleton. This needs to fixed before an animation can be set
[2026.02.11-16.40.03:650][519]LogAnimation: Warning: SkeletalMesh Rifle has no skeleton. This needs to fixed before an animation can be set
[2026.02.11-16.40.03:666][520]LogAnimation: Warning: SkeletalMesh Rifle has no skeleton. This needs to fixed before an animation can be set
[2026.02.11-16.40.03:683][521]LogAnimation: Warning: SkeletalMesh Rifle has no skeleton. This needs to fixed before an animation can be set
[2026.02.11-16.40.03:701][522]LogAnimation: Warning: SkeletalMesh Rifle has no skeleton. This needs to fixed before an animation can be set
[2026.02.11-16.40.03:717][523]LogAnimation: Warning: SkeletalMesh Rifle has no skeleton. This needs to fixed before an animation can be set
[2026.02.11-16.40.03:733][524]LogAnimation: Warning: SkeletalMesh Rifle has no skeleton. This needs to fixed before an animation can be set
[2026.02.11-16.40.03:750][525]LogAnimation: Warning: SkeletalMesh Rifle has no skeleton. This needs to fixed before an animation can be set
[2026.02.11-16.40.03:767][526]LogAnimation: Warning: SkeletalMesh Rifle has no skeleton. This needs to fixed before an animation can be set
[2026.02.11-16.40.03:783][527]LogAnimation: Warning: SkeletalMesh Rifle has no skeleton. This needs to fixed before an animation can be set
[2026.02.11-16.40.03:800][528]LogAnimation: Warning: SkeletalMesh Rifle has no skeleton. This needs to fixed before an animation can be set
[2026.02.11-16.40.03:817][529]LogAnimation: Warning: SkeletalMesh Rifle has no skeleton. This needs to fixed before an animation can be set
[2026.02.11-16.40.03:833][530]LogAnimation: Warning: SkeletalMesh Rifle has no skeleton. This needs to fixed before an animation can be set
[2026.02.11-16.40.03:850][531]LogAnimation: Warning: SkeletalMesh Rifle has no skeleton. This needs to fixed before an animation can be set
[2026.02.11-16.40.03:891][532]LogAssetEditorSubsystem: Opening Asset editor for Material /Game/Weapons/Weapons/Materials/MagGun_MatB.MagGun_MatB
[2026.02.11-16.40.03:894][532]LogMaterial: Display: Missing cached shadermap for MagGun_MatB in PCD3D_SM5, Default, SM5 (DDC key hash: 516C8FEAFD7ADEFEFA99159615FE0D8EE302B88B), compiling. 
[2026.02.11-16.40.03:897][532]LogMaterial: Warning: [AssetLog] /Engine/Transient.MagGun_MatB (no disk path found): Failed to compile Material for platform PCD3D_SM5, Default Material will be used in game.
[2026.02.11-16.40.03:897][532]LogMaterial: Display: 	(Node TextureSample) Texture Sample> Missing input texture
[2026.02.11-16.40.03:897][532]LogMaterial: Display: 	Missing Material Function
[2026.02.11-16.40.03:897][532]LogMaterial: Display: 	Function MatLayerBlend_Standard: (Node MakeMaterialAttributes) Error on property Normal
[2026.02.11-16.40.03:897][532]LogMaterial: Display: 	(Node TextureObject) Texture Object> Requires valid texture
[2026.02.11-16.40.03:897][532]LogMaterial: Display: 	Function MatLayerBlend_Decal: (Node MakeMaterialAttributes) Error on property Normal
[2026.02.11-16.40.03:897][532]LogMaterial: Display: 	Function MatLayerBlend_BakedNormal: (Node MakeMaterialAttributes) Error on property Normal
[2026.02.11-16.40.03:897][532]LogMaterial: Display: 	Function MatLayerBlend_Standard: (Node MakeMaterialAttributes) Error on property EmissiveColor
[2026.02.11-16.40.03:897][532]LogMaterial: Display: 	(Node TextureSampleParameter2D) Param2D> Found NULL, requires Texture2D
[2026.02.11-16.40.03:897][532]LogMaterial: Display: 	Function MatLayerBlend_Emissive: (Node MakeMaterialAttributes) Error on property EmissiveColor
[2026.02.11-16.40.03:897][532]LogMaterial: Display: 	Function MatLayerBlend_Standard: (Node MakeMaterialAttributes) Error on property BaseColor
[2026.02.11-16.40.03:897][532]LogMaterial: Display: 	Function MatLayerBlend_Decal: (Node MakeMaterialAttributes) Error on property BaseColor
[2026.02.11-16.40.03:897][532]LogMaterial: Display: 	Function MatLayerBlend_TintAllChannels: (Node MakeMaterialAttributes) Error on property BaseColor
[2026.02.11-16.40.03:897][532]LogMaterial: Display: 	Function MatLayerBlend_Standard: (Node MakeMaterialAttributes) Error on property Metallic
[2026.02.11-16.40.03:897][532]LogMaterial: Display: 	Function MatLayerBlend_Decal: (Node MakeMaterialAttributes) Error on property Metallic
[2026.02.11-16.40.03:897][532]LogMaterial: Display: 	Function MatLayerBlend_Standard: (Node MakeMaterialAttributes) Error on property Specular
[2026.02.11-16.40.03:897][532]LogMaterial: Display: 	Function MatLayerBlend_TintAllChannels: (Node MakeMaterialAttributes) Error on property Specular
[2026.02.11-16.40.03:897][532]LogMaterial: Display: 	Function MatLayerBlend_Standard: (Node MakeMaterialAttributes) Error on property Roughness
[2026.02.11-16.40.03:897][532]LogMaterial: Display: 	Function MatLayerBlend_RoughnessOverride: (Node MakeMaterialAttributes) Error on property Roughness
[2026.02.11-16.40.03:897][532]LogMaterial: Display: 	Function MatLayerBlend_Decal: (Node MakeMaterialAttributes) Error on property Roughness
[2026.02.11-16.40.03:897][532]LogMaterial: Display: 	Function MatLayerBlend_Standard: (Node MakeMaterialAttributes) Error on property AmbientOcclusion
[2026.02.11-16.40.03:897][532]LogMaterial: Display: 	Function MatLayerBlend_Standard: (Node MakeMaterialAttributes) Error on property PixelDepthOffset
[2026.02.11-16.40.03:974][532]LogMaterial: Display: Missing cached shadermap for MagGun_MatB in PCD3D_SM5, Default, SM5 (DDC key hash: 5793E9FE211830181DE065C35BA62DC7743AC6A3), compiling. 
[2026.02.11-16.40.03:977][532]LogMaterial: Warning: [AssetLog] /Engine/Transient.MagGun_MatB (no disk path found): Failed to compile Material for platform PCD3D_SM5, Default Material will be used in game.
[2026.02.11-16.40.03:977][532]LogMaterial: Display: 	(Node TextureSample) Texture Sample> Missing input texture
[2026.02.11-16.40.03:977][532]LogMaterial: Display: 	Missing Material Function
[2026.02.11-16.40.03:977][532]LogMaterial: Display: 	Function MatLayerBlend_Standard: (Node MakeMaterialAttributes) Error on property Normal
[2026.02.11-16.40.03:977][532]LogMaterial: Display: 	(Node TextureObject) Texture Object> Requires valid texture
[2026.02.11-16.40.03:977][532]LogMaterial: Display: 	Function MatLayerBlend_Decal: (Node MakeMaterialAttributes) Error on property Normal
[2026.02.11-16.40.03:977][532]LogMaterial: Display: 	Function MatLayerBlend_BakedNormal: (Node MakeMaterialAttributes) Error on property Normal
[2026.02.11-16.40.03:977][532]LogMaterial: Display: 	Function MatLayerBlend_Standard: (Node MakeMaterialAttributes) Error on property EmissiveColor
[2026.02.11-16.40.03:977][532]LogMaterial: Display: 	(Node TextureSampleParameter2D) Param2D> Found NULL, requires Texture2D
[2026.02.11-16.40.03:977][532]LogMaterial: Display: 	Function MatLayerBlend_Emissive: (Node MakeMaterialAttributes) Error on property EmissiveColor
[2026.02.11-16.40.03:977][532]LogMaterial: Display: 	Function MatLayerBlend_Standard: (Node MakeMaterialAttributes) Error on property BaseColor
[2026.02.11-16.40.03:977][532]LogMaterial: Display: 	Function MatLayerBlend_Decal: (Node MakeMaterialAttributes) Error on property BaseColor
[2026.02.11-16.40.03:977][532]LogMaterial: Display: 	Function MatLayerBlend_TintAllChannels: (Node MakeMaterialAttributes) Error on property BaseColor
[2026.02.11-16.40.03:977][532]LogMaterial: Display: 	Function MatLayerBlend_Standard: (Node MakeMaterialAttributes) Error on property Metallic
[2026.02.11-16.40.03:977][532]LogMaterial: Display: 	Function MatLayerBlend_Decal: (Node MakeMaterialAttributes) Error on property Metallic
[2026.02.11-16.40.03:977][532]LogMaterial: Display: 	Function MatLayerBlend_Standard: (Node MakeMaterialAttributes) Error on property Specular
[2026.02.11-16.40.03:977][532]LogMaterial: Display: 	Function MatLayerBlend_TintAllChannels: (Node MakeMaterialAttributes) Error on property Specular
[2026.02.11-16.40.03:977][532]LogMaterial: Display: 	Function MatLayerBlend_Standard: (Node MakeMaterialAttributes) Error on property Roughness
[2026.02.11-16.40.03:977][532]LogMaterial: Display: 	Function MatLayerBlend_RoughnessOverride: (Node MakeMaterialAttributes) Error on property Roughness
[2026.02.11-16.40.03:977][532]LogMaterial: Display: 	Function MatLayerBlend_Decal: (Node MakeMaterialAttributes) Error on property Roughness
[2026.02.11-16.40.03:977][532]LogMaterial: Display: 	Function MatLayerBlend_Standard: (Node MakeMaterialAttributes) Error on property AmbientOcclusion
[2026.02.11-16.40.03:977][532]LogMaterial: Display: 	Function MatLayerBlend_Standard: (Node MakeMaterialAttributes) Error on property PixelDepthOffset
[2026.02.11-16.40.03:979][532]LogMaterial: Display: Missing cached shadermap for MagGun_MatB in PCD3D_SM5, Default, SM5 (DDC key hash: DFF69C612B968339CDE8FE21C6A2ACBCAC7CBD25), compiling. 
[2026.02.11-16.40.03:981][532]LogMaterial: Warning: [AssetLog] /Engine/Transient.MagGun_MatB (no disk path found): Failed to compile Material for platform PCD3D_SM5, Default Material will be used in game.
[2026.02.11-16.40.03:981][532]LogMaterial: Display: 	(Node TextureSample) Texture Sample> Missing input texture
[2026.02.11-16.40.03:981][532]LogMaterial: Display: 	Missing Material Function
[2026.02.11-16.40.03:981][532]LogMaterial: Display: 	Function MatLayerBlend_Standard: (Node MakeMaterialAttributes) Error on property Normal
[2026.02.11-16.40.03:981][532]LogMaterial: Display: 	(Node TextureObject) Texture Object> Requires valid texture
[2026.02.11-16.40.03:981][532]LogMaterial: Display: 	Function MatLayerBlend_Decal: (Node MakeMaterialAttributes) Error on property Normal
[2026.02.11-16.40.03:981][532]LogMaterial: Display: 	Function MatLayerBlend_BakedNormal: (Node MakeMaterialAttributes) Error on property Normal
[2026.02.11-16.40.03:981][532]LogMaterial: Display: 	Function MatLayerBlend_Standard: (Node MakeMaterialAttributes) Error on property EmissiveColor
[2026.02.11-16.40.03:983][532]LogMaterial: Display: 	(Node TextureSampleParameter2D) Param2D> Found NULL, requires Texture2D
[2026.02.11-16.40.03:983][532]LogMaterial: Display: 	Function MatLayerBlend_Emissive: (Node MakeMaterialAttributes) Error on property EmissiveColor
[2026.02.11-16.40.03:983][532]LogMaterial: Display: 	Function MatLayerBlend_Standard: (Node MakeMaterialAttributes) Error on property BaseColor
[2026.02.11-16.40.03:983][532]LogMaterial: Display: 	Function MatLayerBlend_Decal: (Node MakeMaterialAttributes) Error on property BaseColor
[2026.02.11-16.40.03:983][532]LogMaterial: Display: 	Function MatLayerBlend_TintAllChannels: (Node MakeMaterialAttributes) Error on property BaseColor
[2026.02.11-16.40.03:983][532]LogMaterial: Display: 	Function MatLayerBlend_Standard: (Node MakeMaterialAttributes) Error on property Metallic
[2026.02.11-16.40.03:983][532]LogMaterial: Display: 	Function MatLayerBlend_Decal: (Node MakeMaterialAttributes) Error on property Metallic
[2026.02.11-16.40.03:983][532]LogMaterial: Display: 	Function MatLayerBlend_Standard: (Node MakeMaterialAttributes) Error on property Specular
[2026.02.11-16.40.03:983][532]LogMaterial: Display: 	Function MatLayerBlend_TintAllChannels: (Node MakeMaterialAttributes) Error on property Specular
[2026.02.11-16.40.03:983][532]LogMaterial: Display: 	Function MatLayerBlend_Standard: (Node MakeMaterialAttributes) Error on property Roughness
[2026.02.11-16.40.03:983][532]LogMaterial: Display: 	Function MatLayerBlend_RoughnessOverride: (Node MakeMaterialAttributes) Error on property Roughness
[2026.02.11-16.40.03:983][532]LogMaterial: Display: 	Function MatLayerBlend_Decal: (Node MakeMaterialAttributes) Error on property Roughness
[2026.02.11-16.40.03:983][532]LogMaterial: Display: 	Function MatLayerBlend_Standard: (Node MakeMaterialAttributes) Error on property AmbientOcclusion
[2026.02.11-16.40.03:983][532]LogMaterial: Display: 	Function MatLayerBlend_Standard: (Node MakeMaterialAttributes) Error on property PixelDepthOffset
[2026.02.11-16.40.03:983][532]LogMaterial: Display: Missing cached shadermap for FMatExpressionPreview MaterialExpressionTextureSample_10 in PCD3D_SM5, Default, SM5 (DDC key hash: 949052FB8619852F235BBB956AEA26F6064FFF65), compiling. 
[2026.02.11-16.40.03:984][532]LogMaterial: Display: Missing cached shadermap for FMatExpressionPreview MaterialExpressionTextureSample_0 in PCD3D_SM5, Default, SM5 (DDC key hash: FA76541962D065764BDA29AFAC78ABC2A86A21CF), compiling. 
[2026.02.11-16.40.03:984][532]LogMaterial: Display: Missing cached shadermap for FMatExpressionPreview MaterialExpressionTextureSample_5 in PCD3D_SM5, Default, SM5 (DDC key hash: 2841AC2BEAB9D40BDAB3A6829BF98E06DAC6BA35), compiling. 
[2026.02.11-16.40.03:985][532]LogMaterial: Display: Missing cached shadermap for FMatExpressionPreview MaterialExpressionTextureSampleParameter2D_4 in PCD3D_SM5, Default, SM5 (DDC key hash: 16CF3E688C5F2C41F3A2660BD9E08B23DCB4814A), compiling. 
[2026.02.11-16.40.03:985][532]LogMaterial: Display: Missing cached shadermap for FMatExpressionPreview MaterialExpressionScalarParameter_4 in PCD3D_SM5, Default, SM5 (DDC key hash: 767DD3453D84C59FD672D72053EA227E5E0697A3), compiling. 
[2026.02.11-16.40.03:986][532]LogMaterial: Display: Missing cached shadermap for FMatExpressionPreview MaterialExpressionTextureObject_0 in PCD3D_SM5, Default, SM5 (DDC key hash: 79958913C4E942A9D3FF0AEED7D67EED8C7D870C), compiling. 
[2026.02.11-16.40.03:986][532]LogMaterial: Display: Missing cached shadermap for FMatExpressionPreview MaterialExpressionVectorParameter_17 in PCD3D_SM5, Default, SM5 (DDC key hash: B26CD67150F41C0BFE0A37F37A56617DF6C3A0CB), compiling. 
[2026.02.11-16.40.03:987][532]LogMaterial: Display: Missing cached shadermap for FMatExpressionPreview MaterialExpressionVectorParameter_18 in PCD3D_SM5, Default, SM5 (DDC key hash: 68FADA7FF83154C375501188B0E11DD0E7C13890), compiling. 
[2026.02.11-16.40.03:987][532]LogMaterial: Display: Missing cached shadermap for FMatExpressionPreview MaterialExpressionVectorParameter_21 in PCD3D_SM5, Default, SM5 (DDC key hash: 5B86C10E477B6759B21E0437BC98B1D0ECC22DA2), compiling. 
[2026.02.11-16.40.03:988][532]LogMaterial: Display: Missing cached shadermap for FMatExpressionPreview MaterialExpressionVectorParameter_24 in PCD3D_SM5, Default, SM5 (DDC key hash: 49FEE39B9AE6BEBA0348173CE4E510B5D570B57A), compiling. 
[2026.02.11-16.40.04:010][532]MaterialEditorStats: Error: [SM5] (Node TextureSample) Texture Sample> Missing input texture
[2026.02.11-16.40.04:010][532]MaterialEditorStats: Error: [SM5] Missing Material Function
[2026.02.11-16.40.04:010][532]MaterialEditorStats: Error: [SM5] Function MatLayerBlend_Standard: (Node MakeMaterialAttributes) Error on property Normal
[2026.02.11-16.40.04:010][532]MaterialEditorStats: Error: [SM5] (Node TextureObject) Texture Object> Requires valid texture
[2026.02.11-16.40.04:010][532]MaterialEditorStats: Error: [SM5] Function MatLayerBlend_Decal: (Node MakeMaterialAttributes) Error on property Normal
[2026.02.11-16.40.04:010][532]MaterialEditorStats: Error: [SM5] Function MatLayerBlend_BakedNormal: (Node MakeMaterialAttributes) Error on property Normal
[2026.02.11-16.40.04:010][532]MaterialEditorStats: Error: [SM5] Function MatLayerBlend_Standard: (Node MakeMaterialAttributes) Error on property EmissiveColor
[2026.02.11-16.40.04:010][532]MaterialEditorStats: Error: [SM5] (Node TextureSampleParameter2D) Param2D> Found NULL, requires Texture2D
[2026.02.11-16.40.04:010][532]MaterialEditorStats: Error: [SM5] Function MatLayerBlend_Emissive: (Node MakeMaterialAttributes) Error on property EmissiveColor
[2026.02.11-16.40.04:010][532]MaterialEditorStats: Error: [SM5] Function MatLayerBlend_Standard: (Node MakeMaterialAttributes) Error on property BaseColor
[2026.02.11-16.40.04:010][532]MaterialEditorStats: Error: [SM5] Function MatLayerBlend_Decal: (Node MakeMaterialAttributes) Error on property BaseColor
[2026.02.11-16.40.04:010][532]MaterialEditorStats: Error: [SM5] Function MatLayerBlend_TintAllChannels: (Node MakeMaterialAttributes) Error on property BaseColor
[2026.02.11-16.40.04:010][532]MaterialEditorStats: Error: [SM5] Function MatLayerBlend_Standard: (Node MakeMaterialAttributes) Error on property Metallic
[2026.02.11-16.40.04:010][532]MaterialEditorStats: Error: [SM5] Function MatLayerBlend_Decal: (Node MakeMaterialAttributes) Error on property Metallic
[2026.02.11-16.40.04:010][532]MaterialEditorStats: Error: [SM5] Function MatLayerBlend_Standard: (Node MakeMaterialAttributes) Error on property Specular
[2026.02.11-16.40.04:010][532]MaterialEditorStats: Error: [SM5] Function MatLayerBlend_TintAllChannels: (Node MakeMaterialAttributes) Error on property Specular
[2026.02.11-16.40.04:010][532]MaterialEditorStats: Error: [SM5] Function MatLayerBlend_Standard: (Node MakeMaterialAttributes) Error on property Roughness
[2026.02.11-16.40.04:010][532]MaterialEditorStats: Error: [SM5] Function MatLayerBlend_RoughnessOverride: (Node MakeMaterialAttributes) Error on property Roughness
[2026.02.11-16.40.04:010][532]MaterialEditorStats: Error: [SM5] Function MatLayerBlend_Decal: (Node MakeMaterialAttributes) Error on property Roughness
[2026.02.11-16.40.04:010][532]MaterialEditorStats: Error: [SM5] Function MatLayerBlend_Standard: (Node MakeMaterialAttributes) Error on property AmbientOcclusion
[2026.02.11-16.40.04:010][532]MaterialEditorStats: Error: [SM5] Function MatLayerBlend_Standard: (Node MakeMaterialAttributes) Error on property PixelDepthOffset
[2026.02.11-16.40.04:054][533]LogAnimation: Warning: SkeletalMesh Rifle has no skeleton. This needs to fixed before an animation can be set
[2026.02.11-16.40.04:070][534]LogAnimation: Warning: SkeletalMesh Rifle has no skeleton. This needs to fixed before an animation can be set
[2026.02.11-16.40.04:087][535]LogAnimation: Warning: SkeletalMesh Rifle has no skeleton. This needs to fixed before an animation can be set
[2026.02.11-16.40.04:103][536]LogAnimation: Warning: SkeletalMesh Rifle has no skeleton. This needs to fixed before an animation can be set
[2026.02.11-16.40.04:126][537]LogAnimation: Warning: SkeletalMesh Rifle has no skeleton. This needs to fixed before an animation can be set
[2026.02.11-16.40.04:137][538]LogAnimation: Warning: SkeletalMesh Rifle has no skeleton. This needs to fixed before an animation can be set
[2026.02.11-16.40.04:154][539]LogAnimation: Warning: SkeletalMesh Rifle has no skeleton. This needs to fixed before an animation can be set
[2026.02.11-16.40.04:170][540]LogAnimation: Warning: SkeletalMesh Rifle has no skeleton. This needs to fixed before an animation can be set
[2026.02.11-16.40.04:189][541]LogAnimation: Warning: SkeletalMesh Rifle has no skeleton. This needs to fixed before an animation can be set
[2026.02.11-16.40.04:204][542]LogAnimation: Warning: SkeletalMesh Rifle has no skeleton. This needs to fixed before an animation can be set
[2026.02.11-16.40.04:220][543]LogAnimation: Warning: SkeletalMesh Rifle has no skeleton. This needs to fixed before an animation can be set
[2026.02.11-16.40.04:236][544]LogAnimation: Warning: SkeletalMesh Rifle has no skeleton. This needs to fixed before an animation can be set
[2026.02.11-16.40.04:254][545]LogAnimation: Warning: SkeletalMesh Rifle has no skeleton. This needs to fixed before an animation can be set
[2026.02.11-16.40.04:270][546]LogAnimation: Warning: SkeletalMesh Rifle has no skeleton. This needs to fixed before an animation can be set
[2026.02.11-16.40.04:287][547]LogAnimation: Warning: SkeletalMesh Rifle has no skeleton. This needs to fixed before an animation can be set
[2026.02.11-16.40.04:304][548]LogAnimation: Warning: SkeletalMesh Rifle has no skeleton. This needs to fixed before an animation can be set
[2026.02.11-16.40.04:320][549]LogAnimation: Warning: SkeletalMesh Rifle has no skeleton. This needs to fixed before an animation can be set
[2026.02.11-16.40.04:337][550]LogAnimation: Warning: SkeletalMesh Rifle has no skeleton. This needs to fixed before an animation can be set
[2026.02.11-16.40.04:354][551]LogAnimation: Warning: SkeletalMesh Rifle has no skeleton. This needs to fixed before an animation can be set
[2026.02.11-16.40.04:370][552]LogAnimation: Warning: SkeletalMesh Rifle has no skeleton. This needs to fixed before an animation can be set
[2026.02.11-16.40.04:387][553]LogAnimation: Warning: SkeletalMesh Rifle has no skeleton. This needs to fixed before an animation can be set
[2026.02.11-16.40.04:404][554]LogAnimation: Warning: SkeletalMesh Rifle has no skeleton. This needs to fixed before an animation can be set
[2026.02.11-16.40.04:420][555]LogAnimation: Warning: SkeletalMesh Rifle has no skeleton. This needs to fixed before an animation can be set
[2026.02.11-16.40.04:437][556]LogAnimation: Warning: SkeletalMesh Rifle has no skeleton. This needs to fixed before an animation can be set
[2026.02.11-16.40.04:454][557]LogAnimation: Warning: SkeletalMesh Rifle has no skeleton. This needs to fixed before an animation can be set
[2026.02.11-16.40.04:471][558]LogAnimation: Warning: SkeletalMesh Rifle has no skeleton. This needs to fixed before an animation can be set
[2026.02.11-16.40.04:487][559]LogAnimation: Warning: SkeletalMesh Rifle has no skeleton. This needs to fixed before an animation can be set
[2026.02.11-16.40.04:503][560]LogAnimation: Warning: SkeletalMesh Rifle has no skeleton. This needs to fixed before an animation can be set
[2026.02.11-16.40.04:520][561]LogAnimation: Warning: SkeletalMesh Rifle has no skeleton. This needs to fixed before an animation can be set
[2026.02.11-16.40.04:537][562]LogAnimation: Warning: SkeletalMesh Rifle has no skeleton. This needs to fixed before an animation can be set
[2026.02.11-16.40.04:553][563]LogAnimation: Warning: SkeletalMesh Rifle has no skeleton. This needs to fixed before an animation can be set
[2026.02.11-16.40.04:570][564]LogAnimation: Warning: SkeletalMesh Rifle has no skeleton. This needs to fixed before an animation can be set
[2026.02.11-16.40.04:587][565]LogAnimation: Warning: SkeletalMesh Rifle has no skeleton. This needs to fixed before an animation can be set
[2026.02.11-16.40.04:606][566]LogAnimation: Warning: SkeletalMesh Rifle has no skeleton. This needs to fixed before an animation can be set
[2026.02.11-16.40.04:622][567]LogAnimation: Warning: SkeletalMesh Rifle has no skeleton. This needs to fixed before an animation can be set
[2026.02.11-16.40.04:638][568]LogAnimation: Warning: SkeletalMesh Rifle has no skeleton. This needs to fixed before an animation can be set
[2026.02.11-16.40.04:654][569]LogAnimation: Warning: SkeletalMesh Rifle has no skeleton. This needs to fixed before an animation can be set
[2026.02.11-16.40.04:670][570]LogAnimation: Warning: SkeletalMesh Rifle has no skeleton. This needs to fixed before an animation can be set
[2026.02.11-16.40.04:688][571]LogAnimation: Warning: SkeletalMesh Rifle has no skeleton. This needs to fixed before an animation can be set
[2026.02.11-16.40.04:705][572]LogAnimation: Warning: SkeletalMesh Rifle has no skeleton. This needs to fixed before an animation can be set
[2026.02.11-16.40.05:539][621]LogSlate: Window 'MagGun_MatB' being destroyed
[2026.02.11-16.40.05:563][621]LogWorld: UWorld::CleanupWorld for World_8, bSessionEnded=true, bCleanupResources=true
[2026.02.11-16.40.05:563][621]LogSlate: InvalidateAllWidgets triggered.  All widgets were invalidated
[2026.02.11-16.40.16:186][254]LogAssetEditorSubsystem: Opening Asset editor for WidgetBlueprint /Game/BluePrintClass/W_PlayerHUD.W_PlayerHUD
[2026.02.11-16.41.43:723][149]LogUObjectHash: Compacting FUObjectHashTables data took   3.18ms
[2026.02.11-16.41.43:724][149]LogFileHelpers: Editor autosave (incl. external actors) for '/Game/Levels/Main' took 0.089
[2026.02.11-16.41.43:726][149]OBJ SavePackage: Generating thumbnails for [2] asset(s) in package [/Game/BluePrintClass/BP_Spider] ([2] browsable assets)...
[2026.02.11-16.41.43:773][149]OBJ SavePackage:     Rendered thumbnail for [BlueprintGeneratedClass /Game/BluePrintClass/BP_Spider.BP_Spider_C]
[2026.02.11-16.41.43:798][149]OBJ SavePackage:     Rendered thumbnail for [Blueprint /Game/BluePrintClass/BP_Spider.BP_Spider]
[2026.02.11-16.41.43:798][149]OBJ SavePackage: Finished generating thumbnails for package [/Game/BluePrintClass/BP_Spider]
[2026.02.11-16.41.43:820][149]LogSavePackage: Moving '../../../../../Repozytoria/UE 4.27/KZ_TopDownShooter/TopDownAC/Saved/BP_Spider_Auto1F896CAF44B3D9986A3DF02960CC24B49.tmp' to '../../../../../Repozytoria/UE 4.27/KZ_TopDownShooter/TopDownAC/Saved/Autosaves/Game/BluePrintClass/BP_Spider_Auto1.uasset'
[2026.02.11-16.41.43:822][149]OBJ SavePackage: Generating thumbnails for [1] asset(s) in package [/Game/BluePrintClass/BP_PLAYER] ([2] browsable assets)...
[2026.02.11-16.41.43:853][149]OBJ SavePackage:     Rendered thumbnail for [Blueprint /Game/BluePrintClass/BP_PLAYER.BP_PLAYER]
[2026.02.11-16.41.43:853][149]OBJ SavePackage: Finished generating thumbnails for package [/Game/BluePrintClass/BP_PLAYER]
[2026.02.11-16.41.43:879][149]LogSavePackage: Moving '../../../../../Repozytoria/UE 4.27/KZ_TopDownShooter/TopDownAC/Saved/BP_PLAYER_Auto1FB46FFA34DF80F5649B144BEF7AAFC05.tmp' to '../../../../../Repozytoria/UE 4.27/KZ_TopDownShooter/TopDownAC/Saved/Autosaves/Game/BluePrintClass/BP_PLAYER_Auto1.uasset'
[2026.02.11-16.41.43:879][149]LogFileHelpers: Auto-saving content packages took 0.155
[2026.02.11-16.42.42:001][  0]LogAnimation: Warning: SkeletalMesh Rifle has no skeleton. This needs to fixed before an animation can be set
[2026.02.11-16.42.42:018][  1]LogAnimation: Warning: SkeletalMesh Rifle has no skeleton. This needs to fixed before an animation can be set
[2026.02.11-16.42.45:340][194]LogTemp: Repeating last play command: Selected Viewport
[2026.02.11-16.42.45:347][194]BlueprintLog: New page: Pre-Play auto-recompile
[2026.02.11-16.42.45:347][194]LogPlayLevel: [PlayLevel] Compiling BP_Spider before play...
[2026.02.11-16.42.45:397][194]LogUObjectHash: Compacting FUObjectHashTables data took   3.01ms
[2026.02.11-16.42.45:397][194]LogPlayLevel: PlayLevel: Blueprint regeneration took 50 ms (1 blueprints)
[2026.02.11-16.42.45:398][194]PIE: New page: PIE session: Main (11 lut 2026, 18:42:45)
[2026.02.11-16.42.45:428][194]LogPlayLevel: Creating play world package: /Game/Levels/UEDPIE_0_Main
[2026.02.11-16.42.45:433][194]LogPlayLevel: PIE: StaticDuplicateObject took: (0.005418s)
[2026.02.11-16.42.45:435][194]LogAIModule: Creating AISystem for world Main
[2026.02.11-16.42.45:436][194]LogPlayLevel: PIE: World Init took: (0.002315s)
[2026.02.11-16.42.45:436][194]LogPlayLevel: PIE: Created PIE world by copying editor world from /Game/Levels/Main.Main to /Game/Levels/UEDPIE_0_Main.Main (0.007976s)
[2026.02.11-16.42.45:474][194]LogUObjectHash: Compacting FUObjectHashTables data took   2.96ms
[2026.02.11-16.42.45:475][194]LogAudio: Display: Creating Audio Device:                 Id: 3, Scope: Unique, Realtime: True
[2026.02.11-16.42.45:475][194]LogAudioMixer: Display: Audio Mixer Platform Settings:
[2026.02.11-16.42.45:475][194]LogAudioMixer: Display: 	Sample Rate:						  48000
[2026.02.11-16.42.45:475][194]LogAudioMixer: Display: 	Callback Buffer Frame Size Requested: 1024
[2026.02.11-16.42.45:475][194]LogAudioMixer: Display: 	Callback Buffer Frame Size To Use:	  1024
[2026.02.11-16.42.45:475][194]LogAudioMixer: Display: 	Number of buffers to queue:			  2
[2026.02.11-16.42.45:475][194]LogAudioMixer: Display: 	Max Channels (voices):				  32
[2026.02.11-16.42.45:475][194]LogAudioMixer: Display: 	Number of Async Source Workers:		  0
[2026.02.11-16.42.45:475][194]LogAudio: Display: AudioDevice MaxSources: 32
[2026.02.11-16.42.45:475][194]LogAudio: Display: Audio Spatialization Plugin: None (built-in).
[2026.02.11-16.42.45:475][194]LogAudio: Display: Audio Reverb Plugin: None (built-in).
[2026.02.11-16.42.45:475][194]LogAudio: Display: Audio Occlusion Plugin: None (built-in).
[2026.02.11-16.42.45:475][194]LogAudioMixer: Display: Initializing audio mixer.
[2026.02.11-16.42.45:478][194]LogAudioMixer: Display: 0: FrontLeft
[2026.02.11-16.42.45:478][194]LogAudioMixer: Display: 1: FrontRight
[2026.02.11-16.42.45:485][194]LogAudioMixer: Display: Using Audio Device Speakers (USB Audio Device)
[2026.02.11-16.42.45:485][194]LogAudioMixer: Display: Initializing Sound Submixes...
[2026.02.11-16.42.45:485][194]LogAudioMixer: Display: Creating Master Submix 'MasterSubmixDefault'
[2026.02.11-16.42.45:485][194]LogAudioMixer: Display: Creating Master Submix 'MasterReverbSubmixDefault'
[2026.02.11-16.42.45:487][194]LogAudioMixer: Display: Creating Master Submix 'MasterEQSubmixDefault'
[2026.02.11-16.42.45:487][194]LogAudioMixer: FMixerPlatformXAudio2::StartAudioStream() called
[2026.02.11-16.42.45:487][194]LogAudioMixer: Display: Output buffers initialized: Frames=1024, Channels=2, Samples=2048
[2026.02.11-16.42.45:488][194]LogAudioMixer: Display: Starting AudioMixerPlatformInterface::RunInternal()
[2026.02.11-16.42.45:488][194]LogAudioMixer: Display: FMixerPlatformXAudio2::SubmitBuffer() called for the first time
[2026.02.11-16.42.45:488][194]LogInit: FAudioDevice initialized.
[2026.02.11-16.42.45:488][194]LogAudio: Display: Audio Device (ID: 3) registered with world 'Main'.
[2026.02.11-16.42.45:495][194]LogLoad: Game class is 'BP_GameMode_01_C'
[2026.02.11-16.42.45:497][194]LogWorld: Bringing World /Game/Levels/UEDPIE_0_Main.Main up for play (max tick rate 60) at 2026.02.11-17.42.45
[2026.02.11-16.42.45:497][194]LogWorld: Bringing up level for play took: 0.000902
[2026.02.11-16.42.45:497][194]LogOnline: OSS: Creating online subsystem instance for: :Context_14
[2026.02.11-16.42.45:500][194]PIE: Server logged in
[2026.02.11-16.42.45:500][194]PIE: Play in editor total start time 0,155 seconds.
[2026.02.11-16.43.28:138][749]LogSlate: Updating window title bar state: overlay mode, drag disabled, window buttons hidden, title bar hidden
[2026.02.11-16.43.28:138][749]LogWorld: BeginTearingDown for /Game/Levels/UEDPIE_0_Main
[2026.02.11-16.43.28:138][749]LogWorld: UWorld::CleanupWorld for Main, bSessionEnded=true, bCleanupResources=true
[2026.02.11-16.43.28:139][749]LogSlate: InvalidateAllWidgets triggered.  All widgets were invalidated
[2026.02.11-16.43.28:155][749]LogPlayLevel: Display: Shutting down PIE online subsystems
[2026.02.11-16.43.28:160][749]LogSlate: InvalidateAllWidgets triggered.  All widgets were invalidated
[2026.02.11-16.43.28:200][749]LogSlate: Updating window title bar state: overlay mode, drag disabled, window buttons hidden, title bar hidden
[2026.02.11-16.43.28:201][749]LogAudioMixer: FMixerPlatformXAudio2::StopAudioStream() called
[2026.02.11-16.43.28:202][749]LogAudioMixer: FMixerPlatformXAudio2::StopAudioStream() called
[2026.02.11-16.43.28:208][749]LogUObjectHash: Compacting FUObjectHashTables data took   3.07ms
[2026.02.11-16.43.28:231][750]LogPlayLevel: Display: Destroying online subsystem :Context_14
[2026.02.11-16.43.31:980][971]LogSlate: Window 'W_PlayerHUD' being destroyed
[2026.02.11-16.43.32:009][971]LogWorld: UWorld::CleanupWorld for World_10, bSessionEnded=true, bCleanupResources=true
[2026.02.11-16.43.32:009][971]LogSlate: InvalidateAllWidgets triggered.  All widgets were invalidated
[2026.02.11-16.43.32:017][971]LogWorld: UWorld::CleanupWorld for World_9, bSessionEnded=true, bCleanupResources=true
[2026.02.11-16.43.32:017][971]LogSlate: InvalidateAllWidgets triggered.  All widgets were invalidated
[2026.02.11-16.45.47:931][706]BlueprintLog: New page: Compile BP_PLAYER
[2026.02.11-16.45.48:000][706]LogUObjectHash: Compacting FUObjectHashTables data took   2.24ms
[2026.02.11-16.45.50:382][845]LogAnimation: Warning: SkeletalMesh Rifle has no skeleton. This needs to fixed before an animation can be set
[2026.02.11-16.45.50:815][871]LogAnimation: Warning: SkeletalMesh Rifle has no skeleton. This needs to fixed before an animation can be set
[2026.02.11-16.45.50:832][872]LogAnimation: Warning: SkeletalMesh Rifle has no skeleton. This needs to fixed before an animation can be set
[2026.02.11-16.45.50:848][873]LogAnimation: Warning: SkeletalMesh Rifle has no skeleton. This needs to fixed before an animation can be set
[2026.02.11-16.45.50:867][874]LogAnimation: Warning: SkeletalMesh Rifle has no skeleton. This needs to fixed before an animation can be set
[2026.02.11-16.45.50:882][875]LogAnimation: Warning: SkeletalMesh Rifle has no skeleton. This needs to fixed before an animation can be set
[2026.02.11-16.45.50:901][876]LogAnimation: Warning: SkeletalMesh Rifle has no skeleton. This needs to fixed before an animation can be set
[2026.02.11-16.45.50:915][877]LogAnimation: Warning: SkeletalMesh Rifle has no skeleton. This needs to fixed before an animation can be set
[2026.02.11-16.45.50:931][878]LogAnimation: Warning: SkeletalMesh Rifle has no skeleton. This needs to fixed before an animation can be set
[2026.02.11-16.45.50:949][879]LogAnimation: Warning: SkeletalMesh Rifle has no skeleton. This needs to fixed before an animation can be set
[2026.02.11-16.45.50:965][880]LogAnimation: Warning: SkeletalMesh Rifle has no skeleton. This needs to fixed before an animation can be set
[2026.02.11-16.45.50:982][881]LogAnimation: Warning: SkeletalMesh Rifle has no skeleton. This needs to fixed before an animation can be set
[2026.02.11-16.45.50:999][882]LogAnimation: Warning: SkeletalMesh Rifle has no skeleton. This needs to fixed before an animation can be set
[2026.02.11-16.45.51:015][883]LogAnimation: Warning: SkeletalMesh Rifle has no skeleton. This needs to fixed before an animation can be set
[2026.02.11-16.45.51:031][884]LogAnimation: Warning: SkeletalMesh Rifle has no skeleton. This needs to fixed before an animation can be set
[2026.02.11-16.45.51:048][885]LogAnimation: Warning: SkeletalMesh Rifle has no skeleton. This needs to fixed before an animation can be set
[2026.02.11-16.45.51:065][886]LogAnimation: Warning: SkeletalMesh Rifle has no skeleton. This needs to fixed before an animation can be set
[2026.02.11-16.45.51:082][887]LogAnimation: Warning: SkeletalMesh Rifle has no skeleton. This needs to fixed before an animation can be set
[2026.02.11-16.45.51:099][888]LogAnimation: Warning: SkeletalMesh Rifle has no skeleton. This needs to fixed before an animation can be set
[2026.02.11-16.45.51:115][889]LogAnimation: Warning: SkeletalMesh Rifle has no skeleton. This needs to fixed before an animation can be set
[2026.02.11-16.45.51:132][890]LogAnimation: Warning: SkeletalMesh Rifle has no skeleton. This needs to fixed before an animation can be set
[2026.02.11-16.45.51:148][891]LogAnimation: Warning: SkeletalMesh Rifle has no skeleton. This needs to fixed before an animation can be set
[2026.02.11-16.45.51:164][892]LogAnimation: Warning: SkeletalMesh Rifle has no skeleton. This needs to fixed before an animation can be set
[2026.02.11-16.45.51:182][893]LogAnimation: Warning: SkeletalMesh Rifle has no skeleton. This needs to fixed before an animation can be set
[2026.02.11-16.45.51:198][894]LogAnimation: Warning: SkeletalMesh Rifle has no skeleton. This needs to fixed before an animation can be set
[2026.02.11-16.45.51:215][895]LogAnimation: Warning: SkeletalMesh Rifle has no skeleton. This needs to fixed before an animation can be set
[2026.02.11-16.45.51:231][896]LogAnimation: Warning: SkeletalMesh Rifle has no skeleton. This needs to fixed before an animation can be set
[2026.02.11-16.45.51:249][897]LogAnimation: Warning: SkeletalMesh Rifle has no skeleton. This needs to fixed before an animation can be set
[2026.02.11-16.45.51:265][898]LogAnimation: Warning: SkeletalMesh Rifle has no skeleton. This needs to fixed before an animation can be set
[2026.02.11-16.45.51:282][899]LogAnimation: Warning: SkeletalMesh Rifle has no skeleton. This needs to fixed before an animation can be set
[2026.02.11-16.45.51:299][900]LogAnimation: Warning: SkeletalMesh Rifle has no skeleton. This needs to fixed before an animation can be set
[2026.02.11-16.45.51:315][901]LogAnimation: Warning: SkeletalMesh Rifle has no skeleton. This needs to fixed before an animation can be set
[2026.02.11-16.45.51:332][902]LogAnimation: Warning: SkeletalMesh Rifle has no skeleton. This needs to fixed before an animation can be set
[2026.02.11-16.45.51:348][903]LogAnimation: Warning: SkeletalMesh Rifle has no skeleton. This needs to fixed before an animation can be set
[2026.02.11-16.45.51:365][904]LogAnimation: Warning: SkeletalMesh Rifle has no skeleton. This needs to fixed before an animation can be set
[2026.02.11-16.45.51:382][905]LogAnimation: Warning: SkeletalMesh Rifle has no skeleton. This needs to fixed before an animation can be set
[2026.02.11-16.45.51:398][906]LogAnimation: Warning: SkeletalMesh Rifle has no skeleton. This needs to fixed before an animation can be set
[2026.02.11-16.45.51:415][907]LogAnimation: Warning: SkeletalMesh Rifle has no skeleton. This needs to fixed before an animation can be set
[2026.02.11-16.45.51:431][908]LogAnimation: Warning: SkeletalMesh Rifle has no skeleton. This needs to fixed before an animation can be set
[2026.02.11-16.45.51:448][909]LogAnimation: Warning: SkeletalMesh Rifle has no skeleton. This needs to fixed before an animation can be set
[2026.02.11-16.45.51:465][910]LogAnimation: Warning: SkeletalMesh Rifle has no skeleton. This needs to fixed before an animation can be set
[2026.02.11-16.45.51:482][911]LogAnimation: Warning: SkeletalMesh Rifle has no skeleton. This needs to fixed before an animation can be set
[2026.02.11-16.45.51:498][912]LogAnimation: Warning: SkeletalMesh Rifle has no skeleton. This needs to fixed before an animation can be set
[2026.02.11-16.45.51:515][913]LogAnimation: Warning: SkeletalMesh Rifle has no skeleton. This needs to fixed before an animation can be set
[2026.02.11-16.45.51:532][914]LogAnimation: Warning: SkeletalMesh Rifle has no skeleton. This needs to fixed before an animation can be set
[2026.02.11-16.45.51:548][915]LogAnimation: Warning: SkeletalMesh Rifle has no skeleton. This needs to fixed before an animation can be set
[2026.02.11-16.45.51:565][916]LogAnimation: Warning: SkeletalMesh Rifle has no skeleton. This needs to fixed before an animation can be set
[2026.02.11-16.45.51:582][917]LogAnimation: Warning: SkeletalMesh Rifle has no skeleton. This needs to fixed before an animation can be set
[2026.02.11-16.45.51:598][918]LogAnimation: Warning: SkeletalMesh Rifle has no skeleton. This needs to fixed before an animation can be set
[2026.02.11-16.45.51:615][919]LogAnimation: Warning: SkeletalMesh Rifle has no skeleton. This needs to fixed before an animation can be set
[2026.02.11-16.45.51:632][920]LogAnimation: Warning: SkeletalMesh Rifle has no skeleton. This needs to fixed before an animation can be set
[2026.02.11-16.45.51:649][921]LogAnimation: Warning: SkeletalMesh Rifle has no skeleton. This needs to fixed before an animation can be set
[2026.02.11-16.45.51:665][922]LogAnimation: Warning: SkeletalMesh Rifle has no skeleton. This needs to fixed before an animation can be set
[2026.02.11-16.45.51:682][923]LogAnimation: Warning: SkeletalMesh Rifle has no skeleton. This needs to fixed before an animation can be set
[2026.02.11-16.45.51:699][924]LogAnimation: Warning: SkeletalMesh Rifle has no skeleton. This needs to fixed before an animation can be set
[2026.02.11-16.45.51:715][925]LogAnimation: Warning: SkeletalMesh Rifle has no skeleton. This needs to fixed before an animation can be set
[2026.02.11-16.45.51:732][926]LogAnimation: Warning: SkeletalMesh Rifle has no skeleton. This needs to fixed before an animation can be set
[2026.02.11-16.45.51:749][927]LogAnimation: Warning: SkeletalMesh Rifle has no skeleton. This needs to fixed before an animation can be set
[2026.02.11-16.45.51:765][928]LogAnimation: Warning: SkeletalMesh Rifle has no skeleton. This needs to fixed before an animation can be set
[2026.02.11-16.45.51:781][929]LogAnimation: Warning: SkeletalMesh Rifle has no skeleton. This needs to fixed before an animation can be set
[2026.02.11-16.45.51:799][930]LogAnimation: Warning: SkeletalMesh Rifle has no skeleton. This needs to fixed before an animation can be set
[2026.02.11-16.45.51:814][931]LogAnimation: Warning: SkeletalMesh Rifle has no skeleton. This needs to fixed before an animation can be set
[2026.02.11-16.45.51:831][932]LogAnimation: Warning: SkeletalMesh Rifle has no skeleton. This needs to fixed before an animation can be set
[2026.02.11-16.45.51:848][933]LogAnimation: Warning: SkeletalMesh Rifle has no skeleton. This needs to fixed before an animation can be set
[2026.02.11-16.45.51:865][934]LogAnimation: Warning: SkeletalMesh Rifle has no skeleton. This needs to fixed before an animation can be set
[2026.02.11-16.45.51:882][935]LogAnimation: Warning: SkeletalMesh Rifle has no skeleton. This needs to fixed before an animation can be set
[2026.02.11-16.45.51:898][936]LogAnimation: Warning: SkeletalMesh Rifle has no skeleton. This needs to fixed before an animation can be set
[2026.02.11-16.45.51:916][937]LogAnimation: Warning: SkeletalMesh Rifle has no skeleton. This needs to fixed before an animation can be set
[2026.02.11-16.45.51:932][938]LogAnimation: Warning: SkeletalMesh Rifle has no skeleton. This needs to fixed before an animation can be set
[2026.02.11-16.45.51:967][940]LogAnimation: Warning: SkeletalMesh Rifle has no skeleton. This needs to fixed before an animation can be set
[2026.02.11-16.45.51:982][941]LogAnimation: Warning: SkeletalMesh Rifle has no skeleton. This needs to fixed before an animation can be set
[2026.02.11-16.45.51:999][942]LogAnimation: Warning: SkeletalMesh Rifle has no skeleton. This needs to fixed before an animation can be set
[2026.02.11-16.45.52:015][943]LogAnimation: Warning: SkeletalMesh Rifle has no skeleton. This needs to fixed before an animation can be set
[2026.02.11-16.45.52:031][944]LogAnimation: Warning: SkeletalMesh Rifle has no skeleton. This needs to fixed before an animation can be set
[2026.02.11-16.45.52:048][945]LogAnimation: Warning: SkeletalMesh Rifle has no skeleton. This needs to fixed before an animation can be set
[2026.02.11-16.45.52:065][946]LogAnimation: Warning: SkeletalMesh Rifle has no skeleton. This needs to fixed before an animation can be set
[2026.02.11-16.45.52:083][947]LogAnimation: Warning: SkeletalMesh Rifle has no skeleton. This needs to fixed before an animation can be set
[2026.02.11-16.45.52:099][948]LogAnimation: Warning: SkeletalMesh Rifle has no skeleton. This needs to fixed before an animation can be set
[2026.02.11-16.45.52:115][949]LogAnimation: Warning: SkeletalMesh Rifle has no skeleton. This needs to fixed before an animation can be set
[2026.02.11-16.45.52:132][950]LogAnimation: Warning: SkeletalMesh Rifle has no skeleton. This needs to fixed before an animation can be set
[2026.02.11-16.45.52:148][951]LogAnimation: Warning: SkeletalMesh Rifle has no skeleton. This needs to fixed before an animation can be set
[2026.02.11-16.45.52:165][952]LogAnimation: Warning: SkeletalMesh Rifle has no skeleton. This needs to fixed before an animation can be set
[2026.02.11-16.45.52:182][953]LogAnimation: Warning: SkeletalMesh Rifle has no skeleton. This needs to fixed before an animation can be set
[2026.02.11-16.45.52:201][954]LogAnimation: Warning: SkeletalMesh Rifle has no skeleton. This needs to fixed before an animation can be set
[2026.02.11-16.45.52:215][955]LogAnimation: Warning: SkeletalMesh Rifle has no skeleton. This needs to fixed before an animation can be set
[2026.02.11-16.45.52:365][964]LogAnimation: Warning: SkeletalMesh Rifle has no skeleton. This needs to fixed before an animation can be set
[2026.02.11-16.45.52:383][965]LogAnimation: Warning: SkeletalMesh Rifle has no skeleton. This needs to fixed before an animation can be set
[2026.02.11-16.45.52:399][966]LogAnimation: Warning: SkeletalMesh Rifle has no skeleton. This needs to fixed before an animation can be set
[2026.02.11-16.45.52:415][967]LogAnimation: Warning: SkeletalMesh Rifle has no skeleton. This needs to fixed before an animation can be set
[2026.02.11-16.45.52:432][968]LogAnimation: Warning: SkeletalMesh Rifle has no skeleton. This needs to fixed before an animation can be set
[2026.02.11-16.45.52:449][969]LogAnimation: Warning: SkeletalMesh Rifle has no skeleton. This needs to fixed before an animation can be set
[2026.02.11-16.45.52:468][970]LogAnimation: Warning: SkeletalMesh Rifle has no skeleton. This needs to fixed before an animation can be set
[2026.02.11-16.45.52:482][971]LogAnimation: Warning: SkeletalMesh Rifle has no skeleton. This needs to fixed before an animation can be set
[2026.02.11-16.45.52:498][972]LogAnimation: Warning: SkeletalMesh Rifle has no skeleton. This needs to fixed before an animation can be set
[2026.02.11-16.45.52:515][973]LogAnimation: Warning: SkeletalMesh Rifle has no skeleton. This needs to fixed before an animation can be set
[2026.02.11-16.45.52:532][974]LogAnimation: Warning: SkeletalMesh Rifle has no skeleton. This needs to fixed before an animation can be set
[2026.02.11-16.45.52:549][975]LogAnimation: Warning: SkeletalMesh Rifle has no skeleton. This needs to fixed before an animation can be set
[2026.02.11-16.45.52:565][976]LogAnimation: Warning: SkeletalMesh Rifle has no skeleton. This needs to fixed before an animation can be set
[2026.02.11-16.45.52:582][977]LogAnimation: Warning: SkeletalMesh Rifle has no skeleton. This needs to fixed before an animation can be set
[2026.02.11-16.45.52:598][978]LogAnimation: Warning: SkeletalMesh Rifle has no skeleton. This needs to fixed before an animation can be set
[2026.02.11-16.45.52:617][979]LogAnimation: Warning: SkeletalMesh Rifle has no skeleton. This needs to fixed before an animation can be set
[2026.02.11-16.45.52:632][980]LogAnimation: Warning: SkeletalMesh Rifle has no skeleton. This needs to fixed before an animation can be set
[2026.02.11-16.45.52:648][981]LogAnimation: Warning: SkeletalMesh Rifle has no skeleton. This needs to fixed before an animation can be set
[2026.02.11-16.45.52:665][982]LogAnimation: Warning: SkeletalMesh Rifle has no skeleton. This needs to fixed before an animation can be set
[2026.02.11-16.45.52:682][983]LogAnimation: Warning: SkeletalMesh Rifle has no skeleton. This needs to fixed before an animation can be set
[2026.02.11-16.45.52:700][984]LogAnimation: Warning: SkeletalMesh Rifle has no skeleton. This needs to fixed before an animation can be set
[2026.02.11-16.45.52:715][985]LogAnimation: Warning: SkeletalMesh Rifle has no skeleton. This needs to fixed before an animation can be set
[2026.02.11-16.45.52:731][986]LogAnimation: Warning: SkeletalMesh Rifle has no skeleton. This needs to fixed before an animation can be set
[2026.02.11-16.45.52:749][987]LogAnimation: Warning: SkeletalMesh Rifle has no skeleton. This needs to fixed before an animation can be set
[2026.02.11-16.45.52:765][988]LogAnimation: Warning: SkeletalMesh Rifle has no skeleton. This needs to fixed before an animation can be set
[2026.02.11-16.45.52:781][989]LogAnimation: Warning: SkeletalMesh Rifle has no skeleton. This needs to fixed before an animation can be set
[2026.02.11-16.45.52:799][990]LogAnimation: Warning: SkeletalMesh Rifle has no skeleton. This needs to fixed before an animation can be set
[2026.02.11-16.45.52:815][991]LogAnimation: Warning: SkeletalMesh Rifle has no skeleton. This needs to fixed before an animation can be set
[2026.02.11-16.45.52:832][992]LogAnimation: Warning: SkeletalMesh Rifle has no skeleton. This needs to fixed before an animation can be set
[2026.02.11-16.45.52:848][993]LogAnimation: Warning: SkeletalMesh Rifle has no skeleton. This needs to fixed before an animation can be set
[2026.02.11-16.45.52:865][994]LogAnimation: Warning: SkeletalMesh Rifle has no skeleton. This needs to fixed before an animation can be set
[2026.02.11-16.45.52:882][995]LogAnimation: Warning: SkeletalMesh Rifle has no skeleton. This needs to fixed before an animation can be set
[2026.02.11-16.45.52:898][996]LogAnimation: Warning: SkeletalMesh Rifle has no skeleton. This needs to fixed before an animation can be set
[2026.02.11-16.45.52:915][997]LogAnimation: Warning: SkeletalMesh Rifle has no skeleton. This needs to fixed before an animation can be set
[2026.02.11-16.45.52:931][998]LogAnimation: Warning: SkeletalMesh Rifle has no skeleton. This needs to fixed before an animation can be set
[2026.02.11-16.45.52:948][999]LogAnimation: Warning: SkeletalMesh Rifle has no skeleton. This needs to fixed before an animation can be set
[2026.02.11-16.45.52:965][  0]LogAnimation: Warning: SkeletalMesh Rifle has no skeleton. This needs to fixed before an animation can be set
[2026.02.11-16.45.52:981][  1]LogAnimation: Warning: SkeletalMesh Rifle has no skeleton. This needs to fixed before an animation can be set
[2026.02.11-16.45.52:998][  2]LogAnimation: Warning: SkeletalMesh Rifle has no skeleton. This needs to fixed before an animation can be set
[2026.02.11-16.45.53:014][  3]LogAnimation: Warning: SkeletalMesh Rifle has no skeleton. This needs to fixed before an animation can be set
[2026.02.11-16.45.53:031][  4]LogAnimation: Warning: SkeletalMesh Rifle has no skeleton. This needs to fixed before an animation can be set
[2026.02.11-16.45.53:048][  5]LogAnimation: Warning: SkeletalMesh Rifle has no skeleton. This needs to fixed before an animation can be set
[2026.02.11-16.45.53:066][  6]LogAnimation: Warning: SkeletalMesh Rifle has no skeleton. This needs to fixed before an animation can be set
[2026.02.11-16.45.53:082][  7]LogAnimation: Warning: SkeletalMesh Rifle has no skeleton. This needs to fixed before an animation can be set
[2026.02.11-16.45.53:098][  8]LogAnimation: Warning: SkeletalMesh Rifle has no skeleton. This needs to fixed before an animation can be set
[2026.02.11-16.45.53:115][  9]LogAnimation: Warning: SkeletalMesh Rifle has no skeleton. This needs to fixed before an animation can be set
[2026.02.11-16.45.53:132][ 10]LogAnimation: Warning: SkeletalMesh Rifle has no skeleton. This needs to fixed before an animation can be set
[2026.02.11-16.45.53:150][ 11]LogAnimation: Warning: SkeletalMesh Rifle has no skeleton. This needs to fixed before an animation can be set
[2026.02.11-16.45.53:165][ 12]LogAnimation: Warning: SkeletalMesh Rifle has no skeleton. This needs to fixed before an animation can be set
[2026.02.11-16.45.53:181][ 13]LogAnimation: Warning: SkeletalMesh Rifle has no skeleton. This needs to fixed before an animation can be set
[2026.02.11-16.45.53:198][ 14]LogAnimation: Warning: SkeletalMesh Rifle has no skeleton. This needs to fixed before an animation can be set
[2026.02.11-16.45.53:215][ 15]LogAnimation: Warning: SkeletalMesh Rifle has no skeleton. This needs to fixed before an animation can be set
[2026.02.11-16.45.53:232][ 16]LogAnimation: Warning: SkeletalMesh Rifle has no skeleton. This needs to fixed before an animation can be set
[2026.02.11-16.45.53:248][ 17]LogAnimation: Warning: SkeletalMesh Rifle has no skeleton. This needs to fixed before an animation can be set
[2026.02.11-16.45.53:265][ 18]LogAnimation: Warning: SkeletalMesh Rifle has no skeleton. This needs to fixed before an animation can be set
[2026.02.11-16.45.53:287][ 19]LogAnimation: Warning: SkeletalMesh Rifle has no skeleton. This needs to fixed before an animation can be set
[2026.02.11-16.45.53:298][ 20]LogAnimation: Warning: SkeletalMesh Rifle has no skeleton. This needs to fixed before an animation can be set
[2026.02.11-16.45.53:321][ 21]LogAnimation: Warning: SkeletalMesh Rifle has no skeleton. This needs to fixed before an animation can be set
[2026.02.11-16.45.53:333][ 22]LogAnimation: Warning: SkeletalMesh Rifle has no skeleton. This needs to fixed before an animation can be set
[2026.02.11-16.45.53:333][ 22]LogAnimation: Warning: SkeletalMesh Rifle has no skeleton. This needs to fixed before an animation can be set
[2026.02.11-16.45.53:350][ 23]LogAnimation: Warning: SkeletalMesh Rifle has no skeleton. This needs to fixed before an animation can be set
[2026.02.11-16.45.53:367][ 24]LogAnimation: Warning: SkeletalMesh Rifle has no skeleton. This needs to fixed before an animation can be set
[2026.02.11-16.45.53:383][ 25]LogAnimation: Warning: SkeletalMesh Rifle has no skeleton. This needs to fixed before an animation can be set
[2026.02.11-16.45.53:400][ 26]LogAnimation: Warning: SkeletalMesh Rifle has no skeleton. This needs to fixed before an animation can be set
[2026.02.11-16.45.53:417][ 27]LogAnimation: Warning: SkeletalMesh Rifle has no skeleton. This needs to fixed before an animation can be set
[2026.02.11-16.45.53:433][ 28]LogAnimation: Warning: SkeletalMesh Rifle has no skeleton. This needs to fixed before an animation can be set
[2026.02.11-16.45.53:449][ 29]LogAnimation: Warning: SkeletalMesh Rifle has no skeleton. This needs to fixed before an animation can be set
[2026.02.11-16.45.53:467][ 30]LogAnimation: Warning: SkeletalMesh Rifle has no skeleton. This needs to fixed before an animation can be set
[2026.02.11-16.45.53:483][ 31]LogAnimation: Warning: SkeletalMesh Rifle has no skeleton. This needs to fixed before an animation can be set
[2026.02.11-16.45.53:500][ 32]LogAnimation: Warning: SkeletalMesh Rifle has no skeleton. This needs to fixed before an animation can be set
[2026.02.11-16.45.53:516][ 33]LogAnimation: Warning: SkeletalMesh Rifle has no skeleton. This needs to fixed before an animation can be set
[2026.02.11-16.45.53:533][ 34]LogAnimation: Warning: SkeletalMesh Rifle has no skeleton. This needs to fixed before an animation can be set
[2026.02.11-16.45.53:549][ 35]LogAnimation: Warning: SkeletalMesh Rifle has no skeleton. This needs to fixed before an animation can be set
[2026.02.11-16.45.53:566][ 36]LogAnimation: Warning: SkeletalMesh Rifle has no skeleton. This needs to fixed before an animation can be set
[2026.02.11-16.45.53:583][ 37]LogAnimation: Warning: SkeletalMesh Rifle has no skeleton. This needs to fixed before an animation can be set
[2026.02.11-16.45.53:599][ 38]LogAnimation: Warning: SkeletalMesh Rifle has no skeleton. This needs to fixed before an animation can be set
[2026.02.11-16.45.53:616][ 39]LogAnimation: Warning: SkeletalMesh Rifle has no skeleton. This needs to fixed before an animation can be set
[2026.02.11-16.45.53:634][ 40]LogAnimation: Warning: SkeletalMesh Rifle has no skeleton. This needs to fixed before an animation can be set
[2026.02.11-16.45.53:649][ 41]LogAnimation: Warning: SkeletalMesh Rifle has no skeleton. This needs to fixed before an animation can be set
[2026.02.11-16.45.53:666][ 42]LogAnimation: Warning: SkeletalMesh Rifle has no skeleton. This needs to fixed before an animation can be set
[2026.02.11-16.45.53:683][ 43]LogAnimation: Warning: SkeletalMesh Rifle has no skeleton. This needs to fixed before an animation can be set
[2026.02.11-16.45.53:699][ 44]LogAnimation: Warning: SkeletalMesh Rifle has no skeleton. This needs to fixed before an animation can be set
[2026.02.11-16.45.53:717][ 45]LogAnimation: Warning: SkeletalMesh Rifle has no skeleton. This needs to fixed before an animation can be set
[2026.02.11-16.45.53:733][ 46]LogAnimation: Warning: SkeletalMesh Rifle has no skeleton. This needs to fixed before an animation can be set
[2026.02.11-16.45.53:749][ 47]LogAnimation: Warning: SkeletalMesh Rifle has no skeleton. This needs to fixed before an animation can be set
[2026.02.11-16.45.53:766][ 48]LogAnimation: Warning: SkeletalMesh Rifle has no skeleton. This needs to fixed before an animation can be set
[2026.02.11-16.45.53:783][ 49]LogAnimation: Warning: SkeletalMesh Rifle has no skeleton. This needs to fixed before an animation can be set
[2026.02.11-16.45.53:800][ 50]LogAnimation: Warning: SkeletalMesh Rifle has no skeleton. This needs to fixed before an animation can be set
[2026.02.11-16.45.53:817][ 51]LogAnimation: Warning: SkeletalMesh Rifle has no skeleton. This needs to fixed before an animation can be set
[2026.02.11-16.45.53:833][ 52]LogAnimation: Warning: SkeletalMesh Rifle has no skeleton. This needs to fixed before an animation can be set
[2026.02.11-16.45.53:850][ 53]LogAnimation: Warning: SkeletalMesh Rifle has no skeleton. This needs to fixed before an animation can be set
[2026.02.11-16.45.53:866][ 54]LogAnimation: Warning: SkeletalMesh Rifle has no skeleton. This needs to fixed before an animation can be set
[2026.02.11-16.45.53:883][ 55]LogAnimation: Warning: SkeletalMesh Rifle has no skeleton. This needs to fixed before an animation can be set
[2026.02.11-16.45.53:899][ 56]LogAnimation: Warning: SkeletalMesh Rifle has no skeleton. This needs to fixed before an animation can be set
[2026.02.11-16.45.53:916][ 57]LogAnimation: Warning: SkeletalMesh Rifle has no skeleton. This needs to fixed before an animation can be set
[2026.02.11-16.45.53:933][ 58]LogAnimation: Warning: SkeletalMesh Rifle has no skeleton. This needs to fixed before an animation can be set
[2026.02.11-16.45.53:966][ 60]LogAnimation: Warning: SkeletalMesh Rifle has no skeleton. This needs to fixed before an animation can be set
[2026.02.11-16.45.53:982][ 61]LogAnimation: Warning: SkeletalMesh Rifle has no skeleton. This needs to fixed before an animation can be set
[2026.02.11-16.45.53:999][ 62]LogAnimation: Warning: SkeletalMesh Rifle has no skeleton. This needs to fixed before an animation can be set
[2026.02.11-16.45.54:016][ 63]LogAnimation: Warning: SkeletalMesh Rifle has no skeleton. This needs to fixed before an animation can be set
[2026.02.11-16.45.54:033][ 64]LogAnimation: Warning: SkeletalMesh Rifle has no skeleton. This needs to fixed before an animation can be set
[2026.02.11-16.45.54:049][ 65]LogAnimation: Warning: SkeletalMesh Rifle has no skeleton. This needs to fixed before an animation can be set
[2026.02.11-16.45.54:067][ 66]LogAnimation: Warning: SkeletalMesh Rifle has no skeleton. This needs to fixed before an animation can be set
[2026.02.11-16.45.54:084][ 67]LogAnimation: Warning: SkeletalMesh Rifle has no skeleton. This needs to fixed before an animation can be set
[2026.02.11-16.45.54:100][ 68]LogAnimation: Warning: SkeletalMesh Rifle has no skeleton. This needs to fixed before an animation can be set
[2026.02.11-16.45.54:117][ 69]LogAnimation: Warning: SkeletalMesh Rifle has no skeleton. This needs to fixed before an animation can be set
[2026.02.11-16.45.54:133][ 70]LogAnimation: Warning: SkeletalMesh Rifle has no skeleton. This needs to fixed before an animation can be set
[2026.02.11-16.45.54:150][ 71]LogAnimation: Warning: SkeletalMesh Rifle has no skeleton. This needs to fixed before an animation can be set
[2026.02.11-16.45.54:166][ 72]LogAnimation: Warning: SkeletalMesh Rifle has no skeleton. This needs to fixed before an animation can be set
[2026.02.11-16.45.54:183][ 73]LogAnimation: Warning: SkeletalMesh Rifle has no skeleton. This needs to fixed before an animation can be set
[2026.02.11-16.45.54:200][ 74]LogAnimation: Warning: SkeletalMesh Rifle has no skeleton. This needs to fixed before an animation can be set
[2026.02.11-16.45.54:217][ 75]LogAnimation: Warning: SkeletalMesh Rifle has no skeleton. This needs to fixed before an animation can be set
[2026.02.11-16.45.54:233][ 76]LogAnimation: Warning: SkeletalMesh Rifle has no skeleton. This needs to fixed before an animation can be set
[2026.02.11-16.45.54:250][ 77]LogAnimation: Warning: SkeletalMesh Rifle has no skeleton. This needs to fixed before an animation can be set
[2026.02.11-16.45.54:266][ 78]LogAnimation: Warning: SkeletalMesh Rifle has no skeleton. This needs to fixed before an animation can be set
[2026.02.11-16.45.54:283][ 79]LogAnimation: Warning: SkeletalMesh Rifle has no skeleton. This needs to fixed before an animation can be set
[2026.02.11-16.45.54:300][ 80]LogAnimation: Warning: SkeletalMesh Rifle has no skeleton. This needs to fixed before an animation can be set
[2026.02.11-16.45.54:317][ 81]LogAnimation: Warning: SkeletalMesh Rifle has no skeleton. This needs to fixed before an animation can be set
[2026.02.11-16.45.54:333][ 82]LogAnimation: Warning: SkeletalMesh Rifle has no skeleton. This needs to fixed before an animation can be set
[2026.02.11-16.45.54:349][ 83]LogAnimation: Warning: SkeletalMesh Rifle has no skeleton. This needs to fixed before an animation can be set
[2026.02.11-16.45.54:366][ 84]LogAnimation: Warning: SkeletalMesh Rifle has no skeleton. This needs to fixed before an animation can be set
[2026.02.11-16.45.54:383][ 85]LogAnimation: Warning: SkeletalMesh Rifle has no skeleton. This needs to fixed before an animation can be set
[2026.02.11-16.45.54:400][ 86]LogAnimation: Warning: SkeletalMesh Rifle has no skeleton. This needs to fixed before an animation can be set
[2026.02.11-16.45.54:416][ 87]LogAnimation: Warning: SkeletalMesh Rifle has no skeleton. This needs to fixed before an animation can be set
[2026.02.11-16.45.54:433][ 88]LogAnimation: Warning: SkeletalMesh Rifle has no skeleton. This needs to fixed before an animation can be set
[2026.02.11-16.45.54:450][ 89]LogAnimation: Warning: SkeletalMesh Rifle has no skeleton. This needs to fixed before an animation can be set
[2026.02.11-16.45.54:467][ 90]LogAnimation: Warning: SkeletalMesh Rifle has no skeleton. This needs to fixed before an animation can be set
[2026.02.11-16.45.54:483][ 91]LogAnimation: Warning: SkeletalMesh Rifle has no skeleton. This needs to fixed before an animation can be set
[2026.02.11-16.45.54:499][ 92]LogAnimation: Warning: SkeletalMesh Rifle has no skeleton. This needs to fixed before an animation can be set
[2026.02.11-16.45.54:516][ 93]LogAnimation: Warning: SkeletalMesh Rifle has no skeleton. This needs to fixed before an animation can be set
[2026.02.11-16.45.54:534][ 94]LogAnimation: Warning: SkeletalMesh Rifle has no skeleton. This needs to fixed before an animation can be set
[2026.02.11-16.45.54:549][ 95]LogAnimation: Warning: SkeletalMesh Rifle has no skeleton. This needs to fixed before an animation can be set
[2026.02.11-16.45.54:566][ 96]LogAnimation: Warning: SkeletalMesh Rifle has no skeleton. This needs to fixed before an animation can be set
[2026.02.11-16.45.54:583][ 97]LogAnimation: Warning: SkeletalMesh Rifle has no skeleton. This needs to fixed before an animation can be set
[2026.02.11-16.45.54:599][ 98]LogAnimation: Warning: SkeletalMesh Rifle has no skeleton. This needs to fixed before an animation can be set
[2026.02.11-16.45.54:616][ 99]LogAnimation: Warning: SkeletalMesh Rifle has no skeleton. This needs to fixed before an animation can be set
[2026.02.11-16.45.54:633][100]LogAnimation: Warning: SkeletalMesh Rifle has no skeleton. This needs to fixed before an animation can be set
[2026.02.11-16.45.54:650][101]LogAnimation: Warning: SkeletalMesh Rifle has no skeleton. This needs to fixed before an animation can be set
[2026.02.11-16.45.54:666][102]LogAnimation: Warning: SkeletalMesh Rifle has no skeleton. This needs to fixed before an animation can be set
[2026.02.11-16.45.54:683][103]LogAnimation: Warning: SkeletalMesh Rifle has no skeleton. This needs to fixed before an animation can be set
[2026.02.11-16.45.54:700][104]LogAnimation: Warning: SkeletalMesh Rifle has no skeleton. This needs to fixed before an animation can be set
[2026.02.11-16.45.54:717][105]LogAnimation: Warning: SkeletalMesh Rifle has no skeleton. This needs to fixed before an animation can be set
[2026.02.11-16.45.54:733][106]LogAnimation: Warning: SkeletalMesh Rifle has no skeleton. This needs to fixed before an animation can be set
[2026.02.11-16.45.54:750][107]LogAnimation: Warning: SkeletalMesh Rifle has no skeleton. This needs to fixed before an animation can be set
[2026.02.11-16.45.54:766][108]LogAnimation: Warning: SkeletalMesh Rifle has no skeleton. This needs to fixed before an animation can be set
[2026.02.11-16.45.54:783][109]LogAnimation: Warning: SkeletalMesh Rifle has no skeleton. This needs to fixed before an animation can be set
[2026.02.11-16.45.54:799][110]LogAnimation: Warning: SkeletalMesh Rifle has no skeleton. This needs to fixed before an animation can be set
[2026.02.11-16.45.54:817][111]LogAnimation: Warning: SkeletalMesh Rifle has no skeleton. This needs to fixed before an animation can be set
[2026.02.11-16.45.54:833][112]LogAnimation: Warning: SkeletalMesh Rifle has no skeleton. This needs to fixed before an animation can be set
[2026.02.11-16.45.54:849][113]LogAnimation: Warning: SkeletalMesh Rifle has no skeleton. This needs to fixed before an animation can be set
[2026.02.11-16.45.54:867][114]LogAnimation: Warning: SkeletalMesh Rifle has no skeleton. This needs to fixed before an animation can be set
[2026.02.11-16.45.54:888][115]LogAnimation: Warning: SkeletalMesh Rifle has no skeleton. This needs to fixed before an animation can be set
[2026.02.11-16.45.54:899][116]LogAnimation: Warning: SkeletalMesh Rifle has no skeleton. This needs to fixed before an animation can be set
[2026.02.11-16.45.54:917][117]LogAnimation: Warning: SkeletalMesh Rifle has no skeleton. This needs to fixed before an animation can be set
[2026.02.11-16.45.54:933][118]LogAnimation: Warning: SkeletalMesh Rifle has no skeleton. This needs to fixed before an animation can be set
[2026.02.11-16.45.54:950][119]LogAnimation: Warning: SkeletalMesh Rifle has no skeleton. This needs to fixed before an animation can be set
[2026.02.11-16.45.54:967][120]LogAnimation: Warning: SkeletalMesh Rifle has no skeleton. This needs to fixed before an animation can be set
[2026.02.11-16.45.54:983][121]LogAnimation: Warning: SkeletalMesh Rifle has no skeleton. This needs to fixed before an animation can be set
[2026.02.11-16.45.55:001][122]LogAnimation: Warning: SkeletalMesh Rifle has no skeleton. This needs to fixed before an animation can be set
[2026.02.11-16.45.55:017][123]LogAnimation: Warning: SkeletalMesh Rifle has no skeleton. This needs to fixed before an animation can be set
[2026.02.11-16.45.55:033][124]LogAnimation: Warning: SkeletalMesh Rifle has no skeleton. This needs to fixed before an animation can be set
[2026.02.11-16.45.55:049][125]LogAnimation: Warning: SkeletalMesh Rifle has no skeleton. This needs to fixed before an animation can be set
[2026.02.11-16.45.55:066][126]LogAnimation: Warning: SkeletalMesh Rifle has no skeleton. This needs to fixed before an animation can be set
[2026.02.11-16.45.55:083][127]LogAnimation: Warning: SkeletalMesh Rifle has no skeleton. This needs to fixed before an animation can be set
[2026.02.11-16.45.55:100][128]LogAnimation: Warning: SkeletalMesh Rifle has no skeleton. This needs to fixed before an animation can be set
[2026.02.11-16.45.55:117][129]LogAnimation: Warning: SkeletalMesh Rifle has no skeleton. This needs to fixed before an animation can be set
[2026.02.11-16.45.55:133][130]LogAnimation: Warning: SkeletalMesh Rifle has no skeleton. This needs to fixed before an animation can be set
[2026.02.11-16.45.55:150][131]LogAnimation: Warning: SkeletalMesh Rifle has no skeleton. This needs to fixed before an animation can be set
[2026.02.11-16.45.55:167][132]LogAnimation: Warning: SkeletalMesh Rifle has no skeleton. This needs to fixed before an animation can be set
[2026.02.11-16.45.55:183][133]LogAnimation: Warning: SkeletalMesh Rifle has no skeleton. This needs to fixed before an animation can be set
[2026.02.11-16.45.55:200][134]LogAnimation: Warning: SkeletalMesh Rifle has no skeleton. This needs to fixed before an animation can be set
[2026.02.11-16.45.55:217][135]LogAnimation: Warning: SkeletalMesh Rifle has no skeleton. This needs to fixed before an animation can be set
[2026.02.11-16.45.55:233][136]LogAnimation: Warning: SkeletalMesh Rifle has no skeleton. This needs to fixed before an animation can be set
[2026.02.11-16.45.55:250][137]LogAnimation: Warning: SkeletalMesh Rifle has no skeleton. This needs to fixed before an animation can be set
[2026.02.11-16.45.55:266][138]LogAnimation: Warning: SkeletalMesh Rifle has no skeleton. This needs to fixed before an animation can be set
[2026.02.11-16.45.55:283][139]LogAnimation: Warning: SkeletalMesh Rifle has no skeleton. This needs to fixed before an animation can be set
[2026.02.11-16.45.55:299][140]LogAnimation: Warning: SkeletalMesh Rifle has no skeleton. This needs to fixed before an animation can be set
[2026.02.11-16.45.55:317][141]LogAnimation: Warning: SkeletalMesh Rifle has no skeleton. This needs to fixed before an animation can be set
[2026.02.11-16.45.55:333][142]LogAnimation: Warning: SkeletalMesh Rifle has no skeleton. This needs to fixed before an animation can be set
[2026.02.11-16.45.55:350][143]LogAnimation: Warning: SkeletalMesh Rifle has no skeleton. This needs to fixed before an animation can be set
[2026.02.11-16.45.55:368][144]LogAnimation: Warning: SkeletalMesh Rifle has no skeleton. This needs to fixed before an animation can be set
[2026.02.11-16.45.55:384][145]LogAnimation: Warning: SkeletalMesh Rifle has no skeleton. This needs to fixed before an animation can be set
[2026.02.11-16.45.55:404][146]LogAnimation: Warning: SkeletalMesh Rifle has no skeleton. This needs to fixed before an animation can be set
[2026.02.11-16.45.55:417][147]LogAnimation: Warning: SkeletalMesh Rifle has no skeleton. This needs to fixed before an animation can be set
[2026.02.11-16.45.55:435][148]LogAnimation: Warning: SkeletalMesh Rifle has no skeleton. This needs to fixed before an animation can be set
[2026.02.11-16.45.55:450][149]LogAnimation: Warning: SkeletalMesh Rifle has no skeleton. This needs to fixed before an animation can be set
[2026.02.11-16.45.55:468][150]LogAnimation: Warning: SkeletalMesh Rifle has no skeleton. This needs to fixed before an animation can be set
[2026.02.11-16.45.55:486][151]LogAnimation: Warning: SkeletalMesh Rifle has no skeleton. This needs to fixed before an animation can be set
[2026.02.11-16.45.55:501][152]LogAnimation: Warning: SkeletalMesh Rifle has no skeleton. This needs to fixed before an animation can be set
[2026.02.11-16.45.55:516][153]LogAnimation: Warning: SkeletalMesh Rifle has no skeleton. This needs to fixed before an animation can be set
[2026.02.11-16.45.55:533][154]LogAnimation: Warning: SkeletalMesh Rifle has no skeleton. This needs to fixed before an animation can be set
[2026.02.11-16.45.55:551][155]LogAnimation: Warning: SkeletalMesh Rifle has no skeleton. This needs to fixed before an animation can be set
[2026.02.11-16.45.55:567][156]LogAnimation: Warning: SkeletalMesh Rifle has no skeleton. This needs to fixed before an animation can be set
[2026.02.11-16.45.55:583][157]LogAnimation: Warning: SkeletalMesh Rifle has no skeleton. This needs to fixed before an animation can be set
[2026.02.11-16.45.55:600][158]LogAnimation: Warning: SkeletalMesh Rifle has no skeleton. This needs to fixed before an animation can be set
[2026.02.11-16.45.55:616][159]LogAnimation: Warning: SkeletalMesh Rifle has no skeleton. This needs to fixed before an animation can be set
[2026.02.11-16.45.55:633][160]LogAnimation: Warning: SkeletalMesh Rifle has no skeleton. This needs to fixed before an animation can be set
[2026.02.11-16.45.55:650][161]LogAnimation: Warning: SkeletalMesh Rifle has no skeleton. This needs to fixed before an animation can be set
[2026.02.11-16.45.55:666][162]LogAnimation: Warning: SkeletalMesh Rifle has no skeleton. This needs to fixed before an animation can be set
[2026.02.11-16.45.55:683][163]LogAnimation: Warning: SkeletalMesh Rifle has no skeleton. This needs to fixed before an animation can be set
[2026.02.11-16.45.55:700][164]LogAnimation: Warning: SkeletalMesh Rifle has no skeleton. This needs to fixed before an animation can be set
[2026.02.11-16.45.55:716][165]LogAnimation: Warning: SkeletalMesh Rifle has no skeleton. This needs to fixed before an animation can be set
[2026.02.11-16.45.55:733][166]LogAnimation: Warning: SkeletalMesh Rifle has no skeleton. This needs to fixed before an animation can be set
[2026.02.11-16.45.55:750][167]LogAnimation: Warning: SkeletalMesh Rifle has no skeleton. This needs to fixed before an animation can be set
[2026.02.11-16.45.55:767][168]LogAnimation: Warning: SkeletalMesh Rifle has no skeleton. This needs to fixed before an animation can be set
[2026.02.11-16.45.55:783][169]LogAnimation: Warning: SkeletalMesh Rifle has no skeleton. This needs to fixed before an animation can be set
[2026.02.11-16.45.55:800][170]LogAnimation: Warning: SkeletalMesh Rifle has no skeleton. This needs to fixed before an animation can be set
[2026.02.11-16.45.55:817][171]LogAnimation: Warning: SkeletalMesh Rifle has no skeleton. This needs to fixed before an animation can be set
[2026.02.11-16.45.55:833][172]LogAnimation: Warning: SkeletalMesh Rifle has no skeleton. This needs to fixed before an animation can be set
[2026.02.11-16.45.55:850][173]LogAnimation: Warning: SkeletalMesh Rifle has no skeleton. This needs to fixed before an animation can be set
[2026.02.11-16.45.55:866][174]LogAnimation: Warning: SkeletalMesh Rifle has no skeleton. This needs to fixed before an animation can be set
[2026.02.11-16.45.55:883][175]LogAnimation: Warning: SkeletalMesh Rifle has no skeleton. This needs to fixed before an animation can be set
[2026.02.11-16.45.55:900][176]LogAnimation: Warning: SkeletalMesh Rifle has no skeleton. This needs to fixed before an animation can be set
[2026.02.11-16.45.55:917][177]LogAnimation: Warning: SkeletalMesh Rifle has no skeleton. This needs to fixed before an animation can be set
[2026.02.11-16.45.55:933][178]LogAnimation: Warning: SkeletalMesh Rifle has no skeleton. This needs to fixed before an animation can be set
[2026.02.11-16.45.55:967][180]LogAnimation: Warning: SkeletalMesh Rifle has no skeleton. This needs to fixed before an animation can be set
[2026.02.11-16.45.55:984][181]LogAnimation: Warning: SkeletalMesh Rifle has no skeleton. This needs to fixed before an animation can be set
[2026.02.11-16.45.56:000][182]LogAnimation: Warning: SkeletalMesh Rifle has no skeleton. This needs to fixed before an animation can be set
[2026.02.11-16.45.56:017][183]LogAnimation: Warning: SkeletalMesh Rifle has no skeleton. This needs to fixed before an animation can be set
[2026.02.11-16.45.56:034][184]LogAnimation: Warning: SkeletalMesh Rifle has no skeleton. This needs to fixed before an animation can be set
[2026.02.11-16.45.56:053][185]LogAnimation: Warning: SkeletalMesh Rifle has no skeleton. This needs to fixed before an animation can be set
[2026.02.11-16.45.56:067][186]LogAnimation: Warning: SkeletalMesh Rifle has no skeleton. This needs to fixed before an animation can be set
[2026.02.11-16.45.56:083][187]LogAnimation: Warning: SkeletalMesh Rifle has no skeleton. This needs to fixed before an animation can be set
[2026.02.11-16.45.56:102][188]LogAnimation: Warning: SkeletalMesh Rifle has no skeleton. This needs to fixed before an animation can be set
[2026.02.11-16.45.56:116][189]LogAnimation: Warning: SkeletalMesh Rifle has no skeleton. This needs to fixed before an animation can be set
[2026.02.11-16.45.56:134][190]LogAnimation: Warning: SkeletalMesh Rifle has no skeleton. This needs to fixed before an animation can be set
[2026.02.11-16.45.56:150][191]LogAnimation: Warning: SkeletalMesh Rifle has no skeleton. This needs to fixed before an animation can be set
[2026.02.11-16.45.56:166][192]LogAnimation: Warning: SkeletalMesh Rifle has no skeleton. This needs to fixed before an animation can be set
[2026.02.11-16.45.56:184][193]LogAnimation: Warning: SkeletalMesh Rifle has no skeleton. This needs to fixed before an animation can be set
[2026.02.11-16.45.56:200][194]LogAnimation: Warning: SkeletalMesh Rifle has no skeleton. This needs to fixed before an animation can be set
[2026.02.11-16.45.56:218][195]LogAnimation: Warning: SkeletalMesh Rifle has no skeleton. This needs to fixed before an animation can be set
[2026.02.11-16.45.56:238][196]LogAnimation: Warning: SkeletalMesh Rifle has no skeleton. This needs to fixed before an animation can be set
[2026.02.11-16.45.56:252][197]LogAnimation: Warning: SkeletalMesh Rifle has no skeleton. This needs to fixed before an animation can be set
[2026.02.11-16.45.56:269][198]LogAnimation: Warning: SkeletalMesh Rifle has no skeleton. This needs to fixed before an animation can be set
[2026.02.11-16.45.56:286][199]LogAnimation: Warning: SkeletalMesh Rifle has no skeleton. This needs to fixed before an animation can be set
[2026.02.11-16.45.56:302][200]LogAnimation: Warning: SkeletalMesh Rifle has no skeleton. This needs to fixed before an animation can be set
[2026.02.11-16.45.56:319][201]LogAnimation: Warning: SkeletalMesh Rifle has no skeleton. This needs to fixed before an animation can be set
[2026.02.11-16.45.56:335][202]LogAnimation: Warning: SkeletalMesh Rifle has no skeleton. This needs to fixed before an animation can be set
[2026.02.11-16.45.56:352][203]LogAnimation: Warning: SkeletalMesh Rifle has no skeleton. This needs to fixed before an animation can be set
[2026.02.11-16.45.56:380][204]LogAnimation: Warning: SkeletalMesh Rifle has no skeleton. This needs to fixed before an animation can be set
[2026.02.11-16.45.56:394][205]LogAnimation: Warning: SkeletalMesh Rifle has no skeleton. This needs to fixed before an animation can be set
[2026.02.11-16.45.56:412][206]LogAnimation: Warning: SkeletalMesh Rifle has no skeleton. This needs to fixed before an animation can be set
[2026.02.11-16.45.56:427][207]LogAnimation: Warning: SkeletalMesh Rifle has no skeleton. This needs to fixed before an animation can be set
[2026.02.11-16.45.56:445][208]LogAnimation: Warning: SkeletalMesh Rifle has no skeleton. This needs to fixed before an animation can be set
[2026.02.11-16.45.56:462][209]LogAnimation: Warning: SkeletalMesh Rifle has no skeleton. This needs to fixed before an animation can be set
[2026.02.11-16.45.56:477][210]LogAnimation: Warning: SkeletalMesh Rifle has no skeleton. This needs to fixed before an animation can be set
[2026.02.11-16.45.56:494][211]LogAnimation: Warning: SkeletalMesh Rifle has no skeleton. This needs to fixed before an animation can be set
[2026.02.11-16.45.56:510][212]LogAnimation: Warning: SkeletalMesh Rifle has no skeleton. This needs to fixed before an animation can be set
[2026.02.11-16.45.56:527][213]LogAnimation: Warning: SkeletalMesh Rifle has no skeleton. This needs to fixed before an animation can be set
[2026.02.11-16.45.56:544][214]LogAnimation: Warning: SkeletalMesh Rifle has no skeleton. This needs to fixed before an animation can be set
[2026.02.11-16.45.56:561][215]LogAnimation: Warning: SkeletalMesh Rifle has no skeleton. This needs to fixed before an animation can be set
[2026.02.11-16.45.56:578][216]LogAnimation: Warning: SkeletalMesh Rifle has no skeleton. This needs to fixed before an animation can be set
[2026.02.11-16.45.56:594][217]LogAnimation: Warning: SkeletalMesh Rifle has no skeleton. This needs to fixed before an animation can be set
[2026.02.11-16.45.56:611][218]LogAnimation: Warning: SkeletalMesh Rifle has no skeleton. This needs to fixed before an animation can be set
[2026.02.11-16.45.56:628][219]LogAnimation: Warning: SkeletalMesh Rifle has no skeleton. This needs to fixed before an animation can be set
[2026.02.11-16.45.56:644][220]LogAnimation: Warning: SkeletalMesh Rifle has no skeleton. This needs to fixed before an animation can be set
[2026.02.11-16.45.56:661][221]LogAnimation: Warning: SkeletalMesh Rifle has no skeleton. This needs to fixed before an animation can be set
[2026.02.11-16.45.56:677][222]LogAnimation: Warning: SkeletalMesh Rifle has no skeleton. This needs to fixed before an animation can be set
[2026.02.11-16.45.56:694][223]LogAnimation: Warning: SkeletalMesh Rifle has no skeleton. This needs to fixed before an animation can be set
[2026.02.11-16.45.56:711][224]LogAnimation: Warning: SkeletalMesh Rifle has no skeleton. This needs to fixed before an animation can be set
[2026.02.11-16.45.56:727][225]LogAnimation: Warning: SkeletalMesh Rifle has no skeleton. This needs to fixed before an animation can be set
[2026.02.11-16.45.56:744][226]LogAnimation: Warning: SkeletalMesh Rifle has no skeleton. This needs to fixed before an animation can be set
[2026.02.11-16.45.56:761][227]LogAnimation: Warning: SkeletalMesh Rifle has no skeleton. This needs to fixed before an animation can be set
[2026.02.11-16.45.56:778][228]LogAnimation: Warning: SkeletalMesh Rifle has no skeleton. This needs to fixed before an animation can be set
[2026.02.11-16.45.56:794][229]LogAnimation: Warning: SkeletalMesh Rifle has no skeleton. This needs to fixed before an animation can be set
[2026.02.11-16.45.56:811][230]LogAnimation: Warning: SkeletalMesh Rifle has no skeleton. This needs to fixed before an animation can be set
[2026.02.11-16.45.56:828][231]LogAnimation: Warning: SkeletalMesh Rifle has no skeleton. This needs to fixed before an animation can be set
[2026.02.11-16.45.56:845][232]LogAnimation: Warning: SkeletalMesh Rifle has no skeleton. This needs to fixed before an animation can be set
[2026.02.11-16.45.56:861][233]LogAnimation: Warning: SkeletalMesh Rifle has no skeleton. This needs to fixed before an animation can be set
[2026.02.11-16.45.56:878][234]LogAnimation: Warning: SkeletalMesh Rifle has no skeleton. This needs to fixed before an animation can be set
[2026.02.11-16.45.56:893][235]LogAnimation: Warning: SkeletalMesh Rifle has no skeleton. This needs to fixed before an animation can be set
[2026.02.11-16.45.56:910][236]LogAnimation: Warning: SkeletalMesh Rifle has no skeleton. This needs to fixed before an animation can be set
[2026.02.11-16.45.56:928][237]LogAnimation: Warning: SkeletalMesh Rifle has no skeleton. This needs to fixed before an animation can be set
[2026.02.11-16.45.56:944][238]LogAnimation: Warning: SkeletalMesh Rifle has no skeleton. This needs to fixed before an animation can be set
[2026.02.11-16.45.56:961][239]LogAnimation: Warning: SkeletalMesh Rifle has no skeleton. This needs to fixed before an animation can be set
[2026.02.11-16.45.56:978][240]LogAnimation: Warning: SkeletalMesh Rifle has no skeleton. This needs to fixed before an animation can be set
[2026.02.11-16.46.00:043][422]LogLinker: Warning: [AssetLog] D:\Repozytoria\UE 4.27\KZ_TopDownShooter\TopDownAC\Content\Weapons\Weapons\Materials\MagGun_MatB_Inst3.uasset: Failed to load '/Game/Weapons/Materials/MagGun_MatB': Can't find file.
[2026.02.11-16.46.00:043][422]LogLinker: Warning: [AssetLog] D:\Repozytoria\UE 4.27\KZ_TopDownShooter\TopDownAC\Content\Weapons\Weapons\Materials\MagGun_MatB_Inst3.uasset: Failed to load '/Game/Weapons/Materials/MagGun_MatB': Can't find file.
[2026.02.11-16.46.00:043][422]LogLinker: Warning: [AssetLog] D:\Repozytoria\UE 4.27\KZ_TopDownShooter\TopDownAC\Content\Weapons\Weapons\Materials\MagGun_MatB_Inst3.uasset: Failed to load '/Game/Weapons/Materials/MagGun_MatB': Can't find file.
[2026.02.11-16.46.00:043][422]LogLinker: Warning: [AssetLog] D:\Repozytoria\UE 4.27\KZ_TopDownShooter\TopDownAC\Content\Weapons\Weapons\Materials\MagGun_MatB_Inst3.uasset: Failed to load '/Game/Weapons/Materials/MagGun_MatB': Can't find file.
[2026.02.11-16.46.00:043][422]LoadErrors: Failed to load /Game/Weapons/Materials/MagGun_MatB.MagGun_MatB Referenced by MagGun_MatB_Inst3
[2026.02.11-16.46.00:061][423]LogAnimation: Warning: SkeletalMesh Rifle has no skeleton. This needs to fixed before an animation can be set
[2026.02.11-16.46.00:077][424]LogAnimation: Warning: SkeletalMesh Rifle has no skeleton. This needs to fixed before an animation can be set
[2026.02.11-16.46.00:093][425]LogAnimation: Warning: SkeletalMesh Rifle has no skeleton. This needs to fixed before an animation can be set
[2026.02.11-16.46.00:110][426]LogAnimation: Warning: SkeletalMesh Rifle has no skeleton. This needs to fixed before an animation can be set
[2026.02.11-16.46.00:126][427]LogAnimation: Warning: SkeletalMesh Rifle has no skeleton. This needs to fixed before an animation can be set
[2026.02.11-16.46.00:143][428]LogAnimation: Warning: SkeletalMesh Rifle has no skeleton. This needs to fixed before an animation can be set
[2026.02.11-16.46.00:161][429]LogAnimation: Warning: SkeletalMesh Rifle has no skeleton. This needs to fixed before an animation can be set
[2026.02.11-16.46.00:177][430]LogAnimation: Warning: SkeletalMesh Rifle has no skeleton. This needs to fixed before an animation can be set
[2026.02.11-16.46.00:193][431]LogAnimation: Warning: SkeletalMesh Rifle has no skeleton. This needs to fixed before an animation can be set
[2026.02.11-16.46.00:210][432]LogAnimation: Warning: SkeletalMesh Rifle has no skeleton. This needs to fixed before an animation can be set
[2026.02.11-16.46.00:227][433]LogAnimation: Warning: SkeletalMesh Rifle has no skeleton. This needs to fixed before an animation can be set
[2026.02.11-16.46.00:243][434]LogAnimation: Warning: SkeletalMesh Rifle has no skeleton. This needs to fixed before an animation can be set
[2026.02.11-16.46.00:260][435]LogAnimation: Warning: SkeletalMesh Rifle has no skeleton. This needs to fixed before an animation can be set
[2026.02.11-16.46.00:277][436]LogAnimation: Warning: SkeletalMesh Rifle has no skeleton. This needs to fixed before an animation can be set
[2026.02.11-16.46.00:294][437]LogAnimation: Warning: SkeletalMesh Rifle has no skeleton. This needs to fixed before an animation can be set
[2026.02.11-16.46.00:310][438]LogAnimation: Warning: SkeletalMesh Rifle has no skeleton. This needs to fixed before an animation can be set
[2026.02.11-16.46.00:327][439]LogAnimation: Warning: SkeletalMesh Rifle has no skeleton. This needs to fixed before an animation can be set
[2026.02.11-16.46.00:343][440]LogAnimation: Warning: SkeletalMesh Rifle has no skeleton. This needs to fixed before an animation can be set
[2026.02.11-16.46.00:360][441]LogAnimation: Warning: SkeletalMesh Rifle has no skeleton. This needs to fixed before an animation can be set
[2026.02.11-16.46.00:377][442]LogAnimation: Warning: SkeletalMesh Rifle has no skeleton. This needs to fixed before an animation can be set
[2026.02.11-16.46.00:393][443]LogAnimation: Warning: SkeletalMesh Rifle has no skeleton. This needs to fixed before an animation can be set
[2026.02.11-16.46.00:410][444]LogAnimation: Warning: SkeletalMesh Rifle has no skeleton. This needs to fixed before an animation can be set
[2026.02.11-16.46.00:426][445]LogAnimation: Warning: SkeletalMesh Rifle has no skeleton. This needs to fixed before an animation can be set
[2026.02.11-16.46.00:444][446]LogAnimation: Warning: SkeletalMesh Rifle has no skeleton. This needs to fixed before an animation can be set
[2026.02.11-16.46.00:461][447]LogAnimation: Warning: SkeletalMesh Rifle has no skeleton. This needs to fixed before an animation can be set
[2026.02.11-16.46.00:477][448]LogAnimation: Warning: SkeletalMesh Rifle has no skeleton. This needs to fixed before an animation can be set
[2026.02.11-16.46.00:493][449]LogAnimation: Warning: SkeletalMesh Rifle has no skeleton. This needs to fixed before an animation can be set
[2026.02.11-16.46.00:510][450]LogAnimation: Warning: SkeletalMesh Rifle has no skeleton. This needs to fixed before an animation can be set
[2026.02.11-16.46.00:526][451]LogAnimation: Warning: SkeletalMesh Rifle has no skeleton. This needs to fixed before an animation can be set
[2026.02.11-16.46.00:544][452]LogAnimation: Warning: SkeletalMesh Rifle has no skeleton. This needs to fixed before an animation can be set
[2026.02.11-16.46.00:561][453]LogAnimation: Warning: SkeletalMesh Rifle has no skeleton. This needs to fixed before an animation can be set
[2026.02.11-16.46.00:577][454]LogAnimation: Warning: SkeletalMesh Rifle has no skeleton. This needs to fixed before an animation can be set
[2026.02.11-16.46.00:594][455]LogAnimation: Warning: SkeletalMesh Rifle has no skeleton. This needs to fixed before an animation can be set
[2026.02.11-16.46.00:610][456]LogAnimation: Warning: SkeletalMesh Rifle has no skeleton. This needs to fixed before an animation can be set
[2026.02.11-16.46.00:627][457]LogAnimation: Warning: SkeletalMesh Rifle has no skeleton. This needs to fixed before an animation can be set
[2026.02.11-16.46.00:643][458]LogAnimation: Warning: SkeletalMesh Rifle has no skeleton. This needs to fixed before an animation can be set
[2026.02.11-16.46.00:660][459]LogAnimation: Warning: SkeletalMesh Rifle has no skeleton. This needs to fixed before an animation can be set
[2026.02.11-16.46.00:677][460]LogAnimation: Warning: SkeletalMesh Rifle has no skeleton. This needs to fixed before an animation can be set
[2026.02.11-16.46.00:693][461]LogAnimation: Warning: SkeletalMesh Rifle has no skeleton. This needs to fixed before an animation can be set
[2026.02.11-16.46.00:711][462]LogAnimation: Warning: SkeletalMesh Rifle has no skeleton. This needs to fixed before an animation can be set
[2026.02.11-16.46.00:727][463]LogAnimation: Warning: SkeletalMesh Rifle has no skeleton. This needs to fixed before an animation can be set
[2026.02.11-16.46.00:743][464]LogAnimation: Warning: SkeletalMesh Rifle has no skeleton. This needs to fixed before an animation can be set
[2026.02.11-16.46.00:761][465]LogAnimation: Warning: SkeletalMesh Rifle has no skeleton. This needs to fixed before an animation can be set
[2026.02.11-16.46.00:777][466]LogAnimation: Warning: SkeletalMesh Rifle has no skeleton. This needs to fixed before an animation can be set
[2026.02.11-16.46.00:793][467]LogAnimation: Warning: SkeletalMesh Rifle has no skeleton. This needs to fixed before an animation can be set
[2026.02.11-16.46.00:810][468]LogAnimation: Warning: SkeletalMesh Rifle has no skeleton. This needs to fixed before an animation can be set
[2026.02.11-16.46.00:827][469]LogAnimation: Warning: SkeletalMesh Rifle has no skeleton. This needs to fixed before an animation can be set
[2026.02.11-16.46.00:844][470]LogAnimation: Warning: SkeletalMesh Rifle has no skeleton. This needs to fixed before an animation can be set
[2026.02.11-16.46.00:860][471]LogAnimation: Warning: SkeletalMesh Rifle has no skeleton. This needs to fixed before an animation can be set
[2026.02.11-16.46.00:877][472]LogAnimation: Warning: SkeletalMesh Rifle has no skeleton. This needs to fixed before an animation can be set
[2026.02.11-16.46.00:896][473]LogAnimation: Warning: SkeletalMesh Rifle has no skeleton. This needs to fixed before an animation can be set
[2026.02.11-16.46.00:915][474]LogAnimation: Warning: SkeletalMesh Rifle has no skeleton. This needs to fixed before an animation can be set
[2026.02.11-16.46.00:932][475]LogAnimation: Warning: SkeletalMesh Rifle has no skeleton. This needs to fixed before an animation can be set
[2026.02.11-16.46.00:948][476]LogAnimation: Warning: SkeletalMesh Rifle has no skeleton. This needs to fixed before an animation can be set
[2026.02.11-16.46.00:964][477]LogAnimation: Warning: SkeletalMesh Rifle has no skeleton. This needs to fixed before an animation can be set
[2026.02.11-16.46.00:981][478]LogAnimation: Warning: SkeletalMesh Rifle has no skeleton. This needs to fixed before an animation can be set
[2026.02.11-16.46.00:998][479]LogAnimation: Warning: SkeletalMesh Rifle has no skeleton. This needs to fixed before an animation can be set
[2026.02.11-16.46.01:014][480]LogAnimation: Warning: SkeletalMesh Rifle has no skeleton. This needs to fixed before an animation can be set
[2026.02.11-16.46.01:031][481]LogAnimation: Warning: SkeletalMesh Rifle has no skeleton. This needs to fixed before an animation can be set
[2026.02.11-16.46.01:047][482]LogAnimation: Warning: SkeletalMesh Rifle has no skeleton. This needs to fixed before an animation can be set
[2026.02.11-16.46.01:064][483]LogAnimation: Warning: SkeletalMesh Rifle has no skeleton. This needs to fixed before an animation can be set
[2026.02.11-16.46.01:084][484]LogAnimation: Warning: SkeletalMesh Rifle has no skeleton. This needs to fixed before an animation can be set
[2026.02.11-16.46.01:097][485]LogAnimation: Warning: SkeletalMesh Rifle has no skeleton. This needs to fixed before an animation can be set
[2026.02.11-16.46.01:114][486]LogAnimation: Warning: SkeletalMesh Rifle has no skeleton. This needs to fixed before an animation can be set
[2026.02.11-16.46.01:130][487]LogAnimation: Warning: SkeletalMesh Rifle has no skeleton. This needs to fixed before an animation can be set
[2026.02.11-16.46.01:147][488]LogAnimation: Warning: SkeletalMesh Rifle has no skeleton. This needs to fixed before an animation can be set
[2026.02.11-16.46.01:164][489]LogAnimation: Warning: SkeletalMesh Rifle has no skeleton. This needs to fixed before an animation can be set
[2026.02.11-16.46.01:181][490]LogAnimation: Warning: SkeletalMesh Rifle has no skeleton. This needs to fixed before an animation can be set
[2026.02.11-16.46.01:197][491]LogAnimation: Warning: SkeletalMesh Rifle has no skeleton. This needs to fixed before an animation can be set
[2026.02.11-16.46.01:213][492]LogAnimation: Warning: SkeletalMesh Rifle has no skeleton. This needs to fixed before an animation can be set
[2026.02.11-16.46.01:231][493]LogAnimation: Warning: SkeletalMesh Rifle has no skeleton. This needs to fixed before an animation can be set
[2026.02.11-16.46.01:247][494]LogAnimation: Warning: SkeletalMesh Rifle has no skeleton. This needs to fixed before an animation can be set
[2026.02.11-16.46.01:264][495]LogAnimation: Warning: SkeletalMesh Rifle has no skeleton. This needs to fixed before an animation can be set
[2026.02.11-16.46.01:282][496]LogAnimation: Warning: SkeletalMesh Rifle has no skeleton. This needs to fixed before an animation can be set
[2026.02.11-16.46.01:300][497]LogAnimation: Warning: SkeletalMesh Rifle has no skeleton. This needs to fixed before an animation can be set
[2026.02.11-16.46.01:315][498]LogAnimation: Warning: SkeletalMesh Rifle has no skeleton. This needs to fixed before an animation can be set
[2026.02.11-16.46.01:332][499]LogAnimation: Warning: SkeletalMesh Rifle has no skeleton. This needs to fixed before an animation can be set
[2026.02.11-16.46.01:347][500]LogAnimation: Warning: SkeletalMesh Rifle has no skeleton. This needs to fixed before an animation can be set
[2026.02.11-16.46.01:364][501]LogAnimation: Warning: SkeletalMesh Rifle has no skeleton. This needs to fixed before an animation can be set
[2026.02.11-16.46.01:380][502]LogAnimation: Warning: SkeletalMesh Rifle has no skeleton. This needs to fixed before an animation can be set
[2026.02.11-16.46.01:397][503]LogAnimation: Warning: SkeletalMesh Rifle has no skeleton. This needs to fixed before an animation can be set
[2026.02.11-16.46.01:414][504]LogAnimation: Warning: SkeletalMesh Rifle has no skeleton. This needs to fixed before an animation can be set
[2026.02.11-16.46.01:430][505]LogAnimation: Warning: SkeletalMesh Rifle has no skeleton. This needs to fixed before an animation can be set
[2026.02.11-16.46.01:447][506]LogAnimation: Warning: SkeletalMesh Rifle has no skeleton. This needs to fixed before an animation can be set
[2026.02.11-16.46.01:464][507]LogAnimation: Warning: SkeletalMesh Rifle has no skeleton. This needs to fixed before an animation can be set
[2026.02.11-16.46.01:480][508]LogAnimation: Warning: SkeletalMesh Rifle has no skeleton. This needs to fixed before an animation can be set
[2026.02.11-16.46.01:497][509]LogAnimation: Warning: SkeletalMesh Rifle has no skeleton. This needs to fixed before an animation can be set
[2026.02.11-16.46.01:514][510]LogAnimation: Warning: SkeletalMesh Rifle has no skeleton. This needs to fixed before an animation can be set
[2026.02.11-16.46.01:531][511]LogAnimation: Warning: SkeletalMesh Rifle has no skeleton. This needs to fixed before an animation can be set
[2026.02.11-16.46.01:553][512]LogAnimation: Warning: SkeletalMesh Rifle has no skeleton. This needs to fixed before an animation can be set
[2026.02.11-16.46.01:564][513]LogAnimation: Warning: SkeletalMesh Rifle has no skeleton. This needs to fixed before an animation can be set
[2026.02.11-16.46.01:581][514]LogAnimation: Warning: SkeletalMesh Rifle has no skeleton. This needs to fixed before an animation can be set
[2026.02.11-16.46.01:598][515]LogAnimation: Warning: SkeletalMesh Rifle has no skeleton. This needs to fixed before an animation can be set
[2026.02.11-16.46.01:615][516]LogAnimation: Warning: SkeletalMesh Rifle has no skeleton. This needs to fixed before an animation can be set
[2026.02.11-16.46.01:631][517]LogAnimation: Warning: SkeletalMesh Rifle has no skeleton. This needs to fixed before an animation can be set
[2026.02.11-16.46.01:648][518]LogAnimation: Warning: SkeletalMesh Rifle has no skeleton. This needs to fixed before an animation can be set
[2026.02.11-16.46.01:663][519]LogAnimation: Warning: SkeletalMesh Rifle has no skeleton. This needs to fixed before an animation can be set
[2026.02.11-16.46.01:689][520]LogAnimation: Warning: SkeletalMesh Rifle has no skeleton. This needs to fixed before an animation can be set
[2026.02.11-16.46.01:702][521]LogAnimation: Warning: SkeletalMesh Rifle has no skeleton. This needs to fixed before an animation can be set
[2026.02.11-16.46.01:719][522]LogAnimation: Warning: SkeletalMesh Rifle has no skeleton. This needs to fixed before an animation can be set
[2026.02.11-16.46.01:735][523]LogAnimation: Warning: SkeletalMesh Rifle has no skeleton. This needs to fixed before an animation can be set
[2026.02.11-16.46.01:752][524]LogAnimation: Warning: SkeletalMesh Rifle has no skeleton. This needs to fixed before an animation can be set
[2026.02.11-16.46.01:769][525]LogAnimation: Warning: SkeletalMesh Rifle has no skeleton. This needs to fixed before an animation can be set
[2026.02.11-16.46.01:785][526]LogAnimation: Warning: SkeletalMesh Rifle has no skeleton. This needs to fixed before an animation can be set
[2026.02.11-16.46.01:802][527]LogAnimation: Warning: SkeletalMesh Rifle has no skeleton. This needs to fixed before an animation can be set
[2026.02.11-16.46.01:819][528]LogAnimation: Warning: SkeletalMesh Rifle has no skeleton. This needs to fixed before an animation can be set
[2026.02.11-16.46.01:835][529]LogAnimation: Warning: SkeletalMesh Rifle has no skeleton. This needs to fixed before an animation can be set
[2026.02.11-16.46.01:851][530]LogAnimation: Warning: SkeletalMesh Rifle has no skeleton. This needs to fixed before an animation can be set
[2026.02.11-16.46.01:868][531]LogAnimation: Warning: SkeletalMesh Rifle has no skeleton. This needs to fixed before an animation can be set
[2026.02.11-16.46.01:885][532]LogAnimation: Warning: SkeletalMesh Rifle has no skeleton. This needs to fixed before an animation can be set
[2026.02.11-16.46.01:902][533]LogAnimation: Warning: SkeletalMesh Rifle has no skeleton. This needs to fixed before an animation can be set
[2026.02.11-16.46.01:918][534]LogAnimation: Warning: SkeletalMesh Rifle has no skeleton. This needs to fixed before an animation can be set
[2026.02.11-16.46.01:935][535]LogAnimation: Warning: SkeletalMesh Rifle has no skeleton. This needs to fixed before an animation can be set
[2026.02.11-16.46.01:969][537]LogAnimation: Warning: SkeletalMesh Rifle has no skeleton. This needs to fixed before an animation can be set
[2026.02.11-16.46.01:985][538]LogAnimation: Warning: SkeletalMesh Rifle has no skeleton. This needs to fixed before an animation can be set
[2026.02.11-16.46.02:002][539]LogAnimation: Warning: SkeletalMesh Rifle has no skeleton. This needs to fixed before an animation can be set
[2026.02.11-16.46.02:018][540]LogAnimation: Warning: SkeletalMesh Rifle has no skeleton. This needs to fixed before an animation can be set
[2026.02.11-16.46.02:035][541]LogAnimation: Warning: SkeletalMesh Rifle has no skeleton. This needs to fixed before an animation can be set
[2026.02.11-16.46.02:051][542]LogAnimation: Warning: SkeletalMesh Rifle has no skeleton. This needs to fixed before an animation can be set
[2026.02.11-16.46.02:068][543]LogAnimation: Warning: SkeletalMesh Rifle has no skeleton. This needs to fixed before an animation can be set
[2026.02.11-16.46.02:085][544]LogAnimation: Warning: SkeletalMesh Rifle has no skeleton. This needs to fixed before an animation can be set
[2026.02.11-16.46.02:102][545]LogAnimation: Warning: SkeletalMesh Rifle has no skeleton. This needs to fixed before an animation can be set
[2026.02.11-16.46.02:118][546]LogAnimation: Warning: SkeletalMesh Rifle has no skeleton. This needs to fixed before an animation can be set
[2026.02.11-16.46.02:135][547]LogAnimation: Warning: SkeletalMesh Rifle has no skeleton. This needs to fixed before an animation can be set
[2026.02.11-16.46.02:151][548]LogAnimation: Warning: SkeletalMesh Rifle has no skeleton. This needs to fixed before an animation can be set
[2026.02.11-16.46.02:168][549]LogAnimation: Warning: SkeletalMesh Rifle has no skeleton. This needs to fixed before an animation can be set
[2026.02.11-16.46.02:185][550]LogAnimation: Warning: SkeletalMesh Rifle has no skeleton. This needs to fixed before an animation can be set
[2026.02.11-16.46.02:202][551]LogAnimation: Warning: SkeletalMesh Rifle has no skeleton. This needs to fixed before an animation can be set
[2026.02.11-16.46.02:218][552]LogAnimation: Warning: SkeletalMesh Rifle has no skeleton. This needs to fixed before an animation can be set
[2026.02.11-16.46.02:235][553]LogAnimation: Warning: SkeletalMesh Rifle has no skeleton. This needs to fixed before an animation can be set
[2026.02.11-16.46.02:251][554]LogAnimation: Warning: SkeletalMesh Rifle has no skeleton. This needs to fixed before an animation can be set
[2026.02.11-16.46.02:268][555]LogAnimation: Warning: SkeletalMesh Rifle has no skeleton. This needs to fixed before an animation can be set
[2026.02.11-16.46.02:285][556]LogAnimation: Warning: SkeletalMesh Rifle has no skeleton. This needs to fixed before an animation can be set
[2026.02.11-16.46.02:302][557]LogAnimation: Warning: SkeletalMesh Rifle has no skeleton. This needs to fixed before an animation can be set
[2026.02.11-16.46.02:318][558]LogAnimation: Warning: SkeletalMesh Rifle has no skeleton. This needs to fixed before an animation can be set
[2026.02.11-16.46.02:335][559]LogAnimation: Warning: SkeletalMesh Rifle has no skeleton. This needs to fixed before an animation can be set
[2026.02.11-16.46.02:351][560]LogAnimation: Warning: SkeletalMesh Rifle has no skeleton. This needs to fixed before an animation can be set
[2026.02.11-16.46.02:368][561]LogAnimation: Warning: SkeletalMesh Rifle has no skeleton. This needs to fixed before an animation can be set
[2026.02.11-16.46.02:385][562]LogAnimation: Warning: SkeletalMesh Rifle has no skeleton. This needs to fixed before an animation can be set
[2026.02.11-16.46.02:401][563]LogAnimation: Warning: SkeletalMesh Rifle has no skeleton. This needs to fixed before an animation can be set
[2026.02.11-16.46.02:418][564]LogAnimation: Warning: SkeletalMesh Rifle has no skeleton. This needs to fixed before an animation can be set
[2026.02.11-16.46.02:435][565]LogAnimation: Warning: SkeletalMesh Rifle has no skeleton. This needs to fixed before an animation can be set
[2026.02.11-16.46.02:451][566]LogAnimation: Warning: SkeletalMesh Rifle has no skeleton. This needs to fixed before an animation can be set
[2026.02.11-16.46.02:468][567]LogAnimation: Warning: SkeletalMesh Rifle has no skeleton. This needs to fixed before an animation can be set
[2026.02.11-16.46.02:485][568]LogAnimation: Warning: SkeletalMesh Rifle has no skeleton. This needs to fixed before an animation can be set
[2026.02.11-16.46.02:502][569]LogAnimation: Warning: SkeletalMesh Rifle has no skeleton. This needs to fixed before an animation can be set
[2026.02.11-16.46.02:518][570]LogAnimation: Warning: SkeletalMesh Rifle has no skeleton. This needs to fixed before an animation can be set
[2026.02.11-16.46.02:535][571]LogAnimation: Warning: SkeletalMesh Rifle has no skeleton. This needs to fixed before an animation can be set
[2026.02.11-16.46.02:552][572]LogAnimation: Warning: SkeletalMesh Rifle has no skeleton. This needs to fixed before an animation can be set
[2026.02.11-16.46.02:568][573]LogAnimation: Warning: SkeletalMesh Rifle has no skeleton. This needs to fixed before an animation can be set
[2026.02.11-16.46.02:585][574]LogAnimation: Warning: SkeletalMesh Rifle has no skeleton. This needs to fixed before an animation can be set
[2026.02.11-16.46.02:601][575]LogAnimation: Warning: SkeletalMesh Rifle has no skeleton. This needs to fixed before an animation can be set
[2026.02.11-16.46.02:618][576]LogAnimation: Warning: SkeletalMesh Rifle has no skeleton. This needs to fixed before an animation can be set
[2026.02.11-16.46.02:635][577]LogAnimation: Warning: SkeletalMesh Rifle has no skeleton. This needs to fixed before an animation can be set
[2026.02.11-16.46.02:652][578]LogAnimation: Warning: SkeletalMesh Rifle has no skeleton. This needs to fixed before an animation can be set
[2026.02.11-16.46.02:668][579]LogAnimation: Warning: SkeletalMesh Rifle has no skeleton. This needs to fixed before an animation can be set
[2026.02.11-16.46.02:685][580]LogAnimation: Warning: SkeletalMesh Rifle has no skeleton. This needs to fixed before an animation can be set
[2026.02.11-16.46.02:701][581]LogAnimation: Warning: SkeletalMesh Rifle has no skeleton. This needs to fixed before an animation can be set
[2026.02.11-16.46.02:718][582]LogAnimation: Warning: SkeletalMesh Rifle has no skeleton. This needs to fixed before an animation can be set
[2026.02.11-16.46.02:735][583]LogAnimation: Warning: SkeletalMesh Rifle has no skeleton. This needs to fixed before an animation can be set
[2026.02.11-16.46.02:752][584]LogAnimation: Warning: SkeletalMesh Rifle has no skeleton. This needs to fixed before an animation can be set
[2026.02.11-16.46.02:769][585]LogAnimation: Warning: SkeletalMesh Rifle has no skeleton. This needs to fixed before an animation can be set
[2026.02.11-16.46.04:799][702]LogAnimation: Warning: SkeletalMesh Rifle has no skeleton. This needs to fixed before an animation can be set
[2026.02.11-16.46.04:815][703]LogAnimation: Warning: SkeletalMesh Rifle has no skeleton. This needs to fixed before an animation can be set
[2026.02.11-16.46.04:832][704]LogAnimation: Warning: SkeletalMesh Rifle has no skeleton. This needs to fixed before an animation can be set
[2026.02.11-16.46.04:848][705]LogAnimation: Warning: SkeletalMesh Rifle has no skeleton. This needs to fixed before an animation can be set
[2026.02.11-16.46.04:865][706]LogAnimation: Warning: SkeletalMesh Rifle has no skeleton. This needs to fixed before an animation can be set
[2026.02.11-16.46.04:882][707]LogAnimation: Warning: SkeletalMesh Rifle has no skeleton. This needs to fixed before an animation can be set
[2026.02.11-16.46.04:899][708]LogAnimation: Warning: SkeletalMesh Rifle has no skeleton. This needs to fixed before an animation can be set
[2026.02.11-16.46.04:915][709]LogAnimation: Warning: SkeletalMesh Rifle has no skeleton. This needs to fixed before an animation can be set
[2026.02.11-16.46.04:932][710]LogAnimation: Warning: SkeletalMesh Rifle has no skeleton. This needs to fixed before an animation can be set
[2026.02.11-16.46.04:949][711]LogAnimation: Warning: SkeletalMesh Rifle has no skeleton. This needs to fixed before an animation can be set
[2026.02.11-16.46.04:965][712]LogAnimation: Warning: SkeletalMesh Rifle has no skeleton. This needs to fixed before an animation can be set
[2026.02.11-16.46.04:982][713]LogAnimation: Warning: SkeletalMesh Rifle has no skeleton. This needs to fixed before an animation can be set
[2026.02.11-16.46.04:999][714]LogAnimation: Warning: SkeletalMesh Rifle has no skeleton. This needs to fixed before an animation can be set
[2026.02.11-16.46.05:015][715]LogAnimation: Warning: SkeletalMesh Rifle has no skeleton. This needs to fixed before an animation can be set
[2026.02.11-16.46.05:032][716]LogAnimation: Warning: SkeletalMesh Rifle has no skeleton. This needs to fixed before an animation can be set
[2026.02.11-16.46.05:048][717]LogAnimation: Warning: SkeletalMesh Rifle has no skeleton. This needs to fixed before an animation can be set
[2026.02.11-16.46.05:066][718]LogAnimation: Warning: SkeletalMesh Rifle has no skeleton. This needs to fixed before an animation can be set
[2026.02.11-16.46.05:082][719]LogAnimation: Warning: SkeletalMesh Rifle has no skeleton. This needs to fixed before an animation can be set
[2026.02.11-16.46.05:098][720]LogAnimation: Warning: SkeletalMesh Rifle has no skeleton. This needs to fixed before an animation can be set
[2026.02.11-16.46.05:115][721]LogAnimation: Warning: SkeletalMesh Rifle has no skeleton. This needs to fixed before an animation can be set
[2026.02.11-16.46.05:132][722]LogAnimation: Warning: SkeletalMesh Rifle has no skeleton. This needs to fixed before an animation can be set
[2026.02.11-16.46.05:149][723]LogAnimation: Warning: SkeletalMesh Rifle has no skeleton. This needs to fixed before an animation can be set
[2026.02.11-16.46.05:165][724]LogAnimation: Warning: SkeletalMesh Rifle has no skeleton. This needs to fixed before an animation can be set
[2026.02.11-16.46.05:182][725]LogAnimation: Warning: SkeletalMesh Rifle has no skeleton. This needs to fixed before an animation can be set
[2026.02.11-16.46.05:199][726]LogAnimation: Warning: SkeletalMesh Rifle has no skeleton. This needs to fixed before an animation can be set
[2026.02.11-16.46.05:215][727]LogAnimation: Warning: SkeletalMesh Rifle has no skeleton. This needs to fixed before an animation can be set
[2026.02.11-16.46.05:232][728]LogAnimation: Warning: SkeletalMesh Rifle has no skeleton. This needs to fixed before an animation can be set
[2026.02.11-16.46.05:249][729]LogAnimation: Warning: SkeletalMesh Rifle has no skeleton. This needs to fixed before an animation can be set
[2026.02.11-16.46.05:266][730]LogAnimation: Warning: SkeletalMesh Rifle has no skeleton. This needs to fixed before an animation can be set
[2026.02.11-16.46.05:282][731]LogAnimation: Warning: SkeletalMesh Rifle has no skeleton. This needs to fixed before an animation can be set
[2026.02.11-16.46.05:299][732]LogAnimation: Warning: SkeletalMesh Rifle has no skeleton. This needs to fixed before an animation can be set
[2026.02.11-16.46.05:315][733]LogAnimation: Warning: SkeletalMesh Rifle has no skeleton. This needs to fixed before an animation can be set
[2026.02.11-16.46.05:332][734]LogAnimation: Warning: SkeletalMesh Rifle has no skeleton. This needs to fixed before an animation can be set
[2026.02.11-16.46.05:349][735]LogAnimation: Warning: SkeletalMesh Rifle has no skeleton. This needs to fixed before an animation can be set
[2026.02.11-16.46.05:365][736]LogAnimation: Warning: SkeletalMesh Rifle has no skeleton. This needs to fixed before an animation can be set
[2026.02.11-16.46.05:382][737]LogAnimation: Warning: SkeletalMesh Rifle has no skeleton. This needs to fixed before an animation can be set
[2026.02.11-16.46.05:399][738]LogAnimation: Warning: SkeletalMesh Rifle has no skeleton. This needs to fixed before an animation can be set
[2026.02.11-16.46.05:415][739]LogAnimation: Warning: SkeletalMesh Rifle has no skeleton. This needs to fixed before an animation can be set
[2026.02.11-16.46.05:432][740]LogAnimation: Warning: SkeletalMesh Rifle has no skeleton. This needs to fixed before an animation can be set
[2026.02.11-16.46.05:448][741]LogAnimation: Warning: SkeletalMesh Rifle has no skeleton. This needs to fixed before an animation can be set
[2026.02.11-16.46.05:465][742]LogAnimation: Warning: SkeletalMesh Rifle has no skeleton. This needs to fixed before an animation can be set
[2026.02.11-16.46.05:482][743]LogAnimation: Warning: SkeletalMesh Rifle has no skeleton. This needs to fixed before an animation can be set
[2026.02.11-16.46.05:499][744]LogAnimation: Warning: SkeletalMesh Rifle has no skeleton. This needs to fixed before an animation can be set
[2026.02.11-16.46.05:515][745]LogAnimation: Warning: SkeletalMesh Rifle has no skeleton. This needs to fixed before an animation can be set
[2026.02.11-16.46.05:532][746]LogAnimation: Warning: SkeletalMesh Rifle has no skeleton. This needs to fixed before an animation can be set
[2026.02.11-16.46.05:561][747]LogAnimation: Warning: SkeletalMesh Rifle has no skeleton. This needs to fixed before an animation can be set
[2026.02.11-16.46.05:578][748]LogAnimation: Warning: SkeletalMesh Rifle has no skeleton. This needs to fixed before an animation can be set
[2026.02.11-16.46.05:595][749]LogAnimation: Warning: SkeletalMesh Rifle has no skeleton. This needs to fixed before an animation can be set
[2026.02.11-16.46.05:611][750]LogAnimation: Warning: SkeletalMesh Rifle has no skeleton. This needs to fixed before an animation can be set
[2026.02.11-16.46.05:627][751]LogAnimation: Warning: SkeletalMesh Rifle has no skeleton. This needs to fixed before an animation can be set
[2026.02.11-16.46.05:644][752]LogAnimation: Warning: SkeletalMesh Rifle has no skeleton. This needs to fixed before an animation can be set
[2026.02.11-16.46.05:661][753]LogAnimation: Warning: SkeletalMesh Rifle has no skeleton. This needs to fixed before an animation can be set
[2026.02.11-16.46.05:678][754]LogAnimation: Warning: SkeletalMesh Rifle has no skeleton. This needs to fixed before an animation can be set
[2026.02.11-16.46.05:694][755]LogAnimation: Warning: SkeletalMesh Rifle has no skeleton. This needs to fixed before an animation can be set
[2026.02.11-16.46.05:712][756]LogAnimation: Warning: SkeletalMesh Rifle has no skeleton. This needs to fixed before an animation can be set
[2026.02.11-16.46.05:728][757]LogAnimation: Warning: SkeletalMesh Rifle has no skeleton. This needs to fixed before an animation can be set
[2026.02.11-16.46.05:746][758]LogAnimation: Warning: SkeletalMesh Rifle has no skeleton. This needs to fixed before an animation can be set
[2026.02.11-16.46.05:762][759]LogAnimation: Warning: SkeletalMesh Rifle has no skeleton. This needs to fixed before an animation can be set
[2026.02.11-16.46.05:778][760]LogAnimation: Warning: SkeletalMesh Rifle has no skeleton. This needs to fixed before an animation can be set
[2026.02.11-16.46.05:794][761]LogAnimation: Warning: SkeletalMesh Rifle has no skeleton. This needs to fixed before an animation can be set
[2026.02.11-16.46.05:811][762]LogAnimation: Warning: SkeletalMesh Rifle has no skeleton. This needs to fixed before an animation can be set
[2026.02.11-16.46.05:827][763]LogAnimation: Warning: SkeletalMesh Rifle has no skeleton. This needs to fixed before an animation can be set
[2026.02.11-16.46.05:845][764]LogAnimation: Warning: SkeletalMesh Rifle has no skeleton. This needs to fixed before an animation can be set
[2026.02.11-16.46.05:861][765]LogAnimation: Warning: SkeletalMesh Rifle has no skeleton. This needs to fixed before an animation can be set
[2026.02.11-16.46.05:878][766]LogAnimation: Warning: SkeletalMesh Rifle has no skeleton. This needs to fixed before an animation can be set
[2026.02.11-16.46.05:894][767]LogAnimation: Warning: SkeletalMesh Rifle has no skeleton. This needs to fixed before an animation can be set
[2026.02.11-16.46.05:911][768]LogAnimation: Warning: SkeletalMesh Rifle has no skeleton. This needs to fixed before an animation can be set
[2026.02.11-16.46.05:931][769]LogAnimation: Warning: SkeletalMesh Rifle has no skeleton. This needs to fixed before an animation can be set
[2026.02.11-16.46.05:944][770]LogAnimation: Warning: SkeletalMesh Rifle has no skeleton. This needs to fixed before an animation can be set
[2026.02.11-16.46.05:961][771]LogAnimation: Warning: SkeletalMesh Rifle has no skeleton. This needs to fixed before an animation can be set
[2026.02.11-16.46.05:977][772]LogAnimation: Warning: SkeletalMesh Rifle has no skeleton. This needs to fixed before an animation can be set
[2026.02.11-16.46.05:994][773]LogAnimation: Warning: SkeletalMesh Rifle has no skeleton. This needs to fixed before an animation can be set
[2026.02.11-16.46.06:020][774]LogAnimation: Warning: SkeletalMesh Rifle has no skeleton. This needs to fixed before an animation can be set
[2026.02.11-16.46.06:037][775]LogAnimation: Warning: SkeletalMesh Rifle has no skeleton. This needs to fixed before an animation can be set
[2026.02.11-16.46.06:055][776]LogAnimation: Warning: SkeletalMesh Rifle has no skeleton. This needs to fixed before an animation can be set
[2026.02.11-16.46.06:071][777]LogAnimation: Warning: SkeletalMesh Rifle has no skeleton. This needs to fixed before an animation can be set
[2026.02.11-16.46.06:088][778]LogAnimation: Warning: SkeletalMesh Rifle has no skeleton. This needs to fixed before an animation can be set
[2026.02.11-16.46.06:104][779]LogAnimation: Warning: SkeletalMesh Rifle has no skeleton. This needs to fixed before an animation can be set
[2026.02.11-16.46.06:123][780]LogAnimation: Warning: SkeletalMesh Rifle has no skeleton. This needs to fixed before an animation can be set
[2026.02.11-16.46.06:138][781]LogAnimation: Warning: SkeletalMesh Rifle has no skeleton. This needs to fixed before an animation can be set
[2026.02.11-16.46.06:154][782]LogAnimation: Warning: SkeletalMesh Rifle has no skeleton. This needs to fixed before an animation can be set
[2026.02.11-16.46.06:171][783]LogAnimation: Warning: SkeletalMesh Rifle has no skeleton. This needs to fixed before an animation can be set
[2026.02.11-16.46.06:187][784]LogAnimation: Warning: SkeletalMesh Rifle has no skeleton. This needs to fixed before an animation can be set
[2026.02.11-16.46.06:205][785]LogAnimation: Warning: SkeletalMesh Rifle has no skeleton. This needs to fixed before an animation can be set
[2026.02.11-16.46.06:222][786]LogAnimation: Warning: SkeletalMesh Rifle has no skeleton. This needs to fixed before an animation can be set
[2026.02.11-16.46.06:238][787]LogAnimation: Warning: SkeletalMesh Rifle has no skeleton. This needs to fixed before an animation can be set
[2026.02.11-16.46.06:255][788]LogAnimation: Warning: SkeletalMesh Rifle has no skeleton. This needs to fixed before an animation can be set
[2026.02.11-16.46.06:271][789]LogAnimation: Warning: SkeletalMesh Rifle has no skeleton. This needs to fixed before an animation can be set
[2026.02.11-16.46.06:288][790]LogAnimation: Warning: SkeletalMesh Rifle has no skeleton. This needs to fixed before an animation can be set
[2026.02.11-16.46.06:304][791]LogAnimation: Warning: SkeletalMesh Rifle has no skeleton. This needs to fixed before an animation can be set
[2026.02.11-16.46.06:321][792]LogAnimation: Warning: SkeletalMesh Rifle has no skeleton. This needs to fixed before an animation can be set
[2026.02.11-16.46.06:338][793]LogAnimation: Warning: SkeletalMesh Rifle has no skeleton. This needs to fixed before an animation can be set
[2026.02.11-16.46.06:354][794]LogAnimation: Warning: SkeletalMesh Rifle has no skeleton. This needs to fixed before an animation can be set
[2026.02.11-16.46.06:373][795]LogAnimation: Warning: SkeletalMesh Rifle has no skeleton. This needs to fixed before an animation can be set
[2026.02.11-16.46.06:388][796]LogAnimation: Warning: SkeletalMesh Rifle has no skeleton. This needs to fixed before an animation can be set
[2026.02.11-16.46.07:542][863]LogAnimation: Warning: SkeletalMesh Rifle has no skeleton. This needs to fixed before an animation can be set
[2026.02.11-16.46.07:559][864]LogAnimation: Warning: SkeletalMesh Rifle has no skeleton. This needs to fixed before an animation can be set
[2026.02.11-16.46.07:576][865]LogAnimation: Warning: SkeletalMesh Rifle has no skeleton. This needs to fixed before an animation can be set
[2026.02.11-16.46.07:593][866]LogAnimation: Warning: SkeletalMesh Rifle has no skeleton. This needs to fixed before an animation can be set
[2026.02.11-16.46.07:609][867]LogAnimation: Warning: SkeletalMesh Rifle has no skeleton. This needs to fixed before an animation can be set
[2026.02.11-16.46.07:626][868]LogAnimation: Warning: SkeletalMesh Rifle has no skeleton. This needs to fixed before an animation can be set
[2026.02.11-16.46.07:643][869]LogAnimation: Warning: SkeletalMesh Rifle has no skeleton. This needs to fixed before an animation can be set
[2026.02.11-16.46.07:659][870]LogAnimation: Warning: SkeletalMesh Rifle has no skeleton. This needs to fixed before an animation can be set
[2026.02.11-16.46.07:676][871]LogAnimation: Warning: SkeletalMesh Rifle has no skeleton. This needs to fixed before an animation can be set
[2026.02.11-16.46.07:693][872]LogAnimation: Warning: SkeletalMesh Rifle has no skeleton. This needs to fixed before an animation can be set
[2026.02.11-16.46.07:709][873]LogAnimation: Warning: SkeletalMesh Rifle has no skeleton. This needs to fixed before an animation can be set
[2026.02.11-16.46.07:726][874]LogAnimation: Warning: SkeletalMesh Rifle has no skeleton. This needs to fixed before an animation can be set
[2026.02.11-16.46.07:743][875]LogAnimation: Warning: SkeletalMesh Rifle has no skeleton. This needs to fixed before an animation can be set
[2026.02.11-16.46.07:760][876]LogAnimation: Warning: SkeletalMesh Rifle has no skeleton. This needs to fixed before an animation can be set
[2026.02.11-16.46.07:789][877]LogAnimation: Warning: SkeletalMesh Rifle has no skeleton. This needs to fixed before an animation can be set
[2026.02.11-16.46.07:808][878]LogAnimation: Warning: SkeletalMesh Rifle has no skeleton. This needs to fixed before an animation can be set
[2026.02.11-16.46.07:823][879]LogAnimation: Warning: SkeletalMesh Rifle has no skeleton. This needs to fixed before an animation can be set
[2026.02.11-16.46.07:841][880]LogAnimation: Warning: SkeletalMesh Rifle has no skeleton. This needs to fixed before an animation can be set
[2026.02.11-16.46.07:858][881]LogAnimation: Warning: SkeletalMesh Rifle has no skeleton. This needs to fixed before an animation can be set
[2026.02.11-16.46.07:878][882]LogAnimation: Warning: SkeletalMesh Rifle has no skeleton. This needs to fixed before an animation can be set
[2026.02.11-16.46.07:895][883]LogAnimation: Warning: SkeletalMesh Rifle has no skeleton. This needs to fixed before an animation can be set
[2026.02.11-16.46.07:911][884]LogAnimation: Warning: SkeletalMesh Rifle has no skeleton. This needs to fixed before an animation can be set
[2026.02.11-16.46.07:930][885]LogAnimation: Warning: SkeletalMesh Rifle has no skeleton. This needs to fixed before an animation can be set
[2026.02.11-16.46.07:963][887]LogAnimation: Warning: SkeletalMesh Rifle has no skeleton. This needs to fixed before an animation can be set
[2026.02.11-16.46.07:979][888]LogAnimation: Warning: SkeletalMesh Rifle has no skeleton. This needs to fixed before an animation can be set
[2026.02.11-16.46.07:996][889]LogAnimation: Warning: SkeletalMesh Rifle has no skeleton. This needs to fixed before an animation can be set
[2026.02.11-16.46.08:012][890]LogAnimation: Warning: SkeletalMesh Rifle has no skeleton. This needs to fixed before an animation can be set
[2026.02.11-16.46.08:028][891]LogAnimation: Warning: SkeletalMesh Rifle has no skeleton. This needs to fixed before an animation can be set
[2026.02.11-16.46.08:044][892]LogAnimation: Warning: SkeletalMesh Rifle has no skeleton. This needs to fixed before an animation can be set
[2026.02.11-16.46.08:061][893]LogAnimation: Warning: SkeletalMesh Rifle has no skeleton. This needs to fixed before an animation can be set
[2026.02.11-16.46.08:079][894]LogAnimation: Warning: SkeletalMesh Rifle has no skeleton. This needs to fixed before an animation can be set
[2026.02.11-16.46.08:094][895]LogAnimation: Warning: SkeletalMesh Rifle has no skeleton. This needs to fixed before an animation can be set
[2026.02.11-16.46.08:111][896]LogAnimation: Warning: SkeletalMesh Rifle has no skeleton. This needs to fixed before an animation can be set
[2026.02.11-16.46.08:127][897]LogAnimation: Warning: SkeletalMesh Rifle has no skeleton. This needs to fixed before an animation can be set
[2026.02.11-16.46.08:144][898]LogAnimation: Warning: SkeletalMesh Rifle has no skeleton. This needs to fixed before an animation can be set
[2026.02.11-16.46.08:162][899]LogAnimation: Warning: SkeletalMesh Rifle has no skeleton. This needs to fixed before an animation can be set
[2026.02.11-16.46.08:178][900]LogAnimation: Warning: SkeletalMesh Rifle has no skeleton. This needs to fixed before an animation can be set
[2026.02.11-16.46.08:195][901]LogAnimation: Warning: SkeletalMesh Rifle has no skeleton. This needs to fixed before an animation can be set
[2026.02.11-16.46.08:212][902]LogAnimation: Warning: SkeletalMesh Rifle has no skeleton. This needs to fixed before an animation can be set
[2026.02.11-16.46.08:228][903]LogAnimation: Warning: SkeletalMesh Rifle has no skeleton. This needs to fixed before an animation can be set
[2026.02.11-16.46.08:244][904]LogAnimation: Warning: SkeletalMesh Rifle has no skeleton. This needs to fixed before an animation can be set
[2026.02.11-16.46.08:261][905]LogAnimation: Warning: SkeletalMesh Rifle has no skeleton. This needs to fixed before an animation can be set
[2026.02.11-16.46.08:277][906]LogAnimation: Warning: SkeletalMesh Rifle has no skeleton. This needs to fixed before an animation can be set
[2026.02.11-16.46.08:294][907]LogAnimation: Warning: SkeletalMesh Rifle has no skeleton. This needs to fixed before an animation can be set
[2026.02.11-16.46.08:314][908]LogAnimation: Warning: SkeletalMesh Rifle has no skeleton. This needs to fixed before an animation can be set
[2026.02.11-16.46.08:334][909]LogAnimation: Warning: SkeletalMesh Rifle has no skeleton. This needs to fixed before an animation can be set
[2026.02.11-16.46.08:350][910]LogAnimation: Warning: SkeletalMesh Rifle has no skeleton. This needs to fixed before an animation can be set
[2026.02.11-16.46.08:366][911]LogAnimation: Warning: SkeletalMesh Rifle has no skeleton. This needs to fixed before an animation can be set
[2026.02.11-16.46.08:384][912]LogAnimation: Warning: SkeletalMesh Rifle has no skeleton. This needs to fixed before an animation can be set
[2026.02.11-16.46.08:407][913]LogAnimation: Warning: SkeletalMesh Rifle has no skeleton. This needs to fixed before an animation can be set
[2026.02.11-16.46.08:424][914]LogAnimation: Warning: SkeletalMesh Rifle has no skeleton. This needs to fixed before an animation can be set
[2026.02.11-16.46.08:440][915]LogAnimation: Warning: SkeletalMesh Rifle has no skeleton. This needs to fixed before an animation can be set
[2026.02.11-16.46.08:457][916]LogAnimation: Warning: SkeletalMesh Rifle has no skeleton. This needs to fixed before an animation can be set
[2026.02.11-16.46.08:473][917]LogAnimation: Warning: SkeletalMesh Rifle has no skeleton. This needs to fixed before an animation can be set
[2026.02.11-16.46.08:490][918]LogAnimation: Warning: SkeletalMesh Rifle has no skeleton. This needs to fixed before an animation can be set
[2026.02.11-16.46.08:508][919]LogAnimation: Warning: SkeletalMesh Rifle has no skeleton. This needs to fixed before an animation can be set
[2026.02.11-16.46.08:524][920]LogAnimation: Warning: SkeletalMesh Rifle has no skeleton. This needs to fixed before an animation can be set
[2026.02.11-16.46.08:540][921]LogAnimation: Warning: SkeletalMesh Rifle has no skeleton. This needs to fixed before an animation can be set
[2026.02.11-16.46.08:556][922]LogAnimation: Warning: SkeletalMesh Rifle has no skeleton. This needs to fixed before an animation can be set
[2026.02.11-16.46.08:574][923]LogAnimation: Warning: SkeletalMesh Rifle has no skeleton. This needs to fixed before an animation can be set
[2026.02.11-16.46.09:155][956]LogAnimation: Warning: SkeletalMesh Rifle has no skeleton. This needs to fixed before an animation can be set
[2026.02.11-16.46.09:172][957]LogAnimation: Warning: SkeletalMesh Rifle has no skeleton. This needs to fixed before an animation can be set
[2026.02.11-16.46.09:190][958]LogAnimation: Warning: SkeletalMesh Rifle has no skeleton. This needs to fixed before an animation can be set
[2026.02.11-16.46.09:205][959]LogAnimation: Warning: SkeletalMesh Rifle has no skeleton. This needs to fixed before an animation can be set
[2026.02.11-16.46.09:225][960]LogAnimation: Warning: SkeletalMesh Rifle has no skeleton. This needs to fixed before an animation can be set
[2026.02.11-16.46.09:244][961]LogAnimation: Warning: SkeletalMesh Rifle has no skeleton. This needs to fixed before an animation can be set
[2026.02.11-16.46.09:259][962]LogAnimation: Warning: SkeletalMesh Rifle has no skeleton. This needs to fixed before an animation can be set
[2026.02.11-16.46.09:276][963]LogAnimation: Warning: SkeletalMesh Rifle has no skeleton. This needs to fixed before an animation can be set
[2026.02.11-16.46.09:295][964]LogAnimation: Warning: SkeletalMesh Rifle has no skeleton. This needs to fixed before an animation can be set
[2026.02.11-16.46.09:308][965]LogAnimation: Warning: SkeletalMesh Rifle has no skeleton. This needs to fixed before an animation can be set
[2026.02.11-16.46.09:327][966]LogAnimation: Warning: SkeletalMesh Rifle has no skeleton. This needs to fixed before an animation can be set
[2026.02.11-16.46.09:342][967]LogAnimation: Warning: SkeletalMesh Rifle has no skeleton. This needs to fixed before an animation can be set
[2026.02.11-16.46.09:359][968]LogAnimation: Warning: SkeletalMesh Rifle has no skeleton. This needs to fixed before an animation can be set
[2026.02.11-16.46.09:380][969]LogAnimation: Warning: SkeletalMesh Rifle has no skeleton. This needs to fixed before an animation can be set
[2026.02.11-16.46.09:391][970]LogAnimation: Warning: SkeletalMesh Rifle has no skeleton. This needs to fixed before an animation can be set
[2026.02.11-16.46.09:408][971]LogAnimation: Warning: SkeletalMesh Rifle has no skeleton. This needs to fixed before an animation can be set
[2026.02.11-16.46.09:424][972]LogAnimation: Warning: SkeletalMesh Rifle has no skeleton. This needs to fixed before an animation can be set
[2026.02.11-16.46.09:441][973]LogAnimation: Warning: SkeletalMesh Rifle has no skeleton. This needs to fixed before an animation can be set
[2026.02.11-16.46.09:458][974]LogAnimation: Warning: SkeletalMesh Rifle has no skeleton. This needs to fixed before an animation can be set
[2026.02.11-16.46.09:474][975]LogAnimation: Warning: SkeletalMesh Rifle has no skeleton. This needs to fixed before an animation can be set
[2026.02.11-16.46.09:491][976]LogAnimation: Warning: SkeletalMesh Rifle has no skeleton. This needs to fixed before an animation can be set
[2026.02.11-16.46.09:510][977]LogAnimation: Warning: SkeletalMesh Rifle has no skeleton. This needs to fixed before an animation can be set
[2026.02.11-16.46.09:526][978]LogAnimation: Warning: SkeletalMesh Rifle has no skeleton. This needs to fixed before an animation can be set
[2026.02.11-16.46.09:541][979]LogAnimation: Warning: SkeletalMesh Rifle has no skeleton. This needs to fixed before an animation can be set
[2026.02.11-16.46.09:559][980]LogAnimation: Warning: SkeletalMesh Rifle has no skeleton. This needs to fixed before an animation can be set
[2026.02.11-16.46.09:575][981]LogAnimation: Warning: SkeletalMesh Rifle has no skeleton. This needs to fixed before an animation can be set
[2026.02.11-16.46.09:592][982]LogAnimation: Warning: SkeletalMesh Rifle has no skeleton. This needs to fixed before an animation can be set
[2026.02.11-16.46.09:608][983]LogAnimation: Warning: SkeletalMesh Rifle has no skeleton. This needs to fixed before an animation can be set
[2026.02.11-16.46.09:625][984]LogAnimation: Warning: SkeletalMesh Rifle has no skeleton. This needs to fixed before an animation can be set
[2026.02.11-16.46.09:641][985]LogAnimation: Warning: SkeletalMesh Rifle has no skeleton. This needs to fixed before an animation can be set
[2026.02.11-16.46.09:658][986]LogAnimation: Warning: SkeletalMesh Rifle has no skeleton. This needs to fixed before an animation can be set
[2026.02.11-16.46.09:686][987]LogAnimation: Warning: SkeletalMesh Rifle has no skeleton. This needs to fixed before an animation can be set
[2026.02.11-16.46.09:703][988]LogAnimation: Warning: SkeletalMesh Rifle has no skeleton. This needs to fixed before an animation can be set
[2026.02.11-16.46.09:720][989]LogAnimation: Warning: SkeletalMesh Rifle has no skeleton. This needs to fixed before an animation can be set
[2026.02.11-16.46.09:737][990]LogAnimation: Warning: SkeletalMesh Rifle has no skeleton. This needs to fixed before an animation can be set
[2026.02.11-16.46.09:753][991]LogAnimation: Warning: SkeletalMesh Rifle has no skeleton. This needs to fixed before an animation can be set
[2026.02.11-16.46.09:771][992]LogAnimation: Warning: SkeletalMesh Rifle has no skeleton. This needs to fixed before an animation can be set
[2026.02.11-16.46.09:787][993]LogAnimation: Warning: SkeletalMesh Rifle has no skeleton. This needs to fixed before an animation can be set
[2026.02.11-16.46.09:803][994]LogAnimation: Warning: SkeletalMesh Rifle has no skeleton. This needs to fixed before an animation can be set
[2026.02.11-16.46.09:820][995]LogAnimation: Warning: SkeletalMesh Rifle has no skeleton. This needs to fixed before an animation can be set
[2026.02.11-16.46.09:837][996]LogAnimation: Warning: SkeletalMesh Rifle has no skeleton. This needs to fixed before an animation can be set
[2026.02.11-16.46.09:853][997]LogAnimation: Warning: SkeletalMesh Rifle has no skeleton. This needs to fixed before an animation can be set
[2026.02.11-16.46.09:870][998]LogAnimation: Warning: SkeletalMesh Rifle has no skeleton. This needs to fixed before an animation can be set
[2026.02.11-16.46.09:887][999]LogAnimation: Warning: SkeletalMesh Rifle has no skeleton. This needs to fixed before an animation can be set
[2026.02.11-16.46.09:903][  0]LogAnimation: Warning: SkeletalMesh Rifle has no skeleton. This needs to fixed before an animation can be set
[2026.02.11-16.46.09:920][  1]LogAnimation: Warning: SkeletalMesh Rifle has no skeleton. This needs to fixed before an animation can be set
[2026.02.11-16.46.09:936][  2]LogAnimation: Warning: SkeletalMesh Rifle has no skeleton. This needs to fixed before an animation can be set
[2026.02.11-16.46.09:970][  4]LogAnimation: Warning: SkeletalMesh Rifle has no skeleton. This needs to fixed before an animation can be set
[2026.02.11-16.46.09:986][  5]LogAnimation: Warning: SkeletalMesh Rifle has no skeleton. This needs to fixed before an animation can be set
[2026.02.11-16.46.10:003][  6]LogAnimation: Warning: SkeletalMesh Rifle has no skeleton. This needs to fixed before an animation can be set
[2026.02.11-16.46.10:023][  7]LogAnimation: Warning: SkeletalMesh Rifle has no skeleton. This needs to fixed before an animation can be set
[2026.02.11-16.46.10:807][ 52]LogAnimation: Warning: SkeletalMesh Rifle has no skeleton. This needs to fixed before an animation can be set
[2026.02.11-16.46.10:825][ 53]LogAnimation: Warning: SkeletalMesh Rifle has no skeleton. This needs to fixed before an animation can be set
[2026.02.11-16.46.10:843][ 54]LogAnimation: Warning: SkeletalMesh Rifle has no skeleton. This needs to fixed before an animation can be set
[2026.02.11-16.46.10:860][ 55]LogAnimation: Warning: SkeletalMesh Rifle has no skeleton. This needs to fixed before an animation can be set
[2026.02.11-16.46.10:874][ 56]LogAnimation: Warning: SkeletalMesh Rifle has no skeleton. This needs to fixed before an animation can be set
[2026.02.11-16.46.10:891][ 57]LogAnimation: Warning: SkeletalMesh Rifle has no skeleton. This needs to fixed before an animation can be set
[2026.02.11-16.46.10:908][ 58]LogAnimation: Warning: SkeletalMesh Rifle has no skeleton. This needs to fixed before an animation can be set
[2026.02.11-16.46.10:925][ 59]LogAnimation: Warning: SkeletalMesh Rifle has no skeleton. This needs to fixed before an animation can be set
[2026.02.11-16.46.10:942][ 60]LogAnimation: Warning: SkeletalMesh Rifle has no skeleton. This needs to fixed before an animation can be set
[2026.02.11-16.46.10:958][ 61]LogAnimation: Warning: SkeletalMesh Rifle has no skeleton. This needs to fixed before an animation can be set
[2026.02.11-16.46.10:974][ 62]LogAnimation: Warning: SkeletalMesh Rifle has no skeleton. This needs to fixed before an animation can be set
[2026.02.11-16.46.10:991][ 63]LogAnimation: Warning: SkeletalMesh Rifle has no skeleton. This needs to fixed before an animation can be set
[2026.02.11-16.46.11:011][ 64]LogAnimation: Warning: SkeletalMesh Rifle has no skeleton. This needs to fixed before an animation can be set
[2026.02.11-16.46.11:024][ 65]LogAnimation: Warning: SkeletalMesh Rifle has no skeleton. This needs to fixed before an animation can be set
[2026.02.11-16.46.11:042][ 66]LogAnimation: Warning: SkeletalMesh Rifle has no skeleton. This needs to fixed before an animation can be set
[2026.02.11-16.46.11:057][ 67]LogAnimation: Warning: SkeletalMesh Rifle has no skeleton. This needs to fixed before an animation can be set
[2026.02.11-16.46.11:074][ 68]LogAnimation: Warning: SkeletalMesh Rifle has no skeleton. This needs to fixed before an animation can be set
[2026.02.11-16.46.11:091][ 69]LogAnimation: Warning: SkeletalMesh Rifle has no skeleton. This needs to fixed before an animation can be set
[2026.02.11-16.46.11:108][ 70]LogAnimation: Warning: SkeletalMesh Rifle has no skeleton. This needs to fixed before an animation can be set
[2026.02.11-16.46.11:126][ 71]LogAnimation: Warning: SkeletalMesh Rifle has no skeleton. This needs to fixed before an animation can be set
[2026.02.11-16.46.11:141][ 72]LogAnimation: Warning: SkeletalMesh Rifle has no skeleton. This needs to fixed before an animation can be set
[2026.02.11-16.46.11:158][ 73]LogAnimation: Warning: SkeletalMesh Rifle has no skeleton. This needs to fixed before an animation can be set
[2026.02.11-16.46.11:175][ 74]LogAnimation: Warning: SkeletalMesh Rifle has no skeleton. This needs to fixed before an animation can be set
[2026.02.11-16.46.11:192][ 75]LogAnimation: Warning: SkeletalMesh Rifle has no skeleton. This needs to fixed before an animation can be set
[2026.02.11-16.46.11:208][ 76]LogAnimation: Warning: SkeletalMesh Rifle has no skeleton. This needs to fixed before an animation can be set
[2026.02.11-16.46.11:224][ 77]LogAnimation: Warning: SkeletalMesh Rifle has no skeleton. This needs to fixed before an animation can be set
[2026.02.11-16.46.11:242][ 78]LogAnimation: Warning: SkeletalMesh Rifle has no skeleton. This needs to fixed before an animation can be set
[2026.02.11-16.46.11:259][ 79]LogAnimation: Warning: SkeletalMesh Rifle has no skeleton. This needs to fixed before an animation can be set
[2026.02.11-16.46.11:279][ 80]LogAnimation: Warning: SkeletalMesh Rifle has no skeleton. This needs to fixed before an animation can be set
[2026.02.11-16.46.11:292][ 81]LogAnimation: Warning: SkeletalMesh Rifle has no skeleton. This needs to fixed before an animation can be set
[2026.02.11-16.46.11:308][ 82]LogAnimation: Warning: SkeletalMesh Rifle has no skeleton. This needs to fixed before an animation can be set
[2026.02.11-16.46.11:324][ 83]LogAnimation: Warning: SkeletalMesh Rifle has no skeleton. This needs to fixed before an animation can be set
[2026.02.11-16.46.11:341][ 84]LogAnimation: Warning: SkeletalMesh Rifle has no skeleton. This needs to fixed before an animation can be set
[2026.02.11-16.46.11:358][ 85]LogAnimation: Warning: SkeletalMesh Rifle has no skeleton. This needs to fixed before an animation can be set
[2026.02.11-16.46.11:375][ 86]LogAnimation: Warning: SkeletalMesh Rifle has no skeleton. This needs to fixed before an animation can be set
[2026.02.11-16.46.11:391][ 87]LogAnimation: Warning: SkeletalMesh Rifle has no skeleton. This needs to fixed before an animation can be set
[2026.02.11-16.46.11:408][ 88]LogAnimation: Warning: SkeletalMesh Rifle has no skeleton. This needs to fixed before an animation can be set
[2026.02.11-16.46.11:424][ 89]LogAnimation: Warning: SkeletalMesh Rifle has no skeleton. This needs to fixed before an animation can be set
[2026.02.11-16.46.11:441][ 90]LogAnimation: Warning: SkeletalMesh Rifle has no skeleton. This needs to fixed before an animation can be set
[2026.02.11-16.46.11:458][ 91]LogAnimation: Warning: SkeletalMesh Rifle has no skeleton. This needs to fixed before an animation can be set
[2026.02.11-16.46.11:493][ 92]LogAssetEditorSubsystem: Opening Asset editor for Material /Game/Characters/Enemy_Great_Spider/Materials/CharM_Greater_Spider.CharM_Greater_Spider
[2026.02.11-16.46.11:494][ 92]LogMaterial: Display: Missing cached shadermap for CharM_Greater_Spider in PCD3D_SM5, Default, SM5 (DDC key hash: 6D3B72C823AA3CEFFB797B0E056108910209A198), compiling. 
[2026.02.11-16.46.11:504][ 92]LogShaderCompilers: Display: Submitted 20 shader compile jobs with 'Normal' priority
[2026.02.11-16.46.11:588][ 92]LogMaterial: Display: Missing cached shadermap for CharM_Greater_Spider in PCD3D_SM5, Default, SM5 (DDC key hash: 5D2BB08427514C950F21B689F1A5F937009677FE), compiling. 
[2026.02.11-16.46.11:591][ 92]LogMaterial: Display: Missing cached shadermap for CharM_Greater_Spider in PCD3D_SM5, Default, SM5 (DDC key hash: AA9DBA8FDF2EC29917F48E46501B051F93763C24), compiling. 
[2026.02.11-16.46.11:592][ 92]LogMaterial: Display: Missing cached shadermap for FMatExpressionPreview MaterialExpressionTextureSample_8 in PCD3D_SM5, Default, SM5 (DDC key hash: D8083AF3DE421CA3F7BD3ECA4B92035F7FE7A660), compiling. 
[2026.02.11-16.46.11:594][ 92]LogMaterial: Display: Missing cached shadermap for FMatExpressionPreview MaterialExpressionLinearInterpolate_1 in PCD3D_SM5, Default, SM5 (DDC key hash: 495D86CB9CDDCF2D3F8E3F73CFEB25AFF783FEDE), compiling. 
[2026.02.11-16.46.11:596][ 92]LogMaterial: Display: Missing cached shadermap for FMatExpressionPreview MaterialExpressionTextureSample_41 in PCD3D_SM5, Default, SM5 (DDC key hash: EC0081326A1B2E4881317999AB32D547C6BA7531), compiling. 
[2026.02.11-16.46.11:597][ 92]LogMaterial: Display: Missing cached shadermap for FMatExpressionPreview MaterialExpressionTextureSample_0 in PCD3D_SM5, Default, SM5 (DDC key hash: 0467BC370AA273FD91908CC256A47A57F5431ECD), compiling. 
[2026.02.11-16.46.11:599][ 92]LogMaterial: Display: Missing cached shadermap for FMatExpressionPreview MaterialExpressionLinearInterpolate_2 in PCD3D_SM5, Default, SM5 (DDC key hash: 36D1C4CF5FD4FF6B0E892A70CC53402BADC906E7), compiling. 
[2026.02.11-16.46.11:620][ 92]MaterialEditorStats: Texture samplers: 0/16
[2026.02.11-16.46.11:620][ 92]MaterialEditorStats: Texture Lookups (Est.): VS(0), PS(3)
[2026.02.11-16.46.11:620][ 92]MaterialEditorStats: User interpolators: 2/4 Scalars (1/4 Vectors) (TexCoords: 2, Custom: 0)
[2026.02.11-16.46.11:650][ 92]LogShaderCompilers: Display: Submitted 2 shader compile jobs with 'ForceLocal' priority
[2026.02.11-16.46.11:650][ 92]LogShaderCompilers: Display: Worker (1/17): shaders left to compile 2
[2026.02.11-16.46.11:650][ 92]LogShaderCompilers: Display: Worker (2/17): shaders left to compile 1
[2026.02.11-16.46.11:650][ 92]LogShaderCompilers: Display: Started 2 'Local' shader compile jobs with 'ForceLocal' priority
[2026.02.11-16.46.11:650][ 92]LogShaderCompilers: Display: Submitted 18 shader compile jobs with 'Normal' priority
[2026.02.11-16.46.11:654][ 93]LogShaderCompilers: Display: Worker (3/17): shaders left to compile 18
[2026.02.11-16.46.11:654][ 93]LogShaderCompilers: Display: Worker (4/17): shaders left to compile 16
[2026.02.11-16.46.11:654][ 93]LogShaderCompilers: Display: Worker (5/17): shaders left to compile 14
[2026.02.11-16.46.11:654][ 93]LogShaderCompilers: Display: Worker (6/17): shaders left to compile 12
[2026.02.11-16.46.11:654][ 93]LogShaderCompilers: Display: Worker (7/17): shaders left to compile 10
[2026.02.11-16.46.11:654][ 93]LogShaderCompilers: Display: Worker (8/17): shaders left to compile 8
[2026.02.11-16.46.11:654][ 93]LogShaderCompilers: Display: Worker (9/17): shaders left to compile 6
[2026.02.11-16.46.11:654][ 93]LogShaderCompilers: Display: Worker (10/17): shaders left to compile 4
[2026.02.11-16.46.11:654][ 93]LogShaderCompilers: Display: Worker (11/17): shaders left to compile 2
[2026.02.11-16.46.11:654][ 93]LogShaderCompilers: Display: Started 18 'Local' shader compile jobs with 'Normal' priority
[2026.02.11-16.46.11:674][ 94]LogAnimation: Warning: SkeletalMesh Rifle has no skeleton. This needs to fixed before an animation can be set
[2026.02.11-16.46.11:691][ 95]LogAnimation: Warning: SkeletalMesh Rifle has no skeleton. This needs to fixed before an animation can be set
[2026.02.11-16.46.11:707][ 96]LogAnimation: Warning: SkeletalMesh Rifle has no skeleton. This needs to fixed before an animation can be set
[2026.02.11-16.46.11:724][ 97]LogShaderCompilers: Display: Submitted 2 shader compile jobs with 'ForceLocal' priority
[2026.02.11-16.46.11:724][ 97]LogShaderCompilers: Display: Worker (12/17): shaders left to compile 2
[2026.02.11-16.46.11:724][ 97]LogShaderCompilers: Display: Worker (13/17): shaders left to compile 1
[2026.02.11-16.46.11:724][ 97]LogShaderCompilers: Display: Started 2 'Local' shader compile jobs with 'ForceLocal' priority
[2026.02.11-16.46.11:724][ 97]LogAnimation: Warning: SkeletalMesh Rifle has no skeleton. This needs to fixed before an animation can be set
[2026.02.11-16.46.11:740][ 98]LogAnimation: Warning: SkeletalMesh Rifle has no skeleton. This needs to fixed before an animation can be set
[2026.02.11-16.46.11:756][ 99]LogAnimation: Warning: SkeletalMesh Rifle has no skeleton. This needs to fixed before an animation can be set
[2026.02.11-16.46.11:774][100]LogAnimation: Warning: SkeletalMesh Rifle has no skeleton. This needs to fixed before an animation can be set
[2026.02.11-16.46.11:790][101]LogAnimation: Warning: SkeletalMesh Rifle has no skeleton. This needs to fixed before an animation can be set
[2026.02.11-16.46.11:807][102]LogAnimation: Warning: SkeletalMesh Rifle has no skeleton. This needs to fixed before an animation can be set
[2026.02.11-16.46.11:823][103]LogAnimation: Warning: SkeletalMesh Rifle has no skeleton. This needs to fixed before an animation can be set
[2026.02.11-16.46.11:841][104]LogAnimation: Warning: SkeletalMesh Rifle has no skeleton. This needs to fixed before an animation can be set
[2026.02.11-16.46.11:861][105]LogAnimation: Warning: SkeletalMesh Rifle has no skeleton. This needs to fixed before an animation can be set
[2026.02.11-16.46.11:882][106]LogAnimation: Warning: SkeletalMesh Rifle has no skeleton. This needs to fixed before an animation can be set
[2026.02.11-16.46.11:906][107]LogAnimation: Warning: SkeletalMesh Rifle has no skeleton. This needs to fixed before an animation can be set
[2026.02.11-16.46.11:931][108]LogAnimation: Warning: SkeletalMesh Rifle has no skeleton. This needs to fixed before an animation can be set
[2026.02.11-16.46.11:955][109]LogAnimation: Warning: SkeletalMesh Rifle has no skeleton. This needs to fixed before an animation can be set
[2026.02.11-16.46.11:976][110]LogAnimation: Warning: SkeletalMesh Rifle has no skeleton. This needs to fixed before an animation can be set
[2026.02.11-16.46.11:995][111]LogAnimation: Warning: SkeletalMesh Rifle has no skeleton. This needs to fixed before an animation can be set
[2026.02.11-16.46.12:012][112]LogAnimation: Warning: SkeletalMesh Rifle has no skeleton. This needs to fixed before an animation can be set
[2026.02.11-16.46.12:031][113]LogShaderCompilers: Display: === FShaderJobCache stats ===
[2026.02.11-16.46.12:031][113]LogShaderCompilers: Display: Total job queries 122, among them cache hits 26 (21.31%)
[2026.02.11-16.46.12:031][113]LogShaderCompilers: Display: Tracking 55 distinct input hashes that result in 25 distinct outputs (45.45%)
[2026.02.11-16.46.12:031][113]LogShaderCompilers: Display: RAM used: 0.15 MB (0.00 GB) of 1638.40 MB (1.60 GB) budget. Usage: 0.01%
[2026.02.11-16.46.12:031][113]LogShaderCompilers: Display: ================================================
[2026.02.11-16.46.12:031][113]LogAnimation: Warning: SkeletalMesh Rifle has no skeleton. This needs to fixed before an animation can be set
[2026.02.11-16.46.12:047][114]LogAnimation: Warning: SkeletalMesh Rifle has no skeleton. This needs to fixed before an animation can be set
[2026.02.11-16.46.12:065][115]LogAnimation: Warning: SkeletalMesh Rifle has no skeleton. This needs to fixed before an animation can be set
[2026.02.11-16.46.12:082][116]LogAnimation: Warning: SkeletalMesh Rifle has no skeleton. This needs to fixed before an animation can be set
[2026.02.11-16.46.12:098][117]LogAnimation: Warning: SkeletalMesh Rifle has no skeleton. This needs to fixed before an animation can be set
[2026.02.11-16.46.12:118][118]LogAnimation: Warning: SkeletalMesh Rifle has no skeleton. This needs to fixed before an animation can be set
[2026.02.11-16.46.12:135][119]LogAnimation: Warning: SkeletalMesh Rifle has no skeleton. This needs to fixed before an animation can be set
[2026.02.11-16.46.12:151][120]LogAnimation: Warning: SkeletalMesh Rifle has no skeleton. This needs to fixed before an animation can be set
[2026.02.11-16.46.12:168][121]LogAnimation: Warning: SkeletalMesh Rifle has no skeleton. This needs to fixed before an animation can be set
[2026.02.11-16.46.12:169][121]MaterialEditorStats: Texture samplers: 5/16
[2026.02.11-16.46.12:169][121]MaterialEditorStats: Texture Lookups (Est.): VS(0), PS(3)
[2026.02.11-16.46.12:169][121]MaterialEditorStats: User interpolators: 2/4 Scalars (1/4 Vectors) (TexCoords: 2, Custom: 0)
[2026.02.11-16.46.12:191][122]LogAnimation: Warning: SkeletalMesh Rifle has no skeleton. This needs to fixed before an animation can be set
[2026.02.11-16.46.12:210][123]LogAnimation: Warning: SkeletalMesh Rifle has no skeleton. This needs to fixed before an animation can be set
[2026.02.11-16.46.12:232][124]LogAnimation: Warning: SkeletalMesh Rifle has no skeleton. This needs to fixed before an animation can be set
[2026.02.11-16.46.12:250][125]LogAnimation: Warning: SkeletalMesh Rifle has no skeleton. This needs to fixed before an animation can be set
[2026.02.11-16.46.12:269][126]LogAnimation: Warning: SkeletalMesh Rifle has no skeleton. This needs to fixed before an animation can be set
[2026.02.11-16.46.12:286][127]LogAnimation: Warning: SkeletalMesh Rifle has no skeleton. This needs to fixed before an animation can be set
[2026.02.11-16.46.12:303][128]LogAnimation: Warning: SkeletalMesh Rifle has no skeleton. This needs to fixed before an animation can be set
[2026.02.11-16.46.12:320][129]LogAnimation: Warning: SkeletalMesh Rifle has no skeleton. This needs to fixed before an animation can be set
[2026.02.11-16.46.12:335][130]LogAnimation: Warning: SkeletalMesh Rifle has no skeleton. This needs to fixed before an animation can be set
[2026.02.11-16.46.12:352][131]LogAnimation: Warning: SkeletalMesh Rifle has no skeleton. This needs to fixed before an animation can be set
[2026.02.11-16.46.12:371][132]LogAnimation: Warning: SkeletalMesh Rifle has no skeleton. This needs to fixed before an animation can be set
[2026.02.11-16.46.12:386][133]LogAnimation: Warning: SkeletalMesh Rifle has no skeleton. This needs to fixed before an animation can be set
[2026.02.11-16.46.12:402][134]LogAnimation: Warning: SkeletalMesh Rifle has no skeleton. This needs to fixed before an animation can be set
[2026.02.11-16.46.12:419][135]LogAnimation: Warning: SkeletalMesh Rifle has no skeleton. This needs to fixed before an animation can be set
[2026.02.11-16.46.12:437][136]LogAnimation: Warning: SkeletalMesh Rifle has no skeleton. This needs to fixed before an animation can be set
[2026.02.11-16.46.12:452][137]LogAnimation: Warning: SkeletalMesh Rifle has no skeleton. This needs to fixed before an animation can be set
[2026.02.11-16.46.12:469][138]LogAnimation: Warning: SkeletalMesh Rifle has no skeleton. This needs to fixed before an animation can be set
[2026.02.11-16.46.12:485][139]LogAnimation: Warning: SkeletalMesh Rifle has no skeleton. This needs to fixed before an animation can be set
[2026.02.11-16.46.12:503][140]LogAnimation: Warning: SkeletalMesh Rifle has no skeleton. This needs to fixed before an animation can be set
[2026.02.11-16.46.12:505][140]MaterialEditorStats: Base pass shader: 130 instructions
[2026.02.11-16.46.12:505][140]MaterialEditorStats: Base pass shader with Volumetric Lightmap: 204 instructions
[2026.02.11-16.46.12:505][140]MaterialEditorStats: Base pass vertex shader: 46 instructions
[2026.02.11-16.46.12:505][140]MaterialEditorStats: Base pass vertex shader: 98 instructions
[2026.02.11-16.46.12:505][140]MaterialEditorStats: Texture samplers: 5/16
[2026.02.11-16.46.12:505][140]MaterialEditorStats: Texture Lookups (Est.): VS(0), PS(3)
[2026.02.11-16.46.12:505][140]MaterialEditorStats: User interpolators: 2/4 Scalars (1/4 Vectors) (TexCoords: 2, Custom: 0)
[2026.02.11-16.46.12:522][141]LogAnimation: Warning: SkeletalMesh Rifle has no skeleton. This needs to fixed before an animation can be set
[2026.02.11-16.46.12:536][142]LogAnimation: Warning: SkeletalMesh Rifle has no skeleton. This needs to fixed before an animation can be set
[2026.02.11-16.46.12:552][143]LogAnimation: Warning: SkeletalMesh Rifle has no skeleton. This needs to fixed before an animation can be set
[2026.02.11-16.46.12:572][144]LogAnimation: Warning: SkeletalMesh Rifle has no skeleton. This needs to fixed before an animation can be set
[2026.02.11-16.46.13:714][211]LogSlate: Window 'CharM_Greater_Spider' being destroyed
[2026.02.11-16.46.13:736][211]LogWorld: UWorld::CleanupWorld for World_12, bSessionEnded=true, bCleanupResources=true
[2026.02.11-16.46.13:736][211]LogSlate: InvalidateAllWidgets triggered.  All widgets were invalidated
[2026.02.11-16.46.13:837][216]LogAnimation: Warning: SkeletalMesh Rifle has no skeleton. This needs to fixed before an animation can be set
[2026.02.11-16.46.13:852][217]LogAnimation: Warning: SkeletalMesh Rifle has no skeleton. This needs to fixed before an animation can be set
[2026.02.11-16.46.13:869][218]LogAnimation: Warning: SkeletalMesh Rifle has no skeleton. This needs to fixed before an animation can be set
[2026.02.11-16.46.13:889][219]LogAnimation: Warning: SkeletalMesh Rifle has no skeleton. This needs to fixed before an animation can be set
[2026.02.11-16.46.13:903][220]LogAnimation: Warning: SkeletalMesh Rifle has no skeleton. This needs to fixed before an animation can be set
[2026.02.11-16.46.13:921][221]LogAnimation: Warning: SkeletalMesh Rifle has no skeleton. This needs to fixed before an animation can be set
[2026.02.11-16.46.13:940][222]LogAnimation: Warning: SkeletalMesh Rifle has no skeleton. This needs to fixed before an animation can be set
[2026.02.11-16.46.13:975][224]LogAnimation: Warning: SkeletalMesh Rifle has no skeleton. This needs to fixed before an animation can be set
[2026.02.11-16.46.13:996][225]LogAnimation: Warning: SkeletalMesh Rifle has no skeleton. This needs to fixed before an animation can be set
[2026.02.11-16.46.14:012][226]LogAnimation: Warning: SkeletalMesh Rifle has no skeleton. This needs to fixed before an animation can be set
[2026.02.11-16.46.14:029][227]LogAnimation: Warning: SkeletalMesh Rifle has no skeleton. This needs to fixed before an animation can be set
[2026.02.11-16.46.14:050][228]LogAnimation: Warning: SkeletalMesh Rifle has no skeleton. This needs to fixed before an animation can be set
[2026.02.11-16.46.14:066][229]LogAnimation: Warning: SkeletalMesh Rifle has no skeleton. This needs to fixed before an animation can be set
[2026.02.11-16.46.14:084][230]LogAnimation: Warning: SkeletalMesh Rifle has no skeleton. This needs to fixed before an animation can be set
[2026.02.11-16.46.14:100][231]LogAnimation: Warning: SkeletalMesh Rifle has no skeleton. This needs to fixed before an animation can be set
[2026.02.11-16.46.14:116][232]LogAnimation: Warning: SkeletalMesh Rifle has no skeleton. This needs to fixed before an animation can be set
[2026.02.11-16.46.14:135][233]LogAnimation: Warning: SkeletalMesh Rifle has no skeleton. This needs to fixed before an animation can be set
[2026.02.11-16.46.14:150][234]LogAnimation: Warning: SkeletalMesh Rifle has no skeleton. This needs to fixed before an animation can be set
[2026.02.11-16.46.14:166][235]LogAnimation: Warning: SkeletalMesh Rifle has no skeleton. This needs to fixed before an animation can be set
[2026.02.11-16.46.14:185][236]LogAnimation: Warning: SkeletalMesh Rifle has no skeleton. This needs to fixed before an animation can be set
[2026.02.11-16.46.14:200][237]LogAnimation: Warning: SkeletalMesh Rifle has no skeleton. This needs to fixed before an animation can be set
[2026.02.11-16.46.14:216][238]LogAnimation: Warning: SkeletalMesh Rifle has no skeleton. This needs to fixed before an animation can be set
[2026.02.11-16.46.14:233][239]LogAnimation: Warning: SkeletalMesh Rifle has no skeleton. This needs to fixed before an animation can be set
[2026.02.11-16.46.14:250][240]LogAnimation: Warning: SkeletalMesh Rifle has no skeleton. This needs to fixed before an animation can be set
[2026.02.11-16.46.14:266][241]LogAnimation: Warning: SkeletalMesh Rifle has no skeleton. This needs to fixed before an animation can be set
[2026.02.11-16.46.14:283][242]LogAnimation: Warning: SkeletalMesh Rifle has no skeleton. This needs to fixed before an animation can be set
[2026.02.11-16.46.14:302][243]LogAnimation: Warning: SkeletalMesh Rifle has no skeleton. This needs to fixed before an animation can be set
[2026.02.11-16.46.14:322][244]LogAnimation: Warning: SkeletalMesh Rifle has no skeleton. This needs to fixed before an animation can be set
[2026.02.11-16.46.14:337][245]LogAnimation: Warning: SkeletalMesh Rifle has no skeleton. This needs to fixed before an animation can be set
[2026.02.11-16.46.14:353][246]LogAnimation: Warning: SkeletalMesh Rifle has no skeleton. This needs to fixed before an animation can be set
[2026.02.11-16.46.14:370][247]LogAnimation: Warning: SkeletalMesh Rifle has no skeleton. This needs to fixed before an animation can be set
[2026.02.11-16.46.14:386][248]LogAnimation: Warning: SkeletalMesh Rifle has no skeleton. This needs to fixed before an animation can be set
[2026.02.11-16.46.14:411][249]LogAnimation: Warning: SkeletalMesh Rifle has no skeleton. This needs to fixed before an animation can be set
[2026.02.11-16.46.14:423][250]LogAnimation: Warning: SkeletalMesh Rifle has no skeleton. This needs to fixed before an animation can be set
[2026.02.11-16.46.14:440][251]LogAnimation: Warning: SkeletalMesh Rifle has no skeleton. This needs to fixed before an animation can be set
[2026.02.11-16.46.14:456][252]LogAnimation: Warning: SkeletalMesh Rifle has no skeleton. This needs to fixed before an animation can be set
[2026.02.11-16.46.14:473][253]LogAnimation: Warning: SkeletalMesh Rifle has no skeleton. This needs to fixed before an animation can be set
[2026.02.11-16.46.14:490][254]LogAnimation: Warning: SkeletalMesh Rifle has no skeleton. This needs to fixed before an animation can be set
[2026.02.11-16.46.14:506][255]LogAnimation: Warning: SkeletalMesh Rifle has no skeleton. This needs to fixed before an animation can be set
[2026.02.11-16.46.14:522][256]LogAnimation: Warning: SkeletalMesh Rifle has no skeleton. This needs to fixed before an animation can be set
[2026.02.11-16.46.14:539][257]LogAnimation: Warning: SkeletalMesh Rifle has no skeleton. This needs to fixed before an animation can be set
[2026.02.11-16.46.14:556][258]LogAnimation: Warning: SkeletalMesh Rifle has no skeleton. This needs to fixed before an animation can be set
[2026.02.11-16.46.14:572][259]LogAnimation: Warning: SkeletalMesh Rifle has no skeleton. This needs to fixed before an animation can be set
[2026.02.11-16.46.14:589][260]LogAnimation: Warning: SkeletalMesh Rifle has no skeleton. This needs to fixed before an animation can be set
[2026.02.11-16.46.14:606][261]LogAnimation: Warning: SkeletalMesh Rifle has no skeleton. This needs to fixed before an animation can be set
[2026.02.11-16.46.14:622][262]LogAnimation: Warning: SkeletalMesh Rifle has no skeleton. This needs to fixed before an animation can be set
[2026.02.11-16.46.14:640][263]LogAnimation: Warning: SkeletalMesh Rifle has no skeleton. This needs to fixed before an animation can be set
[2026.02.11-16.46.14:656][264]LogAnimation: Warning: SkeletalMesh Rifle has no skeleton. This needs to fixed before an animation can be set
[2026.02.11-16.46.15:195][295]LogAnimation: Warning: SkeletalMesh Rifle has no skeleton. This needs to fixed before an animation can be set
[2026.02.11-16.46.15:211][296]LogAnimation: Warning: SkeletalMesh Rifle has no skeleton. This needs to fixed before an animation can be set
[2026.02.11-16.46.15:228][297]LogAnimation: Warning: SkeletalMesh Rifle has no skeleton. This needs to fixed before an animation can be set
[2026.02.11-16.46.15:245][298]LogAnimation: Warning: SkeletalMesh Rifle has no skeleton. This needs to fixed before an animation can be set
[2026.02.11-16.46.15:261][299]LogAnimation: Warning: SkeletalMesh Rifle has no skeleton. This needs to fixed before an animation can be set
[2026.02.11-16.46.15:277][300]LogAnimation: Warning: SkeletalMesh Rifle has no skeleton. This needs to fixed before an animation can be set
[2026.02.11-16.46.15:294][301]LogAnimation: Warning: SkeletalMesh Rifle has no skeleton. This needs to fixed before an animation can be set
[2026.02.11-16.46.15:311][302]LogAnimation: Warning: SkeletalMesh Rifle has no skeleton. This needs to fixed before an animation can be set
[2026.02.11-16.46.15:328][303]LogAnimation: Warning: SkeletalMesh Rifle has no skeleton. This needs to fixed before an animation can be set
[2026.02.11-16.46.15:345][304]LogAnimation: Warning: SkeletalMesh Rifle has no skeleton. This needs to fixed before an animation can be set
[2026.02.11-16.46.15:361][305]LogAnimation: Warning: SkeletalMesh Rifle has no skeleton. This needs to fixed before an animation can be set
[2026.02.11-16.46.15:378][306]LogAnimation: Warning: SkeletalMesh Rifle has no skeleton. This needs to fixed before an animation can be set
[2026.02.11-16.46.15:394][307]LogAnimation: Warning: SkeletalMesh Rifle has no skeleton. This needs to fixed before an animation can be set
[2026.02.11-16.46.15:412][308]LogAnimation: Warning: SkeletalMesh Rifle has no skeleton. This needs to fixed before an animation can be set
[2026.02.11-16.46.15:428][309]LogAnimation: Warning: SkeletalMesh Rifle has no skeleton. This needs to fixed before an animation can be set
[2026.02.11-16.46.15:444][310]LogAnimation: Warning: SkeletalMesh Rifle has no skeleton. This needs to fixed before an animation can be set
[2026.02.11-16.46.15:461][311]LogAnimation: Warning: SkeletalMesh Rifle has no skeleton. This needs to fixed before an animation can be set
[2026.02.11-16.46.15:479][312]LogAnimation: Warning: SkeletalMesh Rifle has no skeleton. This needs to fixed before an animation can be set
[2026.02.11-16.46.15:495][313]LogAnimation: Warning: SkeletalMesh Rifle has no skeleton. This needs to fixed before an animation can be set
[2026.02.11-16.46.15:512][314]LogAnimation: Warning: SkeletalMesh Rifle has no skeleton. This needs to fixed before an animation can be set
[2026.02.11-16.46.15:528][315]LogAnimation: Warning: SkeletalMesh Rifle has no skeleton. This needs to fixed before an animation can be set
[2026.02.11-16.46.15:545][316]LogAnimation: Warning: SkeletalMesh Rifle has no skeleton. This needs to fixed before an animation can be set
[2026.02.11-16.46.15:562][317]LogAnimation: Warning: SkeletalMesh Rifle has no skeleton. This needs to fixed before an animation can be set
[2026.02.11-16.46.15:579][318]LogAnimation: Warning: SkeletalMesh Rifle has no skeleton. This needs to fixed before an animation can be set
[2026.02.11-16.46.15:595][319]LogAnimation: Warning: SkeletalMesh Rifle has no skeleton. This needs to fixed before an animation can be set
[2026.02.11-16.46.15:611][320]LogAnimation: Warning: SkeletalMesh Rifle has no skeleton. This needs to fixed before an animation can be set
[2026.02.11-16.46.15:628][321]LogAnimation: Warning: SkeletalMesh Rifle has no skeleton. This needs to fixed before an animation can be set
[2026.02.11-16.46.15:648][322]LogAnimation: Warning: SkeletalMesh Rifle has no skeleton. This needs to fixed before an animation can be set
[2026.02.11-16.46.15:668][323]LogAnimation: Warning: SkeletalMesh Rifle has no skeleton. This needs to fixed before an animation can be set
[2026.02.11-16.46.15:684][324]LogAnimation: Warning: SkeletalMesh Rifle has no skeleton. This needs to fixed before an animation can be set
[2026.02.11-16.46.15:701][325]LogAnimation: Warning: SkeletalMesh Rifle has no skeleton. This needs to fixed before an animation can be set
[2026.02.11-16.46.15:718][326]LogAnimation: Warning: SkeletalMesh Rifle has no skeleton. This needs to fixed before an animation can be set
[2026.02.11-16.46.15:734][327]LogAnimation: Warning: SkeletalMesh Rifle has no skeleton. This needs to fixed before an animation can be set
[2026.02.11-16.46.15:902][337]LogAnimation: Warning: SkeletalMesh Rifle has no skeleton. This needs to fixed before an animation can be set
[2026.02.11-16.46.15:922][338]LogAnimation: Warning: SkeletalMesh Rifle has no skeleton. This needs to fixed before an animation can be set
[2026.02.11-16.46.15:936][339]LogAnimation: Warning: SkeletalMesh Rifle has no skeleton. This needs to fixed before an animation can be set
[2026.02.11-16.46.15:971][341]LogAnimation: Warning: SkeletalMesh Rifle has no skeleton. This needs to fixed before an animation can be set
[2026.02.11-16.46.15:987][342]LogAnimation: Warning: SkeletalMesh Rifle has no skeleton. This needs to fixed before an animation can be set
[2026.02.11-16.46.16:009][343]LogAnimation: Warning: SkeletalMesh Rifle has no skeleton. This needs to fixed before an animation can be set
[2026.02.11-16.46.16:032][344]LogAnimation: Warning: SkeletalMesh Rifle has no skeleton. This needs to fixed before an animation can be set
[2026.02.11-16.46.16:048][345]LogAnimation: Warning: SkeletalMesh Rifle has no skeleton. This needs to fixed before an animation can be set
[2026.02.11-16.46.16:064][346]LogAnimation: Warning: SkeletalMesh Rifle has no skeleton. This needs to fixed before an animation can be set
[2026.02.11-16.46.16:082][347]LogAnimation: Warning: SkeletalMesh Rifle has no skeleton. This needs to fixed before an animation can be set
[2026.02.11-16.46.16:098][348]LogAnimation: Warning: SkeletalMesh Rifle has no skeleton. This needs to fixed before an animation can be set
[2026.02.11-16.46.16:115][349]LogAnimation: Warning: SkeletalMesh Rifle has no skeleton. This needs to fixed before an animation can be set
[2026.02.11-16.46.16:131][350]LogAnimation: Warning: SkeletalMesh Rifle has no skeleton. This needs to fixed before an animation can be set
[2026.02.11-16.46.16:148][351]LogAnimation: Warning: SkeletalMesh Rifle has no skeleton. This needs to fixed before an animation can be set
[2026.02.11-16.46.16:165][352]LogAnimation: Warning: SkeletalMesh Rifle has no skeleton. This needs to fixed before an animation can be set
[2026.02.11-16.46.16:181][353]LogAnimation: Warning: SkeletalMesh Rifle has no skeleton. This needs to fixed before an animation can be set
[2026.02.11-16.46.16:198][354]LogAnimation: Warning: SkeletalMesh Rifle has no skeleton. This needs to fixed before an animation can be set
[2026.02.11-16.46.16:214][355]LogAnimation: Warning: SkeletalMesh Rifle has no skeleton. This needs to fixed before an animation can be set
[2026.02.11-16.46.16:231][356]LogAnimation: Warning: SkeletalMesh Rifle has no skeleton. This needs to fixed before an animation can be set
[2026.02.11-16.46.16:247][357]LogAnimation: Warning: SkeletalMesh Rifle has no skeleton. This needs to fixed before an animation can be set
[2026.02.11-16.46.16:265][358]LogAnimation: Warning: SkeletalMesh Rifle has no skeleton. This needs to fixed before an animation can be set
[2026.02.11-16.46.16:281][359]LogAnimation: Warning: SkeletalMesh Rifle has no skeleton. This needs to fixed before an animation can be set
[2026.02.11-16.46.16:298][360]LogAnimation: Warning: SkeletalMesh Rifle has no skeleton. This needs to fixed before an animation can be set
[2026.02.11-16.46.16:314][361]LogAnimation: Warning: SkeletalMesh Rifle has no skeleton. This needs to fixed before an animation can be set
[2026.02.11-16.46.16:354][362]LogAssetEditorSubsystem: Opening Asset editor for Material /Game/Weapons/Weapons/Materials/MagGun_MatA.MagGun_MatA
[2026.02.11-16.46.16:357][362]LogMaterial: Display: Missing cached shadermap for MagGun_MatA in PCD3D_SM5, Default, SM5 (DDC key hash: D58B6F0E13A8FFDD17029CB0153BB4124BFE88E0), compiling. 
[2026.02.11-16.46.16:360][362]LogMaterial: Warning: [AssetLog] /Engine/Transient.MagGun_MatA (no disk path found): Failed to compile Material for platform PCD3D_SM5, Default Material will be used in game.
[2026.02.11-16.46.16:360][362]LogMaterial: Display: 	(Node TextureSample) Texture Sample> Missing input texture
[2026.02.11-16.46.16:360][362]LogMaterial: Display: 	Missing Material Function
[2026.02.11-16.46.16:360][362]LogMaterial: Display: 	Function MatLayerBlend_Standard: (Node MakeMaterialAttributes) Error on property Normal
[2026.02.11-16.46.16:360][362]LogMaterial: Display: 	(Node TextureObject) Texture Object> Requires valid texture
[2026.02.11-16.46.16:360][362]LogMaterial: Display: 	Function MatLayerBlend_Decal: (Node MakeMaterialAttributes) Error on property Normal
[2026.02.11-16.46.16:360][362]LogMaterial: Display: 	Function MatLayerBlend_BakedNormal: (Node MakeMaterialAttributes) Error on property Normal
[2026.02.11-16.46.16:360][362]LogMaterial: Display: 	Function MatLayerBlend_Standard: (Node MakeMaterialAttributes) Error on property EmissiveColor
[2026.02.11-16.46.16:360][362]LogMaterial: Display: 	Function MatLayerBlend_Standard: (Node MakeMaterialAttributes) Error on property BaseColor
[2026.02.11-16.46.16:360][362]LogMaterial: Display: 	Function MatLayerBlend_Decal: (Node MakeMaterialAttributes) Error on property BaseColor
[2026.02.11-16.46.16:360][362]LogMaterial: Display: 	Function MatLayerBlend_TintAllChannels: (Node MakeMaterialAttributes) Error on property BaseColor
[2026.02.11-16.46.16:360][362]LogMaterial: Display: 	Function MatLayerBlend_Standard: (Node MakeMaterialAttributes) Error on property Metallic
[2026.02.11-16.46.16:360][362]LogMaterial: Display: 	Function MatLayerBlend_Decal: (Node MakeMaterialAttributes) Error on property Metallic
[2026.02.11-16.46.16:360][362]LogMaterial: Display: 	Function MatLayerBlend_Standard: (Node MakeMaterialAttributes) Error on property Specular
[2026.02.11-16.46.16:360][362]LogMaterial: Display: 	Function MatLayerBlend_TintAllChannels: (Node MakeMaterialAttributes) Error on property Specular
[2026.02.11-16.46.16:360][362]LogMaterial: Display: 	Function MatLayerBlend_Standard: (Node MakeMaterialAttributes) Error on property Roughness
[2026.02.11-16.46.16:360][362]LogMaterial: Display: 	Function MatLayerBlend_RoughnessOverride: (Node MakeMaterialAttributes) Error on property Roughness
[2026.02.11-16.46.16:360][362]LogMaterial: Display: 	Function MatLayerBlend_Decal: (Node MakeMaterialAttributes) Error on property Roughness
[2026.02.11-16.46.16:360][362]LogMaterial: Display: 	Function MatLayerBlend_Standard: (Node MakeMaterialAttributes) Error on property AmbientOcclusion
[2026.02.11-16.46.16:360][362]LogMaterial: Display: 	Function MatLayerBlend_Standard: (Node MakeMaterialAttributes) Error on property PixelDepthOffset
[2026.02.11-16.46.16:431][362]LogMaterial: Display: Missing cached shadermap for MagGun_MatA in PCD3D_SM5, Default, SM5 (DDC key hash: BDE4538687C4F743906B84A9BDB438F87DD282A2), compiling. 
[2026.02.11-16.46.16:435][362]LogMaterial: Warning: [AssetLog] /Engine/Transient.MagGun_MatA (no disk path found): Failed to compile Material for platform PCD3D_SM5, Default Material will be used in game.
[2026.02.11-16.46.16:435][362]LogMaterial: Display: 	(Node TextureSample) Texture Sample> Missing input texture
[2026.02.11-16.46.16:435][362]LogMaterial: Display: 	Missing Material Function
[2026.02.11-16.46.16:435][362]LogMaterial: Display: 	Function MatLayerBlend_Standard: (Node MakeMaterialAttributes) Error on property Normal
[2026.02.11-16.46.16:435][362]LogMaterial: Display: 	(Node TextureObject) Texture Object> Requires valid texture
[2026.02.11-16.46.16:435][362]LogMaterial: Display: 	Function MatLayerBlend_Decal: (Node MakeMaterialAttributes) Error on property Normal
[2026.02.11-16.46.16:435][362]LogMaterial: Display: 	Function MatLayerBlend_BakedNormal: (Node MakeMaterialAttributes) Error on property Normal
[2026.02.11-16.46.16:435][362]LogMaterial: Display: 	Function MatLayerBlend_Standard: (Node MakeMaterialAttributes) Error on property EmissiveColor
[2026.02.11-16.46.16:435][362]LogMaterial: Display: 	Function MatLayerBlend_Standard: (Node MakeMaterialAttributes) Error on property BaseColor
[2026.02.11-16.46.16:435][362]LogMaterial: Display: 	Function MatLayerBlend_Decal: (Node MakeMaterialAttributes) Error on property BaseColor
[2026.02.11-16.46.16:435][362]LogMaterial: Display: 	Function MatLayerBlend_TintAllChannels: (Node MakeMaterialAttributes) Error on property BaseColor
[2026.02.11-16.46.16:435][362]LogMaterial: Display: 	Function MatLayerBlend_Standard: (Node MakeMaterialAttributes) Error on property Metallic
[2026.02.11-16.46.16:435][362]LogMaterial: Display: 	Function MatLayerBlend_Decal: (Node MakeMaterialAttributes) Error on property Metallic
[2026.02.11-16.46.16:435][362]LogMaterial: Display: 	Function MatLayerBlend_Standard: (Node MakeMaterialAttributes) Error on property Specular
[2026.02.11-16.46.16:435][362]LogMaterial: Display: 	Function MatLayerBlend_TintAllChannels: (Node MakeMaterialAttributes) Error on property Specular
[2026.02.11-16.46.16:435][362]LogMaterial: Display: 	Function MatLayerBlend_Standard: (Node MakeMaterialAttributes) Error on property Roughness
[2026.02.11-16.46.16:435][362]LogMaterial: Display: 	Function MatLayerBlend_RoughnessOverride: (Node MakeMaterialAttributes) Error on property Roughness
[2026.02.11-16.46.16:435][362]LogMaterial: Display: 	Function MatLayerBlend_Decal: (Node MakeMaterialAttributes) Error on property Roughness
[2026.02.11-16.46.16:435][362]LogMaterial: Display: 	Function MatLayerBlend_Standard: (Node MakeMaterialAttributes) Error on property AmbientOcclusion
[2026.02.11-16.46.16:435][362]LogMaterial: Display: 	Function MatLayerBlend_Standard: (Node MakeMaterialAttributes) Error on property PixelDepthOffset
[2026.02.11-16.46.16:438][362]LogMaterial: Display: Missing cached shadermap for MagGun_MatA in PCD3D_SM5, Default, SM5 (DDC key hash: A922218333BCC6D75D89FA971DC452AFDFBE4EFE), compiling. 
[2026.02.11-16.46.16:442][362]LogMaterial: Warning: [AssetLog] /Engine/Transient.MagGun_MatA (no disk path found): Failed to compile Material for platform PCD3D_SM5, Default Material will be used in game.
[2026.02.11-16.46.16:442][362]LogMaterial: Display: 	(Node TextureSample) Texture Sample> Missing input texture
[2026.02.11-16.46.16:442][362]LogMaterial: Display: 	Missing Material Function
[2026.02.11-16.46.16:442][362]LogMaterial: Display: 	Function MatLayerBlend_Standard: (Node MakeMaterialAttributes) Error on property Normal
[2026.02.11-16.46.16:442][362]LogMaterial: Display: 	(Node TextureObject) Texture Object> Requires valid texture
[2026.02.11-16.46.16:442][362]LogMaterial: Display: 	Function MatLayerBlend_Decal: (Node MakeMaterialAttributes) Error on property Normal
[2026.02.11-16.46.16:442][362]LogMaterial: Display: 	Function MatLayerBlend_BakedNormal: (Node MakeMaterialAttributes) Error on property Normal
[2026.02.11-16.46.16:442][362]LogMaterial: Display: 	Function MatLayerBlend_Standard: (Node MakeMaterialAttributes) Error on property EmissiveColor
[2026.02.11-16.46.16:442][362]LogMaterial: Display: 	Function MatLayerBlend_Standard: (Node MakeMaterialAttributes) Error on property BaseColor
[2026.02.11-16.46.16:442][362]LogMaterial: Display: 	Function MatLayerBlend_Decal: (Node MakeMaterialAttributes) Error on property BaseColor
[2026.02.11-16.46.16:442][362]LogMaterial: Display: 	Function MatLayerBlend_TintAllChannels: (Node MakeMaterialAttributes) Error on property BaseColor
[2026.02.11-16.46.16:442][362]LogMaterial: Display: 	Function MatLayerBlend_Standard: (Node MakeMaterialAttributes) Error on property Metallic
[2026.02.11-16.46.16:442][362]LogMaterial: Display: 	Function MatLayerBlend_Decal: (Node MakeMaterialAttributes) Error on property Metallic
[2026.02.11-16.46.16:442][362]LogMaterial: Display: 	Function MatLayerBlend_Standard: (Node MakeMaterialAttributes) Error on property Specular
[2026.02.11-16.46.16:442][362]LogMaterial: Display: 	Function MatLayerBlend_TintAllChannels: (Node MakeMaterialAttributes) Error on property Specular
[2026.02.11-16.46.16:442][362]LogMaterial: Display: 	Function MatLayerBlend_Standard: (Node MakeMaterialAttributes) Error on property Roughness
[2026.02.11-16.46.16:442][362]LogMaterial: Display: 	Function MatLayerBlend_RoughnessOverride: (Node MakeMaterialAttributes) Error on property Roughness
[2026.02.11-16.46.16:442][362]LogMaterial: Display: 	Function MatLayerBlend_Decal: (Node MakeMaterialAttributes) Error on property Roughness
[2026.02.11-16.46.16:442][362]LogMaterial: Display: 	Function MatLayerBlend_Standard: (Node MakeMaterialAttributes) Error on property AmbientOcclusion
[2026.02.11-16.46.16:442][362]LogMaterial: Display: 	Function MatLayerBlend_Standard: (Node MakeMaterialAttributes) Error on property PixelDepthOffset
[2026.02.11-16.46.16:443][362]LogMaterial: Display: Missing cached shadermap for FMatExpressionPreview MaterialExpressionTextureSample_10 in PCD3D_SM5, Default, SM5 (DDC key hash: EC0084A4CB6AC7D411BB5960BECC66A21D2F41E3), compiling. 
[2026.02.11-16.46.16:443][362]LogMaterial: Display: Missing cached shadermap for FMatExpressionPreview MaterialExpressionTextureSample_0 in PCD3D_SM5, Default, SM5 (DDC key hash: 4E52E36A72B3D660FDA2DFAE4F0F8BA8B0CFA30D), compiling. 
[2026.02.11-16.46.16:445][362]LogMaterial: Display: Missing cached shadermap for FMatExpressionPreview MaterialExpressionLinearInterpolate_9 in PCD3D_SM5, Default, SM5 (DDC key hash: B56F7031964B55C44BA61996AF650710BF14FE4C), compiling. 
[2026.02.11-16.46.16:446][362]LogMaterial: Display: Missing cached shadermap for FMatExpressionPreview MaterialExpressionTextureSample_8 in PCD3D_SM5, Default, SM5 (DDC key hash: 524F52FE8759BBB18C46DB456F2EDC3B05E0D853), compiling. 
[2026.02.11-16.46.16:446][362]LogMaterial: Display: Missing cached shadermap for FMatExpressionPreview MaterialExpressionTextureObject_3 in PCD3D_SM5, Default, SM5 (DDC key hash: F2C54211505A331389D7E8073F32F88DA2E8AC60), compiling. 
[2026.02.11-16.46.16:447][362]LogMaterial: Display: Missing cached shadermap for FMatExpressionPreview MaterialExpressionVectorParameter_15 in PCD3D_SM5, Default, SM5 (DDC key hash: 1E11FB4F8D81B18144336728E836091579AED6B5), compiling. 
[2026.02.11-16.46.16:448][362]LogMaterial: Display: Missing cached shadermap for FMatExpressionPreview MaterialExpressionVectorParameter_16 in PCD3D_SM5, Default, SM5 (DDC key hash: 72FAABAE161ED20F8E015229084D78189EDF374B), compiling. 
[2026.02.11-16.46.16:449][362]LogMaterial: Display: Missing cached shadermap for FMatExpressionPreview MaterialExpressionVectorParameter_2 in PCD3D_SM5, Default, SM5 (DDC key hash: 66B0BA8D4C45A430CD2722944C4E84FAB0905480), compiling. 
[2026.02.11-16.46.16:450][362]LogMaterial: Display: Missing cached shadermap for FMatExpressionPreview MaterialExpressionVectorParameter_23 in PCD3D_SM5, Default, SM5 (DDC key hash: 0B49BB0D85B70A283F4FFD3C3507BE6951966BE0), compiling. 
[2026.02.11-16.46.16:452][362]LogMaterial: Display: Missing cached shadermap for FMatExpressionPreview MaterialExpressionVectorParameter_20 in PCD3D_SM5, Default, SM5 (DDC key hash: ED6A655F55A4973ECF329C85A1254A95118A9D16), compiling. 
[2026.02.11-16.46.16:482][362]MaterialEditorStats: Error: [SM5] (Node TextureSample) Texture Sample> Missing input texture
[2026.02.11-16.46.16:482][362]MaterialEditorStats: Error: [SM5] Missing Material Function
[2026.02.11-16.46.16:482][362]MaterialEditorStats: Error: [SM5] Function MatLayerBlend_Standard: (Node MakeMaterialAttributes) Error on property Normal
[2026.02.11-16.46.16:482][362]MaterialEditorStats: Error: [SM5] (Node TextureObject) Texture Object> Requires valid texture
[2026.02.11-16.46.16:482][362]MaterialEditorStats: Error: [SM5] Function MatLayerBlend_Decal: (Node MakeMaterialAttributes) Error on property Normal
[2026.02.11-16.46.16:482][362]MaterialEditorStats: Error: [SM5] Function MatLayerBlend_BakedNormal: (Node MakeMaterialAttributes) Error on property Normal
[2026.02.11-16.46.16:482][362]MaterialEditorStats: Error: [SM5] Function MatLayerBlend_Standard: (Node MakeMaterialAttributes) Error on property EmissiveColor
[2026.02.11-16.46.16:482][362]MaterialEditorStats: Error: [SM5] Function MatLayerBlend_Standard: (Node MakeMaterialAttributes) Error on property BaseColor
[2026.02.11-16.46.16:482][362]MaterialEditorStats: Error: [SM5] Function MatLayerBlend_Decal: (Node MakeMaterialAttributes) Error on property BaseColor
[2026.02.11-16.46.16:482][362]MaterialEditorStats: Error: [SM5] Function MatLayerBlend_TintAllChannels: (Node MakeMaterialAttributes) Error on property BaseColor
[2026.02.11-16.46.16:482][362]MaterialEditorStats: Error: [SM5] Function MatLayerBlend_Standard: (Node MakeMaterialAttributes) Error on property Metallic
[2026.02.11-16.46.16:482][362]MaterialEditorStats: Error: [SM5] Function MatLayerBlend_Decal: (Node MakeMaterialAttributes) Error on property Metallic
[2026.02.11-16.46.16:482][362]MaterialEditorStats: Error: [SM5] Function MatLayerBlend_Standard: (Node MakeMaterialAttributes) Error on property Specular
[2026.02.11-16.46.16:482][362]MaterialEditorStats: Error: [SM5] Function MatLayerBlend_TintAllChannels: (Node MakeMaterialAttributes) Error on property Specular
[2026.02.11-16.46.16:482][362]MaterialEditorStats: Error: [SM5] Function MatLayerBlend_Standard: (Node MakeMaterialAttributes) Error on property Roughness
[2026.02.11-16.46.16:482][362]MaterialEditorStats: Error: [SM5] Function MatLayerBlend_RoughnessOverride: (Node MakeMaterialAttributes) Error on property Roughness
[2026.02.11-16.46.16:482][362]MaterialEditorStats: Error: [SM5] Function MatLayerBlend_Decal: (Node MakeMaterialAttributes) Error on property Roughness
[2026.02.11-16.46.16:482][362]MaterialEditorStats: Error: [SM5] Function MatLayerBlend_Standard: (Node MakeMaterialAttributes) Error on property AmbientOcclusion
[2026.02.11-16.46.16:482][362]MaterialEditorStats: Error: [SM5] Function MatLayerBlend_Standard: (Node MakeMaterialAttributes) Error on property PixelDepthOffset
[2026.02.11-16.46.16:551][364]LogAnimation: Warning: SkeletalMesh Rifle has no skeleton. This needs to fixed before an animation can be set
[2026.02.11-16.46.16:567][365]LogAnimation: Warning: SkeletalMesh Rifle has no skeleton. This needs to fixed before an animation can be set
[2026.02.11-16.46.16:583][366]LogAnimation: Warning: SkeletalMesh Rifle has no skeleton. This needs to fixed before an animation can be set
[2026.02.11-16.46.16:600][367]LogAnimation: Warning: SkeletalMesh Rifle has no skeleton. This needs to fixed before an animation can be set
[2026.02.11-16.46.16:617][368]LogAnimation: Warning: SkeletalMesh Rifle has no skeleton. This needs to fixed before an animation can be set
[2026.02.11-16.46.16:634][369]LogAnimation: Warning: SkeletalMesh Rifle has no skeleton. This needs to fixed before an animation can be set
[2026.02.11-16.46.16:650][370]LogAnimation: Warning: SkeletalMesh Rifle has no skeleton. This needs to fixed before an animation can be set
[2026.02.11-16.46.16:666][371]LogAnimation: Warning: SkeletalMesh Rifle has no skeleton. This needs to fixed before an animation can be set
[2026.02.11-16.46.16:683][372]LogAnimation: Warning: SkeletalMesh Rifle has no skeleton. This needs to fixed before an animation can be set
[2026.02.11-16.46.16:699][373]LogAnimation: Warning: SkeletalMesh Rifle has no skeleton. This needs to fixed before an animation can be set
[2026.02.11-16.46.16:716][374]LogAnimation: Warning: SkeletalMesh Rifle has no skeleton. This needs to fixed before an animation can be set
[2026.02.11-16.46.16:733][375]LogAnimation: Warning: SkeletalMesh Rifle has no skeleton. This needs to fixed before an animation can be set
[2026.02.11-16.46.16:750][376]LogAnimation: Warning: SkeletalMesh Rifle has no skeleton. This needs to fixed before an animation can be set
[2026.02.11-16.46.16:767][377]LogAnimation: Warning: SkeletalMesh Rifle has no skeleton. This needs to fixed before an animation can be set
[2026.02.11-16.46.16:784][378]LogAnimation: Warning: SkeletalMesh Rifle has no skeleton. This needs to fixed before an animation can be set
[2026.02.11-16.46.16:799][379]LogAnimation: Warning: SkeletalMesh Rifle has no skeleton. This needs to fixed before an animation can be set
[2026.02.11-16.46.16:816][380]LogAnimation: Warning: SkeletalMesh Rifle has no skeleton. This needs to fixed before an animation can be set
[2026.02.11-16.46.16:833][381]LogAnimation: Warning: SkeletalMesh Rifle has no skeleton. This needs to fixed before an animation can be set
[2026.02.11-16.46.16:850][382]LogAnimation: Warning: SkeletalMesh Rifle has no skeleton. This needs to fixed before an animation can be set
[2026.02.11-16.46.16:869][383]LogAnimation: Warning: SkeletalMesh Rifle has no skeleton. This needs to fixed before an animation can be set
[2026.02.11-16.46.16:883][384]LogAnimation: Warning: SkeletalMesh Rifle has no skeleton. This needs to fixed before an animation can be set
[2026.02.11-16.46.23:048][754]LogShaderCompilers: Display: Submitted 2 shader compile jobs with 'ForceLocal' priority
[2026.02.11-16.46.23:048][754]LogShaderCompilers: Display: Worker (1/17): shaders left to compile 2
[2026.02.11-16.46.23:048][754]LogShaderCompilers: Display: Worker (2/17): shaders left to compile 1
[2026.02.11-16.46.23:048][754]LogShaderCompilers: Display: Started 2 'Local' shader compile jobs with 'ForceLocal' priority
[2026.02.11-16.46.31:673][262]LogMaterial: Display: Missing cached shadermap for MagGun_MatA in PCD3D_SM5, Default, SM5 (DDC key hash: BC8C7CFCF5FF1697F4B7891FAA37919E89E1C823), compiling. 
[2026.02.11-16.46.31:675][262]LogMaterial: Warning: [AssetLog] /Engine/Transient.MagGun_MatA (no disk path found): Failed to compile Material for platform PCD3D_SM5, Default Material will be used in game.
[2026.02.11-16.46.31:675][262]LogMaterial: Display: 	(Node TextureSample) Texture Sample> Missing input texture
[2026.02.11-16.46.31:675][262]LogMaterial: Display: 	Missing Material Function
[2026.02.11-16.46.31:675][262]LogMaterial: Display: 	(Node TextureObject) Texture Object> Requires valid texture
[2026.02.11-16.46.31:675][262]LogMaterial: Display: 	Function MatLayerBlend_Decal: (Node MakeMaterialAttributes) Error on property Normal
[2026.02.11-16.46.31:675][262]LogMaterial: Display: 	Function MatLayerBlend_BakedNormal: (Node MakeMaterialAttributes) Error on property Normal
[2026.02.11-16.46.31:675][262]LogMaterial: Display: 	Function MatLayerBlend_Decal: (Node MakeMaterialAttributes) Error on property BaseColor
[2026.02.11-16.46.31:675][262]LogMaterial: Display: 	Function MatLayerBlend_TintAllChannels: (Node MakeMaterialAttributes) Error on property BaseColor
[2026.02.11-16.46.31:675][262]LogMaterial: Display: 	Function MatLayerBlend_Decal: (Node MakeMaterialAttributes) Error on property Metallic
[2026.02.11-16.46.31:675][262]LogMaterial: Display: 	Function MatLayerBlend_TintAllChannels: (Node MakeMaterialAttributes) Error on property Specular
[2026.02.11-16.46.31:675][262]LogMaterial: Display: 	Function MatLayerBlend_Decal: (Node MakeMaterialAttributes) Error on property Roughness
[2026.02.11-16.46.31:676][262]LogMaterial: Display: Missing cached shadermap for FMatExpressionPreview MaterialExpressionTextureSample_0 in PCD3D_SM5, Default, SM5 (DDC key hash: 43E6436ECBF18B0C215651AD1488B79824597475), compiling. 
[2026.02.11-16.46.31:679][262]LogMaterial: Display: Missing cached shadermap for MagGun_MatA in PCD3D_SM5, Default, SM5 (DDC key hash: 1511CD3205049FA0DFA160D6EEAB93EDC707694F), compiling. 
[2026.02.11-16.46.31:681][262]LogMaterial: Warning: [AssetLog] /Engine/Transient.MagGun_MatA (no disk path found): Failed to compile Material for platform PCD3D_SM5, Default Material will be used in game.
[2026.02.11-16.46.31:681][262]LogMaterial: Display: 	(Node TextureSample) Texture Sample> Missing input texture
[2026.02.11-16.46.31:681][262]LogMaterial: Display: 	Missing Material Function
[2026.02.11-16.46.31:681][262]LogMaterial: Display: 	(Node TextureObject) Texture Object> Requires valid texture
[2026.02.11-16.46.31:681][262]LogMaterial: Display: 	Function MatLayerBlend_Decal: (Node MakeMaterialAttributes) Error on property Normal
[2026.02.11-16.46.31:681][262]LogMaterial: Display: 	Function MatLayerBlend_BakedNormal: (Node MakeMaterialAttributes) Error on property Normal
[2026.02.11-16.46.31:681][262]LogMaterial: Display: 	Function MatLayerBlend_Decal: (Node MakeMaterialAttributes) Error on property BaseColor
[2026.02.11-16.46.31:681][262]LogMaterial: Display: 	Function MatLayerBlend_TintAllChannels: (Node MakeMaterialAttributes) Error on property BaseColor
[2026.02.11-16.46.31:681][262]LogMaterial: Display: 	Function MatLayerBlend_Decal: (Node MakeMaterialAttributes) Error on property Metallic
[2026.02.11-16.46.31:681][262]LogMaterial: Display: 	Function MatLayerBlend_TintAllChannels: (Node MakeMaterialAttributes) Error on property Specular
[2026.02.11-16.46.31:681][262]LogMaterial: Display: 	Function MatLayerBlend_Decal: (Node MakeMaterialAttributes) Error on property Roughness
[2026.02.11-16.46.31:683][262]MaterialEditorStats: Error: [SM5] (Node TextureSample) Texture Sample> Missing input texture
[2026.02.11-16.46.31:684][262]MaterialEditorStats: Error: [SM5] Missing Material Function
[2026.02.11-16.46.31:684][262]MaterialEditorStats: Error: [SM5] (Node TextureObject) Texture Object> Requires valid texture
[2026.02.11-16.46.31:684][262]MaterialEditorStats: Error: [SM5] Function MatLayerBlend_Decal: (Node MakeMaterialAttributes) Error on property Normal
[2026.02.11-16.46.31:684][262]MaterialEditorStats: Error: [SM5] Function MatLayerBlend_BakedNormal: (Node MakeMaterialAttributes) Error on property Normal
[2026.02.11-16.46.31:684][262]MaterialEditorStats: Error: [SM5] Function MatLayerBlend_Decal: (Node MakeMaterialAttributes) Error on property BaseColor
[2026.02.11-16.46.31:684][262]MaterialEditorStats: Error: [SM5] Function MatLayerBlend_TintAllChannels: (Node MakeMaterialAttributes) Error on property BaseColor
[2026.02.11-16.46.31:684][262]MaterialEditorStats: Error: [SM5] Function MatLayerBlend_Decal: (Node MakeMaterialAttributes) Error on property Metallic
[2026.02.11-16.46.31:684][262]MaterialEditorStats: Error: [SM5] Function MatLayerBlend_TintAllChannels: (Node MakeMaterialAttributes) Error on property Specular
[2026.02.11-16.46.31:684][262]MaterialEditorStats: Error: [SM5] Function MatLayerBlend_Decal: (Node MakeMaterialAttributes) Error on property Roughness
[2026.02.11-16.46.31:731][264]LogShaderCompilers: Display: Submitted 2 shader compile jobs with 'ForceLocal' priority
[2026.02.11-16.46.31:731][264]LogShaderCompilers: Display: Worker (1/17): shaders left to compile 2
[2026.02.11-16.46.31:731][264]LogShaderCompilers: Display: Worker (2/17): shaders left to compile 1
[2026.02.11-16.46.31:731][264]LogShaderCompilers: Display: Started 2 'Local' shader compile jobs with 'ForceLocal' priority
[2026.02.11-16.46.37:294][589]LogMaterial: Display: Missing cached shadermap for MagGun_MatA in PCD3D_SM5, Default, SM5 (DDC key hash: 754048AE8411D5B53026ED937DB4A4E01DE57249), compiling. 
[2026.02.11-16.46.37:297][589]LogMaterial: Warning: [AssetLog] /Engine/Transient.MagGun_MatA (no disk path found): Failed to compile Material for platform PCD3D_SM5, Default Material will be used in game.
[2026.02.11-16.46.37:297][589]LogMaterial: Display: 	(Node TextureSample) Texture Sample> Missing input texture
[2026.02.11-16.46.37:297][589]LogMaterial: Display: 	Missing Material Function
[2026.02.11-16.46.37:297][589]LogMaterial: Display: 	(Node TextureObject) Texture Object> Requires valid texture
[2026.02.11-16.46.37:297][589]LogMaterial: Display: 	Function MatLayerBlend_Decal: (Node MakeMaterialAttributes) Error on property Normal
[2026.02.11-16.46.37:297][589]LogMaterial: Display: 	Function MatLayerBlend_BakedNormal: (Node MakeMaterialAttributes) Error on property Normal
[2026.02.11-16.46.37:297][589]LogMaterial: Display: 	Function MatLayerBlend_Decal: (Node MakeMaterialAttributes) Error on property BaseColor
[2026.02.11-16.46.37:297][589]LogMaterial: Display: 	Function MatLayerBlend_TintAllChannels: (Node MakeMaterialAttributes) Error on property BaseColor
[2026.02.11-16.46.37:297][589]LogMaterial: Display: 	Function MatLayerBlend_Decal: (Node MakeMaterialAttributes) Error on property Metallic
[2026.02.11-16.46.37:297][589]LogMaterial: Display: 	Function MatLayerBlend_TintAllChannels: (Node MakeMaterialAttributes) Error on property Specular
[2026.02.11-16.46.37:297][589]LogMaterial: Display: 	Function MatLayerBlend_Decal: (Node MakeMaterialAttributes) Error on property Roughness
[2026.02.11-16.46.37:297][589]LogMaterial: Display: Missing cached shadermap for FMatExpressionPreview MaterialExpressionTextureSample_0 in PCD3D_SM5, Default, SM5 (DDC key hash: 0E202189D7AB61AE6148C2B36C692973F9F3BF27), compiling. 
[2026.02.11-16.46.37:300][589]LogMaterial: Display: Missing cached shadermap for MagGun_MatA in PCD3D_SM5, Default, SM5 (DDC key hash: 94AFE026EA414CB2FD5525098DDECCC4069CDDA5), compiling. 
[2026.02.11-16.46.37:302][589]LogMaterial: Warning: [AssetLog] /Engine/Transient.MagGun_MatA (no disk path found): Failed to compile Material for platform PCD3D_SM5, Default Material will be used in game.
[2026.02.11-16.46.37:302][589]LogMaterial: Display: 	(Node TextureSample) Texture Sample> Missing input texture
[2026.02.11-16.46.37:303][589]LogMaterial: Display: 	Missing Material Function
[2026.02.11-16.46.37:303][589]LogMaterial: Display: 	(Node TextureObject) Texture Object> Requires valid texture
[2026.02.11-16.46.37:303][589]LogMaterial: Display: 	Function MatLayerBlend_Decal: (Node MakeMaterialAttributes) Error on property Normal
[2026.02.11-16.46.37:303][589]LogMaterial: Display: 	Function MatLayerBlend_BakedNormal: (Node MakeMaterialAttributes) Error on property Normal
[2026.02.11-16.46.37:303][589]LogMaterial: Display: 	Function MatLayerBlend_Decal: (Node MakeMaterialAttributes) Error on property BaseColor
[2026.02.11-16.46.37:303][589]LogMaterial: Display: 	Function MatLayerBlend_TintAllChannels: (Node MakeMaterialAttributes) Error on property BaseColor
[2026.02.11-16.46.37:303][589]LogMaterial: Display: 	Function MatLayerBlend_Decal: (Node MakeMaterialAttributes) Error on property Metallic
[2026.02.11-16.46.37:303][589]LogMaterial: Display: 	Function MatLayerBlend_TintAllChannels: (Node MakeMaterialAttributes) Error on property Specular
[2026.02.11-16.46.37:303][589]LogMaterial: Display: 	Function MatLayerBlend_Decal: (Node MakeMaterialAttributes) Error on property Roughness
[2026.02.11-16.46.37:704][613]LogMaterial: Display: Missing cached shadermap for MagGun_MatA in PCD3D_SM5, Default, SM5 (DDC key hash: 6EC64905C17683BC14EF2AC5B16014634F8715C8), compiling. 
[2026.02.11-16.46.37:707][613]LogMaterial: Warning: [AssetLog] /Engine/Transient.MagGun_MatA (no disk path found): Failed to compile Material for platform PCD3D_SM5, Default Material will be used in game.
[2026.02.11-16.46.37:707][613]LogMaterial: Display: 	(Node TextureSample) Texture Sample> Missing input texture
[2026.02.11-16.46.37:707][613]LogMaterial: Display: 	Missing Material Function
[2026.02.11-16.46.37:707][613]LogMaterial: Display: 	(Node TextureObject) Texture Object> Requires valid texture
[2026.02.11-16.46.37:707][613]LogMaterial: Display: 	Function MatLayerBlend_Decal: (Node MakeMaterialAttributes) Error on property Normal
[2026.02.11-16.46.37:707][613]LogMaterial: Display: 	Function MatLayerBlend_BakedNormal: (Node MakeMaterialAttributes) Error on property Normal
[2026.02.11-16.46.37:707][613]LogMaterial: Display: 	Function MatLayerBlend_Decal: (Node MakeMaterialAttributes) Error on property BaseColor
[2026.02.11-16.46.37:707][613]LogMaterial: Display: 	Function MatLayerBlend_TintAllChannels: (Node MakeMaterialAttributes) Error on property BaseColor
[2026.02.11-16.46.37:707][613]LogMaterial: Display: 	Function MatLayerBlend_Decal: (Node MakeMaterialAttributes) Error on property Metallic
[2026.02.11-16.46.37:707][613]LogMaterial: Display: 	Function MatLayerBlend_TintAllChannels: (Node MakeMaterialAttributes) Error on property Specular
[2026.02.11-16.46.37:707][613]LogMaterial: Display: 	Function MatLayerBlend_Decal: (Node MakeMaterialAttributes) Error on property Roughness
[2026.02.11-16.46.37:707][613]LogMaterial: Display: Missing cached shadermap for FMatExpressionPreview MaterialExpressionTextureSample_0 in PCD3D_SM5, Default, SM5 (DDC key hash: B66ACC8BDC7DAB30B02C1663E9F65F2D7F4ADAE9), compiling. 
[2026.02.11-16.46.37:711][613]LogMaterial: Display: Missing cached shadermap for MagGun_MatA in PCD3D_SM5, Default, SM5 (DDC key hash: 61C3D26D9DD7399D1E7873A3ED20F60590009723), compiling. 
[2026.02.11-16.46.37:713][613]LogMaterial: Warning: [AssetLog] /Engine/Transient.MagGun_MatA (no disk path found): Failed to compile Material for platform PCD3D_SM5, Default Material will be used in game.
[2026.02.11-16.46.37:713][613]LogMaterial: Display: 	(Node TextureSample) Texture Sample> Missing input texture
[2026.02.11-16.46.37:713][613]LogMaterial: Display: 	Missing Material Function
[2026.02.11-16.46.37:713][613]LogMaterial: Display: 	(Node TextureObject) Texture Object> Requires valid texture
[2026.02.11-16.46.37:713][613]LogMaterial: Display: 	Function MatLayerBlend_Decal: (Node MakeMaterialAttributes) Error on property Normal
[2026.02.11-16.46.37:713][613]LogMaterial: Display: 	Function MatLayerBlend_BakedNormal: (Node MakeMaterialAttributes) Error on property Normal
[2026.02.11-16.46.37:713][613]LogMaterial: Display: 	Function MatLayerBlend_Decal: (Node MakeMaterialAttributes) Error on property BaseColor
[2026.02.11-16.46.37:713][613]LogMaterial: Display: 	Function MatLayerBlend_TintAllChannels: (Node MakeMaterialAttributes) Error on property BaseColor
[2026.02.11-16.46.37:713][613]LogMaterial: Display: 	Function MatLayerBlend_Decal: (Node MakeMaterialAttributes) Error on property Metallic
[2026.02.11-16.46.37:713][613]LogMaterial: Display: 	Function MatLayerBlend_TintAllChannels: (Node MakeMaterialAttributes) Error on property Specular
[2026.02.11-16.46.37:713][613]LogMaterial: Display: 	Function MatLayerBlend_Decal: (Node MakeMaterialAttributes) Error on property Roughness
[2026.02.11-16.46.40:069][750]LogMaterialEditor: Saving and Compiling material MagGun_MatA
[2026.02.11-16.46.41:896][750]LogSlate: Window 'Warning: Compilation errors in this Material' being destroyed
[2026.02.11-16.46.42:364][775]LogShaderCompilers: Display: Submitted 2 shader compile jobs with 'ForceLocal' priority
[2026.02.11-16.46.42:364][775]LogShaderCompilers: Display: Submitted 2 shader compile jobs with 'ForceLocal' priority
[2026.02.11-16.46.42:365][775]LogShaderCompilers: Display: Submitted 2 shader compile jobs with 'ForceLocal' priority
[2026.02.11-16.46.42:365][775]LogShaderCompilers: Display: Worker (1/17): shaders left to compile 6
[2026.02.11-16.46.42:365][775]LogShaderCompilers: Display: Worker (2/17): shaders left to compile 5
[2026.02.11-16.46.42:365][775]LogShaderCompilers: Display: Worker (3/17): shaders left to compile 4
[2026.02.11-16.46.42:365][775]LogShaderCompilers: Display: Worker (4/17): shaders left to compile 3
[2026.02.11-16.46.42:365][775]LogShaderCompilers: Display: Worker (5/17): shaders left to compile 2
[2026.02.11-16.46.42:365][775]LogShaderCompilers: Display: Worker (6/17): shaders left to compile 1
[2026.02.11-16.46.42:365][775]LogShaderCompilers: Display: Started 6 'Local' shader compile jobs with 'ForceLocal' priority
[2026.02.11-16.46.43:128][821]LogShaderCompilers: Display: Submitted 2 shader compile jobs with 'ForceLocal' priority
[2026.02.11-16.46.43:129][821]LogShaderCompilers: Display: Worker (1/17): shaders left to compile 2
[2026.02.11-16.46.43:129][821]LogShaderCompilers: Display: Worker (2/17): shaders left to compile 1
[2026.02.11-16.46.43:129][821]LogShaderCompilers: Display: Started 2 'Local' shader compile jobs with 'ForceLocal' priority
[2026.02.11-16.46.45:674][973]LogAnimation: Warning: SkeletalMesh Rifle has no skeleton. This needs to fixed before an animation can be set
[2026.02.11-16.46.45:691][974]LogAnimation: Warning: SkeletalMesh Rifle has no skeleton. This needs to fixed before an animation can be set
[2026.02.11-16.46.47:957][110]LogAnimation: Warning: SkeletalMesh Rifle has no skeleton. This needs to fixed before an animation can be set
[2026.02.11-16.46.47:974][111]LogAnimation: Warning: SkeletalMesh Rifle has no skeleton. This needs to fixed before an animation can be set
[2026.02.11-16.46.47:990][112]LogAnimation: Warning: SkeletalMesh Rifle has no skeleton. This needs to fixed before an animation can be set
[2026.02.11-16.46.48:007][113]LogAnimation: Warning: SkeletalMesh Rifle has no skeleton. This needs to fixed before an animation can be set
[2026.02.11-16.46.48:023][114]LogAnimation: Warning: SkeletalMesh Rifle has no skeleton. This needs to fixed before an animation can be set
[2026.02.11-16.46.48:040][115]LogAnimation: Warning: SkeletalMesh Rifle has no skeleton. This needs to fixed before an animation can be set
[2026.02.11-16.46.48:057][116]LogAnimation: Warning: SkeletalMesh Rifle has no skeleton. This needs to fixed before an animation can be set
[2026.02.11-16.46.48:074][117]LogAnimation: Warning: SkeletalMesh Rifle has no skeleton. This needs to fixed before an animation can be set
[2026.02.11-16.46.48:090][118]LogAnimation: Warning: SkeletalMesh Rifle has no skeleton. This needs to fixed before an animation can be set
[2026.02.11-16.46.48:107][119]LogAnimation: Warning: SkeletalMesh Rifle has no skeleton. This needs to fixed before an animation can be set
[2026.02.11-16.46.48:123][120]LogAnimation: Warning: SkeletalMesh Rifle has no skeleton. This needs to fixed before an animation can be set
[2026.02.11-16.46.48:140][121]LogAnimation: Warning: SkeletalMesh Rifle has no skeleton. This needs to fixed before an animation can be set
[2026.02.11-16.46.48:157][122]LogAnimation: Warning: SkeletalMesh Rifle has no skeleton. This needs to fixed before an animation can be set
[2026.02.11-16.46.48:176][123]LogAnimation: Warning: SkeletalMesh Rifle has no skeleton. This needs to fixed before an animation can be set
[2026.02.11-16.46.48:190][124]LogAnimation: Warning: SkeletalMesh Rifle has no skeleton. This needs to fixed before an animation can be set
[2026.02.11-16.46.48:207][125]LogAnimation: Warning: SkeletalMesh Rifle has no skeleton. This needs to fixed before an animation can be set
[2026.02.11-16.46.48:224][126]LogAnimation: Warning: SkeletalMesh Rifle has no skeleton. This needs to fixed before an animation can be set
[2026.02.11-16.46.48:240][127]LogAnimation: Warning: SkeletalMesh Rifle has no skeleton. This needs to fixed before an animation can be set
[2026.02.11-16.46.48:256][128]LogAnimation: Warning: SkeletalMesh Rifle has no skeleton. This needs to fixed before an animation can be set
[2026.02.11-16.46.48:274][129]LogAnimation: Warning: SkeletalMesh Rifle has no skeleton. This needs to fixed before an animation can be set
[2026.02.11-16.46.48:290][130]LogAnimation: Warning: SkeletalMesh Rifle has no skeleton. This needs to fixed before an animation can be set
[2026.02.11-16.46.48:307][131]LogAnimation: Warning: SkeletalMesh Rifle has no skeleton. This needs to fixed before an animation can be set
[2026.02.11-16.46.48:324][132]LogAnimation: Warning: SkeletalMesh Rifle has no skeleton. This needs to fixed before an animation can be set
[2026.02.11-16.46.48:340][133]LogAnimation: Warning: SkeletalMesh Rifle has no skeleton. This needs to fixed before an animation can be set
[2026.02.11-16.46.48:357][134]LogAnimation: Warning: SkeletalMesh Rifle has no skeleton. This needs to fixed before an animation can be set
[2026.02.11-16.46.48:374][135]LogAnimation: Warning: SkeletalMesh Rifle has no skeleton. This needs to fixed before an animation can be set
[2026.02.11-16.46.48:390][136]LogAnimation: Warning: SkeletalMesh Rifle has no skeleton. This needs to fixed before an animation can be set
[2026.02.11-16.46.48:406][137]LogAnimation: Warning: SkeletalMesh Rifle has no skeleton. This needs to fixed before an animation can be set
[2026.02.11-16.46.48:424][138]LogAnimation: Warning: SkeletalMesh Rifle has no skeleton. This needs to fixed before an animation can be set
[2026.02.11-16.46.48:440][139]LogAnimation: Warning: SkeletalMesh Rifle has no skeleton. This needs to fixed before an animation can be set
[2026.02.11-16.46.48:456][140]LogAnimation: Warning: SkeletalMesh Rifle has no skeleton. This needs to fixed before an animation can be set
[2026.02.11-16.46.48:474][141]LogAnimation: Warning: SkeletalMesh Rifle has no skeleton. This needs to fixed before an animation can be set
[2026.02.11-16.46.48:490][142]LogAnimation: Warning: SkeletalMesh Rifle has no skeleton. This needs to fixed before an animation can be set
[2026.02.11-16.46.48:506][143]LogAnimation: Warning: SkeletalMesh Rifle has no skeleton. This needs to fixed before an animation can be set
[2026.02.11-16.46.48:523][144]LogAnimation: Warning: SkeletalMesh Rifle has no skeleton. This needs to fixed before an animation can be set
[2026.02.11-16.46.48:540][145]LogAnimation: Warning: SkeletalMesh Rifle has no skeleton. This needs to fixed before an animation can be set
[2026.02.11-16.46.48:557][146]LogAnimation: Warning: SkeletalMesh Rifle has no skeleton. This needs to fixed before an animation can be set
[2026.02.11-16.46.48:573][147]LogAnimation: Warning: SkeletalMesh Rifle has no skeleton. This needs to fixed before an animation can be set
[2026.02.11-16.46.48:590][148]LogAnimation: Warning: SkeletalMesh Rifle has no skeleton. This needs to fixed before an animation can be set
[2026.02.11-16.46.48:607][149]LogAnimation: Warning: SkeletalMesh Rifle has no skeleton. This needs to fixed before an animation can be set
[2026.02.11-16.46.48:624][150]LogAnimation: Warning: SkeletalMesh Rifle has no skeleton. This needs to fixed before an animation can be set
[2026.02.11-16.46.48:640][151]LogAnimation: Warning: SkeletalMesh Rifle has no skeleton. This needs to fixed before an animation can be set
[2026.02.11-16.46.48:656][152]LogAnimation: Warning: SkeletalMesh Rifle has no skeleton. This needs to fixed before an animation can be set
[2026.02.11-16.46.48:674][153]LogAnimation: Warning: SkeletalMesh Rifle has no skeleton. This needs to fixed before an animation can be set
[2026.02.11-16.46.48:690][154]LogAnimation: Warning: SkeletalMesh Rifle has no skeleton. This needs to fixed before an animation can be set
[2026.02.11-16.46.48:707][155]LogAnimation: Warning: SkeletalMesh Rifle has no skeleton. This needs to fixed before an animation can be set
[2026.02.11-16.46.48:724][156]LogAnimation: Warning: SkeletalMesh Rifle has no skeleton. This needs to fixed before an animation can be set
[2026.02.11-16.46.48:740][157]LogAnimation: Warning: SkeletalMesh Rifle has no skeleton. This needs to fixed before an animation can be set
[2026.02.11-16.46.48:757][158]LogAnimation: Warning: SkeletalMesh Rifle has no skeleton. This needs to fixed before an animation can be set
[2026.02.11-16.46.48:774][159]LogAnimation: Warning: SkeletalMesh Rifle has no skeleton. This needs to fixed before an animation can be set
[2026.02.11-16.46.48:790][160]LogAnimation: Warning: SkeletalMesh Rifle has no skeleton. This needs to fixed before an animation can be set
[2026.02.11-16.46.48:807][161]LogAnimation: Warning: SkeletalMesh Rifle has no skeleton. This needs to fixed before an animation can be set
[2026.02.11-16.46.48:824][162]LogAnimation: Warning: SkeletalMesh Rifle has no skeleton. This needs to fixed before an animation can be set
[2026.02.11-16.46.48:840][163]LogAnimation: Warning: SkeletalMesh Rifle has no skeleton. This needs to fixed before an animation can be set
[2026.02.11-16.46.48:857][164]LogAnimation: Warning: SkeletalMesh Rifle has no skeleton. This needs to fixed before an animation can be set
[2026.02.11-16.46.48:874][165]LogAnimation: Warning: SkeletalMesh Rifle has no skeleton. This needs to fixed before an animation can be set
[2026.02.11-16.46.48:890][166]LogAnimation: Warning: SkeletalMesh Rifle has no skeleton. This needs to fixed before an animation can be set
[2026.02.11-16.46.48:907][167]LogAnimation: Warning: SkeletalMesh Rifle has no skeleton. This needs to fixed before an animation can be set
[2026.02.11-16.46.48:923][168]LogAnimation: Warning: SkeletalMesh Rifle has no skeleton. This needs to fixed before an animation can be set
[2026.02.11-16.46.48:940][169]LogAnimation: Warning: SkeletalMesh Rifle has no skeleton. This needs to fixed before an animation can be set
[2026.02.11-16.46.48:958][170]LogAnimation: Warning: SkeletalMesh Rifle has no skeleton. This needs to fixed before an animation can be set
[2026.02.11-16.46.48:974][171]LogAnimation: Warning: SkeletalMesh Rifle has no skeleton. This needs to fixed before an animation can be set
[2026.02.11-16.46.48:990][172]LogAnimation: Warning: SkeletalMesh Rifle has no skeleton. This needs to fixed before an animation can be set
[2026.02.11-16.46.49:007][173]LogAnimation: Warning: SkeletalMesh Rifle has no skeleton. This needs to fixed before an animation can be set
[2026.02.11-16.46.49:024][174]LogAnimation: Warning: SkeletalMesh Rifle has no skeleton. This needs to fixed before an animation can be set
[2026.02.11-16.46.49:041][175]LogAnimation: Warning: SkeletalMesh Rifle has no skeleton. This needs to fixed before an animation can be set
[2026.02.11-16.46.49:057][176]LogAnimation: Warning: SkeletalMesh Rifle has no skeleton. This needs to fixed before an animation can be set
[2026.02.11-16.46.49:074][177]LogAnimation: Warning: SkeletalMesh Rifle has no skeleton. This needs to fixed before an animation can be set
[2026.02.11-16.46.49:090][178]LogAnimation: Warning: SkeletalMesh Rifle has no skeleton. This needs to fixed before an animation can be set
[2026.02.11-16.46.49:106][179]LogAnimation: Warning: SkeletalMesh Rifle has no skeleton. This needs to fixed before an animation can be set
[2026.02.11-16.46.49:124][180]LogAnimation: Warning: SkeletalMesh Rifle has no skeleton. This needs to fixed before an animation can be set
[2026.02.11-16.46.49:140][181]LogAnimation: Warning: SkeletalMesh Rifle has no skeleton. This needs to fixed before an animation can be set
[2026.02.11-16.46.49:157][182]LogAnimation: Warning: SkeletalMesh Rifle has no skeleton. This needs to fixed before an animation can be set
[2026.02.11-16.46.49:173][183]LogAnimation: Warning: SkeletalMesh Rifle has no skeleton. This needs to fixed before an animation can be set
[2026.02.11-16.46.49:190][184]LogAnimation: Warning: SkeletalMesh Rifle has no skeleton. This needs to fixed before an animation can be set
[2026.02.11-16.46.49:207][185]LogAnimation: Warning: SkeletalMesh Rifle has no skeleton. This needs to fixed before an animation can be set
[2026.02.11-16.46.49:223][186]LogAnimation: Warning: SkeletalMesh Rifle has no skeleton. This needs to fixed before an animation can be set
[2026.02.11-16.46.49:240][187]LogAnimation: Warning: SkeletalMesh Rifle has no skeleton. This needs to fixed before an animation can be set
[2026.02.11-16.46.49:257][188]LogAnimation: Warning: SkeletalMesh Rifle has no skeleton. This needs to fixed before an animation can be set
[2026.02.11-16.46.49:274][189]LogAnimation: Warning: SkeletalMesh Rifle has no skeleton. This needs to fixed before an animation can be set
[2026.02.11-16.46.49:290][190]LogAnimation: Warning: SkeletalMesh Rifle has no skeleton. This needs to fixed before an animation can be set
[2026.02.11-16.46.49:307][191]LogAnimation: Warning: SkeletalMesh Rifle has no skeleton. This needs to fixed before an animation can be set
[2026.02.11-16.46.49:324][192]LogAnimation: Warning: SkeletalMesh Rifle has no skeleton. This needs to fixed before an animation can be set
[2026.02.11-16.46.49:340][193]LogAnimation: Warning: SkeletalMesh Rifle has no skeleton. This needs to fixed before an animation can be set
[2026.02.11-16.46.49:356][194]LogAnimation: Warning: SkeletalMesh Rifle has no skeleton. This needs to fixed before an animation can be set
[2026.02.11-16.46.49:373][195]LogAnimation: Warning: SkeletalMesh Rifle has no skeleton. This needs to fixed before an animation can be set
[2026.02.11-16.46.49:390][196]LogAnimation: Warning: SkeletalMesh Rifle has no skeleton. This needs to fixed before an animation can be set
[2026.02.11-16.46.49:407][197]LogAnimation: Warning: SkeletalMesh Rifle has no skeleton. This needs to fixed before an animation can be set
[2026.02.11-16.46.49:424][198]LogAnimation: Warning: SkeletalMesh Rifle has no skeleton. This needs to fixed before an animation can be set
[2026.02.11-16.46.49:440][199]LogAnimation: Warning: SkeletalMesh Rifle has no skeleton. This needs to fixed before an animation can be set
[2026.02.11-16.46.49:456][200]LogAnimation: Warning: SkeletalMesh Rifle has no skeleton. This needs to fixed before an animation can be set
[2026.02.11-16.46.49:474][201]LogAnimation: Warning: SkeletalMesh Rifle has no skeleton. This needs to fixed before an animation can be set
[2026.02.11-16.46.49:490][202]LogAnimation: Warning: SkeletalMesh Rifle has no skeleton. This needs to fixed before an animation can be set
[2026.02.11-16.46.49:507][203]LogAnimation: Warning: SkeletalMesh Rifle has no skeleton. This needs to fixed before an animation can be set
[2026.02.11-16.46.49:524][204]LogAnimation: Warning: SkeletalMesh Rifle has no skeleton. This needs to fixed before an animation can be set
[2026.02.11-16.46.49:540][205]LogAnimation: Warning: SkeletalMesh Rifle has no skeleton. This needs to fixed before an animation can be set
[2026.02.11-16.46.49:557][206]LogAnimation: Warning: SkeletalMesh Rifle has no skeleton. This needs to fixed before an animation can be set
[2026.02.11-16.46.49:573][207]LogAnimation: Warning: SkeletalMesh Rifle has no skeleton. This needs to fixed before an animation can be set
[2026.02.11-16.46.49:590][208]LogAnimation: Warning: SkeletalMesh Rifle has no skeleton. This needs to fixed before an animation can be set
[2026.02.11-16.46.49:607][209]LogAnimation: Warning: SkeletalMesh Rifle has no skeleton. This needs to fixed before an animation can be set
[2026.02.11-16.46.49:624][210]LogAnimation: Warning: SkeletalMesh Rifle has no skeleton. This needs to fixed before an animation can be set
[2026.02.11-16.46.49:640][211]LogAnimation: Warning: SkeletalMesh Rifle has no skeleton. This needs to fixed before an animation can be set
[2026.02.11-16.46.49:657][212]LogAnimation: Warning: SkeletalMesh Rifle has no skeleton. This needs to fixed before an animation can be set
[2026.02.11-16.46.49:674][213]LogAnimation: Warning: SkeletalMesh Rifle has no skeleton. This needs to fixed before an animation can be set
[2026.02.11-16.46.49:690][214]LogAnimation: Warning: SkeletalMesh Rifle has no skeleton. This needs to fixed before an animation can be set
[2026.02.11-16.46.49:707][215]LogAnimation: Warning: SkeletalMesh Rifle has no skeleton. This needs to fixed before an animation can be set
[2026.02.11-16.46.49:723][216]LogAnimation: Warning: SkeletalMesh Rifle has no skeleton. This needs to fixed before an animation can be set
[2026.02.11-16.46.49:740][217]LogAnimation: Warning: SkeletalMesh Rifle has no skeleton. This needs to fixed before an animation can be set
[2026.02.11-16.46.49:757][218]LogAnimation: Warning: SkeletalMesh Rifle has no skeleton. This needs to fixed before an animation can be set
[2026.02.11-16.46.49:773][219]LogAnimation: Warning: SkeletalMesh Rifle has no skeleton. This needs to fixed before an animation can be set
[2026.02.11-16.46.49:790][220]LogAnimation: Warning: SkeletalMesh Rifle has no skeleton. This needs to fixed before an animation can be set
[2026.02.11-16.46.49:806][221]LogAnimation: Warning: SkeletalMesh Rifle has no skeleton. This needs to fixed before an animation can be set
[2026.02.11-16.46.49:823][222]LogAnimation: Warning: SkeletalMesh Rifle has no skeleton. This needs to fixed before an animation can be set
[2026.02.11-16.46.49:840][223]LogAnimation: Warning: SkeletalMesh Rifle has no skeleton. This needs to fixed before an animation can be set
[2026.02.11-16.46.49:856][224]LogAnimation: Warning: SkeletalMesh Rifle has no skeleton. This needs to fixed before an animation can be set
[2026.02.11-16.46.49:874][225]LogAnimation: Warning: SkeletalMesh Rifle has no skeleton. This needs to fixed before an animation can be set
[2026.02.11-16.46.49:890][226]LogAnimation: Warning: SkeletalMesh Rifle has no skeleton. This needs to fixed before an animation can be set
[2026.02.11-16.46.49:907][227]LogAnimation: Warning: SkeletalMesh Rifle has no skeleton. This needs to fixed before an animation can be set
[2026.02.11-16.46.49:924][228]LogAnimation: Warning: SkeletalMesh Rifle has no skeleton. This needs to fixed before an animation can be set
[2026.02.11-16.46.49:940][229]LogAnimation: Warning: SkeletalMesh Rifle has no skeleton. This needs to fixed before an animation can be set
[2026.02.11-16.46.49:957][230]LogAnimation: Warning: SkeletalMesh Rifle has no skeleton. This needs to fixed before an animation can be set
[2026.02.11-16.46.49:974][231]LogAnimation: Warning: SkeletalMesh Rifle has no skeleton. This needs to fixed before an animation can be set
[2026.02.11-16.46.49:990][232]LogAnimation: Warning: SkeletalMesh Rifle has no skeleton. This needs to fixed before an animation can be set
[2026.02.11-16.46.50:007][233]LogAnimation: Warning: SkeletalMesh Rifle has no skeleton. This needs to fixed before an animation can be set
[2026.02.11-16.46.50:024][234]LogAnimation: Warning: SkeletalMesh Rifle has no skeleton. This needs to fixed before an animation can be set
[2026.02.11-16.46.50:040][235]LogAnimation: Warning: SkeletalMesh Rifle has no skeleton. This needs to fixed before an animation can be set
[2026.02.11-16.46.50:057][236]LogAnimation: Warning: SkeletalMesh Rifle has no skeleton. This needs to fixed before an animation can be set
[2026.02.11-16.46.50:074][237]LogAnimation: Warning: SkeletalMesh Rifle has no skeleton. This needs to fixed before an animation can be set
[2026.02.11-16.46.50:090][238]LogAnimation: Warning: SkeletalMesh Rifle has no skeleton. This needs to fixed before an animation can be set
[2026.02.11-16.46.50:107][239]LogAnimation: Warning: SkeletalMesh Rifle has no skeleton. This needs to fixed before an animation can be set
[2026.02.11-16.46.50:123][240]LogAnimation: Warning: SkeletalMesh Rifle has no skeleton. This needs to fixed before an animation can be set
[2026.02.11-16.46.50:140][241]LogAnimation: Warning: SkeletalMesh Rifle has no skeleton. This needs to fixed before an animation can be set
[2026.02.11-16.46.50:156][242]LogAnimation: Warning: SkeletalMesh Rifle has no skeleton. This needs to fixed before an animation can be set
[2026.02.11-16.46.50:173][243]LogAnimation: Warning: SkeletalMesh Rifle has no skeleton. This needs to fixed before an animation can be set
[2026.02.11-16.46.50:190][244]LogAnimation: Warning: SkeletalMesh Rifle has no skeleton. This needs to fixed before an animation can be set
[2026.02.11-16.46.50:207][245]LogAnimation: Warning: SkeletalMesh Rifle has no skeleton. This needs to fixed before an animation can be set
[2026.02.11-16.46.50:224][246]LogAnimation: Warning: SkeletalMesh Rifle has no skeleton. This needs to fixed before an animation can be set
[2026.02.11-16.46.50:241][247]LogAnimation: Warning: SkeletalMesh Rifle has no skeleton. This needs to fixed before an animation can be set
[2026.02.11-16.46.50:257][248]LogAnimation: Warning: SkeletalMesh Rifle has no skeleton. This needs to fixed before an animation can be set
[2026.02.11-16.46.50:273][249]LogAnimation: Warning: SkeletalMesh Rifle has no skeleton. This needs to fixed before an animation can be set
[2026.02.11-16.46.50:290][250]LogAnimation: Warning: SkeletalMesh Rifle has no skeleton. This needs to fixed before an animation can be set
[2026.02.11-16.46.50:307][251]LogAnimation: Warning: SkeletalMesh Rifle has no skeleton. This needs to fixed before an animation can be set
[2026.02.11-16.46.50:323][252]LogAnimation: Warning: SkeletalMesh Rifle has no skeleton. This needs to fixed before an animation can be set
[2026.02.11-16.46.50:340][253]LogAnimation: Warning: SkeletalMesh Rifle has no skeleton. This needs to fixed before an animation can be set
[2026.02.11-16.46.50:357][254]LogAnimation: Warning: SkeletalMesh Rifle has no skeleton. This needs to fixed before an animation can be set
[2026.02.11-16.46.50:374][255]LogAnimation: Warning: SkeletalMesh Rifle has no skeleton. This needs to fixed before an animation can be set
[2026.02.11-16.46.50:390][256]LogAnimation: Warning: SkeletalMesh Rifle has no skeleton. This needs to fixed before an animation can be set
[2026.02.11-16.46.50:406][257]LogAnimation: Warning: SkeletalMesh Rifle has no skeleton. This needs to fixed before an animation can be set
[2026.02.11-16.46.50:423][258]LogAnimation: Warning: SkeletalMesh Rifle has no skeleton. This needs to fixed before an animation can be set
[2026.02.11-16.46.50:441][259]LogAnimation: Warning: SkeletalMesh Rifle has no skeleton. This needs to fixed before an animation can be set
[2026.02.11-16.46.50:457][260]LogAnimation: Warning: SkeletalMesh Rifle has no skeleton. This needs to fixed before an animation can be set
[2026.02.11-16.46.50:474][261]LogAnimation: Warning: SkeletalMesh Rifle has no skeleton. This needs to fixed before an animation can be set
[2026.02.11-16.46.50:491][262]LogAnimation: Warning: SkeletalMesh Rifle has no skeleton. This needs to fixed before an animation can be set
[2026.02.11-16.46.50:507][263]LogAnimation: Warning: SkeletalMesh Rifle has no skeleton. This needs to fixed before an animation can be set
[2026.02.11-16.46.50:523][264]LogAnimation: Warning: SkeletalMesh Rifle has no skeleton. This needs to fixed before an animation can be set
[2026.02.11-16.46.50:540][265]LogAnimation: Warning: SkeletalMesh Rifle has no skeleton. This needs to fixed before an animation can be set
[2026.02.11-16.46.50:557][266]LogAnimation: Warning: SkeletalMesh Rifle has no skeleton. This needs to fixed before an animation can be set
[2026.02.11-16.46.50:574][267]LogAnimation: Warning: SkeletalMesh Rifle has no skeleton. This needs to fixed before an animation can be set
[2026.02.11-16.46.50:590][268]LogAnimation: Warning: SkeletalMesh Rifle has no skeleton. This needs to fixed before an animation can be set
[2026.02.11-16.46.50:608][269]LogAnimation: Warning: SkeletalMesh Rifle has no skeleton. This needs to fixed before an animation can be set
[2026.02.11-16.46.50:624][270]LogAnimation: Warning: SkeletalMesh Rifle has no skeleton. This needs to fixed before an animation can be set
[2026.02.11-16.46.50:640][271]LogAnimation: Warning: SkeletalMesh Rifle has no skeleton. This needs to fixed before an animation can be set
[2026.02.11-16.46.50:657][272]LogAnimation: Warning: SkeletalMesh Rifle has no skeleton. This needs to fixed before an animation can be set
[2026.02.11-16.46.50:674][273]LogAnimation: Warning: SkeletalMesh Rifle has no skeleton. This needs to fixed before an animation can be set
[2026.02.11-16.46.50:690][274]LogAnimation: Warning: SkeletalMesh Rifle has no skeleton. This needs to fixed before an animation can be set
[2026.02.11-16.46.50:708][275]LogAnimation: Warning: SkeletalMesh Rifle has no skeleton. This needs to fixed before an animation can be set
[2026.02.11-16.46.50:723][276]LogAnimation: Warning: SkeletalMesh Rifle has no skeleton. This needs to fixed before an animation can be set
[2026.02.11-16.46.50:741][277]LogAnimation: Warning: SkeletalMesh Rifle has no skeleton. This needs to fixed before an animation can be set
[2026.02.11-16.46.50:758][278]LogAnimation: Warning: SkeletalMesh Rifle has no skeleton. This needs to fixed before an animation can be set
[2026.02.11-16.46.50:774][279]LogAnimation: Warning: SkeletalMesh Rifle has no skeleton. This needs to fixed before an animation can be set
[2026.02.11-16.46.50:790][280]LogAnimation: Warning: SkeletalMesh Rifle has no skeleton. This needs to fixed before an animation can be set
[2026.02.11-16.46.50:807][281]LogAnimation: Warning: SkeletalMesh Rifle has no skeleton. This needs to fixed before an animation can be set
[2026.02.11-16.46.50:823][282]LogAnimation: Warning: SkeletalMesh Rifle has no skeleton. This needs to fixed before an animation can be set
[2026.02.11-16.46.50:840][283]LogAnimation: Warning: SkeletalMesh Rifle has no skeleton. This needs to fixed before an animation can be set
[2026.02.11-16.46.50:859][284]LogAnimation: Warning: SkeletalMesh Rifle has no skeleton. This needs to fixed before an animation can be set
[2026.02.11-16.46.50:874][285]LogAnimation: Warning: SkeletalMesh Rifle has no skeleton. This needs to fixed before an animation can be set
[2026.02.11-16.46.50:891][286]LogAnimation: Warning: SkeletalMesh Rifle has no skeleton. This needs to fixed before an animation can be set
[2026.02.11-16.46.50:907][287]LogAnimation: Warning: SkeletalMesh Rifle has no skeleton. This needs to fixed before an animation can be set
[2026.02.11-16.46.50:924][288]LogAnimation: Warning: SkeletalMesh Rifle has no skeleton. This needs to fixed before an animation can be set
[2026.02.11-16.46.50:943][289]LogAnimation: Warning: SkeletalMesh Rifle has no skeleton. This needs to fixed before an animation can be set
[2026.02.11-16.46.50:958][290]LogAnimation: Warning: SkeletalMesh Rifle has no skeleton. This needs to fixed before an animation can be set
[2026.02.11-16.46.50:974][291]LogAnimation: Warning: SkeletalMesh Rifle has no skeleton. This needs to fixed before an animation can be set
[2026.02.11-16.46.50:991][292]LogAnimation: Warning: SkeletalMesh Rifle has no skeleton. This needs to fixed before an animation can be set
[2026.02.11-16.46.51:008][293]LogAnimation: Warning: SkeletalMesh Rifle has no skeleton. This needs to fixed before an animation can be set
[2026.02.11-16.46.51:024][294]LogAnimation: Warning: SkeletalMesh Rifle has no skeleton. This needs to fixed before an animation can be set
[2026.02.11-16.46.51:040][295]LogAnimation: Warning: SkeletalMesh Rifle has no skeleton. This needs to fixed before an animation can be set
[2026.02.11-16.46.51:057][296]LogAnimation: Warning: SkeletalMesh Rifle has no skeleton. This needs to fixed before an animation can be set
[2026.02.11-16.46.51:073][297]LogAnimation: Warning: SkeletalMesh Rifle has no skeleton. This needs to fixed before an animation can be set
[2026.02.11-16.46.51:090][298]LogAnimation: Warning: SkeletalMesh Rifle has no skeleton. This needs to fixed before an animation can be set
[2026.02.11-16.46.51:107][299]LogAnimation: Warning: SkeletalMesh Rifle has no skeleton. This needs to fixed before an animation can be set
[2026.02.11-16.46.51:124][300]LogAnimation: Warning: SkeletalMesh Rifle has no skeleton. This needs to fixed before an animation can be set
[2026.02.11-16.46.51:140][301]LogAnimation: Warning: SkeletalMesh Rifle has no skeleton. This needs to fixed before an animation can be set
[2026.02.11-16.46.51:157][302]LogAnimation: Warning: SkeletalMesh Rifle has no skeleton. This needs to fixed before an animation can be set
[2026.02.11-16.46.51:173][303]LogAnimation: Warning: SkeletalMesh Rifle has no skeleton. This needs to fixed before an animation can be set
[2026.02.11-16.46.51:191][304]LogAnimation: Warning: SkeletalMesh Rifle has no skeleton. This needs to fixed before an animation can be set
[2026.02.11-16.46.51:209][305]LogAnimation: Warning: SkeletalMesh Rifle has no skeleton. This needs to fixed before an animation can be set
[2026.02.11-16.46.51:223][306]LogAnimation: Warning: SkeletalMesh Rifle has no skeleton. This needs to fixed before an animation can be set
[2026.02.11-16.46.51:240][307]LogAnimation: Warning: SkeletalMesh Rifle has no skeleton. This needs to fixed before an animation can be set
[2026.02.11-16.46.51:257][308]LogAnimation: Warning: SkeletalMesh Rifle has no skeleton. This needs to fixed before an animation can be set
[2026.02.11-16.46.51:273][309]LogAnimation: Warning: SkeletalMesh Rifle has no skeleton. This needs to fixed before an animation can be set
[2026.02.11-16.46.51:291][310]LogAnimation: Warning: SkeletalMesh Rifle has no skeleton. This needs to fixed before an animation can be set
[2026.02.11-16.46.51:308][311]LogAnimation: Warning: SkeletalMesh Rifle has no skeleton. This needs to fixed before an animation can be set
[2026.02.11-16.46.51:324][312]LogAnimation: Warning: SkeletalMesh Rifle has no skeleton. This needs to fixed before an animation can be set
[2026.02.11-16.46.51:340][313]LogAnimation: Warning: SkeletalMesh Rifle has no skeleton. This needs to fixed before an animation can be set
[2026.02.11-16.46.51:357][314]LogAnimation: Warning: SkeletalMesh Rifle has no skeleton. This needs to fixed before an animation can be set
[2026.02.11-16.46.51:374][315]LogAnimation: Warning: SkeletalMesh Rifle has no skeleton. This needs to fixed before an animation can be set
[2026.02.11-16.46.51:391][316]LogAnimation: Warning: SkeletalMesh Rifle has no skeleton. This needs to fixed before an animation can be set
[2026.02.11-16.46.51:408][317]LogAnimation: Warning: SkeletalMesh Rifle has no skeleton. This needs to fixed before an animation can be set
[2026.02.11-16.46.51:424][318]LogAnimation: Warning: SkeletalMesh Rifle has no skeleton. This needs to fixed before an animation can be set
[2026.02.11-16.46.51:440][319]LogAnimation: Warning: SkeletalMesh Rifle has no skeleton. This needs to fixed before an animation can be set
[2026.02.11-16.46.51:457][320]LogAnimation: Warning: SkeletalMesh Rifle has no skeleton. This needs to fixed before an animation can be set
[2026.02.11-16.46.51:473][321]LogAnimation: Warning: SkeletalMesh Rifle has no skeleton. This needs to fixed before an animation can be set
[2026.02.11-16.46.51:490][322]LogAnimation: Warning: SkeletalMesh Rifle has no skeleton. This needs to fixed before an animation can be set
[2026.02.11-16.46.51:507][323]LogAnimation: Warning: SkeletalMesh Rifle has no skeleton. This needs to fixed before an animation can be set
[2026.02.11-16.46.51:524][324]LogAnimation: Warning: SkeletalMesh Rifle has no skeleton. This needs to fixed before an animation can be set
[2026.02.11-16.46.51:540][325]LogAnimation: Warning: SkeletalMesh Rifle has no skeleton. This needs to fixed before an animation can be set
[2026.02.11-16.46.51:559][326]LogAnimation: Warning: SkeletalMesh Rifle has no skeleton. This needs to fixed before an animation can be set
[2026.02.11-16.46.51:574][327]LogAnimation: Warning: SkeletalMesh Rifle has no skeleton. This needs to fixed before an animation can be set
[2026.02.11-16.46.51:590][328]LogAnimation: Warning: SkeletalMesh Rifle has no skeleton. This needs to fixed before an animation can be set
[2026.02.11-16.46.51:608][329]LogAnimation: Warning: SkeletalMesh Rifle has no skeleton. This needs to fixed before an animation can be set
[2026.02.11-16.46.51:624][330]LogAnimation: Warning: SkeletalMesh Rifle has no skeleton. This needs to fixed before an animation can be set
[2026.02.11-16.46.51:640][331]LogAnimation: Warning: SkeletalMesh Rifle has no skeleton. This needs to fixed before an animation can be set
[2026.02.11-16.46.51:657][332]LogAnimation: Warning: SkeletalMesh Rifle has no skeleton. This needs to fixed before an animation can be set
[2026.02.11-16.46.51:675][333]LogAnimation: Warning: SkeletalMesh Rifle has no skeleton. This needs to fixed before an animation can be set
[2026.02.11-16.46.51:690][334]LogAnimation: Warning: SkeletalMesh Rifle has no skeleton. This needs to fixed before an animation can be set
[2026.02.11-16.46.51:709][335]LogAnimation: Warning: SkeletalMesh Rifle has no skeleton. This needs to fixed before an animation can be set
[2026.02.11-16.46.51:723][336]LogAnimation: Warning: SkeletalMesh Rifle has no skeleton. This needs to fixed before an animation can be set
[2026.02.11-16.46.51:740][337]LogAnimation: Warning: SkeletalMesh Rifle has no skeleton. This needs to fixed before an animation can be set
[2026.02.11-16.46.51:757][338]LogAnimation: Warning: SkeletalMesh Rifle has no skeleton. This needs to fixed before an animation can be set
[2026.02.11-16.46.51:774][339]LogAnimation: Warning: SkeletalMesh Rifle has no skeleton. This needs to fixed before an animation can be set
[2026.02.11-16.46.51:790][340]LogAnimation: Warning: SkeletalMesh Rifle has no skeleton. This needs to fixed before an animation can be set
[2026.02.11-16.46.51:807][341]LogAnimation: Warning: SkeletalMesh Rifle has no skeleton. This needs to fixed before an animation can be set
[2026.02.11-16.46.51:824][342]LogAnimation: Warning: SkeletalMesh Rifle has no skeleton. This needs to fixed before an animation can be set
[2026.02.11-16.46.51:842][343]LogAnimation: Warning: SkeletalMesh Rifle has no skeleton. This needs to fixed before an animation can be set
[2026.02.11-16.46.51:857][344]LogAnimation: Warning: SkeletalMesh Rifle has no skeleton. This needs to fixed before an animation can be set
[2026.02.11-16.46.51:875][345]LogAnimation: Warning: SkeletalMesh Rifle has no skeleton. This needs to fixed before an animation can be set
[2026.02.11-16.46.51:891][346]LogAnimation: Warning: SkeletalMesh Rifle has no skeleton. This needs to fixed before an animation can be set
[2026.02.11-16.46.51:907][347]LogAnimation: Warning: SkeletalMesh Rifle has no skeleton. This needs to fixed before an animation can be set
[2026.02.11-16.46.51:923][348]LogAnimation: Warning: SkeletalMesh Rifle has no skeleton. This needs to fixed before an animation can be set
[2026.02.11-16.46.51:940][349]LogAnimation: Warning: SkeletalMesh Rifle has no skeleton. This needs to fixed before an animation can be set
[2026.02.11-16.46.51:957][350]LogAnimation: Warning: SkeletalMesh Rifle has no skeleton. This needs to fixed before an animation can be set
[2026.02.11-16.46.51:973][351]LogAnimation: Warning: SkeletalMesh Rifle has no skeleton. This needs to fixed before an animation can be set
[2026.02.11-16.46.51:991][352]LogAnimation: Warning: SkeletalMesh Rifle has no skeleton. This needs to fixed before an animation can be set
[2026.02.11-16.46.52:007][353]LogAnimation: Warning: SkeletalMesh Rifle has no skeleton. This needs to fixed before an animation can be set
[2026.02.11-16.46.52:023][354]LogAnimation: Warning: SkeletalMesh Rifle has no skeleton. This needs to fixed before an animation can be set
[2026.02.11-16.46.52:040][355]LogAnimation: Warning: SkeletalMesh Rifle has no skeleton. This needs to fixed before an animation can be set
[2026.02.11-16.46.52:057][356]LogAnimation: Warning: SkeletalMesh Rifle has no skeleton. This needs to fixed before an animation can be set
[2026.02.11-16.46.52:074][357]LogAnimation: Warning: SkeletalMesh Rifle has no skeleton. This needs to fixed before an animation can be set
[2026.02.11-16.46.52:091][358]LogAnimation: Warning: SkeletalMesh Rifle has no skeleton. This needs to fixed before an animation can be set
[2026.02.11-16.46.52:107][359]LogAnimation: Warning: SkeletalMesh Rifle has no skeleton. This needs to fixed before an animation can be set
[2026.02.11-16.46.52:124][360]LogAnimation: Warning: SkeletalMesh Rifle has no skeleton. This needs to fixed before an animation can be set
[2026.02.11-16.46.52:140][361]LogAnimation: Warning: SkeletalMesh Rifle has no skeleton. This needs to fixed before an animation can be set
[2026.02.11-16.46.52:158][362]LogAnimation: Warning: SkeletalMesh Rifle has no skeleton. This needs to fixed before an animation can be set
[2026.02.11-16.46.52:176][363]LogAnimation: Warning: SkeletalMesh Rifle has no skeleton. This needs to fixed before an animation can be set
[2026.02.11-16.46.52:190][364]LogAnimation: Warning: SkeletalMesh Rifle has no skeleton. This needs to fixed before an animation can be set
[2026.02.11-16.46.52:207][365]LogAnimation: Warning: SkeletalMesh Rifle has no skeleton. This needs to fixed before an animation can be set
[2026.02.11-16.46.52:224][366]LogAnimation: Warning: SkeletalMesh Rifle has no skeleton. This needs to fixed before an animation can be set
[2026.02.11-16.46.52:242][367]LogAnimation: Warning: SkeletalMesh Rifle has no skeleton. This needs to fixed before an animation can be set
[2026.02.11-16.46.52:257][368]LogAnimation: Warning: SkeletalMesh Rifle has no skeleton. This needs to fixed before an animation can be set
[2026.02.11-16.46.52:274][369]LogAnimation: Warning: SkeletalMesh Rifle has no skeleton. This needs to fixed before an animation can be set
[2026.02.11-16.46.52:291][370]LogAnimation: Warning: SkeletalMesh Rifle has no skeleton. This needs to fixed before an animation can be set
[2026.02.11-16.46.52:307][371]LogAnimation: Warning: SkeletalMesh Rifle has no skeleton. This needs to fixed before an animation can be set
[2026.02.11-16.46.52:323][372]LogAnimation: Warning: SkeletalMesh Rifle has no skeleton. This needs to fixed before an animation can be set
[2026.02.11-16.46.52:340][373]LogAnimation: Warning: SkeletalMesh Rifle has no skeleton. This needs to fixed before an animation can be set
[2026.02.11-16.46.52:356][374]LogAnimation: Warning: SkeletalMesh Rifle has no skeleton. This needs to fixed before an animation can be set
[2026.02.11-16.46.52:374][375]LogAnimation: Warning: SkeletalMesh Rifle has no skeleton. This needs to fixed before an animation can be set
[2026.02.11-16.46.52:390][376]LogAnimation: Warning: SkeletalMesh Rifle has no skeleton. This needs to fixed before an animation can be set
[2026.02.11-16.46.52:408][377]LogAnimation: Warning: SkeletalMesh Rifle has no skeleton. This needs to fixed before an animation can be set
[2026.02.11-16.46.52:424][378]LogAnimation: Warning: SkeletalMesh Rifle has no skeleton. This needs to fixed before an animation can be set
[2026.02.11-16.46.52:441][379]LogAnimation: Warning: SkeletalMesh Rifle has no skeleton. This needs to fixed before an animation can be set
[2026.02.11-16.46.52:457][380]LogAnimation: Warning: SkeletalMesh Rifle has no skeleton. This needs to fixed before an animation can be set
[2026.02.11-16.46.52:474][381]LogAnimation: Warning: SkeletalMesh Rifle has no skeleton. This needs to fixed before an animation can be set
[2026.02.11-16.46.52:490][382]LogAnimation: Warning: SkeletalMesh Rifle has no skeleton. This needs to fixed before an animation can be set
[2026.02.11-16.46.52:507][383]LogAnimation: Warning: SkeletalMesh Rifle has no skeleton. This needs to fixed before an animation can be set
[2026.02.11-16.46.52:524][384]LogAnimation: Warning: SkeletalMesh Rifle has no skeleton. This needs to fixed before an animation can be set
[2026.02.11-16.46.52:540][385]LogAnimation: Warning: SkeletalMesh Rifle has no skeleton. This needs to fixed before an animation can be set
[2026.02.11-16.46.52:557][386]LogAnimation: Warning: SkeletalMesh Rifle has no skeleton. This needs to fixed before an animation can be set
[2026.02.11-16.46.52:574][387]LogAnimation: Warning: SkeletalMesh Rifle has no skeleton. This needs to fixed before an animation can be set
[2026.02.11-16.46.52:591][388]LogAnimation: Warning: SkeletalMesh Rifle has no skeleton. This needs to fixed before an animation can be set
[2026.02.11-16.46.52:607][389]LogAnimation: Warning: SkeletalMesh Rifle has no skeleton. This needs to fixed before an animation can be set
[2026.02.11-16.46.52:624][390]LogAnimation: Warning: SkeletalMesh Rifle has no skeleton. This needs to fixed before an animation can be set
[2026.02.11-16.46.52:640][391]LogAnimation: Warning: SkeletalMesh Rifle has no skeleton. This needs to fixed before an animation can be set
[2026.02.11-16.46.52:658][392]LogAnimation: Warning: SkeletalMesh Rifle has no skeleton. This needs to fixed before an animation can be set
[2026.02.11-16.46.52:673][393]LogAnimation: Warning: SkeletalMesh Rifle has no skeleton. This needs to fixed before an animation can be set
[2026.02.11-16.46.52:690][394]LogAnimation: Warning: SkeletalMesh Rifle has no skeleton. This needs to fixed before an animation can be set
[2026.02.11-16.46.52:707][395]LogAnimation: Warning: SkeletalMesh Rifle has no skeleton. This needs to fixed before an animation can be set
[2026.02.11-16.46.52:723][396]LogAnimation: Warning: SkeletalMesh Rifle has no skeleton. This needs to fixed before an animation can be set
[2026.02.11-16.46.52:740][397]LogAnimation: Warning: SkeletalMesh Rifle has no skeleton. This needs to fixed before an animation can be set
[2026.02.11-16.46.52:758][398]LogAnimation: Warning: SkeletalMesh Rifle has no skeleton. This needs to fixed before an animation can be set
[2026.02.11-16.46.52:774][399]LogAnimation: Warning: SkeletalMesh Rifle has no skeleton. This needs to fixed before an animation can be set
[2026.02.11-16.46.52:790][400]LogAnimation: Warning: SkeletalMesh Rifle has no skeleton. This needs to fixed before an animation can be set
[2026.02.11-16.46.52:807][401]LogAnimation: Warning: SkeletalMesh Rifle has no skeleton. This needs to fixed before an animation can be set
[2026.02.11-16.46.52:824][402]LogAnimation: Warning: SkeletalMesh Rifle has no skeleton. This needs to fixed before an animation can be set
[2026.02.11-16.46.52:841][403]LogAnimation: Warning: SkeletalMesh Rifle has no skeleton. This needs to fixed before an animation can be set
[2026.02.11-16.46.52:857][404]LogAnimation: Warning: SkeletalMesh Rifle has no skeleton. This needs to fixed before an animation can be set
[2026.02.11-16.46.52:874][405]LogAnimation: Warning: SkeletalMesh Rifle has no skeleton. This needs to fixed before an animation can be set
[2026.02.11-16.46.52:891][406]LogAnimation: Warning: SkeletalMesh Rifle has no skeleton. This needs to fixed before an animation can be set
[2026.02.11-16.46.52:907][407]LogAnimation: Warning: SkeletalMesh Rifle has no skeleton. This needs to fixed before an animation can be set
[2026.02.11-16.46.52:924][408]LogAnimation: Warning: SkeletalMesh Rifle has no skeleton. This needs to fixed before an animation can be set
[2026.02.11-16.46.52:942][409]LogAnimation: Warning: SkeletalMesh Rifle has no skeleton. This needs to fixed before an animation can be set
[2026.02.11-16.46.52:957][410]LogAnimation: Warning: SkeletalMesh Rifle has no skeleton. This needs to fixed before an animation can be set
[2026.02.11-16.46.52:974][411]LogAnimation: Warning: SkeletalMesh Rifle has no skeleton. This needs to fixed before an animation can be set
[2026.02.11-16.46.52:990][412]LogAnimation: Warning: SkeletalMesh Rifle has no skeleton. This needs to fixed before an animation can be set
[2026.02.11-16.46.53:007][413]LogAnimation: Warning: SkeletalMesh Rifle has no skeleton. This needs to fixed before an animation can be set
[2026.02.11-16.46.53:023][414]LogAnimation: Warning: SkeletalMesh Rifle has no skeleton. This needs to fixed before an animation can be set
[2026.02.11-16.46.53:040][415]LogAnimation: Warning: SkeletalMesh Rifle has no skeleton. This needs to fixed before an animation can be set
[2026.02.11-16.46.53:057][416]LogAnimation: Warning: SkeletalMesh Rifle has no skeleton. This needs to fixed before an animation can be set
[2026.02.11-16.46.53:073][417]LogAnimation: Warning: SkeletalMesh Rifle has no skeleton. This needs to fixed before an animation can be set
[2026.02.11-16.46.53:098][418]LogAnimation: Warning: SkeletalMesh Rifle has no skeleton. This needs to fixed before an animation can be set
[2026.02.11-16.46.53:113][419]LogAnimation: Warning: SkeletalMesh Rifle has no skeleton. This needs to fixed before an animation can be set
[2026.02.11-16.46.53:127][420]LogAnimation: Warning: SkeletalMesh Rifle has no skeleton. This needs to fixed before an animation can be set
[2026.02.11-16.46.53:142][421]LogAnimation: Warning: SkeletalMesh Rifle has no skeleton. This needs to fixed before an animation can be set
[2026.02.11-16.46.53:159][422]LogAnimation: Warning: SkeletalMesh Rifle has no skeleton. This needs to fixed before an animation can be set
[2026.02.11-16.46.53:176][423]LogAnimation: Warning: SkeletalMesh Rifle has no skeleton. This needs to fixed before an animation can be set
[2026.02.11-16.46.53:193][424]LogAnimation: Warning: SkeletalMesh Rifle has no skeleton. This needs to fixed before an animation can be set
[2026.02.11-16.46.53:209][425]LogAnimation: Warning: SkeletalMesh Rifle has no skeleton. This needs to fixed before an animation can be set
[2026.02.11-16.46.53:226][426]LogAnimation: Warning: SkeletalMesh Rifle has no skeleton. This needs to fixed before an animation can be set
[2026.02.11-16.46.53:242][427]LogAnimation: Warning: SkeletalMesh Rifle has no skeleton. This needs to fixed before an animation can be set
[2026.02.11-16.46.53:260][428]LogAnimation: Warning: SkeletalMesh Rifle has no skeleton. This needs to fixed before an animation can be set
[2026.02.11-16.46.53:276][429]LogAnimation: Warning: SkeletalMesh Rifle has no skeleton. This needs to fixed before an animation can be set
[2026.02.11-16.46.53:292][430]LogAnimation: Warning: SkeletalMesh Rifle has no skeleton. This needs to fixed before an animation can be set
[2026.02.11-16.46.53:310][431]LogAnimation: Warning: SkeletalMesh Rifle has no skeleton. This needs to fixed before an animation can be set
[2026.02.11-16.46.53:326][432]LogAnimation: Warning: SkeletalMesh Rifle has no skeleton. This needs to fixed before an animation can be set
[2026.02.11-16.46.53:344][433]LogAnimation: Warning: SkeletalMesh Rifle has no skeleton. This needs to fixed before an animation can be set
[2026.02.11-16.46.53:359][434]LogAnimation: Warning: SkeletalMesh Rifle has no skeleton. This needs to fixed before an animation can be set
[2026.02.11-16.46.53:376][435]LogAnimation: Warning: SkeletalMesh Rifle has no skeleton. This needs to fixed before an animation can be set
[2026.02.11-16.46.53:392][436]LogAnimation: Warning: SkeletalMesh Rifle has no skeleton. This needs to fixed before an animation can be set
[2026.02.11-16.46.53:409][437]LogAnimation: Warning: SkeletalMesh Rifle has no skeleton. This needs to fixed before an animation can be set
[2026.02.11-16.46.53:426][438]LogAnimation: Warning: SkeletalMesh Rifle has no skeleton. This needs to fixed before an animation can be set
[2026.02.11-16.46.53:442][439]LogAnimation: Warning: SkeletalMesh Rifle has no skeleton. This needs to fixed before an animation can be set
[2026.02.11-16.46.53:459][440]LogAnimation: Warning: SkeletalMesh Rifle has no skeleton. This needs to fixed before an animation can be set
[2026.02.11-16.46.53:475][441]LogAnimation: Warning: SkeletalMesh Rifle has no skeleton. This needs to fixed before an animation can be set
[2026.02.11-16.46.53:493][442]LogAnimation: Warning: SkeletalMesh Rifle has no skeleton. This needs to fixed before an animation can be set
[2026.02.11-16.46.53:509][443]LogAnimation: Warning: SkeletalMesh Rifle has no skeleton. This needs to fixed before an animation can be set
[2026.02.11-16.46.53:525][444]LogAnimation: Warning: SkeletalMesh Rifle has no skeleton. This needs to fixed before an animation can be set
[2026.02.11-16.46.53:542][445]LogAnimation: Warning: SkeletalMesh Rifle has no skeleton. This needs to fixed before an animation can be set
[2026.02.11-16.46.53:559][446]LogAnimation: Warning: SkeletalMesh Rifle has no skeleton. This needs to fixed before an animation can be set
[2026.02.11-16.46.53:576][447]LogAnimation: Warning: SkeletalMesh Rifle has no skeleton. This needs to fixed before an animation can be set
[2026.02.11-16.46.53:594][448]LogAnimation: Warning: SkeletalMesh Rifle has no skeleton. This needs to fixed before an animation can be set
[2026.02.11-16.46.53:612][449]LogAnimation: Warning: SkeletalMesh Rifle has no skeleton. This needs to fixed before an animation can be set
[2026.02.11-16.46.53:627][450]LogAnimation: Warning: SkeletalMesh Rifle has no skeleton. This needs to fixed before an animation can be set
[2026.02.11-16.46.53:645][451]LogAnimation: Warning: SkeletalMesh Rifle has no skeleton. This needs to fixed before an animation can be set
[2026.02.11-16.46.53:659][452]LogAnimation: Warning: SkeletalMesh Rifle has no skeleton. This needs to fixed before an animation can be set
[2026.02.11-16.46.53:677][453]LogAnimation: Warning: SkeletalMesh Rifle has no skeleton. This needs to fixed before an animation can be set
[2026.02.11-16.46.53:694][454]LogAnimation: Warning: SkeletalMesh Rifle has no skeleton. This needs to fixed before an animation can be set
[2026.02.11-16.46.53:710][455]LogAnimation: Warning: SkeletalMesh Rifle has no skeleton. This needs to fixed before an animation can be set
[2026.02.11-16.46.53:726][456]LogAnimation: Warning: SkeletalMesh Rifle has no skeleton. This needs to fixed before an animation can be set
[2026.02.11-16.46.53:743][457]LogAnimation: Warning: SkeletalMesh Rifle has no skeleton. This needs to fixed before an animation can be set
[2026.02.11-16.46.53:760][458]LogAnimation: Warning: SkeletalMesh Rifle has no skeleton. This needs to fixed before an animation can be set
[2026.02.11-16.46.53:776][459]LogAnimation: Warning: SkeletalMesh Rifle has no skeleton. This needs to fixed before an animation can be set
[2026.02.11-16.46.56:559][626]LogAnimation: Warning: SkeletalMesh Rifle has no skeleton. This needs to fixed before an animation can be set
[2026.02.11-16.47.00:485][774]LogSlate: Window 'Message' being destroyed
[2026.02.11-16.47.00:501][774]Message dialog closed, result: Yes, title: Message, text: Would you like to apply the changes of the modified material to the original material?
/Game/Weapons/Weapons/Materials/MagGun_MatA.MagGun_MatA
(Selecting 'No' will cause all changes to be lost!)
[2026.02.11-16.47.07:472][774]LogSlate: Window 'Warning: Compilation errors in this Material' being destroyed
[2026.02.11-16.47.07:487][774]LogSlate: Window 'MagGun_MatA' being destroyed
[2026.02.11-16.47.07:504][774]LogWorld: UWorld::CleanupWorld for World_13, bSessionEnded=true, bCleanupResources=true
[2026.02.11-16.47.07:504][774]LogSlate: InvalidateAllWidgets triggered.  All widgets were invalidated
[2026.02.11-16.47.07:974][801]LogAnimation: Warning: SkeletalMesh Rifle has no skeleton. This needs to fixed before an animation can be set
[2026.02.11-16.47.07:990][802]LogAnimation: Warning: SkeletalMesh Rifle has no skeleton. This needs to fixed before an animation can be set
[2026.02.11-16.47.08:007][803]LogAnimation: Warning: SkeletalMesh Rifle has no skeleton. This needs to fixed before an animation can be set
[2026.02.11-16.47.08:023][804]LogAnimation: Warning: SkeletalMesh Rifle has no skeleton. This needs to fixed before an animation can be set
[2026.02.11-16.47.08:042][805]LogAnimation: Warning: SkeletalMesh Rifle has no skeleton. This needs to fixed before an animation can be set
[2026.02.11-16.47.08:058][806]LogAnimation: Warning: SkeletalMesh Rifle has no skeleton. This needs to fixed before an animation can be set
[2026.02.11-16.47.08:073][807]LogAnimation: Warning: SkeletalMesh Rifle has no skeleton. This needs to fixed before an animation can be set
[2026.02.11-16.47.08:089][808]LogAnimation: Warning: SkeletalMesh Rifle has no skeleton. This needs to fixed before an animation can be set
[2026.02.11-16.47.08:508][833]LogAnimation: Warning: SkeletalMesh Rifle has no skeleton. This needs to fixed before an animation can be set
[2026.02.11-16.47.08:522][834]LogAnimation: Warning: SkeletalMesh Rifle has no skeleton. This needs to fixed before an animation can be set
[2026.02.11-16.47.08:539][835]LogAnimation: Warning: SkeletalMesh Rifle has no skeleton. This needs to fixed before an animation can be set
[2026.02.11-16.49.07:860][254]BlueprintLog: New page: Compile BP_PLAYER
[2026.02.11-16.49.07:866][254]LogBlueprint: Warning: [AssetLog] D:\Repozytoria\UE 4.27\KZ_TopDownShooter\TopDownAC\Content\BluePrintClass\BP_PLAYER.uasset: [Compiler] Could not find a variable named "PlayerHealth" in 'BP_PLAYER_C'.
Make sure 'BP_PLAYER_C' has been compiled for  Get PlayerHealth
[2026.02.11-16.49.07:867][254]LogBlueprint: Warning: [AssetLog] D:\Repozytoria\UE 4.27\KZ_TopDownShooter\TopDownAC\Content\BluePrintClass\BP_PLAYER.uasset: [Compiler] Could not find a variable named "IsDead" in 'BP_PLAYER_C'.
Make sure 'BP_PLAYER_C' has been compiled for  Set IsDead
[2026.02.11-16.49.07:867][254]LogBlueprint: Warning: [AssetLog] D:\Repozytoria\UE 4.27\KZ_TopDownShooter\TopDownAC\Content\BluePrintClass\BP_PLAYER.uasset: [Compiler] Could not find a variable named "PlayerHealth" in 'BP_PLAYER_C'.
Make sure 'BP_PLAYER_C' has been compiled for  Set PlayerHealth
[2026.02.11-16.49.07:868][254]LogBlueprint: Error: [AssetLog] D:\Repozytoria\UE 4.27\KZ_TopDownShooter\TopDownAC\Content\BluePrintClass\BP_PLAYER.uasset: [Compiler] The property associated with  Is Dead  could not be found in '/Game/BluePrintClass/BP_PLAYER.BP_PLAYER_C'
[2026.02.11-16.49.07:868][254]LogBlueprint: Error: [AssetLog] D:\Repozytoria\UE 4.27\KZ_TopDownShooter\TopDownAC\Content\BluePrintClass\BP_PLAYER.uasset: [Compiler] The property associated with  Player Health  could not be found in '/Game/BluePrintClass/BP_PLAYER.BP_PLAYER_C'
[2026.02.11-16.49.07:868][254]LogBlueprint: Error: [AssetLog] D:\Repozytoria\UE 4.27\KZ_TopDownShooter\TopDownAC\Content\BluePrintClass\BP_PLAYER.uasset: [Compiler] The property associated with  Player Health  could not be found in '/Game/BluePrintClass/BP_PLAYER.BP_PLAYER_C'
[2026.02.11-16.49.07:927][254]LogUObjectHash: Compacting FUObjectHashTables data took   2.50ms
[2026.02.11-16.49.08:398][277]Cmd: OBJ SAVEPACKAGE PACKAGE="/Game/BluePrintClass/BP_PLAYER" FILE="../../../../../Repozytoria/UE 4.27/KZ_TopDownShooter/TopDownAC/Content/BluePrintClass/BP_PLAYER.uasset" SILENT=true
[2026.02.11-16.49.08:423][277]LogSavePackage: Moving '../../../../../Repozytoria/UE 4.27/KZ_TopDownShooter/TopDownAC/Saved/BP_PLAYER0AFF7AC24DD3018543697E8213FA00C6.tmp' to '../../../../../Repozytoria/UE 4.27/KZ_TopDownShooter/TopDownAC/Content/BluePrintClass/BP_PLAYER.uasset'
[2026.02.11-16.49.08:443][277]AssetCheck: New page: Asset Save: BP_PLAYER
[2026.02.11-16.49.08:443][277]LogContentValidation: Display: Validating Blueprint /Game/BluePrintClass/BP_PLAYER.BP_PLAYER
[2026.02.11-16.49.36:421][924]BlueprintLog: New page: Compile BP_PLAYER
[2026.02.11-16.49.36:468][924]LogUObjectHash: Compacting FUObjectHashTables data took   2.04ms
[2026.02.11-16.49.41:204][203]BlueprintLog: New page: Compile BP_PLAYER
[2026.02.11-16.49.41:250][203]LogUObjectHash: Compacting FUObjectHashTables data took   2.20ms
[2026.02.11-16.50.48:959][171]BlueprintLog: New page: Compile BP_PLAYER
[2026.02.11-16.50.49:006][171]LogUObjectHash: Compacting FUObjectHashTables data took   2.38ms
[2026.02.11-16.51.54:052][828]BlueprintLog: New page: Compile BP_PLAYER
[2026.02.11-16.51.54:056][828]LogBlueprint: Warning: [AssetLog] D:\Repozytoria\UE 4.27\KZ_TopDownShooter\TopDownAC\Content\BluePrintClass\BP_PLAYER.uasset: [Compiler] InputAction Event references unknown Action 'Fire Weapon' for  InputAction Fire Weapon
[2026.02.11-16.51.54:114][828]LogUObjectHash: Compacting FUObjectHashTables data took   2.02ms
[2026.02.11-16.52.14:120][993]BlueprintLog: New page: Compile BP_PLAYER
[2026.02.11-16.52.14:163][993]LogUObjectHash: Compacting FUObjectHashTables data took   2.11ms
[2026.02.11-16.53.07:292][ 98]BlueprintLog: New page: Compile BP_PLAYER
[2026.02.11-16.53.07:334][ 98]LogUObjectHash: Compacting FUObjectHashTables data took   2.18ms
[2026.02.11-16.53.14:168][259]BlueprintLog: New page: Compile BP_PLAYER
[2026.02.11-16.53.14:206][259]LogUObjectHash: Compacting FUObjectHashTables data took   2.25ms
[2026.02.11-16.54.15:182][  2]LogUObjectHash: Compacting FUObjectHashTables data took   2.23ms
[2026.02.11-16.54.15:205][  2]LogSavePackage: Moving '../../../../../Repozytoria/UE 4.27/KZ_TopDownShooter/TopDownAC/Saved/Main_Auto220A49CAB4D65A11589F06F9D6C3BA055.tmp' to '../../../../../Repozytoria/UE 4.27/KZ_TopDownShooter/TopDownAC/Saved/Autosaves/Game/Levels/Main_Auto2.umap'
[2026.02.11-16.54.15:205][  2]LogFileHelpers: Editor autosave (incl. external actors) for '/Game/Levels/Main' took 0.041
[2026.02.11-16.54.15:205][  2]LogFileHelpers: Editor autosave (incl. sublevels & external actors) for all levels took 0.041
[2026.02.11-16.54.15:206][  2]OBJ SavePackage: Generating thumbnails for [0] asset(s) in package [/Game/BluePrintClass/BP_Spider] ([2] browsable assets)...
[2026.02.11-16.54.15:206][  2]OBJ SavePackage: Finished generating thumbnails for package [/Game/BluePrintClass/BP_Spider]
[2026.02.11-16.54.15:221][  2]LogSavePackage: Moving '../../../../../Repozytoria/UE 4.27/KZ_TopDownShooter/TopDownAC/Saved/BP_Spider_Auto2B34D891B48046EF4A08F848FAE9F40B9.tmp' to '../../../../../Repozytoria/UE 4.27/KZ_TopDownShooter/TopDownAC/Saved/Autosaves/Game/BluePrintClass/BP_Spider_Auto2.uasset'
[2026.02.11-16.54.15:222][  2]OBJ SavePackage: Generating thumbnails for [1] asset(s) in package [/Game/BluePrintClass/BP_PLAYER] ([2] browsable assets)...
[2026.02.11-16.54.15:230][  2]OBJ SavePackage:     Rendered thumbnail for [Blueprint /Game/BluePrintClass/BP_PLAYER.BP_PLAYER]
[2026.02.11-16.54.15:230][  2]OBJ SavePackage: Finished generating thumbnails for package [/Game/BluePrintClass/BP_PLAYER]
[2026.02.11-16.54.15:260][  2]LogSavePackage: Moving '../../../../../Repozytoria/UE 4.27/KZ_TopDownShooter/TopDownAC/Saved/BP_PLAYER_Auto2BB2790924E08275EF1CE50AB6936FD61.tmp' to '../../../../../Repozytoria/UE 4.27/KZ_TopDownShooter/TopDownAC/Saved/Autosaves/Game/BluePrintClass/BP_PLAYER_Auto2.uasset'
[2026.02.11-16.54.15:261][  2]LogFileHelpers: Auto-saving content packages took 0.055
[2026.02.11-16.54.19:220][ 16]LogAnimation: Warning: SkeletalMesh Rifle has no skeleton. This needs to fixed before an animation can be set
[2026.02.11-16.54.19:587][ 38]LogProperty: Warning: ObjectProperty /Script/Engine.SkinnedMeshComponent:SkeletalMesh: unresolved reference to 'SkeletalMesh'"/Game/Weapons/Rifle.Rifle"''
[2026.02.11-16.54.19:588][ 38]LogProperty: Warning: ObjectProperty /Script/Engine.ParticleSystemComponent:Template: unresolved reference to 'ParticleSystem'"/Game/Effects/Weapons/Muzzle/P_AssaultRifle_MF.P_AssaultRifle_MF"''
[2026.02.11-16.54.19:589][ 38]LogProperty: Warning: ObjectProperty /Script/Engine.SkinnedMeshComponent:SkeletalMesh: unresolved reference to 'SkeletalMesh'"/Game/Weapons/Rifle.Rifle"''
[2026.02.11-16.54.19:589][ 38]LogProperty: Warning: ObjectProperty /Script/Engine.ParticleSystemComponent:Template: unresolved reference to 'ParticleSystem'"/Game/Effects/Weapons/Muzzle/P_AssaultRifle_MF.P_AssaultRifle_MF"''
[2026.02.11-16.54.19:590][ 38]LogProperty: Warning: ObjectProperty /Script/Engine.SkinnedMeshComponent:SkeletalMesh: unresolved reference to 'SkeletalMesh'"/Game/Weapons/Rifle.Rifle"''
[2026.02.11-16.54.19:590][ 38]LogProperty: Warning: ObjectProperty /Script/Engine.ParticleSystemComponent:Template: unresolved reference to 'ParticleSystem'"/Game/Effects/Weapons/Muzzle/P_AssaultRifle_MF.P_AssaultRifle_MF"''
[2026.02.11-16.54.24:279][311]LogAnimation: Warning: SkeletalMesh Rifle has no skeleton. This needs to fixed before an animation can be set
[2026.02.11-16.54.33:362][849]LogAnimation: Warning: SkeletalMesh Rifle has no skeleton. This needs to fixed before an animation can be set
[2026.02.11-16.54.39:198][193]LogAnimation: Warning: SkeletalMesh Rifle has no skeleton. This needs to fixed before an animation can be set
[2026.02.11-16.54.51:262][909]LogEditorTransaction: Undo Remove Components
[2026.02.11-16.54.52:027][950]LogEditorTransaction: Undo Attach Components
[2026.02.11-16.54.52:038][950]LogActorComponent: ~FComponentReregisterContext: (/Engine/Transient.World_2:PersistentLevel.BP_PLAYER_C_0.CharacterMesh0) Component already registered.
[2026.02.11-16.54.52:042][950]LogActorComponent: ~FComponentReregisterContext: (/Engine/Transient.World_3:PersistentLevel.BP_PLAYER_C_0.CharacterMesh0) Component already registered.
[2026.02.11-16.54.52:524][978]LogEditorTransaction: Undo Attach Components
[2026.02.11-16.54.52:533][978]LogActorComponent: ~FComponentReregisterContext: (/Engine/Transient.World_2:PersistentLevel.BP_PLAYER_C_0.CharacterMesh0) Component already registered.
[2026.02.11-16.54.52:536][978]LogActorComponent: ~FComponentReregisterContext: (/Engine/Transient.World_3:PersistentLevel.BP_PLAYER_C_0.CharacterMesh0) Component already registered.
[2026.02.11-16.54.52:889][999]LogEditorTransaction: Undo Paste Component(s)
[2026.02.11-16.54.54:262][ 80]LogEditorTransaction: Undo Move Node
[2026.02.11-16.54.55:268][137]Cmd: OBJ SAVEPACKAGE PACKAGE="/Game/BluePrintClass/BP_PLAYER" FILE="../../../../../Repozytoria/UE 4.27/KZ_TopDownShooter/TopDownAC/Content/BluePrintClass/BP_PLAYER.uasset" SILENT=true
[2026.02.11-16.54.55:298][137]LogSavePackage: Moving '../../../../../Repozytoria/UE 4.27/KZ_TopDownShooter/TopDownAC/Saved/BP_PLAYER7AFE0F2A4BA3325A12CC55AC30ACD3F1.tmp' to '../../../../../Repozytoria/UE 4.27/KZ_TopDownShooter/TopDownAC/Content/BluePrintClass/BP_PLAYER.uasset'
[2026.02.11-16.54.55:310][137]AssetCheck: New page: Asset Save: BP_PLAYER
[2026.02.11-16.54.55:310][137]LogContentValidation: Display: Validating Blueprint /Game/BluePrintClass/BP_PLAYER.BP_PLAYER
[2026.02.11-17.02.41:732][309]LogAssetTools: Warning: Failed to import 'C:\Users\harry\Downloads\TopDownShooter-main\TopDownShooter-main\Content\Sounds/AmbientLoops/Stereo/RoomTone_AbstractBitcrushed03_Stereo.uasset'. Unknown extension 'uasset'.
[2026.02.11-17.02.41:738][309]LogAssetTools: Warning: Failed to import 'C:\Users\harry\Downloads\TopDownShooter-main\TopDownShooter-main\Content\Sounds/AmbientLoops/Stereo/RoomTone_AbstractBitcrushed04_Stereo.uasset'. Unknown extension 'uasset'.
[2026.02.11-17.02.41:741][309]LogAssetTools: Warning: Failed to import 'C:\Users\harry\Downloads\TopDownShooter-main\TopDownShooter-main\Content\Sounds/AmbientLoops/Stereo/RoomTone_AbstractBitcrushed05_Stereo.uasset'. Unknown extension 'uasset'.
[2026.02.11-17.02.41:746][309]LogAssetTools: Warning: Failed to import 'C:\Users\harry\Downloads\TopDownShooter-main\TopDownShooter-main\Content\Sounds/AmbientLoops/Stereo/WindAnimated_High01_Loop_Stereo.uasset'. Unknown extension 'uasset'.
[2026.02.11-17.02.41:748][309]LogAssetTools: Warning: Failed to import 'C:\Users\harry\Downloads\TopDownShooter-main\TopDownShooter-main\Content\Sounds/AmbientLoops/Stereo/WindAnimated_High02_Loop_Stereo.uasset'. Unknown extension 'uasset'.
[2026.02.11-17.02.41:751][309]LogAssetTools: Warning: Failed to import 'C:\Users\harry\Downloads\TopDownShooter-main\TopDownShooter-main\Content\Sounds/AmbientLoops/Stereo/WindAnimated_High03_Loop_Stereo.uasset'. Unknown extension 'uasset'.
[2026.02.11-17.02.41:754][309]LogAssetTools: Warning: Failed to import 'C:\Users\harry\Downloads\TopDownShooter-main\TopDownShooter-main\Content\Sounds/AmbientLoops/Stereo/WindAnimated_High_Stereo_Cue.uasset'. Unknown extension 'uasset'.
[2026.02.11-17.02.41:757][309]LogAssetTools: Warning: Failed to import 'C:\Users\harry\Downloads\TopDownShooter-main\TopDownShooter-main\Content\Sounds/AmbientLoops/Stereo/WindAnimated_Low01_Loop_Stereo.uasset'. Unknown extension 'uasset'.
[2026.02.11-17.02.41:761][309]LogAssetTools: Warning: Failed to import 'C:\Users\harry\Downloads\TopDownShooter-main\TopDownShooter-main\Content\Sounds/AmbientLoops/Stereo/WindAnimated_Low02_Loop_Stereo.uasset'. Unknown extension 'uasset'.
[2026.02.11-17.02.41:764][309]LogAssetTools: Warning: Failed to import 'C:\Users\harry\Downloads\TopDownShooter-main\TopDownShooter-main\Content\Sounds/AmbientLoops/Stereo/WindAnimated_Low03_Loop_Stereo.uasset'. Unknown extension 'uasset'.
[2026.02.11-17.02.41:769][309]LogAssetTools: Warning: Failed to import 'C:\Users\harry\Downloads\TopDownShooter-main\TopDownShooter-main\Content\Sounds/AmbientLoops/Stereo/WindAnimated_Low_Stereo_Cue.uasset'. Unknown extension 'uasset'.
[2026.02.11-17.02.41:772][309]LogAssetTools: Warning: Failed to import 'C:\Users\harry\Downloads\TopDownShooter-main\TopDownShooter-main\Content\Sounds/AmbientLoops/Stereo/WindSteady01_Loop_Stereo.uasset'. Unknown extension 'uasset'.
[2026.02.11-17.02.41:774][309]LogAssetTools: Warning: Failed to import 'C:\Users\harry\Downloads\TopDownShooter-main\TopDownShooter-main\Content\Sounds/AmbientLoops/Stereo/WindSteady02_Loop_Stereo.uasset'. Unknown extension 'uasset'.
[2026.02.11-17.02.41:779][309]LogAssetTools: Warning: Failed to import 'C:\Users\harry\Downloads\TopDownShooter-main\TopDownShooter-main\Content\Sounds/AmbientLoops/Stereo/WindSteady03_Loop_Stereo.uasset'. Unknown extension 'uasset'.
[2026.02.11-17.02.41:782][309]LogAssetTools: Warning: Failed to import 'C:\Users\harry\Downloads\TopDownShooter-main\TopDownShooter-main\Content\Sounds/AmbientLoops/Stereo/WindSteady04_Loop_Stereo.uasset'. Unknown extension 'uasset'.
[2026.02.11-17.02.41:784][309]LogAssetTools: Warning: Failed to import 'C:\Users\harry\Downloads\TopDownShooter-main\TopDownShooter-main\Content\Sounds/AmbientLoops/Stereo/WindSteady_Loop_Stereo_Cue.uasset'. Unknown extension 'uasset'.
[2026.02.11-17.02.41:788][309]LogAssetTools: Warning: Failed to import 'C:\Users\harry\Downloads\TopDownShooter-main\TopDownShooter-main\Content\Sounds/AmbientLoops/Stereo/Wind_Abstract01_Stereo.uasset'. Unknown extension 'uasset'.
[2026.02.11-17.02.41:791][309]LogAssetTools: Warning: Failed to import 'C:\Users\harry\Downloads\TopDownShooter-main\TopDownShooter-main\Content\Sounds/AmbientLoops/Stereo/Wind_Abstract02_Stereo.uasset'. Unknown extension 'uasset'.
[2026.02.11-17.02.41:794][309]LogAssetTools: Warning: Failed to import 'C:\Users\harry\Downloads\TopDownShooter-main\TopDownShooter-main\Content\Sounds/AmbientLoops/Stereo/Wind_Abstract03_Stereo.uasset'. Unknown extension 'uasset'.
[2026.02.11-17.02.41:797][309]LogAssetTools: Warning: Failed to import 'C:\Users\harry\Downloads\TopDownShooter-main\TopDownShooter-main\Content\Sounds/AmbientLoops/Stereo/Wind_Abstract04_Stereo.uasset'. Unknown extension 'uasset'.
[2026.02.11-17.02.41:800][309]LogAssetTools: Warning: Failed to import 'C:\Users\harry\Downloads\TopDownShooter-main\TopDownShooter-main\Content\Sounds/AmbientLoops/Stereo/Wind_Abstract05_Stereo.uasset'. Unknown extension 'uasset'.
[2026.02.11-17.02.41:803][309]LogAssetTools: Warning: Failed to import 'C:\Users\harry\Downloads\TopDownShooter-main\TopDownShooter-main\Content\Sounds/AmbientLoops/Stereo/Wind_AbstractAnimated_Stereo_Cue.uasset'. Unknown extension 'uasset'.
[2026.02.11-17.02.41:806][309]LogAssetTools: Warning: Failed to import 'C:\Users\harry\Downloads\TopDownShooter-main\TopDownShooter-main\Content\Sounds/AmbientNonLoops/Stereo/MetalCreak_Pillars01_Stereo.uasset'. Unknown extension 'uasset'.
[2026.02.11-17.02.41:810][309]LogAssetTools: Warning: Failed to import 'C:\Users\harry\Downloads\TopDownShooter-main\TopDownShooter-main\Content\Sounds/AmbientNonLoops/Stereo/MetalCreak_Pillars05_Stereo.uasset'. Unknown extension 'uasset'.
[2026.02.11-17.02.41:813][309]LogAssetTools: Warning: Failed to import 'C:\Users\harry\Downloads\TopDownShooter-main\TopDownShooter-main\Content\Sounds/AmbientNonLoops/Stereo/MetalCreak_Pillars15_Stereo.uasset'. Unknown extension 'uasset'.
[2026.02.11-17.02.41:817][309]LogAssetTools: Warning: Failed to import 'C:\Users\harry\Downloads\TopDownShooter-main\TopDownShooter-main\Content\Sounds/FoleyBodyMoves/Mono/FoleyBody_Aim_Cue.uasset'. Unknown extension 'uasset'.
[2026.02.11-17.02.41:820][309]LogAssetTools: Warning: Failed to import 'C:\Users\harry\Downloads\TopDownShooter-main\TopDownShooter-main\Content\Sounds/FoleyBodyMoves/Mono/FoleyBody_BodyMove01.uasset'. Unknown extension 'uasset'.
[2026.02.11-17.02.41:824][309]LogAssetTools: Warning: Failed to import 'C:\Users\harry\Downloads\TopDownShooter-main\TopDownShooter-main\Content\Sounds/FoleyBodyMoves/Mono/FoleyBody_BodyMove02.uasset'. Unknown extension 'uasset'.
[2026.02.11-17.02.41:827][309]LogAssetTools: Warning: Failed to import 'C:\Users\harry\Downloads\TopDownShooter-main\TopDownShooter-main\Content\Sounds/FoleyBodyMoves/Mono/FoleyBody_BodyMove03.uasset'. Unknown extension 'uasset'.
[2026.02.11-17.02.41:833][309]LogAssetTools: Warning: Failed to import 'C:\Users\harry\Downloads\TopDownShooter-main\TopDownShooter-main\Content\Sounds/FoleyBodyMoves/Mono/FoleyBody_BodyMove04.uasset'. Unknown extension 'uasset'.
[2026.02.11-17.02.41:835][309]LogAssetTools: Warning: Failed to import 'C:\Users\harry\Downloads\TopDownShooter-main\TopDownShooter-main\Content\Sounds/FoleyBodyMoves/Mono/FoleyBody_BodyMove_Cue.uasset'. Unknown extension 'uasset'.
[2026.02.11-17.02.41:839][309]LogAssetTools: Warning: Failed to import 'C:\Users\harry\Downloads\TopDownShooter-main\TopDownShooter-main\Content\Sounds/FoleyBodyMoves/Mono/FoleyBody_Fall01.uasset'. Unknown extension 'uasset'.
[2026.02.11-17.02.41:843][309]LogAssetTools: Warning: Failed to import 'C:\Users\harry\Downloads\TopDownShooter-main\TopDownShooter-main\Content\Sounds/FoleyBodyMoves/Mono/FoleyBody_Fall02.uasset'. Unknown extension 'uasset'.
[2026.02.11-17.02.41:847][309]LogAssetTools: Warning: Failed to import 'C:\Users\harry\Downloads\TopDownShooter-main\TopDownShooter-main\Content\Sounds/FoleyBodyMoves/Mono/FoleyBody_Fall03.uasset'. Unknown extension 'uasset'.
[2026.02.11-17.02.41:850][309]LogAssetTools: Warning: Failed to import 'C:\Users\harry\Downloads\TopDownShooter-main\TopDownShooter-main\Content\Sounds/FoleyBodyMoves/Mono/FoleyBody_Fall04.uasset'. Unknown extension 'uasset'.
[2026.02.11-17.02.41:855][309]LogAssetTools: Warning: Failed to import 'C:\Users\harry\Downloads\TopDownShooter-main\TopDownShooter-main\Content\Sounds/FoleyBodyMoves/Mono/FoleyBody_Fall_Cue.uasset'. Unknown extension 'uasset'.
[2026.02.11-17.02.41:857][309]LogAssetTools: Warning: Failed to import 'C:\Users\harry\Downloads\TopDownShooter-main\TopDownShooter-main\Content\Sounds/FoleyBodyMoves/Mono/FoleyBody_HandSwipe01.uasset'. Unknown extension 'uasset'.
[2026.02.11-17.02.41:860][309]LogAssetTools: Warning: Failed to import 'C:\Users\harry\Downloads\TopDownShooter-main\TopDownShooter-main\Content\Sounds/FoleyBodyMoves/Mono/FoleyBody_HandSwipe02.uasset'. Unknown extension 'uasset'.
[2026.02.11-17.02.41:864][309]LogAssetTools: Warning: Failed to import 'C:\Users\harry\Downloads\TopDownShooter-main\TopDownShooter-main\Content\Sounds/FoleyBodyMoves/Mono/FoleyBody_HandSwipe03.uasset'. Unknown extension 'uasset'.
[2026.02.11-17.02.41:870][309]LogAssetTools: Warning: Failed to import 'C:\Users\harry\Downloads\TopDownShooter-main\TopDownShooter-main\Content\Sounds/FoleyBodyMoves/Mono/FoleyBody_HandSwipe04.uasset'. Unknown extension 'uasset'.
[2026.02.11-17.02.41:873][309]LogAssetTools: Warning: Failed to import 'C:\Users\harry\Downloads\TopDownShooter-main\TopDownShooter-main\Content\Sounds/FoleyBodyMoves/Mono/FoleyBody_HandSwipe_Cue.uasset'. Unknown extension 'uasset'.
[2026.02.11-17.02.41:876][309]LogAssetTools: Warning: Failed to import 'C:\Users\harry\Downloads\TopDownShooter-main\TopDownShooter-main\Content\Sounds/FoleyBodyMoves/Mono/FoleyBody_Land02.uasset'. Unknown extension 'uasset'.
[2026.02.11-17.02.41:880][309]LogAssetTools: Warning: Failed to import 'C:\Users\harry\Downloads\TopDownShooter-main\TopDownShooter-main\Content\Sounds/FoleyBodyMoves/Mono/FoleyBody_Land03.uasset'. Unknown extension 'uasset'.
[2026.02.11-17.02.41:884][309]LogAssetTools: Warning: Failed to import 'C:\Users\harry\Downloads\TopDownShooter-main\TopDownShooter-main\Content\Sounds/FoleyBodyMoves/Mono/FoleyBody_Land04.uasset'. Unknown extension 'uasset'.
[2026.02.11-17.02.41:886][309]LogAssetTools: Warning: Failed to import 'C:\Users\harry\Downloads\TopDownShooter-main\TopDownShooter-main\Content\Sounds/FoleyBodyMoves/Mono/FoleyBody_Land05.uasset'. Unknown extension 'uasset'.
[2026.02.11-17.02.41:891][309]LogAssetTools: Warning: Failed to import 'C:\Users\harry\Downloads\TopDownShooter-main\TopDownShooter-main\Content\Sounds/FoleyBodyMoves/Mono/FoleyBody_Land_Cue.uasset'. Unknown extension 'uasset'.
[2026.02.11-17.02.41:895][309]LogAssetTools: Warning: Failed to import 'C:\Users\harry\Downloads\TopDownShooter-main\TopDownShooter-main\Content\Sounds/FoleyBodyMoves/Mono/Run01_Loop.uasset'. Unknown extension 'uasset'.
[2026.02.11-17.02.41:898][309]LogAssetTools: Warning: Failed to import 'C:\Users\harry\Downloads\TopDownShooter-main\TopDownShooter-main\Content\Sounds/FoleyBodyMoves/Mono/Run02_Loop.uasset'. Unknown extension 'uasset'.
[2026.02.11-17.02.41:901][309]LogAssetTools: Warning: Failed to import 'C:\Users\harry\Downloads\TopDownShooter-main\TopDownShooter-main\Content\Sounds/FoleyBodyMoves/Mono/Run03_Loop.uasset'. Unknown extension 'uasset'.
[2026.02.11-17.02.41:904][309]LogAssetTools: Warning: Failed to import 'C:\Users\harry\Downloads\TopDownShooter-main\TopDownShooter-main\Content\Sounds/FoleyBodyMoves/Mono/Run04_Loop.uasset'. Unknown extension 'uasset'.
[2026.02.11-17.02.41:908][309]LogAssetTools: Warning: Failed to import 'C:\Users\harry\Downloads\TopDownShooter-main\TopDownShooter-main\Content\Sounds/FoleyBodyMoves/Mono/Run05_Loop.uasset'. Unknown extension 'uasset'.
[2026.02.11-17.02.41:912][309]LogAssetTools: Warning: Failed to import 'C:\Users\harry\Downloads\TopDownShooter-main\TopDownShooter-main\Content\Sounds/FoleyBodyMoves/Mono/RunStop01.uasset'. Unknown extension 'uasset'.
[2026.02.11-17.02.41:914][309]LogAssetTools: Warning: Failed to import 'C:\Users\harry\Downloads\TopDownShooter-main\TopDownShooter-main\Content\Sounds/FoleyBodyMoves/Mono/RunStop02.uasset'. Unknown extension 'uasset'.
[2026.02.11-17.02.41:919][309]LogAssetTools: Warning: Failed to import 'C:\Users\harry\Downloads\TopDownShooter-main\TopDownShooter-main\Content\Sounds/FoleyBodyMoves/Mono/RunStop03.uasset'. Unknown extension 'uasset'.
[2026.02.11-17.02.41:922][309]LogAssetTools: Warning: Failed to import 'C:\Users\harry\Downloads\TopDownShooter-main\TopDownShooter-main\Content\Sounds/FoleyBodyMoves/Mono/RunStop_Cue.uasset'. Unknown extension 'uasset'.
[2026.02.11-17.02.41:926][309]LogAssetTools: Warning: Failed to import 'C:\Users\harry\Downloads\TopDownShooter-main\TopDownShooter-main\Content\Sounds/FoleyBodyMoves/Mono/Run_Loop_Cue.uasset'. Unknown extension 'uasset'.
[2026.02.11-17.02.43:549][309]LogAssetTools: Warning: Failed to import 'C:\Users\harry\Downloads\TopDownShooter-main\TopDownShooter-main\Content\Sounds/FoleyBodyMoves/Stereo/FoleyBody_BodyMove01_Stereo.uasset'. Unknown extension 'uasset'.
[2026.02.11-17.02.43:677][309]LogAssetTools: Warning: Failed to import 'C:\Users\harry\Downloads\TopDownShooter-main\TopDownShooter-main\Content\Sounds/FoleyBodyMoves/Stereo/FoleyBody_BodyMove02_Stereo.uasset'. Unknown extension 'uasset'.
[2026.02.11-17.02.43:682][309]LogAssetTools: Warning: Failed to import 'C:\Users\harry\Downloads\TopDownShooter-main\TopDownShooter-main\Content\Sounds/FoleyBodyMoves/Stereo/FoleyBody_BodyMove03_Stereo.uasset'. Unknown extension 'uasset'.
[2026.02.11-17.02.43:685][309]LogAssetTools: Warning: Failed to import 'C:\Users\harry\Downloads\TopDownShooter-main\TopDownShooter-main\Content\Sounds/FoleyBodyMoves/Stereo/FoleyBody_BodyMove04_Stereo.uasset'. Unknown extension 'uasset'.
[2026.02.11-17.02.43:688][309]LogAssetTools: Warning: Failed to import 'C:\Users\harry\Downloads\TopDownShooter-main\TopDownShooter-main\Content\Sounds/FoleyBodyMoves/Stereo/FoleyBody_BodyMove_Stereo_Cue.uasset'. Unknown extension 'uasset'.
[2026.02.11-17.02.43:692][309]LogAssetTools: Warning: Failed to import 'C:\Users\harry\Downloads\TopDownShooter-main\TopDownShooter-main\Content\Sounds/FoleyBodyMoves/Stereo/FoleyBody_HandSwipe01_Stereo.uasset'. Unknown extension 'uasset'.
[2026.02.11-17.02.43:696][309]LogAssetTools: Warning: Failed to import 'C:\Users\harry\Downloads\TopDownShooter-main\TopDownShooter-main\Content\Sounds/FoleyBodyMoves/Stereo/FoleyBody_HandSwipe02_Stereo.uasset'. Unknown extension 'uasset'.
[2026.02.11-17.02.43:699][309]LogAssetTools: Warning: Failed to import 'C:\Users\harry\Downloads\TopDownShooter-main\TopDownShooter-main\Content\Sounds/FoleyBodyMoves/Stereo/FoleyBody_HandSwipe03_Stereo.uasset'. Unknown extension 'uasset'.
[2026.02.11-17.02.43:703][309]LogAssetTools: Warning: Failed to import 'C:\Users\harry\Downloads\TopDownShooter-main\TopDownShooter-main\Content\Sounds/FoleyBodyMoves/Stereo/FoleyBody_HandSwipe04_Stereo.uasset'. Unknown extension 'uasset'.
[2026.02.11-17.02.43:705][309]LogAssetTools: Warning: Failed to import 'C:\Users\harry\Downloads\TopDownShooter-main\TopDownShooter-main\Content\Sounds/FoleyBodyMoves/Stereo/FoleyBody_HandSwipe_Stereo_Cue.uasset'. Unknown extension 'uasset'.
[2026.02.11-17.02.43:709][309]LogAssetTools: Warning: Failed to import 'C:\Users\harry\Downloads\TopDownShooter-main\TopDownShooter-main\Content\Sounds/FoleyBodyMoves/Stereo/FoleyBody_Land01_Stereo.uasset'. Unknown extension 'uasset'.
[2026.02.11-17.02.43:712][309]LogAssetTools: Warning: Failed to import 'C:\Users\harry\Downloads\TopDownShooter-main\TopDownShooter-main\Content\Sounds/FoleyBodyMoves/Stereo/FoleyBody_Land02_Stereo.uasset'. Unknown extension 'uasset'.
[2026.02.11-17.02.43:716][309]LogAssetTools: Warning: Failed to import 'C:\Users\harry\Downloads\TopDownShooter-main\TopDownShooter-main\Content\Sounds/FoleyBodyMoves/Stereo/FoleyBody_Land03_Stereo.uasset'. Unknown extension 'uasset'.
[2026.02.11-17.02.43:719][309]LogAssetTools: Warning: Failed to import 'C:\Users\harry\Downloads\TopDownShooter-main\TopDownShooter-main\Content\Sounds/FoleyBodyMoves/Stereo/FoleyBody_Land04_Stereo.uasset'. Unknown extension 'uasset'.
[2026.02.11-17.02.43:722][309]LogAssetTools: Warning: Failed to import 'C:\Users\harry\Downloads\TopDownShooter-main\TopDownShooter-main\Content\Sounds/FoleyBodyMoves/Stereo/FoleyBody_Land05_Stereo.uasset'. Unknown extension 'uasset'.
[2026.02.11-17.02.43:726][309]LogAssetTools: Warning: Failed to import 'C:\Users\harry\Downloads\TopDownShooter-main\TopDownShooter-main\Content\Sounds/FoleyBodyMoves/Stereo/FoleyBody_Land_Stereo_Cue.uasset'. Unknown extension 'uasset'.
[2026.02.11-17.02.43:730][309]LogAssetTools: Warning: Failed to import 'C:\Users\harry\Downloads\TopDownShooter-main\TopDownShooter-main\Content\Sounds/FoleyFlesh/Mono/FoleyFlesh_Gib01.uasset'. Unknown extension 'uasset'.
[2026.02.11-17.02.43:733][309]LogAssetTools: Warning: Failed to import 'C:\Users\harry\Downloads\TopDownShooter-main\TopDownShooter-main\Content\Sounds/FoleyFlesh/Mono/FoleyFlesh_Gib02.uasset'. Unknown extension 'uasset'.
[2026.02.11-17.02.43:736][309]LogAssetTools: Warning: Failed to import 'C:\Users\harry\Downloads\TopDownShooter-main\TopDownShooter-main\Content\Sounds/FoleyFlesh/Mono/FoleyFlesh_Gib03.uasset'. Unknown extension 'uasset'.
[2026.02.11-17.02.43:740][309]LogAssetTools: Warning: Failed to import 'C:\Users\harry\Downloads\TopDownShooter-main\TopDownShooter-main\Content\Sounds/FoleyFlesh/Mono/FoleyFlesh_Gib04.uasset'. Unknown extension 'uasset'.
[2026.02.11-17.02.43:743][309]LogAssetTools: Warning: Failed to import 'C:\Users\harry\Downloads\TopDownShooter-main\TopDownShooter-main\Content\Sounds/FoleyFlesh/Mono/FoleyFlesh_Gib05.uasset'. Unknown extension 'uasset'.
[2026.02.11-17.02.43:746][309]LogAssetTools: Warning: Failed to import 'C:\Users\harry\Downloads\TopDownShooter-main\TopDownShooter-main\Content\Sounds/FoleyFlesh/Mono/FoleyFlesh_Gib06.uasset'. Unknown extension 'uasset'.
[2026.02.11-17.02.43:749][309]LogAssetTools: Warning: Failed to import 'C:\Users\harry\Downloads\TopDownShooter-main\TopDownShooter-main\Content\Sounds/FoleyFlesh/Mono/FoleyFlesh_Gib_Cue.uasset'. Unknown extension 'uasset'.
[2026.02.11-17.02.44:618][309]LogAssetTools: Warning: Failed to import 'C:\Users\harry\Downloads\TopDownShooter-main\TopDownShooter-main\Content\Sounds/FoleyFlesh/Mono/FoleyFlesh_Impact02.uasset'. Unknown extension 'uasset'.
[2026.02.11-17.02.44:748][309]LogAssetTools: Warning: Failed to import 'C:\Users\harry\Downloads\TopDownShooter-main\TopDownShooter-main\Content\Sounds/FoleyFlesh/Mono/FoleyFlesh_Impact03.uasset'. Unknown extension 'uasset'.
[2026.02.11-17.02.44:754][309]LogAssetTools: Warning: Failed to import 'C:\Users\harry\Downloads\TopDownShooter-main\TopDownShooter-main\Content\Sounds/FoleyFlesh/Mono/FoleyFlesh_Impact04.uasset'. Unknown extension 'uasset'.
[2026.02.11-17.02.44:759][309]LogAssetTools: Warning: Failed to import 'C:\Users\harry\Downloads\TopDownShooter-main\TopDownShooter-main\Content\Sounds/FoleyFlesh/Mono/FoleyFlesh_Impact05.uasset'. Unknown extension 'uasset'.
[2026.02.11-17.02.44:763][309]LogAssetTools: Warning: Failed to import 'C:\Users\harry\Downloads\TopDownShooter-main\TopDownShooter-main\Content\Sounds/FoleyFlesh/Mono/FoleyFlesh_Impact06.uasset'. Unknown extension 'uasset'.
[2026.02.11-17.02.44:767][309]LogAssetTools: Warning: Failed to import 'C:\Users\harry\Downloads\TopDownShooter-main\TopDownShooter-main\Content\Sounds/FoleyFlesh/Mono/FoleyFlesh_Impact07.uasset'. Unknown extension 'uasset'.
[2026.02.11-17.02.44:770][309]LogAssetTools: Warning: Failed to import 'C:\Users\harry\Downloads\TopDownShooter-main\TopDownShooter-main\Content\Sounds/FoleyFlesh/Mono/FoleyFlesh_Impact08.uasset'. Unknown extension 'uasset'.
[2026.02.11-17.02.44:774][309]LogAssetTools: Warning: Failed to import 'C:\Users\harry\Downloads\TopDownShooter-main\TopDownShooter-main\Content\Sounds/FoleyFlesh/Mono/FoleyFlesh_Impact_Cue.uasset'. Unknown extension 'uasset'.
[2026.02.11-17.02.44:778][309]LogAssetTools: Warning: Failed to import 'C:\Users\harry\Downloads\TopDownShooter-main\TopDownShooter-main\Content\Sounds/FoleyFlesh/Stereo/Cue_CreatureDeath.uasset'. Unknown extension 'uasset'.
[2026.02.11-17.02.44:782][309]LogAssetTools: Warning: Failed to import 'C:\Users\harry\Downloads\TopDownShooter-main\TopDownShooter-main\Content\Sounds/FoleyFlesh/Stereo/FoleyFlesh_Gib01_Stereo.uasset'. Unknown extension 'uasset'.
[2026.02.11-17.02.44:785][309]LogAssetTools: Warning: Failed to import 'C:\Users\harry\Downloads\TopDownShooter-main\TopDownShooter-main\Content\Sounds/FoleyFlesh/Stereo/FoleyFlesh_Gib02_Stereo.uasset'. Unknown extension 'uasset'.
[2026.02.11-17.02.44:789][309]LogAssetTools: Warning: Failed to import 'C:\Users\harry\Downloads\TopDownShooter-main\TopDownShooter-main\Content\Sounds/FoleyFlesh/Stereo/FoleyFlesh_Gib03_Stereo.uasset'. Unknown extension 'uasset'.
[2026.02.11-17.02.44:792][309]LogAssetTools: Warning: Failed to import 'C:\Users\harry\Downloads\TopDownShooter-main\TopDownShooter-main\Content\Sounds/FoleyFlesh/Stereo/FoleyFlesh_Gib04_Stereo.uasset'. Unknown extension 'uasset'.
[2026.02.11-17.02.44:796][309]LogAssetTools: Warning: Failed to import 'C:\Users\harry\Downloads\TopDownShooter-main\TopDownShooter-main\Content\Sounds/FoleyFlesh/Stereo/FoleyFlesh_Gib05_Stereo.uasset'. Unknown extension 'uasset'.
[2026.02.11-17.02.44:800][309]LogAssetTools: Warning: Failed to import 'C:\Users\harry\Downloads\TopDownShooter-main\TopDownShooter-main\Content\Sounds/FoleyFlesh/Stereo/FoleyFlesh_Gib06_Stereo.uasset'. Unknown extension 'uasset'.
[2026.02.11-17.02.44:804][309]LogAssetTools: Warning: Failed to import 'C:\Users\harry\Downloads\TopDownShooter-main\TopDownShooter-main\Content\Sounds/FoleyFlesh/Stereo/FoleyFlesh_Impact01_Stereo.uasset'. Unknown extension 'uasset'.
[2026.02.11-17.02.44:807][309]LogAssetTools: Warning: Failed to import 'C:\Users\harry\Downloads\TopDownShooter-main\TopDownShooter-main\Content\Sounds/FoleyFlesh/Stereo/FoleyFlesh_Impact02_Stereo.uasset'. Unknown extension 'uasset'.
[2026.02.11-17.02.44:811][309]LogAssetTools: Warning: Failed to import 'C:\Users\harry\Downloads\TopDownShooter-main\TopDownShooter-main\Content\Sounds/FoleyFlesh/Stereo/FoleyFlesh_Impact03_Stereo.uasset'. Unknown extension 'uasset'.
[2026.02.11-17.02.44:816][309]LogAssetTools: Warning: Failed to import 'C:\Users\harry\Downloads\TopDownShooter-main\TopDownShooter-main\Content\Sounds/FoleyFlesh/Stereo/FoleyFlesh_Impact04_Stereo.uasset'. Unknown extension 'uasset'.
[2026.02.11-17.02.44:819][309]LogAssetTools: Warning: Failed to import 'C:\Users\harry\Downloads\TopDownShooter-main\TopDownShooter-main\Content\Sounds/FoleyFlesh/Stereo/FoleyFlesh_Impact05_Stereo.uasset'. Unknown extension 'uasset'.
[2026.02.11-17.02.45:664][309]LogAssetTools: Warning: Failed to import 'C:\Users\harry\Downloads\TopDownShooter-main\TopDownShooter-main\Content\Sounds/FoleyFlesh/Stereo/FoleyFlesh_Impact06_Stereo.uasset'. Unknown extension 'uasset'.
[2026.02.11-17.02.45:800][309]LogAssetTools: Warning: Failed to import 'C:\Users\harry\Downloads\TopDownShooter-main\TopDownShooter-main\Content\Sounds/FoleyFlesh/Stereo/FoleyFlesh_Impact07_Stereo.uasset'. Unknown extension 'uasset'.
[2026.02.11-17.02.45:804][309]LogAssetTools: Warning: Failed to import 'C:\Users\harry\Downloads\TopDownShooter-main\TopDownShooter-main\Content\Sounds/FoleyFlesh/Stereo/FoleyFlesh_Impact08_Stereo.uasset'. Unknown extension 'uasset'.
[2026.02.11-17.02.45:809][309]LogAssetTools: Warning: Failed to import 'C:\Users\harry\Downloads\TopDownShooter-main\TopDownShooter-main\Content\Sounds/Footsteps/Mono/Footsteps_Generic_Cue.uasset'. Unknown extension 'uasset'.
[2026.02.11-17.02.45:812][309]LogAssetTools: Warning: Failed to import 'C:\Users\harry\Downloads\TopDownShooter-main\TopDownShooter-main\Content\Sounds/Footsteps/Mono/Footstep_Generic01.uasset'. Unknown extension 'uasset'.
[2026.02.11-17.02.45:816][309]LogAssetTools: Warning: Failed to import 'C:\Users\harry\Downloads\TopDownShooter-main\TopDownShooter-main\Content\Sounds/Footsteps/Mono/Footstep_Generic02.uasset'. Unknown extension 'uasset'.
[2026.02.11-17.02.45:819][309]LogAssetTools: Warning: Failed to import 'C:\Users\harry\Downloads\TopDownShooter-main\TopDownShooter-main\Content\Sounds/Footsteps/Mono/Footstep_Generic03.uasset'. Unknown extension 'uasset'.
[2026.02.11-17.02.45:823][309]LogAssetTools: Warning: Failed to import 'C:\Users\harry\Downloads\TopDownShooter-main\TopDownShooter-main\Content\Sounds/Footsteps/Mono/Footstep_Generic04.uasset'. Unknown extension 'uasset'.
[2026.02.11-17.02.45:826][309]LogAssetTools: Warning: Failed to import 'C:\Users\harry\Downloads\TopDownShooter-main\TopDownShooter-main\Content\Sounds/Footsteps/Mono/Footstep_Generic05.uasset'. Unknown extension 'uasset'.
[2026.02.11-17.02.45:830][309]LogAssetTools: Warning: Failed to import 'C:\Users\harry\Downloads\TopDownShooter-main\TopDownShooter-main\Content\Sounds/Footsteps/Mono/Footstep_Generic06.uasset'. Unknown extension 'uasset'.
[2026.02.11-17.02.45:834][309]LogAssetTools: Warning: Failed to import 'C:\Users\harry\Downloads\TopDownShooter-main\TopDownShooter-main\Content\Sounds/Footsteps/Mono/Footstep_Generic07.uasset'. Unknown extension 'uasset'.
[2026.02.11-17.02.45:837][309]LogAssetTools: Warning: Failed to import 'C:\Users\harry\Downloads\TopDownShooter-main\TopDownShooter-main\Content\Sounds/Footsteps/Mono/Footstep_Generic08.uasset'. Unknown extension 'uasset'.
[2026.02.11-17.02.45:841][309]LogAssetTools: Warning: Failed to import 'C:\Users\harry\Downloads\TopDownShooter-main\TopDownShooter-main\Content\Sounds/Footsteps/Mono/Footstep_Generic09.uasset'. Unknown extension 'uasset'.
[2026.02.11-17.02.45:844][309]LogAssetTools: Warning: Failed to import 'C:\Users\harry\Downloads\TopDownShooter-main\TopDownShooter-main\Content\Sounds/Footsteps/Mono/Footstep_Generic10.uasset'. Unknown extension 'uasset'.
[2026.02.11-17.02.45:847][309]LogAssetTools: Warning: Failed to import 'C:\Users\harry\Downloads\TopDownShooter-main\TopDownShooter-main\Content\Sounds/Footsteps/Mono/Footstep_Generic11.uasset'. Unknown extension 'uasset'.
[2026.02.11-17.02.45:851][309]LogAssetTools: Warning: Failed to import 'C:\Users\harry\Downloads\TopDownShooter-main\TopDownShooter-main\Content\Sounds/Footsteps/Mono/Footstep_Generic12.uasset'. Unknown extension 'uasset'.
[2026.02.11-17.02.45:854][309]LogAssetTools: Warning: Failed to import 'C:\Users\harry\Downloads\TopDownShooter-main\TopDownShooter-main\Content\Sounds/Footsteps/Stereo/Footsteps_Generic_Stereo_Cue.uasset'. Unknown extension 'uasset'.
[2026.02.11-17.02.45:859][309]LogAssetTools: Warning: Failed to import 'C:\Users\harry\Downloads\TopDownShooter-main\TopDownShooter-main\Content\Sounds/Footsteps/Stereo/Footstep_Generic01_Stereo.uasset'. Unknown extension 'uasset'.
[2026.02.11-17.02.45:862][309]LogAssetTools: Warning: Failed to import 'C:\Users\harry\Downloads\TopDownShooter-main\TopDownShooter-main\Content\Sounds/Footsteps/Stereo/Footstep_Generic02_Stereo.uasset'. Unknown extension 'uasset'.
[2026.02.11-17.02.45:866][309]LogAssetTools: Warning: Failed to import 'C:\Users\harry\Downloads\TopDownShooter-main\TopDownShooter-main\Content\Sounds/Footsteps/Stereo/Footstep_Generic03_Stereo.uasset'. Unknown extension 'uasset'.
[2026.02.11-17.02.46:733][309]LogAssetTools: Warning: Failed to import 'C:\Users\harry\Downloads\TopDownShooter-main\TopDownShooter-main\Content\Sounds/Footsteps/Stereo/Footstep_Generic04_Stereo.uasset'. Unknown extension 'uasset'.
[2026.02.11-17.02.46:878][309]LogAssetTools: Warning: Failed to import 'C:\Users\harry\Downloads\TopDownShooter-main\TopDownShooter-main\Content\Sounds/Footsteps/Stereo/Footstep_Generic05_Stereo.uasset'. Unknown extension 'uasset'.
[2026.02.11-17.02.46:883][309]LogAssetTools: Warning: Failed to import 'C:\Users\harry\Downloads\TopDownShooter-main\TopDownShooter-main\Content\Sounds/Footsteps/Stereo/Footstep_Generic06_Stereo.uasset'. Unknown extension 'uasset'.
[2026.02.11-17.02.46:887][309]LogAssetTools: Warning: Failed to import 'C:\Users\harry\Downloads\TopDownShooter-main\TopDownShooter-main\Content\Sounds/Footsteps/Stereo/Footstep_Generic07_Stereo.uasset'. Unknown extension 'uasset'.
[2026.02.11-17.02.46:890][309]LogAssetTools: Warning: Failed to import 'C:\Users\harry\Downloads\TopDownShooter-main\TopDownShooter-main\Content\Sounds/Footsteps/Stereo/Footstep_Generic08_Stereo.uasset'. Unknown extension 'uasset'.
[2026.02.11-17.02.46:894][309]LogAssetTools: Warning: Failed to import 'C:\Users\harry\Downloads\TopDownShooter-main\TopDownShooter-main\Content\Sounds/Footsteps/Stereo/Footstep_Generic09_Stereo.uasset'. Unknown extension 'uasset'.
[2026.02.11-17.02.46:899][309]LogAssetTools: Warning: Failed to import 'C:\Users\harry\Downloads\TopDownShooter-main\TopDownShooter-main\Content\Sounds/Footsteps/Stereo/Footstep_Generic10_Stereo.uasset'. Unknown extension 'uasset'.
[2026.02.11-17.02.46:902][309]LogAssetTools: Warning: Failed to import 'C:\Users\harry\Downloads\TopDownShooter-main\TopDownShooter-main\Content\Sounds/Footsteps/Stereo/Footstep_Generic11_Stereo.uasset'. Unknown extension 'uasset'.
[2026.02.11-17.02.46:906][309]LogAssetTools: Warning: Failed to import 'C:\Users\harry\Downloads\TopDownShooter-main\TopDownShooter-main\Content\Sounds/Footsteps/Stereo/Footstep_Generic12_Stereo.uasset'. Unknown extension 'uasset'.
[2026.02.11-17.02.46:909][309]LogAssetTools: Warning: Failed to import 'C:\Users\harry\Downloads\TopDownShooter-main\TopDownShooter-main\Content\Sounds/InterfaceAudio/Stereo/MenuAccept_Stereo.uasset'. Unknown extension 'uasset'.
[2026.02.11-17.02.46:913][309]LogAssetTools: Warning: Failed to import 'C:\Users\harry\Downloads\TopDownShooter-main\TopDownShooter-main\Content\Sounds/InterfaceAudio/Stereo/MenuAccept_Stereo_Cue.uasset'. Unknown extension 'uasset'.
[2026.02.11-17.02.46:916][309]LogAssetTools: Warning: Failed to import 'C:\Users\harry\Downloads\TopDownShooter-main\TopDownShooter-main\Content\Sounds/InterfaceAudio/Stereo/MenuBack01_Stereo.uasset'. Unknown extension 'uasset'.
[2026.02.11-17.02.46:920][309]LogAssetTools: Warning: Failed to import 'C:\Users\harry\Downloads\TopDownShooter-main\TopDownShooter-main\Content\Sounds/InterfaceAudio/Stereo/MenuBack02_Stereo.uasset'. Unknown extension 'uasset'.
[2026.02.11-17.02.46:924][309]LogAssetTools: Warning: Failed to import 'C:\Users\harry\Downloads\TopDownShooter-main\TopDownShooter-main\Content\Sounds/InterfaceAudio/Stereo/MenuBack03_Stereo.uasset'. Unknown extension 'uasset'.
[2026.02.11-17.02.46:927][309]LogAssetTools: Warning: Failed to import 'C:\Users\harry\Downloads\TopDownShooter-main\TopDownShooter-main\Content\Sounds/InterfaceAudio/Stereo/MenuBack_Stereo_Cue.uasset'. Unknown extension 'uasset'.
[2026.02.11-17.02.46:931][309]LogAssetTools: Warning: Failed to import 'C:\Users\harry\Downloads\TopDownShooter-main\TopDownShooter-main\Content\Sounds/InterfaceAudio/Stereo/MenuCursor01_Stereo.uasset'. Unknown extension 'uasset'.
[2026.02.11-17.02.46:934][309]LogAssetTools: Warning: Failed to import 'C:\Users\harry\Downloads\TopDownShooter-main\TopDownShooter-main\Content\Sounds/InterfaceAudio/Stereo/MenuCursor02_Stereo.uasset'. Unknown extension 'uasset'.
[2026.02.11-17.02.47:553][309]LogAssetTools: Warning: Failed to import 'C:\Users\harry\Downloads\TopDownShooter-main\TopDownShooter-main\Content\Sounds/InterfaceAudio/Stereo/MenuCursor03_Stereo.uasset'. Unknown extension 'uasset'.
[2026.02.11-17.02.47:596][309]LogAssetTools: Warning: Failed to import 'C:\Users\harry\Downloads\TopDownShooter-main\TopDownShooter-main\Content\Sounds/InterfaceAudio/Stereo/MenuCursor04_Stereo.uasset'. Unknown extension 'uasset'.
[2026.02.11-17.02.47:600][309]LogAssetTools: Warning: Failed to import 'C:\Users\harry\Downloads\TopDownShooter-main\TopDownShooter-main\Content\Sounds/InterfaceAudio/Stereo/MenuCursor_Sides_Stereo_Cue.uasset'. Unknown extension 'uasset'.
[2026.02.11-17.02.47:603][309]LogAssetTools: Warning: Failed to import 'C:\Users\harry\Downloads\TopDownShooter-main\TopDownShooter-main\Content\Sounds/InterfaceAudio/Stereo/MenuCursor_UpDown_Stereo_Cue.uasset'. Unknown extension 'uasset'.
[2026.02.11-17.02.47:608][309]LogAssetTools: Warning: Failed to import 'C:\Users\harry\Downloads\TopDownShooter-main\TopDownShooter-main\Content\Sounds/InterfaceAudio/Stereo/MenuDiscard_Stereo.uasset'. Unknown extension 'uasset'.
[2026.02.11-17.02.47:611][309]LogAssetTools: Warning: Failed to import 'C:\Users\harry\Downloads\TopDownShooter-main\TopDownShooter-main\Content\Sounds/InterfaceAudio/Stereo/MenuDiscard_Stereo_Cue.uasset'. Unknown extension 'uasset'.
[2026.02.11-17.02.47:614][309]LogAssetTools: Warning: Failed to import 'C:\Users\harry\Downloads\TopDownShooter-main\TopDownShooter-main\Content\Sounds/InterfaceAudio/Stereo/MenuEnter01_Stereo.uasset'. Unknown extension 'uasset'.
[2026.02.11-17.02.47:618][309]LogAssetTools: Warning: Failed to import 'C:\Users\harry\Downloads\TopDownShooter-main\TopDownShooter-main\Content\Sounds/InterfaceAudio/Stereo/MenuEnter02_Stereo.uasset'. Unknown extension 'uasset'.
[2026.02.11-17.02.47:622][309]LogAssetTools: Warning: Failed to import 'C:\Users\harry\Downloads\TopDownShooter-main\TopDownShooter-main\Content\Sounds/InterfaceAudio/Stereo/MenuEnter03_Stereo.uasset'. Unknown extension 'uasset'.
[2026.02.11-17.02.47:625][309]LogAssetTools: Warning: Failed to import 'C:\Users\harry\Downloads\TopDownShooter-main\TopDownShooter-main\Content\Sounds/InterfaceAudio/Stereo/MenuEnter_Stereo_Cue.uasset'. Unknown extension 'uasset'.
[2026.02.11-17.02.47:628][309]LogAssetTools: Warning: Failed to import 'C:\Users\harry\Downloads\TopDownShooter-main\TopDownShooter-main\Content\Sounds/InterfaceAudio/Stereo/MenuExitStereo_Cue.uasset'. Unknown extension 'uasset'.
[2026.02.11-17.02.47:632][309]LogAssetTools: Warning: Failed to import 'C:\Users\harry\Downloads\TopDownShooter-main\TopDownShooter-main\Content\Sounds/InterfaceAudio/Stereo/MenuExit_Stereo.uasset'. Unknown extension 'uasset'.
[2026.02.11-17.02.47:636][309]LogAssetTools: Warning: Failed to import 'C:\Users\harry\Downloads\TopDownShooter-main\TopDownShooter-main\Content\Sounds/InterfaceAudio/Stereo/MenuStart_Stereo.uasset'. Unknown extension 'uasset'.
[2026.02.11-17.02.47:639][309]LogAssetTools: Warning: Failed to import 'C:\Users\harry\Downloads\TopDownShooter-main\TopDownShooter-main\Content\Sounds/InterfaceAudio/Stereo/MenuStart_Stereo_Cue.uasset'. Unknown extension 'uasset'.
[2026.02.11-17.02.47:642][309]LogAssetTools: Warning: Failed to import 'C:\Users\harry\Downloads\TopDownShooter-main\TopDownShooter-main\Content\Sounds/InterfaceAudio/Stereo/UI_LowHealth_Loop_Stereo.uasset'. Unknown extension 'uasset'.
[2026.02.11-17.02.47:647][309]LogAssetTools: Warning: Failed to import 'C:\Users\harry\Downloads\TopDownShooter-main\TopDownShooter-main\Content\Sounds/InterfaceAudio/Stereo/UI_LowHealth_Loop_Stereo_Cue.uasset'. Unknown extension 'uasset'.
[2026.02.11-17.02.47:651][309]LogAssetTools: Warning: Failed to import 'C:\Users\harry\Downloads\TopDownShooter-main\TopDownShooter-main\Content\Sounds/InterfaceAudio/Stereo/UI_PlayerRespawn_Stereo_Cue.uasset'. Unknown extension 'uasset'.
[2026.02.11-17.02.47:655][309]LogAssetTools: Warning: Failed to import 'C:\Users\harry\Downloads\TopDownShooter-main\TopDownShooter-main\Content\Sounds/Music/ShooterGame_Music.uasset'. Unknown extension 'uasset'.
[2026.02.11-17.02.47:660][309]LogAssetTools: Warning: Failed to import 'C:\Users\harry\Downloads\TopDownShooter-main\TopDownShooter-main\Content\Sounds/Music/ShooterGame_Music_Cue.uasset'. Unknown extension 'uasset'.
[2026.02.11-17.02.47:664][309]LogAssetTools: Warning: Failed to import 'C:\Users\harry\Downloads\TopDownShooter-main\TopDownShooter-main\Content\Sounds/Music/ShooterGame_Music_Intro.uasset'. Unknown extension 'uasset'.
[2026.02.11-17.02.47:667][309]LogAssetTools: Warning: Failed to import 'C:\Users\harry\Downloads\TopDownShooter-main\TopDownShooter-main\Content\Sounds/Music/ShooterGame_Music_Intro_Cue.uasset'. Unknown extension 'uasset'.
[2026.02.11-17.02.47:671][309]LogAssetTools: Warning: Failed to import 'C:\Users\harry\Downloads\TopDownShooter-main\TopDownShooter-main\Content\Sounds/Stingers/Mono/StingerPickup_Health01.uasset'. Unknown extension 'uasset'.
[2026.02.11-17.02.47:674][309]LogAssetTools: Warning: Failed to import 'C:\Users\harry\Downloads\TopDownShooter-main\TopDownShooter-main\Content\Sounds/Stingers/Mono/StingerPickup_Health02.uasset'. Unknown extension 'uasset'.
[2026.02.11-17.02.47:678][309]LogAssetTools: Warning: Failed to import 'C:\Users\harry\Downloads\TopDownShooter-main\TopDownShooter-main\Content\Sounds/Stingers/Mono/StingerPickup_Health_Cue.uasset'. Unknown extension 'uasset'.
[2026.02.11-17.02.47:682][309]LogAssetTools: Warning: Failed to import 'C:\Users\harry\Downloads\TopDownShooter-main\TopDownShooter-main\Content\Sounds/Stingers/Mono/Stinger_PlayerDeath01.uasset'. Unknown extension 'uasset'.
[2026.02.11-17.02.47:691][309]LogAssetTools: Warning: Failed to import 'C:\Users\harry\Downloads\TopDownShooter-main\TopDownShooter-main\Content\Sounds/Stingers/Stereo/StingerPickup_Health01_Stereo.uasset'. Unknown extension 'uasset'.
[2026.02.11-17.02.47:695][309]LogAssetTools: Warning: Failed to import 'C:\Users\harry\Downloads\TopDownShooter-main\TopDownShooter-main\Content\Sounds/Stingers/Stereo/StingerPickup_Health02_Stereo.uasset'. Unknown extension 'uasset'.
[2026.02.11-17.02.47:699][309]LogAssetTools: Warning: Failed to import 'C:\Users\harry\Downloads\TopDownShooter-main\TopDownShooter-main\Content\Sounds/Stingers/Stereo/Stinger_PlayerDeath01_Stereo.uasset'. Unknown extension 'uasset'.
[2026.02.11-17.02.47:702][309]LogAssetTools: Warning: Failed to import 'C:\Users\harry\Downloads\TopDownShooter-main\TopDownShooter-main\Content\Sounds/Stingers/Stereo/Stinger_PlayerDeath02_Stereo.uasset'. Unknown extension 'uasset'.
[2026.02.11-17.02.47:706][309]LogAssetTools: Warning: Failed to import 'C:\Users\harry\Downloads\TopDownShooter-main\TopDownShooter-main\Content\Sounds/Stingers/Stereo/Stinger_PlayerDeath_Stereo_Cue.uasset'. Unknown extension 'uasset'.
[2026.02.11-17.02.47:710][309]LogAssetTools: Warning: Failed to import 'C:\Users\harry\Downloads\TopDownShooter-main\TopDownShooter-main\Content\Sounds/Weapon_AssaultRifle/Stereo/AssaultRifle_Equip_Stereo_Cue.uasset'. Unknown extension 'uasset'.
[2026.02.11-17.02.47:714][309]LogAssetTools: Warning: Failed to import 'C:\Users\harry\Downloads\TopDownShooter-main\TopDownShooter-main\Content\Sounds/Weapon_AssaultRifle/Stereo/AssaultRifle_Reload_Stereo_Cue.uasset'. Unknown extension 'uasset'.
[2026.02.11-17.02.47:719][309]LogAssetTools: Warning: Failed to import 'C:\Users\harry\Downloads\TopDownShooter-main\TopDownShooter-main\Content\Sounds/Weapon_AssaultRifle/Stereo/AssaultRifle_Shot01_Stereo.uasset'. Unknown extension 'uasset'.
[2026.02.11-17.02.47:722][309]LogAssetTools: Warning: Failed to import 'C:\Users\harry\Downloads\TopDownShooter-main\TopDownShooter-main\Content\Sounds/Weapon_AssaultRifle/Stereo/AssaultRifle_Shot02_Stereo.uasset'. Unknown extension 'uasset'.
[2026.02.11-17.02.47:726][309]LogAssetTools: Warning: Failed to import 'C:\Users\harry\Downloads\TopDownShooter-main\TopDownShooter-main\Content\Sounds/Weapon_AssaultRifle/Stereo/AssaultRifle_Shot03_Stereo.uasset'. Unknown extension 'uasset'.
[2026.02.11-17.02.47:730][309]LogAssetTools: Warning: Failed to import 'C:\Users\harry\Downloads\TopDownShooter-main\TopDownShooter-main\Content\Sounds/Weapon_AssaultRifle/Stereo/AssaultRifle_Shot04_Stereo.uasset'. Unknown extension 'uasset'.
[2026.02.11-17.02.47:734][309]LogAssetTools: Warning: Failed to import 'C:\Users\harry\Downloads\TopDownShooter-main\TopDownShooter-main\Content\Sounds/Weapon_AssaultRifle/Stereo/AssaultRifle_Shot05_Stereo.uasset'. Unknown extension 'uasset'.
[2026.02.11-17.02.47:738][309]LogAssetTools: Warning: Failed to import 'C:\Users\harry\Downloads\TopDownShooter-main\TopDownShooter-main\Content\Sounds/Weapon_AssaultRifle/Stereo/AssaultRifle_Shot06_Stereo.uasset'. Unknown extension 'uasset'.
[2026.02.11-17.02.47:742][309]LogAssetTools: Warning: Failed to import 'C:\Users\harry\Downloads\TopDownShooter-main\TopDownShooter-main\Content\Sounds/Weapon_AssaultRifle/Stereo/AssaultRifle_ShotEnd01_Stereo.uasset'. Unknown extension 'uasset'.
[2026.02.11-17.02.47:746][309]LogAssetTools: Warning: Failed to import 'C:\Users\harry\Downloads\TopDownShooter-main\TopDownShooter-main\Content\Sounds/Weapon_AssaultRifle/Stereo/AssaultRifle_ShotEnd02_Stereo.uasset'. Unknown extension 'uasset'.
[2026.02.11-17.02.47:750][309]LogAssetTools: Warning: Failed to import 'C:\Users\harry\Downloads\TopDownShooter-main\TopDownShooter-main\Content\Sounds/Weapon_AssaultRifle/Stereo/AssaultRifle_ShotEnd03_Stereo.uasset'. Unknown extension 'uasset'.
[2026.02.11-17.02.47:754][309]LogAssetTools: Warning: Failed to import 'C:\Users\harry\Downloads\TopDownShooter-main\TopDownShooter-main\Content\Sounds/Weapon_AssaultRifle/Stereo/AssaultRifle_ShotEnd04_Stereo.uasset'. Unknown extension 'uasset'.
[2026.02.11-17.02.49:181][309]LogAssetTools: Warning: Failed to import 'C:\Users\harry\Downloads\TopDownShooter-main\TopDownShooter-main\Content\Sounds/Weapon_AssaultRifle/Stereo/AssaultRifle_ShotEnd05_Stereo.uasset'. Unknown extension 'uasset'.
[2026.02.11-17.02.49:279][309]LogAssetTools: Warning: Failed to import 'C:\Users\harry\Downloads\TopDownShooter-main\TopDownShooter-main\Content\Sounds/Weapon_AssaultRifle/Stereo/AssaultRifle_ShotEnd06_Stereo.uasset'. Unknown extension 'uasset'.
[2026.02.11-17.02.49:283][309]LogAssetTools: Warning: Failed to import 'C:\Users\harry\Downloads\TopDownShooter-main\TopDownShooter-main\Content\Sounds/Weapon_AssaultRifle/Stereo/AssaultRifle_ShotLoop01_Stereo.uasset'. Unknown extension 'uasset'.
[2026.02.11-17.02.49:288][309]LogAssetTools: Warning: Failed to import 'C:\Users\harry\Downloads\TopDownShooter-main\TopDownShooter-main\Content\Sounds/Weapon_AssaultRifle/Stereo/AssaultRifle_ShotLoop02_Stereo.uasset'. Unknown extension 'uasset'.
[2026.02.11-17.02.49:294][309]LogAssetTools: Warning: Failed to import 'C:\Users\harry\Downloads\TopDownShooter-main\TopDownShooter-main\Content\Sounds/Weapon_AssaultRifle/Stereo/AssaultRifle_ShotLoop03_Stereo.uasset'. Unknown extension 'uasset'.
[2026.02.11-17.02.49:296][309]LogAssetTools: Warning: Failed to import 'C:\Users\harry\Downloads\TopDownShooter-main\TopDownShooter-main\Content\Sounds/Weapon_AssaultRifle/Stereo/RifleFireEnd_Cue.uasset'. Unknown extension 'uasset'.
[2026.02.11-17.02.49:300][309]LogAssetTools: Warning: Failed to import 'C:\Users\harry\Downloads\TopDownShooter-main\TopDownShooter-main\Content\Sounds/Weapon_AssaultRifle/Stereo/RifleFireLoop_Cue.uasset'. Unknown extension 'uasset'.
[2026.02.11-17.02.49:304][309]LogAssetTools: Warning: Failed to import 'C:\Users\harry\Downloads\TopDownShooter-main\TopDownShooter-main\Content\Sounds/Weapon_AssaultRifle/Stereo/Weapon_AssaultRifle_AmmoPickup01_Stereo.uasset'. Unknown extension 'uasset'.
[2026.02.11-17.02.49:308][309]LogAssetTools: Warning: Failed to import 'C:\Users\harry\Downloads\TopDownShooter-main\TopDownShooter-main\Content\Sounds/Weapon_AssaultRifle/Stereo/Weapon_AssaultRifle_AmmoPickup02_Stereo.uasset'. Unknown extension 'uasset'.
[2026.02.11-17.02.49:312][309]LogAssetTools: Warning: Failed to import 'C:\Users\harry\Downloads\TopDownShooter-main\TopDownShooter-main\Content\Sounds/Weapon_AssaultRifle/Stereo/Weapon_AssaultRifle_AmmoPickup03_Stereo.uasset'. Unknown extension 'uasset'.
[2026.02.11-17.02.49:316][309]LogAssetTools: Warning: Failed to import 'C:\Users\harry\Downloads\TopDownShooter-main\TopDownShooter-main\Content\Sounds/Weapon_AssaultRifle/Stereo/Weapon_AssaultRifle_Empty01_Stereo.uasset'. Unknown extension 'uasset'.
[2026.02.11-17.02.49:329][309]LogAssetTools: Warning: Failed to import 'C:\Users\harry\Downloads\TopDownShooter-main\TopDownShooter-main\Content\Sounds/Weapon_AssaultRifle/Stereo/Weapon_AssaultRifle_Empty02_Stereo.uasset'. Unknown extension 'uasset'.
[2026.02.11-17.02.49:333][309]LogAssetTools: Warning: Failed to import 'C:\Users\harry\Downloads\TopDownShooter-main\TopDownShooter-main\Content\Sounds/Weapon_AssaultRifle/Stereo/Weapon_AssaultRifle_Empty03_Stereo.uasset'. Unknown extension 'uasset'.
[2026.02.11-17.02.49:338][309]LogAssetTools: Warning: Failed to import 'C:\Users\harry\Downloads\TopDownShooter-main\TopDownShooter-main\Content\Sounds/Weapon_AssaultRifle/Stereo/Weapon_AssaultRifle_Reload01_Stereo.uasset'. Unknown extension 'uasset'.
[2026.02.11-17.02.49:341][309]LogAssetTools: Warning: Failed to import 'C:\Users\harry\Downloads\TopDownShooter-main\TopDownShooter-main\Content\Sounds/Weapon_AssaultRifle/Stereo/Weapon_AssaultRifle_Reload02_Stereo.uasset'. Unknown extension 'uasset'.
[2026.02.11-17.02.49:345][309]LogAssetTools: Warning: Failed to import 'C:\Users\harry\Downloads\TopDownShooter-main\TopDownShooter-main\Content\Sounds/Weapon_AssaultRifle/Stereo/Weapon_AssaultRifle_Reload03_Stereo.uasset'. Unknown extension 'uasset'.
[2026.02.11-17.02.49:349][309]LogAssetTools: Warning: Failed to import 'C:\Users\harry\Downloads\TopDownShooter-main\TopDownShooter-main\Content\Sounds/Weapon_AssaultRifle/Stereo/Weapon_AssaultRifle_Swap01_Stereo.uasset'. Unknown extension 'uasset'.
[2026.02.11-17.02.49:353][309]LogAssetTools: Warning: Failed to import 'C:\Users\harry\Downloads\TopDownShooter-main\TopDownShooter-main\Content\Sounds/Weapon_AssaultRifle/Stereo/Weapon_AssaultRifle_Swap02_Stereo.uasset'. Unknown extension 'uasset'.
[2026.02.11-17.02.49:358][309]LogAssetTools: Warning: Failed to import 'C:\Users\harry\Downloads\TopDownShooter-main\TopDownShooter-main\Content\Sounds/Weapon_AssaultRifle/Stereo/Weapon_AssaultRifle_Swap03_Stereo.uasset'. Unknown extension 'uasset'.
[2026.02.11-17.03.01:951][349]LogAssetTools: Warning: Failed to import 'C:\Users\harry\Downloads\TopDownShooter-main\TopDownShooter-main\Content\Weapons/MaterialLayers/ML_BoltMetal.uasset'. Unknown extension 'uasset'.
[2026.02.11-17.03.01:963][349]LogAssetTools: Warning: Failed to import 'C:\Users\harry\Downloads\TopDownShooter-main\TopDownShooter-main\Content\Weapons/MaterialLayers/ML_Metal_Copper.uasset'. Unknown extension 'uasset'.
[2026.02.11-17.03.01:971][349]LogAssetTools: Warning: Failed to import 'C:\Users\harry\Downloads\TopDownShooter-main\TopDownShooter-main\Content\Weapons/MaterialLayers/ML_Metal_Gray.uasset'. Unknown extension 'uasset'.
[2026.02.11-17.03.01:978][349]LogAssetTools: Warning: Failed to import 'C:\Users\harry\Downloads\TopDownShooter-main\TopDownShooter-main\Content\Weapons/MaterialLayers/ML_Paint.uasset'. Unknown extension 'uasset'.
[2026.02.11-17.03.01:981][349]LogAssetTools: Warning: Failed to import 'C:\Users\harry\Downloads\TopDownShooter-main\TopDownShooter-main\Content\Weapons/MaterialLayers/ML_Rubber.uasset'. Unknown extension 'uasset'.
[2026.02.11-17.03.01:987][349]LogAssetTools: Warning: Failed to import 'C:\Users\harry\Downloads\TopDownShooter-main\TopDownShooter-main\Content\Weapons/MaterialLayers/T_ExampleLayers_Metal02_N.uasset'. Unknown extension 'uasset'.
[2026.02.11-17.03.01:992][349]LogAssetTools: Warning: Failed to import 'C:\Users\harry\Downloads\TopDownShooter-main\TopDownShooter-main\Content\Weapons/MaterialLayers/T_Metal_Metal02_D.uasset'. Unknown extension 'uasset'.
[2026.02.11-17.03.01:995][349]LogAssetTools: Warning: Failed to import 'C:\Users\harry\Downloads\TopDownShooter-main\TopDownShooter-main\Content\Weapons/MaterialLayers/T_PaintedMetal01_N.uasset'. Unknown extension 'uasset'.
[2026.02.11-17.03.01:999][349]LogAssetTools: Warning: Failed to import 'C:\Users\harry\Downloads\TopDownShooter-main\TopDownShooter-main\Content\Weapons/MaterialLayers/T_PaintedMetal02.uasset'. Unknown extension 'uasset'.
[2026.02.11-17.03.02:003][349]LogAssetTools: Warning: Failed to import 'C:\Users\harry\Downloads\TopDownShooter-main\TopDownShooter-main\Content\Weapons/MaterialLayers/T_Rubber.uasset'. Unknown extension 'uasset'.
[2026.02.11-17.03.02:007][349]LogAssetTools: Warning: Failed to import 'C:\Users\harry\Downloads\TopDownShooter-main\TopDownShooter-main\Content\Weapons/Materials/MagGun_MatA.uasset'. Unknown extension 'uasset'.
[2026.02.11-17.03.02:010][349]LogAssetTools: Warning: Failed to import 'C:\Users\harry\Downloads\TopDownShooter-main\TopDownShooter-main\Content\Weapons/Materials/MagGun_MatA_Inst3.uasset'. Unknown extension 'uasset'.
[2026.02.11-17.03.02:013][349]LogAssetTools: Warning: Failed to import 'C:\Users\harry\Downloads\TopDownShooter-main\TopDownShooter-main\Content\Weapons/Materials/MagGun_MatB.uasset'. Unknown extension 'uasset'.
[2026.02.11-17.03.02:017][349]LogAssetTools: Warning: Failed to import 'C:\Users\harry\Downloads\TopDownShooter-main\TopDownShooter-main\Content\Weapons/Materials/MagGun_MatB_Inst2.uasset'. Unknown extension 'uasset'.
[2026.02.11-17.03.02:022][349]LogAssetTools: Warning: Failed to import 'C:\Users\harry\Downloads\TopDownShooter-main\TopDownShooter-main\Content\Weapons/Materials/MagGun_MatB_Inst3.uasset'. Unknown extension 'uasset'.
[2026.02.11-17.03.02:025][349]LogAssetTools: Warning: Failed to import 'C:\Users\harry\Downloads\TopDownShooter-main\TopDownShooter-main\Content\Weapons/Materials/MagGun_SightLens_Mat.uasset'. Unknown extension 'uasset'.
[2026.02.11-17.03.02:029][349]LogAssetTools: Warning: Failed to import 'C:\Users\harry\Downloads\TopDownShooter-main\TopDownShooter-main\Content\Weapons/Materials/MagGun_SightLens_Mat_Inst.uasset'. Unknown extension 'uasset'.
[2026.02.11-17.03.02:033][349]LogAssetTools: Warning: Failed to import 'C:\Users\harry\Downloads\TopDownShooter-main\TopDownShooter-main\Content\Weapons/Rifle.uasset'. Unknown extension 'uasset'.
[2026.02.11-17.03.02:038][349]LogAssetTools: Warning: Failed to import 'C:\Users\harry\Downloads\TopDownShooter-main\TopDownShooter-main\Content\Weapons/Rifle_Skeleton.uasset'. Unknown extension 'uasset'.
[2026.02.11-17.03.02:042][349]LogAssetTools: Warning: Failed to import 'C:\Users\harry\Downloads\TopDownShooter-main\TopDownShooter-main\Content\Weapons/Textures/MagGunT1_section.uasset'. Unknown extension 'uasset'.
[2026.02.11-17.03.02:044][349]LogAssetTools: Warning: Failed to import 'C:\Users\harry\Downloads\TopDownShooter-main\TopDownShooter-main\Content\Weapons/Textures/MagGunT1_shade.uasset'. Unknown extension 'uasset'.
[2026.02.11-17.03.02:049][349]LogAssetTools: Warning: Failed to import 'C:\Users\harry\Downloads\TopDownShooter-main\TopDownShooter-main\Content\Weapons/Textures/MagGunT2_section.uasset'. Unknown extension 'uasset'.
[2026.02.11-17.03.02:053][349]LogAssetTools: Warning: Failed to import 'C:\Users\harry\Downloads\TopDownShooter-main\TopDownShooter-main\Content\Weapons/Textures/MagGunT2_shade.uasset'. Unknown extension 'uasset'.
[2026.02.11-17.03.02:057][349]LogAssetTools: Warning: Failed to import 'C:\Users\harry\Downloads\TopDownShooter-main\TopDownShooter-main\Content\Weapons/Textures/MagGun_01_N.uasset'. Unknown extension 'uasset'.
[2026.02.11-17.03.02:060][349]LogAssetTools: Warning: Failed to import 'C:\Users\harry\Downloads\TopDownShooter-main\TopDownShooter-main\Content\Weapons/Textures/MagGun_02_N.uasset'. Unknown extension 'uasset'.
[2026.02.11-17.03.02:064][349]LogAssetTools: Warning: Failed to import 'C:\Users\harry\Downloads\TopDownShooter-main\TopDownShooter-main\Content\Weapons/Textures/MagGun_Decals.uasset'. Unknown extension 'uasset'.
[2026.02.11-17.03.02:070][349]LogAssetTools: Warning: Failed to import 'C:\Users\harry\Downloads\TopDownShooter-main\TopDownShooter-main\Content\Weapons/Textures/MagGun_Display_EM.uasset'. Unknown extension 'uasset'.
[2026.02.11-17.03.02:074][349]LogAssetTools: Warning: Failed to import 'C:\Users\harry\Downloads\TopDownShooter-main\TopDownShooter-main\Content\Weapons/Textures/SightLens_maskA.uasset'. Unknown extension 'uasset'.
[2026.02.11-17.03.02:077][349]LogAssetTools: Warning: Failed to import 'C:\Users\harry\Downloads\TopDownShooter-main\TopDownShooter-main\Content\Weapons/Textures/SightLens_maskB.uasset'. Unknown extension 'uasset'.
[2026.02.11-17.03.14:872][721]LogAnimation: Warning: SkeletalMesh Rifle has no skeleton. This needs to fixed before an animation can be set
[2026.02.11-17.03.14:888][722]LogAnimation: Warning: SkeletalMesh Rifle has no skeleton. This needs to fixed before an animation can be set
[2026.02.11-17.03.14:904][723]LogAnimation: Warning: SkeletalMesh Rifle has no skeleton. This needs to fixed before an animation can be set
[2026.02.11-17.03.14:921][724]LogAnimation: Warning: SkeletalMesh Rifle has no skeleton. This needs to fixed before an animation can be set
[2026.02.11-17.03.14:940][725]LogAnimation: Warning: SkeletalMesh Rifle has no skeleton. This needs to fixed before an animation can be set
[2026.02.11-17.03.14:955][726]LogAnimation: Warning: SkeletalMesh Rifle has no skeleton. This needs to fixed before an animation can be set
[2026.02.11-17.03.14:971][727]LogAnimation: Warning: SkeletalMesh Rifle has no skeleton. This needs to fixed before an animation can be set
[2026.02.11-17.03.14:988][728]LogAnimation: Warning: SkeletalMesh Rifle has no skeleton. This needs to fixed before an animation can be set
[2026.02.11-17.03.15:004][729]LogAnimation: Warning: SkeletalMesh Rifle has no skeleton. This needs to fixed before an animation can be set
[2026.02.11-17.03.15:022][730]LogAnimation: Warning: SkeletalMesh Rifle has no skeleton. This needs to fixed before an animation can be set
[2026.02.11-17.03.15:038][731]LogAnimation: Warning: SkeletalMesh Rifle has no skeleton. This needs to fixed before an animation can be set
[2026.02.11-17.03.15:054][732]LogAnimation: Warning: SkeletalMesh Rifle has no skeleton. This needs to fixed before an animation can be set
[2026.02.11-17.03.15:071][733]LogAnimation: Warning: SkeletalMesh Rifle has no skeleton. This needs to fixed before an animation can be set
[2026.02.11-17.03.15:088][734]LogAnimation: Warning: SkeletalMesh Rifle has no skeleton. This needs to fixed before an animation can be set
[2026.02.11-17.03.15:104][735]LogAnimation: Warning: SkeletalMesh Rifle has no skeleton. This needs to fixed before an animation can be set
[2026.02.11-17.03.15:122][736]LogAnimation: Warning: SkeletalMesh Rifle has no skeleton. This needs to fixed before an animation can be set
[2026.02.11-17.03.15:138][737]LogAnimation: Warning: SkeletalMesh Rifle has no skeleton. This needs to fixed before an animation can be set
[2026.02.11-17.03.15:154][738]LogAnimation: Warning: SkeletalMesh Rifle has no skeleton. This needs to fixed before an animation can be set
[2026.02.11-17.03.15:172][739]LogAnimation: Warning: SkeletalMesh Rifle has no skeleton. This needs to fixed before an animation can be set
[2026.02.11-17.03.15:188][740]LogAnimation: Warning: SkeletalMesh Rifle has no skeleton. This needs to fixed before an animation can be set
[2026.02.11-17.03.15:204][741]LogAnimation: Warning: SkeletalMesh Rifle has no skeleton. This needs to fixed before an animation can be set
[2026.02.11-17.03.15:221][742]LogAnimation: Warning: SkeletalMesh Rifle has no skeleton. This needs to fixed before an animation can be set
[2026.02.11-17.03.15:238][743]LogAnimation: Warning: SkeletalMesh Rifle has no skeleton. This needs to fixed before an animation can be set
[2026.02.11-17.03.15:254][744]LogAnimation: Warning: SkeletalMesh Rifle has no skeleton. This needs to fixed before an animation can be set
[2026.02.11-17.03.15:272][745]LogAnimation: Warning: SkeletalMesh Rifle has no skeleton. This needs to fixed before an animation can be set
[2026.02.11-17.03.15:288][746]LogAnimation: Warning: SkeletalMesh Rifle has no skeleton. This needs to fixed before an animation can be set
[2026.02.11-17.03.15:305][747]LogAnimation: Warning: SkeletalMesh Rifle has no skeleton. This needs to fixed before an animation can be set
[2026.02.11-17.03.15:321][748]LogAnimation: Warning: SkeletalMesh Rifle has no skeleton. This needs to fixed before an animation can be set
[2026.02.11-17.03.15:339][749]LogAnimation: Warning: SkeletalMesh Rifle has no skeleton. This needs to fixed before an animation can be set
[2026.02.11-17.03.15:367][750]LogAnimation: Warning: SkeletalMesh Rifle has no skeleton. This needs to fixed before an animation can be set
[2026.02.11-17.03.15:373][751]LogAnimation: Warning: SkeletalMesh Rifle has no skeleton. This needs to fixed before an animation can be set
[2026.02.11-17.03.15:392][752]LogAnimation: Warning: SkeletalMesh Rifle has no skeleton. This needs to fixed before an animation can be set
[2026.02.11-17.03.15:406][753]LogAnimation: Warning: SkeletalMesh Rifle has no skeleton. This needs to fixed before an animation can be set
[2026.02.11-17.03.15:428][754]LogAnimation: Warning: SkeletalMesh Rifle has no skeleton. This needs to fixed before an animation can be set
[2026.02.11-17.03.15:440][755]LogAnimation: Warning: SkeletalMesh Rifle has no skeleton. This needs to fixed before an animation can be set
[2026.02.11-17.03.15:457][756]LogAnimation: Warning: SkeletalMesh Rifle has no skeleton. This needs to fixed before an animation can be set
[2026.02.11-17.03.15:473][757]LogAnimation: Warning: SkeletalMesh Rifle has no skeleton. This needs to fixed before an animation can be set
[2026.02.11-17.03.15:490][758]LogAnimation: Warning: SkeletalMesh Rifle has no skeleton. This needs to fixed before an animation can be set
[2026.02.11-17.03.15:506][759]LogAnimation: Warning: SkeletalMesh Rifle has no skeleton. This needs to fixed before an animation can be set
[2026.02.11-17.03.15:526][760]LogAnimation: Warning: SkeletalMesh Rifle has no skeleton. This needs to fixed before an animation can be set
[2026.02.11-17.03.15:548][761]LogAnimation: Warning: SkeletalMesh Rifle has no skeleton. This needs to fixed before an animation can be set
[2026.02.11-17.03.15:569][762]LogAnimation: Warning: SkeletalMesh Rifle has no skeleton. This needs to fixed before an animation can be set
[2026.02.11-17.03.15:582][763]LogAnimation: Warning: SkeletalMesh Rifle has no skeleton. This needs to fixed before an animation can be set
[2026.02.11-17.03.15:600][764]LogAnimation: Warning: SkeletalMesh Rifle has no skeleton. This needs to fixed before an animation can be set
[2026.02.11-17.03.15:615][765]LogAnimation: Warning: SkeletalMesh Rifle has no skeleton. This needs to fixed before an animation can be set
[2026.02.11-17.03.15:631][766]LogAnimation: Warning: SkeletalMesh Rifle has no skeleton. This needs to fixed before an animation can be set
[2026.02.11-17.03.15:648][767]LogAnimation: Warning: SkeletalMesh Rifle has no skeleton. This needs to fixed before an animation can be set
[2026.02.11-17.03.15:664][768]LogAnimation: Warning: SkeletalMesh Rifle has no skeleton. This needs to fixed before an animation can be set
[2026.02.11-17.03.15:682][769]LogAnimation: Warning: SkeletalMesh Rifle has no skeleton. This needs to fixed before an animation can be set
[2026.02.11-17.03.15:699][770]LogAnimation: Warning: SkeletalMesh Rifle has no skeleton. This needs to fixed before an animation can be set
[2026.02.11-17.03.15:714][771]LogAnimation: Warning: SkeletalMesh Rifle has no skeleton. This needs to fixed before an animation can be set
[2026.02.11-17.03.15:732][772]LogAnimation: Warning: SkeletalMesh Rifle has no skeleton. This needs to fixed before an animation can be set
[2026.02.11-17.03.15:748][773]LogAnimation: Warning: SkeletalMesh Rifle has no skeleton. This needs to fixed before an animation can be set
[2026.02.11-17.03.15:766][774]LogAnimation: Warning: SkeletalMesh Rifle has no skeleton. This needs to fixed before an animation can be set
[2026.02.11-17.03.15:781][775]LogAnimation: Warning: SkeletalMesh Rifle has no skeleton. This needs to fixed before an animation can be set
[2026.02.11-17.03.15:798][776]LogAnimation: Warning: SkeletalMesh Rifle has no skeleton. This needs to fixed before an animation can be set
[2026.02.11-17.03.15:814][777]LogAnimation: Warning: SkeletalMesh Rifle has no skeleton. This needs to fixed before an animation can be set
[2026.02.11-17.03.15:831][778]LogAnimation: Warning: SkeletalMesh Rifle has no skeleton. This needs to fixed before an animation can be set
[2026.02.11-17.03.15:847][779]LogAnimation: Warning: SkeletalMesh Rifle has no skeleton. This needs to fixed before an animation can be set
[2026.02.11-17.03.15:865][780]LogAnimation: Warning: SkeletalMesh Rifle has no skeleton. This needs to fixed before an animation can be set
[2026.02.11-17.03.15:881][781]LogAnimation: Warning: SkeletalMesh Rifle has no skeleton. This needs to fixed before an animation can be set
[2026.02.11-17.03.15:901][782]LogAnimation: Warning: SkeletalMesh Rifle has no skeleton. This needs to fixed before an animation can be set
[2026.02.11-17.03.15:915][783]LogAnimation: Warning: SkeletalMesh Rifle has no skeleton. This needs to fixed before an animation can be set
[2026.02.11-17.03.15:931][784]LogAnimation: Warning: SkeletalMesh Rifle has no skeleton. This needs to fixed before an animation can be set
[2026.02.11-17.03.15:964][786]LogAnimation: Warning: SkeletalMesh Rifle has no skeleton. This needs to fixed before an animation can be set
[2026.02.11-17.03.15:981][787]LogAnimation: Warning: SkeletalMesh Rifle has no skeleton. This needs to fixed before an animation can be set
[2026.02.11-17.03.15:998][788]LogAnimation: Warning: SkeletalMesh Rifle has no skeleton. This needs to fixed before an animation can be set
[2026.02.11-17.03.16:014][789]LogAnimation: Warning: SkeletalMesh Rifle has no skeleton. This needs to fixed before an animation can be set
[2026.02.11-17.03.16:032][790]LogAnimation: Warning: SkeletalMesh Rifle has no skeleton. This needs to fixed before an animation can be set
[2026.02.11-17.03.16:048][791]LogAnimation: Warning: SkeletalMesh Rifle has no skeleton. This needs to fixed before an animation can be set
[2026.02.11-17.03.16:064][792]LogAnimation: Warning: SkeletalMesh Rifle has no skeleton. This needs to fixed before an animation can be set
[2026.02.11-17.03.16:081][793]LogAnimation: Warning: SkeletalMesh Rifle has no skeleton. This needs to fixed before an animation can be set
[2026.02.11-17.03.16:098][794]LogAnimation: Warning: SkeletalMesh Rifle has no skeleton. This needs to fixed before an animation can be set
[2026.02.11-17.03.16:115][795]LogAnimation: Warning: SkeletalMesh Rifle has no skeleton. This needs to fixed before an animation can be set
[2026.02.11-17.03.16:131][796]LogAnimation: Warning: SkeletalMesh Rifle has no skeleton. This needs to fixed before an animation can be set
[2026.02.11-17.03.16:148][797]LogAnimation: Warning: SkeletalMesh Rifle has no skeleton. This needs to fixed before an animation can be set
[2026.02.11-17.03.16:164][798]LogAnimation: Warning: SkeletalMesh Rifle has no skeleton. This needs to fixed before an animation can be set
[2026.02.11-17.03.16:181][799]LogAnimation: Warning: SkeletalMesh Rifle has no skeleton. This needs to fixed before an animation can be set
[2026.02.11-17.03.16:198][800]LogAnimation: Warning: SkeletalMesh Rifle has no skeleton. This needs to fixed before an animation can be set
[2026.02.11-17.03.16:217][801]LogAnimation: Warning: SkeletalMesh Rifle has no skeleton. This needs to fixed before an animation can be set
[2026.02.11-17.03.16:232][802]LogAnimation: Warning: SkeletalMesh Rifle has no skeleton. This needs to fixed before an animation can be set
[2026.02.11-17.03.16:248][803]LogAnimation: Warning: SkeletalMesh Rifle has no skeleton. This needs to fixed before an animation can be set
[2026.02.11-17.03.16:265][804]LogAnimation: Warning: SkeletalMesh Rifle has no skeleton. This needs to fixed before an animation can be set
[2026.02.11-17.03.16:281][805]LogAnimation: Warning: SkeletalMesh Rifle has no skeleton. This needs to fixed before an animation can be set
[2026.02.11-17.03.16:300][806]LogAnimation: Warning: SkeletalMesh Rifle has no skeleton. This needs to fixed before an animation can be set
[2026.02.11-17.03.16:314][807]LogAnimation: Warning: SkeletalMesh Rifle has no skeleton. This needs to fixed before an animation can be set
[2026.02.11-17.03.16:331][808]LogAnimation: Warning: SkeletalMesh Rifle has no skeleton. This needs to fixed before an animation can be set
[2026.02.11-17.03.16:348][809]LogAnimation: Warning: SkeletalMesh Rifle has no skeleton. This needs to fixed before an animation can be set
[2026.02.11-17.03.16:365][810]LogAnimation: Warning: SkeletalMesh Rifle has no skeleton. This needs to fixed before an animation can be set
[2026.02.11-17.03.16:381][811]LogAnimation: Warning: SkeletalMesh Rifle has no skeleton. This needs to fixed before an animation can be set
[2026.02.11-17.03.16:398][812]LogAnimation: Warning: SkeletalMesh Rifle has no skeleton. This needs to fixed before an animation can be set
[2026.02.11-17.03.16:414][813]LogAnimation: Warning: SkeletalMesh Rifle has no skeleton. This needs to fixed before an animation can be set
[2026.02.11-17.03.16:431][814]LogAnimation: Warning: SkeletalMesh Rifle has no skeleton. This needs to fixed before an animation can be set
[2026.02.11-17.03.16:448][815]LogAnimation: Warning: SkeletalMesh Rifle has no skeleton. This needs to fixed before an animation can be set
[2026.02.11-17.03.16:464][816]LogAnimation: Warning: SkeletalMesh Rifle has no skeleton. This needs to fixed before an animation can be set
[2026.02.11-17.03.16:481][817]LogAnimation: Warning: SkeletalMesh Rifle has no skeleton. This needs to fixed before an animation can be set
[2026.02.11-17.03.16:498][818]LogAnimation: Warning: SkeletalMesh Rifle has no skeleton. This needs to fixed before an animation can be set
[2026.02.11-17.03.16:515][819]LogAnimation: Warning: SkeletalMesh Rifle has no skeleton. This needs to fixed before an animation can be set
[2026.02.11-17.03.16:532][820]LogAnimation: Warning: SkeletalMesh Rifle has no skeleton. This needs to fixed before an animation can be set
[2026.02.11-17.03.16:548][821]LogAnimation: Warning: SkeletalMesh Rifle has no skeleton. This needs to fixed before an animation can be set
[2026.02.11-17.03.16:564][822]LogAnimation: Warning: SkeletalMesh Rifle has no skeleton. This needs to fixed before an animation can be set
[2026.02.11-17.03.16:581][823]LogAnimation: Warning: SkeletalMesh Rifle has no skeleton. This needs to fixed before an animation can be set
[2026.02.11-17.03.16:598][824]LogAnimation: Warning: SkeletalMesh Rifle has no skeleton. This needs to fixed before an animation can be set
[2026.02.11-17.03.16:615][825]LogAnimation: Warning: SkeletalMesh Rifle has no skeleton. This needs to fixed before an animation can be set
[2026.02.11-17.03.16:632][826]LogAnimation: Warning: SkeletalMesh Rifle has no skeleton. This needs to fixed before an animation can be set
[2026.02.11-17.03.16:654][827]LogAnimation: Warning: SkeletalMesh Rifle has no skeleton. This needs to fixed before an animation can be set
[2026.02.11-17.03.16:676][828]LogAnimation: Warning: SkeletalMesh Rifle has no skeleton. This needs to fixed before an animation can be set
[2026.02.11-17.03.16:693][829]LogAnimation: Warning: SkeletalMesh Rifle has no skeleton. This needs to fixed before an animation can be set
[2026.02.11-17.03.16:711][830]LogAnimation: Warning: SkeletalMesh Rifle has no skeleton. This needs to fixed before an animation can be set
[2026.02.11-17.03.16:726][831]LogAnimation: Warning: SkeletalMesh Rifle has no skeleton. This needs to fixed before an animation can be set
[2026.02.11-17.03.16:743][832]LogAnimation: Warning: SkeletalMesh Rifle has no skeleton. This needs to fixed before an animation can be set
[2026.02.11-17.03.16:759][833]LogAnimation: Warning: SkeletalMesh Rifle has no skeleton. This needs to fixed before an animation can be set
[2026.02.11-17.03.16:776][834]LogAnimation: Warning: SkeletalMesh Rifle has no skeleton. This needs to fixed before an animation can be set
[2026.02.11-17.03.16:794][835]LogAnimation: Warning: SkeletalMesh Rifle has no skeleton. This needs to fixed before an animation can be set
[2026.02.11-17.03.16:809][836]LogAnimation: Warning: SkeletalMesh Rifle has no skeleton. This needs to fixed before an animation can be set
[2026.02.11-17.03.16:826][837]LogAnimation: Warning: SkeletalMesh Rifle has no skeleton. This needs to fixed before an animation can be set
[2026.02.11-17.03.16:842][838]LogAnimation: Warning: SkeletalMesh Rifle has no skeleton. This needs to fixed before an animation can be set
[2026.02.11-17.03.16:859][839]LogAnimation: Warning: SkeletalMesh Rifle has no skeleton. This needs to fixed before an animation can be set
[2026.02.11-17.03.16:878][840]LogAnimation: Warning: SkeletalMesh Rifle has no skeleton. This needs to fixed before an animation can be set
[2026.02.11-17.03.16:893][841]LogAnimation: Warning: SkeletalMesh Rifle has no skeleton. This needs to fixed before an animation can be set
[2026.02.11-17.03.16:909][842]LogAnimation: Warning: SkeletalMesh Rifle has no skeleton. This needs to fixed before an animation can be set
[2026.02.11-17.03.16:926][843]LogAnimation: Warning: SkeletalMesh Rifle has no skeleton. This needs to fixed before an animation can be set
[2026.02.11-17.03.16:942][844]LogAnimation: Warning: SkeletalMesh Rifle has no skeleton. This needs to fixed before an animation can be set
[2026.02.11-17.03.16:959][845]LogAnimation: Warning: SkeletalMesh Rifle has no skeleton. This needs to fixed before an animation can be set
[2026.02.11-17.03.16:976][846]LogAnimation: Warning: SkeletalMesh Rifle has no skeleton. This needs to fixed before an animation can be set
[2026.02.11-17.03.16:992][847]LogAnimation: Warning: SkeletalMesh Rifle has no skeleton. This needs to fixed before an animation can be set
[2026.02.11-17.03.17:009][848]LogAnimation: Warning: SkeletalMesh Rifle has no skeleton. This needs to fixed before an animation can be set
[2026.02.11-17.03.17:026][849]LogAnimation: Warning: SkeletalMesh Rifle has no skeleton. This needs to fixed before an animation can be set
[2026.02.11-17.03.17:043][850]LogAnimation: Warning: SkeletalMesh Rifle has no skeleton. This needs to fixed before an animation can be set
[2026.02.11-17.03.17:060][851]LogAnimation: Warning: SkeletalMesh Rifle has no skeleton. This needs to fixed before an animation can be set
[2026.02.11-17.03.17:079][852]LogAnimation: Warning: SkeletalMesh Rifle has no skeleton. This needs to fixed before an animation can be set
[2026.02.11-17.03.17:093][853]LogAnimation: Warning: SkeletalMesh Rifle has no skeleton. This needs to fixed before an animation can be set
[2026.02.11-17.03.17:110][854]LogAnimation: Warning: SkeletalMesh Rifle has no skeleton. This needs to fixed before an animation can be set
[2026.02.11-17.03.17:126][855]LogAnimation: Warning: SkeletalMesh Rifle has no skeleton. This needs to fixed before an animation can be set
[2026.02.11-17.03.17:142][856]LogAnimation: Warning: SkeletalMesh Rifle has no skeleton. This needs to fixed before an animation can be set
[2026.02.11-17.03.17:163][857]LogAnimation: Warning: SkeletalMesh Rifle has no skeleton. This needs to fixed before an animation can be set
[2026.02.11-17.03.17:177][858]LogAnimation: Warning: SkeletalMesh Rifle has no skeleton. This needs to fixed before an animation can be set
[2026.02.11-17.03.17:194][859]LogAnimation: Warning: SkeletalMesh Rifle has no skeleton. This needs to fixed before an animation can be set
[2026.02.11-17.03.17:211][860]LogAnimation: Warning: SkeletalMesh Rifle has no skeleton. This needs to fixed before an animation can be set
[2026.02.11-17.03.17:227][861]LogAnimation: Warning: SkeletalMesh Rifle has no skeleton. This needs to fixed before an animation can be set
[2026.02.11-17.03.17:244][862]LogAnimation: Warning: SkeletalMesh Rifle has no skeleton. This needs to fixed before an animation can be set
[2026.02.11-17.03.17:260][863]LogAnimation: Warning: SkeletalMesh Rifle has no skeleton. This needs to fixed before an animation can be set
[2026.02.11-17.03.17:276][864]LogAnimation: Warning: SkeletalMesh Rifle has no skeleton. This needs to fixed before an animation can be set
[2026.02.11-17.03.17:293][865]LogAnimation: Warning: SkeletalMesh Rifle has no skeleton. This needs to fixed before an animation can be set
[2026.02.11-17.03.17:310][866]LogAnimation: Warning: SkeletalMesh Rifle has no skeleton. This needs to fixed before an animation can be set
[2026.02.11-17.03.17:327][867]LogAnimation: Warning: SkeletalMesh Rifle has no skeleton. This needs to fixed before an animation can be set
[2026.02.11-17.03.17:345][868]LogAnimation: Warning: SkeletalMesh Rifle has no skeleton. This needs to fixed before an animation can be set
[2026.02.11-17.03.17:360][869]LogAnimation: Warning: SkeletalMesh Rifle has no skeleton. This needs to fixed before an animation can be set
[2026.02.11-17.03.17:377][870]LogAnimation: Warning: SkeletalMesh Rifle has no skeleton. This needs to fixed before an animation can be set
[2026.02.11-17.03.17:394][871]LogAnimation: Warning: SkeletalMesh Rifle has no skeleton. This needs to fixed before an animation can be set
[2026.02.11-17.03.17:410][872]LogAnimation: Warning: SkeletalMesh Rifle has no skeleton. This needs to fixed before an animation can be set
[2026.02.11-17.03.17:427][873]LogAnimation: Warning: SkeletalMesh Rifle has no skeleton. This needs to fixed before an animation can be set
[2026.02.11-17.03.17:444][874]LogAnimation: Warning: SkeletalMesh Rifle has no skeleton. This needs to fixed before an animation can be set
[2026.02.11-17.03.17:460][875]LogAnimation: Warning: SkeletalMesh Rifle has no skeleton. This needs to fixed before an animation can be set
[2026.02.11-17.03.17:477][876]LogAnimation: Warning: SkeletalMesh Rifle has no skeleton. This needs to fixed before an animation can be set
[2026.02.11-17.03.17:501][877]LogAnimation: Warning: SkeletalMesh Rifle has no skeleton. This needs to fixed before an animation can be set
[2026.02.11-17.03.17:518][878]LogAnimation: Warning: SkeletalMesh Rifle has no skeleton. This needs to fixed before an animation can be set
[2026.02.11-17.03.17:533][879]LogAnimation: Warning: SkeletalMesh Rifle has no skeleton. This needs to fixed before an animation can be set
[2026.02.11-17.03.17:549][880]LogAnimation: Warning: SkeletalMesh Rifle has no skeleton. This needs to fixed before an animation can be set
[2026.02.11-17.03.17:566][881]LogAnimation: Warning: SkeletalMesh Rifle has no skeleton. This needs to fixed before an animation can be set
[2026.02.11-17.03.17:582][882]LogAnimation: Warning: SkeletalMesh Rifle has no skeleton. This needs to fixed before an animation can be set
[2026.02.11-17.03.17:598][883]LogAnimation: Warning: SkeletalMesh Rifle has no skeleton. This needs to fixed before an animation can be set
[2026.02.11-17.03.17:616][884]LogAnimation: Warning: SkeletalMesh Rifle has no skeleton. This needs to fixed before an animation can be set
[2026.02.11-17.03.17:634][885]LogAnimation: Warning: SkeletalMesh Rifle has no skeleton. This needs to fixed before an animation can be set
[2026.02.11-17.03.17:649][886]LogAnimation: Warning: SkeletalMesh Rifle has no skeleton. This needs to fixed before an animation can be set
[2026.02.11-17.03.17:665][887]LogAnimation: Warning: SkeletalMesh Rifle has no skeleton. This needs to fixed before an animation can be set
[2026.02.11-17.03.17:682][888]LogAnimation: Warning: SkeletalMesh Rifle has no skeleton. This needs to fixed before an animation can be set
[2026.02.11-17.03.17:699][889]LogAnimation: Warning: SkeletalMesh Rifle has no skeleton. This needs to fixed before an animation can be set
[2026.02.11-17.03.17:717][890]LogAnimation: Warning: SkeletalMesh Rifle has no skeleton. This needs to fixed before an animation can be set
[2026.02.11-17.03.17:732][891]LogAnimation: Warning: SkeletalMesh Rifle has no skeleton. This needs to fixed before an animation can be set
[2026.02.11-17.03.17:749][892]LogAnimation: Warning: SkeletalMesh Rifle has no skeleton. This needs to fixed before an animation can be set
[2026.02.11-17.03.17:765][893]LogAnimation: Warning: SkeletalMesh Rifle has no skeleton. This needs to fixed before an animation can be set
[2026.02.11-17.03.17:782][894]LogAnimation: Warning: SkeletalMesh Rifle has no skeleton. This needs to fixed before an animation can be set
[2026.02.11-17.03.17:798][895]LogAnimation: Warning: SkeletalMesh Rifle has no skeleton. This needs to fixed before an animation can be set
[2026.02.11-17.03.17:816][896]LogAnimation: Warning: SkeletalMesh Rifle has no skeleton. This needs to fixed before an animation can be set
[2026.02.11-17.03.17:832][897]LogAnimation: Warning: SkeletalMesh Rifle has no skeleton. This needs to fixed before an animation can be set
[2026.02.11-17.03.17:849][898]LogAnimation: Warning: SkeletalMesh Rifle has no skeleton. This needs to fixed before an animation can be set
[2026.02.11-17.03.17:866][899]LogAnimation: Warning: SkeletalMesh Rifle has no skeleton. This needs to fixed before an animation can be set
[2026.02.11-17.03.17:882][900]LogAnimation: Warning: SkeletalMesh Rifle has no skeleton. This needs to fixed before an animation can be set
[2026.02.11-17.03.17:898][901]LogAnimation: Warning: SkeletalMesh Rifle has no skeleton. This needs to fixed before an animation can be set
[2026.02.11-17.03.17:916][902]LogAnimation: Warning: SkeletalMesh Rifle has no skeleton. This needs to fixed before an animation can be set
[2026.02.11-17.03.17:932][903]LogAnimation: Warning: SkeletalMesh Rifle has no skeleton. This needs to fixed before an animation can be set
[2026.02.11-17.03.17:966][905]LogAnimation: Warning: SkeletalMesh Rifle has no skeleton. This needs to fixed before an animation can be set
[2026.02.11-17.03.17:982][906]LogAnimation: Warning: SkeletalMesh Rifle has no skeleton. This needs to fixed before an animation can be set
[2026.02.11-17.03.17:999][907]LogAnimation: Warning: SkeletalMesh Rifle has no skeleton. This needs to fixed before an animation can be set
[2026.02.11-17.03.18:015][908]LogAnimation: Warning: SkeletalMesh Rifle has no skeleton. This needs to fixed before an animation can be set
[2026.02.11-17.03.18:032][909]LogAnimation: Warning: SkeletalMesh Rifle has no skeleton. This needs to fixed before an animation can be set
[2026.02.11-17.03.18:048][910]LogAnimation: Warning: SkeletalMesh Rifle has no skeleton. This needs to fixed before an animation can be set
[2026.02.11-17.03.18:065][911]LogAnimation: Warning: SkeletalMesh Rifle has no skeleton. This needs to fixed before an animation can be set
[2026.02.11-17.03.18:082][912]LogAnimation: Warning: SkeletalMesh Rifle has no skeleton. This needs to fixed before an animation can be set
[2026.02.11-17.03.18:099][913]LogAnimation: Warning: SkeletalMesh Rifle has no skeleton. This needs to fixed before an animation can be set
[2026.02.11-17.03.18:116][914]LogAnimation: Warning: SkeletalMesh Rifle has no skeleton. This needs to fixed before an animation can be set
[2026.02.11-17.03.18:132][915]LogAnimation: Warning: SkeletalMesh Rifle has no skeleton. This needs to fixed before an animation can be set
[2026.02.11-17.03.18:148][916]LogAnimation: Warning: SkeletalMesh Rifle has no skeleton. This needs to fixed before an animation can be set
[2026.02.11-17.03.18:165][917]LogAnimation: Warning: SkeletalMesh Rifle has no skeleton. This needs to fixed before an animation can be set
[2026.02.11-17.03.18:182][918]LogAnimation: Warning: SkeletalMesh Rifle has no skeleton. This needs to fixed before an animation can be set
[2026.02.11-17.03.18:199][919]LogAnimation: Warning: SkeletalMesh Rifle has no skeleton. This needs to fixed before an animation can be set
[2026.02.11-17.03.18:219][920]LogAnimation: Warning: SkeletalMesh Rifle has no skeleton. This needs to fixed before an animation can be set
[2026.02.11-17.03.18:233][921]LogAnimation: Warning: SkeletalMesh Rifle has no skeleton. This needs to fixed before an animation can be set
[2026.02.11-17.03.18:250][922]LogAnimation: Warning: SkeletalMesh Rifle has no skeleton. This needs to fixed before an animation can be set
[2026.02.11-17.03.18:272][923]LogAnimation: Warning: SkeletalMesh Rifle has no skeleton. This needs to fixed before an animation can be set
[2026.02.11-17.03.18:289][924]LogAnimation: Warning: SkeletalMesh Rifle has no skeleton. This needs to fixed before an animation can be set
[2026.02.11-17.03.18:305][925]LogAnimation: Warning: SkeletalMesh Rifle has no skeleton. This needs to fixed before an animation can be set
[2026.02.11-17.03.18:322][926]LogAnimation: Warning: SkeletalMesh Rifle has no skeleton. This needs to fixed before an animation can be set
[2026.02.11-17.03.18:339][927]LogAnimation: Warning: SkeletalMesh Rifle has no skeleton. This needs to fixed before an animation can be set
[2026.02.11-17.03.18:356][928]LogAnimation: Warning: SkeletalMesh Rifle has no skeleton. This needs to fixed before an animation can be set
[2026.02.11-17.03.18:372][929]LogAnimation: Warning: SkeletalMesh Rifle has no skeleton. This needs to fixed before an animation can be set
[2026.02.11-17.03.18:388][930]LogAnimation: Warning: SkeletalMesh Rifle has no skeleton. This needs to fixed before an animation can be set
[2026.02.11-17.03.18:406][931]LogAnimation: Warning: SkeletalMesh Rifle has no skeleton. This needs to fixed before an animation can be set
[2026.02.11-17.03.18:422][932]LogAnimation: Warning: SkeletalMesh Rifle has no skeleton. This needs to fixed before an animation can be set
[2026.02.11-17.03.18:440][933]LogAnimation: Warning: SkeletalMesh Rifle has no skeleton. This needs to fixed before an animation can be set
[2026.02.11-17.03.18:459][934]LogAnimation: Warning: SkeletalMesh Rifle has no skeleton. This needs to fixed before an animation can be set
[2026.02.11-17.03.18:473][935]LogAnimation: Warning: SkeletalMesh Rifle has no skeleton. This needs to fixed before an animation can be set
[2026.02.11-17.03.18:491][936]LogAnimation: Warning: SkeletalMesh Rifle has no skeleton. This needs to fixed before an animation can be set
[2026.02.11-17.03.18:505][937]LogAnimation: Warning: SkeletalMesh Rifle has no skeleton. This needs to fixed before an animation can be set
[2026.02.11-17.03.18:522][938]LogAnimation: Warning: SkeletalMesh Rifle has no skeleton. This needs to fixed before an animation can be set
[2026.02.11-17.03.18:539][939]LogAnimation: Warning: SkeletalMesh Rifle has no skeleton. This needs to fixed before an animation can be set
[2026.02.11-17.03.18:554][940]LogAnimation: Warning: SkeletalMesh Rifle has no skeleton. This needs to fixed before an animation can be set
[2026.02.11-17.03.18:571][941]LogAnimation: Warning: SkeletalMesh Rifle has no skeleton. This needs to fixed before an animation can be set
[2026.02.11-17.03.18:588][942]LogAnimation: Warning: SkeletalMesh Rifle has no skeleton. This needs to fixed before an animation can be set
[2026.02.11-17.03.18:605][943]LogAnimation: Warning: SkeletalMesh Rifle has no skeleton. This needs to fixed before an animation can be set
[2026.02.11-17.03.18:621][944]LogAnimation: Warning: SkeletalMesh Rifle has no skeleton. This needs to fixed before an animation can be set
[2026.02.11-17.03.18:638][945]LogAnimation: Warning: SkeletalMesh Rifle has no skeleton. This needs to fixed before an animation can be set
[2026.02.11-17.03.18:654][946]LogAnimation: Warning: SkeletalMesh Rifle has no skeleton. This needs to fixed before an animation can be set
[2026.02.11-17.03.18:672][947]LogAnimation: Warning: SkeletalMesh Rifle has no skeleton. This needs to fixed before an animation can be set
[2026.02.11-17.03.18:688][948]LogAnimation: Warning: SkeletalMesh Rifle has no skeleton. This needs to fixed before an animation can be set
[2026.02.11-17.03.18:708][949]LogAnimation: Warning: SkeletalMesh Rifle has no skeleton. This needs to fixed before an animation can be set
[2026.02.11-17.03.18:722][950]LogAnimation: Warning: SkeletalMesh Rifle has no skeleton. This needs to fixed before an animation can be set
[2026.02.11-17.03.18:738][951]LogAnimation: Warning: SkeletalMesh Rifle has no skeleton. This needs to fixed before an animation can be set
[2026.02.11-17.03.18:754][952]LogAnimation: Warning: SkeletalMesh Rifle has no skeleton. This needs to fixed before an animation can be set
[2026.02.11-17.03.18:771][953]LogAnimation: Warning: SkeletalMesh Rifle has no skeleton. This needs to fixed before an animation can be set
[2026.02.11-17.03.18:790][954]LogAnimation: Warning: SkeletalMesh Rifle has no skeleton. This needs to fixed before an animation can be set
[2026.02.11-17.03.18:805][955]LogAnimation: Warning: SkeletalMesh Rifle has no skeleton. This needs to fixed before an animation can be set
[2026.02.11-17.03.18:821][956]LogAnimation: Warning: SkeletalMesh Rifle has no skeleton. This needs to fixed before an animation can be set
[2026.02.11-17.03.18:838][957]LogAnimation: Warning: SkeletalMesh Rifle has no skeleton. This needs to fixed before an animation can be set
[2026.02.11-17.03.18:855][958]LogAnimation: Warning: SkeletalMesh Rifle has no skeleton. This needs to fixed before an animation can be set
[2026.02.11-17.03.18:872][959]LogAnimation: Warning: SkeletalMesh Rifle has no skeleton. This needs to fixed before an animation can be set
[2026.02.11-17.03.18:894][960]LogAnimation: Warning: SkeletalMesh Rifle has no skeleton. This needs to fixed before an animation can be set
[2026.02.11-17.03.18:908][961]LogAnimation: Warning: SkeletalMesh Rifle has no skeleton. This needs to fixed before an animation can be set
[2026.02.11-17.03.18:924][962]LogAnimation: Warning: SkeletalMesh Rifle has no skeleton. This needs to fixed before an animation can be set
[2026.02.11-17.03.18:942][963]LogAnimation: Warning: SkeletalMesh Rifle has no skeleton. This needs to fixed before an animation can be set
[2026.02.11-17.03.18:959][964]LogAnimation: Warning: SkeletalMesh Rifle has no skeleton. This needs to fixed before an animation can be set
[2026.02.11-17.03.18:975][965]LogAnimation: Warning: SkeletalMesh Rifle has no skeleton. This needs to fixed before an animation can be set
[2026.02.11-17.03.18:991][966]LogAnimation: Warning: SkeletalMesh Rifle has no skeleton. This needs to fixed before an animation can be set
[2026.02.11-17.03.19:008][967]LogAnimation: Warning: SkeletalMesh Rifle has no skeleton. This needs to fixed before an animation can be set
[2026.02.11-17.03.19:025][968]LogAnimation: Warning: SkeletalMesh Rifle has no skeleton. This needs to fixed before an animation can be set
[2026.02.11-17.03.19:043][969]LogAnimation: Warning: SkeletalMesh Rifle has no skeleton. This needs to fixed before an animation can be set
[2026.02.11-17.03.19:058][970]LogAnimation: Warning: SkeletalMesh Rifle has no skeleton. This needs to fixed before an animation can be set
[2026.02.11-17.03.19:074][971]LogAnimation: Warning: SkeletalMesh Rifle has no skeleton. This needs to fixed before an animation can be set
[2026.02.11-17.03.19:091][972]LogAnimation: Warning: SkeletalMesh Rifle has no skeleton. This needs to fixed before an animation can be set
[2026.02.11-17.03.19:108][973]LogAnimation: Warning: SkeletalMesh Rifle has no skeleton. This needs to fixed before an animation can be set
[2026.02.11-17.03.19:125][974]LogAnimation: Warning: SkeletalMesh Rifle has no skeleton. This needs to fixed before an animation can be set
[2026.02.11-17.03.19:143][975]LogAnimation: Warning: SkeletalMesh Rifle has no skeleton. This needs to fixed before an animation can be set
[2026.02.11-17.03.19:158][976]LogAnimation: Warning: SkeletalMesh Rifle has no skeleton. This needs to fixed before an animation can be set
[2026.02.11-17.03.19:175][977]LogAnimation: Warning: SkeletalMesh Rifle has no skeleton. This needs to fixed before an animation can be set
[2026.02.11-17.03.19:191][978]LogAnimation: Warning: SkeletalMesh Rifle has no skeleton. This needs to fixed before an animation can be set
[2026.02.11-17.03.19:208][979]LogAnimation: Warning: SkeletalMesh Rifle has no skeleton. This needs to fixed before an animation can be set
[2026.02.11-17.03.19:225][980]LogAnimation: Warning: SkeletalMesh Rifle has no skeleton. This needs to fixed before an animation can be set
[2026.02.11-17.03.19:243][981]LogAnimation: Warning: SkeletalMesh Rifle has no skeleton. This needs to fixed before an animation can be set
[2026.02.11-17.03.20:542][ 56]LogAssetEditorSubsystem: Opening Asset editor for MaterialInstanceConstant /Game/Weapons/Weapons/Materials/MagGun_MatB_Inst3.MagGun_MatB_Inst3
[2026.02.11-17.03.20:688][ 56]LogRenderer: Reallocating scene render targets to support 1112x832 Format 10 NumSamples 1 (Frame:1).
[2026.02.11-17.03.24:163][262]LogSlate: Window 'MagGun_MatB_Inst3' being destroyed
[2026.02.11-17.03.24:227][262]LogWorld: UWorld::CleanupWorld for World_14, bSessionEnded=true, bCleanupResources=true
[2026.02.11-17.03.24:228][262]LogSlate: InvalidateAllWidgets triggered.  All widgets were invalidated
[2026.02.11-17.03.25:648][342]LogAnimation: Warning: SkeletalMesh Rifle has no skeleton. This needs to fixed before an animation can be set
[2026.02.11-17.03.25:664][343]LogAnimation: Warning: SkeletalMesh Rifle has no skeleton. This needs to fixed before an animation can be set
[2026.02.11-17.03.25:681][344]LogAnimation: Warning: SkeletalMesh Rifle has no skeleton. This needs to fixed before an animation can be set
[2026.02.11-17.03.25:698][345]LogAnimation: Warning: SkeletalMesh Rifle has no skeleton. This needs to fixed before an animation can be set
[2026.02.11-17.03.25:714][346]LogAnimation: Warning: SkeletalMesh Rifle has no skeleton. This needs to fixed before an animation can be set
[2026.02.11-17.03.25:731][347]LogAnimation: Warning: SkeletalMesh Rifle has no skeleton. This needs to fixed before an animation can be set
[2026.02.11-17.03.25:747][348]LogAnimation: Warning: SkeletalMesh Rifle has no skeleton. This needs to fixed before an animation can be set
[2026.02.11-17.03.25:764][349]LogAnimation: Warning: SkeletalMesh Rifle has no skeleton. This needs to fixed before an animation can be set
[2026.02.11-17.03.25:781][350]LogAnimation: Warning: SkeletalMesh Rifle has no skeleton. This needs to fixed before an animation can be set
[2026.02.11-17.03.25:797][351]LogAnimation: Warning: SkeletalMesh Rifle has no skeleton. This needs to fixed before an animation can be set
[2026.02.11-17.03.25:814][352]LogAnimation: Warning: SkeletalMesh Rifle has no skeleton. This needs to fixed before an animation can be set
[2026.02.11-17.03.25:831][353]LogAnimation: Warning: SkeletalMesh Rifle has no skeleton. This needs to fixed before an animation can be set
[2026.02.11-17.03.25:848][354]LogAnimation: Warning: SkeletalMesh Rifle has no skeleton. This needs to fixed before an animation can be set
[2026.02.11-17.03.25:865][355]LogAnimation: Warning: SkeletalMesh Rifle has no skeleton. This needs to fixed before an animation can be set
[2026.02.11-17.03.25:881][356]LogAnimation: Warning: SkeletalMesh Rifle has no skeleton. This needs to fixed before an animation can be set
[2026.02.11-17.03.25:898][357]LogAnimation: Warning: SkeletalMesh Rifle has no skeleton. This needs to fixed before an animation can be set
[2026.02.11-17.03.25:914][358]LogAnimation: Warning: SkeletalMesh Rifle has no skeleton. This needs to fixed before an animation can be set
[2026.02.11-17.03.25:931][359]LogAnimation: Warning: SkeletalMesh Rifle has no skeleton. This needs to fixed before an animation can be set
[2026.02.11-17.03.25:965][361]LogAnimation: Warning: SkeletalMesh Rifle has no skeleton. This needs to fixed before an animation can be set
[2026.02.11-17.03.25:981][362]LogAnimation: Warning: SkeletalMesh Rifle has no skeleton. This needs to fixed before an animation can be set
[2026.02.11-17.03.26:005][363]LogAnimation: Warning: SkeletalMesh Rifle has no skeleton. This needs to fixed before an animation can be set
[2026.02.11-17.03.26:018][364]LogAnimation: Warning: SkeletalMesh Rifle has no skeleton. This needs to fixed before an animation can be set
[2026.02.11-17.03.26:035][365]LogAnimation: Warning: SkeletalMesh Rifle has no skeleton. This needs to fixed before an animation can be set
[2026.02.11-17.03.26:056][366]LogAnimation: Warning: SkeletalMesh Rifle has no skeleton. This needs to fixed before an animation can be set
[2026.02.11-17.03.26:074][367]LogAnimation: Warning: SkeletalMesh Rifle has no skeleton. This needs to fixed before an animation can be set
[2026.02.11-17.03.26:090][368]LogAnimation: Warning: SkeletalMesh Rifle has no skeleton. This needs to fixed before an animation can be set
[2026.02.11-17.03.26:108][369]LogAnimation: Warning: SkeletalMesh Rifle has no skeleton. This needs to fixed before an animation can be set
[2026.02.11-17.03.26:123][370]LogAnimation: Warning: SkeletalMesh Rifle has no skeleton. This needs to fixed before an animation can be set
[2026.02.11-17.03.26:143][371]LogAnimation: Warning: SkeletalMesh Rifle has no skeleton. This needs to fixed before an animation can be set
[2026.02.11-17.03.26:162][372]LogAnimation: Warning: SkeletalMesh Rifle has no skeleton. This needs to fixed before an animation can be set
[2026.02.11-17.03.26:176][373]LogAnimation: Warning: SkeletalMesh Rifle has no skeleton. This needs to fixed before an animation can be set
[2026.02.11-17.03.26:193][374]LogAnimation: Warning: SkeletalMesh Rifle has no skeleton. This needs to fixed before an animation can be set
[2026.02.11-17.03.26:209][375]LogAnimation: Warning: SkeletalMesh Rifle has no skeleton. This needs to fixed before an animation can be set
[2026.02.11-17.03.26:227][376]LogAnimation: Warning: SkeletalMesh Rifle has no skeleton. This needs to fixed before an animation can be set
[2026.02.11-17.03.26:247][377]LogAnimation: Warning: SkeletalMesh Rifle has no skeleton. This needs to fixed before an animation can be set
[2026.02.11-17.03.26:259][378]LogAnimation: Warning: SkeletalMesh Rifle has no skeleton. This needs to fixed before an animation can be set
[2026.02.11-17.03.26:276][379]LogAnimation: Warning: SkeletalMesh Rifle has no skeleton. This needs to fixed before an animation can be set
[2026.02.11-17.03.26:295][380]LogAnimation: Warning: SkeletalMesh Rifle has no skeleton. This needs to fixed before an animation can be set
[2026.02.11-17.03.26:310][381]LogAnimation: Warning: SkeletalMesh Rifle has no skeleton. This needs to fixed before an animation can be set
[2026.02.11-17.03.26:327][382]LogAnimation: Warning: SkeletalMesh Rifle has no skeleton. This needs to fixed before an animation can be set
[2026.02.11-17.03.26:344][383]LogAnimation: Warning: SkeletalMesh Rifle has no skeleton. This needs to fixed before an animation can be set
[2026.02.11-17.03.26:359][384]LogAnimation: Warning: SkeletalMesh Rifle has no skeleton. This needs to fixed before an animation can be set
[2026.02.11-17.03.26:376][385]LogAnimation: Warning: SkeletalMesh Rifle has no skeleton. This needs to fixed before an animation can be set
[2026.02.11-17.03.26:393][386]LogAnimation: Warning: SkeletalMesh Rifle has no skeleton. This needs to fixed before an animation can be set
[2026.02.11-17.03.26:409][387]LogAnimation: Warning: SkeletalMesh Rifle has no skeleton. This needs to fixed before an animation can be set
[2026.02.11-17.03.26:426][388]LogAnimation: Warning: SkeletalMesh Rifle has no skeleton. This needs to fixed before an animation can be set
[2026.02.11-17.03.26:443][389]LogAnimation: Warning: SkeletalMesh Rifle has no skeleton. This needs to fixed before an animation can be set
[2026.02.11-17.03.26:461][390]LogAnimation: Warning: SkeletalMesh Rifle has no skeleton. This needs to fixed before an animation can be set
[2026.02.11-17.03.26:476][391]LogAnimation: Warning: SkeletalMesh Rifle has no skeleton. This needs to fixed before an animation can be set
[2026.02.11-17.03.26:493][392]LogAnimation: Warning: SkeletalMesh Rifle has no skeleton. This needs to fixed before an animation can be set
[2026.02.11-17.03.26:509][393]LogAnimation: Warning: SkeletalMesh Rifle has no skeleton. This needs to fixed before an animation can be set
[2026.02.11-17.03.26:526][394]LogAnimation: Warning: SkeletalMesh Rifle has no skeleton. This needs to fixed before an animation can be set
[2026.02.11-17.03.26:542][395]LogAnimation: Warning: SkeletalMesh Rifle has no skeleton. This needs to fixed before an animation can be set
[2026.02.11-17.03.26:561][396]LogAnimation: Warning: SkeletalMesh Rifle has no skeleton. This needs to fixed before an animation can be set
[2026.02.11-17.03.26:576][397]LogAnimation: Warning: SkeletalMesh Rifle has no skeleton. This needs to fixed before an animation can be set
[2026.02.11-17.03.26:593][398]LogAnimation: Warning: SkeletalMesh Rifle has no skeleton. This needs to fixed before an animation can be set
[2026.02.11-17.03.26:609][399]LogAnimation: Warning: SkeletalMesh Rifle has no skeleton. This needs to fixed before an animation can be set
[2026.02.11-17.03.26:626][400]LogAnimation: Warning: SkeletalMesh Rifle has no skeleton. This needs to fixed before an animation can be set
[2026.02.11-17.03.26:643][401]LogAnimation: Warning: SkeletalMesh Rifle has no skeleton. This needs to fixed before an animation can be set
[2026.02.11-17.03.26:660][402]LogAnimation: Warning: SkeletalMesh Rifle has no skeleton. This needs to fixed before an animation can be set
[2026.02.11-17.03.26:676][403]LogAnimation: Warning: SkeletalMesh Rifle has no skeleton. This needs to fixed before an animation can be set
[2026.02.11-17.03.26:693][404]LogAnimation: Warning: SkeletalMesh Rifle has no skeleton. This needs to fixed before an animation can be set
[2026.02.11-17.03.26:710][405]LogAnimation: Warning: SkeletalMesh Rifle has no skeleton. This needs to fixed before an animation can be set
[2026.02.11-17.03.26:726][406]LogAnimation: Warning: SkeletalMesh Rifle has no skeleton. This needs to fixed before an animation can be set
[2026.02.11-17.03.26:744][407]LogAnimation: Warning: SkeletalMesh Rifle has no skeleton. This needs to fixed before an animation can be set
[2026.02.11-17.03.26:760][408]LogAnimation: Warning: SkeletalMesh Rifle has no skeleton. This needs to fixed before an animation can be set
[2026.02.11-17.03.26:776][409]LogAnimation: Warning: SkeletalMesh Rifle has no skeleton. This needs to fixed before an animation can be set
[2026.02.11-17.03.26:793][410]LogAnimation: Warning: SkeletalMesh Rifle has no skeleton. This needs to fixed before an animation can be set
[2026.02.11-17.03.26:810][411]LogAnimation: Warning: SkeletalMesh Rifle has no skeleton. This needs to fixed before an animation can be set
[2026.02.11-17.03.26:831][412]LogAnimation: Warning: SkeletalMesh Rifle has no skeleton. This needs to fixed before an animation can be set
[2026.02.11-17.03.26:845][413]LogAnimation: Warning: SkeletalMesh Rifle has no skeleton. This needs to fixed before an animation can be set
[2026.02.11-17.03.26:860][414]LogAnimation: Warning: SkeletalMesh Rifle has no skeleton. This needs to fixed before an animation can be set
[2026.02.11-17.03.26:877][415]LogAnimation: Warning: SkeletalMesh Rifle has no skeleton. This needs to fixed before an animation can be set
[2026.02.11-17.03.26:894][416]LogAnimation: Warning: SkeletalMesh Rifle has no skeleton. This needs to fixed before an animation can be set
[2026.02.11-17.03.26:910][417]LogAnimation: Warning: SkeletalMesh Rifle has no skeleton. This needs to fixed before an animation can be set
[2026.02.11-17.03.26:927][418]LogAnimation: Warning: SkeletalMesh Rifle has no skeleton. This needs to fixed before an animation can be set
[2026.02.11-17.03.26:946][419]LogAnimation: Warning: SkeletalMesh Rifle has no skeleton. This needs to fixed before an animation can be set
[2026.02.11-17.03.26:961][420]LogAnimation: Warning: SkeletalMesh Rifle has no skeleton. This needs to fixed before an animation can be set
[2026.02.11-17.03.26:977][421]LogAnimation: Warning: SkeletalMesh Rifle has no skeleton. This needs to fixed before an animation can be set
[2026.02.11-17.03.26:994][422]LogAnimation: Warning: SkeletalMesh Rifle has no skeleton. This needs to fixed before an animation can be set
[2026.02.11-17.03.27:010][423]LogAnimation: Warning: SkeletalMesh Rifle has no skeleton. This needs to fixed before an animation can be set
[2026.02.11-17.03.27:029][424]LogAnimation: Warning: SkeletalMesh Rifle has no skeleton. This needs to fixed before an animation can be set
[2026.02.11-17.03.27:045][425]LogAnimation: Warning: SkeletalMesh Rifle has no skeleton. This needs to fixed before an animation can be set
[2026.02.11-17.03.27:061][426]LogAnimation: Warning: SkeletalMesh Rifle has no skeleton. This needs to fixed before an animation can be set
[2026.02.11-17.03.27:077][427]LogAnimation: Warning: SkeletalMesh Rifle has no skeleton. This needs to fixed before an animation can be set
[2026.02.11-17.03.27:094][428]LogAnimation: Warning: SkeletalMesh Rifle has no skeleton. This needs to fixed before an animation can be set
[2026.02.11-17.03.27:111][429]LogAnimation: Warning: SkeletalMesh Rifle has no skeleton. This needs to fixed before an animation can be set
[2026.02.11-17.03.27:129][430]LogAnimation: Warning: SkeletalMesh Rifle has no skeleton. This needs to fixed before an animation can be set
[2026.02.11-17.03.29:483][571]LogAnimation: Warning: SkeletalMesh Rifle has no skeleton. This needs to fixed before an animation can be set
[2026.02.11-17.03.29:499][572]LogAnimation: Warning: SkeletalMesh Rifle has no skeleton. This needs to fixed before an animation can be set
[2026.02.11-17.03.29:516][573]LogAnimation: Warning: SkeletalMesh Rifle has no skeleton. This needs to fixed before an animation can be set
[2026.02.11-17.03.29:532][574]LogAnimation: Warning: SkeletalMesh Rifle has no skeleton. This needs to fixed before an animation can be set
[2026.02.11-17.03.29:550][575]LogAnimation: Warning: SkeletalMesh Rifle has no skeleton. This needs to fixed before an animation can be set
[2026.02.11-17.03.29:566][576]LogAnimation: Warning: SkeletalMesh Rifle has no skeleton. This needs to fixed before an animation can be set
[2026.02.11-17.03.29:583][577]LogAnimation: Warning: SkeletalMesh Rifle has no skeleton. This needs to fixed before an animation can be set
[2026.02.11-17.03.29:601][578]LogAnimation: Warning: SkeletalMesh Rifle has no skeleton. This needs to fixed before an animation can be set
[2026.02.11-17.03.29:618][579]LogAnimation: Warning: SkeletalMesh Rifle has no skeleton. This needs to fixed before an animation can be set
[2026.02.11-17.03.29:633][580]LogAnimation: Warning: SkeletalMesh Rifle has no skeleton. This needs to fixed before an animation can be set
[2026.02.11-17.03.29:650][581]LogAnimation: Warning: SkeletalMesh Rifle has no skeleton. This needs to fixed before an animation can be set
[2026.02.11-17.03.29:667][582]LogAnimation: Warning: SkeletalMesh Rifle has no skeleton. This needs to fixed before an animation can be set
[2026.02.11-17.03.29:684][583]LogAnimation: Warning: SkeletalMesh Rifle has no skeleton. This needs to fixed before an animation can be set
[2026.02.11-17.03.29:699][584]LogAnimation: Warning: SkeletalMesh Rifle has no skeleton. This needs to fixed before an animation can be set
[2026.02.11-17.03.29:719][585]LogAnimation: Warning: SkeletalMesh Rifle has no skeleton. This needs to fixed before an animation can be set
[2026.02.11-17.03.29:746][586]LogAnimation: Warning: SkeletalMesh Rifle has no skeleton. This needs to fixed before an animation can be set
[2026.02.11-17.03.29:767][587]LogAnimation: Warning: SkeletalMesh Rifle has no skeleton. This needs to fixed before an animation can be set
[2026.02.11-17.03.29:787][588]LogAnimation: Warning: SkeletalMesh Rifle has no skeleton. This needs to fixed before an animation can be set
[2026.02.11-17.03.29:807][589]LogAnimation: Warning: SkeletalMesh Rifle has no skeleton. This needs to fixed before an animation can be set
[2026.02.11-17.03.29:824][590]LogAnimation: Warning: SkeletalMesh Rifle has no skeleton. This needs to fixed before an animation can be set
[2026.02.11-17.03.29:841][591]LogAnimation: Warning: SkeletalMesh Rifle has no skeleton. This needs to fixed before an animation can be set
[2026.02.11-17.03.29:861][592]LogAnimation: Warning: SkeletalMesh Rifle has no skeleton. This needs to fixed before an animation can be set
[2026.02.11-17.03.29:874][593]LogAnimation: Warning: SkeletalMesh Rifle has no skeleton. This needs to fixed before an animation can be set
[2026.02.11-17.03.29:891][594]LogAnimation: Warning: SkeletalMesh Rifle has no skeleton. This needs to fixed before an animation can be set
[2026.02.11-17.03.29:907][595]LogAnimation: Warning: SkeletalMesh Rifle has no skeleton. This needs to fixed before an animation can be set
[2026.02.11-17.03.29:924][596]LogAnimation: Warning: SkeletalMesh Rifle has no skeleton. This needs to fixed before an animation can be set
[2026.02.11-17.03.29:940][597]LogAnimation: Warning: SkeletalMesh Rifle has no skeleton. This needs to fixed before an animation can be set
[2026.02.11-17.03.29:974][599]LogAnimation: Warning: SkeletalMesh Rifle has no skeleton. This needs to fixed before an animation can be set
[2026.02.11-17.03.29:991][600]LogAnimation: Warning: SkeletalMesh Rifle has no skeleton. This needs to fixed before an animation can be set
[2026.02.11-17.03.30:007][601]LogAnimation: Warning: SkeletalMesh Rifle has no skeleton. This needs to fixed before an animation can be set
[2026.02.11-17.03.30:024][602]LogAnimation: Warning: SkeletalMesh Rifle has no skeleton. This needs to fixed before an animation can be set
[2026.02.11-17.03.30:040][603]LogAnimation: Warning: SkeletalMesh Rifle has no skeleton. This needs to fixed before an animation can be set
[2026.02.11-17.03.30:057][604]LogAnimation: Warning: SkeletalMesh Rifle has no skeleton. This needs to fixed before an animation can be set
[2026.02.11-17.03.30:074][605]LogAnimation: Warning: SkeletalMesh Rifle has no skeleton. This needs to fixed before an animation can be set
[2026.02.11-17.03.30:091][606]LogAnimation: Warning: SkeletalMesh Rifle has no skeleton. This needs to fixed before an animation can be set
[2026.02.11-17.03.30:108][607]LogAnimation: Warning: SkeletalMesh Rifle has no skeleton. This needs to fixed before an animation can be set
[2026.02.11-17.03.30:126][608]LogAnimation: Warning: SkeletalMesh Rifle has no skeleton. This needs to fixed before an animation can be set
[2026.02.11-17.03.30:141][609]LogAnimation: Warning: SkeletalMesh Rifle has no skeleton. This needs to fixed before an animation can be set
[2026.02.11-17.03.30:157][610]LogAnimation: Warning: SkeletalMesh Rifle has no skeleton. This needs to fixed before an animation can be set
[2026.02.11-17.03.30:174][611]LogAnimation: Warning: SkeletalMesh Rifle has no skeleton. This needs to fixed before an animation can be set
[2026.02.11-17.03.30:191][612]LogAnimation: Warning: SkeletalMesh Rifle has no skeleton. This needs to fixed before an animation can be set
[2026.02.11-17.03.30:207][613]LogAnimation: Warning: SkeletalMesh Rifle has no skeleton. This needs to fixed before an animation can be set
[2026.02.11-17.03.30:228][614]LogAnimation: Warning: SkeletalMesh Rifle has no skeleton. This needs to fixed before an animation can be set
[2026.02.11-17.03.30:240][615]LogAnimation: Warning: SkeletalMesh Rifle has no skeleton. This needs to fixed before an animation can be set
[2026.02.11-17.03.30:257][616]LogAnimation: Warning: SkeletalMesh Rifle has no skeleton. This needs to fixed before an animation can be set
[2026.02.11-17.03.30:274][617]LogAnimation: Warning: SkeletalMesh Rifle has no skeleton. This needs to fixed before an animation can be set
[2026.02.11-17.03.30:290][618]LogAnimation: Warning: SkeletalMesh Rifle has no skeleton. This needs to fixed before an animation can be set
[2026.02.11-17.03.30:308][619]LogAnimation: Warning: SkeletalMesh Rifle has no skeleton. This needs to fixed before an animation can be set
[2026.02.11-17.03.30:326][620]LogAnimation: Warning: SkeletalMesh Rifle has no skeleton. This needs to fixed before an animation can be set
[2026.02.11-17.03.31:606][696]LogAnimation: Warning: SkeletalMesh Rifle has no skeleton. This needs to fixed before an animation can be set
[2026.02.11-17.03.31:623][697]LogAnimation: Warning: SkeletalMesh Rifle has no skeleton. This needs to fixed before an animation can be set
[2026.02.11-17.03.31:640][698]LogAnimation: Warning: SkeletalMesh Rifle has no skeleton. This needs to fixed before an animation can be set
[2026.02.11-17.03.31:656][699]LogAnimation: Warning: SkeletalMesh Rifle has no skeleton. This needs to fixed before an animation can be set
[2026.02.11-17.03.31:673][700]LogAnimation: Warning: SkeletalMesh Rifle has no skeleton. This needs to fixed before an animation can be set
[2026.02.11-17.03.31:690][701]LogAnimation: Warning: SkeletalMesh Rifle has no skeleton. This needs to fixed before an animation can be set
[2026.02.11-17.03.31:706][702]LogAnimation: Warning: SkeletalMesh Rifle has no skeleton. This needs to fixed before an animation can be set
[2026.02.11-17.03.31:723][703]LogAnimation: Warning: SkeletalMesh Rifle has no skeleton. This needs to fixed before an animation can be set
[2026.02.11-17.03.31:739][704]LogAnimation: Warning: SkeletalMesh Rifle has no skeleton. This needs to fixed before an animation can be set
[2026.02.11-17.03.31:756][705]LogAnimation: Warning: SkeletalMesh Rifle has no skeleton. This needs to fixed before an animation can be set
[2026.02.11-17.03.31:772][706]LogAnimation: Warning: SkeletalMesh Rifle has no skeleton. This needs to fixed before an animation can be set
[2026.02.11-17.03.31:790][707]LogAnimation: Warning: SkeletalMesh Rifle has no skeleton. This needs to fixed before an animation can be set
[2026.02.11-17.03.31:806][708]LogAnimation: Warning: SkeletalMesh Rifle has no skeleton. This needs to fixed before an animation can be set
[2026.02.11-17.03.31:823][709]LogAnimation: Warning: SkeletalMesh Rifle has no skeleton. This needs to fixed before an animation can be set
[2026.02.11-17.03.31:839][710]LogAnimation: Warning: SkeletalMesh Rifle has no skeleton. This needs to fixed before an animation can be set
[2026.02.11-17.03.31:856][711]LogAnimation: Warning: SkeletalMesh Rifle has no skeleton. This needs to fixed before an animation can be set
[2026.02.11-17.03.31:873][712]LogAnimation: Warning: SkeletalMesh Rifle has no skeleton. This needs to fixed before an animation can be set
[2026.02.11-17.03.31:890][713]LogAnimation: Warning: SkeletalMesh Rifle has no skeleton. This needs to fixed before an animation can be set
[2026.02.11-17.03.31:907][714]LogAnimation: Warning: SkeletalMesh Rifle has no skeleton. This needs to fixed before an animation can be set
[2026.02.11-17.03.31:923][715]LogAnimation: Warning: SkeletalMesh Rifle has no skeleton. This needs to fixed before an animation can be set
[2026.02.11-17.03.31:940][716]LogAnimation: Warning: SkeletalMesh Rifle has no skeleton. This needs to fixed before an animation can be set
[2026.02.11-17.03.31:973][718]LogAnimation: Warning: SkeletalMesh Rifle has no skeleton. This needs to fixed before an animation can be set
[2026.02.11-17.03.31:990][719]LogAnimation: Warning: SkeletalMesh Rifle has no skeleton. This needs to fixed before an animation can be set
[2026.02.11-17.03.32:007][720]LogAnimation: Warning: SkeletalMesh Rifle has no skeleton. This needs to fixed before an animation can be set
[2026.02.11-17.03.32:024][721]LogAnimation: Warning: SkeletalMesh Rifle has no skeleton. This needs to fixed before an animation can be set
[2026.02.11-17.03.32:040][722]LogAnimation: Warning: SkeletalMesh Rifle has no skeleton. This needs to fixed before an animation can be set
[2026.02.11-17.03.32:057][723]LogAnimation: Warning: SkeletalMesh Rifle has no skeleton. This needs to fixed before an animation can be set
[2026.02.11-17.03.32:078][724]LogAnimation: Warning: SkeletalMesh Rifle has no skeleton. This needs to fixed before an animation can be set
[2026.02.11-17.03.32:095][725]LogAnimation: Warning: SkeletalMesh Rifle has no skeleton. This needs to fixed before an animation can be set
[2026.02.11-17.03.32:111][726]LogAnimation: Warning: SkeletalMesh Rifle has no skeleton. This needs to fixed before an animation can be set
[2026.02.11-17.03.32:128][727]LogAnimation: Warning: SkeletalMesh Rifle has no skeleton. This needs to fixed before an animation can be set
[2026.02.11-17.03.32:144][728]LogAnimation: Warning: SkeletalMesh Rifle has no skeleton. This needs to fixed before an animation can be set
[2026.02.11-17.03.32:161][729]LogAnimation: Warning: SkeletalMesh Rifle has no skeleton. This needs to fixed before an animation can be set
[2026.02.11-17.03.32:178][730]LogAnimation: Warning: SkeletalMesh Rifle has no skeleton. This needs to fixed before an animation can be set
[2026.02.11-17.03.32:195][731]LogAnimation: Warning: SkeletalMesh Rifle has no skeleton. This needs to fixed before an animation can be set
[2026.02.11-17.03.32:214][732]LogAnimation: Warning: SkeletalMesh Rifle has no skeleton. This needs to fixed before an animation can be set
[2026.02.11-17.03.32:229][733]LogAnimation: Warning: SkeletalMesh Rifle has no skeleton. This needs to fixed before an animation can be set
[2026.02.11-17.03.32:246][734]LogAnimation: Warning: SkeletalMesh Rifle has no skeleton. This needs to fixed before an animation can be set
[2026.02.11-17.03.32:262][735]LogAnimation: Warning: SkeletalMesh Rifle has no skeleton. This needs to fixed before an animation can be set
[2026.02.11-17.03.32:279][736]LogAnimation: Warning: SkeletalMesh Rifle has no skeleton. This needs to fixed before an animation can be set
[2026.02.11-17.03.32:715][762]LogAnimation: Warning: SkeletalMesh Rifle has no skeleton. This needs to fixed before an animation can be set
[2026.02.11-17.03.32:730][763]LogAnimation: Warning: SkeletalMesh Rifle has no skeleton. This needs to fixed before an animation can be set
[2026.02.11-17.03.32:747][764]LogAnimation: Warning: SkeletalMesh Rifle has no skeleton. This needs to fixed before an animation can be set
[2026.02.11-17.03.32:764][765]LogAnimation: Warning: SkeletalMesh Rifle has no skeleton. This needs to fixed before an animation can be set
[2026.02.11-17.03.32:779][766]LogAnimation: Warning: SkeletalMesh Rifle has no skeleton. This needs to fixed before an animation can be set
[2026.02.11-17.03.58:050][959]Cmd: OBJ SAVEPACKAGE PACKAGE="/Game/Levels/Main" FILE="../../../../../Repozytoria/UE 4.27/KZ_TopDownShooter/TopDownAC/Content/Levels/Main.umap" SILENT=true AUTOSAVING=false KEEPDIRTY=false
[2026.02.11-17.03.58:082][959]LogUObjectHash: Compacting FUObjectHashTables data took   2.56ms
[2026.02.11-17.03.58:094][959]LogSavePackage: Moving '../../../../../Repozytoria/UE 4.27/KZ_TopDownShooter/TopDownAC/Saved/Main68E984DB4E5A8DD41E7B14AC169C81F6.tmp' to '../../../../../Repozytoria/UE 4.27/KZ_TopDownShooter/TopDownAC/Content/Levels/Main.umap'
[2026.02.11-17.03.58:124][959]AssetCheck: New page: Asset Save: Main
[2026.02.11-17.03.58:124][959]LogContentValidation: Display: Validating World /Game/Levels/Main.Main
[2026.02.11-17.04.22:653][428]LogAnimation: Warning: SkeletalMesh Rifle has no skeleton. This needs to fixed before an animation can be set
[2026.02.11-17.04.22:666][429]LogAnimation: Warning: SkeletalMesh Rifle has no skeleton. This needs to fixed before an animation can be set
[2026.02.11-17.04.22:679][430]LogAnimation: Warning: SkeletalMesh Rifle has no skeleton. This needs to fixed before an animation can be set
[2026.02.11-17.04.22:697][431]LogAnimation: Warning: SkeletalMesh Rifle has no skeleton. This needs to fixed before an animation can be set
[2026.02.11-17.04.22:713][432]LogAnimation: Warning: SkeletalMesh Rifle has no skeleton. This needs to fixed before an animation can be set
[2026.02.11-17.04.22:730][433]LogAnimation: Warning: SkeletalMesh Rifle has no skeleton. This needs to fixed before an animation can be set
[2026.02.11-17.04.22:747][434]LogAnimation: Warning: SkeletalMesh Rifle has no skeleton. This needs to fixed before an animation can be set
[2026.02.11-17.04.22:764][435]LogAnimation: Warning: SkeletalMesh Rifle has no skeleton. This needs to fixed before an animation can be set
[2026.02.11-17.04.22:780][436]LogAnimation: Warning: SkeletalMesh Rifle has no skeleton. This needs to fixed before an animation can be set
[2026.02.11-17.04.22:796][437]LogAnimation: Warning: SkeletalMesh Rifle has no skeleton. This needs to fixed before an animation can be set
[2026.02.11-17.04.22:813][438]LogAnimation: Warning: SkeletalMesh Rifle has no skeleton. This needs to fixed before an animation can be set
[2026.02.11-17.04.22:830][439]LogAnimation: Warning: SkeletalMesh Rifle has no skeleton. This needs to fixed before an animation can be set
[2026.02.11-17.04.22:847][440]LogAnimation: Warning: SkeletalMesh Rifle has no skeleton. This needs to fixed before an animation can be set
[2026.02.11-17.04.22:863][441]LogAnimation: Warning: SkeletalMesh Rifle has no skeleton. This needs to fixed before an animation can be set
[2026.02.11-17.04.22:882][442]LogAnimation: Warning: SkeletalMesh Rifle has no skeleton. This needs to fixed before an animation can be set
[2026.02.11-17.04.22:896][443]LogAnimation: Warning: SkeletalMesh Rifle has no skeleton. This needs to fixed before an animation can be set
[2026.02.11-17.04.22:913][444]LogAnimation: Warning: SkeletalMesh Rifle has no skeleton. This needs to fixed before an animation can be set
[2026.02.11-17.04.22:930][445]LogAnimation: Warning: SkeletalMesh Rifle has no skeleton. This needs to fixed before an animation can be set
[2026.02.11-17.04.22:946][446]LogAnimation: Warning: SkeletalMesh Rifle has no skeleton. This needs to fixed before an animation can be set
[2026.02.11-17.04.22:963][447]LogAnimation: Warning: SkeletalMesh Rifle has no skeleton. This needs to fixed before an animation can be set
[2026.02.11-17.04.22:980][448]LogAnimation: Warning: SkeletalMesh Rifle has no skeleton. This needs to fixed before an animation can be set
[2026.02.11-17.11.55:330][ 15]BlueprintLog: New page: Compile BP_PLAYER
[2026.02.11-17.11.55:388][ 15]LogUObjectHash: Compacting FUObjectHashTables data took   2.09ms
[2026.02.11-17.11.56:686][ 91]LogAnimation: Warning: SkeletalMesh Rifle has no skeleton. This needs to fixed before an animation can be set
[2026.02.11-17.11.56:703][ 92]LogAnimation: Warning: SkeletalMesh Rifle has no skeleton. This needs to fixed before an animation can be set
[2026.02.11-17.11.56:724][ 93]LogAnimation: Warning: SkeletalMesh Rifle has no skeleton. This needs to fixed before an animation can be set
[2026.02.11-17.11.56:745][ 94]LogAnimation: Warning: SkeletalMesh Rifle has no skeleton. This needs to fixed before an animation can be set
[2026.02.11-17.11.56:761][ 95]LogAnimation: Warning: SkeletalMesh Rifle has no skeleton. This needs to fixed before an animation can be set
[2026.02.11-17.11.56:778][ 96]LogAnimation: Warning: SkeletalMesh Rifle has no skeleton. This needs to fixed before an animation can be set
[2026.02.11-17.11.56:794][ 97]LogAnimation: Warning: SkeletalMesh Rifle has no skeleton. This needs to fixed before an animation can be set
[2026.02.11-17.11.56:810][ 98]LogAnimation: Warning: SkeletalMesh Rifle has no skeleton. This needs to fixed before an animation can be set
[2026.02.11-17.11.56:827][ 99]LogAnimation: Warning: SkeletalMesh Rifle has no skeleton. This needs to fixed before an animation can be set
[2026.02.11-17.11.56:843][100]LogAnimation: Warning: SkeletalMesh Rifle has no skeleton. This needs to fixed before an animation can be set
[2026.02.11-17.11.56:860][101]LogAnimation: Warning: SkeletalMesh Rifle has no skeleton. This needs to fixed before an animation can be set
[2026.02.11-17.11.56:878][102]LogAnimation: Warning: SkeletalMesh Rifle has no skeleton. This needs to fixed before an animation can be set
[2026.02.11-17.11.56:898][103]LogAnimation: Warning: SkeletalMesh Rifle has no skeleton. This needs to fixed before an animation can be set
[2026.02.11-17.11.56:910][104]LogAnimation: Warning: SkeletalMesh Rifle has no skeleton. This needs to fixed before an animation can be set
[2026.02.11-17.11.56:926][105]LogAnimation: Warning: SkeletalMesh Rifle has no skeleton. This needs to fixed before an animation can be set
[2026.02.11-17.11.56:944][106]LogAnimation: Warning: SkeletalMesh Rifle has no skeleton. This needs to fixed before an animation can be set
[2026.02.11-17.11.56:960][107]LogAnimation: Warning: SkeletalMesh Rifle has no skeleton. This needs to fixed before an animation can be set
[2026.02.11-17.11.56:977][108]LogAnimation: Warning: SkeletalMesh Rifle has no skeleton. This needs to fixed before an animation can be set
[2026.02.11-17.11.56:994][109]LogAnimation: Warning: SkeletalMesh Rifle has no skeleton. This needs to fixed before an animation can be set
[2026.02.11-17.11.57:010][110]LogAnimation: Warning: SkeletalMesh Rifle has no skeleton. This needs to fixed before an animation can be set
[2026.02.11-17.11.57:028][111]LogAnimation: Warning: SkeletalMesh Rifle has no skeleton. This needs to fixed before an animation can be set
[2026.02.11-17.11.57:044][112]LogAnimation: Warning: SkeletalMesh Rifle has no skeleton. This needs to fixed before an animation can be set
[2026.02.11-17.11.57:062][113]LogAnimation: Warning: SkeletalMesh Rifle has no skeleton. This needs to fixed before an animation can be set
[2026.02.11-17.11.57:079][114]LogAnimation: Warning: SkeletalMesh Rifle has no skeleton. This needs to fixed before an animation can be set
[2026.02.11-17.11.57:094][115]LogAnimation: Warning: SkeletalMesh Rifle has no skeleton. This needs to fixed before an animation can be set
[2026.02.11-17.11.57:111][116]LogAnimation: Warning: SkeletalMesh Rifle has no skeleton. This needs to fixed before an animation can be set
[2026.02.11-17.11.57:127][117]LogAnimation: Warning: SkeletalMesh Rifle has no skeleton. This needs to fixed before an animation can be set
[2026.02.11-17.11.57:143][118]LogAnimation: Warning: SkeletalMesh Rifle has no skeleton. This needs to fixed before an animation can be set
[2026.02.11-17.11.57:160][119]LogAnimation: Warning: SkeletalMesh Rifle has no skeleton. This needs to fixed before an animation can be set
[2026.02.11-17.11.57:177][120]LogAnimation: Warning: SkeletalMesh Rifle has no skeleton. This needs to fixed before an animation can be set
[2026.02.11-17.11.57:194][121]LogAnimation: Warning: SkeletalMesh Rifle has no skeleton. This needs to fixed before an animation can be set
[2026.02.11-17.11.57:211][122]LogAnimation: Warning: SkeletalMesh Rifle has no skeleton. This needs to fixed before an animation can be set
[2026.02.11-17.11.57:226][123]LogAnimation: Warning: SkeletalMesh Rifle has no skeleton. This needs to fixed before an animation can be set
[2026.02.11-17.11.57:244][124]LogAnimation: Warning: SkeletalMesh Rifle has no skeleton. This needs to fixed before an animation can be set
[2026.02.11-17.11.57:260][125]LogAnimation: Warning: SkeletalMesh Rifle has no skeleton. This needs to fixed before an animation can be set
[2026.02.11-17.11.57:277][126]LogAnimation: Warning: SkeletalMesh Rifle has no skeleton. This needs to fixed before an animation can be set
[2026.02.11-17.11.57:293][127]LogAnimation: Warning: SkeletalMesh Rifle has no skeleton. This needs to fixed before an animation can be set
[2026.02.11-17.11.57:311][128]LogAnimation: Warning: SkeletalMesh Rifle has no skeleton. This needs to fixed before an animation can be set
[2026.02.11-17.11.57:327][129]LogAnimation: Warning: SkeletalMesh Rifle has no skeleton. This needs to fixed before an animation can be set
[2026.02.11-17.11.57:343][130]LogAnimation: Warning: SkeletalMesh Rifle has no skeleton. This needs to fixed before an animation can be set
[2026.02.11-17.11.57:360][131]LogAnimation: Warning: SkeletalMesh Rifle has no skeleton. This needs to fixed before an animation can be set
[2026.02.11-17.11.57:377][132]LogAnimation: Warning: SkeletalMesh Rifle has no skeleton. This needs to fixed before an animation can be set
[2026.02.11-17.11.57:394][133]LogAnimation: Warning: SkeletalMesh Rifle has no skeleton. This needs to fixed before an animation can be set
[2026.02.11-17.11.57:409][134]LogAnimation: Warning: SkeletalMesh Rifle has no skeleton. This needs to fixed before an animation can be set
[2026.02.11-17.11.57:427][135]LogAnimation: Warning: SkeletalMesh Rifle has no skeleton. This needs to fixed before an animation can be set
[2026.02.11-17.11.57:443][136]LogAnimation: Warning: SkeletalMesh Rifle has no skeleton. This needs to fixed before an animation can be set
[2026.02.11-17.11.57:460][137]LogAnimation: Warning: SkeletalMesh Rifle has no skeleton. This needs to fixed before an animation can be set
[2026.02.11-17.11.57:479][138]LogAnimation: Warning: SkeletalMesh Rifle has no skeleton. This needs to fixed before an animation can be set
[2026.02.11-17.11.57:493][139]LogAnimation: Warning: SkeletalMesh Rifle has no skeleton. This needs to fixed before an animation can be set
[2026.02.11-17.11.57:510][140]LogAnimation: Warning: SkeletalMesh Rifle has no skeleton. This needs to fixed before an animation can be set
[2026.02.11-17.11.57:526][141]LogAnimation: Warning: SkeletalMesh Rifle has no skeleton. This needs to fixed before an animation can be set
[2026.02.11-17.11.57:543][142]LogAnimation: Warning: SkeletalMesh Rifle has no skeleton. This needs to fixed before an animation can be set
[2026.02.11-17.11.57:560][143]LogAnimation: Warning: SkeletalMesh Rifle has no skeleton. This needs to fixed before an animation can be set
[2026.02.11-17.11.57:578][144]LogAnimation: Warning: SkeletalMesh Rifle has no skeleton. This needs to fixed before an animation can be set
[2026.02.11-17.12.02:244][418]LogSlate: Prevented a slow task dialog from being summoned while a context menu was open
[2026.02.11-17.12.02:249][418]LogLinker: Warning: [AssetLog] D:\Repozytoria\UE 4.27\KZ_TopDownShooter\TopDownAC\Content\Weapons\Weapons\MaterialLayers\ML_Metal_Copper.uasset: Failed to load '/Game/Weapons/MaterialLayers/T_ExampleLayers_Metal02_N': Can't find file.
[2026.02.11-17.12.02:249][418]LogLinker: Warning: [AssetLog] D:\Repozytoria\UE 4.27\KZ_TopDownShooter\TopDownAC\Content\Weapons\Weapons\MaterialLayers\ML_Metal_Copper.uasset: Failed to load '/Game/Weapons/MaterialLayers/T_ExampleLayers_Metal02_N': Can't find file.
[2026.02.11-17.12.02:249][418]LogLinker: Warning: [AssetLog] D:\Repozytoria\UE 4.27\KZ_TopDownShooter\TopDownAC\Content\Weapons\Weapons\MaterialLayers\ML_Metal_Copper.uasset: Failed to load '/Game/Weapons/MaterialLayers/T_ExampleLayers_Metal02_N': Can't find file.
[2026.02.11-17.12.02:250][418]LogLinker: Warning: [AssetLog] D:\Repozytoria\UE 4.27\KZ_TopDownShooter\TopDownAC\Content\Weapons\Weapons\MaterialLayers\ML_Metal_Copper.uasset: Failed to load '/Game/Weapons/MaterialLayers/T_ExampleLayers_Metal02_N': Can't find file.
[2026.02.11-17.12.02:250][418]LoadErrors: Failed to load /Game/Weapons/MaterialLayers/T_ExampleLayers_Metal02_N.T_ExampleLayers_Metal02_N Referenced by MaterialExpressionTextureSample_2
[2026.02.11-17.12.02:251][418]LogLinker: Warning: [AssetLog] D:\Repozytoria\UE 4.27\KZ_TopDownShooter\TopDownAC\Content\Weapons\Weapons\MaterialLayers\ML_Metal_Gray.uasset: Failed to load '/Game/Weapons/MaterialLayers/T_Metal_Metal02_D': Can't find file.
[2026.02.11-17.12.02:251][418]LogLinker: Warning: [AssetLog] D:\Repozytoria\UE 4.27\KZ_TopDownShooter\TopDownAC\Content\Weapons\Weapons\MaterialLayers\ML_Metal_Gray.uasset: Failed to load '/Game/Weapons/MaterialLayers/T_Metal_Metal02_D': Can't find file.
[2026.02.11-17.12.02:251][418]LogLinker: Warning: [AssetLog] D:\Repozytoria\UE 4.27\KZ_TopDownShooter\TopDownAC\Content\Weapons\Weapons\MaterialLayers\ML_Metal_Gray.uasset: Failed to load '/Game/Weapons/MaterialLayers/T_Metal_Metal02_D': Can't find file.
[2026.02.11-17.12.02:253][418]LogLinker: Warning: [AssetLog] D:\Repozytoria\UE 4.27\KZ_TopDownShooter\TopDownAC\Content\Weapons\Weapons\MaterialLayers\ML_Metal_Gray.uasset: Failed to load '/Game/Weapons/MaterialLayers/T_Metal_Metal02_D': Can't find file.
[2026.02.11-17.12.02:253][418]LoadErrors: Failed to load /Game/Weapons/MaterialLayers/T_Metal_Metal02_D.T_Metal_Metal02_D Referenced by MaterialExpressionTextureSample_0
[2026.02.11-17.12.02:254][418]LogLinker: Warning: [AssetLog] D:\Repozytoria\UE 4.27\KZ_TopDownShooter\TopDownAC\Content\Weapons\Weapons\MaterialLayers\ML_Paint.uasset: Failed to load '/Game/Weapons/MaterialLayers/T_PaintedMetal01_N': Can't find file.
[2026.02.11-17.12.02:254][418]LogLinker: Warning: [AssetLog] D:\Repozytoria\UE 4.27\KZ_TopDownShooter\TopDownAC\Content\Weapons\Weapons\MaterialLayers\ML_Paint.uasset: Failed to load '/Game/Weapons/MaterialLayers/T_PaintedMetal01_N': Can't find file.
[2026.02.11-17.12.02:254][418]LogLinker: Warning: [AssetLog] D:\Repozytoria\UE 4.27\KZ_TopDownShooter\TopDownAC\Content\Weapons\Weapons\MaterialLayers\ML_Paint.uasset: Failed to load '/Game/Weapons/MaterialLayers/T_PaintedMetal02': Can't find file.
[2026.02.11-17.12.02:254][418]LogLinker: Warning: [AssetLog] D:\Repozytoria\UE 4.27\KZ_TopDownShooter\TopDownAC\Content\Weapons\Weapons\MaterialLayers\ML_Paint.uasset: Failed to load '/Game/Weapons/MaterialLayers/T_PaintedMetal02': Can't find file.
[2026.02.11-17.12.02:255][418]LogLinker: Warning: [AssetLog] D:\Repozytoria\UE 4.27\KZ_TopDownShooter\TopDownAC\Content\Weapons\Weapons\MaterialLayers\ML_Paint.uasset: Failed to load '/Game/Weapons/MaterialLayers/T_PaintedMetal01_N': Can't find file.
[2026.02.11-17.12.02:255][418]LogLinker: Warning: [AssetLog] D:\Repozytoria\UE 4.27\KZ_TopDownShooter\TopDownAC\Content\Weapons\Weapons\MaterialLayers\ML_Paint.uasset: Failed to load '/Game/Weapons/MaterialLayers/T_PaintedMetal02': Can't find file.
[2026.02.11-17.12.02:255][418]LogLinker: Warning: [AssetLog] D:\Repozytoria\UE 4.27\KZ_TopDownShooter\TopDownAC\Content\Weapons\Weapons\MaterialLayers\ML_Paint.uasset: Failed to load '/Game/Weapons/MaterialLayers/T_PaintedMetal02': Can't find file.
[2026.02.11-17.12.02:255][418]LoadErrors: Failed to load /Game/Weapons/MaterialLayers/T_PaintedMetal02.T_PaintedMetal02 Referenced by MaterialExpressionTextureSample_0
[2026.02.11-17.12.02:255][418]LogLinker: Warning: [AssetLog] D:\Repozytoria\UE 4.27\KZ_TopDownShooter\TopDownAC\Content\Weapons\Weapons\MaterialLayers\ML_Paint.uasset: Failed to load '/Game/Weapons/MaterialLayers/T_PaintedMetal01_N': Can't find file.
[2026.02.11-17.12.02:255][418]LoadErrors: Failed to load /Game/Weapons/MaterialLayers/T_PaintedMetal01_N.T_PaintedMetal01_N Referenced by MaterialExpressionTextureSample_1
[2026.02.11-17.12.02:256][418]LogLinker: Warning: [AssetLog] D:\Repozytoria\UE 4.27\KZ_TopDownShooter\TopDownAC\Content\Weapons\Weapons\MaterialLayers\ML_Rubber.uasset: Failed to load '/Game/Weapons/MaterialLayers/T_Rubber': Can't find file.
[2026.02.11-17.12.02:256][418]LogLinker: Warning: [AssetLog] D:\Repozytoria\UE 4.27\KZ_TopDownShooter\TopDownAC\Content\Weapons\Weapons\MaterialLayers\ML_Rubber.uasset: Failed to load '/Game/Weapons/MaterialLayers/T_Rubber': Can't find file.
[2026.02.11-17.12.02:256][418]LogLinker: Warning: [AssetLog] D:\Repozytoria\UE 4.27\KZ_TopDownShooter\TopDownAC\Content\Weapons\Weapons\MaterialLayers\ML_Rubber.uasset: Failed to load '/Game/Weapons/MaterialLayers/T_Rubber': Can't find file.
[2026.02.11-17.12.02:257][418]LogLinker: Warning: [AssetLog] D:\Repozytoria\UE 4.27\KZ_TopDownShooter\TopDownAC\Content\Weapons\Weapons\MaterialLayers\ML_Rubber.uasset: Failed to load '/Game/Weapons/MaterialLayers/T_Rubber': Can't find file.
[2026.02.11-17.12.02:257][418]LoadErrors: Failed to load /Game/Weapons/MaterialLayers/T_Rubber.T_Rubber Referenced by MaterialExpressionTextureSample_0
[2026.02.11-17.12.02:267][418]LogLinker: Warning: [AssetLog] D:\Repozytoria\UE 4.27\KZ_TopDownShooter\TopDownAC\Content\Weapons\Weapons\Materials\MagGun_SightLens_Mat.uasset: Failed to load '/Game/Weapons/Textures/SightLens_maskA': Can't find file.
[2026.02.11-17.12.02:267][418]LogLinker: Warning: [AssetLog] D:\Repozytoria\UE 4.27\KZ_TopDownShooter\TopDownAC\Content\Weapons\Weapons\Materials\MagGun_SightLens_Mat.uasset: Failed to load '/Game/Weapons/Textures/SightLens_maskA': Can't find file.
[2026.02.11-17.12.02:267][418]LogLinker: Warning: [AssetLog] D:\Repozytoria\UE 4.27\KZ_TopDownShooter\TopDownAC\Content\Weapons\Weapons\Materials\MagGun_SightLens_Mat.uasset: Failed to load '/Game/Weapons/Textures/SightLens_maskB': Can't find file.
[2026.02.11-17.12.02:267][418]LogLinker: Warning: [AssetLog] D:\Repozytoria\UE 4.27\KZ_TopDownShooter\TopDownAC\Content\Weapons\Weapons\Materials\MagGun_SightLens_Mat.uasset: Failed to load '/Game/Weapons/Textures/SightLens_maskB': Can't find file.
[2026.02.11-17.12.02:267][418]LogLinker: Warning: [AssetLog] D:\Repozytoria\UE 4.27\KZ_TopDownShooter\TopDownAC\Content\Weapons\Weapons\Materials\MagGun_SightLens_Mat.uasset: Failed to load '/Game/Weapons/Textures/SightLens_maskA': Can't find file.
[2026.02.11-17.12.02:267][418]LogLinker: Warning: [AssetLog] D:\Repozytoria\UE 4.27\KZ_TopDownShooter\TopDownAC\Content\Weapons\Weapons\Materials\MagGun_SightLens_Mat.uasset: Failed to load '/Game/Weapons/Textures/SightLens_maskB': Can't find file.
[2026.02.11-17.12.02:268][418]LogLinker: Warning: [AssetLog] D:\Repozytoria\UE 4.27\KZ_TopDownShooter\TopDownAC\Content\Weapons\Weapons\Materials\MagGun_SightLens_Mat.uasset: Failed to load '/Game/Weapons/Textures/SightLens_maskB': Can't find file.
[2026.02.11-17.12.02:268][418]LoadErrors: Failed to load /Game/Weapons/Textures/SightLens_maskB.SightLens_maskB Referenced by MaterialExpressionTextureSample_12
[2026.02.11-17.12.02:268][418]LogLinker: Warning: [AssetLog] D:\Repozytoria\UE 4.27\KZ_TopDownShooter\TopDownAC\Content\Weapons\Weapons\Materials\MagGun_SightLens_Mat.uasset: Failed to load '/Game/Weapons/Textures/SightLens_maskA': Can't find file.
[2026.02.11-17.12.02:268][418]LoadErrors: Failed to load /Game/Weapons/Textures/SightLens_maskA.SightLens_maskA Referenced by MaterialExpressionTextureSample_13
[2026.02.11-17.12.02:269][418]LogLinker: Warning: [AssetLog] D:\Repozytoria\UE 4.27\KZ_TopDownShooter\TopDownAC\Content\Weapons\Weapons\Materials\MagGun_SightLens_Mat.uasset: Failed to load '/Game/Weapons/Textures/SightLens_maskB': Can't find file.
[2026.02.11-17.12.02:269][418]LoadErrors: Failed to load /Game/Weapons/Textures/SightLens_maskB.SightLens_maskB Referenced by MaterialExpressionTextureSample_7
[2026.02.11-17.12.02:269][418]LogLinker: Warning: [AssetLog] D:\Repozytoria\UE 4.27\KZ_TopDownShooter\TopDownAC\Content\Weapons\Weapons\Materials\MagGun_SightLens_Mat.uasset: Failed to load '/Game/Weapons/Textures/SightLens_maskB': Can't find file.
[2026.02.11-17.12.02:269][418]LoadErrors: Failed to load /Game/Weapons/Textures/SightLens_maskB.SightLens_maskB Referenced by MaterialExpressionTextureSample_8
[2026.02.11-17.12.02:270][418]LogMaterial: Display: Missing cached shadermap for MagGun_SightLens_Mat in PCD3D_SM5, Default, SM5 (DDC key hash: 9F1475285EBC563700E8CD95FC5DCC708E704214), compiling. 
[2026.02.11-17.12.02:271][418]LogMaterial: Warning: [AssetLog] D:\Repozytoria\UE 4.27\KZ_TopDownShooter\TopDownAC\Content\Weapons\Weapons\Materials\MagGun_SightLens_Mat.uasset: Failed to compile Material for platform PCD3D_SM5, Default Material will be used in game.
[2026.02.11-17.12.02:271][418]LogMaterial: Display: 	(Node TextureSample) Texture Sample> Missing input texture
[2026.02.11-17.12.02:271][418]LogLinker: Warning: [AssetLog] D:\Repozytoria\UE 4.27\KZ_TopDownShooter\TopDownAC\Content\Weapons\Weapons\Materials\MagGun_SightLens_Mat_Inst.uasset: Failed to load '/Game/Weapons/Materials/MagGun_SightLens_Mat': Can't find file.
[2026.02.11-17.12.02:272][418]LogLinker: Warning: [AssetLog] D:\Repozytoria\UE 4.27\KZ_TopDownShooter\TopDownAC\Content\Weapons\Weapons\Materials\MagGun_SightLens_Mat_Inst.uasset: Failed to load '/Game/Weapons/Materials/MagGun_SightLens_Mat': Can't find file.
[2026.02.11-17.12.02:272][418]LogLinker: Warning: [AssetLog] D:\Repozytoria\UE 4.27\KZ_TopDownShooter\TopDownAC\Content\Weapons\Weapons\Materials\MagGun_SightLens_Mat_Inst.uasset: Failed to load '/Game/Weapons/Materials/MagGun_SightLens_Mat': Can't find file.
[2026.02.11-17.12.02:272][418]LogLinker: Warning: [AssetLog] D:\Repozytoria\UE 4.27\KZ_TopDownShooter\TopDownAC\Content\Weapons\Weapons\Materials\MagGun_SightLens_Mat_Inst.uasset: Failed to load '/Game/Weapons/Materials/MagGun_SightLens_Mat': Can't find file.
[2026.02.11-17.12.02:272][418]LoadErrors: Failed to load /Game/Weapons/Materials/MagGun_SightLens_Mat.MagGun_SightLens_Mat Referenced by MagGun_SightLens_Mat_Inst
[2026.02.11-17.12.02:304][418]LogUObjectHash: Compacting FUObjectHashTables data took   2.32ms
[2026.02.11-17.12.06:727][418]LogSlate: Window 'Delete Assets' being destroyed
[2026.02.11-17.12.06:844][418]LogWorld: UWorld::CleanupWorld for World_2, bSessionEnded=true, bCleanupResources=true
[2026.02.11-17.12.06:844][418]LogSlate: InvalidateAllWidgets triggered.  All widgets were invalidated
[2026.02.11-17.12.06:886][418]LogUObjectGlobals: Force Deleting 29 Package(s):
	Asset Name: /Game/Weapons/Weapons/Rifle.Rifle
	Asset Name: /Game/Weapons/Weapons/Materials/MagGun_MatB.MagGun_MatB
	Asset Name: /Game/Weapons/Weapons/Materials/MagGun_MatA_Inst3.MagGun_MatA_Inst3
	Asset Name: /Game/Weapons/Weapons/Materials/MagGun_MatA.MagGun_MatA
	Asset Name: /Game/Weapons/Weapons/Materials/MagGun_MatB_Inst2.MagGun_MatB_Inst2
	Asset Name: /Game/Weapons/Weapons/Textures/MagGun_Decals.MagGun_Decals
	Asset Name: /Game/Weapons/Weapons/Materials/MagGun_MatB_Inst3.MagGun_MatB_Inst3
	Asset Name: /Game/Weapons/Weapons/Rifle_Skeleton.Rifle_Skeleton
	Asset Name: /Game/Weapons/Weapons/MaterialLayers/ML_BoltMetal.ML_BoltMetal
	Asset Name: /Game/Weapons/Weapons/MaterialLayers/ML_Metal_Copper.ML_Metal_Copper
[2026.02.11-17.12.07:648][418]LogObjectTools: Warning: Detected inconsistencies between reference gathering algorithms. Switching 'Editor.UseLegacyGetReferencersForDeletion' on for the remainder of this editor session.
[2026.02.11-17.12.10:797][418]LogUObjectHash: Compacting FUObjectHashTables data took   2.83ms
[2026.02.11-17.12.10:821][418]LogUObjectHash: Compacting FUObjectHashTables data took   1.34ms
[2026.02.11-17.12.10:834][418]LogUObjectHash: Compacting FUObjectHashTables data took   0.46ms
[2026.02.11-17.12.10:846][418]LogUObjectHash: Compacting FUObjectHashTables data took   0.39ms
[2026.02.11-17.12.10:859][418]LogUObjectHash: Compacting FUObjectHashTables data took   0.56ms
[2026.02.11-17.12.10:871][418]LogUObjectHash: Compacting FUObjectHashTables data took   0.46ms
[2026.02.11-17.12.10:884][418]LogUObjectHash: Compacting FUObjectHashTables data took   0.36ms
[2026.02.11-17.12.10:897][418]LogUObjectHash: Compacting FUObjectHashTables data took   0.51ms
[2026.02.11-17.12.10:910][418]LogUObjectHash: Compacting FUObjectHashTables data took   0.45ms
[2026.02.11-17.12.10:923][418]LogUObjectHash: Compacting FUObjectHashTables data took   0.60ms
[2026.02.11-17.12.10:935][418]LogUObjectHash: Compacting FUObjectHashTables data took   0.39ms
[2026.02.11-17.12.10:945][418]LogUObjectHash: Compacting FUObjectHashTables data took   0.41ms
[2026.02.11-17.12.10:957][418]LogUObjectHash: Compacting FUObjectHashTables data took   0.32ms
[2026.02.11-17.12.10:967][418]LogUObjectHash: Compacting FUObjectHashTables data took   0.39ms
[2026.02.11-17.12.10:989][418]LogUObjectHash: Compacting FUObjectHashTables data took   0.34ms
[2026.02.11-17.12.11:001][418]LogUObjectHash: Compacting FUObjectHashTables data took   0.33ms
[2026.02.11-17.12.11:010][418]LogUObjectHash: Compacting FUObjectHashTables data took   0.36ms
[2026.02.11-17.12.11:020][418]LogUObjectHash: Compacting FUObjectHashTables data took   0.35ms
[2026.02.11-17.12.11:030][418]LogUObjectHash: Compacting FUObjectHashTables data took   0.35ms
[2026.02.11-17.12.11:039][418]LogUObjectHash: Compacting FUObjectHashTables data took   0.31ms
[2026.02.11-17.12.11:049][418]LogUObjectHash: Compacting FUObjectHashTables data took   0.38ms
[2026.02.11-17.12.11:058][418]LogUObjectHash: Compacting FUObjectHashTables data took   0.31ms
[2026.02.11-17.12.11:066][418]LogUObjectHash: Compacting FUObjectHashTables data took   0.32ms
[2026.02.11-17.12.11:077][418]LogUObjectHash: Compacting FUObjectHashTables data took   0.34ms
[2026.02.11-17.12.11:085][418]LogUObjectHash: Compacting FUObjectHashTables data took   0.32ms
[2026.02.11-17.12.11:094][418]LogUObjectHash: Compacting FUObjectHashTables data took   0.31ms
[2026.02.11-17.12.11:103][418]LogUObjectHash: Compacting FUObjectHashTables data took   0.34ms
[2026.02.11-17.12.11:112][418]LogUObjectHash: Compacting FUObjectHashTables data took   0.31ms
[2026.02.11-17.12.11:120][418]LogUObjectHash: Compacting FUObjectHashTables data took   0.49ms
[2026.02.11-17.12.11:134][418]LogUObjectHash: Compacting FUObjectHashTables data took   0.85ms
[2026.02.11-17.12.11:144][418]LogUObjectHash: Compacting FUObjectHashTables data took   0.35ms
[2026.02.11-17.12.13:984][582]LogAssetEditorSubsystem: Opening Asset editor for Blueprint /Game/BluePrintClass/BP_PLAYER.BP_PLAYER
[2026.02.11-17.12.16:465][713]BlueprintLog: New page: Compile BP_PLAYER
[2026.02.11-17.12.16:510][713]LogUObjectHash: Compacting FUObjectHashTables data took   1.16ms
[2026.02.11-17.14.19:137][638]LogUObjectHash: Compacting FUObjectHashTables data took   2.13ms
[2026.02.11-17.14.21:904][638]LogSlate: Window 'Save Content' being destroyed
[2026.02.11-17.14.21:998][638]Cmd: OBJ SAVEPACKAGE PACKAGE="/Game/BluePrintClass/BP_PLAYER" FILE="../../../../../Repozytoria/UE 4.27/KZ_TopDownShooter/TopDownAC/Content/BluePrintClass/BP_PLAYER.uasset" SILENT=true
[2026.02.11-17.14.22:027][638]LogSavePackage: Moving '../../../../../Repozytoria/UE 4.27/KZ_TopDownShooter/TopDownAC/Saved/BP_PLAYERC5B4F5624568625B33D9D8B1AD72223E.tmp' to '../../../../../Repozytoria/UE 4.27/KZ_TopDownShooter/TopDownAC/Content/BluePrintClass/BP_PLAYER.uasset'
[2026.02.11-17.14.22:028][638]Cmd: OBJ SAVEPACKAGE PACKAGE="/Game/BluePrintClass/BP_Spider" FILE="../../../../../Repozytoria/UE 4.27/KZ_TopDownShooter/TopDownAC/Content/BluePrintClass/BP_Spider.uasset" SILENT=true
[2026.02.11-17.14.22:042][638]LogSavePackage: Moving '../../../../../Repozytoria/UE 4.27/KZ_TopDownShooter/TopDownAC/Saved/BP_Spider2470B66B4D660EB304422D8C637B6173.tmp' to '../../../../../Repozytoria/UE 4.27/KZ_TopDownShooter/TopDownAC/Content/BluePrintClass/BP_Spider.uasset'
[2026.02.11-17.14.22:087][638]LogWorld: UWorld::CleanupWorld for World_15, bSessionEnded=true, bCleanupResources=true
[2026.02.11-17.14.22:087][638]LogSlate: InvalidateAllWidgets triggered.  All widgets were invalidated
[2026.02.11-17.14.22:155][638]LogSlate: Window 'TopDownAC - Unreal Editor' being destroyed
[2026.02.11-17.14.22:155][638]LogWindowsTextInputMethodSystem: Display: IME system deactivated.
[2026.02.11-17.14.22:268][638]AssetCheck: New page: Asset Save: multiple assets
[2026.02.11-17.14.22:268][638]LogContentValidation: Display: Validating Blueprint /Game/BluePrintClass/BP_PLAYER.BP_PLAYER
[2026.02.11-17.14.22:268][638]LogContentValidation: Display: Validating Blueprint /Game/BluePrintClass/BP_Spider.BP_Spider
[2026.02.11-17.14.22:269][639]Cmd: QUIT_EDITOR
[2026.02.11-17.14.22:269][639]LogCore: Engine exit requested (reason: UUnrealEdEngine::CloseEditor())
[2026.02.11-17.14.22:270][639]LogCore: Engine exit requested (reason: EngineExit() was called; note: exit was already requested)
[2026.02.11-17.14.22:860][639]LogAudio: Display: Beginning Audio Device Manager Shutdown (Module: AudioMixerXAudio2)...
[2026.02.11-17.14.22:860][639]LogAudio: Display: Destroying 1 Remaining Audio Device(s)...
[2026.02.11-17.14.22:860][639]LogAudio: Display: Audio Device unregistered from world 'Main'.
[2026.02.11-17.14.22:860][639]LogAudioMixer: FMixerPlatformXAudio2::StopAudioStream() called
[2026.02.11-17.14.22:862][639]LogAudioMixer: FMixerPlatformXAudio2::StopAudioStream() called
[2026.02.11-17.14.22:865][639]LogAudio: Display: Audio Device Manager Shutdown
[2026.02.11-17.14.22:875][639]LogExit: Preparing to exit.
[2026.02.11-17.14.22:900][639]LogUObjectHash: Compacting FUObjectHashTables data took   1.46ms
[2026.02.11-17.14.23:267][639]LogWorld: UWorld::CleanupWorld for World_3, bSessionEnded=true, bCleanupResources=true
[2026.02.11-17.14.23:271][639]LogWorld: UWorld::CleanupWorld for World_11, bSessionEnded=true, bCleanupResources=true
[2026.02.11-17.14.23:273][639]LogWorld: UWorld::CleanupWorld for World_0, bSessionEnded=true, bCleanupResources=true
[2026.02.11-17.14.23:277][639]LogWorld: UWorld::CleanupWorld for World_1, bSessionEnded=true, bCleanupResources=true
[2026.02.11-17.14.23:279][639]LogWorld: UWorld::CleanupWorld for World_5, bSessionEnded=true, bCleanupResources=true
[2026.02.11-17.14.23:282][639]LogWorld: UWorld::CleanupWorld for World_4, bSessionEnded=true, bCleanupResources=true
[2026.02.11-17.14.23:287][639]LogDirectoryWatcher: Display: A directory notification failed, and we were unable to create a new request. GetLastError code [6] Handle [FFFFFFFFFFFFFFFF], Path [D:/Repozytoria/UE 4.27/KZ_TopDownShooter/TopDownAC/Content/] 
[2026.02.11-17.14.23:305][639]LogDemo: Cleaned up 0 splitscreen connections with owner deletion
[2026.02.11-17.14.23:309][639]LogWorld: UWorld::CleanupWorld for None, bSessionEnded=true, bCleanupResources=true
[2026.02.11-17.14.23:309][639]LogExit: Editor shut down
[2026.02.11-17.14.23:309][639]LogExit: Transaction tracking system shut down
[2026.02.11-17.14.23:575][639]LogExit: Object subsystem successfully closed.
[2026.02.11-17.14.23:603][639]LogShaderCompilers: Display: === FShaderJobCache stats ===
[2026.02.11-17.14.23:603][639]LogShaderCompilers: Display: Total job queries 140, among them cache hits 32 (22.86%)
[2026.02.11-17.14.23:603][639]LogShaderCompilers: Display: Tracking 88 distinct input hashes that result in 43 distinct outputs (48.86%)
[2026.02.11-17.14.23:603][639]LogShaderCompilers: Display: RAM used: 0.26 MB (0.00 GB) of 1638.40 MB (1.60 GB) budget. Usage: 0.02%
[2026.02.11-17.14.23:603][639]LogShaderCompilers: Display: ================================================
[2026.02.11-17.14.23:613][639]LogShaderCompilers: Display: Shaders left to compile 0
[2026.02.11-17.14.23:622][639]LogModuleManager: Shutting down and abandoning module SequencerWidgets (878)
[2026.02.11-17.14.23:622][639]LogModuleManager: Shutting down and abandoning module MovieSceneCapture (876)
[2026.02.11-17.14.23:622][639]LogModuleManager: Shutting down and abandoning module Voice (874)
[2026.02.11-17.14.23:622][639]LogModuleManager: Shutting down and abandoning module BlueprintGraph (872)
[2026.02.11-17.14.23:622][639]LogModuleManager: Shutting down and abandoning module HierarchicalLODOutliner (870)
[2026.02.11-17.14.23:622][639]LogModuleManager: Shutting down and abandoning module SceneOutliner (868)
[2026.02.11-17.14.23:622][639]LogModuleManager: Shutting down and abandoning module AddContentDialog (866)
[2026.02.11-17.14.23:622][639]LogModuleManager: Shutting down and abandoning module WidgetCarousel (865)
[2026.02.11-17.14.23:622][639]LogModuleManager: Shutting down and abandoning module EditorWidgets (862)
[2026.02.11-17.14.23:622][639]LogModuleManager: Shutting down and abandoning module StatsViewer (860)
[2026.02.11-17.14.23:622][639]LogModuleManager: Shutting down and abandoning module PIEPreviewDeviceProfileSelector (858)
[2026.02.11-17.14.23:622][639]LogModuleManager: Shutting down and abandoning module SequenceRecorderSections (856)
[2026.02.11-17.14.23:622][639]LogModuleManager: Shutting down and abandoning module AutomationWorker (854)
[2026.02.11-17.14.23:622][639]LogModuleManager: Shutting down and abandoning module OculusMR (852)
[2026.02.11-17.14.23:622][639]LogModuleManager: Shutting down and abandoning module SteamVREditor (850)
[2026.02.11-17.14.23:622][639]LogModuleManager: Shutting down and abandoning module PlanarCut (848)
[2026.02.11-17.14.23:622][639]LogModuleManager: Shutting down and abandoning module CharacterAI (846)
[2026.02.11-17.14.23:622][639]LogModuleManager: Shutting down and abandoning module TakeRecorderSources (844)
[2026.02.11-17.14.23:622][639]LogModuleManager: Shutting down and abandoning module TakeRecorder (843)
[2026.02.11-17.14.23:622][639]LogModuleManager: Shutting down and abandoning module TakeTrackRecorders (840)
[2026.02.11-17.14.23:622][639]LogModuleManager: Shutting down and abandoning module TakesCore (838)
[2026.02.11-17.14.23:622][639]LogModuleManager: Shutting down and abandoning module OpenXRInput (836)
[2026.02.11-17.14.23:622][639]LogModuleManager: Shutting down and abandoning module GooglePADEditor (834)
[2026.02.11-17.14.23:622][639]LogModuleManager: Shutting down and abandoning module AudioCaptureEditor (832)
[2026.02.11-17.14.23:622][639]LogModuleManager: Shutting down and abandoning module TemplateSequenceEditor (830)
[2026.02.11-17.14.23:622][639]LogModuleManager: Shutting down and abandoning module MatineeToLevelSequence (828)
[2026.02.11-17.14.23:622][639]LogModuleManager: Shutting down and abandoning module LevelSequenceEditor (826)
[2026.02.11-17.14.23:622][639]LogModuleManager: Shutting down and abandoning module WebMMediaFactory (824)
[2026.02.11-17.14.23:622][639]LogModuleManager: Shutting down and abandoning module WebMMediaEditor (822)
[2026.02.11-17.14.23:622][639]LogModuleManager: Shutting down and abandoning module WebMMedia (820)
[2026.02.11-17.14.23:622][639]LogModuleManager: Shutting down and abandoning module ActorSequenceEditor (818)
[2026.02.11-17.14.23:622][639]LogModuleManager: Shutting down and abandoning module MediaPlayerEditor (816)
[2026.02.11-17.14.23:623][639]LogModuleManager: Shutting down and abandoning module WmfMediaFactory (814)
[2026.02.11-17.14.23:623][639]LogModuleManager: Shutting down and abandoning module WmfMediaEditor (812)
[2026.02.11-17.14.23:623][639]LogModuleManager: Shutting down and abandoning module MediaCompositingEditor (810)
[2026.02.11-17.14.23:623][639]LogModuleManager: Shutting down and abandoning module SequenceRecorder (809)
[2026.02.11-17.14.23:623][639]LogModuleManager: Shutting down and abandoning module OpenExrWrapper (806)
[2026.02.11-17.14.23:623][639]LogModuleManager: Shutting down and abandoning module ImgMediaFactory (804)
[2026.02.11-17.14.23:623][639]LogModuleManager: Shutting down and abandoning module ImgMediaEditor (802)
[2026.02.11-17.14.23:623][639]LogModuleManager: Shutting down and abandoning module AvfMediaFactory (800)
[2026.02.11-17.14.23:623][639]LogModuleManager: Shutting down and abandoning module AvfMediaEditor (798)
[2026.02.11-17.14.23:623][639]LogModuleManager: Shutting down and abandoning module AndroidMediaFactory (796)
[2026.02.11-17.14.23:623][639]LogModuleManager: Shutting down and abandoning module AndroidMediaEditor (794)
[2026.02.11-17.14.23:623][639]LogModuleManager: Shutting down and abandoning module MagicLeapMediaCodecFactory (792)
[2026.02.11-17.14.23:623][639]LogModuleManager: Shutting down and abandoning module MagicLeapMediaFactory (790)
[2026.02.11-17.14.23:623][639]LogModuleManager: Shutting down and abandoning module MagicLeapMediaEditor (788)
[2026.02.11-17.14.23:623][639]LogModuleManager: Shutting down and abandoning module TextureAlignMode (786)
[2026.02.11-17.14.23:623][639]LogModuleManager: Shutting down and abandoning module BspMode (784)
[2026.02.11-17.14.23:623][639]LogModuleManager: Shutting down and abandoning module GeometryMode (782)
[2026.02.11-17.14.23:623][639]LogModuleManager: Shutting down and abandoning module CameraShakePreviewer (780)
[2026.02.11-17.14.23:623][639]LogModuleManager: Shutting down and abandoning module SmartSnapping (778)
[2026.02.11-17.14.23:623][639]LogModuleManager: Shutting down and abandoning module SessionServices (776)
[2026.02.11-17.14.23:623][639]LogModuleManager: Shutting down and abandoning module MeshPaint (774)
[2026.02.11-17.14.23:623][639]LogModuleManager: Shutting down and abandoning module VirtualTexturingEditor (772)
[2026.02.11-17.14.23:623][639]LogModuleManager: Shutting down and abandoning module FoliageEdit (770)
[2026.02.11-17.14.23:623][639]LogModuleManager: Shutting down and abandoning module LandscapeEditor (768)
[2026.02.11-17.14.23:623][639]LogModuleManager: Shutting down and abandoning module MeshPaintMode (766)
[2026.02.11-17.14.23:623][639]LogModuleManager: Shutting down and abandoning module SceneDepthPickerMode (764)
[2026.02.11-17.14.23:623][639]LogModuleManager: Shutting down and abandoning module ActorPickerMode (762)
[2026.02.11-17.14.23:623][639]LogModuleManager: Shutting down and abandoning module PlacementMode (760)
[2026.02.11-17.14.23:623][639]LogModuleManager: Shutting down and abandoning module ViewportSnapping (758)
[2026.02.11-17.14.23:623][639]LogModuleManager: Shutting down and abandoning module ViewportInteraction (756)
[2026.02.11-17.14.23:623][639]LogModuleManager: Shutting down and abandoning module ClothPainter (754)
[2026.02.11-17.14.23:623][639]LogModuleManager: Shutting down and abandoning module SkeletalMeshEditor (753)
[2026.02.11-17.14.23:623][639]LogModuleManager: Shutting down and abandoning module LogVisualizer (750)
[2026.02.11-17.14.23:623][639]LogModuleManager: Shutting down and abandoning module IntroTutorials (748)
[2026.02.11-17.14.23:623][639]LogModuleManager: Shutting down and abandoning module GameProjectGeneration (747)
[2026.02.11-17.14.23:623][639]LogModuleManager: Shutting down and abandoning module LuminPlatformEditor (744)
[2026.02.11-17.14.23:623][639]LogModuleManager: Shutting down and abandoning module IOSPlatformEditor (742)
[2026.02.11-17.14.23:623][639]LogModuleManager: Shutting down and abandoning module AndroidPlatformEditor (740)
[2026.02.11-17.14.23:623][639]LogModuleManager: Shutting down and abandoning module AndroidDeviceDetection (739)
[2026.02.11-17.14.25:495][639]LogModuleManager: Shutting down and abandoning module WindowsPlatformEditor (736)
[2026.02.11-17.14.25:495][639]LogModuleManager: Shutting down and abandoning module LuminRuntimeSettings (734)
[2026.02.11-17.14.25:495][639]LogModuleManager: Shutting down and abandoning module IOSRuntimeSettings (732)
[2026.02.11-17.14.25:495][639]LogModuleManager: Shutting down and abandoning module AndroidRuntimeSettings (730)
[2026.02.11-17.14.25:495][639]LogModuleManager: Shutting down and abandoning module TraceInsights (728)
[2026.02.11-17.14.25:496][639]MemoryProfiler: Shutdown
[2026.02.11-17.14.25:496][639]NetworkingProfiler: Shutdown
[2026.02.11-17.14.25:496][639]LoadingProfiler: Shutdown
[2026.02.11-17.14.25:496][639]TimingProfiler: Shutdown
[2026.02.11-17.14.25:496][639]LogModuleManager: Shutting down and abandoning module TraceServices (727)
[2026.02.11-17.14.25:496][639]LogModuleManager: Shutting down and abandoning module EditorInteractiveToolsFramework (724)
[2026.02.11-17.14.25:496][639]LogModuleManager: Shutting down and abandoning module TimeManagementEditor (722)
[2026.02.11-17.14.25:496][639]LogModuleManager: Shutting down and abandoning module InputBindingEditor (720)
[2026.02.11-17.14.25:496][639]LogModuleManager: Shutting down and abandoning module MergeActors (718)
[2026.02.11-17.14.25:496][639]LogModuleManager: Shutting down and abandoning module LocalizationDashboard (716)
[2026.02.11-17.14.25:496][639]LogModuleManager: Shutting down and abandoning module LocalizationService (715)
[2026.02.11-17.14.25:496][639]LogModuleManager: Shutting down and abandoning module HardwareTargeting (712)
[2026.02.11-17.14.25:496][639]LogModuleManager: Shutting down and abandoning module DeviceProfileEditor (710)
[2026.02.11-17.14.25:496][639]LogModuleManager: Shutting down and abandoning module UndoHistory (708)
[2026.02.11-17.14.25:496][639]LogModuleManager: Shutting down and abandoning module XmlParser (706)
[2026.02.11-17.14.25:496][639]LogModuleManager: Shutting down and abandoning module Blutility (704)
[2026.02.11-17.14.25:496][639]LogModuleManager: Shutting down and abandoning module ProjectSettingsViewer (702)
[2026.02.11-17.14.25:496][639]LogModuleManager: Shutting down and abandoning module ProjectTargetPlatformEditor (701)
[2026.02.11-17.14.25:496][639]LogModuleManager: Shutting down and abandoning module EditorSettingsViewer (698)
[2026.02.11-17.14.25:496][639]LogModuleManager: Shutting down and abandoning module InternationalizationSettings (697)
[2026.02.11-17.14.25:496][639]LogModuleManager: Shutting down and abandoning module SettingsEditor (694)
[2026.02.11-17.14.25:496][639]LogModuleManager: Shutting down and abandoning module ProjectLauncher (692)
[2026.02.11-17.14.25:496][639]LogModuleManager: Shutting down and abandoning module SessionFrontend (690)
[2026.02.11-17.14.25:496][639]LogModuleManager: Shutting down and abandoning module ProfilerClient (688)
[2026.02.11-17.14.25:496][639]LogModuleManager: Shutting down and abandoning module DeviceManager (686)
[2026.02.11-17.14.25:496][639]LogModuleManager: Shutting down and abandoning module TargetDeviceServices (685)
[2026.02.11-17.14.25:529][639]LogModuleManager: Shutting down and abandoning module AutomationController (682)
[2026.02.11-17.14.25:529][639]LogModuleManager: Shutting down and abandoning module AutomationWindow (680)
[2026.02.11-17.14.25:529][639]LogModuleManager: Shutting down and abandoning module Layers (678)
[2026.02.11-17.14.25:529][639]LogModuleManager: Shutting down and abandoning module ComponentVisualizers (676)
[2026.02.11-17.14.25:529][639]LogModuleManager: Shutting down and abandoning module DetailCustomizations (674)
[2026.02.11-17.14.25:529][639]LogModuleManager: Shutting down and abandoning module PackagesDialog (672)
[2026.02.11-17.14.25:529][639]LogModuleManager: Shutting down and abandoning module AnimationBlueprintEditor (670)
[2026.02.11-17.14.25:529][639]LogModuleManager: Shutting down and abandoning module Persona (668)
[2026.02.11-17.14.25:529][639]LogModuleManager: Shutting down and abandoning module AdvancedPreviewScene (667)
[2026.02.11-17.14.25:529][639]LogModuleManager: Shutting down and abandoning module AnimGraph (665)
[2026.02.11-17.14.25:529][639]LogModuleManager: Shutting down and abandoning module Kismet (662)
[2026.02.11-17.14.25:535][639]LogModuleManager: Shutting down and abandoning module KismetWidgets (661)
[2026.02.11-17.14.25:535][639]LogModuleManager: Shutting down and abandoning module GraphEditor (658)
[2026.02.11-17.14.25:536][639]LogModuleManager: Shutting down and abandoning module StructViewer (656)
[2026.02.11-17.14.25:536][639]LogModuleManager: Shutting down and abandoning module ClassViewer (654)
[2026.02.11-17.14.25:536][639]LogModuleManager: Shutting down and abandoning module Toolbox (652)
[2026.02.11-17.14.25:536][639]LogModuleManager: Shutting down and abandoning module ModuleUI (650)
[2026.02.11-17.14.25:536][639]LogModuleManager: Shutting down and abandoning module OutputLog (648)
[2026.02.11-17.14.25:537][639]LogModuleManager: Shutting down and abandoning module GammaUI (646)
[2026.02.11-17.14.25:537][639]LogModuleManager: Shutting down and abandoning module Documentation (644)
[2026.02.11-17.14.25:538][639]LogModuleManager: Shutting down and abandoning module LiveCoding (642)
[2026.02.11-17.14.25:538][639]LogModuleManager: Shutting down and abandoning module LevelSequence (640)
[2026.02.11-17.14.25:538][639]LogModuleManager: Shutting down and abandoning module MovieSceneTracks (638)
[2026.02.11-17.14.25:538][639]LogModuleManager: Shutting down and abandoning module MovieScene (636)
[2026.02.11-17.14.25:538][639]LogModuleManager: Shutting down and abandoning module StreamingPauseRendering (634)
[2026.02.11-17.14.25:538][639]LogModuleManager: Shutting down and abandoning module LauncherPlatform (632)
[2026.02.11-17.14.25:538][639]LogModuleManager: Shutting down and abandoning module AnalyticsET (630)
[2026.02.11-17.14.25:538][639]LogModuleManager: Shutting down and abandoning module PortalServices (628)
[2026.02.11-17.14.25:538][639]LogModuleManager: Shutting down and abandoning module PortalRpc (626)
[2026.02.11-17.14.25:538][639]LogModuleManager: Shutting down and abandoning module MessagingRpc (624)
[2026.02.11-17.14.25:538][639]LogModuleManager: Shutting down and abandoning module AudioMixerXAudio2 (622)
[2026.02.11-17.14.25:538][639]LogModuleManager: Shutting down and abandoning module AudioMixerCore (621)
[2026.02.11-17.14.25:538][639]LogModuleManager: Shutting down and abandoning module AIModule (618)
[2026.02.11-17.14.25:538][639]LogModuleManager: Shutting down and abandoning module GameplayDebugger (617)
[2026.02.11-17.14.25:538][639]LogModuleManager: Shutting down and abandoning module AITestSuite (615)
[2026.02.11-17.14.25:538][639]LogModuleManager: Shutting down and abandoning module NavigationSystem (613)
[2026.02.11-17.14.25:538][639]LogModuleManager: Shutting down and abandoning module ImageWriteQueue (610)
[2026.02.11-17.14.25:560][639]LogModuleManager: Shutting down and abandoning module ProfilerService (608)
[2026.02.11-17.14.25:775][639]LogModuleManager: Shutting down and abandoning module TaskGraph (606)
[2026.02.11-17.14.25:775][639]LogModuleManager: Shutting down and abandoning module AudioSynesthesiaEditor (604)
[2026.02.11-17.14.25:775][639]LogModuleManager: Shutting down and abandoning module OculusEditor (602)
[2026.02.11-17.14.25:775][639]LogModuleManager: Shutting down and abandoning module OculusInput (600)
[2026.02.11-17.14.25:775][639]LogModuleManager: Shutting down and abandoning module ContentBrowserFileDataSource (598)
[2026.02.11-17.14.25:775][639]LogModuleManager: Shutting down and abandoning module ContentBrowserClassDataSource (596)
[2026.02.11-17.14.25:775][639]LogModuleManager: Shutting down and abandoning module ContentBrowserAssetDataSource (594)
[2026.02.11-17.14.25:775][639]LogModuleManager: Shutting down and abandoning module CollectionManager (593)
[2026.02.11-17.14.25:777][639]LogModuleManager: Shutting down and abandoning module OpenImageDenoise (590)
[2026.02.11-17.14.25:777][639]LogOpenImageDenoise: OIDN shutting down
[2026.02.11-17.14.25:777][639]LogModuleManager: Shutting down and abandoning module MotoSynthEditor (588)
[2026.02.11-17.14.25:777][639]LogModuleManager: Shutting down and abandoning module MotoSynth (586)
[2026.02.11-17.14.25:777][639]LogModuleManager: Shutting down and abandoning module MeshConversion (584)
[2026.02.11-17.14.25:777][639]LogModuleManager: Shutting down and abandoning module DynamicMesh (582)
[2026.02.11-17.14.25:777][639]LogModuleManager: Shutting down and abandoning module GeometryAlgorithms (580)
[2026.02.11-17.14.25:777][639]LogModuleManager: Shutting down and abandoning module GeometricObjects (578)
[2026.02.11-17.14.25:777][639]LogModuleManager: Shutting down and abandoning module GeometryCacheTracks (576)
[2026.02.11-17.14.25:777][639]LogModuleManager: Shutting down and abandoning module GeometryCacheStreamer (574)
[2026.02.11-17.14.25:777][639]LogModuleManager: Shutting down and abandoning module GeometryCacheSequencer (572)
[2026.02.11-17.14.25:777][639]LogModuleManager: Shutting down and abandoning module GeometryCollectionTracks (570)
[2026.02.11-17.14.25:777][639]LogModuleManager: Shutting down and abandoning module GeometryCollectionSequencer (569)
[2026.02.11-17.14.25:777][639]LogModuleManager: Shutting down and abandoning module GeometryCollectionEditor (566)
[2026.02.11-17.14.25:777][639]LogModuleManager: Shutting down and abandoning module FractureEditor (564)
[2026.02.11-17.14.25:777][639]LogModuleManager: Shutting down and abandoning module ChaosSolverEditor (562)
[2026.02.11-17.14.25:777][639]LogModuleManager: Shutting down and abandoning module ChaosNiagara (560)
[2026.02.11-17.14.25:777][639]LogModuleManager: Shutting down and abandoning module ChaosClothEditor (558)
[2026.02.11-17.14.25:777][639]LogModuleManager: Shutting down and abandoning module BackChannel (556)
[2026.02.11-17.14.25:777][639]LogModuleManager: Shutting down and abandoning module AlembicImporter (554)
[2026.02.11-17.14.25:777][639]LogModuleManager: Shutting down and abandoning module AlembicLibrary (553)
[2026.02.11-17.14.25:777][639]LogModuleManager: Shutting down and abandoning module GeometryCache (552)
[2026.02.11-17.14.25:777][639]LogModuleManager: Shutting down and abandoning module GeometryCacheEd (551)
[2026.02.11-17.14.25:777][639]LogModuleManager: Shutting down and abandoning module AutomationUtilsEditor (546)
[2026.02.11-17.14.25:777][639]LogModuleManager: Shutting down and abandoning module AutomationUtils (544)
[2026.02.11-17.14.25:777][639]LogModuleManager: Shutting down and abandoning module ScreenshotTools (542)
[2026.02.11-17.14.25:777][639]LogModuleManager: Shutting down and abandoning module TakeSequencer (540)
[2026.02.11-17.14.25:777][639]LogModuleManager: Shutting down and abandoning module TakeMovieScene (538)
[2026.02.11-17.14.25:777][639]LogModuleManager: Shutting down and abandoning module SynthesisEditor (536)
[2026.02.11-17.14.25:777][639]LogModuleManager: Shutting down and abandoning module Synthesis (534)
[2026.02.11-17.14.25:777][639]LogModuleManager: Shutting down and abandoning module ProceduralMeshComponentEditor (532)
[2026.02.11-17.14.25:777][639]LogModuleManager: Shutting down and abandoning module ProceduralMeshComponent (530)
[2026.02.11-17.14.25:777][639]LogModuleManager: Shutting down and abandoning module CableComponent (528)
[2026.02.11-17.14.25:777][639]LogModuleManager: Shutting down and abandoning module OpenXREditor (526)
[2026.02.11-17.14.25:777][639]LogModuleManager: Shutting down and abandoning module MobilePatchingUtils (524)
[2026.02.11-17.14.25:777][639]LogModuleManager: Shutting down and abandoning module GooglePAD (522)
[2026.02.11-17.14.25:777][639]LogModuleManager: Shutting down and abandoning module EditableMesh (520)
[2026.02.11-17.14.25:777][639]LogModuleManager: Shutting down and abandoning module FieldSystemEngine (519)
[2026.02.11-17.14.25:777][639]LogModuleManager: Shutting down and abandoning module CustomMeshComponent (516)
[2026.02.11-17.14.25:777][639]LogModuleManager: Shutting down and abandoning module AudioCapture (514)
[2026.02.11-17.14.25:777][639]LogModuleManager: Shutting down and abandoning module AudioCaptureRtAudio (513)
[2026.02.11-17.14.25:778][639]LogModuleManager: Shutting down and abandoning module AssetTags (510)
[2026.02.11-17.14.25:778][639]LogModuleManager: Shutting down and abandoning module AppleImageUtilsBlueprintSupport (508)
[2026.02.11-17.14.25:778][639]LogModuleManager: Shutting down and abandoning module AppleImageUtils (506)
[2026.02.11-17.14.25:778][639]LogModuleManager: Shutting down and abandoning module ArchVisCharacter (504)
[2026.02.11-17.14.25:778][639]LogModuleManager: Shutting down and abandoning module AndroidPermission (502)
[2026.02.11-17.14.25:778][639]LogModuleManager: Shutting down and abandoning module ActorLayerUtilitiesEditor (500)
[2026.02.11-17.14.25:778][639]LogModuleManager: Shutting down and abandoning module ActorLayerUtilities (498)
[2026.02.11-17.14.25:778][639]LogModuleManager: Shutting down and abandoning module TemplateSequence (496)
[2026.02.11-17.14.25:778][639]LogModuleManager: Shutting down and abandoning module MediaCompositing (494)
[2026.02.11-17.14.25:778][639]LogModuleManager: Shutting down and abandoning module ImgMedia (492)
[2026.02.11-17.14.25:778][639]LogModuleManager: Shutting down and abandoning module MagicLeapHelperVulkan (490)
[2026.02.11-17.14.25:778][639]LogModuleManager: Shutting down and abandoning module MagicLeapHelperOpenGL (488)
[2026.02.11-17.14.25:778][639]LogModuleManager: Shutting down and abandoning module MagicLeapAudio (486)
[2026.02.11-17.14.25:778][639]LogModuleManager: Shutting down and abandoning module MagicLeapSharedWorld (484)
[2026.02.11-17.14.25:778][639]LogModuleManager: Shutting down and abandoning module MagicLeapLightEstimation (482)
[2026.02.11-17.14.25:778][639]LogModuleManager: Shutting down and abandoning module NiagaraEditorWidgets (480)
[2026.02.11-17.14.25:778][639]LogModuleManager: Shutting down and abandoning module VariantManagerContentEditor (478)
[2026.02.11-17.14.25:778][639]LogModuleManager: Shutting down and abandoning module CryptoKeysOpenSSL (476)
[2026.02.11-17.14.25:778][639]LogModuleManager: Shutting down and abandoning module CryptoKeys (474)
[2026.02.11-17.14.25:778][639]LogModuleManager: Shutting down and abandoning module DatasmithContentEditor (472)
[2026.02.11-17.14.25:778][639]LogModuleManager: Shutting down and abandoning module PluginBrowser (470)
[2026.02.11-17.14.25:778][639]LogModuleManager: Shutting down and abandoning module SpeedTreeImporter (468)
[2026.02.11-17.14.25:778][639]LogModuleManager: Shutting down and abandoning module MobileLauncherProfileWizard (466)
[2026.02.11-17.14.25:778][639]LogModuleManager: Shutting down and abandoning module MaterialAnalyzer (464)
[2026.02.11-17.14.25:778][639]LogModuleManager: Shutting down and abandoning module PluginUtils (462)
[2026.02.11-17.14.25:778][639]LogModuleManager: Shutting down and abandoning module VisualStudioCodeSourceCodeAccess (460)
[2026.02.11-17.14.25:778][639]LogModuleManager: Shutting down and abandoning module VisualStudioSourceCodeAccess (458)
[2026.02.11-17.14.25:778][639]LogModuleManager: Shutting down and abandoning module CurveEditorTools (456)
[2026.02.11-17.14.25:778][639]LogModuleManager: Shutting down and abandoning module UObjectPlugin (454)
[2026.02.11-17.14.25:778][639]LogModuleManager: Shutting down and abandoning module SubversionSourceControl (452)
[2026.02.11-17.14.25:778][639]LogModuleManager: Shutting down and abandoning module PerforceSourceControl (450)
[2026.02.11-17.14.25:778][639]LogModuleManager: Shutting down and abandoning module RiderSourceCodeAccess (448)
[2026.02.11-17.14.25:778][639]LogModuleManager: Shutting down and abandoning module PlasticSourceControl (446)
[2026.02.11-17.14.25:779][639]LogModuleManager: Shutting down and abandoning module GitSourceControl (444)
[2026.02.11-17.14.25:779][639]LogModuleManager: Shutting down and abandoning module SourceControl (443)
[2026.02.11-17.14.25:779][639]LogModuleManager: Shutting down and abandoning module CLionSourceCodeAccess (440)
[2026.02.11-17.14.25:779][639]LogModuleManager: Shutting down and abandoning module AnimationSharingEd (438)
[2026.02.11-17.14.25:779][639]LogModuleManager: Shutting down and abandoning module OodleNetworkHandlerComponent (436)
[2026.02.11-17.14.25:779][639]LogModuleManager: Shutting down and abandoning module LiveLinkSequencer (434)
[2026.02.11-17.14.25:779][639]LogModuleManager: Shutting down and abandoning module LiveLinkMovieScene (432)
[2026.02.11-17.14.25:779][639]LogModuleManager: Shutting down and abandoning module LiveLinkGraphNode (430)
[2026.02.11-17.14.25:779][639]LogModuleManager: Shutting down and abandoning module LiveLinkEditor (428)
[2026.02.11-17.14.25:779][639]LogModuleManager: Shutting down and abandoning module LiveLinkComponents (426)
[2026.02.11-17.14.25:779][639]LogModuleManager: Shutting down and abandoning module LiveLink (424)
[2026.02.11-17.14.26:574][639]LogModuleManager: Shutting down and abandoning module LightPropagationVolumeEditor (422)
[2026.02.11-17.14.26:574][639]LogModuleManager: Shutting down and abandoning module PaperTiledImporter (420)
[2026.02.11-17.14.26:574][639]LogModuleManager: Shutting down and abandoning module PaperSpriteSheetImporter (418)
[2026.02.11-17.14.26:574][639]LogModuleManager: Shutting down and abandoning module Paper2DEditor (416)
[2026.02.11-17.14.26:574][639]LogModuleManager: Shutting down and abandoning module MeshPaintingToolset (414)
[2026.02.11-17.14.26:574][639]LogModuleManager: Shutting down and abandoning module MeshPaintEditorMode (412)
[2026.02.11-17.14.26:574][639]LogModuleManager: Shutting down and abandoning module PythonScriptPlugin (410)
[2026.02.11-17.14.26:574][639]LogModuleManager: Shutting down and abandoning module SignificanceManager (408)
[2026.02.11-17.14.26:574][639]LogModuleManager: Shutting down and abandoning module SoundFields (406)
[2026.02.11-17.14.26:574][639]LogModuleManager: Shutting down and abandoning module PropertyAccessEditor (404)
[2026.02.11-17.14.26:574][639]LogModuleManager: Shutting down and abandoning module RuntimePhysXCooking (402)
[2026.02.11-17.14.26:574][639]LogModuleManager: Shutting down and abandoning module PhysXVehiclesEditor (400)
[2026.02.11-17.14.26:574][639]LogModuleManager: Shutting down and abandoning module LocationServicesBPLibrary (396)
[2026.02.11-17.14.26:574][639]LogModuleManager: Shutting down and abandoning module AudioSynesthesia (394)
[2026.02.11-17.14.26:574][639]LogModuleManager: Shutting down and abandoning module AudioSynesthesiaCore (392)
[2026.02.11-17.14.26:574][639]LogModuleManager: Shutting down and abandoning module ActorSequence (390)
[2026.02.11-17.14.26:574][639]LogModuleManager: Shutting down and abandoning module UdpMessaging (388)
[2026.02.11-17.14.26:676][639]LogModuleManager: Shutting down and abandoning module TcpMessaging (386)
[2026.02.11-17.14.26:778][639]LogModuleManager: Shutting down and abandoning module ImgMediaEngine (384)
[2026.02.11-17.14.26:778][639]LogModuleManager: Shutting down and abandoning module MagicLeapHandMeshing (382)
[2026.02.11-17.14.26:778][639]LogModuleManager: Shutting down and abandoning module MagicLeapSecureStorage (380)
[2026.02.11-17.14.26:778][639]LogModuleManager: Shutting down and abandoning module MagicLeapPrivileges (378)
[2026.02.11-17.14.26:778][639]LogModuleManager: Shutting down and abandoning module MagicLeapPlanes (376)
[2026.02.11-17.14.26:778][639]LogMagicLeapPlanes: Planes tracker already destroyed.
[2026.02.11-17.14.26:778][639]LogModuleManager: Shutting down and abandoning module MagicLeapImageTracker (374)
[2026.02.11-17.14.26:778][639]LogModuleManager: Shutting down and abandoning module MagicLeapIdentity (372)
[2026.02.11-17.14.26:778][639]LogModuleManager: Shutting down and abandoning module MagicLeapHandTracking (370)
[2026.02.11-17.14.26:778][639]LogModuleManager: Shutting down and abandoning module MagicLeapEyeTracker (368)
[2026.02.11-17.14.26:778][639]LogModuleManager: Shutting down and abandoning module MagicLeapController (366)
[2026.02.11-17.14.26:778][639]LogModuleManager: Shutting down and abandoning module MagicLeapARPinImpl (364)
[2026.02.11-17.14.26:778][639]LogModuleManager: Shutting down and abandoning module MagicLeapAR (362)
[2026.02.11-17.14.26:778][639]LogModuleManager: Shutting down and abandoning module MagicLeapARPin (360)
[2026.02.11-17.14.26:778][639]LogModuleManager: Shutting down and abandoning module NiagaraAnimNotifies (358)
[2026.02.11-17.14.26:778][639]LogModuleManager: Shutting down and abandoning module Niagara (356)
[2026.02.11-17.14.26:778][639]LogModuleManager: Shutting down and abandoning module SignalProcessing (355)
[2026.02.11-17.14.26:778][639]LogModuleManager: Shutting down and abandoning module NiagaraEditor (353)
[2026.02.11-17.14.26:778][639]LogModuleManager: Shutting down and abandoning module NiagaraCore (350)
[2026.02.11-17.14.26:778][639]LogModuleManager: Shutting down and abandoning module DataValidation (348)
[2026.02.11-17.14.26:778][639]LogModuleManager: Shutting down and abandoning module GameplayTagsEditor (346)
[2026.02.11-17.14.26:778][639]LogModuleManager: Shutting down and abandoning module FacialAnimationEditor (344)
[2026.02.11-17.14.26:778][639]LogModuleManager: Shutting down and abandoning module FacialAnimation (342)
[2026.02.11-17.14.26:778][639]LogModuleManager: Shutting down and abandoning module AssetManagerEditor (340)
[2026.02.11-17.14.26:778][639]LogModuleManager: Shutting down and abandoning module LevelEditor (339)
[2026.02.11-17.14.26:779][639]LogModuleManager: Shutting down and abandoning module PixelInspectorModule (338)
[2026.02.11-17.14.26:779][639]LogModuleManager: Shutting down and abandoning module CommonMenuExtensions (336)
[2026.02.11-17.14.26:779][639]LogModuleManager: Shutting down and abandoning module MainFrame (334)
[2026.02.11-17.14.26:779][639]LogModuleManager: Shutting down and abandoning module HotReload (333)
[2026.02.11-17.14.26:779][639]LogModuleManager: Shutting down and abandoning module ToolMenus (329)
[2026.02.11-17.14.26:779][639]LogModuleManager: Shutting down and abandoning module ContentBrowser (327)
[2026.02.11-17.14.26:779][639]LogModuleManager: Shutting down and abandoning module ContentBrowserData (326)
[2026.02.11-17.14.26:779][639]LogModuleManager: Shutting down and abandoning module TreeMap (323)
[2026.02.11-17.14.26:779][639]LogModuleManager: Shutting down and abandoning module PropertyAccessNode (320)
[2026.02.11-17.14.26:780][639]LogModuleManager: Shutting down and abandoning module AnimationSharing (318)
[2026.02.11-17.14.26:780][639]LogModuleManager: Shutting down and abandoning module GameplayCameras (316)
[2026.02.11-17.14.26:780][639]LogModuleManager: Shutting down and abandoning module LightPropagationVolumeRuntime (314)
[2026.02.11-17.14.26:780][639]LogModuleManager: Shutting down and abandoning module EnvironmentQueryEditor (312)
[2026.02.11-17.14.26:780][639]LogModuleManager: Shutting down and abandoning module Paper2D (310)
[2026.02.11-17.14.26:780][639]LogModuleManager: Shutting down and abandoning module WebMMoviePlayer (308)
[2026.02.11-17.14.26:780][639]LogModuleManager: Shutting down and abandoning module WindowsMoviePlayer (306)
[2026.02.11-17.14.26:781][639]LogModuleManager: Shutting down and abandoning module NetworkReplayStreaming (304)
[2026.02.11-17.14.26:781][639]LogModuleManager: Shutting down and abandoning module PacketHandler (302)
[2026.02.11-17.14.26:781][639]LogModuleManager: Shutting down and abandoning module ClothingSystemEditor (300)
[2026.02.11-17.14.26:781][639]LogModuleManager: Shutting down and abandoning module ClothingSystemRuntimeNv (298)
[2026.02.11-17.14.26:781][639]LogModuleManager: Shutting down and abandoning module MediaAssets (296)
[2026.02.11-17.14.26:781][639]LogModuleManager: Shutting down and abandoning module Overlay (294)
[2026.02.11-17.14.26:781][639]LogModuleManager: Shutting down and abandoning module OverlayEditor (293)
[2026.02.11-17.14.26:781][639]LogModuleManager: Shutting down and abandoning module VREditor (290)
[2026.02.11-17.14.26:781][639]LogModuleManager: Shutting down and abandoning module StringTableEditor (288)
[2026.02.11-17.14.26:781][639]LogModuleManager: Shutting down and abandoning module GameplayTasksEditor (286)
[2026.02.11-17.14.26:781][639]LogModuleManager: Shutting down and abandoning module BehaviorTreeEditor (284)
[2026.02.11-17.14.26:782][639]LogModuleManager: Shutting down and abandoning module FunctionalTesting (282)
[2026.02.11-17.14.26:782][639]LogModuleManager: Shutting down and abandoning module CollisionAnalyzer (280)
[2026.02.11-17.14.26:782][639]LogModuleManager: Shutting down and abandoning module WorkspaceMenuStructure (279)
[2026.02.11-17.14.26:782][639]LogModuleManager: Shutting down and abandoning module UMG (276)
[2026.02.11-17.14.26:782][639]LogModuleManager: Shutting down and abandoning module UMGEditor (275)
[2026.02.11-17.14.26:782][639]LogModuleManager: Shutting down and abandoning module MessageLog (273)
[2026.02.11-17.14.26:782][639]LogModuleManager: Shutting down and abandoning module SlateReflector (268)
[2026.02.11-17.14.26:782][639]LogModuleManager: Shutting down and abandoning module Slate (266)
[2026.02.11-17.14.26:782][639]LogModuleManager: Shutting down and abandoning module SlateCore (264)
[2026.02.11-17.14.26:782][639]LogModuleManager: Shutting down and abandoning module LandscapeEditorUtilities (262)
[2026.02.11-17.14.26:782][639]LogModuleManager: Shutting down and abandoning module UnrealEd (260)
[2026.02.11-17.14.26:782][639]LogModuleManager: Shutting down and abandoning module MRMesh (258)
[2026.02.11-17.14.26:782][639]LogModuleManager: Shutting down and abandoning module SourceCodeAccess (256)
[2026.02.11-17.14.26:782][639]LogModuleManager: Shutting down and abandoning module HeadMountedDisplay (254)
[2026.02.11-17.14.26:782][639]LogModuleManager: Shutting down and abandoning module XAudio2 (252)
[2026.02.11-17.14.26:782][639]LogModuleManager: Shutting down and abandoning module Networking (250)
[2026.02.11-17.14.26:782][639]LogModuleManager: Shutting down and abandoning module Core (248)
[2026.02.11-17.14.26:782][639]LogModuleManager: Shutting down and abandoning module MaterialEditor (246)
[2026.02.11-17.14.26:782][639]LogModuleManager: Shutting down and abandoning module MovieSceneTools (244)
[2026.02.11-17.14.26:782][639]LogModuleManager: Shutting down and abandoning module CurveEditor (243)
[2026.02.11-17.14.26:782][639]LogModuleManager: Shutting down and abandoning module Sequencer (241)
[2026.02.11-17.14.26:782][639]LogModuleManager: Shutting down and abandoning module EditorStyle (240)
[2026.02.11-17.14.26:783][639]LogModuleManager: Shutting down and abandoning module KismetCompiler (236)
[2026.02.11-17.14.26:783][639]LogModuleManager: Shutting down and abandoning module MeshBuilder (234)
[2026.02.11-17.14.26:783][639]LogModuleManager: Shutting down and abandoning module MeshUtilities (232)
[2026.02.11-17.14.26:783][639]LogModuleManager: Shutting down and abandoning module MeshMergeUtilities (231)
[2026.02.11-17.14.26:783][639]LogModuleManager: Shutting down and abandoning module MeshReductionInterface (230)
[2026.02.11-17.14.26:783][639]LogModuleManager: Shutting down and abandoning module MeshBoneReduction (229)
[2026.02.11-17.14.26:783][639]LogModuleManager: Shutting down and abandoning module SkeletalMeshReduction (227)
[2026.02.11-17.14.26:783][639]LogModuleManager: Shutting down and abandoning module ProxyLODMeshReduction (225)
[2026.02.11-17.14.26:783][639]LogModuleManager: Shutting down and abandoning module QuadricMeshReduction (223)
[2026.02.11-17.14.26:783][639]LogModuleManager: Shutting down and abandoning module MaterialBaking (219)
[2026.02.11-17.14.26:783][639]LogModuleManager: Shutting down and abandoning module NullInstallBundleManager (214)
[2026.02.11-17.14.26:783][639]LogModuleManager: Shutting down and abandoning module DerivedDataCache (212)
[2026.02.11-17.14.26:783][639]LogModuleManager: Shutting down and abandoning module TargetPlatform (210)
[2026.02.11-17.14.26:783][639]LogModuleManager: Shutting down and abandoning module VulkanShaderFormat (209)
[2026.02.11-17.14.26:784][639]LogModuleManager: Shutting down and abandoning module ShaderFormatVectorVM (207)
[2026.02.11-17.14.26:784][639]LogModuleManager: Shutting down and abandoning module ShaderFormatOpenGL (205)
[2026.02.11-17.14.26:784][639]LogModuleManager: Shutting down and abandoning module ShaderFormatD3D (203)
[2026.02.11-17.14.26:784][639]LogModuleManager: Shutting down and abandoning module MetalShaderFormat (201)
[2026.02.11-17.14.26:784][639]LogModuleManager: Shutting down and abandoning module TextureFormatOodle (199)
[2026.02.11-17.14.26:784][639]LogModuleManager: Shutting down and abandoning module TextureFormatUncompressed (197)
[2026.02.11-17.14.26:784][639]LogModuleManager: Shutting down and abandoning module TextureFormatPVR (195)
[2026.02.11-17.14.26:784][639]LogModuleManager: Shutting down and abandoning module TextureFormatETC2 (193)
[2026.02.11-17.14.26:784][639]LogModuleManager: Shutting down and abandoning module TextureFormatDXT (191)
[2026.02.11-17.14.26:784][639]LogModuleManager: Shutting down and abandoning module TextureFormatIntelISPCTexComp (189)
[2026.02.11-17.14.26:784][639]LogModuleManager: Shutting down and abandoning module TextureFormatASTC (187)
[2026.02.11-17.14.26:784][639]LogModuleManager: Shutting down and abandoning module ImageWrapper (186)
[2026.02.11-17.14.26:784][639]LogModuleManager: Shutting down and abandoning module AudioFormatOpus (183)
[2026.02.11-17.14.26:784][639]LogModuleManager: Shutting down and abandoning module AudioFormatOgg (181)
[2026.02.11-17.14.26:784][639]LogModuleManager: Shutting down and abandoning module AudioFormatADPCM (179)
[2026.02.11-17.14.26:784][639]LogModuleManager: Shutting down and abandoning module WindowsServerTargetPlatform (177)
[2026.02.11-17.14.26:784][639]LogModuleManager: Shutting down and abandoning module WindowsClientTargetPlatform (175)
[2026.02.11-17.14.26:784][639]LogModuleManager: Shutting down and abandoning module WindowsTargetPlatform (173)
[2026.02.11-17.14.26:784][639]LogModuleManager: Shutting down and abandoning module WindowsNoEditorTargetPlatform (171)
[2026.02.11-17.14.26:784][639]LogModuleManager: Shutting down and abandoning module TVOSTargetPlatform (169)
[2026.02.11-17.14.26:785][639]LogModuleManager: Shutting down and abandoning module MacServerTargetPlatform (167)
[2026.02.11-17.14.26:785][639]LogModuleManager: Shutting down and abandoning module MacClientTargetPlatform (165)
[2026.02.11-17.14.26:785][639]LogModuleManager: Shutting down and abandoning module MacTargetPlatform (163)
[2026.02.11-17.14.26:785][639]LogModuleManager: Shutting down and abandoning module MacNoEditorTargetPlatform (161)
[2026.02.11-17.14.26:785][639]LogModuleManager: Shutting down and abandoning module LuminTargetPlatform (159)
[2026.02.11-17.14.26:786][639]LogModuleManager: Shutting down and abandoning module LinuxAArch64ServerTargetPlatform (157)
[2026.02.11-17.14.26:786][639]LogModuleManager: Shutting down and abandoning module LinuxAArch64ClientTargetPlatform (155)
[2026.02.11-17.14.26:786][639]LogModuleManager: Shutting down and abandoning module LinuxAArch64NoEditorTargetPlatform (153)
[2026.02.11-17.14.26:786][639]LogModuleManager: Shutting down and abandoning module LinuxServerTargetPlatform (151)
[2026.02.11-17.14.26:786][639]LogModuleManager: Shutting down and abandoning module LinuxClientTargetPlatform (149)
[2026.02.11-17.14.26:786][639]LogModuleManager: Shutting down and abandoning module LinuxNoEditorTargetPlatform (147)
[2026.02.11-17.14.26:786][639]LogModuleManager: Shutting down and abandoning module LinuxTargetPlatform (145)
[2026.02.11-17.14.26:786][639]LogModuleManager: Shutting down and abandoning module Messaging (143)
[2026.02.11-17.14.26:786][639]LogModuleManager: Shutting down and abandoning module IOSTargetPlatform (141)
[2026.02.11-17.14.26:788][639]LogModuleManager: Shutting down and abandoning module AndroidTargetPlatform (139)
[2026.02.11-17.14.26:795][639]LogModuleManager: Shutting down and abandoning module AllDesktopTargetPlatform (137)
[2026.02.11-17.14.26:795][639]LogModuleManager: Shutting down and abandoning module D3D11RHI (134)
[2026.02.11-17.14.26:795][639]LogModuleManager: Shutting down and abandoning module InputCore (132)
[2026.02.11-17.14.26:795][639]LogModuleManager: Shutting down and abandoning module Settings (130)
[2026.02.11-17.14.26:795][639]LogModuleManager: Shutting down and abandoning module DirectoryWatcher (128)
[2026.02.11-17.14.26:795][639]LogModuleManager: Shutting down and abandoning module PhysXCooking (126)
[2026.02.11-17.14.26:795][639]LogModuleManager: Shutting down and abandoning module Chaos (124)
[2026.02.11-17.14.26:795][639]LogModuleManager: Shutting down and abandoning module WindowsPlatformFeatures (122)
[2026.02.11-17.14.26:795][639]LogModuleManager: Shutting down and abandoning module GameplayMediaEncoder (121)
[2026.02.11-17.14.26:795][639]LogModuleManager: Shutting down and abandoning module AVEncoder (120)
[2026.02.11-17.14.26:795][639]LogModuleManager: Shutting down and abandoning module OculusHMD (116)
[2026.02.11-17.14.26:795][639]LogModuleManager: Shutting down and abandoning module SteamVRInputDevice (114)
[2026.02.11-17.14.26:795][639]LogModuleManager: Shutting down and abandoning module SteamVRInput (112)
[2026.02.11-17.14.26:795][639]LogModuleManager: Shutting down and abandoning module SteamVR (110)
[2026.02.11-17.14.26:795][639]LogHMD: Freeing OpenVRDLLHandle.
[2026.02.11-17.14.26:795][639]LogModuleManager: Shutting down and abandoning module ChaosCloth (108)
[2026.02.11-17.14.26:795][639]LogModuleManager: Shutting down and abandoning module OpenXRHandTracking (106)
[2026.02.11-17.14.26:795][639]LogSlate: Slate User Destroyed.  User Index 0, Is Virtual User: 0
[2026.02.11-17.14.26:795][639]LogModuleManager: Shutting down and abandoning module OpenXRAR (104)
[2026.02.11-17.14.26:795][639]LogModuleManager: Shutting down and abandoning module AugmentedReality (103)
[2026.02.11-17.14.26:795][639]LogModuleManager: Shutting down and abandoning module OpenXRHMD (100)
[2026.02.11-17.14.26:795][639]LogModuleManager: Shutting down and abandoning module OpenXREyeTracker (98)
[2026.02.11-17.14.26:795][639]LogModuleManager: Shutting down and abandoning module ExampleDeviceProfileSelector (96)
[2026.02.11-17.14.26:795][639]LogModuleManager: Shutting down and abandoning module ChunkDownloader (94)
[2026.02.11-17.14.26:795][639]LogModuleManager: Shutting down and abandoning module LauncherChunkInstaller (92)
[2026.02.11-17.14.26:795][639]LogModuleManager: Shutting down and abandoning module OnlineBlueprintSupport (90)
[2026.02.11-17.14.26:795][639]LogModuleManager: Shutting down and abandoning module OnlineSubsystem (86)
[2026.02.11-17.14.26:797][639]LogModuleManager: Shutting down and abandoning module XMPP (81)
[2026.02.11-17.14.26:797][639]LogModuleManager: Shutting down and abandoning module WebSockets (80)
[2026.02.11-17.14.26:814][639]LogModuleManager: Shutting down and abandoning module HTTP (77)
[2026.02.11-17.14.26:814][639]LogHttp: Display: Http module shutting down, but needs to wait on 1 outstanding Http requests:
[2026.02.11-17.14.26:814][639]LogHttp: Display: 	verb=[POST] url=[https://datarouter.ol.epicgames.com/datarouter/api/v1/public/data?SessionID=%7BDAB8C626-4334-CB13-57AD-109179A94E66%7D&AppID=UEEditor.Rocket.Release&AppVersion=4.27.2-18319896%2B%2B%2BUE4%2BRelease-4.27&UserID=3eadeb334a09c138a68d60b593878835%7C8c0f7f1633984bb789070dad4917d369%7C97a2f4a2-b958-4fc7-b9dd-dc3998f53197&AppEnvironment=datacollector-binary&UploadType=eteventstream] refs=[1] status=Processing
[2026.02.11-17.14.26:814][639]LogHttp: Display: cleaning up 1 outstanding Http requests.
[2026.02.11-17.14.26:825][639]LogModuleManager: Shutting down and abandoning module SSL (76)
[2026.02.11-17.14.26:825][639]LogModuleManager: Shutting down and abandoning module WmfMedia (72)
[2026.02.11-17.14.26:826][639]LogModuleManager: Shutting down and abandoning module Media (71)
[2026.02.11-17.14.26:828][639]LogModuleManager: Shutting down and abandoning module MediaInfo (70)
[2026.02.11-17.14.26:828][639]LogModuleManager: Shutting down and abandoning module ExrReaderGpu (66)
[2026.02.11-17.14.26:828][639]LogModuleManager: Shutting down and abandoning module MLSDK (64)
[2026.02.11-17.14.26:828][639]LogModuleManager: Shutting down and abandoning module MagicLeap (62)
[2026.02.11-17.14.26:828][639]LogModuleManager: Shutting down and abandoning module NiagaraVertexFactories (60)
[2026.02.11-17.14.26:828][639]LogModuleManager: Shutting down and abandoning module NiagaraShader (58)
[2026.02.11-17.14.26:828][639]LogModuleManager: Shutting down and abandoning module VariantManagerContent (56)
[2026.02.11-17.14.26:828][639]LogModuleManager: Shutting down and abandoning module DatasmithContent (54)
[2026.02.11-17.14.26:828][639]LogModuleManager: Shutting down and abandoning module PixWinPlugin (52)
[2026.02.11-17.14.26:828][639]LogModuleManager: Shutting down and abandoning module AISupportModule (50)
[2026.02.11-17.14.26:828][639]LogModuleManager: Shutting down and abandoning module DesktopPlatform (48)
[2026.02.11-17.14.26:828][639]LogModuleManager: Shutting down and abandoning module PythonScriptPluginPreload (46)
[2026.02.11-17.14.26:828][639]LogModuleManager: Shutting down and abandoning module PlatformCryptoOpenSSL (44)
[2026.02.11-17.14.26:828][639]LogModuleManager: Shutting down and abandoning module PlatformCryptoTypes (42)
[2026.02.11-17.14.26:828][639]LogModuleManager: Shutting down and abandoning module PlatformCrypto (40)
[2026.02.11-17.14.26:828][639]LogModuleManager: Shutting down and abandoning module OodleDataCompressionFormat (38)
[2026.02.11-17.14.26:828][639]LogModuleManager: Shutting down and abandoning module XGEController (36)
[2026.02.11-17.14.26:828][639]LogModuleManager: Shutting down and abandoning module AnimationModifiers (34)
[2026.02.11-17.14.26:828][639]LogModuleManager: Shutting down and abandoning module AudioEditor (32)
[2026.02.11-17.14.26:828][639]LogModuleManager: Shutting down and abandoning module PropertyEditor (31)
[2026.02.11-17.14.26:828][639]LogModuleManager: Shutting down and abandoning module TextureCompressor (28)
[2026.02.11-17.14.26:828][639]LogModuleManager: Shutting down and abandoning module RenderCore (26)
[2026.02.11-17.14.26:828][639]LogModuleManager: Shutting down and abandoning module Landscape (24)
[2026.02.11-17.14.26:828][639]LogModuleManager: Shutting down and abandoning module SlateRHIRenderer (22)
[2026.02.11-17.14.26:829][639]LogModuleManager: Shutting down and abandoning module AnimGraphRuntime (20)
[2026.02.11-17.14.26:829][639]LogModuleManager: Shutting down and abandoning module Renderer (18)
[2026.02.11-17.14.26:829][639]LogModuleManager: Shutting down and abandoning module Engine (16)
[2026.02.11-17.14.26:829][639]LogModuleManager: Shutting down and abandoning module CoreUObject (14)
[2026.02.11-17.14.26:829][639]LogModuleManager: Shutting down and abandoning module NetworkFile (12)
[2026.02.11-17.14.26:829][639]LogModuleManager: Shutting down and abandoning module CookedIterativeFile (10)
[2026.02.11-17.14.26:829][639]LogModuleManager: Shutting down and abandoning module StreamingFile (8)
[2026.02.11-17.14.26:829][639]LogModuleManager: Shutting down and abandoning module SandboxFile (6)
[2026.02.11-17.14.26:829][639]LogModuleManager: Shutting down and abandoning module PakFile (4)
[2026.02.11-17.14.26:829][639]LogModuleManager: Shutting down and abandoning module RSA (3)
[2026.02.11-17.14.26:830][639]LogContentStreaming: Display: There are 1 unreleased StreamingManagers
[2026.02.11-17.14.26:880][639]LogD3D11RHI: Shutdown
[2026.02.11-17.14.26:880][639]LogD3D11RHI: CleanupD3DDevice
[2026.02.11-17.14.26:885][639]LogExit: Exiting.
[2026.02.11-17.14.26:897][639]Log file closed, 02/11/26 18:14:26
