Log file open, 10/08/25 12:05:28
LogWindows: Failed to load 'aqProf.dll' (GetLastError=126)
LogWindows: File 'aqProf.dll' does not exist
LogWindows: Failed to load 'VtuneApi.dll' (GetLastError=126)
LogWindows: File 'VtuneApi.dll' does not exist
LogWindows: Failed to load 'VtuneApi32e.dll' (GetLastError=126)
LogWindows: File 'VtuneApi32e.dll' does not exist
LogConsoleResponse: Display: Failed to find resolution value strings in scalability ini. Falling back to default.
LogConsoleResponse: Display: Failed to find resolution value strings in scalability ini. Falling back to default.
LogInit: Display: Running engine for game: TopDownAC
LogPlatformFile: Not using cached read wrapper
LogTaskGraph: Started task graph with 5 named threads and 23 total threads with 3 sets of task threads.
LogStats: Stats thread started at 0.282491
LogICUInternationalization: ICU TimeZone Detection - Raw Offset: +1:00, Platform Override: ''
LogInit: Display: Loading text-based GConfig....
LogPluginManager: Mounting plugin MeshPainting
LogPluginManager: Mounting plugin XGEController
LogPluginManager: Mounting plugin Paper2D
LogPluginManager: Mounting plugin AISupport
LogPluginManager: Mounting plugin LiveLink
LogPluginManager: Mounting plugin EnvironmentQueryEditor
LogPluginManager: Mounting plugin LightPropagationVolume
LogPluginManager: Mounting plugin CameraShakePreviewer
LogPluginManager: Mounting plugin GameplayCameras
LogPluginManager: Mounting plugin OodleNetwork
LogPluginManager: Mounting plugin AnimationSharing
LogPluginManager: Mounting plugin OodleData
LogPluginManager: Mounting plugin CodeLiteSourceCodeAccess
LogPluginManager: Mounting plugin CLionSourceCodeAccess
LogPluginManager: Mounting plugin GitSourceControl
LogPluginManager: Mounting plugin KDevelopSourceCodeAccess
LogPluginManager: Mounting plugin NullSourceCodeAccess
LogPluginManager: Mounting plugin PerforceSourceControl
LogPluginManager: Mounting plugin PlasticSourceControl
LogPluginManager: Mounting plugin PixWinPlugin
LogPluginManager: Mounting plugin PluginUtils
LogPluginManager: Mounting plugin PropertyAccessNode
LogPluginManager: Mounting plugin DatasmithContent
LogPluginManager: Mounting plugin SubversionSourceControl
LogPluginManager: Mounting plugin RiderSourceCodeAccess
LogPluginManager: Mounting plugin TextureFormatOodle
LogPluginManager: Mounting plugin UObjectPlugin
LogPluginManager: Mounting plugin VariantManagerContent
LogPluginManager: Mounting plugin AssetManagerEditor
LogPluginManager: Mounting plugin VisualStudioCodeSourceCodeAccess
LogPluginManager: Mounting plugin VisualStudioSourceCodeAccess
LogPluginManager: Mounting plugin CryptoKeys
LogPluginManager: Mounting plugin CurveEditorTools
LogPluginManager: Mounting plugin DataValidation
LogPluginManager: Mounting plugin XCodeSourceCodeAccess
LogPluginManager: Mounting plugin FacialAnimation
LogPluginManager: Mounting plugin GameplayTagsEditor
LogPluginManager: Mounting plugin GeometryMode
LogPluginManager: Mounting plugin MacGraphicsSwitching
LogPluginManager: Mounting plugin MaterialAnalyzer
LogPluginManager: Mounting plugin MobileLauncherProfileWizard
LogPluginManager: Mounting plugin PluginBrowser
LogPluginManager: Mounting plugin SpeedTreeImporter
LogPluginManager: Mounting plugin Niagara
LogPluginManager: Mounting plugin AlembicImporter
LogPluginManager: Mounting plugin AutomationUtils
LogPluginManager: Mounting plugin BackChannel
LogPluginManager: Mounting plugin ChaosCloth
LogPluginManager: Mounting plugin ChaosEditor
LogPluginManager: Mounting plugin ChaosClothEditor
LogPluginManager: Mounting plugin ChaosSolverPlugin
LogPluginManager: Mounting plugin ChaosNiagara
LogPluginManager: Mounting plugin CharacterAI
LogPluginManager: Mounting plugin GeometryCollectionPlugin
LogPluginManager: Mounting plugin GeometryCache
LogPluginManager: Mounting plugin GeometryProcessing
LogPluginManager: Mounting plugin MotoSynth
LogPluginManager: Mounting plugin OpenImageDenoise
LogPluginManager: Mounting plugin PlatformCrypto
LogPluginManager: Mounting plugin PlanarCut
LogPluginManager: Mounting plugin ProxyLODPlugin
LogPluginManager: Mounting plugin PythonScriptPlugin
LogPluginManager: Mounting plugin SkeletalReduction
LogPluginManager: Mounting plugin LuminPlatformFeatures
LogPluginManager: Mounting plugin MagicLeap
LogPluginManager: Mounting plugin MagicLeapMedia
LogPluginManager: Mounting plugin MagicLeapLightEstimation
LogPluginManager: Mounting plugin MagicLeapPassableWorld
LogPluginManager: Mounting plugin MLSDK
LogPluginManager: Mounting plugin AndroidMedia
LogPluginManager: Mounting plugin AvfMedia
LogPluginManager: Mounting plugin ImgMedia
LogPluginManager: Mounting plugin MediaCompositing
LogPluginManager: Mounting plugin MediaPlayerEditor
LogPluginManager: Mounting plugin TcpMessaging
LogPluginManager: Mounting plugin ActorSequence
LogPluginManager: Mounting plugin UdpMessaging
LogPluginManager: Mounting plugin WebMMedia
LogPluginManager: Mounting plugin LevelSequenceEditor
LogPluginManager: Mounting plugin MatineeToLevelSequence
LogPluginManager: Mounting plugin WmfMedia
LogPluginManager: Mounting plugin TemplateSequence
LogPluginManager: Mounting plugin LauncherChunkInstaller
LogPluginManager: Mounting plugin OnlineSubsystem
LogPluginManager: Mounting plugin OnlineSubsystemNull
LogPluginManager: Mounting plugin OnlineSubsystemUtils
LogPluginManager: Mounting plugin ActorLayerUtilities
LogPluginManager: Mounting plugin AndroidDeviceProfileSelector
LogPluginManager: Mounting plugin AndroidPermission
LogPluginManager: Mounting plugin AndroidMoviePlayer
LogPluginManager: Mounting plugin AppleMoviePlayer
LogPluginManager: Mounting plugin AppleImageUtils
LogPluginManager: Mounting plugin AssetTags
LogPluginManager: Mounting plugin ArchVisCharacter
LogPluginManager: Mounting plugin AudioCapture
LogPluginManager: Mounting plugin AudioSynesthesia
LogPluginManager: Mounting plugin ChunkDownloader
LogPluginManager: Mounting plugin CableComponent
LogPluginManager: Mounting plugin CustomMeshComponent
LogPluginManager: Mounting plugin EditableMesh
LogPluginManager: Mounting plugin ExampleDeviceProfileSelector
LogPluginManager: Mounting plugin GoogleCloudMessaging
LogPluginManager: Mounting plugin GooglePAD
LogPluginManager: Mounting plugin ScreenshotTools
LogPluginManager: Mounting plugin IOSDeviceProfileSelector
LogPluginManager: Mounting plugin LinuxDeviceProfileSelector
LogPluginManager: Mounting plugin LocationServicesBPLibrary
LogPluginManager: Mounting plugin MobilePatchingUtils
LogPluginManager: Mounting plugin OpenXR
LogPluginManager: Mounting plugin OpenXRHandTracking
LogPluginManager: Mounting plugin OpenXREyeTracker
LogPluginManager: Mounting plugin PhysXVehicles
LogPluginManager: Mounting plugin Takes
LogPluginManager: Mounting plugin PostSplashScreen
LogPluginManager: Mounting plugin ProceduralMeshComponent
LogPluginManager: Mounting plugin PropertyAccessEditor
LogPluginManager: Mounting plugin RuntimePhysXCooking
LogPluginManager: Mounting plugin SignificanceManager
LogPluginManager: Mounting plugin SoundFields
LogPluginManager: Mounting plugin Synthesis
LogPluginManager: Mounting plugin WebMMoviePlayer
LogPluginManager: Mounting plugin WindowsMoviePlayer
LogPluginManager: Mounting plugin ContentBrowserClassDataSource
LogPluginManager: Mounting plugin ContentBrowserAssetDataSource
LogPluginManager: Mounting plugin ContentBrowserFileDataSource
LogPluginManager: Mounting plugin OnlineSubsystemGooglePlay
LogPluginManager: Mounting plugin OnlineSubsystemIOS
LogPluginManager: Mounting plugin OculusVR
LogPluginManager: Mounting plugin SteamVR
PixWinPlugin: PIX capture plugin failed to initialize! Check that the process is launched from PIX.
LogInit: Using libcurl 7.55.1-DEV
LogInit:  - built for x86_64-pc-win32
LogInit:  - supports SSL with OpenSSL/1.1.1
LogInit:  - supports HTTP deflate (compression) using libz 1.2.8
LogInit:  - other features:
LogInit:      CURL_VERSION_SSL
LogInit:      CURL_VERSION_LIBZ
LogInit:      CURL_VERSION_IPV6
LogInit:      CURL_VERSION_ASYNCHDNS
LogInit:      CURL_VERSION_LARGEFILE
LogInit:      CURL_VERSION_IDN
LogInit:  CurlRequestOptions (configurable via config and command line):
LogInit:  - bVerifyPeer = true  - Libcurl will verify peer certificate
LogInit:  - bUseHttpProxy = false  - Libcurl will NOT use HTTP proxy
LogInit:  - bDontReuseConnections = false  - Libcurl will reuse connections
LogInit:  - MaxHostConnections = 16  - Libcurl will limit the number of connections to a host
LogInit:  - LocalHostAddr = Default
LogInit:  - BufferSize = 65536
LogOnline: OSS: Creating online subsystem instance for: NULL
LogInit: WinSock: version 1.1 (2.2), MaxSocks=32767, MaxUdp=65467
LogOnline: OSS: TryLoadSubsystemAndSetDefault: Loaded subsystem for module [NULL]
LogOculusPluginWrapper: OculusPlugin initialized successfully
LogHMD: Failed initializing OVRPlugin 1.59.0
LogInit: Build: ++UE4+Release-4.27-CL-18319896
LogInit: Engine Version: 4.27.2-18319896+++UE4+Release-4.27
LogInit: Compatible Engine Version: 4.27.0-17155196+++UE4+Release-4.27
LogInit: Net CL: 17155196
LogInit: OS: Windows 10 (Release 2009) (), CPU:           Intel(R) Xeon(R) CPU E31245 @ 3.30GHz, GPU: NVIDIA GeForce GTX 680M
LogInit: Compiled (64-bit): Nov 30 2021 07:12:08
LogInit: Compiled with Visual C++: 19.24.28315.00
LogInit: Build Configuration: Development
LogInit: Branch Name: ++UE4+Release-4.27
LogInit: Command Line: 
LogInit: Base Directory: C:/Program Files/Epic Games/UE_4.27/Engine/Binaries/Win64/
LogInit: Allocator: TBB
LogInit: Installed Engine Build: 1
LogDevObjectVersion: Number of dev versions registered: 29
LogDevObjectVersion:   Dev-Blueprints (B0D832E4-1F89-4F0D-ACCF-7EB736FD4AA2): 10
LogDevObjectVersion:   Dev-Build (E1C64328-A22C-4D53-A36C-8E866417BD8C): 0
LogDevObjectVersion:   Dev-Core (375EC13C-06E4-48FB-B500-84F0262A717E): 4
LogDevObjectVersion:   Dev-Editor (E4B068ED-F494-42E9-A231-DA0B2E46BB41): 40
LogDevObjectVersion:   Dev-Framework (CFFC743F-43B0-4480-9391-14DF171D2073): 37
LogDevObjectVersion:   Dev-Mobile (B02B49B5-BB20-44E9-A304-32B752E40360): 3
LogDevObjectVersion:   Dev-Networking (A4E4105C-59A1-49B5-A7C5-40C4547EDFEE): 0
LogDevObjectVersion:   Dev-Online (39C831C9-5AE6-47DC-9A44-9C173E1C8E7C): 0
LogDevObjectVersion:   Dev-Physics (78F01B33-EBEA-4F98-B9B4-84EACCB95AA2): 14
LogDevObjectVersion:   Dev-Platform (6631380F-2D4D-43E0-8009-CF276956A95A): 0
LogDevObjectVersion:   Dev-Rendering (12F88B9F-8875-4AFC-A67C-D90C383ABD29): 45
LogDevObjectVersion:   Dev-Sequencer (7B5AE74C-D270-4C10-A958-57980B212A5A): 13
LogDevObjectVersion:   Dev-VR (D7296918-1DD6-4BDD-9DE2-64A83CC13884): 3
LogDevObjectVersion:   Dev-LoadTimes (C2A15278-BFE7-4AFE-6C17-90FF531DF755): 1
LogDevObjectVersion:   Private-Geometry (6EACA3D4-40EC-4CC1-B786-8BED09428FC5): 3
LogDevObjectVersion:   Dev-AnimPhys (29E575DD-E0A3-4627-9D10-D276232CDCEA): 17
LogDevObjectVersion:   Dev-Anim (AF43A65D-7FD3-4947-9873-3E8ED9C1BB05): 15
LogDevObjectVersion:   Dev-ReflectionCapture (6B266CEC-1EC7-4B8F-A30B-E4D90942FC07): 1
LogDevObjectVersion:   Dev-Automation (0DF73D61-A23F-47EA-B727-89E90C41499A): 1
LogDevObjectVersion:   FortniteMain (601D1886-AC64-4F84-AA16-D3DE0DEAC7D6): 47
LogDevObjectVersion:   FortniteRelease (E7086368-6B23-4C58-8439-1B7016265E91): 1
LogDevObjectVersion:   Dev-Enterprise (9DFFBCD6-494F-0158-E221-12823C92A888): 10
LogDevObjectVersion:   Dev-Niagara (F2AED0AC-9AFE-416F-8664-AA7FFA26D6FC): 1
LogDevObjectVersion:   Dev-Destruction (174F1F0B-B4C6-45A5-B13F-2EE8D0FB917D): 10
LogDevObjectVersion:   Dev-Physics-Ext (35F94A83-E258-406C-A318-09F59610247C): 41
LogDevObjectVersion:   Dev-PhysicsMaterial-Chaos (B68FC16E-8B1B-42E2-B453-215C058844FE): 1
LogDevObjectVersion:   Dev-CineCamera (B2E18506-4273-CFC2-A54E-F4BB758BBA07): 1
LogDevObjectVersion:   Dev-VirtualProduction (64F58936-FD1B-42BA-BA96-7289D5D0FA4E): 1
LogDevObjectVersion:   Dev-MediaFramework (6F0ED827-A609-4895-9C91-998D90180EA4): 2
LogInit: Presizing for max 25165824 objects, including 0 objects not considered by GC, pre-allocating 0 bytes for permanent pool.
LogConfig: Applying CVar settings from Section [/Script/Engine.StreamingSettings] File [C:/Users/Student/Documents/GitHub/KZ_TopDownShooter/TopDownAC/Saved/Config/Windows/Engine.ini]
LogConfig: Setting CVar [[s.MinBulkDataSizeForAsyncLoading:131072]]
LogConfig: Setting CVar [[s.AsyncLoadingThreadEnabled:0]]
LogConfig: Setting CVar [[s.EventDrivenLoaderEnabled:1]]
LogConfig: Setting CVar [[s.WarnIfTimeLimitExceeded:0]]
LogConfig: Setting CVar [[s.TimeLimitExceededMultiplier:1.5]]
LogConfig: Setting CVar [[s.TimeLimitExceededMinTime:0.005]]
LogConfig: Setting CVar [[s.UseBackgroundLevelStreaming:1]]
LogConfig: Setting CVar [[s.PriorityAsyncLoadingExtraTime:15.0]]
LogConfig: Setting CVar [[s.LevelStreamingActorsUpdateTimeLimit:5.0]]
LogConfig: Setting CVar [[s.PriorityLevelStreamingActorsUpdateExtraTime:5.0]]
LogConfig: Setting CVar [[s.LevelStreamingComponentsRegistrationGranularity:10]]
LogConfig: Setting CVar [[s.UnregisterComponentsTimeLimit:1.0]]
LogConfig: Setting CVar [[s.LevelStreamingComponentsUnregistrationGranularity:5]]
LogConfig: Setting CVar [[s.FlushStreamingOnExit:1]]
LogInit: Object subsystem initialized
LogConfig: Setting CVar [[con.DebugEarlyDefault:1]]
LogConfig: Setting CVar [[r.setres:1280x720]]
[2025.10.08-10.05.29:131][  0]LogConfig: Setting CVar [[r.VSync:0]]
[2025.10.08-10.05.29:131][  0]LogConfig: Setting CVar [[r.RHICmdBypass:0]]
[2025.10.08-10.05.29:131][  0]LogConfig: Applying CVar settings from Section [/Script/Engine.RendererSettings] File [C:/Users/Student/Documents/GitHub/KZ_TopDownShooter/TopDownAC/Saved/Config/Windows/Engine.ini]
[2025.10.08-10.05.29:131][  0]LogConfig: Setting CVar [[r.GPUCrashDebugging:0]]
[2025.10.08-10.05.29:131][  0]LogConfig: Applying CVar settings from Section [/Script/Engine.RendererOverrideSettings] File [C:/Users/Student/Documents/GitHub/KZ_TopDownShooter/TopDownAC/Saved/Config/Windows/Engine.ini]
[2025.10.08-10.05.29:131][  0]LogConfig: Applying CVar settings from Section [/Script/Engine.StreamingSettings] File [C:/Users/Student/Documents/GitHub/KZ_TopDownShooter/TopDownAC/Saved/Config/Windows/Engine.ini]
[2025.10.08-10.05.29:131][  0]LogConfig: Setting CVar [[s.MinBulkDataSizeForAsyncLoading:131072]]
[2025.10.08-10.05.29:131][  0]LogConfig: Setting CVar [[s.AsyncLoadingThreadEnabled:0]]
[2025.10.08-10.05.29:131][  0]LogConfig: Setting CVar [[s.EventDrivenLoaderEnabled:1]]
[2025.10.08-10.05.29:131][  0]LogConfig: Setting CVar [[s.WarnIfTimeLimitExceeded:0]]
[2025.10.08-10.05.29:131][  0]LogConfig: Setting CVar [[s.TimeLimitExceededMultiplier:1.5]]
[2025.10.08-10.05.29:131][  0]LogConfig: Setting CVar [[s.TimeLimitExceededMinTime:0.005]]
[2025.10.08-10.05.29:131][  0]LogConfig: Setting CVar [[s.UseBackgroundLevelStreaming:1]]
[2025.10.08-10.05.29:131][  0]LogConfig: Setting CVar [[s.PriorityAsyncLoadingExtraTime:15.0]]
[2025.10.08-10.05.29:131][  0]LogConfig: Setting CVar [[s.LevelStreamingActorsUpdateTimeLimit:5.0]]
[2025.10.08-10.05.29:131][  0]LogConfig: Setting CVar [[s.PriorityLevelStreamingActorsUpdateExtraTime:5.0]]
[2025.10.08-10.05.29:131][  0]LogConfig: Setting CVar [[s.LevelStreamingComponentsRegistrationGranularity:10]]
[2025.10.08-10.05.29:131][  0]LogConfig: Setting CVar [[s.UnregisterComponentsTimeLimit:1.0]]
[2025.10.08-10.05.29:131][  0]LogConfig: Setting CVar [[s.LevelStreamingComponentsUnregistrationGranularity:5]]
[2025.10.08-10.05.29:131][  0]LogConfig: Setting CVar [[s.FlushStreamingOnExit:1]]
[2025.10.08-10.05.29:131][  0]LogConfig: Applying CVar settings from Section [/Script/Engine.GarbageCollectionSettings] File [C:/Users/Student/Documents/GitHub/KZ_TopDownShooter/TopDownAC/Saved/Config/Windows/Engine.ini]
[2025.10.08-10.05.29:131][  0]LogConfig: Setting CVar [[gc.MaxObjectsNotConsideredByGC:1]]
[2025.10.08-10.05.29:132][  0]LogConfig: Setting CVar [[gc.SizeOfPermanentObjectPool:0]]
[2025.10.08-10.05.29:132][  0]LogConfig: Setting CVar [[gc.FlushStreamingOnGC:0]]
[2025.10.08-10.05.29:132][  0]LogConfig: Setting CVar [[gc.NumRetriesBeforeForcingGC:10]]
[2025.10.08-10.05.29:132][  0]LogConfig: Setting CVar [[gc.AllowParallelGC:1]]
[2025.10.08-10.05.29:132][  0]LogConfig: Setting CVar [[gc.TimeBetweenPurgingPendingKillObjects:61.1]]
[2025.10.08-10.05.29:132][  0]LogConfig: Setting CVar [[gc.MaxObjectsInEditor:25165824]]
[2025.10.08-10.05.29:132][  0]LogConfig: Setting CVar [[gc.IncrementalBeginDestroyEnabled:1]]
[2025.10.08-10.05.29:132][  0]LogConfig: Setting CVar [[gc.CreateGCClusters:1]]
[2025.10.08-10.05.29:132][  0]LogConfig: Setting CVar [[gc.MinGCClusterSize:5]]
[2025.10.08-10.05.29:132][  0]LogConfig: Setting CVar [[gc.ActorClusteringEnabled:0]]
[2025.10.08-10.05.29:132][  0]LogConfig: Setting CVar [[gc.BlueprintClusteringEnabled:0]]
[2025.10.08-10.05.29:132][  0]LogConfig: Setting CVar [[gc.UseDisregardForGCOnDedicatedServers:0]]
[2025.10.08-10.05.29:132][  0]LogConfig: Setting CVar [[gc.MultithreadedDestructionEnabled:1]]
[2025.10.08-10.05.29:132][  0]LogConfig: Applying CVar settings from Section [/Script/Engine.NetworkSettings] File [C:/Users/Student/Documents/GitHub/KZ_TopDownShooter/TopDownAC/Saved/Config/Windows/Engine.ini]
[2025.10.08-10.05.29:132][  0]LogConfig: Applying CVar settings from Section [/Script/UnrealEd.CookerSettings] File [C:/Users/Student/Documents/GitHub/KZ_TopDownShooter/TopDownAC/Saved/Config/Windows/Engine.ini]
[2025.10.08-10.05.29:142][  0]LogConfig: Applying CVar settings from Section [ViewDistanceQuality@3] File [C:/Users/Student/Documents/GitHub/KZ_TopDownShooter/TopDownAC/Saved/Config/Windows/Scalability.ini]
[2025.10.08-10.05.29:142][  0]LogConfig: Setting CVar [[r.SkeletalMeshLODBias:0]]
[2025.10.08-10.05.29:142][  0]LogConfig: Setting CVar [[r.ViewDistanceScale:1.0]]
[2025.10.08-10.05.29:142][  0]LogConfig: Applying CVar settings from Section [AntiAliasingQuality@3] File [C:/Users/Student/Documents/GitHub/KZ_TopDownShooter/TopDownAC/Saved/Config/Windows/Scalability.ini]
[2025.10.08-10.05.29:142][  0]LogConfig: Setting CVar [[r.PostProcessAAQuality:4]]
[2025.10.08-10.05.29:142][  0]LogConfig: Applying CVar settings from Section [ShadowQuality@3] File [C:/Users/Student/Documents/GitHub/KZ_TopDownShooter/TopDownAC/Saved/Config/Windows/Scalability.ini]
[2025.10.08-10.05.29:142][  0]LogConfig: Setting CVar [[r.LightFunctionQuality:1]]
[2025.10.08-10.05.29:142][  0]LogConfig: Setting CVar [[r.ShadowQuality:5]]
[2025.10.08-10.05.29:142][  0]LogConfig: Setting CVar [[r.Shadow.CSM.MaxCascades:10]]
[2025.10.08-10.05.29:142][  0]LogConfig: Setting CVar [[r.Shadow.MaxResolution:2048]]
[2025.10.08-10.05.29:142][  0]LogConfig: Setting CVar [[r.Shadow.MaxCSMResolution:2048]]
[2025.10.08-10.05.29:142][  0]LogConfig: Setting CVar [[r.Shadow.RadiusThreshold:0.01]]
[2025.10.08-10.05.29:142][  0]LogConfig: Setting CVar [[r.Shadow.DistanceScale:1.0]]
[2025.10.08-10.05.29:142][  0]LogConfig: Setting CVar [[r.Shadow.CSM.TransitionScale:1.0]]
[2025.10.08-10.05.29:142][  0]LogConfig: Setting CVar [[r.Shadow.PreShadowResolutionFactor:1.0]]
[2025.10.08-10.05.29:142][  0]LogConfig: Setting CVar [[r.DistanceFieldShadowing:1]]
[2025.10.08-10.05.29:142][  0]LogConfig: Setting CVar [[r.DistanceFieldAO:1]]
[2025.10.08-10.05.29:142][  0]LogConfig: Setting CVar [[r.AOQuality:2]]
[2025.10.08-10.05.29:142][  0]LogConfig: Setting CVar [[r.VolumetricFog:1]]
[2025.10.08-10.05.29:142][  0]LogConfig: Setting CVar [[r.VolumetricFog.GridPixelSize:8]]
[2025.10.08-10.05.29:142][  0]LogConfig: Setting CVar [[r.VolumetricFog.GridSizeZ:128]]
[2025.10.08-10.05.29:142][  0]LogConfig: Setting CVar [[r.VolumetricFog.HistoryMissSupersampleCount:4]]
[2025.10.08-10.05.29:142][  0]LogConfig: Setting CVar [[r.LightMaxDrawDistanceScale:1]]
[2025.10.08-10.05.29:142][  0]LogConfig: Setting CVar [[r.CapsuleShadows:1]]
[2025.10.08-10.05.29:142][  0]LogConfig: Applying CVar settings from Section [PostProcessQuality@3] File [C:/Users/Student/Documents/GitHub/KZ_TopDownShooter/TopDownAC/Saved/Config/Windows/Scalability.ini]
[2025.10.08-10.05.29:142][  0]LogConfig: Setting CVar [[r.MotionBlurQuality:4]]
[2025.10.08-10.05.29:142][  0]LogConfig: Setting CVar [[r.AmbientOcclusionMipLevelFactor:0.4]]
[2025.10.08-10.05.29:142][  0]LogConfig: Setting CVar [[r.AmbientOcclusionMaxQuality:100]]
[2025.10.08-10.05.29:142][  0]LogConfig: Setting CVar [[r.AmbientOcclusionLevels:-1]]
[2025.10.08-10.05.29:142][  0]LogConfig: Setting CVar [[r.AmbientOcclusionRadiusScale:1.0]]
[2025.10.08-10.05.29:142][  0]LogConfig: Setting CVar [[r.DepthOfFieldQuality:2]]
[2025.10.08-10.05.29:142][  0]LogConfig: Setting CVar [[r.RenderTargetPoolMin:400]]
[2025.10.08-10.05.29:142][  0]LogConfig: Setting CVar [[r.LensFlareQuality:2]]
[2025.10.08-10.05.29:142][  0]LogConfig: Setting CVar [[r.SceneColorFringeQuality:1]]
[2025.10.08-10.05.29:142][  0]LogConfig: Setting CVar [[r.EyeAdaptationQuality:2]]
[2025.10.08-10.05.29:143][  0]LogConfig: Setting CVar [[r.BloomQuality:5]]
[2025.10.08-10.05.29:143][  0]LogConfig: Setting CVar [[r.FastBlurThreshold:100]]
[2025.10.08-10.05.29:143][  0]LogConfig: Setting CVar [[r.Upscale.Quality:3]]
[2025.10.08-10.05.29:143][  0]LogConfig: Setting CVar [[r.Tonemapper.GrainQuantization:1]]
[2025.10.08-10.05.29:143][  0]LogConfig: Setting CVar [[r.LightShaftQuality:1]]
[2025.10.08-10.05.29:143][  0]LogConfig: Setting CVar [[r.Filter.SizeScale:1]]
[2025.10.08-10.05.29:143][  0]LogConfig: Setting CVar [[r.Tonemapper.Quality:5]]
[2025.10.08-10.05.29:143][  0]LogConfig: Setting CVar [[r.DOF.Gather.AccumulatorQuality:1        ; higher gathering accumulator quality]]
[2025.10.08-10.05.29:143][  0]LogConfig: Setting CVar [[r.DOF.Gather.PostfilterMethod:1          ; Median3x3 postfilering method]]
[2025.10.08-10.05.29:143][  0]LogConfig: Setting CVar [[r.DOF.Gather.EnableBokehSettings:0       ; no bokeh simulation when gathering]]
[2025.10.08-10.05.29:143][  0]LogConfig: Setting CVar [[r.DOF.Gather.RingCount:4                 ; medium number of samples when gathering]]
[2025.10.08-10.05.29:143][  0]LogConfig: Setting CVar [[r.DOF.Scatter.ForegroundCompositing:1    ; additive foreground scattering]]
[2025.10.08-10.05.29:143][  0]LogConfig: Setting CVar [[r.DOF.Scatter.BackgroundCompositing:2    ; additive background scattering]]
[2025.10.08-10.05.29:143][  0]LogConfig: Setting CVar [[r.DOF.Scatter.EnableBokehSettings:1      ; bokeh simulation when scattering]]
[2025.10.08-10.05.29:143][  0]LogConfig: Setting CVar [[r.DOF.Scatter.MaxSpriteRatio:0.1         ; only a maximum of 10% of scattered bokeh]]
[2025.10.08-10.05.29:143][  0]LogConfig: Setting CVar [[r.DOF.Recombine.Quality:1                ; cheap slight out of focus]]
[2025.10.08-10.05.29:143][  0]LogConfig: Setting CVar [[r.DOF.Recombine.EnableBokehSettings:0    ; no bokeh simulation on slight out of focus]]
[2025.10.08-10.05.29:143][  0]LogConfig: Setting CVar [[r.DOF.TemporalAAQuality:1                ; more stable temporal accumulation]]
[2025.10.08-10.05.29:143][  0]LogConfig: Setting CVar [[r.DOF.Kernel.MaxForegroundRadius:0.025]]
[2025.10.08-10.05.29:143][  0]LogConfig: Setting CVar [[r.DOF.Kernel.MaxBackgroundRadius:0.025]]
[2025.10.08-10.05.29:143][  0]LogConfig: Applying CVar settings from Section [TextureQuality@3] File [C:/Users/Student/Documents/GitHub/KZ_TopDownShooter/TopDownAC/Saved/Config/Windows/Scalability.ini]
[2025.10.08-10.05.29:143][  0]LogConfig: Setting CVar [[r.Streaming.MipBias:0]]
[2025.10.08-10.05.29:143][  0]LogConfig: Setting CVar [[r.Streaming.AmortizeCPUToGPUCopy:0]]
[2025.10.08-10.05.29:143][  0]LogConfig: Setting CVar [[r.Streaming.MaxNumTexturesToStreamPerFrame:0]]
[2025.10.08-10.05.29:143][  0]LogConfig: Setting CVar [[r.Streaming.Boost:1]]
[2025.10.08-10.05.29:143][  0]LogConfig: Setting CVar [[r.MaxAnisotropy:8]]
[2025.10.08-10.05.29:143][  0]LogConfig: Setting CVar [[r.VT.MaxAnisotropy:8]]
[2025.10.08-10.05.29:143][  0]LogConfig: Setting CVar [[r.Streaming.LimitPoolSizeToVRAM:0]]
[2025.10.08-10.05.29:143][  0]LogConfig: Setting CVar [[r.Streaming.PoolSize:1000]]
[2025.10.08-10.05.29:143][  0]LogConfig: Setting CVar [[r.Streaming.MaxEffectiveScreenSize:0]]
[2025.10.08-10.05.29:143][  0]LogConfig: Applying CVar settings from Section [EffectsQuality@3] File [C:/Users/Student/Documents/GitHub/KZ_TopDownShooter/TopDownAC/Saved/Config/Windows/Scalability.ini]
[2025.10.08-10.05.29:143][  0]LogConfig: Setting CVar [[r.TranslucencyLightingVolumeDim:64]]
[2025.10.08-10.05.29:143][  0]LogConfig: Setting CVar [[r.RefractionQuality:2]]
[2025.10.08-10.05.29:143][  0]LogConfig: Setting CVar [[r.SSR.Quality:3]]
[2025.10.08-10.05.29:143][  0]LogConfig: Setting CVar [[r.SSR.HalfResSceneColor:0]]
[2025.10.08-10.05.29:143][  0]LogConfig: Setting CVar [[r.SceneColorFormat:4]]
[2025.10.08-10.05.29:143][  0]LogConfig: Setting CVar [[r.DetailMode:2]]
[2025.10.08-10.05.29:143][  0]LogConfig: Setting CVar [[r.TranslucencyVolumeBlur:1]]
[2025.10.08-10.05.29:143][  0]LogConfig: Setting CVar [[r.MaterialQualityLevel:1 ; High quality]]
[2025.10.08-10.05.29:143][  0]LogConfig: Setting CVar [[r.AnisotropicMaterials:1]]
[2025.10.08-10.05.29:143][  0]LogConfig: Setting CVar [[r.SSS.Scale:1]]
[2025.10.08-10.05.29:143][  0]LogConfig: Setting CVar [[r.SSS.SampleSet:2]]
[2025.10.08-10.05.29:143][  0]LogConfig: Setting CVar [[r.SSS.Quality:1]]
[2025.10.08-10.05.29:143][  0]LogConfig: Setting CVar [[r.SSS.HalfRes:0]]
[2025.10.08-10.05.29:143][  0]LogConfig: Setting CVar [[r.SSGI.Quality:3]]
[2025.10.08-10.05.29:143][  0]LogConfig: Setting CVar [[r.EmitterSpawnRateScale:1.0]]
[2025.10.08-10.05.29:143][  0]LogConfig: Setting CVar [[r.ParticleLightQuality:2]]
[2025.10.08-10.05.29:143][  0]LogConfig: Setting CVar [[r.SkyAtmosphere.AerialPerspectiveLUT.FastApplyOnOpaque:1 ; Always have FastSkyLUT 1 in this case to avoid wrong sky]]
[2025.10.08-10.05.29:143][  0]LogConfig: Setting CVar [[r.SkyAtmosphere.AerialPerspectiveLUT.SampleCountMaxPerSlice:4]]
[2025.10.08-10.05.29:143][  0]LogConfig: Setting CVar [[r.SkyAtmosphere.AerialPerspectiveLUT.DepthResolution:16.0]]
[2025.10.08-10.05.29:143][  0]LogConfig: Setting CVar [[r.SkyAtmosphere.FastSkyLUT:1]]
[2025.10.08-10.05.29:143][  0]LogConfig: Setting CVar [[r.SkyAtmosphere.FastSkyLUT.SampleCountMin:4.0]]
[2025.10.08-10.05.29:143][  0]LogConfig: Setting CVar [[r.SkyAtmosphere.FastSkyLUT.SampleCountMax:128.0]]
[2025.10.08-10.05.29:143][  0]LogConfig: Setting CVar [[r.SkyAtmosphere.SampleCountMin:4.0]]
[2025.10.08-10.05.29:143][  0]LogConfig: Setting CVar [[r.SkyAtmosphere.SampleCountMax:128.0]]
[2025.10.08-10.05.29:143][  0]LogConfig: Setting CVar [[r.SkyAtmosphere.TransmittanceLUT.UseSmallFormat:0]]
[2025.10.08-10.05.29:143][  0]LogConfig: Setting CVar [[r.SkyAtmosphere.TransmittanceLUT.SampleCount:10.0]]
[2025.10.08-10.05.29:143][  0]LogConfig: Setting CVar [[r.SkyAtmosphere.MultiScatteringLUT.SampleCount:15.0]]
[2025.10.08-10.05.29:143][  0]LogConfig: Setting CVar [[r.SkyLight.RealTimeReflectionCapture:1]]
[2025.10.08-10.05.29:143][  0]LogConfig: Applying CVar settings from Section [FoliageQuality@3] File [C:/Users/Student/Documents/GitHub/KZ_TopDownShooter/TopDownAC/Saved/Config/Windows/Scalability.ini]
[2025.10.08-10.05.29:144][  0]LogConfig: Setting CVar [[foliage.DensityScale:1.0]]
[2025.10.08-10.05.29:144][  0]LogConfig: Setting CVar [[grass.DensityScale:1.0]]
[2025.10.08-10.05.29:144][  0]LogConfig: Applying CVar settings from Section [ShadingQuality@3] File [C:/Users/Student/Documents/GitHub/KZ_TopDownShooter/TopDownAC/Saved/Config/Windows/Scalability.ini]
[2025.10.08-10.05.29:144][  0]LogConfig: Setting CVar [[r.HairStrands.SkyLighting.IntegrationType:2]]
[2025.10.08-10.05.29:144][  0]LogConfig: Setting CVar [[r.HairStrands.SkyAO.SampleCount:4]]
[2025.10.08-10.05.29:144][  0]LogConfig: Setting CVar [[r.HairStrands.Visibility.MSAA.SamplePerPixel:4]]
[2025.10.08-10.05.29:144][  0]LogInit: Selected Device Profile: [Windows]
[2025.10.08-10.05.29:144][  0]LogInit: Applying CVar settings loaded from the selected device profile: [Windows]
[2025.10.08-10.05.29:144][  0]LogHAL: Display: Platform has ~ 16 GB [17100144640 / 17179869184 / 16], which maps to Larger [LargestMinGB=32, LargerMinGB=12, DefaultMinGB=8, SmallerMinGB=6, SmallestMinGB=0)
[2025.10.08-10.05.29:144][  0]LogInit: Going up to parent DeviceProfile []
[2025.10.08-10.05.29:144][  0]LogConfig: Applying CVar settings from Section [ViewDistanceQuality@3] File [C:/Users/Student/Documents/GitHub/KZ_TopDownShooter/TopDownAC/Saved/Config/Windows/Scalability.ini]
[2025.10.08-10.05.29:144][  0]LogConfig: Setting CVar [[r.SkeletalMeshLODBias:0]]
[2025.10.08-10.05.29:144][  0]LogConfig: Setting CVar [[r.ViewDistanceScale:1.0]]
[2025.10.08-10.05.29:144][  0]LogConfig: Applying CVar settings from Section [AntiAliasingQuality@3] File [C:/Users/Student/Documents/GitHub/KZ_TopDownShooter/TopDownAC/Saved/Config/Windows/Scalability.ini]
[2025.10.08-10.05.29:144][  0]LogConfig: Setting CVar [[r.PostProcessAAQuality:4]]
[2025.10.08-10.05.29:144][  0]LogConfig: Applying CVar settings from Section [ShadowQuality@3] File [C:/Users/Student/Documents/GitHub/KZ_TopDownShooter/TopDownAC/Saved/Config/Windows/Scalability.ini]
[2025.10.08-10.05.29:144][  0]LogConfig: Setting CVar [[r.LightFunctionQuality:1]]
[2025.10.08-10.05.29:144][  0]LogConfig: Setting CVar [[r.ShadowQuality:5]]
[2025.10.08-10.05.29:144][  0]LogConfig: Setting CVar [[r.Shadow.CSM.MaxCascades:10]]
[2025.10.08-10.05.29:144][  0]LogConfig: Setting CVar [[r.Shadow.MaxResolution:2048]]
[2025.10.08-10.05.29:144][  0]LogConfig: Setting CVar [[r.Shadow.MaxCSMResolution:2048]]
[2025.10.08-10.05.29:144][  0]LogConfig: Setting CVar [[r.Shadow.RadiusThreshold:0.01]]
[2025.10.08-10.05.29:144][  0]LogConfig: Setting CVar [[r.Shadow.DistanceScale:1.0]]
[2025.10.08-10.05.29:144][  0]LogConfig: Setting CVar [[r.Shadow.CSM.TransitionScale:1.0]]
[2025.10.08-10.05.29:144][  0]LogConfig: Setting CVar [[r.Shadow.PreShadowResolutionFactor:1.0]]
[2025.10.08-10.05.29:144][  0]LogConfig: Setting CVar [[r.DistanceFieldShadowing:1]]
[2025.10.08-10.05.29:144][  0]LogConfig: Setting CVar [[r.DistanceFieldAO:1]]
[2025.10.08-10.05.29:144][  0]LogConfig: Setting CVar [[r.AOQuality:2]]
[2025.10.08-10.05.29:144][  0]LogConfig: Setting CVar [[r.VolumetricFog:1]]
[2025.10.08-10.05.29:144][  0]LogConfig: Setting CVar [[r.VolumetricFog.GridPixelSize:8]]
[2025.10.08-10.05.29:144][  0]LogConfig: Setting CVar [[r.VolumetricFog.GridSizeZ:128]]
[2025.10.08-10.05.29:144][  0]LogConfig: Setting CVar [[r.VolumetricFog.HistoryMissSupersampleCount:4]]
[2025.10.08-10.05.29:144][  0]LogConfig: Setting CVar [[r.LightMaxDrawDistanceScale:1]]
[2025.10.08-10.05.29:144][  0]LogConfig: Setting CVar [[r.CapsuleShadows:1]]
[2025.10.08-10.05.29:144][  0]LogConfig: Applying CVar settings from Section [PostProcessQuality@3] File [C:/Users/Student/Documents/GitHub/KZ_TopDownShooter/TopDownAC/Saved/Config/Windows/Scalability.ini]
[2025.10.08-10.05.29:144][  0]LogConfig: Setting CVar [[r.MotionBlurQuality:4]]
[2025.10.08-10.05.29:144][  0]LogConfig: Setting CVar [[r.AmbientOcclusionMipLevelFactor:0.4]]
[2025.10.08-10.05.29:144][  0]LogConfig: Setting CVar [[r.AmbientOcclusionMaxQuality:100]]
[2025.10.08-10.05.29:144][  0]LogConfig: Setting CVar [[r.AmbientOcclusionLevels:-1]]
[2025.10.08-10.05.29:144][  0]LogConfig: Setting CVar [[r.AmbientOcclusionRadiusScale:1.0]]
[2025.10.08-10.05.29:144][  0]LogConfig: Setting CVar [[r.DepthOfFieldQuality:2]]
[2025.10.08-10.05.29:144][  0]LogConfig: Setting CVar [[r.RenderTargetPoolMin:400]]
[2025.10.08-10.05.29:144][  0]LogConfig: Setting CVar [[r.LensFlareQuality:2]]
[2025.10.08-10.05.29:144][  0]LogConfig: Setting CVar [[r.SceneColorFringeQuality:1]]
[2025.10.08-10.05.29:144][  0]LogConfig: Setting CVar [[r.EyeAdaptationQuality:2]]
[2025.10.08-10.05.29:144][  0]LogConfig: Setting CVar [[r.BloomQuality:5]]
[2025.10.08-10.05.29:144][  0]LogConfig: Setting CVar [[r.FastBlurThreshold:100]]
[2025.10.08-10.05.29:144][  0]LogConfig: Setting CVar [[r.Upscale.Quality:3]]
[2025.10.08-10.05.29:144][  0]LogConfig: Setting CVar [[r.Tonemapper.GrainQuantization:1]]
[2025.10.08-10.05.29:144][  0]LogConfig: Setting CVar [[r.LightShaftQuality:1]]
[2025.10.08-10.05.29:144][  0]LogConfig: Setting CVar [[r.Filter.SizeScale:1]]
[2025.10.08-10.05.29:144][  0]LogConfig: Setting CVar [[r.Tonemapper.Quality:5]]
[2025.10.08-10.05.29:144][  0]LogConfig: Setting CVar [[r.DOF.Gather.AccumulatorQuality:1        ; higher gathering accumulator quality]]
[2025.10.08-10.05.29:144][  0]LogConfig: Setting CVar [[r.DOF.Gather.PostfilterMethod:1          ; Median3x3 postfilering method]]
[2025.10.08-10.05.29:145][  0]LogConfig: Setting CVar [[r.DOF.Gather.EnableBokehSettings:0       ; no bokeh simulation when gathering]]
[2025.10.08-10.05.29:145][  0]LogConfig: Setting CVar [[r.DOF.Gather.RingCount:4                 ; medium number of samples when gathering]]
[2025.10.08-10.05.29:145][  0]LogConfig: Setting CVar [[r.DOF.Scatter.ForegroundCompositing:1    ; additive foreground scattering]]
[2025.10.08-10.05.29:145][  0]LogConfig: Setting CVar [[r.DOF.Scatter.BackgroundCompositing:2    ; additive background scattering]]
[2025.10.08-10.05.29:145][  0]LogConfig: Setting CVar [[r.DOF.Scatter.EnableBokehSettings:1      ; bokeh simulation when scattering]]
[2025.10.08-10.05.29:145][  0]LogConfig: Setting CVar [[r.DOF.Scatter.MaxSpriteRatio:0.1         ; only a maximum of 10% of scattered bokeh]]
[2025.10.08-10.05.29:145][  0]LogConfig: Setting CVar [[r.DOF.Recombine.Quality:1                ; cheap slight out of focus]]
[2025.10.08-10.05.29:145][  0]LogConfig: Setting CVar [[r.DOF.Recombine.EnableBokehSettings:0    ; no bokeh simulation on slight out of focus]]
[2025.10.08-10.05.29:145][  0]LogConfig: Setting CVar [[r.DOF.TemporalAAQuality:1                ; more stable temporal accumulation]]
[2025.10.08-10.05.29:145][  0]LogConfig: Setting CVar [[r.DOF.Kernel.MaxForegroundRadius:0.025]]
[2025.10.08-10.05.29:145][  0]LogConfig: Setting CVar [[r.DOF.Kernel.MaxBackgroundRadius:0.025]]
[2025.10.08-10.05.29:145][  0]LogConfig: Applying CVar settings from Section [TextureQuality@3] File [C:/Users/Student/Documents/GitHub/KZ_TopDownShooter/TopDownAC/Saved/Config/Windows/Scalability.ini]
[2025.10.08-10.05.29:145][  0]LogConfig: Setting CVar [[r.Streaming.MipBias:0]]
[2025.10.08-10.05.29:145][  0]LogConfig: Setting CVar [[r.Streaming.AmortizeCPUToGPUCopy:0]]
[2025.10.08-10.05.29:145][  0]LogConfig: Setting CVar [[r.Streaming.MaxNumTexturesToStreamPerFrame:0]]
[2025.10.08-10.05.29:145][  0]LogConfig: Setting CVar [[r.Streaming.Boost:1]]
[2025.10.08-10.05.29:145][  0]LogConfig: Setting CVar [[r.MaxAnisotropy:8]]
[2025.10.08-10.05.29:145][  0]LogConfig: Setting CVar [[r.VT.MaxAnisotropy:8]]
[2025.10.08-10.05.29:145][  0]LogConfig: Setting CVar [[r.Streaming.LimitPoolSizeToVRAM:0]]
[2025.10.08-10.05.29:145][  0]LogConfig: Setting CVar [[r.Streaming.PoolSize:1000]]
[2025.10.08-10.05.29:145][  0]LogConfig: Setting CVar [[r.Streaming.MaxEffectiveScreenSize:0]]
[2025.10.08-10.05.29:145][  0]LogConfig: Applying CVar settings from Section [EffectsQuality@3] File [C:/Users/Student/Documents/GitHub/KZ_TopDownShooter/TopDownAC/Saved/Config/Windows/Scalability.ini]
[2025.10.08-10.05.29:145][  0]LogConfig: Setting CVar [[r.TranslucencyLightingVolumeDim:64]]
[2025.10.08-10.05.29:145][  0]LogConfig: Setting CVar [[r.RefractionQuality:2]]
[2025.10.08-10.05.29:145][  0]LogConfig: Setting CVar [[r.SSR.Quality:3]]
[2025.10.08-10.05.29:145][  0]LogConfig: Setting CVar [[r.SSR.HalfResSceneColor:0]]
[2025.10.08-10.05.29:145][  0]LogConfig: Setting CVar [[r.SceneColorFormat:4]]
[2025.10.08-10.05.29:145][  0]LogConfig: Setting CVar [[r.DetailMode:2]]
[2025.10.08-10.05.29:145][  0]LogConfig: Setting CVar [[r.TranslucencyVolumeBlur:1]]
[2025.10.08-10.05.29:145][  0]LogConfig: Setting CVar [[r.MaterialQualityLevel:1 ; High quality]]
[2025.10.08-10.05.29:145][  0]LogConfig: Setting CVar [[r.AnisotropicMaterials:1]]
[2025.10.08-10.05.29:145][  0]LogConfig: Setting CVar [[r.SSS.Scale:1]]
[2025.10.08-10.05.29:145][  0]LogConfig: Setting CVar [[r.SSS.SampleSet:2]]
[2025.10.08-10.05.29:145][  0]LogConfig: Setting CVar [[r.SSS.Quality:1]]
[2025.10.08-10.05.29:145][  0]LogConfig: Setting CVar [[r.SSS.HalfRes:0]]
[2025.10.08-10.05.29:145][  0]LogConfig: Setting CVar [[r.SSGI.Quality:3]]
[2025.10.08-10.05.29:145][  0]LogConfig: Setting CVar [[r.EmitterSpawnRateScale:1.0]]
[2025.10.08-10.05.29:145][  0]LogConfig: Setting CVar [[r.ParticleLightQuality:2]]
[2025.10.08-10.05.29:145][  0]LogConfig: Setting CVar [[r.SkyAtmosphere.AerialPerspectiveLUT.FastApplyOnOpaque:1 ; Always have FastSkyLUT 1 in this case to avoid wrong sky]]
[2025.10.08-10.05.29:145][  0]LogConfig: Setting CVar [[r.SkyAtmosphere.AerialPerspectiveLUT.SampleCountMaxPerSlice:4]]
[2025.10.08-10.05.29:145][  0]LogConfig: Setting CVar [[r.SkyAtmosphere.AerialPerspectiveLUT.DepthResolution:16.0]]
[2025.10.08-10.05.29:145][  0]LogConfig: Setting CVar [[r.SkyAtmosphere.FastSkyLUT:1]]
[2025.10.08-10.05.29:145][  0]LogConfig: Setting CVar [[r.SkyAtmosphere.FastSkyLUT.SampleCountMin:4.0]]
[2025.10.08-10.05.29:145][  0]LogConfig: Setting CVar [[r.SkyAtmosphere.FastSkyLUT.SampleCountMax:128.0]]
[2025.10.08-10.05.29:145][  0]LogConfig: Setting CVar [[r.SkyAtmosphere.SampleCountMin:4.0]]
[2025.10.08-10.05.29:145][  0]LogConfig: Setting CVar [[r.SkyAtmosphere.SampleCountMax:128.0]]
[2025.10.08-10.05.29:145][  0]LogConfig: Setting CVar [[r.SkyAtmosphere.TransmittanceLUT.UseSmallFormat:0]]
[2025.10.08-10.05.29:145][  0]LogConfig: Setting CVar [[r.SkyAtmosphere.TransmittanceLUT.SampleCount:10.0]]
[2025.10.08-10.05.29:145][  0]LogConfig: Setting CVar [[r.SkyAtmosphere.MultiScatteringLUT.SampleCount:15.0]]
[2025.10.08-10.05.29:145][  0]LogConfig: Setting CVar [[r.SkyLight.RealTimeReflectionCapture:1]]
[2025.10.08-10.05.29:145][  0]LogConfig: Applying CVar settings from Section [FoliageQuality@3] File [C:/Users/Student/Documents/GitHub/KZ_TopDownShooter/TopDownAC/Saved/Config/Windows/Scalability.ini]
[2025.10.08-10.05.29:145][  0]LogConfig: Setting CVar [[foliage.DensityScale:1.0]]
[2025.10.08-10.05.29:145][  0]LogConfig: Setting CVar [[grass.DensityScale:1.0]]
[2025.10.08-10.05.29:145][  0]LogConfig: Applying CVar settings from Section [ShadingQuality@3] File [C:/Users/Student/Documents/GitHub/KZ_TopDownShooter/TopDownAC/Saved/Config/Windows/Scalability.ini]
[2025.10.08-10.05.29:145][  0]LogConfig: Setting CVar [[r.HairStrands.SkyLighting.IntegrationType:2]]
[2025.10.08-10.05.29:145][  0]LogConfig: Setting CVar [[r.HairStrands.SkyAO.SampleCount:4]]
[2025.10.08-10.05.29:145][  0]LogConfig: Setting CVar [[r.HairStrands.Visibility.MSAA.SamplePerPixel:4]]
[2025.10.08-10.05.29:145][  0]LogConfig: Applying CVar settings from Section [Startup] File [../../../Engine/Config/ConsoleVariables.ini]
[2025.10.08-10.05.29:146][  0]LogConfig: Setting CVar [[net.UseAdaptiveNetUpdateFrequency:0]]
[2025.10.08-10.05.29:146][  0]LogConfig: Setting CVar [[p.chaos.AllowCreatePhysxBodies:1]]
[2025.10.08-10.05.29:146][  0]LogConfig: Setting CVar [[fx.SkipVectorVMBackendOptimizations:1]]
[2025.10.08-10.05.29:146][  0]LogConfig: Applying CVar settings from Section [ConsoleVariables] File [C:/Users/Student/Documents/GitHub/KZ_TopDownShooter/TopDownAC/Saved/Config/Windows/Engine.ini]
[2025.10.08-10.05.29:146][  0]LogConfig: Applying CVar settings from Section [ConsoleVariables] File [C:/Users/Student/Documents/GitHub/KZ_TopDownShooter/TopDownAC/Saved/Config/Windows/Editor.ini]
[2025.10.08-10.05.29:146][  0]LogInit: Computer: NM-201-15
[2025.10.08-10.05.29:146][  0]LogInit: User: Student
[2025.10.08-10.05.29:146][  0]LogInit: CPU Page size=4096, Cores=4
[2025.10.08-10.05.29:146][  0]LogInit: High frequency timer resolution =10.000000 MHz
[2025.10.08-10.05.29:146][  0]LogMemory: Memory total: Physical=15.9GB (16GB approx)
[2025.10.08-10.05.29:146][  0]LogMemory: Platform Memory Stats for Windows
[2025.10.08-10.05.29:146][  0]LogMemory: Process Physical Memory: 143.11 MB used, 143.12 MB peak
[2025.10.08-10.05.29:146][  0]LogMemory: Process Virtual Memory: 112.45 MB used, 112.45 MB peak
[2025.10.08-10.05.29:146][  0]LogMemory: Physical Memory: 7626.52 MB used,  8681.45 MB free, 16307.97 MB total
[2025.10.08-10.05.29:146][  0]LogMemory: Virtual Memory: 134209680.00 MB used,  8046.30 MB free, 134217728.00 MB total
[2025.10.08-10.05.29:153][  0]LogWindows: WindowsPlatformFeatures enabled
[2025.10.08-10.05.29:182][  0]LogInit: Physics initialised using underlying interface: PhysX
[2025.10.08-10.05.29:184][  0]LogInit: Using OS detected language (pl-PL).
[2025.10.08-10.05.29:184][  0]LogInit: Using OS detected locale (pl-PL).
[2025.10.08-10.05.29:189][  0]LogTextLocalizationManager: No specific localization for 'pl-PL' exists, so the 'pl' localization will be used.
[2025.10.08-10.05.29:189][  0]LogTextLocalizationResource: LocRes '../../../Engine/Content/Localization/Editor/pl/Editor.locres' could not be opened for reading!
[2025.10.08-10.05.29:189][  0]LogTextLocalizationResource: LocRes '../../../Engine/Content/Localization/EditorTutorials/pl/EditorTutorials.locres' could not be opened for reading!
[2025.10.08-10.05.29:190][  0]LogTextLocalizationResource: LocRes '../../../Engine/Content/Localization/Keywords/pl/Keywords.locres' could not be opened for reading!
[2025.10.08-10.05.29:190][  0]LogTextLocalizationResource: LocRes '../../../Engine/Content/Localization/Category/pl/Category.locres' could not be opened for reading!
[2025.10.08-10.05.29:190][  0]LogTextLocalizationResource: LocRes '../../../Engine/Content/Localization/ToolTips/pl/ToolTips.locres' could not be opened for reading!
[2025.10.08-10.05.29:190][  0]LogTextLocalizationResource: LocRes '../../../Engine/Content/Localization/PropertyNames/pl/PropertyNames.locres' could not be opened for reading!
[2025.10.08-10.05.29:190][  0]LogTextLocalizationResource: LocRes '../../../Engine/Content/Localization/Engine/pl/Engine.locres' could not be opened for reading!
[2025.10.08-10.05.29:191][  0]LogInit: Setting process to per monitor DPI aware
[2025.10.08-10.05.29:207][  0]LogWindowsTextInputMethodSystem: Display: IME system deactivated.
[2025.10.08-10.05.29:227][  0]LogSlate: New Slate User Created.  User Index 0, Is Virtual User: 0
[2025.10.08-10.05.29:227][  0]LogSlate: Slate User Registered.  User Index 0, Is Virtual User: 0
[2025.10.08-10.05.29:422][  0]LogD3D11RHI: Loaded GFSDK_Aftermath_Lib.x64.dll
[2025.10.08-10.05.29:425][  0]LogHMD: Failed to initialize OpenVR with code 110
[2025.10.08-10.05.29:425][  0]LogD3D11RHI: D3D11 min allowed feature level: 11_0
[2025.10.08-10.05.29:425][  0]LogD3D11RHI: D3D11 max allowed feature level: 11_0
[2025.10.08-10.05.29:426][  0]LogD3D11RHI: D3D11 adapters:
[2025.10.08-10.05.29:509][  0]LogD3D11RHI:    0. 'NVIDIA GeForce GTX 680M' (Feature Level 11_0)
[2025.10.08-10.05.29:509][  0]LogD3D11RHI:       4052/0/8153 MB DedicatedVideo/DedicatedSystem/SharedSystem, Outputs:1, VendorId:0x10de
[2025.10.08-10.05.29:512][  0]LogD3D11RHI:    1. 'Microsoft Basic Render Driver' (Feature Level 11_0)
[2025.10.08-10.05.29:512][  0]LogD3D11RHI:       0/0/8153 MB DedicatedVideo/DedicatedSystem/SharedSystem, Outputs:0, VendorId:0x1414
[2025.10.08-10.05.29:512][  0]LogD3D11RHI: Chosen D3D11 Adapter:
[2025.10.08-10.05.29:512][  0]LogD3D11RHI:     Description : NVIDIA GeForce GTX 680M
[2025.10.08-10.05.29:512][  0]LogD3D11RHI:     VendorId    : 10de
[2025.10.08-10.05.29:512][  0]LogD3D11RHI:     DeviceId    : 11a0
[2025.10.08-10.05.29:512][  0]LogD3D11RHI:     SubSysId    : 10bc1462
[2025.10.08-10.05.29:512][  0]LogD3D11RHI:     Revision    : 00a1
[2025.10.08-10.05.29:512][  0]LogD3D11RHI:     DedicatedVideoMemory : 4249157632 bytes
[2025.10.08-10.05.29:512][  0]LogD3D11RHI:     DedicatedSystemMemory : 0 bytes
[2025.10.08-10.05.29:512][  0]LogD3D11RHI:     SharedSystemMemory : 8550072320 bytes
[2025.10.08-10.05.29:512][  0]LogD3D11RHI:     AdapterLuid : 0 41756
[2025.10.08-10.05.29:520][  0]LogD3D11RHI: Creating new Direct3DDevice
[2025.10.08-10.05.29:521][  0]LogD3D11RHI:     GPU DeviceId: 0x11a0 (for the marketing name, search the web for "GPU Device Id")
[2025.10.08-10.05.29:521][  0]LogWindows: EnumDisplayDevices:
[2025.10.08-10.05.29:521][  0]LogWindows:    0. 'NVIDIA GeForce GTX 680M' (P:1 D:1)
[2025.10.08-10.05.29:521][  0]LogWindows:    1. 'NVIDIA GeForce GTX 680M' (P:0 D:0)
[2025.10.08-10.05.29:522][  0]LogWindows:    2. 'NVIDIA GeForce GTX 680M' (P:0 D:0)
[2025.10.08-10.05.29:522][  0]LogWindows:    3. 'NVIDIA GeForce GTX 680M' (P:0 D:0)
[2025.10.08-10.05.29:522][  0]LogWindows: DebugString: FoundDriverCount:4 
[2025.10.08-10.05.29:522][  0]LogD3D11RHI:     Adapter Name: NVIDIA GeForce GTX 680M
[2025.10.08-10.05.29:522][  0]LogD3D11RHI:   Driver Version: 425.31 (internal:25.21.14.2531, unified:425.31)
[2025.10.08-10.05.29:522][  0]LogD3D11RHI:      Driver Date: 4-9-2019
[2025.10.08-10.05.29:522][  0]LogRHI: Texture pool is 2836 MB (70% of 4052 MB)
[2025.10.08-10.05.29:522][  0]LogD3D11RHI: Creating D3DDevice using adapter:
[2025.10.08-10.05.29:522][  0]LogD3D11RHI:     Description : NVIDIA GeForce GTX 680M
[2025.10.08-10.05.29:522][  0]LogD3D11RHI:     VendorId    : 10de
[2025.10.08-10.05.29:522][  0]LogD3D11RHI:     DeviceId    : 11a0
[2025.10.08-10.05.29:522][  0]LogD3D11RHI:     SubSysId    : 10bc1462
[2025.10.08-10.05.29:522][  0]LogD3D11RHI:     Revision    : 00a1
[2025.10.08-10.05.29:522][  0]LogD3D11RHI:     DedicatedVideoMemory : 4249157632 bytes
[2025.10.08-10.05.29:522][  0]LogD3D11RHI:     DedicatedSystemMemory : 0 bytes
[2025.10.08-10.05.29:522][  0]LogD3D11RHI:     SharedSystemMemory : 8550072320 bytes
[2025.10.08-10.05.29:522][  0]LogD3D11RHI:     AdapterLuid : 0 41756
[2025.10.08-10.05.29:581][  0]LogD3D11RHI: RHI does not have support for 64 bit atomics
[2025.10.08-10.05.29:581][  0]LogD3D11RHI: Async texture creation enabled
[2025.10.08-10.05.29:644][  0]LogD3D11RHI: GPU Timing Frequency: 1000.000000 (Debug: 2 1)
[2025.10.08-10.05.29:699][  0]LogRHI: GeForceNow SDK initialized: 1
[2025.10.08-10.05.30:090][  0]LogTargetPlatformManager: Display: Loaded TargetPlatform 'AllDesktop'
[2025.10.08-10.05.30:116][  0]LogTargetPlatformManager: Display: Loaded TargetPlatform 'Android'
[2025.10.08-10.05.30:116][  0]LogTargetPlatformManager: Display: Loaded TargetPlatform 'Android_ASTC'
[2025.10.08-10.05.30:116][  0]LogTargetPlatformManager: Display: Loaded TargetPlatform 'Android_DXT'
[2025.10.08-10.05.30:116][  0]LogTargetPlatformManager: Display: Loaded TargetPlatform 'Android_ETC2'
[2025.10.08-10.05.30:116][  0]LogTargetPlatformManager: Display: Loaded TargetPlatform 'AndroidClient'
[2025.10.08-10.05.30:116][  0]LogTargetPlatformManager: Display: Loaded TargetPlatform 'Android_ASTCClient'
[2025.10.08-10.05.30:116][  0]LogTargetPlatformManager: Display: Loaded TargetPlatform 'Android_DXTClient'
[2025.10.08-10.05.30:116][  0]LogTargetPlatformManager: Display: Loaded TargetPlatform 'Android_ETC2Client'
[2025.10.08-10.05.30:116][  0]LogTargetPlatformManager: Display: Loaded TargetPlatform 'Android_Multi'
[2025.10.08-10.05.30:116][  0]LogTargetPlatformManager: Display: Loaded TargetPlatform 'Android_MultiClient'
[2025.10.08-10.05.30:139][  0]LogTargetPlatformManager: Display: Loaded TargetPlatform 'IOSClient'
[2025.10.08-10.05.30:139][  0]LogTargetPlatformManager: Display: Loaded TargetPlatform 'IOS'
[2025.10.08-10.05.30:151][  0]LogTargetPlatformManager: Display: Loaded TargetPlatform 'Linux'
[2025.10.08-10.05.30:157][  0]LogTargetPlatformManager: Display: Loaded TargetPlatform 'LinuxNoEditor'
[2025.10.08-10.05.30:162][  0]LogTargetPlatformManager: Display: Loaded TargetPlatform 'LinuxClient'
[2025.10.08-10.05.30:167][  0]LogTargetPlatformManager: Display: Loaded TargetPlatform 'LinuxServer'
[2025.10.08-10.05.30:179][  0]LogTargetPlatformManager: Display: Loaded TargetPlatform 'LinuxAArch64NoEditor'
[2025.10.08-10.05.30:184][  0]LogTargetPlatformManager: Display: Loaded TargetPlatform 'LinuxAArch64Client'
[2025.10.08-10.05.30:189][  0]LogTargetPlatformManager: Display: Loaded TargetPlatform 'LinuxAArch64Server'
[2025.10.08-10.05.30:219][  0]LogTargetPlatformManager: Display: Loaded TargetPlatform 'Lumin'
[2025.10.08-10.05.30:220][  0]LogTargetPlatformManager: Display: Loaded TargetPlatform 'LuminClient'
[2025.10.08-10.05.30:230][  0]LogTargetPlatformManager: Display: Loaded TargetPlatform 'MacNoEditor'
[2025.10.08-10.05.30:235][  0]LogTargetPlatformManager: Display: Loaded TargetPlatform 'Mac'
[2025.10.08-10.05.30:240][  0]LogTargetPlatformManager: Display: Loaded TargetPlatform 'MacClient'
[2025.10.08-10.05.30:245][  0]LogTargetPlatformManager: Display: Loaded TargetPlatform 'MacServer'
[2025.10.08-10.05.30:258][  0]LogTargetPlatformManager: Display: Loaded TargetPlatform 'TVOSClient'
[2025.10.08-10.05.30:258][  0]LogTargetPlatformManager: Display: Loaded TargetPlatform 'TVOS'
[2025.10.08-10.05.30:270][  0]LogTargetPlatformManager: Display: Loaded TargetPlatform 'WindowsNoEditor'
[2025.10.08-10.05.30:276][  0]LogTargetPlatformManager: Display: Loaded TargetPlatform 'Windows'
[2025.10.08-10.05.30:281][  0]LogTargetPlatformManager: Display: Loaded TargetPlatform 'WindowsClient'
[2025.10.08-10.05.30:286][  0]LogTargetPlatformManager: Display: Loaded TargetPlatform 'WindowsServer'
[2025.10.08-10.05.30:286][  0]LogTargetPlatformManager: Display: Building Assets For Windows
[2025.10.08-10.05.30:295][  0]LogAudioDebug: Display: Lib vorbis DLL was dynamically loaded.
[2025.10.08-10.05.30:335][  0]LogTextureFormatOodle: Display: Oodle Texture 2.9.0 init RDO Off
[2025.10.08-10.05.30:373][  0]LogRendererCore: Ray tracing is disabled. Reason: r.RayTracing=0.
[2025.10.08-10.05.30:374][  0]LogShaderCompilers: Guid format shader working directory is -28 characters bigger than the processId version (../../../../../../Users/Student/Documents/GitHub/KZ_TopDownShooter/TopDownAC/Intermediate/Shaders/WorkingDirectory/9776/).
[2025.10.08-10.05.30:374][  0]LogShaderCompilers: Cleaned the shader compiler working directory 'C:/Users/Student/AppData/Local/Temp/UnrealShaderWorkingDir/D28F247B4A456FFF1240D4AAD641EAAA/'.
[2025.10.08-10.05.30:374][  0]LogXGEController: Cannot use XGE Controller as Incredibuild is not installed on this machine.
[2025.10.08-10.05.30:374][  0]LogShaderCompilers: Cannot use XGE Shader Compiler as Incredibuild is not installed on this machine.
[2025.10.08-10.05.30:374][  0]LogShaderCompilers: Display: Using Local Shader Compiler.
[2025.10.08-10.05.31:350][  0]LogDerivedDataCache: Display: Max Cache Size: 512 MB
[2025.10.08-10.05.31:424][  0]LogDerivedDataCache: Loaded boot cache 0.07s 94MB C:/Users/Student/AppData/Local/UnrealEngine/4.27/DerivedDataCache/Boot.ddc.
[2025.10.08-10.05.31:424][  0]LogDerivedDataCache: Display: Loaded Boot cache: C:/Users/Student/AppData/Local/UnrealEngine/4.27/DerivedDataCache/Boot.ddc
[2025.10.08-10.05.31:425][  0]LogDerivedDataCache: FDerivedDataBackendGraph:  Pak pak cache file ../../../../../../Users/Student/Documents/GitHub/KZ_TopDownShooter/TopDownAC/DerivedDataCache/DDC.ddp not found, will not use a pak cache.
[2025.10.08-10.05.31:425][  0]LogDerivedDataCache: Unable to find inner node Pak for hierarchical cache Hierarchy.
[2025.10.08-10.05.31:425][  0]LogDerivedDataCache: FDerivedDataBackendGraph:  CompressedPak pak cache file ../../../../../../Users/Student/Documents/GitHub/KZ_TopDownShooter/TopDownAC/DerivedDataCache/Compressed.ddp not found, will not use a pak cache.
[2025.10.08-10.05.31:425][  0]LogDerivedDataCache: Unable to find inner node CompressedPak for hierarchical cache Hierarchy.
[2025.10.08-10.05.31:447][  0]LogDerivedDataCache: Display: Pak cache opened for reading ../../../Engine/DerivedDataCache/Compressed.ddp.
[2025.10.08-10.05.31:447][  0]LogDerivedDataCache: FDerivedDataBackendGraph:  EnterprisePak pak cache file ../../../Enterprise/DerivedDataCache/Compressed.ddp not found, will not use a pak cache.
[2025.10.08-10.05.31:447][  0]LogDerivedDataCache: Unable to find inner node EnterprisePak for hierarchical cache Hierarchy.
[2025.10.08-10.05.31:461][  0]LogDerivedDataCache: Speed tests for C:/Users/Student/AppData/Local/UnrealEngine/Common/DerivedDataCache took 0.01 seconds
[2025.10.08-10.05.31:462][  0]LogDerivedDataCache: Display: Performance to C:/Users/Student/AppData/Local/UnrealEngine/Common/DerivedDataCache: Latency=0.04ms. RandomReadSpeed=679.84MBs, RandomWriteSpeed=77.21MBs. Assigned SpeedClass 'Local'
[2025.10.08-10.05.31:463][  0]LogDerivedDataCache: Using Local data cache path C:/Users/Student/AppData/Local/UnrealEngine/Common/DerivedDataCache: Writable
[2025.10.08-10.05.31:464][  0]LogDerivedDataCache: Shared data cache path not found in *engine.ini, will not use an Shared cache.
[2025.10.08-10.05.31:464][  0]LogDerivedDataCache: Unable to find inner node Shared for hierarchical cache Hierarchy.
[2025.10.08-10.05.31:541][  0]LogSlate: Using FreeType 2.10.0
[2025.10.08-10.05.31:542][  0]LogSlate: SlateFontServices - WITH_FREETYPE: 1, WITH_HARFBUZZ: 1
[2025.10.08-10.05.31:575][  0]LogAssetRegistry: FAssetRegistry took 0.0034 seconds to start up
[2025.10.08-10.05.31:905][  0]LogInit: Selected Device Profile: [Windows]
[2025.10.08-10.05.31:905][  0]LogInit: Active device profile: [00000209C67EF300][00000209C3DDF7C0 49] Windows
[2025.10.08-10.05.31:905][  0]LogInit: Profiles: [00000209C67EF300][00000209C3DDF7C0 49] Windows, [00000209C67ACF00][00000209C3CFD940 49] WindowsNoEditor, [00000209C67ECF00][00000209C530DAC0 49] WindowsServer, [00000209C67AEC00][00000209C53100C0 49] WindowsClient, [00000209C67EEB00][00000209C52BE240 49] IOS, [00000209C67AD700][00000209C52C23C0 49] iPadAir, [00000209C67ED600][00000209C52C6540 49] iPadAir2, [00000209C6763C00][00000209C3DC0800 49] IPadPro, [00000209C6763D00][00000209C3DBC840 49] iPadAir3, [00000209C67EE600][00000209C3DE2980 49] iPadAir4, [00000209C6761400][00000209C3DC4AC0 49] iPadMini2, [00000209C67EDA00][00000209BD0CCC00 49] iPadMini3, [00000209C6762600][00000209BD0D0D40 49] iPadMini4, [00000209C67EC900][00000209BD0D8EC0 49] iPadMini5, [00000209C67A3500][00000209BD0E1180 49] iPhone6, [00000209C67A3600][00000209BD0DD1C0 49] iPodTouch6, [00000209C6760300][00000209BD0E9480 49] iPhone7, [00000209C6760200][00000209BD0E54C0 49] iPodTouch7, [00000209C67A1300][00000209BD0ED640 49] iPhone5S, [00000209C6763F00][00000209BD0F17C0 49] iPhone6Plus, [00000209C67A2700][00000209BD0F5940 49] iPhone6S, [00000209C6761000][00000209BD0F9AC0 49] iPhone6SPlus, [00000209C67A1A00][00000209BD0FC0C0 49] iPhone7Plus, [00000209C6762000][00000209BD100240 49] iPhoneSE, [00000209C67A3900][00000209BD1043C0 49] iPhone8, [00000209C6763200][00000209C3CBC540 49] iPhone8Plus, [00000209C67A3300][00000209C3CC06C0 49] iPhoneX, [00000209C6763B00][00000209C3CC4840 49] iPhoneXS, [00000209C67A1600][00000209C3CC89C0 49] iPhoneXSMax, [00000209C6762400][00000209C3CCCB40 49] iPhoneXR, [00000209C67A1000][00000209BD0D4C80 49] iPhone11, [00000209C6760F00][00000209C3CD0DC0 49] iPhone11Pro, [00000209C67A1900][00000209C3CD4F00 49] iPhone11ProMax, [00000209C6763A00][00000209C3CDD080 49] iPhoneSE2, [00000209C67A2900][00000209C3CE1200 49] iPhone12Mini, [00000209C6761C00][00000209C3CE5380 49] iPhone12, [00000209C67A3700][00000209C3CE9500 49] iPhone12Pro, [00000209C6762200][00000209C3CED680 49] iPhone12ProMax, [00000209C67A3800][00000209C3CF1800 49] iPadPro105, [00000209C6762900][00000209C3CF5980 49] iPadPro129, [00000209C67A1200][00000209C5201B00 49] iPadPro97, [00000209C6762E00][00000209C5204100 49] iPadPro2_129, [00000209C67A0F00][00000209C5208280 49] iPad5, [00000209C6762F00][00000209C520C400 49] iPad6, [00000209C67A0300][00000209C5210580 49] iPad7, [00000209C6763600][00000209C5214700 49] iPad8, [00000209C67A3F00][00000209C5218880 49] iPadPro11, [00000209C6760400][00000209C521CA00 49] iPadPro2_11, [00000209C67A0400][00000209C5220B80 49] iPadPro3_129, [00000209C6762700][00000209C5224D00 49] iPadPro4_129, [00000209C67A3D00][00000209C3CD8E40 49] AppleTV, [00000209C6760800][00000209C5228F80 49] AppleTV4K, [00000209C67A2E00][00000209C522D0C0 49] TVOS, [00000209C6761E00][00000209C5235240 49] Mac, [00000209C67A0A00][00000209C52393C0 49] MacClient, [00000209C6762B00][00000209C523D540 49] MacNoEditor, [00000209C67A2D00][00000209C52416C0 49] MacServer, [00000209C6761600][00000209C5245840 49] Linux, [00000209C6835300][00000209C52499C0 49] LinuxAArch64, [00000209C67AF100][00000209C524DB40 49] LinuxNoEditor, [00000209C6836400][00000209C5250140 49] LinuxAArch64NoEditor, [00000209C67AE000][00000209C52542C0 49] LinuxClient, [00000209C6834F00][00000209C5258440 49] LinuxAArch64Client, [00000209C67AC400][00000209C660E5C0 49] LinuxServer, [00000209C6834C00][00000209C6612740 49] LinuxAArch64Server, [00000209C67AFF00][00000209C66168C0 49] Android, [00000209C6835C00][00000209C661AA40 49] Android_Low, [00000209C67AEB00][00000209C661EBC0 49] Android_Mid, [00000209C6834B00][00000209C6622D40 49] Android_High, [00000209C67AE400][00000209C6626EC0 49] Android_Default, [00000209C6835800][00000209C5231000 49] Android_Adreno4xx, [00000209C67ADC00][00000209C662B140 49] Android_Adreno5xx_Low, [00000209C6834800][00000209C662F280 49] Android_Adreno5xx, [00000209C67AED00][00000209C66333C0 49] Android_Adreno6xx, [00000209C6761A00][00000209C663B540 49] Android_Adreno6xx_Vulkan, [00000209C67A0200][00000209C663F6C0 49] Android_Mali_T6xx, [00000209C6761900][00000209C6643840 49] Android_Mali_T7xx, [00000209C67A1500][00000209C66479C0 49] Android_Mali_T8xx, [00000209C6760500][00000209C664BB40 49] Android_Mali_G71, [00000209C67A0D00][00000209C664E140 49] Android_Mali_G72, [00000209C6760D00][00000209C66522C0 49] Android_Mali_G72_Vulkan, [00000209C67A2300][00000209C6656440 49] Android_Mali_G76, [00000209C6761B00][00000209C665A5C0 49] Android_Mali_G76_Vulkan, [00000209C67A0100][00000209C665E740 49] Android_Mali_G77, [00000209C6763300][00000209C66628C0 49] Android_Mali_G77_Vulkan, [00000209C67A1700][00000209C6666A40 49] Android_Mali_G78, [00000209C6761100][00000209C666ABC0 49] Android_Mali_G78_Vulkan, [00000209C67A2000][00000209C666ED40 49] Android_Mali_G710, [00000209C6762300][00000209C502EEC0 49] Android_Mali_G710_Vulkan, [00000209C67A2A00][00000209C5033040 49] Android_Vulkan_SM5, [00000209C6762800][00000209C6637180 49] Android_PowerVR_G6xxx, [00000209C6835A00][00000209C50372C0 49] Android_PowerVR_GT7xxx, [00000209C6763700][00000209C503B400 49] Android_PowerVR_GE8xxx, [00000209C6835400][00000209C503F540 49] Android_PowerVR_GM9xxx, [00000209C6762D00][00000209C50476C0 49] Android_PowerVR_GM9xxx_Vulkan, [00000209C6834D00][00000209C504B840 49] Android_TegraK1, [00000209C6760700][00000209C504F9C0 49] Android_Unknown_Vulkan, [00000209C6834100][00000209C5053B40 49] Lumin, [00000209C6761500][00000209C5056140 49] Lumin_Desktop, [00000209C6835B00][00000209C505A2C0 49] HoloLens, 
[2025.10.08-10.05.32:077][  0]LogMeshReduction: Using QuadricMeshReduction for automatic static mesh reduction
[2025.10.08-10.05.32:078][  0]LogMeshReduction: Using SimplygonMeshReduction for automatic skeletal mesh reduction
[2025.10.08-10.05.32:078][  0]LogMeshReduction: Using ProxyLODMeshReduction for automatic mesh merging
[2025.10.08-10.05.32:078][  0]LogMeshReduction: No distributed automatic mesh merging module available
[2025.10.08-10.05.32:078][  0]LogMeshMerging: No distributed automatic mesh merging module available
[2025.10.08-10.05.32:097][  0]LogNetVersion: TopDownAC 1.0.0, NetCL: 17155196, EngineNetVer: 17, GameNetVer: 0 (Checksum: 548030664)
[2025.10.08-10.05.32:594][  0]LogTexture: Default maximum texture size for cubemaps generated from long-lat sources has been changed from 512 to unlimited. In order to preserve old behaiour for '/Engine/MapTemplates/Sky/DaylightAmbientCubemap.DaylightAmbientCubemap', its maximum texture size has been explicitly set to 512.
[2025.10.08-10.05.32:670][  0]LogHMD: PokeAHoleMaterial loaded successfully
[2025.10.08-10.05.32:677][  0]LogUObjectArray: 17178 objects as part of root set at end of initial load.
[2025.10.08-10.05.32:677][  0]LogUObjectAllocator: 4302048 out of 0 bytes used by permanent object pool.
[2025.10.08-10.05.32:677][  0]LogUObjectArray: CloseDisregardForGC: 0/0 objects in disregard for GC pool
[2025.10.08-10.05.33:037][  0]LogNiagaraDebuggerClient: Niagara Debugger Client Initialized | Session: BA0CDE6D4B46332290743992E8DA7DCF | Instance: A8D455CC4C409C1EC46F3BACFD9E4DDC (NM-201-15-9776).
[2025.10.08-10.05.33:084][  0]LogPython: Using Python 3.7.7
[2025.10.08-10.05.33:977][  0]LogTcpMessaging: Initializing TcpMessaging bridge
[2025.10.08-10.05.33:988][  0]LogUdpMessaging: Initializing bridge on interface 0.0.0.0:0 to multicast group 230.0.0.1:6666.
[2025.10.08-10.05.34:176][  0]SourceControl: Source control is disabled
[2025.10.08-10.05.34:176][  0]SourceControl: Source control is disabled
[2025.10.08-10.05.34:179][  0]SourceControl: Source control is disabled
[2025.10.08-10.05.34:183][  0]SourceControl: Source control is disabled
[2025.10.08-10.05.34:202][  0]SourceControl: Source control is disabled
[2025.10.08-10.05.34:221][  0]LogUProjectInfo: Found projects:
[2025.10.08-10.05.34:490][  0]LogOpenImageDenoise: OIDN starting up
[2025.10.08-10.05.34:547][  0]LogAndroidPermission: UAndroidPermissionCallbackProxy::GetInstance
[2025.10.08-10.05.34:576][  0]LogAudioCaptureCore: Display: No Audio Capture implementations found. Audio input will be silent.
[2025.10.08-10.05.34:576][  0]LogAudioCaptureCore: Display: No Audio Capture implementations found. Audio input will be silent.
[2025.10.08-10.05.34:745][  0]LogCollectionManager: Loaded 0 collections in 0.002465 seconds
[2025.10.08-10.05.34:779][  0]LogFileCache: Scanning file cache for directory 'C:/Users/Student/Documents/GitHub/KZ_TopDownShooter/TopDownAC/Saved/Collections/' took 0.00s
[2025.10.08-10.05.34:779][  0]LogFileCache: Scanning file cache for directory 'C:/Users/Student/Documents/GitHub/KZ_TopDownShooter/TopDownAC/Content/Developers/Student/Collections/' took 0.00s
[2025.10.08-10.05.34:779][  0]LogFileCache: Scanning file cache for directory 'C:/Users/Student/Documents/GitHub/KZ_TopDownShooter/TopDownAC/Content/Collections/' took 0.00s
[2025.10.08-10.05.34:779][  0]LogOcInput: OculusInput pre-init called
[2025.10.08-10.05.35:093][  0]LogEngine: Initializing Engine...
[2025.10.08-10.05.35:096][  0]LogHMD: Failed to enumerate extensions. Please check that you have a valid OpenXR runtime installed.
[2025.10.08-10.05.35:096][  0]LogHMD: Failed to initialize OpenVR with code 110
[2025.10.08-10.05.35:096][  0]LogMagicLeap: Warning: VR disabled because ZI is not enabled.  To enable, in the editor, Edit -> Project Settings -> Plugins -> Magic Leap Plugin -> Enable Zero Iteration
[2025.10.08-10.05.35:097][  0]LogStats: UGameplayTagsManager::InitializeManager -  0.000 s
[2025.10.08-10.05.35:254][  0]LogInit: Initializing FReadOnlyCVARCache
[2025.10.08-10.05.35:266][  0]LogAIModule: Creating AISystem for world Untitled
[2025.10.08-10.05.35:278][  0]LogAudio: Display: Initializing Audio Device Manager...
[2025.10.08-10.05.35:283][  0]LogAudio: Display: Loading Default Audio Settings Objects...
[2025.10.08-10.05.35:283][  0]LogAudio: Display: No default SoundConcurrencyObject specified (or failed to load).
[2025.10.08-10.05.35:284][  0]LogAudio: Display: Audio Device Manager Initialized
[2025.10.08-10.05.35:284][  0]LogAudio: Display: Creating Audio Device:                 Id: 1, Scope: Shared, Realtime: True
[2025.10.08-10.05.35:284][  0]LogAudioMixer: Display: Audio Mixer Platform Settings:
[2025.10.08-10.05.35:284][  0]LogAudioMixer: Display: 	Sample Rate:						  48000
[2025.10.08-10.05.35:284][  0]LogAudioMixer: Display: 	Callback Buffer Frame Size Requested: 1024
[2025.10.08-10.05.35:284][  0]LogAudioMixer: Display: 	Callback Buffer Frame Size To Use:	  1024
[2025.10.08-10.05.35:284][  0]LogAudioMixer: Display: 	Number of buffers to queue:			  2
[2025.10.08-10.05.35:284][  0]LogAudioMixer: Display: 	Max Channels (voices):				  32
[2025.10.08-10.05.35:284][  0]LogAudioMixer: Display: 	Number of Async Source Workers:		  0
[2025.10.08-10.05.35:284][  0]LogAudio: Display: AudioDevice MaxSources: 32
[2025.10.08-10.05.35:284][  0]LogAudio: Display: Audio Spatialization Plugin: None (built-in).
[2025.10.08-10.05.35:284][  0]LogAudio: Display: Audio Reverb Plugin: None (built-in).
[2025.10.08-10.05.35:284][  0]LogAudio: Display: Audio Occlusion Plugin: None (built-in).
[2025.10.08-10.05.35:284][  0]LogAudioMixer: Display: Initializing audio mixer.
[2025.10.08-10.05.35:298][  0]LogAudioMixer: Display: 0: FrontLeft
[2025.10.08-10.05.35:298][  0]LogAudioMixer: Display: 1: FrontRight
[2025.10.08-10.05.35:363][  0]LogAudioMixer: Display: Using Audio Device Głośniki (High Definition Audio Device)
[2025.10.08-10.05.35:366][  0]LogAudioMixer: Display: Initializing Sound Submixes...
[2025.10.08-10.05.35:369][  0]LogAudioMixer: Display: Creating Master Submix 'MasterSubmixDefault'
[2025.10.08-10.05.35:369][  0]LogAudioMixer: Display: Creating Master Submix 'MasterReverbSubmixDefault'
[2025.10.08-10.05.35:370][  0]LogAudioMixer: Display: Creating Master Submix 'MasterEQSubmixDefault'
[2025.10.08-10.05.35:370][  0]LogAudioMixer: FMixerPlatformXAudio2::StartAudioStream() called
[2025.10.08-10.05.35:370][  0]LogAudioMixer: Display: Output buffers initialized: Frames=1024, Channels=2, Samples=2048
[2025.10.08-10.05.35:372][  0]LogAudioMixer: Display: Starting AudioMixerPlatformInterface::RunInternal()
[2025.10.08-10.05.35:372][  0]LogAudioMixer: Display: FMixerPlatformXAudio2::SubmitBuffer() called for the first time
[2025.10.08-10.05.35:372][  0]LogInit: FAudioDevice initialized.
[2025.10.08-10.05.35:372][  0]LogAudio: Display: Audio Device (ID: 1) registered with world 'Untitled'.
[2025.10.08-10.05.35:372][  0]LogNetVersion: Set ProjectVersion to 1.0.0.0. Version Checksum will be recalculated on next use.
[2025.10.08-10.05.35:465][  0]LogDerivedDataCache: Saved boot cache 0.09s 94MB C:/Users/Student/AppData/Local/UnrealEngine/4.27/DerivedDataCache/Boot.ddc.
[2025.10.08-10.05.35:465][  0]LogInit: Texture streaming: Enabled
[2025.10.08-10.05.35:495][  0]LogAnalytics: Display: [UEEditor.Rocket.Release] APIServer = https://datarouter.ol.epicgames.com/. AppVersion = 4.27.2-18319896+++UE4+Release-4.27
[2025.10.08-10.05.35:501][  0]LogEngineSessionManager: EngineSessionManager initialized
[2025.10.08-10.05.35:502][  0]LogEditorSessionSummary: Verbose: Initializing EditorSessionSummaryWriter for editor session tracking
[2025.10.08-10.05.35:504][  0]LogEditorSessionSummary: EditorSessionSummaryWriter initialized
[2025.10.08-10.05.35:540][  0]LogInit: Transaction tracking system initialized
[2025.10.08-10.05.35:567][  0]BlueprintLog: New page: Editor Load
[2025.10.08-10.05.35:640][  0]LocalizationService: Localization service is disabled
[2025.10.08-10.05.35:668][  0]TimingProfiler: Initialize
[2025.10.08-10.05.35:668][  0]TimingProfiler: OnSessionChanged
[2025.10.08-10.05.35:668][  0]LoadingProfiler: Initialize
[2025.10.08-10.05.35:669][  0]LoadingProfiler: OnSessionChanged
[2025.10.08-10.05.35:669][  0]NetworkingProfiler: Initialize
[2025.10.08-10.05.35:669][  0]NetworkingProfiler: OnSessionChanged
[2025.10.08-10.05.35:669][  0]MemoryProfiler: Initialize
[2025.10.08-10.05.35:669][  0]MemoryProfiler: OnSessionChanged
[2025.10.08-10.05.35:848][  0]LogCook: Display: CookSettings for Memory: MemoryMaxUsedVirtual 0MiB, MemoryMaxUsedPhysical 16384MiB, MemoryMinFreeVirtual 0MiB, MemoryMinFreePhysical 1024MiB
[2025.10.08-10.05.35:849][  0]LogCook: Display: Mobile HDR setting 1
[2025.10.08-10.05.36:087][  0]LogFileCache: Scanning file cache for directory 'C:/Users/Student/Documents/GitHub/KZ_TopDownShooter/TopDownAC/Content/' took 0.00s
[2025.10.08-10.05.36:344][  0]LogInit: Display: Engine is initialized. Leaving FEngineLoop::Init()
[2025.10.08-10.05.36:349][  0]SourceControl: Source control is disabled
[2025.10.08-10.05.36:349][  0]LogUnrealEdMisc: Loading editor; pre map load, took 8.591
[2025.10.08-10.05.36:349][  0]Cmd: MAP LOAD FILE="../../../../../../Users/Student/Documents/GitHub/KZ_TopDownShooter/TopDownAC/Content/Levels/Main.umap" TEMPLATE=0 SHOWPROGRESS=1 FEATURELEVEL=3
[2025.10.08-10.05.36:349][  0]LightingResults: New page: Lighting Build
[2025.10.08-10.05.36:351][  0]LogWorld: UWorld::CleanupWorld for Untitled, bSessionEnded=true, bCleanupResources=true
[2025.10.08-10.05.36:351][  0]LogSlate: InvalidateAllWidgets triggered.  All widgets were invalidated
[2025.10.08-10.05.36:351][  0]MapCheck: New page: Map Check
[2025.10.08-10.05.36:351][  0]LightingResults: New page: Lighting Build
[2025.10.08-10.05.36:357][  0]LogAudio: Display: Audio Device unregistered from world 'None'.
[2025.10.08-10.05.36:361][  0]LogUObjectHash: Compacting FUObjectHashTables data took   1.18ms
[2025.10.08-10.05.36:489][  0]LogLinker: Warning: [AssetLog] C:\Users\Student\Documents\GitHub\KZ_TopDownShooter\TopDownAC\Content\Levels\Main.umap: Failed to load '/Game/Levels/Main_BuiltData': Can't find file.
[2025.10.08-10.05.36:489][  0]LogLinker: Warning: [AssetLog] C:\Users\Student\Documents\GitHub\KZ_TopDownShooter\TopDownAC\Content\Levels\Main.umap: Failed to load '/Game/Levels/Main_BuiltData': Can't find file.
[2025.10.08-10.05.36:491][  0]LogLinker: Warning: [AssetLog] C:\Users\Student\Documents\GitHub\KZ_TopDownShooter\TopDownAC\Content\Levels\Main.umap: Failed to load '/Game/Levels/Main_BuiltData': Can't find file.
[2025.10.08-10.05.36:530][  0]LogLinker: Warning: [AssetLog] C:\Users\Student\Documents\GitHub\KZ_TopDownShooter\TopDownAC\Content\Levels\Main.umap: Failed to load '/Game/Levels/Main_BuiltData': Can't find file.
[2025.10.08-10.05.36:530][  0]LoadErrors: Failed to load /Game/Levels/Main_BuiltData.Main_BuiltData Referenced by PersistentLevel
[2025.10.08-10.05.36:567][  0]LogAudio: Display: Audio Device (ID: 1) registered with world 'Main'.
[2025.10.08-10.05.36:569][  0]LogAIModule: Creating AISystem for world Main
[2025.10.08-10.05.36:575][  0]LogEditorServer: Finished looking for orphan Actors (0.000 secs)
[2025.10.08-10.05.36:586][  0]LogUObjectHash: Compacting FUObjectHashTables data took   1.35ms
[2025.10.08-10.05.36:586][  0]Cmd: MAP CHECKDEP NOCLEARLOG
[2025.10.08-10.05.36:586][  0]MapCheck: Map check complete: 0 Error(s), 0 Warning(s), took 0,19ms to complete.
[2025.10.08-10.05.36:586][  0]LogFileHelpers: Loading map 'Main' took 0.238
[2025.10.08-10.05.36:588][  0]LogUnrealEdMisc: Total Editor Startup Time, took 8.831
[2025.10.08-10.05.36:759][  0]LogSlate: Updating window title bar state: overlay mode, drag disabled, window buttons hidden, title bar hidden
[2025.10.08-10.05.36:769][  0]LogSlate: Updating window title bar state: overlay mode, drag disabled, window buttons hidden, title bar hidden
[2025.10.08-10.05.36:778][  0]LogSlate: Updating window title bar state: overlay mode, drag disabled, window buttons hidden, title bar hidden
[2025.10.08-10.05.36:787][  0]LogSlate: Updating window title bar state: overlay mode, drag disabled, window buttons hidden, title bar hidden
[2025.10.08-10.05.36:805][  0]LogNativeClassHierarchy: Verbose: Native class hierarchy populated in 0.0126 seconds. Added 3822 classes and 928 folders.
[2025.10.08-10.05.36:808][  0]LogNativeClassHierarchy: Verbose: Native class hierarchy updated for 'WidgetCarousel' in 0.0004 seconds. Added 0 classes and 0 folders.
[2025.10.08-10.05.36:810][  0]LogPakFile: PakFile PrimaryIndexSize=187
[2025.10.08-10.05.36:810][  0]LogPakFile: PakFile PathHashIndexSize=101
[2025.10.08-10.05.36:810][  0]LogPakFile: PakFile FullDirectoryIndexSize=148
[2025.10.08-10.05.36:810][  0]LogShaderLibrary: Display: ShaderCodeLibraryPakFileMountedCallback: PakFile 'C:/Program Files/Epic Games/UE_4.27/FeaturePacks/FP_FirstPerson.upack' (chunk index -1, root 'root:/') mounted
[2025.10.08-10.05.36:810][  0]LogShaderLibrary: Display: ShaderCodeLibraryPakFileMountedCallback: pending pak file info (ChunkID:-1 Root:root:/ File:C:/Program Files/Epic Games/UE_4.27/FeaturePacks/FP_FirstPerson.upack)
[2025.10.08-10.05.36:810][  0]LogPakFile: OnPakFileMounted2Time == 0.000084
[2025.10.08-10.05.36:811][  0]LogPakFile: PakFile PrimaryIndexSize=189
[2025.10.08-10.05.36:811][  0]LogPakFile: PakFile PathHashIndexSize=101
[2025.10.08-10.05.36:811][  0]LogPakFile: PakFile FullDirectoryIndexSize=152
[2025.10.08-10.05.36:811][  0]LogShaderLibrary: Display: ShaderCodeLibraryPakFileMountedCallback: PakFile 'C:/Program Files/Epic Games/UE_4.27/FeaturePacks/FP_FirstPersonBP.upack' (chunk index -1, root 'root:/') mounted
[2025.10.08-10.05.36:811][  0]LogShaderLibrary: Display: ShaderCodeLibraryPakFileMountedCallback: pending pak file info (ChunkID:-1 Root:root:/ File:C:/Program Files/Epic Games/UE_4.27/FeaturePacks/FP_FirstPersonBP.upack)
[2025.10.08-10.05.36:811][  0]LogPakFile: OnPakFileMounted2Time == 0.000057
[2025.10.08-10.05.36:812][  0]LogPakFile: PakFile PrimaryIndexSize=191
[2025.10.08-10.05.36:812][  0]LogPakFile: PakFile PathHashIndexSize=101
[2025.10.08-10.05.36:812][  0]LogPakFile: PakFile FullDirectoryIndexSize=160
[2025.10.08-10.05.36:812][  0]LogShaderLibrary: Display: ShaderCodeLibraryPakFileMountedCallback: PakFile 'C:/Program Files/Epic Games/UE_4.27/FeaturePacks/MobileStarterContent.upack' (chunk index -1, root 'root:/') mounted
[2025.10.08-10.05.36:812][  0]LogShaderLibrary: Display: ShaderCodeLibraryPakFileMountedCallback: pending pak file info (ChunkID:-1 Root:root:/ File:C:/Program Files/Epic Games/UE_4.27/FeaturePacks/MobileStarterContent.upack)
[2025.10.08-10.05.36:812][  0]LogPakFile: OnPakFileMounted2Time == 0.000055
[2025.10.08-10.05.36:813][  0]LogPakFile: PakFile PrimaryIndexSize=185
[2025.10.08-10.05.36:813][  0]LogPakFile: PakFile PathHashIndexSize=101
[2025.10.08-10.05.36:813][  0]LogPakFile: PakFile FullDirectoryIndexSize=148
[2025.10.08-10.05.36:813][  0]LogShaderLibrary: Display: ShaderCodeLibraryPakFileMountedCallback: PakFile 'C:/Program Files/Epic Games/UE_4.27/FeaturePacks/StarterContent.upack' (chunk index -1, root 'root:/') mounted
[2025.10.08-10.05.36:813][  0]LogShaderLibrary: Display: ShaderCodeLibraryPakFileMountedCallback: pending pak file info (ChunkID:-1 Root:root:/ File:C:/Program Files/Epic Games/UE_4.27/FeaturePacks/StarterContent.upack)
[2025.10.08-10.05.36:813][  0]LogPakFile: OnPakFileMounted2Time == 0.000056
[2025.10.08-10.05.36:814][  0]LogPakFile: PakFile PrimaryIndexSize=190
[2025.10.08-10.05.36:814][  0]LogPakFile: PakFile PathHashIndexSize=101
[2025.10.08-10.05.36:814][  0]LogPakFile: PakFile FullDirectoryIndexSize=154
[2025.10.08-10.05.36:814][  0]LogShaderLibrary: Display: ShaderCodeLibraryPakFileMountedCallback: PakFile 'C:/Program Files/Epic Games/UE_4.27/FeaturePacks/TP_2DSideScroller.upack' (chunk index -1, root 'root:/') mounted
[2025.10.08-10.05.36:814][  0]LogShaderLibrary: Display: ShaderCodeLibraryPakFileMountedCallback: pending pak file info (ChunkID:-1 Root:root:/ File:C:/Program Files/Epic Games/UE_4.27/FeaturePacks/TP_2DSideScroller.upack)
[2025.10.08-10.05.36:814][  0]LogPakFile: OnPakFileMounted2Time == 0.000057
[2025.10.08-10.05.36:814][  0]LogPakFile: PakFile PrimaryIndexSize=192
[2025.10.08-10.05.36:814][  0]LogPakFile: PakFile PathHashIndexSize=101
[2025.10.08-10.05.36:814][  0]LogPakFile: PakFile FullDirectoryIndexSize=158
[2025.10.08-10.05.36:814][  0]LogShaderLibrary: Display: ShaderCodeLibraryPakFileMountedCallback: PakFile 'C:/Program Files/Epic Games/UE_4.27/FeaturePacks/TP_2DSideScrollerBP.upack' (chunk index -1, root 'root:/') mounted
[2025.10.08-10.05.36:814][  0]LogShaderLibrary: Display: ShaderCodeLibraryPakFileMountedCallback: pending pak file info (ChunkID:-1 Root:root:/ File:C:/Program Files/Epic Games/UE_4.27/FeaturePacks/TP_2DSideScrollerBP.upack)
[2025.10.08-10.05.36:814][  0]LogPakFile: OnPakFileMounted2Time == 0.000052
[2025.10.08-10.05.36:815][  0]LogPakFile: PakFile PrimaryIndexSize=182
[2025.10.08-10.05.36:815][  0]LogPakFile: PakFile PathHashIndexSize=101
[2025.10.08-10.05.36:815][  0]LogPakFile: PakFile FullDirectoryIndexSize=138
[2025.10.08-10.05.36:815][  0]LogShaderLibrary: Display: ShaderCodeLibraryPakFileMountedCallback: PakFile 'C:/Program Files/Epic Games/UE_4.27/FeaturePacks/TP_Flying.upack' (chunk index -1, root 'root:/') mounted
[2025.10.08-10.05.36:815][  0]LogShaderLibrary: Display: ShaderCodeLibraryPakFileMountedCallback: pending pak file info (ChunkID:-1 Root:root:/ File:C:/Program Files/Epic Games/UE_4.27/FeaturePacks/TP_Flying.upack)
[2025.10.08-10.05.36:815][  0]LogPakFile: OnPakFileMounted2Time == 0.000050
[2025.10.08-10.05.36:816][  0]LogPakFile: PakFile PrimaryIndexSize=184
[2025.10.08-10.05.36:816][  0]LogPakFile: PakFile PathHashIndexSize=101
[2025.10.08-10.05.36:816][  0]LogPakFile: PakFile FullDirectoryIndexSize=142
[2025.10.08-10.05.36:816][  0]LogShaderLibrary: Display: ShaderCodeLibraryPakFileMountedCallback: PakFile 'C:/Program Files/Epic Games/UE_4.27/FeaturePacks/TP_FlyingBP.upack' (chunk index -1, root 'root:/') mounted
[2025.10.08-10.05.36:816][  0]LogShaderLibrary: Display: ShaderCodeLibraryPakFileMountedCallback: pending pak file info (ChunkID:-1 Root:root:/ File:C:/Program Files/Epic Games/UE_4.27/FeaturePacks/TP_FlyingBP.upack)
[2025.10.08-10.05.36:816][  0]LogPakFile: OnPakFileMounted2Time == 0.000046
[2025.10.08-10.05.36:817][  0]LogPakFile: PakFile PrimaryIndexSize=188
[2025.10.08-10.05.36:817][  0]LogPakFile: PakFile PathHashIndexSize=101
[2025.10.08-10.05.36:817][  0]LogPakFile: PakFile FullDirectoryIndexSize=150
[2025.10.08-10.05.36:817][  0]LogShaderLibrary: Display: ShaderCodeLibraryPakFileMountedCallback: PakFile 'C:/Program Files/Epic Games/UE_4.27/FeaturePacks/TP_HandheldARBP.upack' (chunk index -1, root 'root:/') mounted
[2025.10.08-10.05.36:817][  0]LogShaderLibrary: Display: ShaderCodeLibraryPakFileMountedCallback: pending pak file info (ChunkID:-1 Root:root:/ File:C:/Program Files/Epic Games/UE_4.27/FeaturePacks/TP_HandheldARBP.upack)
[2025.10.08-10.05.36:817][  0]LogPakFile: OnPakFileMounted2Time == 0.000048
[2025.10.08-10.05.36:818][  0]LogPakFile: PakFile PrimaryIndexSize=182
[2025.10.08-10.05.36:818][  0]LogPakFile: PakFile PathHashIndexSize=101
[2025.10.08-10.05.36:818][  0]LogPakFile: PakFile FullDirectoryIndexSize=138
[2025.10.08-10.05.36:818][  0]LogShaderLibrary: Display: ShaderCodeLibraryPakFileMountedCallback: PakFile 'C:/Program Files/Epic Games/UE_4.27/FeaturePacks/TP_Puzzle.upack' (chunk index -1, root 'root:/') mounted
[2025.10.08-10.05.36:818][  0]LogShaderLibrary: Display: ShaderCodeLibraryPakFileMountedCallback: pending pak file info (ChunkID:-1 Root:root:/ File:C:/Program Files/Epic Games/UE_4.27/FeaturePacks/TP_Puzzle.upack)
[2025.10.08-10.05.36:818][  0]LogPakFile: OnPakFileMounted2Time == 0.000050
[2025.10.08-10.05.36:818][  0]LogPakFile: PakFile PrimaryIndexSize=184
[2025.10.08-10.05.36:818][  0]LogPakFile: PakFile PathHashIndexSize=101
[2025.10.08-10.05.36:818][  0]LogPakFile: PakFile FullDirectoryIndexSize=142
[2025.10.08-10.05.36:818][  0]LogShaderLibrary: Display: ShaderCodeLibraryPakFileMountedCallback: PakFile 'C:/Program Files/Epic Games/UE_4.27/FeaturePacks/TP_PuzzleBP.upack' (chunk index -1, root 'root:/') mounted
[2025.10.08-10.05.36:818][  0]LogShaderLibrary: Display: ShaderCodeLibraryPakFileMountedCallback: pending pak file info (ChunkID:-1 Root:root:/ File:C:/Program Files/Epic Games/UE_4.27/FeaturePacks/TP_PuzzleBP.upack)
[2025.10.08-10.05.36:818][  0]LogPakFile: OnPakFileMounted2Time == 0.000051
[2025.10.08-10.05.36:819][  0]LogPakFile: PakFile PrimaryIndexSize=183
[2025.10.08-10.05.36:819][  0]LogPakFile: PakFile PathHashIndexSize=101
[2025.10.08-10.05.36:819][  0]LogPakFile: PakFile FullDirectoryIndexSize=140
[2025.10.08-10.05.36:819][  0]LogShaderLibrary: Display: ShaderCodeLibraryPakFileMountedCallback: PakFile 'C:/Program Files/Epic Games/UE_4.27/FeaturePacks/TP_Rolling.upack' (chunk index -1, root 'root:/') mounted
[2025.10.08-10.05.36:819][  0]LogShaderLibrary: Display: ShaderCodeLibraryPakFileMountedCallback: pending pak file info (ChunkID:-1 Root:root:/ File:C:/Program Files/Epic Games/UE_4.27/FeaturePacks/TP_Rolling.upack)
[2025.10.08-10.05.36:819][  0]LogPakFile: OnPakFileMounted2Time == 0.000047
[2025.10.08-10.05.36:820][  0]LogPakFile: PakFile PrimaryIndexSize=185
[2025.10.08-10.05.36:820][  0]LogPakFile: PakFile PathHashIndexSize=101
[2025.10.08-10.05.36:820][  0]LogPakFile: PakFile FullDirectoryIndexSize=144
[2025.10.08-10.05.36:820][  0]LogShaderLibrary: Display: ShaderCodeLibraryPakFileMountedCallback: PakFile 'C:/Program Files/Epic Games/UE_4.27/FeaturePacks/TP_RollingBP.upack' (chunk index -1, root 'root:/') mounted
[2025.10.08-10.05.36:820][  0]LogShaderLibrary: Display: ShaderCodeLibraryPakFileMountedCallback: pending pak file info (ChunkID:-1 Root:root:/ File:C:/Program Files/Epic Games/UE_4.27/FeaturePacks/TP_RollingBP.upack)
[2025.10.08-10.05.36:820][  0]LogPakFile: OnPakFileMounted2Time == 0.000045
[2025.10.08-10.05.36:821][  0]LogPakFile: PakFile PrimaryIndexSize=188
[2025.10.08-10.05.36:821][  0]LogPakFile: PakFile PathHashIndexSize=101
[2025.10.08-10.05.36:821][  0]LogPakFile: PakFile FullDirectoryIndexSize=150
[2025.10.08-10.05.36:821][  0]LogShaderLibrary: Display: ShaderCodeLibraryPakFileMountedCallback: PakFile 'C:/Program Files/Epic Games/UE_4.27/FeaturePacks/TP_SideScroller.upack' (chunk index -1, root 'root:/') mounted
[2025.10.08-10.05.36:821][  0]LogShaderLibrary: Display: ShaderCodeLibraryPakFileMountedCallback: pending pak file info (ChunkID:-1 Root:root:/ File:C:/Program Files/Epic Games/UE_4.27/FeaturePacks/TP_SideScroller.upack)
[2025.10.08-10.05.36:821][  0]LogPakFile: OnPakFileMounted2Time == 0.000054
[2025.10.08-10.05.36:821][  0]LogPakFile: PakFile PrimaryIndexSize=190
[2025.10.08-10.05.36:821][  0]LogPakFile: PakFile PathHashIndexSize=101
[2025.10.08-10.05.36:821][  0]LogPakFile: PakFile FullDirectoryIndexSize=154
[2025.10.08-10.05.36:821][  0]LogShaderLibrary: Display: ShaderCodeLibraryPakFileMountedCallback: PakFile 'C:/Program Files/Epic Games/UE_4.27/FeaturePacks/TP_SideScrollerBP.upack' (chunk index -1, root 'root:/') mounted
[2025.10.08-10.05.36:822][  0]LogShaderLibrary: Display: ShaderCodeLibraryPakFileMountedCallback: pending pak file info (ChunkID:-1 Root:root:/ File:C:/Program Files/Epic Games/UE_4.27/FeaturePacks/TP_SideScrollerBP.upack)
[2025.10.08-10.05.36:822][  0]LogPakFile: OnPakFileMounted2Time == 0.000071
[2025.10.08-10.05.36:822][  0]LogPakFile: PakFile PrimaryIndexSize=187
[2025.10.08-10.05.36:822][  0]LogPakFile: PakFile PathHashIndexSize=101
[2025.10.08-10.05.36:822][  0]LogPakFile: PakFile FullDirectoryIndexSize=148
[2025.10.08-10.05.36:822][  0]LogShaderLibrary: Display: ShaderCodeLibraryPakFileMountedCallback: PakFile 'C:/Program Files/Epic Games/UE_4.27/FeaturePacks/TP_ThirdPerson.upack' (chunk index -1, root 'root:/') mounted
[2025.10.08-10.05.36:822][  0]LogShaderLibrary: Display: ShaderCodeLibraryPakFileMountedCallback: pending pak file info (ChunkID:-1 Root:root:/ File:C:/Program Files/Epic Games/UE_4.27/FeaturePacks/TP_ThirdPerson.upack)
[2025.10.08-10.05.36:822][  0]LogPakFile: OnPakFileMounted2Time == 0.000048
[2025.10.08-10.05.36:823][  0]LogPakFile: PakFile PrimaryIndexSize=189
[2025.10.08-10.05.36:823][  0]LogPakFile: PakFile PathHashIndexSize=101
[2025.10.08-10.05.36:823][  0]LogPakFile: PakFile FullDirectoryIndexSize=152
[2025.10.08-10.05.36:823][  0]LogShaderLibrary: Display: ShaderCodeLibraryPakFileMountedCallback: PakFile 'C:/Program Files/Epic Games/UE_4.27/FeaturePacks/TP_ThirdPersonBP.upack' (chunk index -1, root 'root:/') mounted
[2025.10.08-10.05.36:823][  0]LogShaderLibrary: Display: ShaderCodeLibraryPakFileMountedCallback: pending pak file info (ChunkID:-1 Root:root:/ File:C:/Program Files/Epic Games/UE_4.27/FeaturePacks/TP_ThirdPersonBP.upack)
[2025.10.08-10.05.36:823][  0]LogPakFile: OnPakFileMounted2Time == 0.000048
[2025.10.08-10.05.36:824][  0]LogPakFile: PakFile PrimaryIndexSize=183
[2025.10.08-10.05.36:824][  0]LogPakFile: PakFile PathHashIndexSize=101
[2025.10.08-10.05.36:824][  0]LogPakFile: PakFile FullDirectoryIndexSize=140
[2025.10.08-10.05.36:824][  0]LogShaderLibrary: Display: ShaderCodeLibraryPakFileMountedCallback: PakFile 'C:/Program Files/Epic Games/UE_4.27/FeaturePacks/TP_TopDown.upack' (chunk index -1, root 'root:/') mounted
[2025.10.08-10.05.36:824][  0]LogShaderLibrary: Display: ShaderCodeLibraryPakFileMountedCallback: pending pak file info (ChunkID:-1 Root:root:/ File:C:/Program Files/Epic Games/UE_4.27/FeaturePacks/TP_TopDown.upack)
[2025.10.08-10.05.36:824][  0]LogPakFile: OnPakFileMounted2Time == 0.000058
[2025.10.08-10.05.36:824][  0]LogPakFile: PakFile PrimaryIndexSize=185
[2025.10.08-10.05.36:824][  0]LogPakFile: PakFile PathHashIndexSize=101
[2025.10.08-10.05.36:825][  0]LogPakFile: PakFile FullDirectoryIndexSize=144
[2025.10.08-10.05.36:825][  0]LogShaderLibrary: Display: ShaderCodeLibraryPakFileMountedCallback: PakFile 'C:/Program Files/Epic Games/UE_4.27/FeaturePacks/TP_TopDownBP.upack' (chunk index -1, root 'root:/') mounted
[2025.10.08-10.05.36:825][  0]LogShaderLibrary: Display: ShaderCodeLibraryPakFileMountedCallback: pending pak file info (ChunkID:-1 Root:root:/ File:C:/Program Files/Epic Games/UE_4.27/FeaturePacks/TP_TopDownBP.upack)
[2025.10.08-10.05.36:825][  0]LogPakFile: OnPakFileMounted2Time == 0.000064
[2025.10.08-10.05.36:825][  0]LogPakFile: PakFile PrimaryIndexSize=185
[2025.10.08-10.05.36:825][  0]LogPakFile: PakFile PathHashIndexSize=101
[2025.10.08-10.05.36:825][  0]LogPakFile: PakFile FullDirectoryIndexSize=144
[2025.10.08-10.05.36:825][  0]LogShaderLibrary: Display: ShaderCodeLibraryPakFileMountedCallback: PakFile 'C:/Program Files/Epic Games/UE_4.27/FeaturePacks/TP_TwinStick.upack' (chunk index -1, root 'root:/') mounted
[2025.10.08-10.05.36:825][  0]LogShaderLibrary: Display: ShaderCodeLibraryPakFileMountedCallback: pending pak file info (ChunkID:-1 Root:root:/ File:C:/Program Files/Epic Games/UE_4.27/FeaturePacks/TP_TwinStick.upack)
[2025.10.08-10.05.36:825][  0]LogPakFile: OnPakFileMounted2Time == 0.000051
[2025.10.08-10.05.36:826][  0]LogPakFile: PakFile PrimaryIndexSize=187
[2025.10.08-10.05.36:826][  0]LogPakFile: PakFile PathHashIndexSize=101
[2025.10.08-10.05.36:826][  0]LogPakFile: PakFile FullDirectoryIndexSize=148
[2025.10.08-10.05.36:826][  0]LogShaderLibrary: Display: ShaderCodeLibraryPakFileMountedCallback: PakFile 'C:/Program Files/Epic Games/UE_4.27/FeaturePacks/TP_TwinStickBP.upack' (chunk index -1, root 'root:/') mounted
[2025.10.08-10.05.36:826][  0]LogShaderLibrary: Display: ShaderCodeLibraryPakFileMountedCallback: pending pak file info (ChunkID:-1 Root:root:/ File:C:/Program Files/Epic Games/UE_4.27/FeaturePacks/TP_TwinStickBP.upack)
[2025.10.08-10.05.36:826][  0]LogPakFile: OnPakFileMounted2Time == 0.000048
[2025.10.08-10.05.36:827][  0]LogPakFile: PakFile PrimaryIndexSize=183
[2025.10.08-10.05.36:827][  0]LogPakFile: PakFile PathHashIndexSize=101
[2025.10.08-10.05.36:827][  0]LogPakFile: PakFile FullDirectoryIndexSize=140
[2025.10.08-10.05.36:827][  0]LogShaderLibrary: Display: ShaderCodeLibraryPakFileMountedCallback: PakFile 'C:/Program Files/Epic Games/UE_4.27/FeaturePacks/TP_Vehicle.upack' (chunk index -1, root 'root:/') mounted
[2025.10.08-10.05.36:827][  0]LogShaderLibrary: Display: ShaderCodeLibraryPakFileMountedCallback: pending pak file info (ChunkID:-1 Root:root:/ File:C:/Program Files/Epic Games/UE_4.27/FeaturePacks/TP_Vehicle.upack)
[2025.10.08-10.05.36:827][  0]LogPakFile: OnPakFileMounted2Time == 0.000052
[2025.10.08-10.05.36:828][  0]LogPakFile: PakFile PrimaryIndexSize=186
[2025.10.08-10.05.36:828][  0]LogPakFile: PakFile PathHashIndexSize=101
[2025.10.08-10.05.36:828][  0]LogPakFile: PakFile FullDirectoryIndexSize=146
[2025.10.08-10.05.36:828][  0]LogShaderLibrary: Display: ShaderCodeLibraryPakFileMountedCallback: PakFile 'C:/Program Files/Epic Games/UE_4.27/FeaturePacks/TP_VehicleAdv.upack' (chunk index -1, root 'root:/') mounted
[2025.10.08-10.05.36:828][  0]LogShaderLibrary: Display: ShaderCodeLibraryPakFileMountedCallback: pending pak file info (ChunkID:-1 Root:root:/ File:C:/Program Files/Epic Games/UE_4.27/FeaturePacks/TP_VehicleAdv.upack)
[2025.10.08-10.05.36:828][  0]LogPakFile: OnPakFileMounted2Time == 0.000050
[2025.10.08-10.05.36:829][  0]LogPakFile: PakFile PrimaryIndexSize=188
[2025.10.08-10.05.36:829][  0]LogPakFile: PakFile PathHashIndexSize=101
[2025.10.08-10.05.36:829][  0]LogPakFile: PakFile FullDirectoryIndexSize=150
[2025.10.08-10.05.36:829][  0]LogShaderLibrary: Display: ShaderCodeLibraryPakFileMountedCallback: PakFile 'C:/Program Files/Epic Games/UE_4.27/FeaturePacks/TP_VehicleAdvBP.upack' (chunk index -1, root 'root:/') mounted
[2025.10.08-10.05.36:829][  0]LogShaderLibrary: Display: ShaderCodeLibraryPakFileMountedCallback: pending pak file info (ChunkID:-1 Root:root:/ File:C:/Program Files/Epic Games/UE_4.27/FeaturePacks/TP_VehicleAdvBP.upack)
[2025.10.08-10.05.36:829][  0]LogPakFile: OnPakFileMounted2Time == 0.000049
[2025.10.08-10.05.36:829][  0]LogPakFile: PakFile PrimaryIndexSize=185
[2025.10.08-10.05.36:829][  0]LogPakFile: PakFile PathHashIndexSize=101
[2025.10.08-10.05.36:829][  0]LogPakFile: PakFile FullDirectoryIndexSize=144
[2025.10.08-10.05.36:829][  0]LogShaderLibrary: Display: ShaderCodeLibraryPakFileMountedCallback: PakFile 'C:/Program Files/Epic Games/UE_4.27/FeaturePacks/TP_VehicleBP.upack' (chunk index -1, root 'root:/') mounted
[2025.10.08-10.05.36:829][  0]LogShaderLibrary: Display: ShaderCodeLibraryPakFileMountedCallback: pending pak file info (ChunkID:-1 Root:root:/ File:C:/Program Files/Epic Games/UE_4.27/FeaturePacks/TP_VehicleBP.upack)
[2025.10.08-10.05.36:830][  0]LogPakFile: OnPakFileMounted2Time == 0.000055
[2025.10.08-10.05.36:830][  0]LogPakFile: PakFile PrimaryIndexSize=192
[2025.10.08-10.05.36:830][  0]LogPakFile: PakFile PathHashIndexSize=101
[2025.10.08-10.05.36:830][  0]LogPakFile: PakFile FullDirectoryIndexSize=158
[2025.10.08-10.05.36:830][  0]LogShaderLibrary: Display: ShaderCodeLibraryPakFileMountedCallback: PakFile 'C:/Program Files/Epic Games/UE_4.27/FeaturePacks/TP_VirtualRealityBP.upack' (chunk index -1, root 'root:/') mounted
[2025.10.08-10.05.36:830][  0]LogShaderLibrary: Display: ShaderCodeLibraryPakFileMountedCallback: pending pak file info (ChunkID:-1 Root:root:/ File:C:/Program Files/Epic Games/UE_4.27/FeaturePacks/TP_VirtualRealityBP.upack)
[2025.10.08-10.05.36:830][  0]LogPakFile: OnPakFileMounted2Time == 0.000057
[2025.10.08-10.05.36:891][  0]LogNativeClassHierarchy: Verbose: Native class hierarchy updated for 'AddContentDialog' in 0.0004 seconds. Added 0 classes and 0 folders.
[2025.10.08-10.05.36:892][  0]LogNativeClassHierarchy: Verbose: Native class hierarchy updated for 'SceneOutliner' in 0.0002 seconds. Added 2 classes and 0 folders.
[2025.10.08-10.05.36:943][  0]LogSlate: Took 0.000302 seconds to synchronously load lazily loaded font '../../../Engine/Content/Slate/Fonts/Roboto-Regular.ttf' (155K)
[2025.10.08-10.05.36:944][  0]LogSlate: Took 0.000200 seconds to synchronously load lazily loaded font '../../../Engine/Content/Editor/Slate/Fonts/FontAwesome.ttf' (139K)
[2025.10.08-10.05.36:945][  0]LogSlate: Took 0.000159 seconds to synchronously load lazily loaded font '../../../Engine/Content/Slate/Fonts/Roboto-Bold.ttf' (160K)
[2025.10.08-10.05.37:071][  0]LogRenderer: Reallocating scene render targets to support 1616x808 Format 10 NumSamples 1 (Frame:1).
[2025.10.08-10.05.37:282][  0]LogNativeClassHierarchy: Verbose: Native class hierarchy updated for 'HierarchicalLODOutliner' in 0.0003 seconds. Added 0 classes and 0 folders.
[2025.10.08-10.05.37:282][  0]LogLoad: (Engine Initialization) Total time: 9.52 seconds
[2025.10.08-10.05.37:282][  0]LogLoad: (Engine Initialization) Total Blueprint compile time: 0.00 seconds
[2025.10.08-10.05.37:341][  0]LogAssetRegistry: Asset discovery search completed in 5.7677 seconds
[2025.10.08-10.05.37:349][  0]LogCollectionManager: Fixed up redirectors for 0 collections in 0.000005 seconds (updated 0 objects)
[2025.10.08-10.05.37:351][  0]LogContentStreaming: Texture pool size now 1000 MB
[2025.10.08-10.05.37:433][  0]LogSlate: Took 0.000244 seconds to synchronously load lazily loaded font '../../../Engine/Content/Slate/Fonts/DroidSansMono.ttf' (77K)
[2025.10.08-10.05.37:479][  2]LogSlate: Took 0.000318 seconds to synchronously load lazily loaded font '../../../Engine/Content/Slate/Fonts/Roboto-Light.ttf' (167K)
[2025.10.08-10.05.40:659][214]LogSlate: Window 'Message Log' being destroyed
[2025.10.08-10.05.40:665][214]LogSlate: Window 'Message Log' being destroyed
[2025.10.08-10.05.41:711][291]LogTemp: Repeating last play command: Selected Viewport
[2025.10.08-10.05.41:718][291]LogPlayLevel: PlayLevel: No blueprints needed recompiling
[2025.10.08-10.05.41:719][291]PIE: New page: PIE session: Main (8 paź 2025, 14:05:41)
[2025.10.08-10.05.41:720][291]LogOnline: OSS: Creating online subsystem instance for: NULL
[2025.10.08-10.05.41:721][291]LogOnline: OSS: TryLoadSubsystemAndSetDefault: Loaded subsystem for module [NULL]
[2025.10.08-10.05.41:722][291]LogPlayLevel: Creating play world package: /Game/Levels/UEDPIE_0_Main
[2025.10.08-10.05.41:726][291]LogPlayLevel: PIE: StaticDuplicateObject took: (0.004446s)
[2025.10.08-10.05.41:727][291]LogAIModule: Creating AISystem for world Main
[2025.10.08-10.05.41:728][291]LogPlayLevel: PIE: World Init took: (0.001585s)
[2025.10.08-10.05.41:728][291]LogPlayLevel: PIE: Created PIE world by copying editor world from /Game/Levels/Main.Main to /Game/Levels/UEDPIE_0_Main.Main (0.006214s)
[2025.10.08-10.05.41:735][291]LogUObjectHash: Compacting FUObjectHashTables data took   0.90ms
[2025.10.08-10.05.41:737][291]LogAudio: Display: Creating Audio Device:                 Id: 2, Scope: Unique, Realtime: True
[2025.10.08-10.05.41:737][291]LogAudioMixer: Display: Audio Mixer Platform Settings:
[2025.10.08-10.05.41:737][291]LogAudioMixer: Display: 	Sample Rate:						  48000
[2025.10.08-10.05.41:737][291]LogAudioMixer: Display: 	Callback Buffer Frame Size Requested: 1024
[2025.10.08-10.05.41:737][291]LogAudioMixer: Display: 	Callback Buffer Frame Size To Use:	  1024
[2025.10.08-10.05.41:737][291]LogAudioMixer: Display: 	Number of buffers to queue:			  2
[2025.10.08-10.05.41:737][291]LogAudioMixer: Display: 	Max Channels (voices):				  32
[2025.10.08-10.05.41:737][291]LogAudioMixer: Display: 	Number of Async Source Workers:		  0
[2025.10.08-10.05.41:737][291]LogAudio: Display: AudioDevice MaxSources: 32
[2025.10.08-10.05.41:737][291]LogAudio: Display: Audio Spatialization Plugin: None (built-in).
[2025.10.08-10.05.41:737][291]LogAudio: Display: Audio Reverb Plugin: None (built-in).
[2025.10.08-10.05.41:737][291]LogAudio: Display: Audio Occlusion Plugin: None (built-in).
[2025.10.08-10.05.41:737][291]LogAudioMixer: Display: Initializing audio mixer.
[2025.10.08-10.05.41:740][291]LogAudioMixer: Display: 0: FrontLeft
[2025.10.08-10.05.41:740][291]LogAudioMixer: Display: 1: FrontRight
[2025.10.08-10.05.41:751][291]LogAudioMixer: Display: Using Audio Device Głośniki (High Definition Audio Device)
[2025.10.08-10.05.41:751][291]LogAudioMixer: Display: Initializing Sound Submixes...
[2025.10.08-10.05.41:751][291]LogAudioMixer: Display: Creating Master Submix 'MasterSubmixDefault'
[2025.10.08-10.05.41:751][291]LogAudioMixer: Display: Creating Master Submix 'MasterReverbSubmixDefault'
[2025.10.08-10.05.41:751][291]LogAudioMixer: Display: Creating Master Submix 'MasterEQSubmixDefault'
[2025.10.08-10.05.41:752][291]LogAudioMixer: FMixerPlatformXAudio2::StartAudioStream() called
[2025.10.08-10.05.41:752][291]LogAudioMixer: Display: Output buffers initialized: Frames=1024, Channels=2, Samples=2048
[2025.10.08-10.05.41:753][291]LogAudioMixer: Display: Starting AudioMixerPlatformInterface::RunInternal()
[2025.10.08-10.05.41:753][291]LogAudioMixer: Display: FMixerPlatformXAudio2::SubmitBuffer() called for the first time
[2025.10.08-10.05.41:753][291]LogInit: FAudioDevice initialized.
[2025.10.08-10.05.41:753][291]LogAudio: Display: Audio Device (ID: 2) registered with world 'Main'.
[2025.10.08-10.05.41:764][291]LogLoad: Game class is 'BP_GameMode_01_C'
[2025.10.08-10.05.41:767][291]LogWorld: Bringing World /Game/Levels/UEDPIE_0_Main.Main up for play (max tick rate 0) at 2025.10.08-12.05.41
[2025.10.08-10.05.41:767][291]LogWorld: Bringing up level for play took: 0.001584
[2025.10.08-10.05.41:768][291]LogOnline: OSS: Creating online subsystem instance for: :Context_4
[2025.10.08-10.05.41:771][291]LogNativeClassHierarchy: Verbose: Native class hierarchy updated for 'MovieSceneCapture' in 0.0004 seconds. Added 20 classes and 0 folders.
[2025.10.08-10.05.41:773][291]PIE: Server logged in
[2025.10.08-10.05.41:775][291]PIE: Play in editor total start time 0,058 seconds.
[2025.10.08-10.05.44:574][503]LogSlate: Updating window title bar state: overlay mode, drag disabled, window buttons hidden, title bar hidden
[2025.10.08-10.05.44:574][503]LogWorld: BeginTearingDown for /Game/Levels/UEDPIE_0_Main
[2025.10.08-10.05.44:574][503]LogWorld: UWorld::CleanupWorld for Main, bSessionEnded=true, bCleanupResources=true
[2025.10.08-10.05.44:575][503]LogSlate: InvalidateAllWidgets triggered.  All widgets were invalidated
[2025.10.08-10.05.44:586][503]LogPlayLevel: Display: Shutting down PIE online subsystems
[2025.10.08-10.05.44:588][503]LogSlate: InvalidateAllWidgets triggered.  All widgets were invalidated
[2025.10.08-10.05.44:594][503]LogAudio: Display: Audio Device unregistered from world 'None'.
[2025.10.08-10.05.44:595][503]LogAudioMixer: FMixerPlatformXAudio2::StopAudioStream() called
[2025.10.08-10.05.44:596][503]LogAudioMixer: FMixerPlatformXAudio2::StopAudioStream() called
[2025.10.08-10.05.44:598][503]LogSlate: Updating window title bar state: overlay mode, drag disabled, window buttons hidden, title bar hidden
[2025.10.08-10.05.44:600][503]LogUObjectHash: Compacting FUObjectHashTables data took   1.01ms
[2025.10.08-10.05.44:686][505]LogPlayLevel: Display: Destroying online subsystem :Context_4
[2025.10.08-10.06.01:602][495]LogSlate: Took 0.000204 seconds to synchronously load lazily loaded font '../../../Engine/Content/Slate/Fonts/Roboto-Light.ttf' (167K)
[2025.10.08-10.06.01:620][495]LogAssetEditorSubsystem: Opening Asset editor for Blueprint /Game/BluePrintClass/BP_PLAYER.BP_PLAYER
[2025.10.08-10.06.01:880][495]LogNativeClassHierarchy: Verbose: Native class hierarchy updated for 'BlueprintGraph' in 0.0007 seconds. Added 126 classes and 0 folders.
[2025.10.08-10.06.03:440][495]LogSlate: Took 0.000236 seconds to synchronously load lazily loaded font '../../../Engine/Content/Slate/Fonts/Roboto-BoldCondensed.ttf' (158K)
[2025.10.08-10.06.03:559][496]LogSlate: Took 0.000247 seconds to synchronously load lazily loaded font '../../../Engine/Content/Slate/Fonts/Roboto-Italic.ttf' (157K)
[2025.10.08-10.06.22:535][718]LogUdpMessaging: Warning: FUdpMessageProcessor::UpdateReassemblers Discarding 1/2 of stale message segements from Sender=155.158.72.33:62928, Sequence=0
[2025.10.08-10.06.25:392][836]LogAssetEditorSubsystem: Opening Asset editor for Blueprint /Game/BluePrintClass/BP_Spider.BP_Spider
[2025.10.08-10.06.29:488][ 38]LogSlate: Window 'BP_Spider' being destroyed
[2025.10.08-10.07.10:569][991]LogScript: Warning: Accessed None trying to read property CallFunc_TryGetPawnOwner_ReturnValue
	AB_Spider_01_C /Engine/Transient.World_8:PersistentLevel.SkeletalMeshActor_0.SkeletalMeshComponent0.AB_Spider_01_C_0
	Function /Game/Characters/Enemy_Great_Spider/Animations/AB_Spider_01.AB_Spider_01_C:ExecuteUbergraph_AB_Spider_01:0040
[2025.10.08-10.07.16:342][210]LogUdpMessaging: Warning: FUdpMessageProcessor::UpdateReassemblers Discarding 1/2 of stale message segements from Sender=155.158.72.131:50774, Sequence=0
[2025.10.08-10.07.38:751][ 16]LogAnimationCompression: Building Anim DDC data for AnimSequence /Game/Characters/Enemy_Great_Spider/Animations/ExoGame_Greater_Spider_Attack_Melee.ExoGame_Greater_Spider_Attack_Melee
[2025.10.08-10.07.38:803][ 16]LogAssetEditorSubsystem: Opening Asset editor for AnimSequence /Game/Characters/Enemy_Great_Spider/Animations/ExoGame_Greater_Spider_Attack_Melee.ExoGame_Greater_Spider_Attack_Melee
[2025.10.08-10.07.38:832][ 16]LogNativeClassHierarchy: Verbose: Native class hierarchy updated for 'SkeletonEditor' in 0.0004 seconds. Added 1 classes and 2 folders.
[2025.10.08-10.07.38:842][ 16]LogTexture: Default maximum texture size for cubemaps generated from long-lat sources has been changed from 512 to unlimited. In order to preserve old behaiour for '/Engine/EditorMaterials/AssetViewer/EpicQuadPanorama_CC+EV1.EpicQuadPanorama_CC+EV1', its maximum texture size has been explicitly set to 512.
[2025.10.08-10.07.38:985][ 16]LogTexture: Default maximum texture size for cubemaps generated from long-lat sources has been changed from 512 to unlimited. In order to preserve old behaiour for '/Engine/MapTemplates/Sky/SunsetAmbientCubemap.SunsetAmbientCubemap', its maximum texture size has been explicitly set to 512.
[2025.10.08-10.07.39:105][ 16]LogActorComponent: RegisterComponentWithWorld: (/Engine/Transient.World_9:PersistentLevel.AnimationEditorPreviewActor_0.DebugSkelMeshComponent_0) Already registered. Aborting.
[2025.10.08-10.07.39:112][ 16]LogNativeClassHierarchy: Verbose: Native class hierarchy updated for 'PinnedCommandList' in 0.0004 seconds. Added 1 classes and 0 folders.
[2025.10.08-10.07.40:244][ 16]LogContentBrowser: Verbose: The majority of assets in the view are of type: AnimSequence
[2025.10.08-10.07.41:368][108]LogUdpMessaging: Warning: FUdpMessageProcessor::UpdateReassemblers Discarding 1/2 of stale message segements from Sender=155.158.72.131:50774, Sequence=0
[2025.10.08-10.07.43:421][279]LogWorld: UWorld::CleanupWorld for World_9, bSessionEnded=true, bCleanupResources=true
[2025.10.08-10.07.43:421][279]LogSlate: InvalidateAllWidgets triggered.  All widgets were invalidated
[2025.10.08-10.07.43:449][279]LogWorld: UWorld::CleanupWorld for World_11, bSessionEnded=true, bCleanupResources=true
[2025.10.08-10.07.43:449][279]LogSlate: InvalidateAllWidgets triggered.  All widgets were invalidated
[2025.10.08-10.07.43:519][279]LogWorld: UWorld::CleanupWorld for World_10, bSessionEnded=true, bCleanupResources=true
[2025.10.08-10.07.43:520][279]LogSlate: InvalidateAllWidgets triggered.  All widgets were invalidated
[2025.10.08-10.07.57:809][980]LogAnimationCompression: Building Anim DDC data for AnimSequence /Game/Characters/Enemy_Great_Spider/Animations/ExoGame_Greater_Spider_Attack_Melee_B.ExoGame_Greater_Spider_Attack_Melee_B
[2025.10.08-10.08.04:368][303]LogContentBrowser: Deferred new asset file creation: ExoGame_Greater_Spider_Attack_Melee_B_Montage
[2025.10.08-10.08.04:392][303]LogContentBrowser: Creating deferred item: ExoGame_Greater_Spider_Attack_Melee_B_Montage
[2025.10.08-10.08.11:716][818]LogContentBrowser: Attempting asset rename: ExoGame_Greater_Spider_Attack_Melee_B_Montage -> SpiderAttack02
[2025.10.08-10.08.11:718][818]LogContentBrowser: End creating deferred item ExoGame_Greater_Spider_Attack_Melee_B_Montage
[2025.10.08-10.08.14:930][990]LogAssetEditorSubsystem: Opening Asset editor for AnimMontage /Game/Characters/Enemy_Great_Spider/Animations/SpiderAttack02.SpiderAttack02
[2025.10.08-10.08.14:936][990]LogActorComponent: RegisterComponentWithWorld: (/Engine/Transient.World_12:PersistentLevel.AnimationEditorPreviewActor_0.DebugSkelMeshComponent_0) Already registered. Aborting.
[2025.10.08-10.08.15:462][995]LogUdpMessaging: Warning: FUdpMessageProcessor::UpdateReassemblers Discarding 1/2 of stale message segements from Sender=155.158.72.33:62928, Sequence=0
[2025.10.08-10.08.23:356][651]LogUdpMessaging: Warning: FUdpMessageProcessor::UpdateReassemblers Discarding 1/2 of stale message segements from Sender=155.158.72.227:50093, Sequence=0
[2025.10.08-10.08.29:728][ 94]LogWorld: UWorld::CleanupWorld for World_14, bSessionEnded=true, bCleanupResources=true
[2025.10.08-10.08.29:728][ 94]LogSlate: InvalidateAllWidgets triggered.  All widgets were invalidated
[2025.10.08-10.08.30:828][162]LogWorld: UWorld::CleanupWorld for World_15, bSessionEnded=true, bCleanupResources=true
[2025.10.08-10.08.30:828][162]LogSlate: InvalidateAllWidgets triggered.  All widgets were invalidated
[2025.10.08-10.09.08:973][689]LogUdpMessaging: Warning: FUdpMessageProcessor::UpdateReassemblers Discarding 1/2 of stale message segements from Sender=155.158.72.131:52957, Sequence=0
[2025.10.08-10.09.12:438][911]LogWorld: UWorld::CleanupWorld for World_16, bSessionEnded=true, bCleanupResources=true
[2025.10.08-10.09.12:439][911]LogSlate: InvalidateAllWidgets triggered.  All widgets were invalidated
[2025.10.08-10.09.31:254][180]LogUdpMessaging: Warning: FUdpMessageProcessor::UpdateReassemblers Discarding 1/2 of stale message segements from Sender=155.158.72.227:50093, Sequence=0
[2025.10.08-10.09.54:438][534]LogAssetEditorSubsystem: Opening Asset editor for AnimBlueprint /Game/Characters/Enemy_Great_Spider/Animations/AB_Spider_01.AB_Spider_01
[2025.10.08-10.09.54:452][534]LogActorComponent: RegisterComponentWithWorld: (/Engine/Transient.World_19:PersistentLevel.AnimationEditorPreviewActor_0.DebugSkelMeshComponent_0) Already registered. Aborting.
[2025.10.08-10.09.54:452][534]LogScript: Warning: Accessed None trying to read property CallFunc_TryGetPawnOwner_ReturnValue
	AB_Spider_01_C /Engine/Transient.World_19:PersistentLevel.AnimationEditorPreviewActor_0.DebugSkelMeshComponent_0.AB_Spider_01_C_0
	Function /Game/Characters/Enemy_Great_Spider/Animations/AB_Spider_01.AB_Spider_01_C:ExecuteUbergraph_AB_Spider_01:0040
[2025.10.08-10.09.55:360][534]LogScript: Warning: Accessed None trying to read property CallFunc_TryGetPawnOwner_ReturnValue
	AB_Spider_01_C /Engine/Transient.World_19:PersistentLevel.AnimationEditorPreviewActor_0.DebugSkelMeshComponent_0.AB_Spider_01_C_0
	Function /Game/Characters/Enemy_Great_Spider/Animations/AB_Spider_01.AB_Spider_01_C:ExecuteUbergraph_AB_Spider_01:0040
[2025.10.08-10.09.55:717][537]LogScript: Warning: Accessed None trying to read property CallFunc_TryGetPawnOwner_ReturnValue
	AB_Spider_01_C /Engine/Transient.World_19:PersistentLevel.AnimationEditorPreviewActor_0.DebugSkelMeshComponent_0.AB_Spider_01_C_0
	Function /Game/Characters/Enemy_Great_Spider/Animations/AB_Spider_01.AB_Spider_01_C:ExecuteUbergraph_AB_Spider_01:0040
[2025.10.08-10.09.55:739][538]LogScript: Warning: Accessed None trying to read property CallFunc_TryGetPawnOwner_ReturnValue
	AB_Spider_01_C /Engine/Transient.World_19:PersistentLevel.AnimationEditorPreviewActor_0.DebugSkelMeshComponent_0.AB_Spider_01_C_0
	Function /Game/Characters/Enemy_Great_Spider/Animations/AB_Spider_01.AB_Spider_01_C:ExecuteUbergraph_AB_Spider_01:0040
[2025.10.08-10.09.55:757][539]LogScript: Warning: Accessed None trying to read property CallFunc_TryGetPawnOwner_ReturnValue
	AB_Spider_01_C /Engine/Transient.World_19:PersistentLevel.AnimationEditorPreviewActor_0.DebugSkelMeshComponent_0.AB_Spider_01_C_0
	Function /Game/Characters/Enemy_Great_Spider/Animations/AB_Spider_01.AB_Spider_01_C:ExecuteUbergraph_AB_Spider_01:0040
[2025.10.08-10.09.55:768][540]LogScript: Warning: Accessed None trying to read property CallFunc_TryGetPawnOwner_ReturnValue
	AB_Spider_01_C /Engine/Transient.World_19:PersistentLevel.AnimationEditorPreviewActor_0.DebugSkelMeshComponent_0.AB_Spider_01_C_0
	Function /Game/Characters/Enemy_Great_Spider/Animations/AB_Spider_01.AB_Spider_01_C:ExecuteUbergraph_AB_Spider_01:0040
[2025.10.08-10.09.55:779][541]LogScript: Warning: Accessed None trying to read property CallFunc_TryGetPawnOwner_ReturnValue
	AB_Spider_01_C /Engine/Transient.World_19:PersistentLevel.AnimationEditorPreviewActor_0.DebugSkelMeshComponent_0.AB_Spider_01_C_0
	Function /Game/Characters/Enemy_Great_Spider/Animations/AB_Spider_01.AB_Spider_01_C:ExecuteUbergraph_AB_Spider_01:0040
[2025.10.08-10.09.55:794][542]LogScript: Warning: Accessed None trying to read property CallFunc_TryGetPawnOwner_ReturnValue
	AB_Spider_01_C /Engine/Transient.World_19:PersistentLevel.AnimationEditorPreviewActor_0.DebugSkelMeshComponent_0.AB_Spider_01_C_0
	Function /Game/Characters/Enemy_Great_Spider/Animations/AB_Spider_01.AB_Spider_01_C:ExecuteUbergraph_AB_Spider_01:0040
[2025.10.08-10.09.55:804][543]LogScript: Warning: Accessed None trying to read property CallFunc_TryGetPawnOwner_ReturnValue
	AB_Spider_01_C /Engine/Transient.World_19:PersistentLevel.AnimationEditorPreviewActor_0.DebugSkelMeshComponent_0.AB_Spider_01_C_0
	Function /Game/Characters/Enemy_Great_Spider/Animations/AB_Spider_01.AB_Spider_01_C:ExecuteUbergraph_AB_Spider_01:0040
[2025.10.08-10.09.55:812][544]LogScript: Warning: Accessed None trying to read property CallFunc_TryGetPawnOwner_ReturnValue
	AB_Spider_01_C /Engine/Transient.World_19:PersistentLevel.AnimationEditorPreviewActor_0.DebugSkelMeshComponent_0.AB_Spider_01_C_0
	Function /Game/Characters/Enemy_Great_Spider/Animations/AB_Spider_01.AB_Spider_01_C:ExecuteUbergraph_AB_Spider_01:0040
[2025.10.08-10.09.55:826][545]LogScript: Warning: Accessed None trying to read property CallFunc_TryGetPawnOwner_ReturnValue
	AB_Spider_01_C /Engine/Transient.World_19:PersistentLevel.AnimationEditorPreviewActor_0.DebugSkelMeshComponent_0.AB_Spider_01_C_0
	Function /Game/Characters/Enemy_Great_Spider/Animations/AB_Spider_01.AB_Spider_01_C:ExecuteUbergraph_AB_Spider_01:0040
[2025.10.08-10.09.55:836][546]LogScript: Warning: Accessed None trying to read property CallFunc_TryGetPawnOwner_ReturnValue
	AB_Spider_01_C /Engine/Transient.World_19:PersistentLevel.AnimationEditorPreviewActor_0.DebugSkelMeshComponent_0.AB_Spider_01_C_0
	Function /Game/Characters/Enemy_Great_Spider/Animations/AB_Spider_01.AB_Spider_01_C:ExecuteUbergraph_AB_Spider_01:0040
[2025.10.08-10.09.55:844][547]LogScript: Warning: Accessed None trying to read property CallFunc_TryGetPawnOwner_ReturnValue
	AB_Spider_01_C /Engine/Transient.World_19:PersistentLevel.AnimationEditorPreviewActor_0.DebugSkelMeshComponent_0.AB_Spider_01_C_0
	Function /Game/Characters/Enemy_Great_Spider/Animations/AB_Spider_01.AB_Spider_01_C:ExecuteUbergraph_AB_Spider_01:0040
[2025.10.08-10.09.55:859][548]LogScript: Warning: Accessed None trying to read property CallFunc_TryGetPawnOwner_ReturnValue
	AB_Spider_01_C /Engine/Transient.World_19:PersistentLevel.AnimationEditorPreviewActor_0.DebugSkelMeshComponent_0.AB_Spider_01_C_0
	Function /Game/Characters/Enemy_Great_Spider/Animations/AB_Spider_01.AB_Spider_01_C:ExecuteUbergraph_AB_Spider_01:0040
[2025.10.08-10.09.55:868][549]LogScript: Warning: Accessed None trying to read property CallFunc_TryGetPawnOwner_ReturnValue
	AB_Spider_01_C /Engine/Transient.World_19:PersistentLevel.AnimationEditorPreviewActor_0.DebugSkelMeshComponent_0.AB_Spider_01_C_0
	Function /Game/Characters/Enemy_Great_Spider/Animations/AB_Spider_01.AB_Spider_01_C:ExecuteUbergraph_AB_Spider_01:0040
[2025.10.08-10.10.15:237][425]LogTemp: Repeating last play command: Selected Viewport
[2025.10.08-10.10.15:245][425]LogPlayLevel: PlayLevel: No blueprints needed recompiling
[2025.10.08-10.10.15:245][425]PIE: New page: PIE session: Main (8 paź 2025, 14:10:15)
[2025.10.08-10.10.15:245][425]LogPlayLevel: Creating play world package: /Game/Levels/UEDPIE_0_Main
[2025.10.08-10.10.15:250][425]LogPlayLevel: PIE: StaticDuplicateObject took: (0.004801s)
[2025.10.08-10.10.15:252][425]LogAIModule: Creating AISystem for world Main
[2025.10.08-10.10.15:252][425]LogPlayLevel: PIE: World Init took: (0.002025s)
[2025.10.08-10.10.15:252][425]LogPlayLevel: PIE: Created PIE world by copying editor world from /Game/Levels/Main.Main to /Game/Levels/UEDPIE_0_Main.Main (0.006990s)
[2025.10.08-10.10.15:358][425]LogUObjectHash: Compacting FUObjectHashTables data took   6.50ms
[2025.10.08-10.10.15:363][425]LogAudio: Display: Creating Audio Device:                 Id: 3, Scope: Unique, Realtime: True
[2025.10.08-10.10.15:363][425]LogAudioMixer: Display: Audio Mixer Platform Settings:
[2025.10.08-10.10.15:363][425]LogAudioMixer: Display: 	Sample Rate:						  48000
[2025.10.08-10.10.15:363][425]LogAudioMixer: Display: 	Callback Buffer Frame Size Requested: 1024
[2025.10.08-10.10.15:363][425]LogAudioMixer: Display: 	Callback Buffer Frame Size To Use:	  1024
[2025.10.08-10.10.15:363][425]LogAudioMixer: Display: 	Number of buffers to queue:			  2
[2025.10.08-10.10.15:363][425]LogAudioMixer: Display: 	Max Channels (voices):				  32
[2025.10.08-10.10.15:363][425]LogAudioMixer: Display: 	Number of Async Source Workers:		  0
[2025.10.08-10.10.15:363][425]LogAudio: Display: AudioDevice MaxSources: 32
[2025.10.08-10.10.15:363][425]LogAudio: Display: Audio Spatialization Plugin: None (built-in).
[2025.10.08-10.10.15:363][425]LogAudio: Display: Audio Reverb Plugin: None (built-in).
[2025.10.08-10.10.15:363][425]LogAudio: Display: Audio Occlusion Plugin: None (built-in).
[2025.10.08-10.10.15:363][425]LogAudioMixer: Display: Initializing audio mixer.
[2025.10.08-10.10.15:367][425]LogAudioMixer: Display: 0: FrontLeft
[2025.10.08-10.10.15:367][425]LogAudioMixer: Display: 1: FrontRight
[2025.10.08-10.10.15:378][425]LogAudioMixer: Display: Using Audio Device Głośniki (High Definition Audio Device)
[2025.10.08-10.10.15:378][425]LogAudioMixer: Display: Initializing Sound Submixes...
[2025.10.08-10.10.15:378][425]LogAudioMixer: Display: Creating Master Submix 'MasterSubmixDefault'
[2025.10.08-10.10.15:378][425]LogAudioMixer: Display: Creating Master Submix 'MasterReverbSubmixDefault'
[2025.10.08-10.10.15:379][425]LogAudioMixer: Display: Creating Master Submix 'MasterEQSubmixDefault'
[2025.10.08-10.10.15:379][425]LogAudioMixer: FMixerPlatformXAudio2::StartAudioStream() called
[2025.10.08-10.10.15:379][425]LogAudioMixer: Display: Output buffers initialized: Frames=1024, Channels=2, Samples=2048
[2025.10.08-10.10.15:379][425]LogAudioMixer: Display: Starting AudioMixerPlatformInterface::RunInternal()
[2025.10.08-10.10.15:379][425]LogAudioMixer: Display: FMixerPlatformXAudio2::SubmitBuffer() called for the first time
[2025.10.08-10.10.15:379][425]LogInit: FAudioDevice initialized.
[2025.10.08-10.10.15:379][425]LogAudio: Display: Audio Device (ID: 3) registered with world 'Main'.
[2025.10.08-10.10.15:437][425]LogSlate: Updating window title bar state: overlay mode, drag disabled, window buttons hidden, title bar hidden
[2025.10.08-10.10.15:437][425]LogLoad: Game class is 'BP_GameMode_01_C'
[2025.10.08-10.10.15:439][425]LogWorld: Bringing World /Game/Levels/UEDPIE_0_Main.Main up for play (max tick rate 0) at 2025.10.08-12.10.15
[2025.10.08-10.10.15:440][425]LogWorld: Bringing up level for play took: 0.002082
[2025.10.08-10.10.15:440][425]LogOnline: OSS: Creating online subsystem instance for: :Context_23
[2025.10.08-10.10.15:446][425]PIE: Server logged in
[2025.10.08-10.10.15:447][425]PIE: Play in editor total start time 0,203 seconds.
[2025.10.08-10.10.15:974][455]LogUdpMessaging: Warning: FUdpMessageProcessor::UpdateReassemblers Discarding 1/2 of stale message segements from Sender=155.158.72.131:50774, Sequence=0
[2025.10.08-10.10.29:336][281]LogSlate: Updating window title bar state: overlay mode, drag disabled, window buttons hidden, title bar hidden
[2025.10.08-10.10.29:336][281]LogWorld: BeginTearingDown for /Game/Levels/UEDPIE_0_Main
[2025.10.08-10.10.29:337][281]LogSlate: Window 'TopDownAC Preview [NetMode: Standalone]  (64-bit/Windows) ' being destroyed
[2025.10.08-10.10.29:343][281]LogWorld: UWorld::CleanupWorld for Main, bSessionEnded=true, bCleanupResources=true
[2025.10.08-10.10.29:343][281]LogSlate: InvalidateAllWidgets triggered.  All widgets were invalidated
[2025.10.08-10.10.29:358][281]LogPlayLevel: Display: Shutting down PIE online subsystems
[2025.10.08-10.10.29:369][281]LogSlate: InvalidateAllWidgets triggered.  All widgets were invalidated
[2025.10.08-10.10.29:411][281]LogAudioMixer: FMixerPlatformXAudio2::StopAudioStream() called
[2025.10.08-10.10.29:412][281]LogAudioMixer: FMixerPlatformXAudio2::StopAudioStream() called
[2025.10.08-10.10.29:427][281]LogUObjectHash: Compacting FUObjectHashTables data took   5.01ms
[2025.10.08-10.10.29:448][282]LogPlayLevel: Display: Destroying online subsystem :Context_23
[2025.10.08-10.10.46:008][857]LogUdpMessaging: Warning: FUdpMessageProcessor::UpdateReassemblers Discarding 1/2 of stale message segements from Sender=155.158.72.33:62928, Sequence=0
[2025.10.08-10.11.18:585][ 45]LogUdpMessaging: Warning: FUdpMessageProcessor::UpdateReassemblers Discarding 1/2 of stale message segements from Sender=155.158.72.131:50774, Sequence=0
[2025.10.08-10.12.08:376][644]LogWorld: UWorld::CleanupWorld for World_17, bSessionEnded=true, bCleanupResources=true
[2025.10.08-10.12.08:377][644]LogSlate: InvalidateAllWidgets triggered.  All widgets were invalidated
[2025.10.08-10.12.30:027][125]LogWorld: UWorld::CleanupWorld for World_21, bSessionEnded=true, bCleanupResources=true
[2025.10.08-10.12.30:027][125]LogSlate: InvalidateAllWidgets triggered.  All widgets were invalidated
[2025.10.08-10.12.34:002][466]LogUdpMessaging: Warning: FUdpMessageProcessor::UpdateReassemblers Discarding 1/2 of stale message segements from Sender=155.158.72.149:53345, Sequence=0
[2025.10.08-10.12.36:460][695]LogUdpMessaging: Warning: FUdpMessageProcessor::UpdateReassemblers Discarding 1/2 of stale message segements from Sender=155.158.72.131:50774, Sequence=0
[2025.10.08-10.12.53:470][570]BlueprintLog: New page: Compile AB_Spider_01
[2025.10.08-10.12.53:511][570]LogScript: Warning: Accessed None trying to read property CallFunc_TryGetPawnOwner_ReturnValue
	AB_Spider_01_C /Engine/Transient.World_8:PersistentLevel.SkeletalMeshActor_0.SkeletalMeshComponent0.AB_Spider_01_C_1
	Function /Game/Characters/Enemy_Great_Spider/Animations/AB_Spider_01.AB_Spider_01_C:ExecuteUbergraph_AB_Spider_01:0040
[2025.10.08-10.12.53:511][570]LogScript: Warning: Accessed None trying to read property CallFunc_TryGetPawnOwner_ReturnValue
	AB_Spider_01_C /Engine/Transient.World_19:PersistentLevel.AnimationEditorPreviewActor_0.DebugSkelMeshComponent_0.AB_Spider_01_C_1
	Function /Game/Characters/Enemy_Great_Spider/Animations/AB_Spider_01.AB_Spider_01_C:ExecuteUbergraph_AB_Spider_01:0040
[2025.10.08-10.12.53:567][570]LogUObjectHash: Compacting FUObjectHashTables data took   6.13ms
[2025.10.08-10.12.53:582][570]LogScript: Warning: Accessed None trying to read property CallFunc_TryGetPawnOwner_ReturnValue
	AB_Spider_01_C /Engine/Transient.World_19:PersistentLevel.AnimationEditorPreviewActor_0.DebugSkelMeshComponent_0.AB_Spider_01_C_1
	Function /Game/Characters/Enemy_Great_Spider/Animations/AB_Spider_01.AB_Spider_01_C:ExecuteUbergraph_AB_Spider_01:0040
[2025.10.08-10.12.53:619][571]LogScript: Warning: Accessed None trying to read property CallFunc_TryGetPawnOwner_ReturnValue
	AB_Spider_01_C /Engine/Transient.World_19:PersistentLevel.AnimationEditorPreviewActor_0.DebugSkelMeshComponent_0.AB_Spider_01_C_1
	Function /Game/Characters/Enemy_Great_Spider/Animations/AB_Spider_01.AB_Spider_01_C:ExecuteUbergraph_AB_Spider_01:0040
[2025.10.08-10.12.53:718][572]LogScript: Warning: Accessed None trying to read property CallFunc_TryGetPawnOwner_ReturnValue
	AB_Spider_01_C /Engine/Transient.World_19:PersistentLevel.AnimationEditorPreviewActor_0.DebugSkelMeshComponent_0.AB_Spider_01_C_1
	Function /Game/Characters/Enemy_Great_Spider/Animations/AB_Spider_01.AB_Spider_01_C:ExecuteUbergraph_AB_Spider_01:0040
[2025.10.08-10.12.53:728][573]LogScript: Warning: Accessed None trying to read property CallFunc_TryGetPawnOwner_ReturnValue
	AB_Spider_01_C /Engine/Transient.World_19:PersistentLevel.AnimationEditorPreviewActor_0.DebugSkelMeshComponent_0.AB_Spider_01_C_1
	Function /Game/Characters/Enemy_Great_Spider/Animations/AB_Spider_01.AB_Spider_01_C:ExecuteUbergraph_AB_Spider_01:0040
[2025.10.08-10.12.53:746][574]LogScript: Warning: Accessed None trying to read property CallFunc_TryGetPawnOwner_ReturnValue
	AB_Spider_01_C /Engine/Transient.World_19:PersistentLevel.AnimationEditorPreviewActor_0.DebugSkelMeshComponent_0.AB_Spider_01_C_1
	Function /Game/Characters/Enemy_Great_Spider/Animations/AB_Spider_01.AB_Spider_01_C:ExecuteUbergraph_AB_Spider_01:0040
[2025.10.08-10.12.53:754][575]LogScript: Warning: Accessed None trying to read property CallFunc_TryGetPawnOwner_ReturnValue
	AB_Spider_01_C /Engine/Transient.World_19:PersistentLevel.AnimationEditorPreviewActor_0.DebugSkelMeshComponent_0.AB_Spider_01_C_1
	Function /Game/Characters/Enemy_Great_Spider/Animations/AB_Spider_01.AB_Spider_01_C:ExecuteUbergraph_AB_Spider_01:0040
[2025.10.08-10.12.53:762][576]LogScript: Warning: Accessed None trying to read property CallFunc_TryGetPawnOwner_ReturnValue
	AB_Spider_01_C /Engine/Transient.World_19:PersistentLevel.AnimationEditorPreviewActor_0.DebugSkelMeshComponent_0.AB_Spider_01_C_1
	Function /Game/Characters/Enemy_Great_Spider/Animations/AB_Spider_01.AB_Spider_01_C:ExecuteUbergraph_AB_Spider_01:0040
[2025.10.08-10.12.53:771][577]LogScript: Warning: Accessed None trying to read property CallFunc_TryGetPawnOwner_ReturnValue
	AB_Spider_01_C /Engine/Transient.World_19:PersistentLevel.AnimationEditorPreviewActor_0.DebugSkelMeshComponent_0.AB_Spider_01_C_1
	Function /Game/Characters/Enemy_Great_Spider/Animations/AB_Spider_01.AB_Spider_01_C:ExecuteUbergraph_AB_Spider_01:0040
[2025.10.08-10.12.53:779][578]LogScript: Warning: Accessed None trying to read property CallFunc_TryGetPawnOwner_ReturnValue
	AB_Spider_01_C /Engine/Transient.World_19:PersistentLevel.AnimationEditorPreviewActor_0.DebugSkelMeshComponent_0.AB_Spider_01_C_1
	Function /Game/Characters/Enemy_Great_Spider/Animations/AB_Spider_01.AB_Spider_01_C:ExecuteUbergraph_AB_Spider_01:0040
[2025.10.08-10.12.53:787][579]LogScript: Warning: Accessed None trying to read property CallFunc_TryGetPawnOwner_ReturnValue
	AB_Spider_01_C /Engine/Transient.World_19:PersistentLevel.AnimationEditorPreviewActor_0.DebugSkelMeshComponent_0.AB_Spider_01_C_1
	Function /Game/Characters/Enemy_Great_Spider/Animations/AB_Spider_01.AB_Spider_01_C:ExecuteUbergraph_AB_Spider_01:0040
[2025.10.08-10.12.53:796][580]LogScript: Warning: Accessed None trying to read property CallFunc_TryGetPawnOwner_ReturnValue
	AB_Spider_01_C /Engine/Transient.World_19:PersistentLevel.AnimationEditorPreviewActor_0.DebugSkelMeshComponent_0.AB_Spider_01_C_1
	Function /Game/Characters/Enemy_Great_Spider/Animations/AB_Spider_01.AB_Spider_01_C:ExecuteUbergraph_AB_Spider_01:0040
[2025.10.08-10.12.53:804][581]LogScript: Warning: Accessed None trying to read property CallFunc_TryGetPawnOwner_ReturnValue
	AB_Spider_01_C /Engine/Transient.World_19:PersistentLevel.AnimationEditorPreviewActor_0.DebugSkelMeshComponent_0.AB_Spider_01_C_1
	Function /Game/Characters/Enemy_Great_Spider/Animations/AB_Spider_01.AB_Spider_01_C:ExecuteUbergraph_AB_Spider_01:0040
[2025.10.08-10.12.53:813][582]LogScript: Warning: Accessed None trying to read property CallFunc_TryGetPawnOwner_ReturnValue
	AB_Spider_01_C /Engine/Transient.World_19:PersistentLevel.AnimationEditorPreviewActor_0.DebugSkelMeshComponent_0.AB_Spider_01_C_1
	Function /Game/Characters/Enemy_Great_Spider/Animations/AB_Spider_01.AB_Spider_01_C:ExecuteUbergraph_AB_Spider_01:0040
[2025.10.08-10.12.53:821][583]LogScript: Warning: Accessed None trying to read property CallFunc_TryGetPawnOwner_ReturnValue
	AB_Spider_01_C /Engine/Transient.World_19:PersistentLevel.AnimationEditorPreviewActor_0.DebugSkelMeshComponent_0.AB_Spider_01_C_1
	Function /Game/Characters/Enemy_Great_Spider/Animations/AB_Spider_01.AB_Spider_01_C:ExecuteUbergraph_AB_Spider_01:0040
[2025.10.08-10.13.44:003][221]LogUdpMessaging: Warning: FUdpMessageProcessor::UpdateReassemblers Discarding 1/2 of stale message segements from Sender=155.158.72.149:65071, Sequence=0
[2025.10.08-10.13.56:428][260]LogUdpMessaging: Warning: FUdpMessageProcessor::UpdateReassemblers Discarding 1/2 of stale message segements from Sender=155.158.72.33:62928, Sequence=0
[2025.10.08-10.13.56:455][262]LogUdpMessaging: Warning: FUdpMessageProcessor::UpdateReassemblers Discarding 1/2 of stale message segements from Sender=155.158.72.131:50774, Sequence=0
[2025.10.08-10.13.58:062][396]LogSlate: Window 'Slot References' being destroyed
[2025.10.08-10.14.06:599][126]LogUdpMessaging: Warning: FUdpMessageProcessor::UpdateReassemblers Discarding 1/2 of stale message segements from Sender=155.158.72.131:52957, Sequence=0
[2025.10.08-10.14.22:487][441]LogSlate: Window 'Slot References' being destroyed
[2025.10.08-10.14.51:778][781]LogUdpMessaging: Warning: FUdpMessageProcessor::UpdateReassemblers Discarding 1/2 of stale message segements from Sender=155.158.72.227:57504, Sequence=0
[2025.10.08-10.15.16:572][659]LogUdpMessaging: Warning: FUdpMessageProcessor::UpdateReassemblers Discarding 1/2 of stale message segements from Sender=155.158.72.131:50774, Sequence=0
[2025.10.08-10.15.49:136][396]LogUdpMessaging: Warning: FUdpMessageProcessor::UpdateReassemblers Discarding 1/2 of stale message segements from Sender=155.158.72.33:62928, Sequence=0
[2025.10.08-10.16.30:447][ 93]LogWorld: UWorld::CleanupWorld for World_5, bSessionEnded=true, bCleanupResources=true
[2025.10.08-10.16.30:447][ 93]LogSlate: InvalidateAllWidgets triggered.  All widgets were invalidated
[2025.10.08-10.17.22:366][980]BlueprintLog: New page: Compile BP_Spider
[2025.10.08-10.17.22:371][980]LogBlueprint: Error: [AssetLog] C:\Users\Student\Documents\GitHub\KZ_TopDownShooter\TopDownAC\Content\BluePrintClass\BP_Spider.uasset: [Compiler] The type of  Object  is undetermined.  Connect something to  Cast To BP_PLAYER  to imply a specific type.
[2025.10.08-10.17.22:372][980]LogBlueprint: Error: [AssetLog] C:\Users\Student\Documents\GitHub\KZ_TopDownShooter\TopDownAC\Content\BluePrintClass\BP_Spider.uasset: [Compiler] The current value of the ' Object ' pin is invalid: Unsupported type Object Wildcard on pin Object
[2025.10.08-10.17.22:438][980]LogUObjectHash: Compacting FUObjectHashTables data took   5.97ms
[2025.10.08-10.18.10:074][292]BlueprintLog: New page: Compile BP_Spider
[2025.10.08-10.18.10:142][292]LogUObjectHash: Compacting FUObjectHashTables data took   5.76ms
[2025.10.08-10.18.12:015][508]LogUdpMessaging: Warning: FUdpMessageProcessor::UpdateReassemblers Discarding 1/2 of stale message segements from Sender=155.158.72.33:62928, Sequence=0
[2025.10.08-10.18.14:582][816]LogUdpMessaging: Warning: FUdpMessageProcessor::UpdateReassemblers Discarding 1/2 of stale message segements from Sender=155.158.72.149:53345, Sequence=0
[2025.10.08-10.20.37:841][270]LogUObjectHash: Compacting FUObjectHashTables data took   5.72ms
[2025.10.08-10.20.37:868][270]LogSavePackage: Moving '../../../../../../Users/Student/Documents/GitHub/KZ_TopDownShooter/TopDownAC/Saved/Main_Auto130DBA57045BFEE205FCD22BCEB389252.tmp' to '../../../../../../Users/Student/Documents/GitHub/KZ_TopDownShooter/TopDownAC/Saved/Autosaves/Game/Levels/Main_Auto1.umap'
[2025.10.08-10.20.37:870][270]LogFileHelpers: Editor autosave (incl. external actors) for '/Game/Levels/Main' took 0.073
[2025.10.08-10.20.37:870][270]LogFileHelpers: Editor autosave (incl. sublevels & external actors) for all levels took 0.073
[2025.10.08-10.20.37:871][270]OBJ SavePackage: Generating thumbnails for [2] asset(s) in package [/Game/BluePrintClass/BP_Spider] ([2] browsable assets)...
[2025.10.08-10.20.37:923][270]OBJ SavePackage:     Rendered thumbnail for [BlueprintGeneratedClass /Game/BluePrintClass/BP_Spider.BP_Spider_C]
[2025.10.08-10.20.37:944][270]OBJ SavePackage:     Rendered thumbnail for [Blueprint /Game/BluePrintClass/BP_Spider.BP_Spider]
[2025.10.08-10.20.37:944][270]OBJ SavePackage: Finished generating thumbnails for package [/Game/BluePrintClass/BP_Spider]
[2025.10.08-10.20.37:968][270]LogSavePackage: Moving '../../../../../../Users/Student/Documents/GitHub/KZ_TopDownShooter/TopDownAC/Saved/BP_Spider_Auto13234B9774171CC414AC7298E8024CFA2.tmp' to '../../../../../../Users/Student/Documents/GitHub/KZ_TopDownShooter/TopDownAC/Saved/Autosaves/Game/BluePrintClass/BP_Spider_Auto1.uasset'
[2025.10.08-10.20.37:969][270]OBJ SavePackage: Generating thumbnails for [2] asset(s) in package [/Game/Characters/Enemy_Great_Spider/Animations/AB_Spider_01] ([2] browsable assets)...
[2025.10.08-10.20.37:990][270]OBJ SavePackage:     Rendered thumbnail for [AnimBlueprint /Game/Characters/Enemy_Great_Spider/Animations/AB_Spider_01.AB_Spider_01]
[2025.10.08-10.20.37:990][270]OBJ SavePackage: Finished generating thumbnails for package [/Game/Characters/Enemy_Great_Spider/Animations/AB_Spider_01]
[2025.10.08-10.20.38:019][270]LogSavePackage: Moving '../../../../../../Users/Student/Documents/GitHub/KZ_TopDownShooter/TopDownAC/Saved/AB_Spider_01_Auto1C35225254169F09929A71B8EE4D99E8B.tmp' to '../../../../../../Users/Student/Documents/GitHub/KZ_TopDownShooter/TopDownAC/Saved/Autosaves/Game/Characters/Enemy_Great_Spider/Animations/AB_Spider_01_Auto1.uasset'
[2025.10.08-10.20.38:021][270]OBJ SavePackage: Generating thumbnails for [0] asset(s) in package [/Game/Characters/Enemy_Great_Spider/SK_Greater_Spider_Skeleton] ([1] browsable assets)...
[2025.10.08-10.20.38:021][270]OBJ SavePackage: Finished generating thumbnails for package [/Game/Characters/Enemy_Great_Spider/SK_Greater_Spider_Skeleton]
[2025.10.08-10.20.38:022][270]LogSavePackage: Moving '../../../../../../Users/Student/Documents/GitHub/KZ_TopDownShooter/TopDownAC/Saved/SK_Greater_Spider_Skeleton_Auto182B406C74C8414042D5B1B8FF62AAA6C.tmp' to '../../../../../../Users/Student/Documents/GitHub/KZ_TopDownShooter/TopDownAC/Saved/Autosaves/Game/Characters/Enemy_Great_Spider/SK_Greater_Spider_Skeleton_Auto1.uasset'
[2025.10.08-10.20.38:023][270]OBJ SavePackage: Generating thumbnails for [2] asset(s) in package [/Game/BluePrintClass/BP_PLAYER] ([2] browsable assets)...
[2025.10.08-10.20.38:064][270]OBJ SavePackage:     Rendered thumbnail for [BlueprintGeneratedClass /Game/BluePrintClass/BP_PLAYER.BP_PLAYER_C]
[2025.10.08-10.20.38:085][270]OBJ SavePackage:     Rendered thumbnail for [Blueprint /Game/BluePrintClass/BP_PLAYER.BP_PLAYER]
[2025.10.08-10.20.38:085][270]OBJ SavePackage: Finished generating thumbnails for package [/Game/BluePrintClass/BP_PLAYER]
[2025.10.08-10.20.38:104][270]LogSavePackage: Moving '../../../../../../Users/Student/Documents/GitHub/KZ_TopDownShooter/TopDownAC/Saved/BP_PLAYER_Auto17CC4017F4EC8CEE70F99DF9D635F2ECF.tmp' to '../../../../../../Users/Student/Documents/GitHub/KZ_TopDownShooter/TopDownAC/Saved/Autosaves/Game/BluePrintClass/BP_PLAYER_Auto1.uasset'
[2025.10.08-10.20.38:105][270]LogFileHelpers: Auto-saving content packages took 0.234
[2025.10.08-10.21.10:213][975]LogSelectionDetails: Warning: NavigateToFunctionSource:  Unable to find symbols for 'UKismetSystemLibrary::Delay' [Nie można odnaleźć określonego modułu.]
[2025.10.08-10.21.28:133][990]LogEditorTransaction: Undo Move Node
[2025.10.08-10.21.28:402][990]LogActorComponent: RegisterComponentWithWorld: (/Engine/Transient.World_12:PersistentLevel.AnimationEditorPreviewActor_0.DebugSkelMeshComponent_0) Already registered. Aborting.
[2025.10.08-10.21.28:406][990]LogActorComponent: RegisterComponentWithWorld: (/Engine/Transient.World_19:PersistentLevel.AnimationEditorPreviewActor_0.DebugSkelMeshComponent_0) Already registered. Aborting.
[2025.10.08-10.21.28:609][991]LogEditorTransaction: Undo Create Pin Link
[2025.10.08-10.21.28:859][991]LogActorComponent: RegisterComponentWithWorld: (/Engine/Transient.World_12:PersistentLevel.AnimationEditorPreviewActor_0.DebugSkelMeshComponent_0) Already registered. Aborting.
[2025.10.08-10.21.28:861][991]LogActorComponent: RegisterComponentWithWorld: (/Engine/Transient.World_19:PersistentLevel.AnimationEditorPreviewActor_0.DebugSkelMeshComponent_0) Already registered. Aborting.
[2025.10.08-10.21.29:163][999]LogEditorTransaction: Undo Create Pin Link
[2025.10.08-10.21.29:395][999]LogActorComponent: RegisterComponentWithWorld: (/Engine/Transient.World_12:PersistentLevel.AnimationEditorPreviewActor_0.DebugSkelMeshComponent_0) Already registered. Aborting.
[2025.10.08-10.21.29:397][999]LogActorComponent: RegisterComponentWithWorld: (/Engine/Transient.World_19:PersistentLevel.AnimationEditorPreviewActor_0.DebugSkelMeshComponent_0) Already registered. Aborting.
[2025.10.08-10.21.59:620][458]LogEditorTransaction: Undo Create Pin Link
[2025.10.08-10.21.59:856][458]LogActorComponent: RegisterComponentWithWorld: (/Engine/Transient.World_12:PersistentLevel.AnimationEditorPreviewActor_0.DebugSkelMeshComponent_0) Already registered. Aborting.
[2025.10.08-10.21.59:858][458]LogActorComponent: RegisterComponentWithWorld: (/Engine/Transient.World_19:PersistentLevel.AnimationEditorPreviewActor_0.DebugSkelMeshComponent_0) Already registered. Aborting.
[2025.10.08-10.22.00:294][475]LogEditorTransaction: Undo Create Pin Link
[2025.10.08-10.22.00:529][475]LogActorComponent: RegisterComponentWithWorld: (/Engine/Transient.World_12:PersistentLevel.AnimationEditorPreviewActor_0.DebugSkelMeshComponent_0) Already registered. Aborting.
[2025.10.08-10.22.00:532][475]LogActorComponent: RegisterComponentWithWorld: (/Engine/Transient.World_19:PersistentLevel.AnimationEditorPreviewActor_0.DebugSkelMeshComponent_0) Already registered. Aborting.
[2025.10.08-10.22.38:628][549]BlueprintLog: New page: Compile BP_Spider
[2025.10.08-10.22.38:701][549]LogUObjectHash: Compacting FUObjectHashTables data took   5.69ms
[2025.10.08-10.22.56:535][605]BlueprintLog: New page: Compile BP_Spider
[2025.10.08-10.22.56:608][605]LogUObjectHash: Compacting FUObjectHashTables data took   5.85ms
[2025.10.08-10.24.56:331][694]BlueprintLog: New page: Compile BP_Spider
[2025.10.08-10.24.56:404][694]LogUObjectHash: Compacting FUObjectHashTables data took   5.97ms
[2025.10.08-10.24.59:441][ 35]LogTemp: Repeating last play command: Selected Viewport
[2025.10.08-10.24.59:448][ 35]BlueprintLog: New page: Pre-Play auto-recompile
[2025.10.08-10.24.59:450][ 35]LogPlayLevel: [PlayLevel] Compiling BP_PLAYER before play...
[2025.10.08-10.24.59:534][ 35]LogUObjectHash: Compacting FUObjectHashTables data took   6.02ms
[2025.10.08-10.24.59:534][ 35]LogPlayLevel: PlayLevel: Blueprint regeneration took 86 ms (1 blueprints)
[2025.10.08-10.24.59:534][ 35]PIE: New page: PIE session: Main (8 paź 2025, 14:24:59)
[2025.10.08-10.24.59:534][ 35]LogPlayLevel: Creating play world package: /Game/Levels/UEDPIE_0_Main
[2025.10.08-10.24.59:539][ 35]LogPlayLevel: PIE: StaticDuplicateObject took: (0.004199s)
[2025.10.08-10.24.59:540][ 35]LogAIModule: Creating AISystem for world Main
[2025.10.08-10.24.59:541][ 35]LogPlayLevel: PIE: World Init took: (0.002121s)
[2025.10.08-10.24.59:541][ 35]LogPlayLevel: PIE: Created PIE world by copying editor world from /Game/Levels/Main.Main to /Game/Levels/UEDPIE_0_Main.Main (0.006500s)
[2025.10.08-10.24.59:579][ 35]LogUObjectHash: Compacting FUObjectHashTables data took   4.14ms
[2025.10.08-10.24.59:580][ 35]LogAudio: Display: Creating Audio Device:                 Id: 4, Scope: Unique, Realtime: True
[2025.10.08-10.24.59:580][ 35]LogAudioMixer: Display: Audio Mixer Platform Settings:
[2025.10.08-10.24.59:580][ 35]LogAudioMixer: Display: 	Sample Rate:						  48000
[2025.10.08-10.24.59:580][ 35]LogAudioMixer: Display: 	Callback Buffer Frame Size Requested: 1024
[2025.10.08-10.24.59:580][ 35]LogAudioMixer: Display: 	Callback Buffer Frame Size To Use:	  1024
[2025.10.08-10.24.59:580][ 35]LogAudioMixer: Display: 	Number of buffers to queue:			  2
[2025.10.08-10.24.59:580][ 35]LogAudioMixer: Display: 	Max Channels (voices):				  32
[2025.10.08-10.24.59:580][ 35]LogAudioMixer: Display: 	Number of Async Source Workers:		  0
[2025.10.08-10.24.59:580][ 35]LogAudio: Display: AudioDevice MaxSources: 32
[2025.10.08-10.24.59:581][ 35]LogAudio: Display: Audio Spatialization Plugin: None (built-in).
[2025.10.08-10.24.59:581][ 35]LogAudio: Display: Audio Reverb Plugin: None (built-in).
[2025.10.08-10.24.59:581][ 35]LogAudio: Display: Audio Occlusion Plugin: None (built-in).
[2025.10.08-10.24.59:581][ 35]LogAudioMixer: Display: Initializing audio mixer.
[2025.10.08-10.24.59:584][ 35]LogAudioMixer: Display: 0: FrontLeft
[2025.10.08-10.24.59:584][ 35]LogAudioMixer: Display: 1: FrontRight
[2025.10.08-10.24.59:597][ 35]LogAudioMixer: Display: Using Audio Device Głośniki (High Definition Audio Device)
[2025.10.08-10.24.59:598][ 35]LogAudioMixer: Display: Initializing Sound Submixes...
[2025.10.08-10.24.59:598][ 35]LogAudioMixer: Display: Creating Master Submix 'MasterSubmixDefault'
[2025.10.08-10.24.59:598][ 35]LogAudioMixer: Display: Creating Master Submix 'MasterReverbSubmixDefault'
[2025.10.08-10.24.59:598][ 35]LogAudioMixer: Display: Creating Master Submix 'MasterEQSubmixDefault'
[2025.10.08-10.24.59:598][ 35]LogAudioMixer: FMixerPlatformXAudio2::StartAudioStream() called
[2025.10.08-10.24.59:599][ 35]LogAudioMixer: Display: Output buffers initialized: Frames=1024, Channels=2, Samples=2048
[2025.10.08-10.24.59:600][ 35]LogAudioMixer: Display: Starting AudioMixerPlatformInterface::RunInternal()
[2025.10.08-10.24.59:600][ 35]LogAudioMixer: Display: FMixerPlatformXAudio2::SubmitBuffer() called for the first time
[2025.10.08-10.24.59:600][ 35]LogInit: FAudioDevice initialized.
[2025.10.08-10.24.59:600][ 35]LogAudio: Display: Audio Device (ID: 4) registered with world 'Main'.
[2025.10.08-10.24.59:645][ 35]LogSlate: Updating window title bar state: overlay mode, drag disabled, window buttons hidden, title bar hidden
[2025.10.08-10.24.59:646][ 35]LogLoad: Game class is 'BP_GameMode_01_C'
[2025.10.08-10.24.59:648][ 35]LogWorld: Bringing World /Game/Levels/UEDPIE_0_Main.Main up for play (max tick rate 0) at 2025.10.08-12.24.59
[2025.10.08-10.24.59:649][ 35]LogWorld: Bringing up level for play took: 0.002107
[2025.10.08-10.24.59:649][ 35]LogOnline: OSS: Creating online subsystem instance for: :Context_27
[2025.10.08-10.24.59:656][ 35]PIE: Server logged in
[2025.10.08-10.24.59:656][ 35]PIE: Play in editor total start time 0,209 seconds.
[2025.10.08-10.25.05:388][548]LogSlate: Updating window title bar state: overlay mode, drag disabled, window buttons hidden, title bar hidden
[2025.10.08-10.25.05:388][548]LogWorld: BeginTearingDown for /Game/Levels/UEDPIE_0_Main
[2025.10.08-10.25.05:389][548]LogSlate: Window 'TopDownAC Preview [NetMode: Standalone]  (64-bit/Windows) ' being destroyed
[2025.10.08-10.25.05:400][548]LogWorld: UWorld::CleanupWorld for Main, bSessionEnded=true, bCleanupResources=true
[2025.10.08-10.25.05:400][548]LogSlate: InvalidateAllWidgets triggered.  All widgets were invalidated
[2025.10.08-10.25.05:411][548]LogPlayLevel: Display: Shutting down PIE online subsystems
[2025.10.08-10.25.05:419][548]LogSlate: InvalidateAllWidgets triggered.  All widgets were invalidated
[2025.10.08-10.25.05:454][548]LogAudioMixer: FMixerPlatformXAudio2::StopAudioStream() called
[2025.10.08-10.25.05:456][548]LogAudioMixer: FMixerPlatformXAudio2::StopAudioStream() called
[2025.10.08-10.25.05:464][548]LogUObjectHash: Compacting FUObjectHashTables data took   4.16ms
[2025.10.08-10.25.05:491][549]LogPlayLevel: Display: Destroying online subsystem :Context_27
[2025.10.08-10.26.45:086][155]BlueprintLog: New page: Compile BP_Spider
[2025.10.08-10.26.45:160][155]LogUObjectHash: Compacting FUObjectHashTables data took   4.56ms
[2025.10.08-10.26.48:669][508]LogActorComponent: UnregisterComponent: (/Engine/Transient.EditorFloorComp) Not registered. Aborting.
[2025.10.08-10.26.48:669][508]LogWorld: UWorld::CleanupWorld for World_6, bSessionEnded=true, bCleanupResources=true
[2025.10.08-10.26.48:669][508]LogSlate: InvalidateAllWidgets triggered.  All widgets were invalidated
[2025.10.08-10.27.10:175][495]LogAssetEditorSubsystem: Opening Asset editor for Blueprint /Game/BluePrintClass/BP_Spider.BP_Spider
[2025.10.08-10.28.02:161][ 16]LogRenderer: Reallocating scene render targets to support 1616x996 Format 10 NumSamples 1 (Frame:1).
[2025.10.08-10.30.44:001][701]BlueprintLog: New page: Compile BP_Spider
[2025.10.08-10.30.44:111][701]LogUObjectHash: Compacting FUObjectHashTables data took   5.66ms
[2025.10.08-10.31.46:119][921]LogUObjectHash: Compacting FUObjectHashTables data took   4.50ms
[2025.10.08-10.31.46:133][921]LogSavePackage: Moving '../../../../../../Users/Student/Documents/GitHub/KZ_TopDownShooter/TopDownAC/Saved/Main_Auto2C6750EF74D1EBE77682ADAAEEDD0B846.tmp' to '../../../../../../Users/Student/Documents/GitHub/KZ_TopDownShooter/TopDownAC/Saved/Autosaves/Game/Levels/Main_Auto2.umap'
[2025.10.08-10.31.46:134][921]LogFileHelpers: Editor autosave (incl. external actors) for '/Game/Levels/Main' took 0.098
[2025.10.08-10.31.46:134][921]LogFileHelpers: Editor autosave (incl. sublevels & external actors) for all levels took 0.098
[2025.10.08-10.31.46:135][921]OBJ SavePackage: Generating thumbnails for [1] asset(s) in package [/Game/BluePrintClass/BP_Spider] ([2] browsable assets)...
[2025.10.08-10.31.46:156][921]OBJ SavePackage:     Rendered thumbnail for [Blueprint /Game/BluePrintClass/BP_Spider.BP_Spider]
[2025.10.08-10.31.46:156][921]OBJ SavePackage: Finished generating thumbnails for package [/Game/BluePrintClass/BP_Spider]
[2025.10.08-10.31.46:180][921]LogSavePackage: Moving '../../../../../../Users/Student/Documents/GitHub/KZ_TopDownShooter/TopDownAC/Saved/BP_Spider_Auto25E07C92E43CB8EE1207FADA7D246CD37.tmp' to '../../../../../../Users/Student/Documents/GitHub/KZ_TopDownShooter/TopDownAC/Saved/Autosaves/Game/BluePrintClass/BP_Spider_Auto2.uasset'
[2025.10.08-10.31.46:181][921]LogFileHelpers: Auto-saving content packages took 0.047
[2025.10.08-10.31.57:661][272]BlueprintLog: New page: Compile BP_Spider
[2025.10.08-10.31.57:724][272]LogUObjectHash: Compacting FUObjectHashTables data took   3.23ms
[2025.10.08-10.33.15:765][328]BlueprintLog: New page: Compile BP_Spider
[2025.10.08-10.33.15:830][328]LogUObjectHash: Compacting FUObjectHashTables data took   3.96ms
[2025.10.08-10.33.59:407][352]BlueprintLog: New page: Compile BP_Spider
[2025.10.08-10.33.59:472][352]LogUObjectHash: Compacting FUObjectHashTables data took   4.06ms
[2025.10.08-10.34.01:194][495]LogTemp: Repeating last play command: Selected Viewport
[2025.10.08-10.34.01:201][495]LogPlayLevel: PlayLevel: No blueprints needed recompiling
[2025.10.08-10.34.01:201][495]PIE: New page: PIE session: Main (8 paź 2025, 14:34:01)
[2025.10.08-10.34.01:202][495]LogPlayLevel: Creating play world package: /Game/Levels/UEDPIE_0_Main
[2025.10.08-10.34.01:206][495]LogPlayLevel: PIE: StaticDuplicateObject took: (0.004338s)
[2025.10.08-10.34.01:207][495]LogAIModule: Creating AISystem for world Main
[2025.10.08-10.34.01:208][495]LogPlayLevel: PIE: World Init took: (0.001847s)
[2025.10.08-10.34.01:208][495]LogPlayLevel: PIE: Created PIE world by copying editor world from /Game/Levels/Main.Main to /Game/Levels/UEDPIE_0_Main.Main (0.006370s)
[2025.10.08-10.34.01:242][495]LogUObjectHash: Compacting FUObjectHashTables data took   3.78ms
[2025.10.08-10.34.01:243][495]LogAudio: Display: Creating Audio Device:                 Id: 5, Scope: Unique, Realtime: True
[2025.10.08-10.34.01:243][495]LogAudioMixer: Display: Audio Mixer Platform Settings:
[2025.10.08-10.34.01:243][495]LogAudioMixer: Display: 	Sample Rate:						  48000
[2025.10.08-10.34.01:243][495]LogAudioMixer: Display: 	Callback Buffer Frame Size Requested: 1024
[2025.10.08-10.34.01:243][495]LogAudioMixer: Display: 	Callback Buffer Frame Size To Use:	  1024
[2025.10.08-10.34.01:243][495]LogAudioMixer: Display: 	Number of buffers to queue:			  2
[2025.10.08-10.34.01:243][495]LogAudioMixer: Display: 	Max Channels (voices):				  32
[2025.10.08-10.34.01:243][495]LogAudioMixer: Display: 	Number of Async Source Workers:		  0
[2025.10.08-10.34.01:243][495]LogAudio: Display: AudioDevice MaxSources: 32
[2025.10.08-10.34.01:243][495]LogAudio: Display: Audio Spatialization Plugin: None (built-in).
[2025.10.08-10.34.01:243][495]LogAudio: Display: Audio Reverb Plugin: None (built-in).
[2025.10.08-10.34.01:243][495]LogAudio: Display: Audio Occlusion Plugin: None (built-in).
[2025.10.08-10.34.01:243][495]LogAudioMixer: Display: Initializing audio mixer.
[2025.10.08-10.34.01:246][495]LogAudioMixer: Display: 0: FrontLeft
[2025.10.08-10.34.01:246][495]LogAudioMixer: Display: 1: FrontRight
[2025.10.08-10.34.01:258][495]LogAudioMixer: Display: Using Audio Device Głośniki (High Definition Audio Device)
[2025.10.08-10.34.01:258][495]LogAudioMixer: Display: Initializing Sound Submixes...
[2025.10.08-10.34.01:258][495]LogAudioMixer: Display: Creating Master Submix 'MasterSubmixDefault'
[2025.10.08-10.34.01:258][495]LogAudioMixer: Display: Creating Master Submix 'MasterReverbSubmixDefault'
[2025.10.08-10.34.01:259][495]LogAudioMixer: Display: Creating Master Submix 'MasterEQSubmixDefault'
[2025.10.08-10.34.01:259][495]LogAudioMixer: FMixerPlatformXAudio2::StartAudioStream() called
[2025.10.08-10.34.01:259][495]LogAudioMixer: Display: Output buffers initialized: Frames=1024, Channels=2, Samples=2048
[2025.10.08-10.34.01:260][495]LogAudioMixer: Display: Starting AudioMixerPlatformInterface::RunInternal()
[2025.10.08-10.34.01:260][495]LogAudioMixer: Display: FMixerPlatformXAudio2::SubmitBuffer() called for the first time
[2025.10.08-10.34.01:260][495]LogInit: FAudioDevice initialized.
[2025.10.08-10.34.01:260][495]LogAudio: Display: Audio Device (ID: 5) registered with world 'Main'.
[2025.10.08-10.34.01:269][495]LogLoad: Game class is 'BP_GameMode_01_C'
[2025.10.08-10.34.01:271][495]LogWorld: Bringing World /Game/Levels/UEDPIE_0_Main.Main up for play (max tick rate 0) at 2025.10.08-12.34.01
[2025.10.08-10.34.01:272][495]LogWorld: Bringing up level for play took: 0.001490
[2025.10.08-10.34.01:272][495]LogOnline: OSS: Creating online subsystem instance for: :Context_30
[2025.10.08-10.34.01:276][495]PIE: Server logged in
[2025.10.08-10.34.01:277][495]PIE: Play in editor total start time 0,077 seconds.
[2025.10.08-10.34.11:178][274]LogSlate: Updating window title bar state: overlay mode, drag disabled, window buttons hidden, title bar hidden
[2025.10.08-10.34.11:178][274]LogWorld: BeginTearingDown for /Game/Levels/UEDPIE_0_Main
[2025.10.08-10.34.11:178][274]LogWorld: UWorld::CleanupWorld for Main, bSessionEnded=true, bCleanupResources=true
[2025.10.08-10.34.11:179][274]LogSlate: InvalidateAllWidgets triggered.  All widgets were invalidated
[2025.10.08-10.34.11:192][274]LogPlayLevel: Display: Shutting down PIE online subsystems
[2025.10.08-10.34.11:198][274]LogSlate: InvalidateAllWidgets triggered.  All widgets were invalidated
[2025.10.08-10.34.11:224][274]LogAudio: Display: Audio Device unregistered from world 'None'.
[2025.10.08-10.34.11:225][274]LogAudioMixer: FMixerPlatformXAudio2::StopAudioStream() called
[2025.10.08-10.34.11:226][274]LogAudioMixer: FMixerPlatformXAudio2::StopAudioStream() called
[2025.10.08-10.34.11:228][274]LogSlate: Updating window title bar state: overlay mode, drag disabled, window buttons hidden, title bar hidden
[2025.10.08-10.34.11:232][274]LogUObjectHash: Compacting FUObjectHashTables data took   2.94ms
[2025.10.08-10.34.11:266][275]LogPlayLevel: Display: Destroying online subsystem :Context_30
[2025.10.08-10.35.14:717][337]BlueprintLog: New page: Compile BP_Spider
[2025.10.08-10.35.14:786][337]LogUObjectHash: Compacting FUObjectHashTables data took   3.44ms
[2025.10.08-10.35.48:151][ 69]BlueprintLog: New page: Compile BP_Spider
[2025.10.08-10.35.48:220][ 69]LogUObjectHash: Compacting FUObjectHashTables data took   4.05ms
[2025.10.08-10.35.50:655][260]LogTemp: Repeating last play command: Selected Viewport
[2025.10.08-10.35.50:662][260]LogPlayLevel: PlayLevel: No blueprints needed recompiling
[2025.10.08-10.35.50:662][260]PIE: New page: PIE session: Main (8 paź 2025, 14:35:50)
[2025.10.08-10.35.50:684][260]LogPlayLevel: Creating play world package: /Game/Levels/UEDPIE_0_Main
[2025.10.08-10.35.50:689][260]LogPlayLevel: PIE: StaticDuplicateObject took: (0.003956s)
[2025.10.08-10.35.50:690][260]LogAIModule: Creating AISystem for world Main
[2025.10.08-10.35.50:691][260]LogPlayLevel: PIE: World Init took: (0.002146s)
[2025.10.08-10.35.50:691][260]LogPlayLevel: PIE: Created PIE world by copying editor world from /Game/Levels/Main.Main to /Game/Levels/UEDPIE_0_Main.Main (0.006340s)
[2025.10.08-10.35.50:722][260]LogUObjectHash: Compacting FUObjectHashTables data took   3.78ms
[2025.10.08-10.35.50:723][260]LogAudio: Display: Creating Audio Device:                 Id: 6, Scope: Unique, Realtime: True
[2025.10.08-10.35.50:723][260]LogAudioMixer: Display: Audio Mixer Platform Settings:
[2025.10.08-10.35.50:723][260]LogAudioMixer: Display: 	Sample Rate:						  48000
[2025.10.08-10.35.50:723][260]LogAudioMixer: Display: 	Callback Buffer Frame Size Requested: 1024
[2025.10.08-10.35.50:723][260]LogAudioMixer: Display: 	Callback Buffer Frame Size To Use:	  1024
[2025.10.08-10.35.50:723][260]LogAudioMixer: Display: 	Number of buffers to queue:			  2
[2025.10.08-10.35.50:723][260]LogAudioMixer: Display: 	Max Channels (voices):				  32
[2025.10.08-10.35.50:723][260]LogAudioMixer: Display: 	Number of Async Source Workers:		  0
[2025.10.08-10.35.50:723][260]LogAudio: Display: AudioDevice MaxSources: 32
[2025.10.08-10.35.50:724][260]LogAudio: Display: Audio Spatialization Plugin: None (built-in).
[2025.10.08-10.35.50:724][260]LogAudio: Display: Audio Reverb Plugin: None (built-in).
[2025.10.08-10.35.50:724][260]LogAudio: Display: Audio Occlusion Plugin: None (built-in).
[2025.10.08-10.35.50:724][260]LogAudioMixer: Display: Initializing audio mixer.
[2025.10.08-10.35.50:726][260]LogAudioMixer: Display: 0: FrontLeft
[2025.10.08-10.35.50:726][260]LogAudioMixer: Display: 1: FrontRight
[2025.10.08-10.35.50:737][260]LogAudioMixer: Display: Using Audio Device Głośniki (High Definition Audio Device)
[2025.10.08-10.35.50:737][260]LogAudioMixer: Display: Initializing Sound Submixes...
[2025.10.08-10.35.50:737][260]LogAudioMixer: Display: Creating Master Submix 'MasterSubmixDefault'
[2025.10.08-10.35.50:737][260]LogAudioMixer: Display: Creating Master Submix 'MasterReverbSubmixDefault'
[2025.10.08-10.35.50:738][260]LogAudioMixer: Display: Creating Master Submix 'MasterEQSubmixDefault'
[2025.10.08-10.35.50:738][260]LogAudioMixer: FMixerPlatformXAudio2::StartAudioStream() called
[2025.10.08-10.35.50:738][260]LogAudioMixer: Display: Output buffers initialized: Frames=1024, Channels=2, Samples=2048
[2025.10.08-10.35.50:739][260]LogAudioMixer: Display: Starting AudioMixerPlatformInterface::RunInternal()
[2025.10.08-10.35.50:739][260]LogAudioMixer: Display: FMixerPlatformXAudio2::SubmitBuffer() called for the first time
[2025.10.08-10.35.50:740][260]LogInit: FAudioDevice initialized.
[2025.10.08-10.35.50:740][260]LogAudio: Display: Audio Device (ID: 6) registered with world 'Main'.
[2025.10.08-10.35.50:751][260]LogLoad: Game class is 'BP_GameMode_01_C'
[2025.10.08-10.35.50:753][260]LogWorld: Bringing World /Game/Levels/UEDPIE_0_Main.Main up for play (max tick rate 0) at 2025.10.08-12.35.50
[2025.10.08-10.35.50:753][260]LogWorld: Bringing up level for play took: 0.001401
[2025.10.08-10.35.50:754][260]LogOnline: OSS: Creating online subsystem instance for: :Context_31
[2025.10.08-10.35.50:758][260]PIE: Server logged in
[2025.10.08-10.35.50:759][260]PIE: Play in editor total start time 0,098 seconds.
[2025.10.08-10.35.59:036][913]LogSlate: Updating window title bar state: overlay mode, drag disabled, window buttons hidden, title bar hidden
[2025.10.08-10.35.59:036][913]LogWorld: BeginTearingDown for /Game/Levels/UEDPIE_0_Main
[2025.10.08-10.35.59:036][913]LogWorld: UWorld::CleanupWorld for Main, bSessionEnded=true, bCleanupResources=true
[2025.10.08-10.35.59:036][913]LogSlate: InvalidateAllWidgets triggered.  All widgets were invalidated
[2025.10.08-10.35.59:052][913]LogPlayLevel: Display: Shutting down PIE online subsystems
[2025.10.08-10.35.59:059][913]LogSlate: InvalidateAllWidgets triggered.  All widgets were invalidated
[2025.10.08-10.35.59:097][913]LogAudio: Display: Audio Device unregistered from world 'None'.
[2025.10.08-10.35.59:097][913]LogAudioMixer: FMixerPlatformXAudio2::StopAudioStream() called
[2025.10.08-10.35.59:099][913]LogAudioMixer: FMixerPlatformXAudio2::StopAudioStream() called
[2025.10.08-10.35.59:101][913]LogSlate: Updating window title bar state: overlay mode, drag disabled, window buttons hidden, title bar hidden
[2025.10.08-10.35.59:105][913]LogUObjectHash: Compacting FUObjectHashTables data took   3.07ms
[2025.10.08-10.35.59:140][914]LogPlayLevel: Display: Destroying online subsystem :Context_31
[2025.10.08-10.37.02:144][303]BlueprintLog: New page: Compile BP_Spider
[2025.10.08-10.37.02:211][303]LogUObjectHash: Compacting FUObjectHashTables data took   3.25ms
[2025.10.08-10.37.04:246][480]LogTemp: Repeating last play command: Selected Viewport
[2025.10.08-10.37.04:253][480]LogPlayLevel: PlayLevel: No blueprints needed recompiling
[2025.10.08-10.37.04:254][480]PIE: New page: PIE session: Main (8 paź 2025, 14:37:04)
[2025.10.08-10.37.04:254][480]LogPlayLevel: Creating play world package: /Game/Levels/UEDPIE_0_Main
[2025.10.08-10.37.04:260][480]LogPlayLevel: PIE: StaticDuplicateObject took: (0.005862s)
[2025.10.08-10.37.04:261][480]LogAIModule: Creating AISystem for world Main
[2025.10.08-10.37.04:262][480]LogPlayLevel: PIE: World Init took: (0.001795s)
[2025.10.08-10.37.04:262][480]LogPlayLevel: PIE: Created PIE world by copying editor world from /Game/Levels/Main.Main to /Game/Levels/UEDPIE_0_Main.Main (0.007881s)
[2025.10.08-10.37.04:295][480]LogUObjectHash: Compacting FUObjectHashTables data took   3.81ms
[2025.10.08-10.37.04:295][480]LogAudio: Display: Creating Audio Device:                 Id: 7, Scope: Unique, Realtime: True
[2025.10.08-10.37.04:295][480]LogAudioMixer: Display: Audio Mixer Platform Settings:
[2025.10.08-10.37.04:295][480]LogAudioMixer: Display: 	Sample Rate:						  48000
[2025.10.08-10.37.04:295][480]LogAudioMixer: Display: 	Callback Buffer Frame Size Requested: 1024
[2025.10.08-10.37.04:295][480]LogAudioMixer: Display: 	Callback Buffer Frame Size To Use:	  1024
[2025.10.08-10.37.04:295][480]LogAudioMixer: Display: 	Number of buffers to queue:			  2
[2025.10.08-10.37.04:295][480]LogAudioMixer: Display: 	Max Channels (voices):				  32
[2025.10.08-10.37.04:295][480]LogAudioMixer: Display: 	Number of Async Source Workers:		  0
[2025.10.08-10.37.04:295][480]LogAudio: Display: AudioDevice MaxSources: 32
[2025.10.08-10.37.04:296][480]LogAudio: Display: Audio Spatialization Plugin: None (built-in).
[2025.10.08-10.37.04:296][480]LogAudio: Display: Audio Reverb Plugin: None (built-in).
[2025.10.08-10.37.04:296][480]LogAudio: Display: Audio Occlusion Plugin: None (built-in).
[2025.10.08-10.37.04:296][480]LogAudioMixer: Display: Initializing audio mixer.
[2025.10.08-10.37.04:298][480]LogAudioMixer: Display: 0: FrontLeft
[2025.10.08-10.37.04:298][480]LogAudioMixer: Display: 1: FrontRight
[2025.10.08-10.37.04:309][480]LogAudioMixer: Display: Using Audio Device Głośniki (High Definition Audio Device)
[2025.10.08-10.37.04:309][480]LogAudioMixer: Display: Initializing Sound Submixes...
[2025.10.08-10.37.04:309][480]LogAudioMixer: Display: Creating Master Submix 'MasterSubmixDefault'
[2025.10.08-10.37.04:310][480]LogAudioMixer: Display: Creating Master Submix 'MasterReverbSubmixDefault'
[2025.10.08-10.37.04:310][480]LogAudioMixer: Display: Creating Master Submix 'MasterEQSubmixDefault'
[2025.10.08-10.37.04:310][480]LogAudioMixer: FMixerPlatformXAudio2::StartAudioStream() called
[2025.10.08-10.37.04:310][480]LogAudioMixer: Display: Output buffers initialized: Frames=1024, Channels=2, Samples=2048
[2025.10.08-10.37.04:311][480]LogAudioMixer: Display: Starting AudioMixerPlatformInterface::RunInternal()
[2025.10.08-10.37.04:311][480]LogAudioMixer: Display: FMixerPlatformXAudio2::SubmitBuffer() called for the first time
[2025.10.08-10.37.04:311][480]LogInit: FAudioDevice initialized.
[2025.10.08-10.37.04:311][480]LogAudio: Display: Audio Device (ID: 7) registered with world 'Main'.
[2025.10.08-10.37.04:319][480]LogLoad: Game class is 'BP_GameMode_01_C'
[2025.10.08-10.37.04:321][480]LogWorld: Bringing World /Game/Levels/UEDPIE_0_Main.Main up for play (max tick rate 0) at 2025.10.08-12.37.04
[2025.10.08-10.37.04:322][480]LogWorld: Bringing up level for play took: 0.001443
[2025.10.08-10.37.04:322][480]LogOnline: OSS: Creating online subsystem instance for: :Context_32
[2025.10.08-10.37.04:326][480]PIE: Server logged in
[2025.10.08-10.37.04:327][480]PIE: Play in editor total start time 0,075 seconds.
[2025.10.08-10.37.22:254][886]LogSlate: Updating window title bar state: overlay mode, drag disabled, window buttons hidden, title bar hidden
[2025.10.08-10.37.22:254][886]LogWorld: BeginTearingDown for /Game/Levels/UEDPIE_0_Main
[2025.10.08-10.37.22:254][886]LogWorld: UWorld::CleanupWorld for Main, bSessionEnded=true, bCleanupResources=true
[2025.10.08-10.37.22:255][886]LogSlate: InvalidateAllWidgets triggered.  All widgets were invalidated
[2025.10.08-10.37.22:272][886]LogPlayLevel: Display: Shutting down PIE online subsystems
[2025.10.08-10.37.22:277][886]LogSlate: InvalidateAllWidgets triggered.  All widgets were invalidated
[2025.10.08-10.37.22:306][886]LogSlate: Updating window title bar state: overlay mode, drag disabled, window buttons hidden, title bar hidden
[2025.10.08-10.37.22:306][886]LogAudioMixer: FMixerPlatformXAudio2::StopAudioStream() called
[2025.10.08-10.37.22:308][886]LogAudioMixer: FMixerPlatformXAudio2::StopAudioStream() called
[2025.10.08-10.37.22:314][886]LogUObjectHash: Compacting FUObjectHashTables data took   2.91ms
[2025.10.08-10.37.22:349][887]LogPlayLevel: Display: Destroying online subsystem :Context_32
[2025.10.08-10.38.43:832][186]Cmd: OBJ SAVEPACKAGE PACKAGE="/Game/BluePrintClass/BP_Spider" FILE="../../../../../../Users/Student/Documents/GitHub/KZ_TopDownShooter/TopDownAC/Content/BluePrintClass/BP_Spider.uasset" SILENT=true
[2025.10.08-10.38.43:860][186]LogSavePackage: Moving '../../../../../../Users/Student/Documents/GitHub/KZ_TopDownShooter/TopDownAC/Saved/BP_SpiderF8F0A18140CF10768B2A70A9267C7FEB.tmp' to '../../../../../../Users/Student/Documents/GitHub/KZ_TopDownShooter/TopDownAC/Content/BluePrintClass/BP_Spider.uasset'
[2025.10.08-10.38.43:886][186]AssetCheck: New page: Asset Save: BP_Spider
[2025.10.08-10.38.43:886][186]LogContentValidation: Display: Validating Blueprint /Game/BluePrintClass/BP_Spider.BP_Spider
[2025.10.08-10.39.42:151][770]BlueprintLog: New page: Compile BP_Spider
[2025.10.08-10.39.42:218][770]LogUObjectHash: Compacting FUObjectHashTables data took   4.16ms
[2025.10.08-10.40.24:745][242]LogSlate: Prevented a slow task dialog from being summoned while a context menu was open
[2025.10.08-10.40.24:771][242]LogEditorClassViewer: Warning: Class /Engine/Tutorial/InWorldBlueprintEditing/TutorialAssets/IWBE_Blutility.IWBE_Blutility_C has parent /Script/Blutility.PlacedEditorUtilityBase, but this parent is not found. The Class will not be shown in ClassViewer.
[2025.10.08-10.41.15:621][ 84]LogSavePackage: Moving '../../../../../../Users/Student/Documents/GitHub/KZ_TopDownShooter/TopDownAC/Saved/SpiderAttack02E8BC06D4460FFB38E0A7C49DCAEB13AE.tmp' to '../../../../../../Users/Student/Documents/GitHub/KZ_TopDownShooter/TopDownAC/Content/Characters/Enemy_Great_Spider/Animations/SpiderAttack02.uasset'
[2025.10.08-10.41.15:645][ 84]AssetCheck: New page: Asset Save: SpiderAttack02
[2025.10.08-10.41.15:645][ 84]LogContentValidation: Display: Validating AnimMontage /Game/Characters/Enemy_Great_Spider/Animations/SpiderAttack02.SpiderAttack02
[2025.10.08-10.41.20:487][379]LogUObjectHash: Compacting FUObjectHashTables data took   3.90ms
[2025.10.08-10.41.23:365][379]LogSlate: Window 'Save Content' being destroyed
[2025.10.08-10.41.23:423][379]LogSavePackage: Moving '../../../../../../Users/Student/Documents/GitHub/KZ_TopDownShooter/TopDownAC/Saved/AB_Spider_01A89CF7A242E6E612E6533D83FE0C075E.tmp' to '../../../../../../Users/Student/Documents/GitHub/KZ_TopDownShooter/TopDownAC/Content/Characters/Enemy_Great_Spider/Animations/AB_Spider_01.uasset'
[2025.10.08-10.41.23:424][379]Cmd: OBJ SAVEPACKAGE PACKAGE="/Game/BluePrintClass/BP_PLAYER" FILE="../../../../../../Users/Student/Documents/GitHub/KZ_TopDownShooter/TopDownAC/Content/BluePrintClass/BP_PLAYER.uasset" SILENT=true
[2025.10.08-10.41.23:432][379]LogSavePackage: Moving '../../../../../../Users/Student/Documents/GitHub/KZ_TopDownShooter/TopDownAC/Saved/BP_PLAYERE9FA1ECB40332E35081E6F8F138CF903.tmp' to '../../../../../../Users/Student/Documents/GitHub/KZ_TopDownShooter/TopDownAC/Content/BluePrintClass/BP_PLAYER.uasset'
[2025.10.08-10.41.23:456][379]Cmd: OBJ SAVEPACKAGE PACKAGE="/Game/BluePrintClass/BP_Spider" FILE="../../../../../../Users/Student/Documents/GitHub/KZ_TopDownShooter/TopDownAC/Content/BluePrintClass/BP_Spider.uasset" SILENT=true
[2025.10.08-10.41.23:484][379]LogSavePackage: Moving '../../../../../../Users/Student/Documents/GitHub/KZ_TopDownShooter/TopDownAC/Saved/BP_Spider089E53A94539F6DCD11990AFA1603277.tmp' to '../../../../../../Users/Student/Documents/GitHub/KZ_TopDownShooter/TopDownAC/Content/BluePrintClass/BP_Spider.uasset'
[2025.10.08-10.41.23:486][379]Cmd: OBJ SAVEPACKAGE PACKAGE="/Game/Levels/Main" FILE="../../../../../../Users/Student/Documents/GitHub/KZ_TopDownShooter/TopDownAC/Content/Levels/Main.umap" SILENT=true AUTOSAVING=false KEEPDIRTY=false
[2025.10.08-10.41.23:515][379]LogUObjectHash: Compacting FUObjectHashTables data took   0.74ms
[2025.10.08-10.41.23:528][379]LogSavePackage: Moving '../../../../../../Users/Student/Documents/GitHub/KZ_TopDownShooter/TopDownAC/Saved/Main5F5C1CD14826E1AE37D44BA7ABB1AAAF.tmp' to '../../../../../../Users/Student/Documents/GitHub/KZ_TopDownShooter/TopDownAC/Content/Levels/Main.umap'
[2025.10.08-10.41.23:551][379]LogFileHelpers: Saving map 'Main' took 0.065
[2025.10.08-10.41.23:553][379]LogSavePackage: Moving '../../../../../../Users/Student/Documents/GitHub/KZ_TopDownShooter/TopDownAC/Saved/SK_Greater_Spider_SkeletonD91855ED4C3011F3CE2C4FABBFF10085.tmp' to '../../../../../../Users/Student/Documents/GitHub/KZ_TopDownShooter/TopDownAC/Content/Characters/Enemy_Great_Spider/SK_Greater_Spider_Skeleton.uasset'
[2025.10.08-10.41.23:585][379]LogWorld: UWorld::CleanupWorld for World_24, bSessionEnded=true, bCleanupResources=true
[2025.10.08-10.41.23:585][379]LogSlate: InvalidateAllWidgets triggered.  All widgets were invalidated
[2025.10.08-10.41.23:728][379]LogWorld: UWorld::CleanupWorld for World_13, bSessionEnded=true, bCleanupResources=true
[2025.10.08-10.41.23:728][379]LogSlate: InvalidateAllWidgets triggered.  All widgets were invalidated
[2025.10.08-10.41.23:747][379]LogWorld: UWorld::CleanupWorld for World_12, bSessionEnded=true, bCleanupResources=true
[2025.10.08-10.41.23:747][379]LogSlate: InvalidateAllWidgets triggered.  All widgets were invalidated
[2025.10.08-10.41.23:833][379]LogWorld: UWorld::CleanupWorld for World_20, bSessionEnded=true, bCleanupResources=true
[2025.10.08-10.41.23:833][379]LogSlate: InvalidateAllWidgets triggered.  All widgets were invalidated
[2025.10.08-10.41.23:868][379]LogWorld: UWorld::CleanupWorld for World_19, bSessionEnded=true, bCleanupResources=true
[2025.10.08-10.41.23:869][379]LogSlate: InvalidateAllWidgets triggered.  All widgets were invalidated
[2025.10.08-10.41.23:884][379]LogWorld: UWorld::CleanupWorld for World_18, bSessionEnded=true, bCleanupResources=true
[2025.10.08-10.41.23:884][379]LogSlate: InvalidateAllWidgets triggered.  All widgets were invalidated
[2025.10.08-10.41.23:974][379]LogSlate: Window 'TopDownAC - Unreal Editor' being destroyed
[2025.10.08-10.41.24:128][379]AssetCheck: New page: Asset Save: multiple assets
[2025.10.08-10.41.24:128][379]LogContentValidation: Display: Validating AnimBlueprint /Game/Characters/Enemy_Great_Spider/Animations/AB_Spider_01.AB_Spider_01
[2025.10.08-10.41.24:129][379]LogContentValidation: Display: Validating Skeleton /Game/Characters/Enemy_Great_Spider/SK_Greater_Spider_Skeleton.SK_Greater_Spider_Skeleton
[2025.10.08-10.41.24:129][379]LogContentValidation: Display: Validating Blueprint /Game/BluePrintClass/BP_Spider.BP_Spider
[2025.10.08-10.41.24:129][379]LogContentValidation: Display: Validating Blueprint /Game/BluePrintClass/BP_PLAYER.BP_PLAYER
[2025.10.08-10.41.24:129][379]LogContentValidation: Display: Validating World /Game/Levels/Main.Main
[2025.10.08-10.41.24:133][380]Cmd: QUIT_EDITOR
[2025.10.08-10.41.24:133][380]LogCore: Engine exit requested (reason: UUnrealEdEngine::CloseEditor())
[2025.10.08-10.41.24:137][380]LogCore: Engine exit requested (reason: EngineExit() was called; note: exit was already requested)
[2025.10.08-10.41.24:653][380]LogAudio: Display: Beginning Audio Device Manager Shutdown (Module: AudioMixerXAudio2)...
[2025.10.08-10.41.24:653][380]LogAudio: Display: Destroying 1 Remaining Audio Device(s)...
[2025.10.08-10.41.24:653][380]LogAudio: Display: Audio Device unregistered from world 'Main'.
[2025.10.08-10.41.24:653][380]LogAudioMixer: FMixerPlatformXAudio2::StopAudioStream() called
[2025.10.08-10.41.24:655][380]LogAudioMixer: FMixerPlatformXAudio2::StopAudioStream() called
[2025.10.08-10.41.24:668][380]LogAudio: Display: Audio Device Manager Shutdown
[2025.10.08-10.41.24:669][380]LogWindowsTextInputMethodSystem: Display: IME system deactivated.
[2025.10.08-10.41.24:678][380]LogExit: Preparing to exit.
[2025.10.08-10.41.25:057][380]LogUObjectHash: Compacting FUObjectHashTables data took   3.98ms
[2025.10.08-10.41.25:264][380]LogWorld: UWorld::CleanupWorld for World_22, bSessionEnded=true, bCleanupResources=true
[2025.10.08-10.41.25:267][380]LogActorComponent: UnregisterComponent: (None.None) Not registered. Aborting.
[2025.10.08-10.41.25:267][380]LogActorComponent: UnregisterComponent: (None.None) Not registered. Aborting.
[2025.10.08-10.41.25:267][380]LogActorComponent: UnregisterComponent: (None.None) Not registered. Aborting.
[2025.10.08-10.41.25:267][380]LogActorComponent: UnregisterComponent: (None.None) Not registered. Aborting.
[2025.10.08-10.41.25:267][380]LogActorComponent: UnregisterComponent: (None.None) Not registered. Aborting.
[2025.10.08-10.41.25:267][380]LogActorComponent: UnregisterComponent: (None.None) Not registered. Aborting.
[2025.10.08-10.41.25:268][380]LogActorComponent: UnregisterComponent: (None.None) Not registered. Aborting.
[2025.10.08-10.41.25:268][380]LogWorld: UWorld::CleanupWorld for World_23, bSessionEnded=true, bCleanupResources=true
[2025.10.08-10.41.25:270][380]LogWorld: UWorld::CleanupWorld for World_3, bSessionEnded=true, bCleanupResources=true
[2025.10.08-10.41.25:273][380]LogWorld: UWorld::CleanupWorld for World_4, bSessionEnded=true, bCleanupResources=true
[2025.10.08-10.41.25:277][380]LogWorld: UWorld::CleanupWorld for World_25, bSessionEnded=true, bCleanupResources=true
[2025.10.08-10.41.25:282][380]LogWorld: UWorld::CleanupWorld for World_7, bSessionEnded=true, bCleanupResources=true
[2025.10.08-10.41.25:285][380]LogWorld: UWorld::CleanupWorld for World_0, bSessionEnded=true, bCleanupResources=true
[2025.10.08-10.41.25:288][380]LogWorld: UWorld::CleanupWorld for World_1, bSessionEnded=true, bCleanupResources=true
[2025.10.08-10.41.25:291][380]LogWorld: UWorld::CleanupWorld for World_2, bSessionEnded=true, bCleanupResources=true
[2025.10.08-10.41.25:294][380]LogWorld: UWorld::CleanupWorld for World_8, bSessionEnded=true, bCleanupResources=true
[2025.10.08-10.41.25:365][380]LogDemo: Cleaned up 0 splitscreen connections with owner deletion
[2025.10.08-10.41.25:377][380]LogWorld: UWorld::CleanupWorld for None, bSessionEnded=true, bCleanupResources=true
[2025.10.08-10.41.25:377][380]LogExit: Editor shut down
[2025.10.08-10.41.25:378][380]LogExit: Transaction tracking system shut down
[2025.10.08-10.41.25:685][380]LogExit: Object subsystem successfully closed.
[2025.10.08-10.41.25:700][380]LogShaderCompilers: Display: === FShaderJobCache stats ===
[2025.10.08-10.41.25:701][380]LogShaderCompilers: Display: Total job queries 0, among them cache hits 0 (0.00%)
[2025.10.08-10.41.25:701][380]LogShaderCompilers: Display: Tracking 0 distinct input hashes that result in 0 distinct outputs (0.00%)
[2025.10.08-10.41.25:701][380]LogShaderCompilers: Display: RAM used: 0.00 MB (0.00 GB) of 819.20 MB (0.80 GB) budget. Usage: 0.00%
[2025.10.08-10.41.25:701][380]LogShaderCompilers: Display: ================================================
[2025.10.08-10.41.25:706][380]LogShaderCompilers: Display: Shaders left to compile 0
[2025.10.08-10.41.25:753][380]LogModuleManager: Shutting down and abandoning module SequencerWidgets (884)
[2025.10.08-10.41.25:753][380]LogModuleManager: Shutting down and abandoning module PinnedCommandList (882)
[2025.10.08-10.41.25:753][380]LogModuleManager: Shutting down and abandoning module SkeletonEditor (880)
[2025.10.08-10.41.25:753][380]LogModuleManager: Shutting down and abandoning module AnimationEditor (878)
[2025.10.08-10.41.25:754][380]LogModuleManager: Shutting down and abandoning module BlueprintGraph (876)
[2025.10.08-10.41.25:754][380]LogModuleManager: Shutting down and abandoning module MovieSceneCapture (874)
[2025.10.08-10.41.25:754][380]LogModuleManager: Shutting down and abandoning module Voice (872)
[2025.10.08-10.41.25:754][380]LogModuleManager: Shutting down and abandoning module HierarchicalLODOutliner (870)
[2025.10.08-10.41.25:754][380]LogModuleManager: Shutting down and abandoning module SceneOutliner (868)
[2025.10.08-10.41.25:754][380]LogModuleManager: Shutting down and abandoning module AddContentDialog (866)
[2025.10.08-10.41.25:754][380]LogModuleManager: Shutting down and abandoning module WidgetCarousel (865)
[2025.10.08-10.41.25:754][380]LogModuleManager: Shutting down and abandoning module EditorWidgets (862)
[2025.10.08-10.41.25:754][380]LogModuleManager: Shutting down and abandoning module StatsViewer (860)
[2025.10.08-10.41.25:754][380]LogModuleManager: Shutting down and abandoning module PIEPreviewDeviceProfileSelector (858)
[2025.10.08-10.41.25:754][380]LogModuleManager: Shutting down and abandoning module SequenceRecorderSections (856)
[2025.10.08-10.41.25:754][380]LogModuleManager: Shutting down and abandoning module AutomationWorker (854)
[2025.10.08-10.41.25:754][380]LogModuleManager: Shutting down and abandoning module SteamVREditor (852)
[2025.10.08-10.41.25:755][380]LogModuleManager: Shutting down and abandoning module OculusMR (850)
[2025.10.08-10.41.25:755][380]LogModuleManager: Shutting down and abandoning module TakeRecorderSources (848)
[2025.10.08-10.41.25:755][380]LogModuleManager: Shutting down and abandoning module TakeRecorder (847)
[2025.10.08-10.41.25:755][380]LogModuleManager: Shutting down and abandoning module TakeTrackRecorders (844)
[2025.10.08-10.41.25:755][380]LogModuleManager: Shutting down and abandoning module TakesCore (842)
[2025.10.08-10.41.25:755][380]LogModuleManager: Shutting down and abandoning module OpenXRInput (840)
[2025.10.08-10.41.25:755][380]LogModuleManager: Shutting down and abandoning module GooglePADEditor (838)
[2025.10.08-10.41.25:755][380]LogModuleManager: Shutting down and abandoning module AudioCaptureEditor (836)
[2025.10.08-10.41.25:755][380]LogModuleManager: Shutting down and abandoning module TemplateSequenceEditor (834)
[2025.10.08-10.41.25:755][380]LogModuleManager: Shutting down and abandoning module WmfMediaFactory (832)
[2025.10.08-10.41.25:755][380]LogModuleManager: Shutting down and abandoning module WmfMediaEditor (830)
[2025.10.08-10.41.25:755][380]LogModuleManager: Shutting down and abandoning module MatineeToLevelSequence (828)
[2025.10.08-10.41.25:755][380]LogModuleManager: Shutting down and abandoning module LevelSequenceEditor (826)
[2025.10.08-10.41.25:755][380]LogModuleManager: Shutting down and abandoning module WebMMediaFactory (824)
[2025.10.08-10.41.25:755][380]LogModuleManager: Shutting down and abandoning module WebMMediaEditor (822)
[2025.10.08-10.41.25:755][380]LogModuleManager: Shutting down and abandoning module WebMMedia (820)
[2025.10.08-10.41.25:755][380]LogModuleManager: Shutting down and abandoning module ActorSequenceEditor (818)
[2025.10.08-10.41.25:755][380]LogModuleManager: Shutting down and abandoning module MediaPlayerEditor (816)
[2025.10.08-10.41.25:755][380]LogModuleManager: Shutting down and abandoning module MediaCompositingEditor (814)
[2025.10.08-10.41.25:755][380]LogModuleManager: Shutting down and abandoning module SequenceRecorder (813)
[2025.10.08-10.41.25:755][380]LogModuleManager: Shutting down and abandoning module OpenExrWrapper (810)
[2025.10.08-10.41.25:755][380]LogModuleManager: Shutting down and abandoning module ImgMediaFactory (808)
[2025.10.08-10.41.25:755][380]LogModuleManager: Shutting down and abandoning module ImgMediaEditor (806)
[2025.10.08-10.41.25:755][380]LogModuleManager: Shutting down and abandoning module AvfMediaFactory (804)
[2025.10.08-10.41.25:755][380]LogModuleManager: Shutting down and abandoning module AvfMediaEditor (802)
[2025.10.08-10.41.25:755][380]LogModuleManager: Shutting down and abandoning module AndroidMediaFactory (800)
[2025.10.08-10.41.25:755][380]LogModuleManager: Shutting down and abandoning module AndroidMediaEditor (798)
[2025.10.08-10.41.25:755][380]LogModuleManager: Shutting down and abandoning module MagicLeapMediaCodecFactory (796)
[2025.10.08-10.41.25:755][380]LogModuleManager: Shutting down and abandoning module MagicLeapMediaFactory (794)
[2025.10.08-10.41.25:755][380]LogModuleManager: Shutting down and abandoning module MagicLeapMediaEditor (792)
[2025.10.08-10.41.25:755][380]LogModuleManager: Shutting down and abandoning module PlanarCut (790)
[2025.10.08-10.41.25:755][380]LogModuleManager: Shutting down and abandoning module CharacterAI (788)
[2025.10.08-10.41.25:755][380]LogModuleManager: Shutting down and abandoning module TextureAlignMode (786)
[2025.10.08-10.41.25:755][380]LogModuleManager: Shutting down and abandoning module BspMode (784)
[2025.10.08-10.41.25:756][380]LogModuleManager: Shutting down and abandoning module GeometryMode (782)
[2025.10.08-10.41.25:756][380]LogModuleManager: Shutting down and abandoning module CameraShakePreviewer (780)
[2025.10.08-10.41.25:756][380]LogModuleManager: Shutting down and abandoning module SmartSnapping (778)
[2025.10.08-10.41.25:756][380]LogModuleManager: Shutting down and abandoning module SessionServices (776)
[2025.10.08-10.41.25:756][380]LogModuleManager: Shutting down and abandoning module MeshPaint (774)
[2025.10.08-10.41.25:756][380]LogModuleManager: Shutting down and abandoning module VirtualTexturingEditor (772)
[2025.10.08-10.41.25:756][380]LogModuleManager: Shutting down and abandoning module FoliageEdit (770)
[2025.10.08-10.41.25:756][380]LogModuleManager: Shutting down and abandoning module LandscapeEditor (768)
[2025.10.08-10.41.25:756][380]LogModuleManager: Shutting down and abandoning module MeshPaintMode (766)
[2025.10.08-10.41.25:756][380]LogModuleManager: Shutting down and abandoning module SceneDepthPickerMode (764)
[2025.10.08-10.41.25:756][380]LogModuleManager: Shutting down and abandoning module ActorPickerMode (762)
[2025.10.08-10.41.25:756][380]LogModuleManager: Shutting down and abandoning module PlacementMode (760)
[2025.10.08-10.41.25:756][380]LogModuleManager: Shutting down and abandoning module ViewportSnapping (758)
[2025.10.08-10.41.25:756][380]LogModuleManager: Shutting down and abandoning module ViewportInteraction (756)
[2025.10.08-10.41.25:756][380]LogModuleManager: Shutting down and abandoning module ClothPainter (754)
[2025.10.08-10.41.25:756][380]LogModuleManager: Shutting down and abandoning module SkeletalMeshEditor (753)
[2025.10.08-10.41.25:756][380]LogModuleManager: Shutting down and abandoning module LogVisualizer (750)
[2025.10.08-10.41.25:756][380]LogModuleManager: Shutting down and abandoning module IntroTutorials (748)
[2025.10.08-10.41.25:756][380]LogModuleManager: Shutting down and abandoning module GameProjectGeneration (747)
[2025.10.08-10.41.25:756][380]LogModuleManager: Shutting down and abandoning module LuminPlatformEditor (744)
[2025.10.08-10.41.25:756][380]LogModuleManager: Shutting down and abandoning module IOSPlatformEditor (742)
[2025.10.08-10.41.25:756][380]LogModuleManager: Shutting down and abandoning module AndroidPlatformEditor (740)
[2025.10.08-10.41.25:756][380]LogModuleManager: Shutting down and abandoning module AndroidDeviceDetection (739)
[2025.10.08-10.41.25:813][380]LogModuleManager: Shutting down and abandoning module WindowsPlatformEditor (736)
[2025.10.08-10.41.25:813][380]LogModuleManager: Shutting down and abandoning module LuminRuntimeSettings (734)
[2025.10.08-10.41.25:813][380]LogModuleManager: Shutting down and abandoning module IOSRuntimeSettings (732)
[2025.10.08-10.41.25:813][380]LogModuleManager: Shutting down and abandoning module AndroidRuntimeSettings (730)
[2025.10.08-10.41.25:813][380]LogModuleManager: Shutting down and abandoning module TraceInsights (728)
[2025.10.08-10.41.25:814][380]MemoryProfiler: Shutdown
[2025.10.08-10.41.25:814][380]NetworkingProfiler: Shutdown
[2025.10.08-10.41.25:814][380]LoadingProfiler: Shutdown
[2025.10.08-10.41.25:814][380]TimingProfiler: Shutdown
[2025.10.08-10.41.25:814][380]LogModuleManager: Shutting down and abandoning module TraceServices (727)
[2025.10.08-10.41.25:814][380]LogModuleManager: Shutting down and abandoning module EditorInteractiveToolsFramework (724)
[2025.10.08-10.41.25:814][380]LogModuleManager: Shutting down and abandoning module TimeManagementEditor (722)
[2025.10.08-10.41.25:814][380]LogModuleManager: Shutting down and abandoning module InputBindingEditor (720)
[2025.10.08-10.41.25:814][380]LogModuleManager: Shutting down and abandoning module MergeActors (718)
[2025.10.08-10.41.25:814][380]LogModuleManager: Shutting down and abandoning module LocalizationDashboard (716)
[2025.10.08-10.41.25:814][380]LogModuleManager: Shutting down and abandoning module LocalizationService (715)
[2025.10.08-10.41.25:814][380]LogModuleManager: Shutting down and abandoning module HardwareTargeting (712)
[2025.10.08-10.41.25:814][380]LogModuleManager: Shutting down and abandoning module DeviceProfileEditor (710)
[2025.10.08-10.41.25:814][380]LogModuleManager: Shutting down and abandoning module UndoHistory (708)
[2025.10.08-10.41.25:814][380]LogModuleManager: Shutting down and abandoning module XmlParser (706)
[2025.10.08-10.41.25:814][380]LogModuleManager: Shutting down and abandoning module Blutility (704)
[2025.10.08-10.41.25:814][380]LogModuleManager: Shutting down and abandoning module ProjectSettingsViewer (702)
[2025.10.08-10.41.25:814][380]LogModuleManager: Shutting down and abandoning module ProjectTargetPlatformEditor (701)
[2025.10.08-10.41.25:814][380]LogModuleManager: Shutting down and abandoning module EditorSettingsViewer (698)
[2025.10.08-10.41.25:814][380]LogModuleManager: Shutting down and abandoning module InternationalizationSettings (697)
[2025.10.08-10.41.25:815][380]LogModuleManager: Shutting down and abandoning module SettingsEditor (694)
[2025.10.08-10.41.25:815][380]LogModuleManager: Shutting down and abandoning module ProjectLauncher (692)
[2025.10.08-10.41.25:815][380]LogModuleManager: Shutting down and abandoning module SessionFrontend (690)
[2025.10.08-10.41.25:815][380]LogModuleManager: Shutting down and abandoning module ProfilerClient (688)
[2025.10.08-10.41.25:815][380]LogModuleManager: Shutting down and abandoning module DeviceManager (686)
[2025.10.08-10.41.25:815][380]LogModuleManager: Shutting down and abandoning module TargetDeviceServices (685)
[2025.10.08-10.41.25:848][380]LogModuleManager: Shutting down and abandoning module AutomationController (682)
[2025.10.08-10.41.25:848][380]LogModuleManager: Shutting down and abandoning module AutomationWindow (680)
[2025.10.08-10.41.25:848][380]LogModuleManager: Shutting down and abandoning module Layers (678)
[2025.10.08-10.41.25:848][380]LogModuleManager: Shutting down and abandoning module ComponentVisualizers (676)
[2025.10.08-10.41.25:848][380]LogModuleManager: Shutting down and abandoning module DetailCustomizations (674)
[2025.10.08-10.41.25:848][380]LogModuleManager: Shutting down and abandoning module PackagesDialog (672)
[2025.10.08-10.41.25:848][380]LogModuleManager: Shutting down and abandoning module AnimationBlueprintEditor (670)
[2025.10.08-10.41.25:848][380]LogModuleManager: Shutting down and abandoning module Persona (668)
[2025.10.08-10.41.25:848][380]LogModuleManager: Shutting down and abandoning module AdvancedPreviewScene (667)
[2025.10.08-10.41.25:849][380]LogModuleManager: Shutting down and abandoning module AnimGraph (665)
[2025.10.08-10.41.25:849][380]LogModuleManager: Shutting down and abandoning module Kismet (662)
[2025.10.08-10.41.25:865][380]LogModuleManager: Shutting down and abandoning module KismetWidgets (661)
[2025.10.08-10.41.25:865][380]LogModuleManager: Shutting down and abandoning module GraphEditor (658)
[2025.10.08-10.41.25:865][380]LogModuleManager: Shutting down and abandoning module StructViewer (656)
[2025.10.08-10.41.25:865][380]LogModuleManager: Shutting down and abandoning module ClassViewer (654)
[2025.10.08-10.41.25:867][380]LogModuleManager: Shutting down and abandoning module Toolbox (652)
[2025.10.08-10.41.25:867][380]LogModuleManager: Shutting down and abandoning module ModuleUI (650)
[2025.10.08-10.41.25:867][380]LogModuleManager: Shutting down and abandoning module OutputLog (648)
[2025.10.08-10.41.25:868][380]LogModuleManager: Shutting down and abandoning module GammaUI (646)
[2025.10.08-10.41.25:868][380]LogModuleManager: Shutting down and abandoning module Documentation (644)
[2025.10.08-10.41.25:868][380]LogModuleManager: Shutting down and abandoning module LiveCoding (642)
[2025.10.08-10.41.25:868][380]LogModuleManager: Shutting down and abandoning module LevelSequence (640)
[2025.10.08-10.41.25:868][380]LogModuleManager: Shutting down and abandoning module MovieSceneTracks (638)
[2025.10.08-10.41.25:868][380]LogModuleManager: Shutting down and abandoning module MovieScene (636)
[2025.10.08-10.41.25:868][380]LogModuleManager: Shutting down and abandoning module StreamingPauseRendering (634)
[2025.10.08-10.41.25:868][380]LogModuleManager: Shutting down and abandoning module LauncherPlatform (632)
[2025.10.08-10.41.25:868][380]LogModuleManager: Shutting down and abandoning module AnalyticsET (630)
[2025.10.08-10.41.25:868][380]LogModuleManager: Shutting down and abandoning module PortalServices (628)
[2025.10.08-10.41.25:868][380]LogModuleManager: Shutting down and abandoning module PortalRpc (626)
[2025.10.08-10.41.25:868][380]LogModuleManager: Shutting down and abandoning module MessagingRpc (624)
[2025.10.08-10.41.25:868][380]LogModuleManager: Shutting down and abandoning module AudioMixerXAudio2 (622)
[2025.10.08-10.41.25:868][380]LogModuleManager: Shutting down and abandoning module AudioMixerCore (621)
[2025.10.08-10.41.25:868][380]LogModuleManager: Shutting down and abandoning module AIModule (618)
[2025.10.08-10.41.25:868][380]LogModuleManager: Shutting down and abandoning module GameplayDebugger (617)
[2025.10.08-10.41.25:868][380]LogModuleManager: Shutting down and abandoning module AITestSuite (615)
[2025.10.08-10.41.25:869][380]LogModuleManager: Shutting down and abandoning module NavigationSystem (613)
[2025.10.08-10.41.25:869][380]LogModuleManager: Shutting down and abandoning module ImageWriteQueue (610)
[2025.10.08-10.41.25:869][380]LogModuleManager: Shutting down and abandoning module ProfilerService (608)
[2025.10.08-10.41.26:061][380]LogModuleManager: Shutting down and abandoning module TaskGraph (606)
[2025.10.08-10.41.26:061][380]LogModuleManager: Shutting down and abandoning module AudioSynesthesiaEditor (604)
[2025.10.08-10.41.26:061][380]LogModuleManager: Shutting down and abandoning module OculusEditor (602)
[2025.10.08-10.41.26:061][380]LogModuleManager: Shutting down and abandoning module OculusInput (600)
[2025.10.08-10.41.26:061][380]LogModuleManager: Shutting down and abandoning module ContentBrowserFileDataSource (598)
[2025.10.08-10.41.26:061][380]LogModuleManager: Shutting down and abandoning module ContentBrowserAssetDataSource (596)
[2025.10.08-10.41.26:061][380]LogModuleManager: Shutting down and abandoning module ContentBrowserClassDataSource (594)
[2025.10.08-10.41.26:061][380]LogModuleManager: Shutting down and abandoning module CollectionManager (593)
[2025.10.08-10.41.26:062][380]LogModuleManager: Shutting down and abandoning module SynthesisEditor (590)
[2025.10.08-10.41.26:062][380]LogModuleManager: Shutting down and abandoning module Synthesis (588)
[2025.10.08-10.41.26:062][380]LogModuleManager: Shutting down and abandoning module ProceduralMeshComponentEditor (586)
[2025.10.08-10.41.26:062][380]LogModuleManager: Shutting down and abandoning module ProceduralMeshComponent (584)
[2025.10.08-10.41.26:062][380]LogModuleManager: Shutting down and abandoning module TakeSequencer (582)
[2025.10.08-10.41.26:062][380]LogModuleManager: Shutting down and abandoning module TakeMovieScene (580)
[2025.10.08-10.41.26:062][380]LogModuleManager: Shutting down and abandoning module OpenXREditor (578)
[2025.10.08-10.41.26:062][380]LogModuleManager: Shutting down and abandoning module MobilePatchingUtils (576)
[2025.10.08-10.41.26:062][380]LogModuleManager: Shutting down and abandoning module ScreenshotTools (574)
[2025.10.08-10.41.26:062][380]LogModuleManager: Shutting down and abandoning module GooglePAD (572)
[2025.10.08-10.41.26:062][380]LogModuleManager: Shutting down and abandoning module EditableMesh (570)
[2025.10.08-10.41.26:062][380]LogModuleManager: Shutting down and abandoning module CustomMeshComponent (568)
[2025.10.08-10.41.26:062][380]LogModuleManager: Shutting down and abandoning module CableComponent (566)
[2025.10.08-10.41.26:062][380]LogModuleManager: Shutting down and abandoning module AudioCapture (564)
[2025.10.08-10.41.26:062][380]LogModuleManager: Shutting down and abandoning module AudioCaptureRtAudio (563)
[2025.10.08-10.41.26:062][380]LogModuleManager: Shutting down and abandoning module ArchVisCharacter (560)
[2025.10.08-10.41.26:062][380]LogModuleManager: Shutting down and abandoning module AssetTags (558)
[2025.10.08-10.41.26:062][380]LogModuleManager: Shutting down and abandoning module AppleImageUtilsBlueprintSupport (556)
[2025.10.08-10.41.26:062][380]LogModuleManager: Shutting down and abandoning module AppleImageUtils (554)
[2025.10.08-10.41.26:062][380]LogModuleManager: Shutting down and abandoning module AndroidPermission (552)
[2025.10.08-10.41.26:062][380]LogModuleManager: Shutting down and abandoning module ActorLayerUtilitiesEditor (550)
[2025.10.08-10.41.26:063][380]LogModuleManager: Shutting down and abandoning module ActorLayerUtilities (548)
[2025.10.08-10.41.26:063][380]LogModuleManager: Shutting down and abandoning module TemplateSequence (546)
[2025.10.08-10.41.26:063][380]LogModuleManager: Shutting down and abandoning module MediaCompositing (544)
[2025.10.08-10.41.26:063][380]LogModuleManager: Shutting down and abandoning module ImgMedia (542)
[2025.10.08-10.41.26:063][380]LogModuleManager: Shutting down and abandoning module MagicLeapSharedWorld (540)
[2025.10.08-10.41.26:063][380]LogModuleManager: Shutting down and abandoning module MagicLeapLightEstimation (538)
[2025.10.08-10.41.26:063][380]LogModuleManager: Shutting down and abandoning module MagicLeapHelperVulkan (536)
[2025.10.08-10.41.26:063][380]LogModuleManager: Shutting down and abandoning module MagicLeapHelperOpenGL (534)
[2025.10.08-10.41.26:063][380]LogModuleManager: Shutting down and abandoning module MagicLeapAudio (532)
[2025.10.08-10.41.26:063][380]LogModuleManager: Shutting down and abandoning module OpenImageDenoise (530)
[2025.10.08-10.41.26:063][380]LogOpenImageDenoise: OIDN shutting down
[2025.10.08-10.41.26:063][380]LogModuleManager: Shutting down and abandoning module MotoSynthEditor (528)
[2025.10.08-10.41.26:063][380]LogModuleManager: Shutting down and abandoning module MotoSynth (526)
[2025.10.08-10.41.26:063][380]LogModuleManager: Shutting down and abandoning module MeshConversion (524)
[2025.10.08-10.41.26:063][380]LogModuleManager: Shutting down and abandoning module DynamicMesh (522)
[2025.10.08-10.41.26:063][380]LogModuleManager: Shutting down and abandoning module GeometryAlgorithms (520)
[2025.10.08-10.41.26:063][380]LogModuleManager: Shutting down and abandoning module GeometricObjects (518)
[2025.10.08-10.41.26:063][380]LogModuleManager: Shutting down and abandoning module GeometryCacheTracks (516)
[2025.10.08-10.41.26:063][380]LogModuleManager: Shutting down and abandoning module GeometryCacheStreamer (514)
[2025.10.08-10.41.26:063][380]LogModuleManager: Shutting down and abandoning module GeometryCacheSequencer (512)
[2025.10.08-10.41.26:063][380]LogModuleManager: Shutting down and abandoning module GeometryCollectionTracks (510)
[2025.10.08-10.41.26:063][380]LogModuleManager: Shutting down and abandoning module GeometryCollectionSequencer (509)
[2025.10.08-10.41.26:063][380]LogModuleManager: Shutting down and abandoning module GeometryCollectionEditor (506)
[2025.10.08-10.41.26:063][380]LogModuleManager: Shutting down and abandoning module ChaosNiagara (504)
[2025.10.08-10.41.26:063][380]LogModuleManager: Shutting down and abandoning module ChaosSolverEditor (502)
[2025.10.08-10.41.26:063][380]LogModuleManager: Shutting down and abandoning module ChaosClothEditor (500)
[2025.10.08-10.41.26:063][380]LogModuleManager: Shutting down and abandoning module FractureEditor (498)
[2025.10.08-10.41.26:063][380]LogModuleManager: Shutting down and abandoning module FieldSystemEngine (497)
[2025.10.08-10.41.26:063][380]LogModuleManager: Shutting down and abandoning module BackChannel (494)
[2025.10.08-10.41.26:063][380]LogModuleManager: Shutting down and abandoning module AutomationUtilsEditor (492)
[2025.10.08-10.41.26:063][380]LogModuleManager: Shutting down and abandoning module AutomationUtils (490)
[2025.10.08-10.41.26:063][380]LogModuleManager: Shutting down and abandoning module AlembicImporter (488)
[2025.10.08-10.41.26:063][380]LogModuleManager: Shutting down and abandoning module AlembicLibrary (487)
[2025.10.08-10.41.26:064][380]LogModuleManager: Shutting down and abandoning module GeometryCache (486)
[2025.10.08-10.41.26:064][380]LogModuleManager: Shutting down and abandoning module GeometryCacheEd (485)
[2025.10.08-10.41.26:064][380]LogModuleManager: Shutting down and abandoning module NiagaraEditorWidgets (480)
[2025.10.08-10.41.26:064][380]LogModuleManager: Shutting down and abandoning module SpeedTreeImporter (478)
[2025.10.08-10.41.26:064][380]LogModuleManager: Shutting down and abandoning module PluginBrowser (476)
[2025.10.08-10.41.26:064][380]LogModuleManager: Shutting down and abandoning module MobileLauncherProfileWizard (474)
[2025.10.08-10.41.26:064][380]LogModuleManager: Shutting down and abandoning module MaterialAnalyzer (472)
[2025.10.08-10.41.26:064][380]LogModuleManager: Shutting down and abandoning module CurveEditorTools (470)
[2025.10.08-10.41.26:064][380]LogModuleManager: Shutting down and abandoning module CryptoKeysOpenSSL (468)
[2025.10.08-10.41.26:064][380]LogModuleManager: Shutting down and abandoning module CryptoKeys (466)
[2025.10.08-10.41.26:064][380]LogModuleManager: Shutting down and abandoning module VisualStudioSourceCodeAccess (464)
[2025.10.08-10.41.26:064][380]LogModuleManager: Shutting down and abandoning module VisualStudioCodeSourceCodeAccess (462)
[2025.10.08-10.41.26:064][380]LogModuleManager: Shutting down and abandoning module VariantManagerContentEditor (460)
[2025.10.08-10.41.26:064][380]LogModuleManager: Shutting down and abandoning module UObjectPlugin (458)
[2025.10.08-10.41.26:064][380]LogModuleManager: Shutting down and abandoning module RiderSourceCodeAccess (456)
[2025.10.08-10.41.26:064][380]LogModuleManager: Shutting down and abandoning module SubversionSourceControl (454)
[2025.10.08-10.41.26:064][380]LogModuleManager: Shutting down and abandoning module DatasmithContentEditor (452)
[2025.10.08-10.41.26:064][380]LogModuleManager: Shutting down and abandoning module PluginUtils (450)
[2025.10.08-10.41.26:064][380]LogModuleManager: Shutting down and abandoning module PlasticSourceControl (448)
[2025.10.08-10.41.26:064][380]LogModuleManager: Shutting down and abandoning module PerforceSourceControl (446)
[2025.10.08-10.41.26:064][380]LogModuleManager: Shutting down and abandoning module GitSourceControl (444)
[2025.10.08-10.41.26:064][380]LogModuleManager: Shutting down and abandoning module SourceControl (443)
[2025.10.08-10.41.26:064][380]LogModuleManager: Shutting down and abandoning module CLionSourceCodeAccess (440)
[2025.10.08-10.41.26:064][380]LogModuleManager: Shutting down and abandoning module AnimationSharingEd (438)
[2025.10.08-10.41.26:064][380]LogModuleManager: Shutting down and abandoning module OodleNetworkHandlerComponent (436)
[2025.10.08-10.41.26:064][380]LogModuleManager: Shutting down and abandoning module LightPropagationVolumeEditor (434)
[2025.10.08-10.41.26:064][380]LogModuleManager: Shutting down and abandoning module LiveLinkSequencer (432)
[2025.10.08-10.41.26:064][380]LogModuleManager: Shutting down and abandoning module LiveLinkMovieScene (430)
[2025.10.08-10.41.26:065][380]LogModuleManager: Shutting down and abandoning module LiveLinkGraphNode (428)
[2025.10.08-10.41.26:065][380]LogModuleManager: Shutting down and abandoning module LiveLinkEditor (426)
[2025.10.08-10.41.26:065][380]LogModuleManager: Shutting down and abandoning module LiveLinkComponents (424)
[2025.10.08-10.41.26:065][380]LogModuleManager: Shutting down and abandoning module LiveLink (422)
[2025.10.08-10.41.26:185][380]LogModuleManager: Shutting down and abandoning module PaperTiledImporter (420)
[2025.10.08-10.41.26:185][380]LogModuleManager: Shutting down and abandoning module PaperSpriteSheetImporter (418)
[2025.10.08-10.41.26:185][380]LogModuleManager: Shutting down and abandoning module Paper2DEditor (416)
[2025.10.08-10.41.26:185][380]LogModuleManager: Shutting down and abandoning module MeshPaintingToolset (414)
[2025.10.08-10.41.26:185][380]LogModuleManager: Shutting down and abandoning module MeshPaintEditorMode (412)
[2025.10.08-10.41.26:185][380]LogModuleManager: Shutting down and abandoning module SoundFields (410)
[2025.10.08-10.41.26:185][380]LogModuleManager: Shutting down and abandoning module SignificanceManager (408)
[2025.10.08-10.41.26:185][380]LogModuleManager: Shutting down and abandoning module RuntimePhysXCooking (406)
[2025.10.08-10.41.26:185][380]LogModuleManager: Shutting down and abandoning module PropertyAccessEditor (404)
[2025.10.08-10.41.26:185][380]LogModuleManager: Shutting down and abandoning module PhysXVehiclesEditor (402)
[2025.10.08-10.41.26:185][380]LogModuleManager: Shutting down and abandoning module LocationServicesBPLibrary (398)
[2025.10.08-10.41.26:185][380]LogModuleManager: Shutting down and abandoning module AudioSynesthesia (396)
[2025.10.08-10.41.26:185][380]LogModuleManager: Shutting down and abandoning module AudioSynesthesiaCore (394)
[2025.10.08-10.41.26:185][380]LogModuleManager: Shutting down and abandoning module UdpMessaging (392)
[2025.10.08-10.41.26:286][380]LogModuleManager: Shutting down and abandoning module ActorSequence (390)
[2025.10.08-10.41.26:286][380]LogModuleManager: Shutting down and abandoning module TcpMessaging (388)
[2025.10.08-10.41.26:387][380]LogModuleManager: Shutting down and abandoning module ImgMediaEngine (386)
[2025.10.08-10.41.26:387][380]LogModuleManager: Shutting down and abandoning module MagicLeapARPin (384)
[2025.10.08-10.41.26:387][380]LogModuleManager: Shutting down and abandoning module MagicLeapHandMeshing (382)
[2025.10.08-10.41.26:387][380]LogModuleManager: Shutting down and abandoning module MagicLeapSecureStorage (380)
[2025.10.08-10.41.26:387][380]LogModuleManager: Shutting down and abandoning module MagicLeapPrivileges (378)
[2025.10.08-10.41.26:387][380]LogModuleManager: Shutting down and abandoning module MagicLeapPlanes (376)
[2025.10.08-10.41.26:387][380]LogMagicLeapPlanes: Planes tracker already destroyed.
[2025.10.08-10.41.26:387][380]LogModuleManager: Shutting down and abandoning module MagicLeapImageTracker (374)
[2025.10.08-10.41.26:387][380]LogModuleManager: Shutting down and abandoning module MagicLeapIdentity (372)
[2025.10.08-10.41.26:387][380]LogModuleManager: Shutting down and abandoning module MagicLeapHandTracking (370)
[2025.10.08-10.41.26:387][380]LogModuleManager: Shutting down and abandoning module MagicLeapEyeTracker (368)
[2025.10.08-10.41.26:387][380]LogModuleManager: Shutting down and abandoning module MagicLeapController (366)
[2025.10.08-10.41.26:387][380]LogModuleManager: Shutting down and abandoning module MagicLeapARPinImpl (364)
[2025.10.08-10.41.26:387][380]LogModuleManager: Shutting down and abandoning module MagicLeapAR (362)
[2025.10.08-10.41.26:387][380]LogModuleManager: Shutting down and abandoning module PythonScriptPlugin (360)
[2025.10.08-10.41.26:387][380]LogModuleManager: Shutting down and abandoning module NiagaraAnimNotifies (358)
[2025.10.08-10.41.26:387][380]LogModuleManager: Shutting down and abandoning module Niagara (356)
[2025.10.08-10.41.26:387][380]LogModuleManager: Shutting down and abandoning module SignalProcessing (355)
[2025.10.08-10.41.26:387][380]LogModuleManager: Shutting down and abandoning module NiagaraEditor (353)
[2025.10.08-10.41.26:387][380]LogModuleManager: Shutting down and abandoning module NiagaraCore (350)
[2025.10.08-10.41.26:387][380]LogModuleManager: Shutting down and abandoning module GameplayTagsEditor (348)
[2025.10.08-10.41.26:387][380]LogModuleManager: Shutting down and abandoning module FacialAnimationEditor (346)
[2025.10.08-10.41.26:388][380]LogModuleManager: Shutting down and abandoning module FacialAnimation (344)
[2025.10.08-10.41.26:388][380]LogModuleManager: Shutting down and abandoning module DataValidation (342)
[2025.10.08-10.41.26:388][380]LogModuleManager: Shutting down and abandoning module AssetManagerEditor (340)
[2025.10.08-10.41.26:388][380]LogModuleManager: Shutting down and abandoning module LevelEditor (339)
[2025.10.08-10.41.26:390][380]LogModuleManager: Shutting down and abandoning module PixelInspectorModule (338)
[2025.10.08-10.41.26:390][380]LogModuleManager: Shutting down and abandoning module CommonMenuExtensions (336)
[2025.10.08-10.41.26:390][380]LogModuleManager: Shutting down and abandoning module MainFrame (334)
[2025.10.08-10.41.26:390][380]LogModuleManager: Shutting down and abandoning module HotReload (333)
[2025.10.08-10.41.26:391][380]LogModuleManager: Shutting down and abandoning module ToolMenus (329)
[2025.10.08-10.41.26:391][380]LogModuleManager: Shutting down and abandoning module ContentBrowser (327)
[2025.10.08-10.41.26:391][380]LogModuleManager: Shutting down and abandoning module ContentBrowserData (326)
[2025.10.08-10.41.26:391][380]LogModuleManager: Shutting down and abandoning module TreeMap (323)
[2025.10.08-10.41.26:391][380]LogModuleManager: Shutting down and abandoning module PropertyAccessNode (320)
[2025.10.08-10.41.26:391][380]LogModuleManager: Shutting down and abandoning module AnimationSharing (318)
[2025.10.08-10.41.26:391][380]LogModuleManager: Shutting down and abandoning module GameplayCameras (316)
[2025.10.08-10.41.26:391][380]LogModuleManager: Shutting down and abandoning module LightPropagationVolumeRuntime (314)
[2025.10.08-10.41.26:391][380]LogModuleManager: Shutting down and abandoning module EnvironmentQueryEditor (312)
[2025.10.08-10.41.26:391][380]LogModuleManager: Shutting down and abandoning module Paper2D (310)
[2025.10.08-10.41.26:391][380]LogModuleManager: Shutting down and abandoning module WindowsMoviePlayer (308)
[2025.10.08-10.41.26:394][380]LogModuleManager: Shutting down and abandoning module WebMMoviePlayer (306)
[2025.10.08-10.41.26:394][380]LogModuleManager: Shutting down and abandoning module NetworkReplayStreaming (304)
[2025.10.08-10.41.26:395][380]LogModuleManager: Shutting down and abandoning module PacketHandler (302)
[2025.10.08-10.41.26:395][380]LogModuleManager: Shutting down and abandoning module ClothingSystemEditor (300)
[2025.10.08-10.41.26:395][380]LogModuleManager: Shutting down and abandoning module ClothingSystemRuntimeNv (298)
[2025.10.08-10.41.26:395][380]LogModuleManager: Shutting down and abandoning module MediaAssets (296)
[2025.10.08-10.41.26:395][380]LogModuleManager: Shutting down and abandoning module Overlay (294)
[2025.10.08-10.41.26:395][380]LogModuleManager: Shutting down and abandoning module OverlayEditor (293)
[2025.10.08-10.41.26:395][380]LogModuleManager: Shutting down and abandoning module VREditor (290)
[2025.10.08-10.41.26:395][380]LogModuleManager: Shutting down and abandoning module StringTableEditor (288)
[2025.10.08-10.41.26:395][380]LogModuleManager: Shutting down and abandoning module GameplayTasksEditor (286)
[2025.10.08-10.41.26:395][380]LogModuleManager: Shutting down and abandoning module BehaviorTreeEditor (284)
[2025.10.08-10.41.26:395][380]LogModuleManager: Shutting down and abandoning module FunctionalTesting (282)
[2025.10.08-10.41.26:395][380]LogModuleManager: Shutting down and abandoning module CollisionAnalyzer (280)
[2025.10.08-10.41.26:395][380]LogModuleManager: Shutting down and abandoning module WorkspaceMenuStructure (279)
[2025.10.08-10.41.26:395][380]LogModuleManager: Shutting down and abandoning module UMG (276)
[2025.10.08-10.41.26:395][380]LogModuleManager: Shutting down and abandoning module UMGEditor (275)
[2025.10.08-10.41.26:395][380]LogModuleManager: Shutting down and abandoning module MessageLog (273)
[2025.10.08-10.41.26:395][380]LogModuleManager: Shutting down and abandoning module SlateReflector (268)
[2025.10.08-10.41.26:395][380]LogModuleManager: Shutting down and abandoning module Slate (266)
[2025.10.08-10.41.26:395][380]LogModuleManager: Shutting down and abandoning module SlateCore (264)
[2025.10.08-10.41.26:396][380]LogModuleManager: Shutting down and abandoning module LandscapeEditorUtilities (262)
[2025.10.08-10.41.26:397][380]LogModuleManager: Shutting down and abandoning module UnrealEd (260)
[2025.10.08-10.41.26:397][380]LogModuleManager: Shutting down and abandoning module MRMesh (258)
[2025.10.08-10.41.26:397][380]LogModuleManager: Shutting down and abandoning module SourceCodeAccess (256)
[2025.10.08-10.41.26:397][380]LogModuleManager: Shutting down and abandoning module HeadMountedDisplay (254)
[2025.10.08-10.41.26:397][380]LogModuleManager: Shutting down and abandoning module XAudio2 (252)
[2025.10.08-10.41.26:397][380]LogModuleManager: Shutting down and abandoning module Networking (250)
[2025.10.08-10.41.26:397][380]LogModuleManager: Shutting down and abandoning module Core (248)
[2025.10.08-10.41.26:397][380]LogModuleManager: Shutting down and abandoning module MaterialEditor (246)
[2025.10.08-10.41.26:397][380]LogModuleManager: Shutting down and abandoning module MovieSceneTools (244)
[2025.10.08-10.41.26:397][380]LogModuleManager: Shutting down and abandoning module CurveEditor (243)
[2025.10.08-10.41.26:397][380]LogModuleManager: Shutting down and abandoning module Sequencer (241)
[2025.10.08-10.41.26:398][380]LogModuleManager: Shutting down and abandoning module EditorStyle (240)
[2025.10.08-10.41.26:400][380]LogModuleManager: Shutting down and abandoning module KismetCompiler (236)
[2025.10.08-10.41.26:400][380]LogModuleManager: Shutting down and abandoning module MeshBuilder (234)
[2025.10.08-10.41.26:400][380]LogModuleManager: Shutting down and abandoning module MeshUtilities (232)
[2025.10.08-10.41.26:400][380]LogModuleManager: Shutting down and abandoning module MeshMergeUtilities (231)
[2025.10.08-10.41.26:400][380]LogModuleManager: Shutting down and abandoning module MeshReductionInterface (230)
[2025.10.08-10.41.26:400][380]LogModuleManager: Shutting down and abandoning module MeshBoneReduction (229)
[2025.10.08-10.41.26:400][380]LogModuleManager: Shutting down and abandoning module SkeletalMeshReduction (227)
[2025.10.08-10.41.26:400][380]LogModuleManager: Shutting down and abandoning module ProxyLODMeshReduction (225)
[2025.10.08-10.41.26:400][380]LogModuleManager: Shutting down and abandoning module QuadricMeshReduction (223)
[2025.10.08-10.41.26:400][380]LogModuleManager: Shutting down and abandoning module MaterialBaking (219)
[2025.10.08-10.41.26:400][380]LogModuleManager: Shutting down and abandoning module NullInstallBundleManager (214)
[2025.10.08-10.41.26:400][380]LogModuleManager: Shutting down and abandoning module DerivedDataCache (212)
[2025.10.08-10.41.26:400][380]LogModuleManager: Shutting down and abandoning module TargetPlatform (210)
[2025.10.08-10.41.26:400][380]LogModuleManager: Shutting down and abandoning module VulkanShaderFormat (209)
[2025.10.08-10.41.26:401][380]LogModuleManager: Shutting down and abandoning module ShaderFormatVectorVM (207)
[2025.10.08-10.41.26:401][380]LogModuleManager: Shutting down and abandoning module ShaderFormatOpenGL (205)
[2025.10.08-10.41.26:401][380]LogModuleManager: Shutting down and abandoning module ShaderFormatD3D (203)
[2025.10.08-10.41.26:401][380]LogModuleManager: Shutting down and abandoning module MetalShaderFormat (201)
[2025.10.08-10.41.26:401][380]LogModuleManager: Shutting down and abandoning module TextureFormatOodle (199)
[2025.10.08-10.41.26:401][380]LogModuleManager: Shutting down and abandoning module TextureFormatUncompressed (197)
[2025.10.08-10.41.26:401][380]LogModuleManager: Shutting down and abandoning module TextureFormatPVR (195)
[2025.10.08-10.41.26:401][380]LogModuleManager: Shutting down and abandoning module TextureFormatETC2 (193)
[2025.10.08-10.41.26:401][380]LogModuleManager: Shutting down and abandoning module TextureFormatDXT (191)
[2025.10.08-10.41.26:401][380]LogModuleManager: Shutting down and abandoning module TextureFormatIntelISPCTexComp (189)
[2025.10.08-10.41.26:401][380]LogModuleManager: Shutting down and abandoning module TextureFormatASTC (187)
[2025.10.08-10.41.26:401][380]LogModuleManager: Shutting down and abandoning module ImageWrapper (186)
[2025.10.08-10.41.26:401][380]LogModuleManager: Shutting down and abandoning module AudioFormatOpus (183)
[2025.10.08-10.41.26:401][380]LogModuleManager: Shutting down and abandoning module AudioFormatOgg (181)
[2025.10.08-10.41.26:401][380]LogModuleManager: Shutting down and abandoning module AudioFormatADPCM (179)
[2025.10.08-10.41.26:401][380]LogModuleManager: Shutting down and abandoning module WindowsServerTargetPlatform (177)
[2025.10.08-10.41.26:401][380]LogModuleManager: Shutting down and abandoning module WindowsClientTargetPlatform (175)
[2025.10.08-10.41.26:401][380]LogModuleManager: Shutting down and abandoning module WindowsTargetPlatform (173)
[2025.10.08-10.41.26:401][380]LogModuleManager: Shutting down and abandoning module WindowsNoEditorTargetPlatform (171)
[2025.10.08-10.41.26:401][380]LogModuleManager: Shutting down and abandoning module TVOSTargetPlatform (169)
[2025.10.08-10.41.26:403][380]LogModuleManager: Shutting down and abandoning module MacServerTargetPlatform (167)
[2025.10.08-10.41.26:403][380]LogModuleManager: Shutting down and abandoning module MacClientTargetPlatform (165)
[2025.10.08-10.41.26:403][380]LogModuleManager: Shutting down and abandoning module MacTargetPlatform (163)
[2025.10.08-10.41.26:403][380]LogModuleManager: Shutting down and abandoning module MacNoEditorTargetPlatform (161)
[2025.10.08-10.41.26:403][380]LogModuleManager: Shutting down and abandoning module LuminTargetPlatform (159)
[2025.10.08-10.41.26:405][380]LogModuleManager: Shutting down and abandoning module LinuxAArch64ServerTargetPlatform (157)
[2025.10.08-10.41.26:405][380]LogModuleManager: Shutting down and abandoning module LinuxAArch64ClientTargetPlatform (155)
[2025.10.08-10.41.26:405][380]LogModuleManager: Shutting down and abandoning module LinuxAArch64NoEditorTargetPlatform (153)
[2025.10.08-10.41.26:405][380]LogModuleManager: Shutting down and abandoning module LinuxServerTargetPlatform (151)
[2025.10.08-10.41.26:405][380]LogModuleManager: Shutting down and abandoning module LinuxClientTargetPlatform (149)
[2025.10.08-10.41.26:405][380]LogModuleManager: Shutting down and abandoning module LinuxNoEditorTargetPlatform (147)
[2025.10.08-10.41.26:405][380]LogModuleManager: Shutting down and abandoning module LinuxTargetPlatform (145)
[2025.10.08-10.41.26:405][380]LogModuleManager: Shutting down and abandoning module Messaging (143)
[2025.10.08-10.41.26:405][380]LogModuleManager: Shutting down and abandoning module IOSTargetPlatform (141)
[2025.10.08-10.41.26:407][380]LogModuleManager: Shutting down and abandoning module AndroidTargetPlatform (139)
[2025.10.08-10.41.26:418][380]LogModuleManager: Shutting down and abandoning module AllDesktopTargetPlatform (137)
[2025.10.08-10.41.26:418][380]LogModuleManager: Shutting down and abandoning module D3D11RHI (134)
[2025.10.08-10.41.26:418][380]LogModuleManager: Shutting down and abandoning module InputCore (132)
[2025.10.08-10.41.26:418][380]LogModuleManager: Shutting down and abandoning module Settings (130)
[2025.10.08-10.41.26:418][380]LogModuleManager: Shutting down and abandoning module DirectoryWatcher (128)
[2025.10.08-10.41.26:418][380]LogModuleManager: Shutting down and abandoning module PhysXCooking (126)
[2025.10.08-10.41.26:418][380]LogModuleManager: Shutting down and abandoning module Chaos (124)
[2025.10.08-10.41.26:418][380]LogModuleManager: Shutting down and abandoning module WindowsPlatformFeatures (122)
[2025.10.08-10.41.26:418][380]LogModuleManager: Shutting down and abandoning module GameplayMediaEncoder (121)
[2025.10.08-10.41.26:418][380]LogModuleManager: Shutting down and abandoning module AVEncoder (120)
[2025.10.08-10.41.26:418][380]LogModuleManager: Shutting down and abandoning module SteamVRInputDevice (116)
[2025.10.08-10.41.26:418][380]LogModuleManager: Shutting down and abandoning module SteamVRInput (114)
[2025.10.08-10.41.26:418][380]LogModuleManager: Shutting down and abandoning module SteamVR (112)
[2025.10.08-10.41.26:418][380]LogHMD: Freeing OpenVRDLLHandle.
[2025.10.08-10.41.26:418][380]LogModuleManager: Shutting down and abandoning module OculusHMD (110)
[2025.10.08-10.41.26:418][380]LogModuleManager: Shutting down and abandoning module OpenXREyeTracker (108)
[2025.10.08-10.41.26:418][380]LogModuleManager: Shutting down and abandoning module OpenXRHandTracking (106)
[2025.10.08-10.41.26:418][380]LogSlate: Slate User Destroyed.  User Index 0, Is Virtual User: 0
[2025.10.08-10.41.26:419][380]LogModuleManager: Shutting down and abandoning module OpenXRAR (104)
[2025.10.08-10.41.26:419][380]LogModuleManager: Shutting down and abandoning module AugmentedReality (103)
[2025.10.08-10.41.26:419][380]LogModuleManager: Shutting down and abandoning module OpenXRHMD (100)
[2025.10.08-10.41.26:419][380]LogModuleManager: Shutting down and abandoning module ExampleDeviceProfileSelector (98)
[2025.10.08-10.41.26:419][380]LogModuleManager: Shutting down and abandoning module ChunkDownloader (96)
[2025.10.08-10.41.26:419][380]LogModuleManager: Shutting down and abandoning module OnlineBlueprintSupport (94)
[2025.10.08-10.41.26:419][380]LogModuleManager: Shutting down and abandoning module OnlineSubsystem (90)
[2025.10.08-10.41.26:420][380]LogModuleManager: Shutting down and abandoning module XMPP (85)
[2025.10.08-10.41.26:420][380]LogModuleManager: Shutting down and abandoning module WebSockets (84)
[2025.10.08-10.41.26:423][380]LogModuleManager: Shutting down and abandoning module HTTP (81)
[2025.10.08-10.41.26:423][380]LogHttp: Display: Http module shutting down, but needs to wait on 1 outstanding Http requests:
[2025.10.08-10.41.26:423][380]LogHttp: Display: 	verb=[POST] url=[https://datarouter.ol.epicgames.com/datarouter/api/v1/public/data?SessionID=%7B7B87B75E-41B9-42A9-ED78-D09126FE472C%7D&AppID=UEEditor.Rocket.Release&AppVersion=4.27.2-18319896%2B%2B%2BUE4%2BRelease-4.27&UserID=93cd7c3241fd8e28db260eac69794fc3%7C2361f7104f7040968681f2ece7f0605e%7C1e872d7c-08f5-4b0c-8fcd-cad4205c86dd&AppEnvironment=datacollector-binary&UploadType=eteventstream] refs=[1] status=Processing
[2025.10.08-10.41.26:423][380]LogHttp: Display: cleaning up 1 outstanding Http requests.
[2025.10.08-10.41.26:433][380]LogModuleManager: Shutting down and abandoning module SSL (80)
[2025.10.08-10.41.26:434][380]LogModuleManager: Shutting down and abandoning module LauncherChunkInstaller (76)
[2025.10.08-10.41.26:434][380]LogModuleManager: Shutting down and abandoning module WmfMedia (74)
[2025.10.08-10.41.26:436][380]LogModuleManager: Shutting down and abandoning module Media (73)
[2025.10.08-10.41.26:437][380]LogModuleManager: Shutting down and abandoning module MediaInfo (72)
[2025.10.08-10.41.26:437][380]LogModuleManager: Shutting down and abandoning module ExrReaderGpu (68)
[2025.10.08-10.41.26:437][380]LogModuleManager: Shutting down and abandoning module MLSDK (66)
[2025.10.08-10.41.26:437][380]LogModuleManager: Shutting down and abandoning module MagicLeap (64)
[2025.10.08-10.41.26:437][380]LogModuleManager: Shutting down and abandoning module ChaosCloth (62)
[2025.10.08-10.41.26:437][380]LogModuleManager: Shutting down and abandoning module NiagaraVertexFactories (60)
[2025.10.08-10.41.26:438][380]LogModuleManager: Shutting down and abandoning module NiagaraShader (58)
[2025.10.08-10.41.26:438][380]LogModuleManager: Shutting down and abandoning module VariantManagerContent (56)
[2025.10.08-10.41.26:438][380]LogModuleManager: Shutting down and abandoning module DatasmithContent (54)
[2025.10.08-10.41.26:438][380]LogModuleManager: Shutting down and abandoning module PixWinPlugin (52)
[2025.10.08-10.41.26:438][380]LogModuleManager: Shutting down and abandoning module AISupportModule (50)
[2025.10.08-10.41.26:438][380]LogModuleManager: Shutting down and abandoning module DesktopPlatform (48)
[2025.10.08-10.41.26:438][380]LogModuleManager: Shutting down and abandoning module PythonScriptPluginPreload (46)
[2025.10.08-10.41.26:438][380]LogModuleManager: Shutting down and abandoning module PlatformCryptoOpenSSL (44)
[2025.10.08-10.41.26:438][380]LogModuleManager: Shutting down and abandoning module PlatformCryptoTypes (42)
[2025.10.08-10.41.26:438][380]LogModuleManager: Shutting down and abandoning module PlatformCrypto (40)
[2025.10.08-10.41.26:438][380]LogModuleManager: Shutting down and abandoning module OodleDataCompressionFormat (38)
[2025.10.08-10.41.26:438][380]LogModuleManager: Shutting down and abandoning module XGEController (36)
[2025.10.08-10.41.26:438][380]LogXGEController: Cleaning working directory: C:/Users/Student/AppData/Local/Temp/UnrealXGEWorkingDir/
[2025.10.08-10.41.26:438][380]LogModuleManager: Shutting down and abandoning module AnimationModifiers (34)
[2025.10.08-10.41.26:438][380]LogModuleManager: Shutting down and abandoning module AudioEditor (32)
[2025.10.08-10.41.26:439][380]LogModuleManager: Shutting down and abandoning module PropertyEditor (31)
[2025.10.08-10.41.26:439][380]LogModuleManager: Shutting down and abandoning module TextureCompressor (28)
[2025.10.08-10.41.26:439][380]LogModuleManager: Shutting down and abandoning module RenderCore (26)
[2025.10.08-10.41.26:439][380]LogModuleManager: Shutting down and abandoning module Landscape (24)
[2025.10.08-10.41.26:439][380]LogModuleManager: Shutting down and abandoning module SlateRHIRenderer (22)
[2025.10.08-10.41.26:440][380]LogModuleManager: Shutting down and abandoning module AnimGraphRuntime (20)
[2025.10.08-10.41.26:440][380]LogModuleManager: Shutting down and abandoning module Renderer (18)
[2025.10.08-10.41.26:440][380]LogModuleManager: Shutting down and abandoning module Engine (16)
[2025.10.08-10.41.26:440][380]LogModuleManager: Shutting down and abandoning module CoreUObject (14)
[2025.10.08-10.41.26:440][380]LogModuleManager: Shutting down and abandoning module NetworkFile (12)
[2025.10.08-10.41.26:440][380]LogModuleManager: Shutting down and abandoning module CookedIterativeFile (10)
[2025.10.08-10.41.26:440][380]LogModuleManager: Shutting down and abandoning module StreamingFile (8)
[2025.10.08-10.41.26:440][380]LogModuleManager: Shutting down and abandoning module SandboxFile (6)
[2025.10.08-10.41.26:440][380]LogModuleManager: Shutting down and abandoning module PakFile (4)
[2025.10.08-10.41.26:440][380]LogModuleManager: Shutting down and abandoning module RSA (3)
[2025.10.08-10.41.26:440][380]LogContentStreaming: Display: There are 1 unreleased StreamingManagers
[2025.10.08-10.41.26:455][380]LogD3D11RHI: Shutdown
[2025.10.08-10.41.26:455][380]LogD3D11RHI: CleanupD3DDevice
[2025.10.08-10.41.26:458][380]LogExit: Exiting.
[2025.10.08-10.41.26:470][380]Log file closed, 10/08/25 12:41:26
