Log file open, 02/13/26 14:05:09
LogWindows: Failed to load 'aqProf.dll' (GetLastError=126)
LogWindows: File 'aqProf.dll' does not exist
LogWindows: Failed to load 'VtuneApi.dll' (GetLastError=126)
LogWindows: File 'VtuneApi.dll' does not exist
LogWindows: Failed to load 'VtuneApi32e.dll' (GetLastError=126)
LogWindows: File 'VtuneApi32e.dll' does not exist
LogConsoleResponse: Display: Failed to find resolution value strings in scalability ini. Falling back to default.
LogConsoleResponse: Display: Failed to find resolution value strings in scalability ini. Falling back to default.
LogInit: Display: Running engine for game: TopDownAC
LogPlatformFile: Not using cached read wrapper
LogTaskGraph: Started task graph with 5 named threads and 59 total threads with 3 sets of task threads.
LogStats: Stats thread started at 0.182238
LogICUInternationalization: ICU TimeZone Detection - Raw Offset: +1:00, Platform Override: ''
LogInit: Display: Loading text-based GConfig....
LogPluginManager: Mounting plugin MeshPainting
LogPluginManager: Mounting plugin XGEController
LogPluginManager: Mounting plugin Paper2D
LogPluginManager: Mounting plugin AISupport
LogPluginManager: Mounting plugin EnvironmentQueryEditor
LogPluginManager: Mounting plugin LightPropagationVolume
LogPluginManager: Mounting plugin LiveLink
LogPluginManager: Mounting plugin OodleData
LogPluginManager: Mounting plugin OodleNetwork
LogPluginManager: Mounting plugin CameraShakePreviewer
LogPluginManager: Mounting plugin GameplayCameras
LogPluginManager: Mounting plugin AssetManagerEditor
LogPluginManager: Mounting plugin CryptoKeys
LogPluginManager: Mounting plugin CurveEditorTools
LogPluginManager: Mounting plugin DataValidation
LogPluginManager: Mounting plugin FacialAnimation
LogPluginManager: Mounting plugin GameplayTagsEditor
LogPluginManager: Mounting plugin AnimationSharing
LogPluginManager: Mounting plugin GeometryMode
LogPluginManager: Mounting plugin MaterialAnalyzer
LogPluginManager: Mounting plugin MobileLauncherProfileWizard
LogPluginManager: Mounting plugin CLionSourceCodeAccess
LogPluginManager: Mounting plugin PluginBrowser
LogPluginManager: Mounting plugin CodeLiteSourceCodeAccess
LogPluginManager: Mounting plugin GitSourceControl
LogPluginManager: Mounting plugin KDevelopSourceCodeAccess
LogPluginManager: Mounting plugin NullSourceCodeAccess
LogPluginManager: Mounting plugin PerforceSourceControl
LogPluginManager: Mounting plugin PixWinPlugin
LogPluginManager: Mounting plugin PlasticSourceControl
LogPluginManager: Mounting plugin PluginUtils
LogPluginManager: Mounting plugin PropertyAccessNode
LogPluginManager: Mounting plugin RiderSourceCodeAccess
LogPluginManager: Mounting plugin MacGraphicsSwitching
LogPluginManager: Mounting plugin SubversionSourceControl
LogPluginManager: Mounting plugin TextureFormatOodle
LogPluginManager: Mounting plugin UObjectPlugin
LogPluginManager: Mounting plugin VisualStudioCodeSourceCodeAccess
LogPluginManager: Mounting plugin SpeedTreeImporter
LogPluginManager: Mounting plugin XCodeSourceCodeAccess
LogPluginManager: Mounting plugin VisualStudioSourceCodeAccess
LogPluginManager: Mounting plugin AlembicImporter
LogPluginManager: Mounting plugin AutomationUtils
LogPluginManager: Mounting plugin BackChannel
LogPluginManager: Mounting plugin ChaosClothEditor
LogPluginManager: Mounting plugin ChaosEditor
LogPluginManager: Mounting plugin DatasmithContent
LogPluginManager: Mounting plugin ChaosNiagara
LogPluginManager: Mounting plugin ChaosSolverPlugin
LogPluginManager: Mounting plugin ChaosCloth
LogPluginManager: Mounting plugin CharacterAI
LogPluginManager: Mounting plugin VariantManagerContent
LogPluginManager: Mounting plugin Niagara
LogPluginManager: Mounting plugin GeometryCache
LogPluginManager: Mounting plugin GeometryCollectionPlugin
LogPluginManager: Mounting plugin GeometryProcessing
LogPluginManager: Mounting plugin OpenImageDenoise
LogPluginManager: Mounting plugin PlanarCut
LogPluginManager: Mounting plugin ProxyLODPlugin
LogPluginManager: Mounting plugin MotoSynth
LogPluginManager: Mounting plugin PythonScriptPlugin
LogPluginManager: Mounting plugin SkeletalReduction
LogPluginManager: Mounting plugin MagicLeap
LogPluginManager: Mounting plugin LuminPlatformFeatures
LogPluginManager: Mounting plugin MagicLeapLightEstimation
LogPluginManager: Mounting plugin MagicLeapMedia
LogPluginManager: Mounting plugin MagicLeapPassableWorld
LogPluginManager: Mounting plugin MLSDK
LogPluginManager: Mounting plugin AndroidMedia
LogPluginManager: Mounting plugin PlatformCrypto
LogPluginManager: Mounting plugin MediaCompositing
LogPluginManager: Mounting plugin ImgMedia
LogPluginManager: Mounting plugin AvfMedia
LogPluginManager: Mounting plugin MediaPlayerEditor
LogPluginManager: Mounting plugin WmfMedia
LogPluginManager: Mounting plugin TcpMessaging
LogPluginManager: Mounting plugin WebMMedia
LogPluginManager: Mounting plugin MatineeToLevelSequence
LogPluginManager: Mounting plugin LevelSequenceEditor
LogPluginManager: Mounting plugin TemplateSequence
LogPluginManager: Mounting plugin UdpMessaging
LogPluginManager: Mounting plugin ActorSequence
LogPluginManager: Mounting plugin OnlineSubsystem
LogPluginManager: Mounting plugin OnlineSubsystemNull
LogPluginManager: Mounting plugin OnlineSubsystemUtils
LogPluginManager: Mounting plugin AndroidDeviceProfileSelector
LogPluginManager: Mounting plugin AndroidPermission
LogPluginManager: Mounting plugin LauncherChunkInstaller
LogPluginManager: Mounting plugin ActorLayerUtilities
LogPluginManager: Mounting plugin AppleImageUtils
LogPluginManager: Mounting plugin AndroidMoviePlayer
LogPluginManager: Mounting plugin ArchVisCharacter
LogPluginManager: Mounting plugin AssetTags
LogPluginManager: Mounting plugin AudioCapture
LogPluginManager: Mounting plugin AudioSynesthesia
LogPluginManager: Mounting plugin AppleMoviePlayer
LogPluginManager: Mounting plugin CustomMeshComponent
LogPluginManager: Mounting plugin EditableMesh
LogPluginManager: Mounting plugin CableComponent
LogPluginManager: Mounting plugin ExampleDeviceProfileSelector
LogPluginManager: Mounting plugin ChunkDownloader
LogPluginManager: Mounting plugin GoogleCloudMessaging
LogPluginManager: Mounting plugin GooglePAD
LogPluginManager: Mounting plugin LinuxDeviceProfileSelector
LogPluginManager: Mounting plugin LocationServicesBPLibrary
LogPluginManager: Mounting plugin IOSDeviceProfileSelector
LogPluginManager: Mounting plugin MobilePatchingUtils
LogPluginManager: Mounting plugin OpenXREyeTracker
LogPluginManager: Mounting plugin OpenXR
LogPluginManager: Mounting plugin OpenXRHandTracking
LogPluginManager: Mounting plugin PhysXVehicles
LogPluginManager: Mounting plugin ScreenshotTools
LogPluginManager: Mounting plugin PostSplashScreen
LogPluginManager: Mounting plugin ProceduralMeshComponent
LogPluginManager: Mounting plugin PropertyAccessEditor
LogPluginManager: Mounting plugin SignificanceManager
LogPluginManager: Mounting plugin RuntimePhysXCooking
LogPluginManager: Mounting plugin SoundFields
LogPluginManager: Mounting plugin Synthesis
LogPluginManager: Mounting plugin WebMMoviePlayer
LogPluginManager: Mounting plugin WindowsMoviePlayer
LogPluginManager: Mounting plugin Takes
LogPluginManager: Mounting plugin ContentBrowserFileDataSource
LogPluginManager: Mounting plugin ContentBrowserClassDataSource
LogPluginManager: Mounting plugin ContentBrowserAssetDataSource
LogPluginManager: Mounting plugin OnlineSubsystemGooglePlay
LogPluginManager: Mounting plugin OnlineSubsystemIOS
LogPluginManager: Mounting plugin OculusVR
LogPluginManager: Mounting plugin SteamVR
PixWinPlugin: PIX capture plugin failed to initialize! Check that the process is launched from PIX.
LogInit: Using libcurl 7.55.1-DEV
LogInit:  - built for x86_64-pc-win32
LogInit:  - supports SSL with OpenSSL/1.1.1
LogInit:  - supports HTTP deflate (compression) using libz 1.2.8
LogInit:  - other features:
LogInit:      CURL_VERSION_SSL
LogInit:      CURL_VERSION_LIBZ
LogInit:      CURL_VERSION_IPV6
LogInit:      CURL_VERSION_ASYNCHDNS
LogInit:      CURL_VERSION_LARGEFILE
LogInit:      CURL_VERSION_IDN
LogInit:  CurlRequestOptions (configurable via config and command line):
LogInit:  - bVerifyPeer = true  - Libcurl will verify peer certificate
LogInit:  - bUseHttpProxy = false  - Libcurl will NOT use HTTP proxy
LogInit:  - bDontReuseConnections = false  - Libcurl will reuse connections
LogInit:  - MaxHostConnections = 16  - Libcurl will limit the number of connections to a host
LogInit:  - LocalHostAddr = Default
LogInit:  - BufferSize = 65536
LogOnline: OSS: Creating online subsystem instance for: NULL
LogInit: WinSock: version 1.1 (2.2), MaxSocks=32767, MaxUdp=65467
LogOnline: OSS: TryLoadSubsystemAndSetDefault: Loaded subsystem for module [NULL]
LogOculusPluginWrapper: OculusPlugin initialized successfully
LogHMD: Failed initializing OVRPlugin 1.59.0
LogInit: Build: ++UE4+Release-4.27-CL-18319896
LogInit: Engine Version: 4.27.2-18319896+++UE4+Release-4.27
LogInit: Compatible Engine Version: 4.27.0-17155196+++UE4+Release-4.27
LogInit: Net CL: 17155196
LogInit: OS: Windows 10 (Release 2009) (), CPU: 13th Gen Intel(R) Core(TM) i7-13650HX, GPU: Intel(R) UHD Graphics
LogInit: Compiled (64-bit): Nov 30 2021 07:12:08
LogInit: Compiled with Visual C++: 19.24.28315.00
LogInit: Build Configuration: Development
LogInit: Branch Name: ++UE4+Release-4.27
LogInit: Command Line:  -AUTH_LOGIN=unused -AUTH_PASSWORD=769cb424c0ff426788010de3bc5e292d -AUTH_TYPE=exchangecode -epicapp=UE_4.27 -epicenv=Prod -EpicPortal -epicusername=Xotii -epicuserid=8c0f7f1633984bb789070dad4917d369 -epiclocale=pl -epicsandboxid=ue
LogInit: Base Directory: D:/Epic Games/UE_4.27/Engine/Binaries/Win64/
LogInit: Allocator: TBB
LogInit: Installed Engine Build: 1
LogDevObjectVersion: Number of dev versions registered: 29
LogDevObjectVersion:   Dev-Blueprints (B0D832E4-1F89-4F0D-ACCF-7EB736FD4AA2): 10
LogDevObjectVersion:   Dev-Build (E1C64328-A22C-4D53-A36C-8E866417BD8C): 0
LogDevObjectVersion:   Dev-Core (375EC13C-06E4-48FB-B500-84F0262A717E): 4
LogDevObjectVersion:   Dev-Editor (E4B068ED-F494-42E9-A231-DA0B2E46BB41): 40
LogDevObjectVersion:   Dev-Framework (CFFC743F-43B0-4480-9391-14DF171D2073): 37
LogDevObjectVersion:   Dev-Mobile (B02B49B5-BB20-44E9-A304-32B752E40360): 3
LogDevObjectVersion:   Dev-Networking (A4E4105C-59A1-49B5-A7C5-40C4547EDFEE): 0
LogDevObjectVersion:   Dev-Online (39C831C9-5AE6-47DC-9A44-9C173E1C8E7C): 0
LogDevObjectVersion:   Dev-Physics (78F01B33-EBEA-4F98-B9B4-84EACCB95AA2): 14
LogDevObjectVersion:   Dev-Platform (6631380F-2D4D-43E0-8009-CF276956A95A): 0
LogDevObjectVersion:   Dev-Rendering (12F88B9F-8875-4AFC-A67C-D90C383ABD29): 45
LogDevObjectVersion:   Dev-Sequencer (7B5AE74C-D270-4C10-A958-57980B212A5A): 13
LogDevObjectVersion:   Dev-VR (D7296918-1DD6-4BDD-9DE2-64A83CC13884): 3
LogDevObjectVersion:   Dev-LoadTimes (C2A15278-BFE7-4AFE-6C17-90FF531DF755): 1
LogDevObjectVersion:   Private-Geometry (6EACA3D4-40EC-4CC1-B786-8BED09428FC5): 3
LogDevObjectVersion:   Dev-AnimPhys (29E575DD-E0A3-4627-9D10-D276232CDCEA): 17
LogDevObjectVersion:   Dev-Anim (AF43A65D-7FD3-4947-9873-3E8ED9C1BB05): 15
LogDevObjectVersion:   Dev-ReflectionCapture (6B266CEC-1EC7-4B8F-A30B-E4D90942FC07): 1
LogDevObjectVersion:   Dev-Automation (0DF73D61-A23F-47EA-B727-89E90C41499A): 1
LogDevObjectVersion:   FortniteMain (601D1886-AC64-4F84-AA16-D3DE0DEAC7D6): 47
LogDevObjectVersion:   FortniteRelease (E7086368-6B23-4C58-8439-1B7016265E91): 1
LogDevObjectVersion:   Dev-Enterprise (9DFFBCD6-494F-0158-E221-12823C92A888): 10
LogDevObjectVersion:   Dev-Niagara (F2AED0AC-9AFE-416F-8664-AA7FFA26D6FC): 1
LogDevObjectVersion:   Dev-Destruction (174F1F0B-B4C6-45A5-B13F-2EE8D0FB917D): 10
LogDevObjectVersion:   Dev-Physics-Ext (35F94A83-E258-406C-A318-09F59610247C): 41
LogDevObjectVersion:   Dev-PhysicsMaterial-Chaos (B68FC16E-8B1B-42E2-B453-215C058844FE): 1
LogDevObjectVersion:   Dev-CineCamera (B2E18506-4273-CFC2-A54E-F4BB758BBA07): 1
LogDevObjectVersion:   Dev-VirtualProduction (64F58936-FD1B-42BA-BA96-7289D5D0FA4E): 1
LogDevObjectVersion:   Dev-MediaFramework (6F0ED827-A609-4895-9C91-998D90180EA4): 2
LogInit: Presizing for max 25165824 objects, including 0 objects not considered by GC, pre-allocating 0 bytes for permanent pool.
LogConfig: Applying CVar settings from Section [/Script/Engine.StreamingSettings] File [D:/Repozytoria/UE 4.27/KZ_TopDownShooter/TopDownAC/Saved/Config/Windows/Engine.ini]
LogConfig: Setting CVar [[s.MinBulkDataSizeForAsyncLoading:131072]]
LogConfig: Setting CVar [[s.AsyncLoadingThreadEnabled:0]]
LogConfig: Setting CVar [[s.EventDrivenLoaderEnabled:1]]
LogConfig: Setting CVar [[s.WarnIfTimeLimitExceeded:0]]
LogConfig: Setting CVar [[s.TimeLimitExceededMultiplier:1.5]]
LogConfig: Setting CVar [[s.TimeLimitExceededMinTime:0.005]]
LogConfig: Setting CVar [[s.UseBackgroundLevelStreaming:1]]
LogConfig: Setting CVar [[s.PriorityAsyncLoadingExtraTime:15.0]]
LogConfig: Setting CVar [[s.LevelStreamingActorsUpdateTimeLimit:5.0]]
LogConfig: Setting CVar [[s.PriorityLevelStreamingActorsUpdateExtraTime:5.0]]
LogConfig: Setting CVar [[s.LevelStreamingComponentsRegistrationGranularity:10]]
LogConfig: Setting CVar [[s.UnregisterComponentsTimeLimit:1.0]]
LogConfig: Setting CVar [[s.LevelStreamingComponentsUnregistrationGranularity:5]]
LogConfig: Setting CVar [[s.FlushStreamingOnExit:1]]
LogInit: Object subsystem initialized
LogConfig: Setting CVar [[con.DebugEarlyDefault:1]]
LogConfig: Setting CVar [[r.setres:1280x720]]
[2026.02.13-13.05.09:388][  0]LogConfig: Setting CVar [[r.VSync:0]]
[2026.02.13-13.05.09:388][  0]LogConfig: Setting CVar [[r.RHICmdBypass:0]]
[2026.02.13-13.05.09:388][  0]LogConfig: Applying CVar settings from Section [/Script/Engine.RendererSettings] File [D:/Repozytoria/UE 4.27/KZ_TopDownShooter/TopDownAC/Saved/Config/Windows/Engine.ini]
[2026.02.13-13.05.09:388][  0]LogConfig: Setting CVar [[r.GPUCrashDebugging:0]]
[2026.02.13-13.05.09:388][  0]LogConfig: Applying CVar settings from Section [/Script/Engine.RendererOverrideSettings] File [D:/Repozytoria/UE 4.27/KZ_TopDownShooter/TopDownAC/Saved/Config/Windows/Engine.ini]
[2026.02.13-13.05.09:388][  0]LogConfig: Applying CVar settings from Section [/Script/Engine.StreamingSettings] File [D:/Repozytoria/UE 4.27/KZ_TopDownShooter/TopDownAC/Saved/Config/Windows/Engine.ini]
[2026.02.13-13.05.09:388][  0]LogConfig: Setting CVar [[s.MinBulkDataSizeForAsyncLoading:131072]]
[2026.02.13-13.05.09:388][  0]LogConfig: Setting CVar [[s.AsyncLoadingThreadEnabled:0]]
[2026.02.13-13.05.09:388][  0]LogConfig: Setting CVar [[s.EventDrivenLoaderEnabled:1]]
[2026.02.13-13.05.09:388][  0]LogConfig: Setting CVar [[s.WarnIfTimeLimitExceeded:0]]
[2026.02.13-13.05.09:388][  0]LogConfig: Setting CVar [[s.TimeLimitExceededMultiplier:1.5]]
[2026.02.13-13.05.09:388][  0]LogConfig: Setting CVar [[s.TimeLimitExceededMinTime:0.005]]
[2026.02.13-13.05.09:389][  0]LogConfig: Setting CVar [[s.UseBackgroundLevelStreaming:1]]
[2026.02.13-13.05.09:389][  0]LogConfig: Setting CVar [[s.PriorityAsyncLoadingExtraTime:15.0]]
[2026.02.13-13.05.09:389][  0]LogConfig: Setting CVar [[s.LevelStreamingActorsUpdateTimeLimit:5.0]]
[2026.02.13-13.05.09:389][  0]LogConfig: Setting CVar [[s.PriorityLevelStreamingActorsUpdateExtraTime:5.0]]
[2026.02.13-13.05.09:389][  0]LogConfig: Setting CVar [[s.LevelStreamingComponentsRegistrationGranularity:10]]
[2026.02.13-13.05.09:389][  0]LogConfig: Setting CVar [[s.UnregisterComponentsTimeLimit:1.0]]
[2026.02.13-13.05.09:389][  0]LogConfig: Setting CVar [[s.LevelStreamingComponentsUnregistrationGranularity:5]]
[2026.02.13-13.05.09:389][  0]LogConfig: Setting CVar [[s.FlushStreamingOnExit:1]]
[2026.02.13-13.05.09:389][  0]LogConfig: Applying CVar settings from Section [/Script/Engine.GarbageCollectionSettings] File [D:/Repozytoria/UE 4.27/KZ_TopDownShooter/TopDownAC/Saved/Config/Windows/Engine.ini]
[2026.02.13-13.05.09:389][  0]LogConfig: Setting CVar [[gc.MaxObjectsNotConsideredByGC:1]]
[2026.02.13-13.05.09:389][  0]LogConfig: Setting CVar [[gc.SizeOfPermanentObjectPool:0]]
[2026.02.13-13.05.09:389][  0]LogConfig: Setting CVar [[gc.FlushStreamingOnGC:0]]
[2026.02.13-13.05.09:389][  0]LogConfig: Setting CVar [[gc.NumRetriesBeforeForcingGC:10]]
[2026.02.13-13.05.09:389][  0]LogConfig: Setting CVar [[gc.AllowParallelGC:1]]
[2026.02.13-13.05.09:389][  0]LogConfig: Setting CVar [[gc.TimeBetweenPurgingPendingKillObjects:61.1]]
[2026.02.13-13.05.09:389][  0]LogConfig: Setting CVar [[gc.MaxObjectsInEditor:25165824]]
[2026.02.13-13.05.09:389][  0]LogConfig: Setting CVar [[gc.IncrementalBeginDestroyEnabled:1]]
[2026.02.13-13.05.09:389][  0]LogConfig: Setting CVar [[gc.CreateGCClusters:1]]
[2026.02.13-13.05.09:389][  0]LogConfig: Setting CVar [[gc.MinGCClusterSize:5]]
[2026.02.13-13.05.09:389][  0]LogConfig: Setting CVar [[gc.ActorClusteringEnabled:0]]
[2026.02.13-13.05.09:389][  0]LogConfig: Setting CVar [[gc.BlueprintClusteringEnabled:0]]
[2026.02.13-13.05.09:389][  0]LogConfig: Setting CVar [[gc.UseDisregardForGCOnDedicatedServers:0]]
[2026.02.13-13.05.09:389][  0]LogConfig: Setting CVar [[gc.MultithreadedDestructionEnabled:1]]
[2026.02.13-13.05.09:389][  0]LogConfig: Applying CVar settings from Section [/Script/Engine.NetworkSettings] File [D:/Repozytoria/UE 4.27/KZ_TopDownShooter/TopDownAC/Saved/Config/Windows/Engine.ini]
[2026.02.13-13.05.09:389][  0]LogConfig: Applying CVar settings from Section [/Script/UnrealEd.CookerSettings] File [D:/Repozytoria/UE 4.27/KZ_TopDownShooter/TopDownAC/Saved/Config/Windows/Engine.ini]
[2026.02.13-13.05.09:399][  0]LogConfig: Applying CVar settings from Section [ViewDistanceQuality@3] File [D:/Repozytoria/UE 4.27/KZ_TopDownShooter/TopDownAC/Saved/Config/Windows/Scalability.ini]
[2026.02.13-13.05.09:399][  0]LogConfig: Setting CVar [[r.SkeletalMeshLODBias:0]]
[2026.02.13-13.05.09:399][  0]LogConfig: Setting CVar [[r.ViewDistanceScale:1.0]]
[2026.02.13-13.05.09:399][  0]LogConfig: Applying CVar settings from Section [AntiAliasingQuality@3] File [D:/Repozytoria/UE 4.27/KZ_TopDownShooter/TopDownAC/Saved/Config/Windows/Scalability.ini]
[2026.02.13-13.05.09:399][  0]LogConfig: Setting CVar [[r.PostProcessAAQuality:4]]
[2026.02.13-13.05.09:399][  0]LogConfig: Applying CVar settings from Section [ShadowQuality@3] File [D:/Repozytoria/UE 4.27/KZ_TopDownShooter/TopDownAC/Saved/Config/Windows/Scalability.ini]
[2026.02.13-13.05.09:399][  0]LogConfig: Setting CVar [[r.LightFunctionQuality:1]]
[2026.02.13-13.05.09:399][  0]LogConfig: Setting CVar [[r.ShadowQuality:5]]
[2026.02.13-13.05.09:399][  0]LogConfig: Setting CVar [[r.Shadow.CSM.MaxCascades:10]]
[2026.02.13-13.05.09:399][  0]LogConfig: Setting CVar [[r.Shadow.MaxResolution:2048]]
[2026.02.13-13.05.09:399][  0]LogConfig: Setting CVar [[r.Shadow.MaxCSMResolution:2048]]
[2026.02.13-13.05.09:399][  0]LogConfig: Setting CVar [[r.Shadow.RadiusThreshold:0.01]]
[2026.02.13-13.05.09:399][  0]LogConfig: Setting CVar [[r.Shadow.DistanceScale:1.0]]
[2026.02.13-13.05.09:399][  0]LogConfig: Setting CVar [[r.Shadow.CSM.TransitionScale:1.0]]
[2026.02.13-13.05.09:399][  0]LogConfig: Setting CVar [[r.Shadow.PreShadowResolutionFactor:1.0]]
[2026.02.13-13.05.09:399][  0]LogConfig: Setting CVar [[r.DistanceFieldShadowing:1]]
[2026.02.13-13.05.09:399][  0]LogConfig: Setting CVar [[r.DistanceFieldAO:1]]
[2026.02.13-13.05.09:399][  0]LogConfig: Setting CVar [[r.AOQuality:2]]
[2026.02.13-13.05.09:399][  0]LogConfig: Setting CVar [[r.VolumetricFog:1]]
[2026.02.13-13.05.09:399][  0]LogConfig: Setting CVar [[r.VolumetricFog.GridPixelSize:8]]
[2026.02.13-13.05.09:399][  0]LogConfig: Setting CVar [[r.VolumetricFog.GridSizeZ:128]]
[2026.02.13-13.05.09:399][  0]LogConfig: Setting CVar [[r.VolumetricFog.HistoryMissSupersampleCount:4]]
[2026.02.13-13.05.09:399][  0]LogConfig: Setting CVar [[r.LightMaxDrawDistanceScale:1]]
[2026.02.13-13.05.09:399][  0]LogConfig: Setting CVar [[r.CapsuleShadows:1]]
[2026.02.13-13.05.09:399][  0]LogConfig: Applying CVar settings from Section [PostProcessQuality@3] File [D:/Repozytoria/UE 4.27/KZ_TopDownShooter/TopDownAC/Saved/Config/Windows/Scalability.ini]
[2026.02.13-13.05.09:399][  0]LogConfig: Setting CVar [[r.MotionBlurQuality:4]]
[2026.02.13-13.05.09:399][  0]LogConfig: Setting CVar [[r.AmbientOcclusionMipLevelFactor:0.4]]
[2026.02.13-13.05.09:399][  0]LogConfig: Setting CVar [[r.AmbientOcclusionMaxQuality:100]]
[2026.02.13-13.05.09:399][  0]LogConfig: Setting CVar [[r.AmbientOcclusionLevels:-1]]
[2026.02.13-13.05.09:399][  0]LogConfig: Setting CVar [[r.AmbientOcclusionRadiusScale:1.0]]
[2026.02.13-13.05.09:399][  0]LogConfig: Setting CVar [[r.DepthOfFieldQuality:2]]
[2026.02.13-13.05.09:399][  0]LogConfig: Setting CVar [[r.RenderTargetPoolMin:400]]
[2026.02.13-13.05.09:399][  0]LogConfig: Setting CVar [[r.LensFlareQuality:2]]
[2026.02.13-13.05.09:399][  0]LogConfig: Setting CVar [[r.SceneColorFringeQuality:1]]
[2026.02.13-13.05.09:399][  0]LogConfig: Setting CVar [[r.EyeAdaptationQuality:2]]
[2026.02.13-13.05.09:399][  0]LogConfig: Setting CVar [[r.BloomQuality:5]]
[2026.02.13-13.05.09:399][  0]LogConfig: Setting CVar [[r.FastBlurThreshold:100]]
[2026.02.13-13.05.09:399][  0]LogConfig: Setting CVar [[r.Upscale.Quality:3]]
[2026.02.13-13.05.09:399][  0]LogConfig: Setting CVar [[r.Tonemapper.GrainQuantization:1]]
[2026.02.13-13.05.09:399][  0]LogConfig: Setting CVar [[r.LightShaftQuality:1]]
[2026.02.13-13.05.09:399][  0]LogConfig: Setting CVar [[r.Filter.SizeScale:1]]
[2026.02.13-13.05.09:399][  0]LogConfig: Setting CVar [[r.Tonemapper.Quality:5]]
[2026.02.13-13.05.09:399][  0]LogConfig: Setting CVar [[r.DOF.Gather.AccumulatorQuality:1        ; higher gathering accumulator quality]]
[2026.02.13-13.05.09:399][  0]LogConfig: Setting CVar [[r.DOF.Gather.PostfilterMethod:1          ; Median3x3 postfilering method]]
[2026.02.13-13.05.09:399][  0]LogConfig: Setting CVar [[r.DOF.Gather.EnableBokehSettings:0       ; no bokeh simulation when gathering]]
[2026.02.13-13.05.09:399][  0]LogConfig: Setting CVar [[r.DOF.Gather.RingCount:4                 ; medium number of samples when gathering]]
[2026.02.13-13.05.09:399][  0]LogConfig: Setting CVar [[r.DOF.Scatter.ForegroundCompositing:1    ; additive foreground scattering]]
[2026.02.13-13.05.09:399][  0]LogConfig: Setting CVar [[r.DOF.Scatter.BackgroundCompositing:2    ; additive background scattering]]
[2026.02.13-13.05.09:399][  0]LogConfig: Setting CVar [[r.DOF.Scatter.EnableBokehSettings:1      ; bokeh simulation when scattering]]
[2026.02.13-13.05.09:399][  0]LogConfig: Setting CVar [[r.DOF.Scatter.MaxSpriteRatio:0.1         ; only a maximum of 10% of scattered bokeh]]
[2026.02.13-13.05.09:399][  0]LogConfig: Setting CVar [[r.DOF.Recombine.Quality:1                ; cheap slight out of focus]]
[2026.02.13-13.05.09:399][  0]LogConfig: Setting CVar [[r.DOF.Recombine.EnableBokehSettings:0    ; no bokeh simulation on slight out of focus]]
[2026.02.13-13.05.09:399][  0]LogConfig: Setting CVar [[r.DOF.TemporalAAQuality:1                ; more stable temporal accumulation]]
[2026.02.13-13.05.09:399][  0]LogConfig: Setting CVar [[r.DOF.Kernel.MaxForegroundRadius:0.025]]
[2026.02.13-13.05.09:399][  0]LogConfig: Setting CVar [[r.DOF.Kernel.MaxBackgroundRadius:0.025]]
[2026.02.13-13.05.09:399][  0]LogConfig: Applying CVar settings from Section [TextureQuality@3] File [D:/Repozytoria/UE 4.27/KZ_TopDownShooter/TopDownAC/Saved/Config/Windows/Scalability.ini]
[2026.02.13-13.05.09:399][  0]LogConfig: Setting CVar [[r.Streaming.MipBias:0]]
[2026.02.13-13.05.09:399][  0]LogConfig: Setting CVar [[r.Streaming.AmortizeCPUToGPUCopy:0]]
[2026.02.13-13.05.09:399][  0]LogConfig: Setting CVar [[r.Streaming.MaxNumTexturesToStreamPerFrame:0]]
[2026.02.13-13.05.09:399][  0]LogConfig: Setting CVar [[r.Streaming.Boost:1]]
[2026.02.13-13.05.09:399][  0]LogConfig: Setting CVar [[r.MaxAnisotropy:8]]
[2026.02.13-13.05.09:399][  0]LogConfig: Setting CVar [[r.VT.MaxAnisotropy:8]]
[2026.02.13-13.05.09:399][  0]LogConfig: Setting CVar [[r.Streaming.LimitPoolSizeToVRAM:0]]
[2026.02.13-13.05.09:399][  0]LogConfig: Setting CVar [[r.Streaming.PoolSize:1000]]
[2026.02.13-13.05.09:399][  0]LogConfig: Setting CVar [[r.Streaming.MaxEffectiveScreenSize:0]]
[2026.02.13-13.05.09:399][  0]LogConfig: Applying CVar settings from Section [EffectsQuality@3] File [D:/Repozytoria/UE 4.27/KZ_TopDownShooter/TopDownAC/Saved/Config/Windows/Scalability.ini]
[2026.02.13-13.05.09:399][  0]LogConfig: Setting CVar [[r.TranslucencyLightingVolumeDim:64]]
[2026.02.13-13.05.09:399][  0]LogConfig: Setting CVar [[r.RefractionQuality:2]]
[2026.02.13-13.05.09:399][  0]LogConfig: Setting CVar [[r.SSR.Quality:3]]
[2026.02.13-13.05.09:399][  0]LogConfig: Setting CVar [[r.SSR.HalfResSceneColor:0]]
[2026.02.13-13.05.09:399][  0]LogConfig: Setting CVar [[r.SceneColorFormat:4]]
[2026.02.13-13.05.09:399][  0]LogConfig: Setting CVar [[r.DetailMode:2]]
[2026.02.13-13.05.09:399][  0]LogConfig: Setting CVar [[r.TranslucencyVolumeBlur:1]]
[2026.02.13-13.05.09:400][  0]LogConfig: Setting CVar [[r.MaterialQualityLevel:1 ; High quality]]
[2026.02.13-13.05.09:400][  0]LogConfig: Setting CVar [[r.AnisotropicMaterials:1]]
[2026.02.13-13.05.09:400][  0]LogConfig: Setting CVar [[r.SSS.Scale:1]]
[2026.02.13-13.05.09:400][  0]LogConfig: Setting CVar [[r.SSS.SampleSet:2]]
[2026.02.13-13.05.09:400][  0]LogConfig: Setting CVar [[r.SSS.Quality:1]]
[2026.02.13-13.05.09:400][  0]LogConfig: Setting CVar [[r.SSS.HalfRes:0]]
[2026.02.13-13.05.09:400][  0]LogConfig: Setting CVar [[r.SSGI.Quality:3]]
[2026.02.13-13.05.09:400][  0]LogConfig: Setting CVar [[r.EmitterSpawnRateScale:1.0]]
[2026.02.13-13.05.09:400][  0]LogConfig: Setting CVar [[r.ParticleLightQuality:2]]
[2026.02.13-13.05.09:400][  0]LogConfig: Setting CVar [[r.SkyAtmosphere.AerialPerspectiveLUT.FastApplyOnOpaque:1 ; Always have FastSkyLUT 1 in this case to avoid wrong sky]]
[2026.02.13-13.05.09:400][  0]LogConfig: Setting CVar [[r.SkyAtmosphere.AerialPerspectiveLUT.SampleCountMaxPerSlice:4]]
[2026.02.13-13.05.09:400][  0]LogConfig: Setting CVar [[r.SkyAtmosphere.AerialPerspectiveLUT.DepthResolution:16.0]]
[2026.02.13-13.05.09:400][  0]LogConfig: Setting CVar [[r.SkyAtmosphere.FastSkyLUT:1]]
[2026.02.13-13.05.09:400][  0]LogConfig: Setting CVar [[r.SkyAtmosphere.FastSkyLUT.SampleCountMin:4.0]]
[2026.02.13-13.05.09:400][  0]LogConfig: Setting CVar [[r.SkyAtmosphere.FastSkyLUT.SampleCountMax:128.0]]
[2026.02.13-13.05.09:400][  0]LogConfig: Setting CVar [[r.SkyAtmosphere.SampleCountMin:4.0]]
[2026.02.13-13.05.09:400][  0]LogConfig: Setting CVar [[r.SkyAtmosphere.SampleCountMax:128.0]]
[2026.02.13-13.05.09:400][  0]LogConfig: Setting CVar [[r.SkyAtmosphere.TransmittanceLUT.UseSmallFormat:0]]
[2026.02.13-13.05.09:400][  0]LogConfig: Setting CVar [[r.SkyAtmosphere.TransmittanceLUT.SampleCount:10.0]]
[2026.02.13-13.05.09:400][  0]LogConfig: Setting CVar [[r.SkyAtmosphere.MultiScatteringLUT.SampleCount:15.0]]
[2026.02.13-13.05.09:400][  0]LogConfig: Setting CVar [[r.SkyLight.RealTimeReflectionCapture:1]]
[2026.02.13-13.05.09:400][  0]LogConfig: Applying CVar settings from Section [FoliageQuality@3] File [D:/Repozytoria/UE 4.27/KZ_TopDownShooter/TopDownAC/Saved/Config/Windows/Scalability.ini]
[2026.02.13-13.05.09:400][  0]LogConfig: Setting CVar [[foliage.DensityScale:1.0]]
[2026.02.13-13.05.09:400][  0]LogConfig: Setting CVar [[grass.DensityScale:1.0]]
[2026.02.13-13.05.09:400][  0]LogConfig: Applying CVar settings from Section [ShadingQuality@3] File [D:/Repozytoria/UE 4.27/KZ_TopDownShooter/TopDownAC/Saved/Config/Windows/Scalability.ini]
[2026.02.13-13.05.09:400][  0]LogConfig: Setting CVar [[r.HairStrands.SkyLighting.IntegrationType:2]]
[2026.02.13-13.05.09:400][  0]LogConfig: Setting CVar [[r.HairStrands.SkyAO.SampleCount:4]]
[2026.02.13-13.05.09:400][  0]LogConfig: Setting CVar [[r.HairStrands.Visibility.MSAA.SamplePerPixel:4]]
[2026.02.13-13.05.09:400][  0]LogInit: Selected Device Profile: [Windows]
[2026.02.13-13.05.09:400][  0]LogInit: Applying CVar settings loaded from the selected device profile: [Windows]
[2026.02.13-13.05.09:400][  0]LogHAL: Display: Platform has ~ 32 GB [34007195648 / 34359738368 / 32], which maps to Largest [LargestMinGB=32, LargerMinGB=12, DefaultMinGB=8, SmallerMinGB=6, SmallestMinGB=0)
[2026.02.13-13.05.09:400][  0]LogInit: Going up to parent DeviceProfile []
[2026.02.13-13.05.09:400][  0]LogConfig: Applying CVar settings from Section [ViewDistanceQuality@3] File [D:/Repozytoria/UE 4.27/KZ_TopDownShooter/TopDownAC/Saved/Config/Windows/Scalability.ini]
[2026.02.13-13.05.09:400][  0]LogConfig: Setting CVar [[r.SkeletalMeshLODBias:0]]
[2026.02.13-13.05.09:400][  0]LogConfig: Setting CVar [[r.ViewDistanceScale:1.0]]
[2026.02.13-13.05.09:400][  0]LogConfig: Applying CVar settings from Section [AntiAliasingQuality@3] File [D:/Repozytoria/UE 4.27/KZ_TopDownShooter/TopDownAC/Saved/Config/Windows/Scalability.ini]
[2026.02.13-13.05.09:400][  0]LogConfig: Setting CVar [[r.PostProcessAAQuality:4]]
[2026.02.13-13.05.09:400][  0]LogConfig: Applying CVar settings from Section [ShadowQuality@3] File [D:/Repozytoria/UE 4.27/KZ_TopDownShooter/TopDownAC/Saved/Config/Windows/Scalability.ini]
[2026.02.13-13.05.09:400][  0]LogConfig: Setting CVar [[r.LightFunctionQuality:1]]
[2026.02.13-13.05.09:400][  0]LogConfig: Setting CVar [[r.ShadowQuality:5]]
[2026.02.13-13.05.09:400][  0]LogConfig: Setting CVar [[r.Shadow.CSM.MaxCascades:10]]
[2026.02.13-13.05.09:400][  0]LogConfig: Setting CVar [[r.Shadow.MaxResolution:2048]]
[2026.02.13-13.05.09:400][  0]LogConfig: Setting CVar [[r.Shadow.MaxCSMResolution:2048]]
[2026.02.13-13.05.09:400][  0]LogConfig: Setting CVar [[r.Shadow.RadiusThreshold:0.01]]
[2026.02.13-13.05.09:400][  0]LogConfig: Setting CVar [[r.Shadow.DistanceScale:1.0]]
[2026.02.13-13.05.09:400][  0]LogConfig: Setting CVar [[r.Shadow.CSM.TransitionScale:1.0]]
[2026.02.13-13.05.09:400][  0]LogConfig: Setting CVar [[r.Shadow.PreShadowResolutionFactor:1.0]]
[2026.02.13-13.05.09:400][  0]LogConfig: Setting CVar [[r.DistanceFieldShadowing:1]]
[2026.02.13-13.05.09:400][  0]LogConfig: Setting CVar [[r.DistanceFieldAO:1]]
[2026.02.13-13.05.09:400][  0]LogConfig: Setting CVar [[r.AOQuality:2]]
[2026.02.13-13.05.09:400][  0]LogConfig: Setting CVar [[r.VolumetricFog:1]]
[2026.02.13-13.05.09:400][  0]LogConfig: Setting CVar [[r.VolumetricFog.GridPixelSize:8]]
[2026.02.13-13.05.09:400][  0]LogConfig: Setting CVar [[r.VolumetricFog.GridSizeZ:128]]
[2026.02.13-13.05.09:400][  0]LogConfig: Setting CVar [[r.VolumetricFog.HistoryMissSupersampleCount:4]]
[2026.02.13-13.05.09:400][  0]LogConfig: Setting CVar [[r.LightMaxDrawDistanceScale:1]]
[2026.02.13-13.05.09:400][  0]LogConfig: Setting CVar [[r.CapsuleShadows:1]]
[2026.02.13-13.05.09:400][  0]LogConfig: Applying CVar settings from Section [PostProcessQuality@3] File [D:/Repozytoria/UE 4.27/KZ_TopDownShooter/TopDownAC/Saved/Config/Windows/Scalability.ini]
[2026.02.13-13.05.09:400][  0]LogConfig: Setting CVar [[r.MotionBlurQuality:4]]
[2026.02.13-13.05.09:400][  0]LogConfig: Setting CVar [[r.AmbientOcclusionMipLevelFactor:0.4]]
[2026.02.13-13.05.09:400][  0]LogConfig: Setting CVar [[r.AmbientOcclusionMaxQuality:100]]
[2026.02.13-13.05.09:400][  0]LogConfig: Setting CVar [[r.AmbientOcclusionLevels:-1]]
[2026.02.13-13.05.09:400][  0]LogConfig: Setting CVar [[r.AmbientOcclusionRadiusScale:1.0]]
[2026.02.13-13.05.09:400][  0]LogConfig: Setting CVar [[r.DepthOfFieldQuality:2]]
[2026.02.13-13.05.09:400][  0]LogConfig: Setting CVar [[r.RenderTargetPoolMin:400]]
[2026.02.13-13.05.09:400][  0]LogConfig: Setting CVar [[r.LensFlareQuality:2]]
[2026.02.13-13.05.09:400][  0]LogConfig: Setting CVar [[r.SceneColorFringeQuality:1]]
[2026.02.13-13.05.09:400][  0]LogConfig: Setting CVar [[r.EyeAdaptationQuality:2]]
[2026.02.13-13.05.09:400][  0]LogConfig: Setting CVar [[r.BloomQuality:5]]
[2026.02.13-13.05.09:400][  0]LogConfig: Setting CVar [[r.FastBlurThreshold:100]]
[2026.02.13-13.05.09:400][  0]LogConfig: Setting CVar [[r.Upscale.Quality:3]]
[2026.02.13-13.05.09:400][  0]LogConfig: Setting CVar [[r.Tonemapper.GrainQuantization:1]]
[2026.02.13-13.05.09:400][  0]LogConfig: Setting CVar [[r.LightShaftQuality:1]]
[2026.02.13-13.05.09:400][  0]LogConfig: Setting CVar [[r.Filter.SizeScale:1]]
[2026.02.13-13.05.09:400][  0]LogConfig: Setting CVar [[r.Tonemapper.Quality:5]]
[2026.02.13-13.05.09:400][  0]LogConfig: Setting CVar [[r.DOF.Gather.AccumulatorQuality:1        ; higher gathering accumulator quality]]
[2026.02.13-13.05.09:400][  0]LogConfig: Setting CVar [[r.DOF.Gather.PostfilterMethod:1          ; Median3x3 postfilering method]]
[2026.02.13-13.05.09:400][  0]LogConfig: Setting CVar [[r.DOF.Gather.EnableBokehSettings:0       ; no bokeh simulation when gathering]]
[2026.02.13-13.05.09:400][  0]LogConfig: Setting CVar [[r.DOF.Gather.RingCount:4                 ; medium number of samples when gathering]]
[2026.02.13-13.05.09:400][  0]LogConfig: Setting CVar [[r.DOF.Scatter.ForegroundCompositing:1    ; additive foreground scattering]]
[2026.02.13-13.05.09:400][  0]LogConfig: Setting CVar [[r.DOF.Scatter.BackgroundCompositing:2    ; additive background scattering]]
[2026.02.13-13.05.09:400][  0]LogConfig: Setting CVar [[r.DOF.Scatter.EnableBokehSettings:1      ; bokeh simulation when scattering]]
[2026.02.13-13.05.09:400][  0]LogConfig: Setting CVar [[r.DOF.Scatter.MaxSpriteRatio:0.1         ; only a maximum of 10% of scattered bokeh]]
[2026.02.13-13.05.09:400][  0]LogConfig: Setting CVar [[r.DOF.Recombine.Quality:1                ; cheap slight out of focus]]
[2026.02.13-13.05.09:400][  0]LogConfig: Setting CVar [[r.DOF.Recombine.EnableBokehSettings:0    ; no bokeh simulation on slight out of focus]]
[2026.02.13-13.05.09:400][  0]LogConfig: Setting CVar [[r.DOF.TemporalAAQuality:1                ; more stable temporal accumulation]]
[2026.02.13-13.05.09:400][  0]LogConfig: Setting CVar [[r.DOF.Kernel.MaxForegroundRadius:0.025]]
[2026.02.13-13.05.09:400][  0]LogConfig: Setting CVar [[r.DOF.Kernel.MaxBackgroundRadius:0.025]]
[2026.02.13-13.05.09:400][  0]LogConfig: Applying CVar settings from Section [TextureQuality@3] File [D:/Repozytoria/UE 4.27/KZ_TopDownShooter/TopDownAC/Saved/Config/Windows/Scalability.ini]
[2026.02.13-13.05.09:400][  0]LogConfig: Setting CVar [[r.Streaming.MipBias:0]]
[2026.02.13-13.05.09:400][  0]LogConfig: Setting CVar [[r.Streaming.AmortizeCPUToGPUCopy:0]]
[2026.02.13-13.05.09:400][  0]LogConfig: Setting CVar [[r.Streaming.MaxNumTexturesToStreamPerFrame:0]]
[2026.02.13-13.05.09:400][  0]LogConfig: Setting CVar [[r.Streaming.Boost:1]]
[2026.02.13-13.05.09:400][  0]LogConfig: Setting CVar [[r.MaxAnisotropy:8]]
[2026.02.13-13.05.09:400][  0]LogConfig: Setting CVar [[r.VT.MaxAnisotropy:8]]
[2026.02.13-13.05.09:400][  0]LogConfig: Setting CVar [[r.Streaming.LimitPoolSizeToVRAM:0]]
[2026.02.13-13.05.09:400][  0]LogConfig: Setting CVar [[r.Streaming.PoolSize:1000]]
[2026.02.13-13.05.09:400][  0]LogConfig: Setting CVar [[r.Streaming.MaxEffectiveScreenSize:0]]
[2026.02.13-13.05.09:400][  0]LogConfig: Applying CVar settings from Section [EffectsQuality@3] File [D:/Repozytoria/UE 4.27/KZ_TopDownShooter/TopDownAC/Saved/Config/Windows/Scalability.ini]
[2026.02.13-13.05.09:400][  0]LogConfig: Setting CVar [[r.TranslucencyLightingVolumeDim:64]]
[2026.02.13-13.05.09:400][  0]LogConfig: Setting CVar [[r.RefractionQuality:2]]
[2026.02.13-13.05.09:400][  0]LogConfig: Setting CVar [[r.SSR.Quality:3]]
[2026.02.13-13.05.09:400][  0]LogConfig: Setting CVar [[r.SSR.HalfResSceneColor:0]]
[2026.02.13-13.05.09:400][  0]LogConfig: Setting CVar [[r.SceneColorFormat:4]]
[2026.02.13-13.05.09:400][  0]LogConfig: Setting CVar [[r.DetailMode:2]]
[2026.02.13-13.05.09:400][  0]LogConfig: Setting CVar [[r.TranslucencyVolumeBlur:1]]
[2026.02.13-13.05.09:400][  0]LogConfig: Setting CVar [[r.MaterialQualityLevel:1 ; High quality]]
[2026.02.13-13.05.09:400][  0]LogConfig: Setting CVar [[r.AnisotropicMaterials:1]]
[2026.02.13-13.05.09:400][  0]LogConfig: Setting CVar [[r.SSS.Scale:1]]
[2026.02.13-13.05.09:400][  0]LogConfig: Setting CVar [[r.SSS.SampleSet:2]]
[2026.02.13-13.05.09:400][  0]LogConfig: Setting CVar [[r.SSS.Quality:1]]
[2026.02.13-13.05.09:400][  0]LogConfig: Setting CVar [[r.SSS.HalfRes:0]]
[2026.02.13-13.05.09:400][  0]LogConfig: Setting CVar [[r.SSGI.Quality:3]]
[2026.02.13-13.05.09:400][  0]LogConfig: Setting CVar [[r.EmitterSpawnRateScale:1.0]]
[2026.02.13-13.05.09:400][  0]LogConfig: Setting CVar [[r.ParticleLightQuality:2]]
[2026.02.13-13.05.09:400][  0]LogConfig: Setting CVar [[r.SkyAtmosphere.AerialPerspectiveLUT.FastApplyOnOpaque:1 ; Always have FastSkyLUT 1 in this case to avoid wrong sky]]
[2026.02.13-13.05.09:400][  0]LogConfig: Setting CVar [[r.SkyAtmosphere.AerialPerspectiveLUT.SampleCountMaxPerSlice:4]]
[2026.02.13-13.05.09:400][  0]LogConfig: Setting CVar [[r.SkyAtmosphere.AerialPerspectiveLUT.DepthResolution:16.0]]
[2026.02.13-13.05.09:400][  0]LogConfig: Setting CVar [[r.SkyAtmosphere.FastSkyLUT:1]]
[2026.02.13-13.05.09:400][  0]LogConfig: Setting CVar [[r.SkyAtmosphere.FastSkyLUT.SampleCountMin:4.0]]
[2026.02.13-13.05.09:400][  0]LogConfig: Setting CVar [[r.SkyAtmosphere.FastSkyLUT.SampleCountMax:128.0]]
[2026.02.13-13.05.09:400][  0]LogConfig: Setting CVar [[r.SkyAtmosphere.SampleCountMin:4.0]]
[2026.02.13-13.05.09:400][  0]LogConfig: Setting CVar [[r.SkyAtmosphere.SampleCountMax:128.0]]
[2026.02.13-13.05.09:400][  0]LogConfig: Setting CVar [[r.SkyAtmosphere.TransmittanceLUT.UseSmallFormat:0]]
[2026.02.13-13.05.09:400][  0]LogConfig: Setting CVar [[r.SkyAtmosphere.TransmittanceLUT.SampleCount:10.0]]
[2026.02.13-13.05.09:400][  0]LogConfig: Setting CVar [[r.SkyAtmosphere.MultiScatteringLUT.SampleCount:15.0]]
[2026.02.13-13.05.09:400][  0]LogConfig: Setting CVar [[r.SkyLight.RealTimeReflectionCapture:1]]
[2026.02.13-13.05.09:400][  0]LogConfig: Applying CVar settings from Section [FoliageQuality@3] File [D:/Repozytoria/UE 4.27/KZ_TopDownShooter/TopDownAC/Saved/Config/Windows/Scalability.ini]
[2026.02.13-13.05.09:400][  0]LogConfig: Setting CVar [[foliage.DensityScale:1.0]]
[2026.02.13-13.05.09:400][  0]LogConfig: Setting CVar [[grass.DensityScale:1.0]]
[2026.02.13-13.05.09:400][  0]LogConfig: Applying CVar settings from Section [ShadingQuality@3] File [D:/Repozytoria/UE 4.27/KZ_TopDownShooter/TopDownAC/Saved/Config/Windows/Scalability.ini]
[2026.02.13-13.05.09:400][  0]LogConfig: Setting CVar [[r.HairStrands.SkyLighting.IntegrationType:2]]
[2026.02.13-13.05.09:400][  0]LogConfig: Setting CVar [[r.HairStrands.SkyAO.SampleCount:4]]
[2026.02.13-13.05.09:400][  0]LogConfig: Setting CVar [[r.HairStrands.Visibility.MSAA.SamplePerPixel:4]]
[2026.02.13-13.05.09:400][  0]LogConfig: Applying CVar settings from Section [Startup] File [../../../Engine/Config/ConsoleVariables.ini]
[2026.02.13-13.05.09:401][  0]LogConfig: Setting CVar [[net.UseAdaptiveNetUpdateFrequency:0]]
[2026.02.13-13.05.09:401][  0]LogConfig: Setting CVar [[p.chaos.AllowCreatePhysxBodies:1]]
[2026.02.13-13.05.09:401][  0]LogConfig: Setting CVar [[fx.SkipVectorVMBackendOptimizations:1]]
[2026.02.13-13.05.09:401][  0]LogConfig: Applying CVar settings from Section [ConsoleVariables] File [D:/Repozytoria/UE 4.27/KZ_TopDownShooter/TopDownAC/Saved/Config/Windows/Engine.ini]
[2026.02.13-13.05.09:401][  0]LogConfig: Applying CVar settings from Section [ConsoleVariables] File [D:/Repozytoria/UE 4.27/KZ_TopDownShooter/TopDownAC/Saved/Config/Windows/Editor.ini]
[2026.02.13-13.05.09:401][  0]LogInit: Computer: LAPTOP-AN92MERF
[2026.02.13-13.05.09:401][  0]LogInit: User: harry
[2026.02.13-13.05.09:401][  0]LogInit: CPU Page size=4096, Cores=14
[2026.02.13-13.05.09:401][  0]LogInit: High frequency timer resolution =10.000000 MHz
[2026.02.13-13.05.09:401][  0]LogMemory: Memory total: Physical=31.7GB (32GB approx)
[2026.02.13-13.05.09:401][  0]LogMemory: Platform Memory Stats for Windows
[2026.02.13-13.05.09:401][  0]LogMemory: Process Physical Memory: 156.36 MB used, 156.36 MB peak
[2026.02.13-13.05.09:401][  0]LogMemory: Process Virtual Memory: 135.36 MB used, 135.36 MB peak
[2026.02.13-13.05.09:401][  0]LogMemory: Physical Memory: 11823.04 MB used,  20608.75 MB free, 32431.79 MB total
[2026.02.13-13.05.09:401][  0]LogMemory: Virtual Memory: 134195688.00 MB used,  22040.77 MB free, 134217728.00 MB total
[2026.02.13-13.05.09:407][  0]LogWindows: WindowsPlatformFeatures enabled
[2026.02.13-13.05.09:439][  0]LogInit: Physics initialised using underlying interface: PhysX
[2026.02.13-13.05.09:439][  0]LogInit: Using OS detected language (pl-PL).
[2026.02.13-13.05.09:439][  0]LogInit: Using OS detected locale (pl-PL).
[2026.02.13-13.05.09:440][  0]LogTextLocalizationManager: No specific localization for 'pl-PL' exists, so the 'pl' localization will be used.
[2026.02.13-13.05.09:440][  0]LogTextLocalizationResource: LocRes '../../../Engine/Content/Localization/Editor/pl/Editor.locres' could not be opened for reading!
[2026.02.13-13.05.09:440][  0]LogTextLocalizationResource: LocRes '../../../Engine/Content/Localization/EditorTutorials/pl/EditorTutorials.locres' could not be opened for reading!
[2026.02.13-13.05.09:440][  0]LogTextLocalizationResource: LocRes '../../../Engine/Content/Localization/Keywords/pl/Keywords.locres' could not be opened for reading!
[2026.02.13-13.05.09:440][  0]LogTextLocalizationResource: LocRes '../../../Engine/Content/Localization/Category/pl/Category.locres' could not be opened for reading!
[2026.02.13-13.05.09:440][  0]LogTextLocalizationResource: LocRes '../../../Engine/Content/Localization/ToolTips/pl/ToolTips.locres' could not be opened for reading!
[2026.02.13-13.05.09:440][  0]LogTextLocalizationResource: LocRes '../../../Engine/Content/Localization/PropertyNames/pl/PropertyNames.locres' could not be opened for reading!
[2026.02.13-13.05.09:440][  0]LogTextLocalizationResource: LocRes '../../../Engine/Content/Localization/Engine/pl/Engine.locres' could not be opened for reading!
[2026.02.13-13.05.09:441][  0]LogInit: Setting process to per monitor DPI aware
[2026.02.13-13.05.09:451][  0]LogWindowsTextInputMethodSystem: Display: IME system deactivated.
[2026.02.13-13.05.09:459][  0]LogSlate: New Slate User Created.  User Index 0, Is Virtual User: 0
[2026.02.13-13.05.09:459][  0]LogSlate: Slate User Registered.  User Index 0, Is Virtual User: 0
[2026.02.13-13.05.09:522][  0]LogD3D11RHI: Loaded GFSDK_Aftermath_Lib.x64.dll
[2026.02.13-13.05.09:569][  0]LogHMD: Failed to initialize OpenVR with code 110
[2026.02.13-13.05.09:569][  0]LogD3D11RHI: D3D11 min allowed feature level: 11_0
[2026.02.13-13.05.09:569][  0]LogD3D11RHI: D3D11 max allowed feature level: 11_0
[2026.02.13-13.05.09:569][  0]LogD3D11RHI: D3D11 adapters:
[2026.02.13-13.05.09:771][  0]LogD3D11RHI:    0. 'NVIDIA GeForce RTX 4060 Laptop GPU' (Feature Level 11_0)
[2026.02.13-13.05.09:771][  0]LogD3D11RHI:       7957/0/16215 MB DedicatedVideo/DedicatedSystem/SharedSystem, Outputs:2, VendorId:0x10de
[2026.02.13-13.05.09:793][  0]LogD3D11RHI:    1. 'Intel(R) UHD Graphics' (Feature Level 11_0)
[2026.02.13-13.05.09:793][  0]LogD3D11RHI:       128/0/16215 MB DedicatedVideo/DedicatedSystem/SharedSystem, Outputs:0, VendorId:0x8086
[2026.02.13-13.05.09:795][  0]LogD3D11RHI:    2. 'Microsoft Basic Render Driver' (Feature Level 11_0)
[2026.02.13-13.05.09:795][  0]LogD3D11RHI:       0/0/16215 MB DedicatedVideo/DedicatedSystem/SharedSystem, Outputs:0, VendorId:0x1414
[2026.02.13-13.05.09:795][  0]LogD3D11RHI: Chosen D3D11 Adapter:
[2026.02.13-13.05.09:795][  0]LogD3D11RHI:     Description : NVIDIA GeForce RTX 4060 Laptop GPU
[2026.02.13-13.05.09:795][  0]LogD3D11RHI:     VendorId    : 10de
[2026.02.13-13.05.09:795][  0]LogD3D11RHI:     DeviceId    : 28e0
[2026.02.13-13.05.09:795][  0]LogD3D11RHI:     SubSysId    : 96011458
[2026.02.13-13.05.09:795][  0]LogD3D11RHI:     Revision    : 00a1
[2026.02.13-13.05.09:795][  0]LogD3D11RHI:     DedicatedVideoMemory : 8343519232 bytes
[2026.02.13-13.05.09:795][  0]LogD3D11RHI:     DedicatedSystemMemory : 0 bytes
[2026.02.13-13.05.09:795][  0]LogD3D11RHI:     SharedSystemMemory : 17003597824 bytes
[2026.02.13-13.05.09:795][  0]LogD3D11RHI:     AdapterLuid : 0 80599
[2026.02.13-13.05.09:801][  0]LogD3D11RHI: Creating new Direct3DDevice
[2026.02.13-13.05.09:801][  0]LogD3D11RHI:     GPU DeviceId: 0x28e0 (for the marketing name, search the web for "GPU Device Id")
[2026.02.13-13.05.09:801][  0]LogWindows: EnumDisplayDevices:
[2026.02.13-13.05.09:801][  0]LogWindows:    0. 'Intel(R) UHD Graphics' (P:1 D:1)
[2026.02.13-13.05.09:801][  0]LogWindows:    1. 'Intel(R) UHD Graphics' (P:0 D:1)
[2026.02.13-13.05.09:801][  0]LogWindows:    2. 'Intel(R) UHD Graphics' (P:0 D:0)
[2026.02.13-13.05.09:801][  0]LogWindows:    3. 'Intel(R) UHD Graphics' (P:0 D:0)
[2026.02.13-13.05.09:801][  0]LogWindows:    4. 'NVIDIA GeForce RTX 4060 Laptop GPU' (P:0 D:0)
[2026.02.13-13.05.09:801][  0]LogWindows:    5. 'NVIDIA GeForce RTX 4060 Laptop GPU' (P:0 D:0)
[2026.02.13-13.05.09:802][  0]LogWindows:    6. 'NVIDIA GeForce RTX 4060 Laptop GPU' (P:0 D:0)
[2026.02.13-13.05.09:802][  0]LogWindows:    7. 'NVIDIA GeForce RTX 4060 Laptop GPU' (P:0 D:0)
[2026.02.13-13.05.09:802][  0]LogWindows: DebugString: PrimaryIsNotTheChoosenAdapter PrimaryIsNotTheChoosenAdapter PrimaryIsNotTheChoosenAdapter PrimaryIsNotTheChoosenAdapter FoundDriverCount:4 
[2026.02.13-13.05.09:802][  0]LogD3D11RHI:     Adapter Name: NVIDIA GeForce RTX 4060 Laptop GPU
[2026.02.13-13.05.09:802][  0]LogD3D11RHI:   Driver Version: 581.60 (internal:32.0.15.8160, unified:581.60)
[2026.02.13-13.05.09:802][  0]LogD3D11RHI:      Driver Date: 10-12-2025
[2026.02.13-13.05.09:802][  0]LogRHI: Texture pool is 5569 MB (70% of 7957 MB)
[2026.02.13-13.05.09:802][  0]LogD3D11RHI: Creating D3DDevice using adapter:
[2026.02.13-13.05.09:802][  0]LogD3D11RHI:     Description : NVIDIA GeForce RTX 4060 Laptop GPU
[2026.02.13-13.05.09:802][  0]LogD3D11RHI:     VendorId    : 10de
[2026.02.13-13.05.09:802][  0]LogD3D11RHI:     DeviceId    : 28e0
[2026.02.13-13.05.09:802][  0]LogD3D11RHI:     SubSysId    : 96011458
[2026.02.13-13.05.09:802][  0]LogD3D11RHI:     Revision    : 00a1
[2026.02.13-13.05.09:802][  0]LogD3D11RHI:     DedicatedVideoMemory : 8343519232 bytes
[2026.02.13-13.05.09:802][  0]LogD3D11RHI:     DedicatedSystemMemory : 0 bytes
[2026.02.13-13.05.09:802][  0]LogD3D11RHI:     SharedSystemMemory : 17003597824 bytes
[2026.02.13-13.05.09:802][  0]LogD3D11RHI:     AdapterLuid : 0 80599
[2026.02.13-13.05.09:902][  0]LogD3D11RHI: RHI has support for 64 bit atomics
[2026.02.13-13.05.09:902][  0]LogD3D11RHI: Async texture creation enabled
[2026.02.13-13.05.09:902][  0]LogD3D11RHI: Array index from any shader is supported
[2026.02.13-13.05.09:920][  0]LogD3D11RHI: GPU Timing Frequency: 1000.000000 (Debug: 2 2)
[2026.02.13-13.05.09:945][  0]LogRHI: GeForceNow SDK initialized: 1
[2026.02.13-13.05.10:174][  0]LogTargetPlatformManager: Display: Loaded TargetPlatform 'AllDesktop'
[2026.02.13-13.05.10:187][  0]LogTargetPlatformManager: Display: Loaded TargetPlatform 'Android'
[2026.02.13-13.05.10:187][  0]LogTargetPlatformManager: Display: Loaded TargetPlatform 'Android_ASTC'
[2026.02.13-13.05.10:187][  0]LogTargetPlatformManager: Display: Loaded TargetPlatform 'Android_DXT'
[2026.02.13-13.05.10:187][  0]LogTargetPlatformManager: Display: Loaded TargetPlatform 'Android_ETC2'
[2026.02.13-13.05.10:187][  0]LogTargetPlatformManager: Display: Loaded TargetPlatform 'AndroidClient'
[2026.02.13-13.05.10:187][  0]LogTargetPlatformManager: Display: Loaded TargetPlatform 'Android_ASTCClient'
[2026.02.13-13.05.10:187][  0]LogTargetPlatformManager: Display: Loaded TargetPlatform 'Android_DXTClient'
[2026.02.13-13.05.10:187][  0]LogTargetPlatformManager: Display: Loaded TargetPlatform 'Android_ETC2Client'
[2026.02.13-13.05.10:187][  0]LogTargetPlatformManager: Display: Loaded TargetPlatform 'Android_Multi'
[2026.02.13-13.05.10:187][  0]LogTargetPlatformManager: Display: Loaded TargetPlatform 'Android_MultiClient'
[2026.02.13-13.05.10:197][  0]LogTargetPlatformManager: Display: Loaded TargetPlatform 'IOSClient'
[2026.02.13-13.05.10:198][  0]LogTargetPlatformManager: Display: Loaded TargetPlatform 'IOS'
[2026.02.13-13.05.10:202][  0]LogTargetPlatformManager: Display: Loaded TargetPlatform 'Linux'
[2026.02.13-13.05.10:206][  0]LogTargetPlatformManager: Display: Loaded TargetPlatform 'LinuxNoEditor'
[2026.02.13-13.05.10:209][  0]LogTargetPlatformManager: Display: Loaded TargetPlatform 'LinuxClient'
[2026.02.13-13.05.10:212][  0]LogTargetPlatformManager: Display: Loaded TargetPlatform 'LinuxServer'
[2026.02.13-13.05.10:217][  0]LogTargetPlatformManager: Display: Loaded TargetPlatform 'LinuxAArch64NoEditor'
[2026.02.13-13.05.10:220][  0]LogTargetPlatformManager: Display: Loaded TargetPlatform 'LinuxAArch64Client'
[2026.02.13-13.05.10:223][  0]LogTargetPlatformManager: Display: Loaded TargetPlatform 'LinuxAArch64Server'
[2026.02.13-13.05.10:235][  0]LogTargetPlatformManager: Display: Loaded TargetPlatform 'Lumin'
[2026.02.13-13.05.10:235][  0]LogTargetPlatformManager: Display: Loaded TargetPlatform 'LuminClient'
[2026.02.13-13.05.10:240][  0]LogTargetPlatformManager: Display: Loaded TargetPlatform 'MacNoEditor'
[2026.02.13-13.05.10:243][  0]LogTargetPlatformManager: Display: Loaded TargetPlatform 'Mac'
[2026.02.13-13.05.10:246][  0]LogTargetPlatformManager: Display: Loaded TargetPlatform 'MacClient'
[2026.02.13-13.05.10:249][  0]LogTargetPlatformManager: Display: Loaded TargetPlatform 'MacServer'
[2026.02.13-13.05.10:254][  0]LogTargetPlatformManager: Display: Loaded TargetPlatform 'TVOSClient'
[2026.02.13-13.05.10:254][  0]LogTargetPlatformManager: Display: Loaded TargetPlatform 'TVOS'
[2026.02.13-13.05.10:259][  0]LogTargetPlatformManager: Display: Loaded TargetPlatform 'WindowsNoEditor'
[2026.02.13-13.05.10:262][  0]LogTargetPlatformManager: Display: Loaded TargetPlatform 'Windows'
[2026.02.13-13.05.10:265][  0]LogTargetPlatformManager: Display: Loaded TargetPlatform 'WindowsClient'
[2026.02.13-13.05.10:268][  0]LogTargetPlatformManager: Display: Loaded TargetPlatform 'WindowsServer'
[2026.02.13-13.05.10:268][  0]LogTargetPlatformManager: Display: Building Assets For Windows
[2026.02.13-13.05.10:273][  0]LogAudioDebug: Display: Lib vorbis DLL was dynamically loaded.
[2026.02.13-13.05.10:291][  0]LogTextureFormatOodle: Display: Oodle Texture 2.9.0 init RDO Off
[2026.02.13-13.05.10:311][  0]LogRendererCore: Ray tracing is disabled. Reason: r.RayTracing=0.
[2026.02.13-13.05.10:311][  0]LogShaderCompilers: Guid format shader working directory is -17 characters bigger than the processId version (../../../../../Repozytoria/UE 4.27/KZ_TopDownShooter/TopDownAC/Intermediate/Shaders/WorkingDirectory/24256/).
[2026.02.13-13.05.10:311][  0]LogShaderCompilers: Cleaned the shader compiler working directory 'C:/Users/harry/AppData/Local/Temp/UnrealShaderWorkingDir/089EE1844A1BBE3FC8E3F4BD663F0931/'.
[2026.02.13-13.05.10:312][  0]LogXGEController: Cannot use XGE Controller as Incredibuild is not installed on this machine.
[2026.02.13-13.05.10:312][  0]LogShaderCompilers: Cannot use XGE Shader Compiler as Incredibuild is not installed on this machine.
[2026.02.13-13.05.10:312][  0]LogShaderCompilers: Display: Using Local Shader Compiler.
[2026.02.13-13.05.10:791][  0]LogDerivedDataCache: Display: Max Cache Size: 512 MB
[2026.02.13-13.05.10:836][  0]LogDerivedDataCache: Loaded boot cache 0.05s 94MB C:/Users/harry/AppData/Local/UnrealEngine/4.27/DerivedDataCache/Boot.ddc.
[2026.02.13-13.05.10:836][  0]LogDerivedDataCache: Display: Loaded Boot cache: C:/Users/harry/AppData/Local/UnrealEngine/4.27/DerivedDataCache/Boot.ddc
[2026.02.13-13.05.10:836][  0]LogDerivedDataCache: FDerivedDataBackendGraph:  Pak pak cache file ../../../../../Repozytoria/UE 4.27/KZ_TopDownShooter/TopDownAC/DerivedDataCache/DDC.ddp not found, will not use a pak cache.
[2026.02.13-13.05.10:836][  0]LogDerivedDataCache: Unable to find inner node Pak for hierarchical cache Hierarchy.
[2026.02.13-13.05.10:836][  0]LogDerivedDataCache: FDerivedDataBackendGraph:  CompressedPak pak cache file ../../../../../Repozytoria/UE 4.27/KZ_TopDownShooter/TopDownAC/DerivedDataCache/Compressed.ddp not found, will not use a pak cache.
[2026.02.13-13.05.10:836][  0]LogDerivedDataCache: Unable to find inner node CompressedPak for hierarchical cache Hierarchy.
[2026.02.13-13.05.10:847][  0]LogDerivedDataCache: Display: Pak cache opened for reading ../../../Engine/DerivedDataCache/Compressed.ddp.
[2026.02.13-13.05.10:847][  0]LogDerivedDataCache: FDerivedDataBackendGraph:  EnterprisePak pak cache file ../../../Enterprise/DerivedDataCache/Compressed.ddp not found, will not use a pak cache.
[2026.02.13-13.05.10:847][  0]LogDerivedDataCache: Unable to find inner node EnterprisePak for hierarchical cache Hierarchy.
[2026.02.13-13.05.10:853][  0]LogDerivedDataCache: Speed tests for C:/Users/harry/AppData/Local/UnrealEngine/Common/DerivedDataCache took 0.01 seconds
[2026.02.13-13.05.10:853][  0]LogDerivedDataCache: Display: Performance to C:/Users/harry/AppData/Local/UnrealEngine/Common/DerivedDataCache: Latency=0.02ms. RandomReadSpeed=1817.22MBs, RandomWriteSpeed=181.17MBs. Assigned SpeedClass 'Local'
[2026.02.13-13.05.10:854][  0]LogDerivedDataCache: Using Local data cache path C:/Users/harry/AppData/Local/UnrealEngine/Common/DerivedDataCache: Writable
[2026.02.13-13.05.10:854][  0]LogDerivedDataCache: Shared data cache path not found in *engine.ini, will not use an Shared cache.
[2026.02.13-13.05.10:854][  0]LogDerivedDataCache: Unable to find inner node Shared for hierarchical cache Hierarchy.
[2026.02.13-13.05.10:882][  0]LogSlate: Using FreeType 2.10.0
[2026.02.13-13.05.10:883][  0]LogSlate: SlateFontServices - WITH_FREETYPE: 1, WITH_HARFBUZZ: 1
[2026.02.13-13.05.10:903][  0]LogAssetRegistry: FAssetRegistry took 0.0019 seconds to start up
[2026.02.13-13.05.11:041][  0]LogInit: Selected Device Profile: [Windows]
[2026.02.13-13.05.11:041][  0]LogInit: Active device profile: [000001968A0A4700][0000019681C6A100 49] Windows
[2026.02.13-13.05.11:041][  0]LogInit: Profiles: [000001968A0A4700][0000019681C6A100 49] Windows, [000001968A06F700][00000196885D8280 49] WindowsNoEditor, [000001968A0A7300][00000196885DC400 49] WindowsServer, [000001968A06CF00][00000196885E0580 49] WindowsClient, [000001968A0A7500][00000196885E4700 49] IOS, [000001968A05FF00][00000196885D4840 49] iPadAir, [000001968A06FB00][00000196885E8980 49] iPadAir2, [000001968A020500][00000196885F0BC0 49] IPadPro, [000001968A020600][00000196885ECC00 49] iPadAir3, [000001968A05C100][00000196885F8D80 49] iPadAir4, [000001968A022C00][00000196885FCF00 49] iPadMini2, [000001968A05E500][0000019688601080 49] iPadMini3, [000001968A023400][0000019688605200 49] iPadMini4, [000001968A05CF00][0000019688609380 49] iPadMini5, [000001968A013E00][0000019688611640 49] iPhone6, [000001968A013F00][000001968860D680 49] iPodTouch6, [000001968A0A7900][0000019688619940 49] iPhone7, [000001968A0A6100][0000019688615980 49] iPodTouch7, [000001968A010400][000001968861DB00 49] iPhone5S, [000001968A023D00][0000019688620100 49] iPhone6Plus, [000001968A0A7400][0000019688624280 49] iPhone6S, [000001968A022000][0000019688628400 49] iPhone6SPlus, [000001968A0A4900][000001968862C580 49] iPhone7Plus, [000001968A020E00][0000019688630700 49] iPhoneSE, [000001968A0A4200][0000019688634880 49] iPhone8, [000001968A022400][00000196885F49C0 49] iPhone8Plus, [000001968A0A5E00][0000019688638B00 49] iPhoneX, [000001968A023E00][000001968863CC40 49] iPhoneXS, [000001968A0A5600][0000019688640D80 49] iPhoneXSMax, [000001968A022500][0000019688648F00 49] iPhoneXR, [000001968A0A6A00][000001968864D080 49] iPhone11, [000001968A023A00][0000019688651200 49] iPhone11Pro, [000001968A0A4F00][0000019688655380 49] iPhone11ProMax, [000001968A022300][0000019688659500 49] iPhoneSE2, [000001968A0A6700][000001968865D680 49] iPhone12Mini, [000001968A020700][0000019688661800 49] iPhone12, [000001968A0A7100][0000019688665980 49] iPhone12Pro, [000001968A023500][0000019688669B00 49] iPhone12ProMax, [000001968A0A4800][000001968866C100 49] iPadPro105, [000001968A021C00][0000019688670280 49] iPadPro129, [000001968A0A4300][0000019688674400 49] iPadPro97, [000001968A021D00][0000019688678580 49] iPadPro2_129, [000001968A0A4C00][000001968867C700 49] iPad5, [000001968A023000][0000019688680880 49] iPad6, [000001968A0A6C00][0000019688684A00 49] iPad7, [000001968A022E00][0000019688644B40 49] iPad8, [000001968A0A5800][0000019688688C80 49] iPadPro11, [000001968A021B00][000001968868CDC0 49] iPadPro2_11, [000001968A0A5500][0000019688690F00 49] iPadPro3_129, [000001968A022700][0000019688699080 49] iPadPro4_129, [000001968A0A4100][000001968869D200 49] AppleTV, [000001968A022B00][0000019687E91380 49] AppleTV4K, [000001968A0A5B00][0000019687E95500 49] TVOS, [000001968A020900][0000019687E99680 49] Mac, [000001968A0A5700][0000019687E9D800 49] MacClient, [000001968A022F00][0000019687EA1980 49] MacNoEditor, [000001968A0A4D00][0000019687EA5B00 49] MacServer, [000001968A020300][0000019687EA8100 49] Linux, [000001968A0A6E00][0000019687EAC280 49] LinuxAArch64, [000001968A021500][0000019687EB0400 49] LinuxNoEditor, [000001968A0A6400][0000019687EB4580 49] LinuxAArch64NoEditor, [000001968A020200][0000019687EB8700 49] LinuxClient, [000001968A0A6D00][0000019687EBC880 49] LinuxAArch64Client, [000001968A020C00][0000019687F30A00 49] LinuxServer, [000001968A0A4400][0000019687F34B80 49] LinuxAArch64Server, [000001968A021000][0000019687F38D00 49] Android, [000001968A05F900][0000019688694E40 49] Android_Low, [000001968A011B00][0000019687F3CF80 49] Android_Mid, [000001968A05F000][0000019687F410C0 49] Android_High, [000001968A012300][0000019687F49240 49] Android_Default, [000001968A05E000][0000019687F4D3C0 49] Android_Adreno4xx, [000001968A010100][0000019687F51540 49] Android_Adreno5xx_Low, [000001968A05CB00][0000019687F9D6C0 49] Android_Adreno5xx, [000001968A011800][0000019687FED840 49] Android_Adreno6xx, [000001968A05D100][0000019687FFD9C0 49] Android_Adreno6xx_Vulkan, [000001968A010800][0000019688005B40 49] Android_Mali_T6xx, [000001968A05F600][00000196880A2140 49] Android_Mali_T7xx, [000001968A010D00][00000196818882C0 49] Android_Mali_T8xx, [000001968A05FC00][00000196818DC440 49] Android_Mali_G71, [000001968A011500][00000196818E05C0 49] Android_Mali_G72, [000001968A05FE00][00000196818E4740 49] Android_Mali_G72_Vulkan, [000001968A013D00][00000196818E88C0 49] Android_Mali_G76, [000001968A05FA00][00000196818ECA40 49] Android_Mali_G76_Vulkan, [000001968A013600][00000196818F0BC0 49] Android_Mali_G77, [000001968A05E200][00000196818F8D40 49] Android_Mali_G77_Vulkan, [000001968A011200][0000019681900EC0 49] Android_Mali_G78, [000001968A05CA00][0000019687F45000 49] Android_Mali_G78_Vulkan, [000001968A013000][0000019687ECD140 49] Android_Mali_G710, [000001968A05D400][0000019687E6D280 49] Android_Mali_G710_Vulkan, [000001968A010700][0000019687E713C0 49] Android_Vulkan_SM5, [000001968A05D800][0000019687E79540 49] Android_PowerVR_G6xxx, [000001968A010E00][0000019687EF76C0 49] Android_PowerVR_GT7xxx, [000001968A05C200][0000019687F27840 49] Android_PowerVR_GE8xxx, [000001968A010600][0000019687F2B9C0 49] Android_PowerVR_GM9xxx, [000001968A05E600][0000019681555B40 49] Android_PowerVR_GM9xxx_Vulkan, [000001968A020F00][0000019681592140 49] Android_TegraK1, [000001968A05EA00][0000019681BEC2C0 49] Android_Unknown_Vulkan, [000001968A020D00][0000019681C10440 49] Lumin, [000001968A05D200][00000196880825C0 49] Lumin_Desktop, [000001968A020B00][0000019688086740 49] HoloLens, 
[2026.02.13-13.05.11:120][  0]LogMeshReduction: Using QuadricMeshReduction for automatic static mesh reduction
[2026.02.13-13.05.11:120][  0]LogMeshReduction: Using SimplygonMeshReduction for automatic skeletal mesh reduction
[2026.02.13-13.05.11:120][  0]LogMeshReduction: Using ProxyLODMeshReduction for automatic mesh merging
[2026.02.13-13.05.11:120][  0]LogMeshReduction: No distributed automatic mesh merging module available
[2026.02.13-13.05.11:120][  0]LogMeshMerging: No distributed automatic mesh merging module available
[2026.02.13-13.05.11:130][  0]LogNetVersion: TopDownAC 1.0.0, NetCL: 17155196, EngineNetVer: 17, GameNetVer: 0 (Checksum: 548030664)
[2026.02.13-13.05.11:365][  0]LogTexture: Default maximum texture size for cubemaps generated from long-lat sources has been changed from 512 to unlimited. In order to preserve old behaiour for '/Engine/MapTemplates/Sky/DaylightAmbientCubemap.DaylightAmbientCubemap', its maximum texture size has been explicitly set to 512.
[2026.02.13-13.05.11:401][  0]LogHMD: PokeAHoleMaterial loaded successfully
[2026.02.13-13.05.11:405][  0]LogUObjectArray: 17179 objects as part of root set at end of initial load.
[2026.02.13-13.05.11:405][  0]LogUObjectAllocator: 4302256 out of 0 bytes used by permanent object pool.
[2026.02.13-13.05.11:405][  0]LogUObjectArray: CloseDisregardForGC: 0/0 objects in disregard for GC pool
[2026.02.13-13.05.11:581][  0]LogNiagaraDebuggerClient: Niagara Debugger Client Initialized | Session: A176334D4CEA1F65F937FDB71FEC7217 | Instance: 190182F54115E93E666FD997DEA2A6EE (LAPTOP-AN92MERF-24256).
[2026.02.13-13.05.11:604][  0]LogPython: Using Python 3.7.7
[2026.02.13-13.05.12:092][  0]LogTcpMessaging: Initializing TcpMessaging bridge
[2026.02.13-13.05.12:095][  0]LogUdpMessaging: Initializing bridge on interface 0.0.0.0:0 to multicast group 230.0.0.1:6666.
[2026.02.13-13.05.12:200][  0]SourceControl: Source control is disabled
[2026.02.13-13.05.12:200][  0]SourceControl: Source control is disabled
[2026.02.13-13.05.12:202][  0]SourceControl: Source control is disabled
[2026.02.13-13.05.12:204][  0]SourceControl: Source control is disabled
[2026.02.13-13.05.12:208][  0]SourceControl: Source control is disabled
[2026.02.13-13.05.12:211][  0]LogUProjectInfo: Found projects:
[2026.02.13-13.05.12:237][  0]LogVSAccessor: Display: Unable to create Visual Studio setup instance: 80040154
[2026.02.13-13.05.12:238][  0]LogVSAccessor: Display: Unable to create Visual Studio setup instance: 80040154
[2026.02.13-13.05.12:238][  0]LogVSAccessor: Display: Unable to create Visual Studio setup instance: 80040154
[2026.02.13-13.05.12:366][  0]LogOpenImageDenoise: OIDN starting up
[2026.02.13-13.05.12:401][  0]LogAndroidPermission: UAndroidPermissionCallbackProxy::GetInstance
[2026.02.13-13.05.12:423][  0]LogAudioCaptureCore: Display: No Audio Capture implementations found. Audio input will be silent.
[2026.02.13-13.05.12:423][  0]LogAudioCaptureCore: Display: No Audio Capture implementations found. Audio input will be silent.
[2026.02.13-13.05.12:532][  0]LogCollectionManager: Loaded 0 collections in 0.000424 seconds
[2026.02.13-13.05.12:558][  0]LogFileCache: Scanning file cache for directory 'D:/Repozytoria/UE 4.27/KZ_TopDownShooter/TopDownAC/Saved/Collections/' took 0.00s
[2026.02.13-13.05.12:558][  0]LogFileCache: Scanning file cache for directory 'D:/Repozytoria/UE 4.27/KZ_TopDownShooter/TopDownAC/Content/Developers/harry/Collections/' took 0.00s
[2026.02.13-13.05.12:558][  0]LogFileCache: Scanning file cache for directory 'D:/Repozytoria/UE 4.27/KZ_TopDownShooter/TopDownAC/Content/Collections/' took 0.00s
[2026.02.13-13.05.12:558][  0]LogOcInput: OculusInput pre-init called
[2026.02.13-13.05.12:810][  0]LogEngine: Initializing Engine...
[2026.02.13-13.05.12:820][  0]LogHMD: Failed to enumerate extensions. Please check that you have a valid OpenXR runtime installed.
[2026.02.13-13.05.12:821][  0]LogHMD: Failed to initialize OpenVR with code 110
[2026.02.13-13.05.12:821][  0]LogMagicLeap: Warning: VR disabled because ZI is not enabled.  To enable, in the editor, Edit -> Project Settings -> Plugins -> Magic Leap Plugin -> Enable Zero Iteration
[2026.02.13-13.05.12:822][  0]LogStats: UGameplayTagsManager::InitializeManager -  0.000 s
[2026.02.13-13.05.12:921][  0]LogInit: Initializing FReadOnlyCVARCache
[2026.02.13-13.05.12:926][  0]LogAIModule: Creating AISystem for world Untitled
[2026.02.13-13.05.12:926][  0]LogAudio: Display: Initializing Audio Device Manager...
[2026.02.13-13.05.12:928][  0]LogAudio: Display: Loading Default Audio Settings Objects...
[2026.02.13-13.05.12:929][  0]LogAudio: Display: No default SoundConcurrencyObject specified (or failed to load).
[2026.02.13-13.05.12:929][  0]LogAudio: Display: Audio Device Manager Initialized
[2026.02.13-13.05.12:929][  0]LogAudio: Display: Creating Audio Device:                 Id: 1, Scope: Shared, Realtime: True
[2026.02.13-13.05.12:929][  0]LogAudioMixer: Display: Audio Mixer Platform Settings:
[2026.02.13-13.05.12:929][  0]LogAudioMixer: Display: 	Sample Rate:						  48000
[2026.02.13-13.05.12:929][  0]LogAudioMixer: Display: 	Callback Buffer Frame Size Requested: 1024
[2026.02.13-13.05.12:929][  0]LogAudioMixer: Display: 	Callback Buffer Frame Size To Use:	  1024
[2026.02.13-13.05.12:929][  0]LogAudioMixer: Display: 	Number of buffers to queue:			  2
[2026.02.13-13.05.12:929][  0]LogAudioMixer: Display: 	Max Channels (voices):				  32
[2026.02.13-13.05.12:929][  0]LogAudioMixer: Display: 	Number of Async Source Workers:		  0
[2026.02.13-13.05.12:929][  0]LogAudio: Display: AudioDevice MaxSources: 32
[2026.02.13-13.05.12:929][  0]LogAudio: Display: Audio Spatialization Plugin: None (built-in).
[2026.02.13-13.05.12:929][  0]LogAudio: Display: Audio Reverb Plugin: None (built-in).
[2026.02.13-13.05.12:929][  0]LogAudio: Display: Audio Occlusion Plugin: None (built-in).
[2026.02.13-13.05.12:929][  0]LogAudioMixer: Display: Initializing audio mixer.
[2026.02.13-13.05.12:937][  0]LogAudioMixer: Display: 0: FrontLeft
[2026.02.13-13.05.12:937][  0]LogAudioMixer: Display: 1: FrontRight
[2026.02.13-13.05.13:038][  0]LogAudioMixer: Display: Using Audio Device Speakers (USB Audio Device)
[2026.02.13-13.05.13:039][  0]LogAudioMixer: Display: Initializing Sound Submixes...
[2026.02.13-13.05.13:040][  0]LogAudioMixer: Display: Creating Master Submix 'MasterSubmixDefault'
[2026.02.13-13.05.13:041][  0]LogAudioMixer: Display: Creating Master Submix 'MasterReverbSubmixDefault'
[2026.02.13-13.05.13:042][  0]LogAudioMixer: Display: Creating Master Submix 'MasterEQSubmixDefault'
[2026.02.13-13.05.13:042][  0]LogAudioMixer: FMixerPlatformXAudio2::StartAudioStream() called
[2026.02.13-13.05.13:042][  0]LogAudioMixer: Display: Output buffers initialized: Frames=1024, Channels=2, Samples=2048
[2026.02.13-13.05.13:042][  0]LogAudioMixer: Display: Starting AudioMixerPlatformInterface::RunInternal()
[2026.02.13-13.05.13:042][  0]LogAudioMixer: Display: FMixerPlatformXAudio2::SubmitBuffer() called for the first time
[2026.02.13-13.05.13:042][  0]LogInit: FAudioDevice initialized.
[2026.02.13-13.05.13:043][  0]LogAudio: Display: Audio Device (ID: 1) registered with world 'Untitled'.
[2026.02.13-13.05.13:043][  0]LogNetVersion: Set ProjectVersion to 1.0.0.0. Version Checksum will be recalculated on next use.
[2026.02.13-13.05.13:098][  0]LogDerivedDataCache: Saved boot cache 0.06s 94MB C:/Users/harry/AppData/Local/UnrealEngine/4.27/DerivedDataCache/Boot.ddc.
[2026.02.13-13.05.13:098][  0]LogInit: Texture streaming: Enabled
[2026.02.13-13.05.13:108][  0]LogAnalytics: Display: [UEEditor.Rocket.Release] APIServer = https://datarouter.ol.epicgames.com/. AppVersion = 4.27.2-18319896+++UE4+Release-4.27
[2026.02.13-13.05.13:110][  0]LogEngineSessionManager: EngineSessionManager initialized
[2026.02.13-13.05.13:110][  0]LogEditorSessionSummary: Verbose: Initializing EditorSessionSummaryWriter for editor session tracking
[2026.02.13-13.05.13:111][  0]LogEditorSessionSummary: EditorSessionSummaryWriter initialized
[2026.02.13-13.05.13:131][  0]LogInit: Transaction tracking system initialized
[2026.02.13-13.05.13:147][  0]BlueprintLog: New page: Editor Load
[2026.02.13-13.05.13:187][  0]LocalizationService: Localization service is disabled
[2026.02.13-13.05.13:203][  0]TimingProfiler: Initialize
[2026.02.13-13.05.13:203][  0]TimingProfiler: OnSessionChanged
[2026.02.13-13.05.13:203][  0]LoadingProfiler: Initialize
[2026.02.13-13.05.13:203][  0]LoadingProfiler: OnSessionChanged
[2026.02.13-13.05.13:203][  0]NetworkingProfiler: Initialize
[2026.02.13-13.05.13:203][  0]NetworkingProfiler: OnSessionChanged
[2026.02.13-13.05.13:203][  0]MemoryProfiler: Initialize
[2026.02.13-13.05.13:203][  0]MemoryProfiler: OnSessionChanged
[2026.02.13-13.05.13:240][  0]LogVSAccessor: Display: Unable to create Visual Studio setup instance: 80040154
[2026.02.13-13.05.13:240][  0]LogVSAccessor: Display: Unable to create Visual Studio setup instance: 80040154
[2026.02.13-13.05.13:241][  0]LogVSAccessor: Display: Unable to create Visual Studio setup instance: 80040154
[2026.02.13-13.05.13:337][  0]LogCook: Display: CookSettings for Memory: MemoryMaxUsedVirtual 0MiB, MemoryMaxUsedPhysical 16384MiB, MemoryMinFreeVirtual 0MiB, MemoryMinFreePhysical 1024MiB
[2026.02.13-13.05.13:337][  0]LogCook: Display: Mobile HDR setting 1
[2026.02.13-13.05.13:461][  0]LogFileCache: Scanning file cache for directory 'D:/Repozytoria/UE 4.27/KZ_TopDownShooter/TopDownAC/Content/' took 0.00s
[2026.02.13-13.05.13:589][  0]LogInit: Display: Engine is initialized. Leaving FEngineLoop::Init()
[2026.02.13-13.05.13:591][  0]SourceControl: Source control is disabled
[2026.02.13-13.05.13:591][  0]LogUnrealEdMisc: Loading editor; pre map load, took 4.834
[2026.02.13-13.05.13:591][  0]Cmd: MAP LOAD FILE="../../../../../Repozytoria/UE 4.27/KZ_TopDownShooter/TopDownAC/Content/Levels/Main.umap" TEMPLATE=0 SHOWPROGRESS=1 FEATURELEVEL=3
[2026.02.13-13.05.13:592][  0]LightingResults: New page: Lighting Build
[2026.02.13-13.05.13:592][  0]LogWorld: UWorld::CleanupWorld for Untitled, bSessionEnded=true, bCleanupResources=true
[2026.02.13-13.05.13:593][  0]LogSlate: InvalidateAllWidgets triggered.  All widgets were invalidated
[2026.02.13-13.05.13:593][  0]MapCheck: New page: Map Check
[2026.02.13-13.05.13:593][  0]LightingResults: New page: Lighting Build
[2026.02.13-13.05.13:596][  0]LogAudio: Display: Audio Device unregistered from world 'None'.
[2026.02.13-13.05.13:598][  0]LogUObjectHash: Compacting FUObjectHashTables data took   0.48ms
[2026.02.13-13.05.13:926][  0]LogSkeletalMesh: Display: [AssetLog] D:\Repozytoria\UE 4.27\KZ_TopDownShooter\TopDownAC\Content\Weapons\Rifle.uasset: Find and fix some bad tangent! please re-import this skeletal mesh asset to fix the issue. The shading of the skeletal mesh will be bad and faceted.
[2026.02.13-13.05.13:957][  0]LogAudio: Display: Audio Device (ID: 1) registered with world 'Main'.
[2026.02.13-13.05.13:958][  0]LogAIModule: Creating AISystem for world Main
[2026.02.13-13.05.13:965][  0]LogEditorServer: Finished looking for orphan Actors (0.000 secs)
[2026.02.13-13.05.13:972][  0]LogUObjectHash: Compacting FUObjectHashTables data took   0.64ms
[2026.02.13-13.05.13:972][  0]Cmd: MAP CHECKDEP NOCLEARLOG
[2026.02.13-13.05.13:972][  0]MapCheck: Map check complete: 0 Error(s), 0 Warning(s), took 0,079ms to complete.
[2026.02.13-13.05.13:972][  0]LogFileHelpers: Loading map 'Main' took 0.381
[2026.02.13-13.05.13:973][  0]LogUnrealEdMisc: Total Editor Startup Time, took 5.216
[2026.02.13-13.05.14:068][  0]LogSlate: Updating window title bar state: overlay mode, drag disabled, window buttons hidden, title bar hidden
[2026.02.13-13.05.14:071][  0]LogSlate: Updating window title bar state: overlay mode, drag disabled, window buttons hidden, title bar hidden
[2026.02.13-13.05.14:075][  0]LogSlate: Updating window title bar state: overlay mode, drag disabled, window buttons hidden, title bar hidden
[2026.02.13-13.05.14:079][  0]LogSlate: Updating window title bar state: overlay mode, drag disabled, window buttons hidden, title bar hidden
[2026.02.13-13.05.14:161][  0]LogNativeClassHierarchy: Verbose: Native class hierarchy populated in 0.0064 seconds. Added 3822 classes and 928 folders.
[2026.02.13-13.05.14:164][  0]LogNativeClassHierarchy: Verbose: Native class hierarchy updated for 'WidgetCarousel' in 0.0002 seconds. Added 0 classes and 0 folders.
[2026.02.13-13.05.14:171][  0]LogPakFile: PakFile PrimaryIndexSize=187
[2026.02.13-13.05.14:172][  0]LogPakFile: PakFile PathHashIndexSize=101
[2026.02.13-13.05.14:172][  0]LogPakFile: PakFile FullDirectoryIndexSize=148
[2026.02.13-13.05.14:172][  0]LogShaderLibrary: Display: ShaderCodeLibraryPakFileMountedCallback: PakFile 'D:/Epic Games/UE_4.27/FeaturePacks/FP_FirstPerson.upack' (chunk index -1, root 'root:/') mounted
[2026.02.13-13.05.14:172][  0]LogShaderLibrary: Display: ShaderCodeLibraryPakFileMountedCallback: pending pak file info (ChunkID:-1 Root:root:/ File:D:/Epic Games/UE_4.27/FeaturePacks/FP_FirstPerson.upack)
[2026.02.13-13.05.14:172][  0]LogPakFile: OnPakFileMounted2Time == 0.000171
[2026.02.13-13.05.14:174][  0]LogPakFile: PakFile PrimaryIndexSize=189
[2026.02.13-13.05.14:174][  0]LogPakFile: PakFile PathHashIndexSize=101
[2026.02.13-13.05.14:174][  0]LogPakFile: PakFile FullDirectoryIndexSize=152
[2026.02.13-13.05.14:174][  0]LogShaderLibrary: Display: ShaderCodeLibraryPakFileMountedCallback: PakFile 'D:/Epic Games/UE_4.27/FeaturePacks/FP_FirstPersonBP.upack' (chunk index -1, root 'root:/') mounted
[2026.02.13-13.05.14:174][  0]LogShaderLibrary: Display: ShaderCodeLibraryPakFileMountedCallback: pending pak file info (ChunkID:-1 Root:root:/ File:D:/Epic Games/UE_4.27/FeaturePacks/FP_FirstPersonBP.upack)
[2026.02.13-13.05.14:174][  0]LogPakFile: OnPakFileMounted2Time == 0.000026
[2026.02.13-13.05.14:176][  0]LogPakFile: PakFile PrimaryIndexSize=191
[2026.02.13-13.05.14:176][  0]LogPakFile: PakFile PathHashIndexSize=101
[2026.02.13-13.05.14:176][  0]LogPakFile: PakFile FullDirectoryIndexSize=160
[2026.02.13-13.05.14:176][  0]LogShaderLibrary: Display: ShaderCodeLibraryPakFileMountedCallback: PakFile 'D:/Epic Games/UE_4.27/FeaturePacks/MobileStarterContent.upack' (chunk index -1, root 'root:/') mounted
[2026.02.13-13.05.14:176][  0]LogShaderLibrary: Display: ShaderCodeLibraryPakFileMountedCallback: pending pak file info (ChunkID:-1 Root:root:/ File:D:/Epic Games/UE_4.27/FeaturePacks/MobileStarterContent.upack)
[2026.02.13-13.05.14:176][  0]LogPakFile: OnPakFileMounted2Time == 0.000025
[2026.02.13-13.05.14:177][  0]LogPakFile: PakFile PrimaryIndexSize=185
[2026.02.13-13.05.14:177][  0]LogPakFile: PakFile PathHashIndexSize=101
[2026.02.13-13.05.14:177][  0]LogPakFile: PakFile FullDirectoryIndexSize=148
[2026.02.13-13.05.14:177][  0]LogShaderLibrary: Display: ShaderCodeLibraryPakFileMountedCallback: PakFile 'D:/Epic Games/UE_4.27/FeaturePacks/StarterContent.upack' (chunk index -1, root 'root:/') mounted
[2026.02.13-13.05.14:177][  0]LogShaderLibrary: Display: ShaderCodeLibraryPakFileMountedCallback: pending pak file info (ChunkID:-1 Root:root:/ File:D:/Epic Games/UE_4.27/FeaturePacks/StarterContent.upack)
[2026.02.13-13.05.14:177][  0]LogPakFile: OnPakFileMounted2Time == 0.000022
[2026.02.13-13.05.14:178][  0]LogPakFile: PakFile PrimaryIndexSize=190
[2026.02.13-13.05.14:178][  0]LogPakFile: PakFile PathHashIndexSize=101
[2026.02.13-13.05.14:178][  0]LogPakFile: PakFile FullDirectoryIndexSize=154
[2026.02.13-13.05.14:178][  0]LogShaderLibrary: Display: ShaderCodeLibraryPakFileMountedCallback: PakFile 'D:/Epic Games/UE_4.27/FeaturePacks/TP_2DSideScroller.upack' (chunk index -1, root 'root:/') mounted
[2026.02.13-13.05.14:178][  0]LogShaderLibrary: Display: ShaderCodeLibraryPakFileMountedCallback: pending pak file info (ChunkID:-1 Root:root:/ File:D:/Epic Games/UE_4.27/FeaturePacks/TP_2DSideScroller.upack)
[2026.02.13-13.05.14:178][  0]LogPakFile: OnPakFileMounted2Time == 0.000020
[2026.02.13-13.05.14:179][  0]LogPakFile: PakFile PrimaryIndexSize=192
[2026.02.13-13.05.14:179][  0]LogPakFile: PakFile PathHashIndexSize=101
[2026.02.13-13.05.14:179][  0]LogPakFile: PakFile FullDirectoryIndexSize=158
[2026.02.13-13.05.14:179][  0]LogShaderLibrary: Display: ShaderCodeLibraryPakFileMountedCallback: PakFile 'D:/Epic Games/UE_4.27/FeaturePacks/TP_2DSideScrollerBP.upack' (chunk index -1, root 'root:/') mounted
[2026.02.13-13.05.14:179][  0]LogShaderLibrary: Display: ShaderCodeLibraryPakFileMountedCallback: pending pak file info (ChunkID:-1 Root:root:/ File:D:/Epic Games/UE_4.27/FeaturePacks/TP_2DSideScrollerBP.upack)
[2026.02.13-13.05.14:179][  0]LogPakFile: OnPakFileMounted2Time == 0.000021
[2026.02.13-13.05.14:181][  0]LogPakFile: PakFile PrimaryIndexSize=182
[2026.02.13-13.05.14:181][  0]LogPakFile: PakFile PathHashIndexSize=101
[2026.02.13-13.05.14:181][  0]LogPakFile: PakFile FullDirectoryIndexSize=138
[2026.02.13-13.05.14:181][  0]LogShaderLibrary: Display: ShaderCodeLibraryPakFileMountedCallback: PakFile 'D:/Epic Games/UE_4.27/FeaturePacks/TP_Flying.upack' (chunk index -1, root 'root:/') mounted
[2026.02.13-13.05.14:181][  0]LogShaderLibrary: Display: ShaderCodeLibraryPakFileMountedCallback: pending pak file info (ChunkID:-1 Root:root:/ File:D:/Epic Games/UE_4.27/FeaturePacks/TP_Flying.upack)
[2026.02.13-13.05.14:181][  0]LogPakFile: OnPakFileMounted2Time == 0.000020
[2026.02.13-13.05.14:182][  0]LogPakFile: PakFile PrimaryIndexSize=184
[2026.02.13-13.05.14:182][  0]LogPakFile: PakFile PathHashIndexSize=101
[2026.02.13-13.05.14:182][  0]LogPakFile: PakFile FullDirectoryIndexSize=142
[2026.02.13-13.05.14:182][  0]LogShaderLibrary: Display: ShaderCodeLibraryPakFileMountedCallback: PakFile 'D:/Epic Games/UE_4.27/FeaturePacks/TP_FlyingBP.upack' (chunk index -1, root 'root:/') mounted
[2026.02.13-13.05.14:182][  0]LogShaderLibrary: Display: ShaderCodeLibraryPakFileMountedCallback: pending pak file info (ChunkID:-1 Root:root:/ File:D:/Epic Games/UE_4.27/FeaturePacks/TP_FlyingBP.upack)
[2026.02.13-13.05.14:182][  0]LogPakFile: OnPakFileMounted2Time == 0.000021
[2026.02.13-13.05.14:184][  0]LogPakFile: PakFile PrimaryIndexSize=188
[2026.02.13-13.05.14:184][  0]LogPakFile: PakFile PathHashIndexSize=101
[2026.02.13-13.05.14:184][  0]LogPakFile: PakFile FullDirectoryIndexSize=150
[2026.02.13-13.05.14:184][  0]LogShaderLibrary: Display: ShaderCodeLibraryPakFileMountedCallback: PakFile 'D:/Epic Games/UE_4.27/FeaturePacks/TP_HandheldARBP.upack' (chunk index -1, root 'root:/') mounted
[2026.02.13-13.05.14:184][  0]LogShaderLibrary: Display: ShaderCodeLibraryPakFileMountedCallback: pending pak file info (ChunkID:-1 Root:root:/ File:D:/Epic Games/UE_4.27/FeaturePacks/TP_HandheldARBP.upack)
[2026.02.13-13.05.14:184][  0]LogPakFile: OnPakFileMounted2Time == 0.000020
[2026.02.13-13.05.14:186][  0]LogPakFile: PakFile PrimaryIndexSize=182
[2026.02.13-13.05.14:186][  0]LogPakFile: PakFile PathHashIndexSize=101
[2026.02.13-13.05.14:186][  0]LogPakFile: PakFile FullDirectoryIndexSize=138
[2026.02.13-13.05.14:186][  0]LogShaderLibrary: Display: ShaderCodeLibraryPakFileMountedCallback: PakFile 'D:/Epic Games/UE_4.27/FeaturePacks/TP_Puzzle.upack' (chunk index -1, root 'root:/') mounted
[2026.02.13-13.05.14:186][  0]LogShaderLibrary: Display: ShaderCodeLibraryPakFileMountedCallback: pending pak file info (ChunkID:-1 Root:root:/ File:D:/Epic Games/UE_4.27/FeaturePacks/TP_Puzzle.upack)
[2026.02.13-13.05.14:186][  0]LogPakFile: OnPakFileMounted2Time == 0.000019
[2026.02.13-13.05.14:188][  0]LogPakFile: PakFile PrimaryIndexSize=184
[2026.02.13-13.05.14:188][  0]LogPakFile: PakFile PathHashIndexSize=101
[2026.02.13-13.05.14:188][  0]LogPakFile: PakFile FullDirectoryIndexSize=142
[2026.02.13-13.05.14:188][  0]LogShaderLibrary: Display: ShaderCodeLibraryPakFileMountedCallback: PakFile 'D:/Epic Games/UE_4.27/FeaturePacks/TP_PuzzleBP.upack' (chunk index -1, root 'root:/') mounted
[2026.02.13-13.05.14:188][  0]LogShaderLibrary: Display: ShaderCodeLibraryPakFileMountedCallback: pending pak file info (ChunkID:-1 Root:root:/ File:D:/Epic Games/UE_4.27/FeaturePacks/TP_PuzzleBP.upack)
[2026.02.13-13.05.14:188][  0]LogPakFile: OnPakFileMounted2Time == 0.000022
[2026.02.13-13.05.14:189][  0]LogPakFile: PakFile PrimaryIndexSize=183
[2026.02.13-13.05.14:189][  0]LogPakFile: PakFile PathHashIndexSize=101
[2026.02.13-13.05.14:189][  0]LogPakFile: PakFile FullDirectoryIndexSize=140
[2026.02.13-13.05.14:189][  0]LogShaderLibrary: Display: ShaderCodeLibraryPakFileMountedCallback: PakFile 'D:/Epic Games/UE_4.27/FeaturePacks/TP_Rolling.upack' (chunk index -1, root 'root:/') mounted
[2026.02.13-13.05.14:189][  0]LogShaderLibrary: Display: ShaderCodeLibraryPakFileMountedCallback: pending pak file info (ChunkID:-1 Root:root:/ File:D:/Epic Games/UE_4.27/FeaturePacks/TP_Rolling.upack)
[2026.02.13-13.05.14:189][  0]LogPakFile: OnPakFileMounted2Time == 0.000020
[2026.02.13-13.05.14:191][  0]LogPakFile: PakFile PrimaryIndexSize=185
[2026.02.13-13.05.14:191][  0]LogPakFile: PakFile PathHashIndexSize=101
[2026.02.13-13.05.14:191][  0]LogPakFile: PakFile FullDirectoryIndexSize=144
[2026.02.13-13.05.14:191][  0]LogShaderLibrary: Display: ShaderCodeLibraryPakFileMountedCallback: PakFile 'D:/Epic Games/UE_4.27/FeaturePacks/TP_RollingBP.upack' (chunk index -1, root 'root:/') mounted
[2026.02.13-13.05.14:191][  0]LogShaderLibrary: Display: ShaderCodeLibraryPakFileMountedCallback: pending pak file info (ChunkID:-1 Root:root:/ File:D:/Epic Games/UE_4.27/FeaturePacks/TP_RollingBP.upack)
[2026.02.13-13.05.14:191][  0]LogPakFile: OnPakFileMounted2Time == 0.000020
[2026.02.13-13.05.14:192][  0]LogPakFile: PakFile PrimaryIndexSize=188
[2026.02.13-13.05.14:192][  0]LogPakFile: PakFile PathHashIndexSize=101
[2026.02.13-13.05.14:192][  0]LogPakFile: PakFile FullDirectoryIndexSize=150
[2026.02.13-13.05.14:192][  0]LogShaderLibrary: Display: ShaderCodeLibraryPakFileMountedCallback: PakFile 'D:/Epic Games/UE_4.27/FeaturePacks/TP_SideScroller.upack' (chunk index -1, root 'root:/') mounted
[2026.02.13-13.05.14:192][  0]LogShaderLibrary: Display: ShaderCodeLibraryPakFileMountedCallback: pending pak file info (ChunkID:-1 Root:root:/ File:D:/Epic Games/UE_4.27/FeaturePacks/TP_SideScroller.upack)
[2026.02.13-13.05.14:192][  0]LogPakFile: OnPakFileMounted2Time == 0.000019
[2026.02.13-13.05.14:193][  0]LogPakFile: PakFile PrimaryIndexSize=190
[2026.02.13-13.05.14:193][  0]LogPakFile: PakFile PathHashIndexSize=101
[2026.02.13-13.05.14:193][  0]LogPakFile: PakFile FullDirectoryIndexSize=154
[2026.02.13-13.05.14:193][  0]LogShaderLibrary: Display: ShaderCodeLibraryPakFileMountedCallback: PakFile 'D:/Epic Games/UE_4.27/FeaturePacks/TP_SideScrollerBP.upack' (chunk index -1, root 'root:/') mounted
[2026.02.13-13.05.14:193][  0]LogShaderLibrary: Display: ShaderCodeLibraryPakFileMountedCallback: pending pak file info (ChunkID:-1 Root:root:/ File:D:/Epic Games/UE_4.27/FeaturePacks/TP_SideScrollerBP.upack)
[2026.02.13-13.05.14:193][  0]LogPakFile: OnPakFileMounted2Time == 0.000023
[2026.02.13-13.05.14:195][  0]LogPakFile: PakFile PrimaryIndexSize=187
[2026.02.13-13.05.14:195][  0]LogPakFile: PakFile PathHashIndexSize=101
[2026.02.13-13.05.14:195][  0]LogPakFile: PakFile FullDirectoryIndexSize=148
[2026.02.13-13.05.14:195][  0]LogShaderLibrary: Display: ShaderCodeLibraryPakFileMountedCallback: PakFile 'D:/Epic Games/UE_4.27/FeaturePacks/TP_ThirdPerson.upack' (chunk index -1, root 'root:/') mounted
[2026.02.13-13.05.14:195][  0]LogShaderLibrary: Display: ShaderCodeLibraryPakFileMountedCallback: pending pak file info (ChunkID:-1 Root:root:/ File:D:/Epic Games/UE_4.27/FeaturePacks/TP_ThirdPerson.upack)
[2026.02.13-13.05.14:195][  0]LogPakFile: OnPakFileMounted2Time == 0.000020
[2026.02.13-13.05.14:197][  0]LogPakFile: PakFile PrimaryIndexSize=189
[2026.02.13-13.05.14:197][  0]LogPakFile: PakFile PathHashIndexSize=101
[2026.02.13-13.05.14:197][  0]LogPakFile: PakFile FullDirectoryIndexSize=152
[2026.02.13-13.05.14:197][  0]LogShaderLibrary: Display: ShaderCodeLibraryPakFileMountedCallback: PakFile 'D:/Epic Games/UE_4.27/FeaturePacks/TP_ThirdPersonBP.upack' (chunk index -1, root 'root:/') mounted
[2026.02.13-13.05.14:197][  0]LogShaderLibrary: Display: ShaderCodeLibraryPakFileMountedCallback: pending pak file info (ChunkID:-1 Root:root:/ File:D:/Epic Games/UE_4.27/FeaturePacks/TP_ThirdPersonBP.upack)
[2026.02.13-13.05.14:197][  0]LogPakFile: OnPakFileMounted2Time == 0.000020
[2026.02.13-13.05.14:198][  0]LogPakFile: PakFile PrimaryIndexSize=183
[2026.02.13-13.05.14:198][  0]LogPakFile: PakFile PathHashIndexSize=101
[2026.02.13-13.05.14:198][  0]LogPakFile: PakFile FullDirectoryIndexSize=140
[2026.02.13-13.05.14:198][  0]LogShaderLibrary: Display: ShaderCodeLibraryPakFileMountedCallback: PakFile 'D:/Epic Games/UE_4.27/FeaturePacks/TP_TopDown.upack' (chunk index -1, root 'root:/') mounted
[2026.02.13-13.05.14:198][  0]LogShaderLibrary: Display: ShaderCodeLibraryPakFileMountedCallback: pending pak file info (ChunkID:-1 Root:root:/ File:D:/Epic Games/UE_4.27/FeaturePacks/TP_TopDown.upack)
[2026.02.13-13.05.14:198][  0]LogPakFile: OnPakFileMounted2Time == 0.000026
[2026.02.13-13.05.14:201][  0]LogPakFile: PakFile PrimaryIndexSize=185
[2026.02.13-13.05.14:201][  0]LogPakFile: PakFile PathHashIndexSize=101
[2026.02.13-13.05.14:201][  0]LogPakFile: PakFile FullDirectoryIndexSize=144
[2026.02.13-13.05.14:201][  0]LogShaderLibrary: Display: ShaderCodeLibraryPakFileMountedCallback: PakFile 'D:/Epic Games/UE_4.27/FeaturePacks/TP_TopDownBP.upack' (chunk index -1, root 'root:/') mounted
[2026.02.13-13.05.14:201][  0]LogShaderLibrary: Display: ShaderCodeLibraryPakFileMountedCallback: pending pak file info (ChunkID:-1 Root:root:/ File:D:/Epic Games/UE_4.27/FeaturePacks/TP_TopDownBP.upack)
[2026.02.13-13.05.14:201][  0]LogPakFile: OnPakFileMounted2Time == 0.000021
[2026.02.13-13.05.14:202][  0]LogPakFile: PakFile PrimaryIndexSize=185
[2026.02.13-13.05.14:202][  0]LogPakFile: PakFile PathHashIndexSize=101
[2026.02.13-13.05.14:202][  0]LogPakFile: PakFile FullDirectoryIndexSize=144
[2026.02.13-13.05.14:202][  0]LogShaderLibrary: Display: ShaderCodeLibraryPakFileMountedCallback: PakFile 'D:/Epic Games/UE_4.27/FeaturePacks/TP_TwinStick.upack' (chunk index -1, root 'root:/') mounted
[2026.02.13-13.05.14:202][  0]LogShaderLibrary: Display: ShaderCodeLibraryPakFileMountedCallback: pending pak file info (ChunkID:-1 Root:root:/ File:D:/Epic Games/UE_4.27/FeaturePacks/TP_TwinStick.upack)
[2026.02.13-13.05.14:202][  0]LogPakFile: OnPakFileMounted2Time == 0.000024
[2026.02.13-13.05.14:204][  0]LogPakFile: PakFile PrimaryIndexSize=187
[2026.02.13-13.05.14:204][  0]LogPakFile: PakFile PathHashIndexSize=101
[2026.02.13-13.05.14:204][  0]LogPakFile: PakFile FullDirectoryIndexSize=148
[2026.02.13-13.05.14:204][  0]LogShaderLibrary: Display: ShaderCodeLibraryPakFileMountedCallback: PakFile 'D:/Epic Games/UE_4.27/FeaturePacks/TP_TwinStickBP.upack' (chunk index -1, root 'root:/') mounted
[2026.02.13-13.05.14:204][  0]LogShaderLibrary: Display: ShaderCodeLibraryPakFileMountedCallback: pending pak file info (ChunkID:-1 Root:root:/ File:D:/Epic Games/UE_4.27/FeaturePacks/TP_TwinStickBP.upack)
[2026.02.13-13.05.14:204][  0]LogPakFile: OnPakFileMounted2Time == 0.000020
[2026.02.13-13.05.14:206][  0]LogPakFile: PakFile PrimaryIndexSize=183
[2026.02.13-13.05.14:206][  0]LogPakFile: PakFile PathHashIndexSize=101
[2026.02.13-13.05.14:206][  0]LogPakFile: PakFile FullDirectoryIndexSize=140
[2026.02.13-13.05.14:206][  0]LogShaderLibrary: Display: ShaderCodeLibraryPakFileMountedCallback: PakFile 'D:/Epic Games/UE_4.27/FeaturePacks/TP_Vehicle.upack' (chunk index -1, root 'root:/') mounted
[2026.02.13-13.05.14:206][  0]LogShaderLibrary: Display: ShaderCodeLibraryPakFileMountedCallback: pending pak file info (ChunkID:-1 Root:root:/ File:D:/Epic Games/UE_4.27/FeaturePacks/TP_Vehicle.upack)
[2026.02.13-13.05.14:206][  0]LogPakFile: OnPakFileMounted2Time == 0.000019
[2026.02.13-13.05.14:208][  0]LogPakFile: PakFile PrimaryIndexSize=186
[2026.02.13-13.05.14:208][  0]LogPakFile: PakFile PathHashIndexSize=101
[2026.02.13-13.05.14:208][  0]LogPakFile: PakFile FullDirectoryIndexSize=146
[2026.02.13-13.05.14:208][  0]LogShaderLibrary: Display: ShaderCodeLibraryPakFileMountedCallback: PakFile 'D:/Epic Games/UE_4.27/FeaturePacks/TP_VehicleAdv.upack' (chunk index -1, root 'root:/') mounted
[2026.02.13-13.05.14:208][  0]LogShaderLibrary: Display: ShaderCodeLibraryPakFileMountedCallback: pending pak file info (ChunkID:-1 Root:root:/ File:D:/Epic Games/UE_4.27/FeaturePacks/TP_VehicleAdv.upack)
[2026.02.13-13.05.14:208][  0]LogPakFile: OnPakFileMounted2Time == 0.000020
[2026.02.13-13.05.14:209][  0]LogPakFile: PakFile PrimaryIndexSize=188
[2026.02.13-13.05.14:210][  0]LogPakFile: PakFile PathHashIndexSize=101
[2026.02.13-13.05.14:210][  0]LogPakFile: PakFile FullDirectoryIndexSize=150
[2026.02.13-13.05.14:210][  0]LogShaderLibrary: Display: ShaderCodeLibraryPakFileMountedCallback: PakFile 'D:/Epic Games/UE_4.27/FeaturePacks/TP_VehicleAdvBP.upack' (chunk index -1, root 'root:/') mounted
[2026.02.13-13.05.14:210][  0]LogShaderLibrary: Display: ShaderCodeLibraryPakFileMountedCallback: pending pak file info (ChunkID:-1 Root:root:/ File:D:/Epic Games/UE_4.27/FeaturePacks/TP_VehicleAdvBP.upack)
[2026.02.13-13.05.14:210][  0]LogPakFile: OnPakFileMounted2Time == 0.000026
[2026.02.13-13.05.14:211][  0]LogPakFile: PakFile PrimaryIndexSize=185
[2026.02.13-13.05.14:211][  0]LogPakFile: PakFile PathHashIndexSize=101
[2026.02.13-13.05.14:211][  0]LogPakFile: PakFile FullDirectoryIndexSize=144
[2026.02.13-13.05.14:211][  0]LogShaderLibrary: Display: ShaderCodeLibraryPakFileMountedCallback: PakFile 'D:/Epic Games/UE_4.27/FeaturePacks/TP_VehicleBP.upack' (chunk index -1, root 'root:/') mounted
[2026.02.13-13.05.14:211][  0]LogShaderLibrary: Display: ShaderCodeLibraryPakFileMountedCallback: pending pak file info (ChunkID:-1 Root:root:/ File:D:/Epic Games/UE_4.27/FeaturePacks/TP_VehicleBP.upack)
[2026.02.13-13.05.14:211][  0]LogPakFile: OnPakFileMounted2Time == 0.000020
[2026.02.13-13.05.14:213][  0]LogPakFile: PakFile PrimaryIndexSize=192
[2026.02.13-13.05.14:213][  0]LogPakFile: PakFile PathHashIndexSize=101
[2026.02.13-13.05.14:213][  0]LogPakFile: PakFile FullDirectoryIndexSize=158
[2026.02.13-13.05.14:213][  0]LogShaderLibrary: Display: ShaderCodeLibraryPakFileMountedCallback: PakFile 'D:/Epic Games/UE_4.27/FeaturePacks/TP_VirtualRealityBP.upack' (chunk index -1, root 'root:/') mounted
[2026.02.13-13.05.14:213][  0]LogShaderLibrary: Display: ShaderCodeLibraryPakFileMountedCallback: pending pak file info (ChunkID:-1 Root:root:/ File:D:/Epic Games/UE_4.27/FeaturePacks/TP_VirtualRealityBP.upack)
[2026.02.13-13.05.14:213][  0]LogPakFile: OnPakFileMounted2Time == 0.000020
[2026.02.13-13.05.14:321][  0]LogNativeClassHierarchy: Verbose: Native class hierarchy updated for 'AddContentDialog' in 0.0002 seconds. Added 0 classes and 0 folders.
[2026.02.13-13.05.14:356][  0]LogSlate: Took 0.000145 seconds to synchronously load lazily loaded font '../../../Engine/Content/Slate/Fonts/Roboto-Regular.ttf' (155K)
[2026.02.13-13.05.14:359][  0]LogSlate: Took 0.002432 seconds to synchronously load lazily loaded font '../../../Engine/Content/Editor/Slate/Fonts/FontAwesome.ttf' (139K)
[2026.02.13-13.05.14:360][  0]LogSlate: Took 0.000122 seconds to synchronously load lazily loaded font '../../../Engine/Content/Slate/Fonts/Roboto-Bold.ttf' (160K)
[2026.02.13-13.05.14:433][  0]LogRenderer: Reallocating scene render targets to support 1020x340 Format 10 NumSamples 1 (Frame:1).
[2026.02.13-13.05.14:501][  0]LogNativeClassHierarchy: Verbose: Native class hierarchy updated for 'HierarchicalLODOutliner' in 0.0002 seconds. Added 0 classes and 0 folders.
[2026.02.13-13.05.14:501][  0]LogLoad: (Engine Initialization) Total time: 5.74 seconds
[2026.02.13-13.05.14:501][  0]LogLoad: (Engine Initialization) Total Blueprint compile time: 0.00 seconds
[2026.02.13-13.05.14:547][  0]LogAssetRegistry: Asset discovery search completed in 3.6455 seconds
[2026.02.13-13.05.14:550][  0]LogCollectionManager: Fixed up redirectors for 0 collections in 0.000003 seconds (updated 0 objects)
[2026.02.13-13.05.14:552][  0]LogContentStreaming: Texture pool size now 1000 MB
[2026.02.13-13.05.14:578][  1]LogRenderer: Reallocating scene render targets to support 1020x356 Format 10 NumSamples 1 (Frame:5).
[2026.02.13-13.05.15:210][  2]LogSlate: Took 0.003107 seconds to synchronously load lazily loaded font '../../../Engine/Content/Slate/Fonts/Roboto-Light.ttf' (167K)
[2026.02.13-13.05.15:877][  4]LogSlate: Took 0.000113 seconds to synchronously load lazily loaded font '../../../Engine/Content/Slate/Fonts/Roboto-Light.ttf' (167K)
[2026.02.13-13.05.29:648][ 48]LogTemp: Repeating last play command: Selected Viewport
[2026.02.13-13.05.29:653][ 48]LogPlayLevel: PlayLevel: No blueprints needed recompiling
[2026.02.13-13.05.29:655][ 48]PIE: New page: PIE session: Main (13 lut 2026, 15:05:29)
[2026.02.13-13.05.29:657][ 48]LogOnline: OSS: Creating online subsystem instance for: NULL
[2026.02.13-13.05.29:658][ 48]LogOnline: OSS: TryLoadSubsystemAndSetDefault: Loaded subsystem for module [NULL]
[2026.02.13-13.05.29:659][ 48]LogPlayLevel: Creating play world package: /Game/Levels/UEDPIE_0_Main
[2026.02.13-13.05.29:663][ 48]LogPlayLevel: PIE: StaticDuplicateObject took: (0.004208s)
[2026.02.13-13.05.29:664][ 48]LogAIModule: Creating AISystem for world Main
[2026.02.13-13.05.29:664][ 48]LogPlayLevel: PIE: World Init took: (0.001244s)
[2026.02.13-13.05.29:664][ 48]LogPlayLevel: PIE: Created PIE world by copying editor world from /Game/Levels/Main.Main to /Game/Levels/UEDPIE_0_Main.Main (0.005988s)
[2026.02.13-13.05.29:670][ 48]LogUObjectHash: Compacting FUObjectHashTables data took   0.68ms
[2026.02.13-13.05.29:672][ 48]LogAudio: Display: Creating Audio Device:                 Id: 2, Scope: Unique, Realtime: True
[2026.02.13-13.05.29:672][ 48]LogAudioMixer: Display: Audio Mixer Platform Settings:
[2026.02.13-13.05.29:672][ 48]LogAudioMixer: Display: 	Sample Rate:						  48000
[2026.02.13-13.05.29:672][ 48]LogAudioMixer: Display: 	Callback Buffer Frame Size Requested: 1024
[2026.02.13-13.05.29:672][ 48]LogAudioMixer: Display: 	Callback Buffer Frame Size To Use:	  1024
[2026.02.13-13.05.29:672][ 48]LogAudioMixer: Display: 	Number of buffers to queue:			  2
[2026.02.13-13.05.29:672][ 48]LogAudioMixer: Display: 	Max Channels (voices):				  32
[2026.02.13-13.05.29:672][ 48]LogAudioMixer: Display: 	Number of Async Source Workers:		  0
[2026.02.13-13.05.29:672][ 48]LogAudio: Display: AudioDevice MaxSources: 32
[2026.02.13-13.05.29:672][ 48]LogAudio: Display: Audio Spatialization Plugin: None (built-in).
[2026.02.13-13.05.29:672][ 48]LogAudio: Display: Audio Reverb Plugin: None (built-in).
[2026.02.13-13.05.29:672][ 48]LogAudio: Display: Audio Occlusion Plugin: None (built-in).
[2026.02.13-13.05.29:672][ 48]LogAudioMixer: Display: Initializing audio mixer.
[2026.02.13-13.05.29:676][ 48]LogAudioMixer: Display: 0: FrontLeft
[2026.02.13-13.05.29:676][ 48]LogAudioMixer: Display: 1: FrontRight
[2026.02.13-13.05.29:685][ 48]LogAudioMixer: Display: Using Audio Device Speakers (USB Audio Device)
[2026.02.13-13.05.29:685][ 48]LogAudioMixer: Display: Initializing Sound Submixes...
[2026.02.13-13.05.29:685][ 48]LogAudioMixer: Display: Creating Master Submix 'MasterSubmixDefault'
[2026.02.13-13.05.29:685][ 48]LogAudioMixer: Display: Creating Master Submix 'MasterReverbSubmixDefault'
[2026.02.13-13.05.29:685][ 48]LogAudioMixer: Display: Creating Master Submix 'MasterEQSubmixDefault'
[2026.02.13-13.05.29:685][ 48]LogAudioMixer: FMixerPlatformXAudio2::StartAudioStream() called
[2026.02.13-13.05.29:685][ 48]LogAudioMixer: Display: Output buffers initialized: Frames=1024, Channels=2, Samples=2048
[2026.02.13-13.05.29:686][ 48]LogAudioMixer: Display: Starting AudioMixerPlatformInterface::RunInternal()
[2026.02.13-13.05.29:686][ 48]LogAudioMixer: Display: FMixerPlatformXAudio2::SubmitBuffer() called for the first time
[2026.02.13-13.05.29:686][ 48]LogInit: FAudioDevice initialized.
[2026.02.13-13.05.29:686][ 48]LogAudio: Display: Audio Device (ID: 2) registered with world 'Main'.
[2026.02.13-13.05.29:694][ 48]LogLoad: Game class is 'BP_GameMode_01_C'
[2026.02.13-13.05.29:695][ 48]LogWorld: Bringing World /Game/Levels/UEDPIE_0_Main.Main up for play (max tick rate 60) at 2026.02.13-14.05.29
[2026.02.13-13.05.29:696][ 48]LogWorld: Bringing up level for play took: 0.001949
[2026.02.13-13.05.29:697][ 48]LogOnline: OSS: Creating online subsystem instance for: :Context_4
[2026.02.13-13.05.29:699][ 48]LogNativeClassHierarchy: Verbose: Native class hierarchy updated for 'MovieSceneCapture' in 0.0002 seconds. Added 20 classes and 0 folders.
[2026.02.13-13.05.29:704][ 48]PIE: Server logged in
[2026.02.13-13.05.29:705][ 48]PIE: Play in editor total start time 0,053 seconds.
[2026.02.13-13.05.29:791][ 53]LogRenderer: Reallocating scene render targets to support 1020x364 Format 10 NumSamples 1 (Frame:5).
[2026.02.13-13.05.30:288][ 81]LogBlueprintUserMessages: [Gun_DMG_TEST_2] 985.0
[2026.02.13-13.05.30:367][ 86]LogBlueprintUserMessages: [Gun_DMG_TEST_2] 970.0
[2026.02.13-13.05.32:402][208]LogBlueprintUserMessages: [Gun_DMG_TEST_2] 955.0
[2026.02.13-13.05.32:568][218]LogBlueprintUserMessages: [BP_Spider_2] 85.0
[2026.02.13-13.05.32:651][223]LogBlueprintUserMessages: [BP_Spider_2] 70.0
[2026.02.13-13.05.32:735][228]LogBlueprintUserMessages: [BP_Spider_2] 55.0
[2026.02.13-13.05.32:801][232]LogBlueprintUserMessages: [BP_Spider_2] 40.0
[2026.02.13-13.05.32:886][237]LogBlueprintUserMessages: [BP_Spider_2] 25.0
[2026.02.13-13.05.32:969][242]LogBlueprintUserMessages: [BP_Spider_2] 10.0
[2026.02.13-13.05.33:520][275]LogBlueprintUserMessages: [BP_Spider_2] -5.0
[2026.02.13-13.05.33:602][280]LogBlueprintUserMessages: [Gun_DMG_TEST_2] 940.0
[2026.02.13-13.05.33:686][285]LogBlueprintUserMessages: [Gun_DMG_TEST_2] 925.0
[2026.02.13-13.05.33:753][289]LogBlueprintUserMessages: [Gun_DMG_TEST_2] 910.0
[2026.02.13-13.05.33:836][294]LogBlueprintUserMessages: [Gun_DMG_TEST_2] 895.0
[2026.02.13-13.05.34:953][361]LogBlueprintUserMessages: [BP_Spider_C_0] 85.0
[2026.02.13-13.05.35:519][395]LogBlueprintUserMessages: [BP_Spider_C_0] 70.0
[2026.02.13-13.05.35:603][400]LogBlueprintUserMessages: [BP_Spider_C_0] 55.0
[2026.02.13-13.05.35:671][404]LogBlueprintUserMessages: [BP_Spider_C_0] 40.0
[2026.02.13-13.05.35:754][409]LogBlueprintUserMessages: [BP_Spider_C_0] 25.0
[2026.02.13-13.05.35:836][414]LogBlueprintUserMessages: [BP_Spider_C_0] 10.0
[2026.02.13-13.05.38:204][556]LogBlueprintUserMessages: [BP_Spider_C_0] -5.0
[2026.02.13-13.05.39:788][651]LogBlueprintUserMessages: [BP_Spider_C_1] 85.0
[2026.02.13-13.05.39:871][656]LogBlueprintUserMessages: [BP_Spider_C_1] 70.0
[2026.02.13-13.05.40:356][685]LogBlueprintUserMessages: [BP_Spider_C_1] 55.0
[2026.02.13-13.05.40:437][690]LogBlueprintUserMessages: [BP_Spider_C_1] 40.0
[2026.02.13-13.05.40:504][694]LogBlueprintUserMessages: [BP_Spider_C_1] 25.0
[2026.02.13-13.05.40:587][699]LogBlueprintUserMessages: [BP_Spider_C_1] 10.0
[2026.02.13-13.05.40:672][704]LogBlueprintUserMessages: [BP_Spider_C_1] -5.0
[2026.02.13-13.05.42:521][815]LogBlueprintUserMessages: [BP_Spider_C_2] 85.0
[2026.02.13-13.05.42:604][820]LogBlueprintUserMessages: [BP_Spider_C_2] 70.0
[2026.02.13-13.05.42:688][825]LogBlueprintUserMessages: [BP_Spider_C_2] 55.0
[2026.02.13-13.05.42:754][829]LogBlueprintUserMessages: [BP_Spider_C_2] 40.0
[2026.02.13-13.05.42:837][834]LogBlueprintUserMessages: [BP_Spider_C_2] 25.0
[2026.02.13-13.05.43:087][849]LogBlueprintUserMessages: [BP_Spider_C_2] 10.0
[2026.02.13-13.05.43:154][853]LogBlueprintUserMessages: [BP_Spider_C_2] -5.0
[2026.02.13-13.05.44:755][949]LogBlueprintUserMessages: [BP_Spider_C_3] 85.0
[2026.02.13-13.05.45:005][964]LogBlueprintUserMessages: [BP_Spider_C_3] 70.0
[2026.02.13-13.05.45:089][969]LogBlueprintUserMessages: [BP_Spider_C_3] 55.0
[2026.02.13-13.05.45:638][  2]LogBlueprintUserMessages: [BP_Spider_C_3] 40.0
[2026.02.13-13.05.45:722][  7]LogBlueprintUserMessages: [BP_Spider_C_3] 25.0
[2026.02.13-13.05.45:805][ 12]LogBlueprintUserMessages: [BP_Spider_C_3] 10.0
[2026.02.13-13.05.45:888][ 17]LogBlueprintUserMessages: [BP_Spider_C_3] -5.0
[2026.02.13-13.05.48:572][178]LogBlueprintUserMessages: [BP_Spider_C_4] 85.0
[2026.02.13-13.05.48:639][182]LogBlueprintUserMessages: [BP_Spider_C_4] 70.0
[2026.02.13-13.05.48:722][187]LogBlueprintUserMessages: [BP_Spider_C_4] 55.0
[2026.02.13-13.05.48:804][192]LogBlueprintUserMessages: [BP_Spider_C_4] 40.0
[2026.02.13-13.05.48:888][197]LogBlueprintUserMessages: [Gun_DMG_TEST_2] 880.0
[2026.02.13-13.05.48:972][202]LogBlueprintUserMessages: [BP_Spider_C_4] 25.0
[2026.02.13-13.05.49:038][206]LogBlueprintUserMessages: [BP_Spider_C_4] 10.0
[2026.02.13-13.05.49:122][211]LogBlueprintUserMessages: [BP_Spider_C_4] -5.0
[2026.02.13-13.05.49:723][247]LogBlueprintUserMessages: [Gun_DMG_TEST_2] 865.0
[2026.02.13-13.05.50:205][276]LogBlueprintUserMessages: [BP_Spider_C_5] 85.0
[2026.02.13-13.05.50:923][319]LogBlueprintUserMessages: [BP_Spider_C_5] 70.0
[2026.02.13-13.05.51:255][339]LogBlueprintUserMessages: [Gun_DMG_TEST_2] 850.0
[2026.02.13-13.05.51:321][343]LogBlueprintUserMessages: [BP_Spider_C_5] 55.0
[2026.02.13-13.05.51:656][363]LogBlueprintUserMessages: [BP_Spider_C_5] 40.0
[2026.02.13-13.05.51:721][367]LogBlueprintUserMessages: [BP_Spider_C_5] 25.0
[2026.02.13-13.05.51:805][372]LogBlueprintUserMessages: [BP_Spider_C_5] 10.0
[2026.02.13-13.05.51:889][377]LogBlueprintUserMessages: [BP_Spider_C_5] -5.0
[2026.02.13-13.05.52:206][396]LogBlueprintUserMessages: [Gun_DMG_TEST_2] 835.0
[2026.02.13-13.05.53:756][489]LogBlueprintUserMessages: [BP_Spider_C_6] 85.0
[2026.02.13-13.05.54:722][547]LogBlueprintUserMessages: [BP_Spider_C_6] 70.0
[2026.02.13-13.05.54:805][552]LogBlueprintUserMessages: [BP_Spider_C_6] 55.0
[2026.02.13-13.05.54:873][556]LogBlueprintUserMessages: [BP_Spider_C_6] 40.0
[2026.02.13-13.05.54:956][561]LogBlueprintUserMessages: [BP_Spider_C_6] 25.0
[2026.02.13-13.05.55:039][566]LogBlueprintUserMessages: [BP_Spider_C_6] 10.0
[2026.02.13-13.05.55:122][571]LogBlueprintUserMessages: [BP_Spider_C_6] -5.0
[2026.02.13-13.05.57:639][722]LogBlueprintUserMessages: [BP_Spider_C_7] 85.0
[2026.02.13-13.05.57:889][737]LogBlueprintUserMessages: [BP_Spider_C_7] 70.0
[2026.02.13-13.05.57:957][741]LogBlueprintUserMessages: [BP_Spider_C_7] 55.0
[2026.02.13-13.05.58:039][746]LogBlueprintUserMessages: [BP_Spider_C_7] 40.0
[2026.02.13-13.05.58:123][751]LogBlueprintUserMessages: [BP_Spider_C_7] 25.0
[2026.02.13-13.05.58:524][775]LogBlueprintUserMessages: [BP_Spider_C_7] 10.0
[2026.02.13-13.05.59:156][813]LogBlueprintUserMessages: [BP_Spider_C_7] -5.0
[2026.02.13-13.06.00:773][910]LogBlueprintUserMessages: [BP_Spider_C_9] 85.0
[2026.02.13-13.06.00:840][914]LogBlueprintUserMessages: [BP_Spider_C_9] 70.0
[2026.02.13-13.06.01:173][934]LogBlueprintUserMessages: [BP_Spider_C_9] 55.0
[2026.02.13-13.06.01:240][938]LogBlueprintUserMessages: [BP_Spider_C_9] 40.0
[2026.02.13-13.06.01:323][943]LogBlueprintUserMessages: [BP_Spider_C_9] 25.0
[2026.02.13-13.06.01:407][948]LogBlueprintUserMessages: [BP_Spider_C_9] 10.0
[2026.02.13-13.06.01:491][953]LogBlueprintUserMessages: [BP_Spider_C_9] -5.0
[2026.02.13-13.06.01:573][958]LogBlueprintUserMessages: [BP_Spider_C_8] 85.0
[2026.02.13-13.06.01:639][962]LogBlueprintUserMessages: [BP_Spider_C_8] 70.0
[2026.02.13-13.06.01:722][967]LogBlueprintUserMessages: [BP_Spider_C_8] 55.0
[2026.02.13-13.06.02:040][986]LogBlueprintUserMessages: [BP_Spider_C_8] 40.0
[2026.02.13-13.06.02:690][ 25]LogBlueprintUserMessages: [BP_Spider_C_8] 25.0
[2026.02.13-13.06.02:773][ 30]LogBlueprintUserMessages: [BP_Spider_C_8] 10.0
[2026.02.13-13.06.02:841][ 34]LogBlueprintUserMessages: [BP_Spider_C_8] -5.0
[2026.02.13-13.06.08:191][355]LogBlueprintUserMessages: [BP_Spider_C_10] 85.0
[2026.02.13-13.06.08:675][384]LogBlueprintUserMessages: [BP_Spider_C_10] 70.0
[2026.02.13-13.06.08:757][389]LogBlueprintUserMessages: [BP_Spider_C_10] 55.0
[2026.02.13-13.06.08:841][394]LogBlueprintUserMessages: [BP_Spider_C_10] 40.0
[2026.02.13-13.06.08:909][398]LogBlueprintUserMessages: [BP_Spider_C_10] 25.0
[2026.02.13-13.06.08:991][403]LogBlueprintUserMessages: [BP_Spider_C_10] 10.0
[2026.02.13-13.06.09:074][408]LogBlueprintUserMessages: [BP_Spider_C_10] -5.0
[2026.02.13-13.06.09:559][437]LogBlueprintUserMessages: [BP_Spider_C_11] 85.0
[2026.02.13-13.06.09:958][461]LogBlueprintUserMessages: [BP_Spider_C_11] 70.0
[2026.02.13-13.06.10:041][466]LogBlueprintUserMessages: [BP_Spider_C_11] 55.0
[2026.02.13-13.06.10:108][470]LogBlueprintUserMessages: [BP_Spider_C_11] 40.0
[2026.02.13-13.06.10:192][475]LogBlueprintUserMessages: [BP_Spider_C_11] 25.0
[2026.02.13-13.06.10:274][480]LogBlueprintUserMessages: [BP_Spider_C_11] 10.0
[2026.02.13-13.06.10:358][485]LogBlueprintUserMessages: [BP_Spider_C_11] -5.0
[2026.02.13-13.06.12:509][614]LogBlueprintUserMessages: [BP_Spider_C_12] 85.0
[2026.02.13-13.06.13:159][653]LogBlueprintUserMessages: [BP_Spider_C_12] 70.0
[2026.02.13-13.06.13:242][658]LogBlueprintUserMessages: [BP_Spider_C_12] 55.0
[2026.02.13-13.06.13:308][662]LogBlueprintUserMessages: [BP_Spider_C_12] 40.0
[2026.02.13-13.06.13:391][667]LogBlueprintUserMessages: [BP_Spider_C_12] 25.0
[2026.02.13-13.06.13:475][672]LogBlueprintUserMessages: [BP_Spider_C_12] 10.0
[2026.02.13-13.06.13:559][677]LogBlueprintUserMessages: [BP_Spider_C_12] -5.0
[2026.02.13-13.06.16:192][835]LogBlueprintUserMessages: [BP_Spider_C_13] 85.0
[2026.02.13-13.06.16:276][840]LogBlueprintUserMessages: [BP_Spider_C_13] 70.0
[2026.02.13-13.06.16:359][845]LogBlueprintUserMessages: [BP_Spider_C_13] 55.0
[2026.02.13-13.06.16:443][850]LogBlueprintUserMessages: [BP_Spider_C_13] 40.0
[2026.02.13-13.06.16:510][854]LogBlueprintUserMessages: [BP_Spider_C_13] 25.0
[2026.02.13-13.06.16:593][859]LogBlueprintUserMessages: [BP_Spider_C_13] 10.0
[2026.02.13-13.06.16:676][864]LogBlueprintUserMessages: [BP_Spider_C_13] -5.0
[2026.02.13-13.06.18:509][974]LogBlueprintUserMessages: [BP_Spider_C_14] 85.0
[2026.02.13-13.06.18:593][979]LogBlueprintUserMessages: [BP_Spider_C_14] 70.0
[2026.02.13-13.06.18:676][984]LogBlueprintUserMessages: [BP_Spider_C_14] 55.0
[2026.02.13-13.06.18:761][989]LogBlueprintUserMessages: [BP_Spider_C_14] 40.0
[2026.02.13-13.06.18:828][993]LogBlueprintUserMessages: [BP_Spider_C_14] 25.0
[2026.02.13-13.06.18:911][998]LogBlueprintUserMessages: [BP_Spider_C_14] 10.0
[2026.02.13-13.06.18:995][  3]LogBlueprintUserMessages: [BP_Spider_C_14] -5.0
[2026.02.13-13.06.19:627][ 41]LogBlueprintUserMessages: [BP_Spider_C_15] 85.0
[2026.02.13-13.06.21:161][133]LogBlueprintUserMessages: [BP_Spider_C_15] 70.0
[2026.02.13-13.06.21:561][157]LogBlueprintUserMessages: [BP_Spider_C_15] 55.0
[2026.02.13-13.06.21:961][181]LogBlueprintUserMessages: [BP_Spider_C_15] 40.0
[2026.02.13-13.06.22:027][185]LogBlueprintUserMessages: [BP_Spider_C_15] 25.0
[2026.02.13-13.06.22:111][190]LogBlueprintUserMessages: [BP_Spider_C_15] 10.0
[2026.02.13-13.06.22:194][195]LogBlueprintUserMessages: [BP_Spider_C_15] -5.0
[2026.02.13-13.06.24:678][344]LogBlueprintUserMessages: [BP_Spider_C_16] 85.0
[2026.02.13-13.06.24:762][349]LogBlueprintUserMessages: [BP_Spider_C_16] 70.0
[2026.02.13-13.06.24:828][353]LogBlueprintUserMessages: [BP_Spider_C_16] 55.0
[2026.02.13-13.06.24:911][358]LogBlueprintUserMessages: [BP_Spider_C_16] 40.0
[2026.02.13-13.06.24:995][363]LogBlueprintUserMessages: [BP_Spider_C_16] 25.0
[2026.02.13-13.06.25:078][368]LogBlueprintUserMessages: [BP_Spider_C_16] 10.0
[2026.02.13-13.06.25:161][373]LogBlueprintUserMessages: [BP_Spider_C_16] -5.0
[2026.02.13-13.06.26:828][473]LogBlueprintUserMessages: [BP_Spider_C_18] 85.0
[2026.02.13-13.06.27:395][507]LogBlueprintUserMessages: [BP_Spider_C_17] 85.0
[2026.02.13-13.06.27:479][512]LogBlueprintUserMessages: [BP_Spider_C_17] 70.0
[2026.02.13-13.06.27:711][526]LogBlueprintUserMessages: [BP_Spider_C_18] 70.0
[2026.02.13-13.06.27:795][531]LogBlueprintUserMessages: [BP_Spider_C_18] 55.0
[2026.02.13-13.06.27:878][536]LogBlueprintUserMessages: [BP_Spider_C_18] 40.0
[2026.02.13-13.06.27:962][541]LogBlueprintUserMessages: [BP_Spider_C_18] 25.0
[2026.02.13-13.06.28:028][545]LogBlueprintUserMessages: [BP_Spider_C_18] 10.0
[2026.02.13-13.06.28:112][550]LogBlueprintUserMessages: [BP_Spider_C_18] -5.0
[2026.02.13-13.06.29:229][617]LogBlueprintUserMessages: [BP_Spider_C_17] 55.0
[2026.02.13-13.06.29:312][622]LogBlueprintUserMessages: [BP_Spider_C_17] 40.0
[2026.02.13-13.06.29:563][637]LogBlueprintUserMessages: [BP_Spider_C_17] 25.0
[2026.02.13-13.06.29:629][641]LogBlueprintUserMessages: [BP_Spider_C_17] 10.0
[2026.02.13-13.06.29:713][646]LogBlueprintUserMessages: [BP_Spider_C_17] -5.0
[2026.02.13-13.06.35:480][992]LogBlueprintUserMessages: [BP_Spider_C_19] 85.0
[2026.02.13-13.06.38:344][161]LogSlate: Updating window title bar state: overlay mode, drag disabled, window buttons hidden, title bar hidden
[2026.02.13-13.06.38:344][161]LogWorld: BeginTearingDown for /Game/Levels/UEDPIE_0_Main
[2026.02.13-13.06.38:344][161]LogWorld: UWorld::CleanupWorld for Main, bSessionEnded=true, bCleanupResources=true
[2026.02.13-13.06.38:345][161]LogSlate: InvalidateAllWidgets triggered.  All widgets were invalidated
[2026.02.13-13.06.38:361][161]LogPlayLevel: Display: Shutting down PIE online subsystems
[2026.02.13-13.06.38:363][161]LogSlate: InvalidateAllWidgets triggered.  All widgets were invalidated
[2026.02.13-13.06.38:372][161]LogAudio: Display: Audio Device unregistered from world 'None'.
[2026.02.13-13.06.38:372][161]LogAudioMixer: FMixerPlatformXAudio2::StopAudioStream() called
[2026.02.13-13.06.38:374][161]LogAudioMixer: FMixerPlatformXAudio2::StopAudioStream() called
[2026.02.13-13.06.38:376][161]LogSlate: Updating window title bar state: overlay mode, drag disabled, window buttons hidden, title bar hidden
[2026.02.13-13.06.38:379][161]LogUObjectHash: Compacting FUObjectHashTables data took   1.25ms
[2026.02.13-13.06.38:412][163]LogPlayLevel: Display: Destroying online subsystem :Context_4
[2026.02.13-13.06.42:729][422]Cmd: SELECT NONE
[2026.02.13-13.06.43:580][473]LogEditorViewport: Clicking on Actor (LMB): StaticMeshActor (Floor)
[2026.02.13-13.06.44:434][522]LogTemp: Repeating last play command: Selected Viewport
[2026.02.13-13.06.44:439][522]LogPlayLevel: PlayLevel: No blueprints needed recompiling
[2026.02.13-13.06.44:439][522]PIE: New page: PIE session: Main (13 lut 2026, 15:06:44)
[2026.02.13-13.06.44:462][522]LogPlayLevel: Creating play world package: /Game/Levels/UEDPIE_0_Main
[2026.02.13-13.06.44:467][522]LogPlayLevel: PIE: StaticDuplicateObject took: (0.004437s)
[2026.02.13-13.06.44:468][522]LogAIModule: Creating AISystem for world Main
[2026.02.13-13.06.44:469][522]LogPlayLevel: PIE: World Init took: (0.001587s)
[2026.02.13-13.06.44:469][522]LogPlayLevel: PIE: Created PIE world by copying editor world from /Game/Levels/Main.Main to /Game/Levels/UEDPIE_0_Main.Main (0.006188s)
[2026.02.13-13.06.44:474][522]LogUObjectHash: Compacting FUObjectHashTables data took   0.50ms
[2026.02.13-13.06.44:475][522]LogAudio: Display: Creating Audio Device:                 Id: 3, Scope: Unique, Realtime: True
[2026.02.13-13.06.44:475][522]LogAudioMixer: Display: Audio Mixer Platform Settings:
[2026.02.13-13.06.44:475][522]LogAudioMixer: Display: 	Sample Rate:						  48000
[2026.02.13-13.06.44:475][522]LogAudioMixer: Display: 	Callback Buffer Frame Size Requested: 1024
[2026.02.13-13.06.44:475][522]LogAudioMixer: Display: 	Callback Buffer Frame Size To Use:	  1024
[2026.02.13-13.06.44:475][522]LogAudioMixer: Display: 	Number of buffers to queue:			  2
[2026.02.13-13.06.44:475][522]LogAudioMixer: Display: 	Max Channels (voices):				  32
[2026.02.13-13.06.44:475][522]LogAudioMixer: Display: 	Number of Async Source Workers:		  0
[2026.02.13-13.06.44:475][522]LogAudio: Display: AudioDevice MaxSources: 32
[2026.02.13-13.06.44:475][522]LogAudio: Display: Audio Spatialization Plugin: None (built-in).
[2026.02.13-13.06.44:475][522]LogAudio: Display: Audio Reverb Plugin: None (built-in).
[2026.02.13-13.06.44:475][522]LogAudio: Display: Audio Occlusion Plugin: None (built-in).
[2026.02.13-13.06.44:475][522]LogAudioMixer: Display: Initializing audio mixer.
[2026.02.13-13.06.44:478][522]LogAudioMixer: Display: 0: FrontLeft
[2026.02.13-13.06.44:478][522]LogAudioMixer: Display: 1: FrontRight
[2026.02.13-13.06.44:491][522]LogAudioMixer: Display: Using Audio Device Speakers (USB Audio Device)
[2026.02.13-13.06.44:491][522]LogAudioMixer: Display: Initializing Sound Submixes...
[2026.02.13-13.06.44:491][522]LogAudioMixer: Display: Creating Master Submix 'MasterSubmixDefault'
[2026.02.13-13.06.44:491][522]LogAudioMixer: Display: Creating Master Submix 'MasterReverbSubmixDefault'
[2026.02.13-13.06.44:491][522]LogAudioMixer: Display: Creating Master Submix 'MasterEQSubmixDefault'
[2026.02.13-13.06.44:491][522]LogAudioMixer: FMixerPlatformXAudio2::StartAudioStream() called
[2026.02.13-13.06.44:491][522]LogAudioMixer: Display: Output buffers initialized: Frames=1024, Channels=2, Samples=2048
[2026.02.13-13.06.44:493][522]LogAudioMixer: Display: Starting AudioMixerPlatformInterface::RunInternal()
[2026.02.13-13.06.44:493][522]LogAudioMixer: Display: FMixerPlatformXAudio2::SubmitBuffer() called for the first time
[2026.02.13-13.06.44:493][522]LogInit: FAudioDevice initialized.
[2026.02.13-13.06.44:493][522]LogAudio: Display: Audio Device (ID: 3) registered with world 'Main'.
[2026.02.13-13.06.44:506][522]LogLoad: Game class is 'BP_GameMode_01_C'
[2026.02.13-13.06.44:509][522]LogWorld: Bringing World /Game/Levels/UEDPIE_0_Main.Main up for play (max tick rate 60) at 2026.02.13-14.06.44
[2026.02.13-13.06.44:509][522]LogWorld: Bringing up level for play took: 0.001844
[2026.02.13-13.06.44:509][522]LogOnline: OSS: Creating online subsystem instance for: :Context_7
[2026.02.13-13.06.44:515][522]PIE: Server logged in
[2026.02.13-13.06.44:516][522]PIE: Play in editor total start time 0,078 seconds.
[2026.02.13-13.06.44:785][538]LogBlueprintUserMessages: [Gun_DMG_TEST_2] 985.0
[2026.02.13-13.06.53:979][ 87]LogSlate: Updating window title bar state: overlay mode, drag disabled, window buttons hidden, title bar hidden
[2026.02.13-13.06.53:979][ 87]LogWorld: BeginTearingDown for /Game/Levels/UEDPIE_0_Main
[2026.02.13-13.06.53:979][ 87]LogWorld: UWorld::CleanupWorld for Main, bSessionEnded=true, bCleanupResources=true
[2026.02.13-13.06.53:981][ 87]LogSlate: InvalidateAllWidgets triggered.  All widgets were invalidated
[2026.02.13-13.06.53:995][ 87]LogPlayLevel: Display: Shutting down PIE online subsystems
[2026.02.13-13.06.54:017][ 87]LogSlate: InvalidateAllWidgets triggered.  All widgets were invalidated
[2026.02.13-13.06.54:027][ 87]LogSlate: Updating window title bar state: overlay mode, drag disabled, window buttons hidden, title bar hidden
[2026.02.13-13.06.54:027][ 87]LogAudioMixer: FMixerPlatformXAudio2::StopAudioStream() called
[2026.02.13-13.06.54:029][ 87]LogAudioMixer: FMixerPlatformXAudio2::StopAudioStream() called
[2026.02.13-13.06.54:035][ 87]LogUObjectHash: Compacting FUObjectHashTables data took   1.20ms
[2026.02.13-13.06.54:065][ 88]LogPlayLevel: Display: Destroying online subsystem :Context_7
[2026.02.13-13.06.54:732][128]LogTemp: Repeating last play command: Selected Viewport
[2026.02.13-13.06.54:738][128]LogPlayLevel: PlayLevel: No blueprints needed recompiling
[2026.02.13-13.06.54:738][128]PIE: New page: PIE session: Main (13 lut 2026, 15:06:54)
[2026.02.13-13.06.54:738][128]LogPlayLevel: Creating play world package: /Game/Levels/UEDPIE_0_Main
[2026.02.13-13.06.54:742][128]LogPlayLevel: PIE: StaticDuplicateObject took: (0.003182s)
[2026.02.13-13.06.54:742][128]LogAIModule: Creating AISystem for world Main
[2026.02.13-13.06.54:743][128]LogPlayLevel: PIE: World Init took: (0.000872s)
[2026.02.13-13.06.54:743][128]LogPlayLevel: PIE: Created PIE world by copying editor world from /Game/Levels/Main.Main to /Game/Levels/UEDPIE_0_Main.Main (0.004172s)
[2026.02.13-13.06.54:749][128]LogUObjectHash: Compacting FUObjectHashTables data took   0.75ms
[2026.02.13-13.06.54:750][128]LogAudio: Display: Creating Audio Device:                 Id: 4, Scope: Unique, Realtime: True
[2026.02.13-13.06.54:750][128]LogAudioMixer: Display: Audio Mixer Platform Settings:
[2026.02.13-13.06.54:750][128]LogAudioMixer: Display: 	Sample Rate:						  48000
[2026.02.13-13.06.54:750][128]LogAudioMixer: Display: 	Callback Buffer Frame Size Requested: 1024
[2026.02.13-13.06.54:750][128]LogAudioMixer: Display: 	Callback Buffer Frame Size To Use:	  1024
[2026.02.13-13.06.54:750][128]LogAudioMixer: Display: 	Number of buffers to queue:			  2
[2026.02.13-13.06.54:750][128]LogAudioMixer: Display: 	Max Channels (voices):				  32
[2026.02.13-13.06.54:750][128]LogAudioMixer: Display: 	Number of Async Source Workers:		  0
[2026.02.13-13.06.54:750][128]LogAudio: Display: AudioDevice MaxSources: 32
[2026.02.13-13.06.54:750][128]LogAudio: Display: Audio Spatialization Plugin: None (built-in).
[2026.02.13-13.06.54:750][128]LogAudio: Display: Audio Reverb Plugin: None (built-in).
[2026.02.13-13.06.54:750][128]LogAudio: Display: Audio Occlusion Plugin: None (built-in).
[2026.02.13-13.06.54:750][128]LogAudioMixer: Display: Initializing audio mixer.
[2026.02.13-13.06.54:753][128]LogAudioMixer: Display: 0: FrontLeft
[2026.02.13-13.06.54:753][128]LogAudioMixer: Display: 1: FrontRight
[2026.02.13-13.06.54:763][128]LogAudioMixer: Display: Using Audio Device Speakers (USB Audio Device)
[2026.02.13-13.06.54:763][128]LogAudioMixer: Display: Initializing Sound Submixes...
[2026.02.13-13.06.54:763][128]LogAudioMixer: Display: Creating Master Submix 'MasterSubmixDefault'
[2026.02.13-13.06.54:764][128]LogAudioMixer: Display: Creating Master Submix 'MasterReverbSubmixDefault'
[2026.02.13-13.06.54:764][128]LogAudioMixer: Display: Creating Master Submix 'MasterEQSubmixDefault'
[2026.02.13-13.06.54:764][128]LogAudioMixer: FMixerPlatformXAudio2::StartAudioStream() called
[2026.02.13-13.06.54:764][128]LogAudioMixer: Display: Output buffers initialized: Frames=1024, Channels=2, Samples=2048
[2026.02.13-13.06.54:765][128]LogAudioMixer: Display: Starting AudioMixerPlatformInterface::RunInternal()
[2026.02.13-13.06.54:765][128]LogAudioMixer: Display: FMixerPlatformXAudio2::SubmitBuffer() called for the first time
[2026.02.13-13.06.54:765][128]LogInit: FAudioDevice initialized.
[2026.02.13-13.06.54:765][128]LogAudio: Display: Audio Device (ID: 4) registered with world 'Main'.
[2026.02.13-13.06.54:777][128]LogLoad: Game class is 'BP_GameMode_01_C'
[2026.02.13-13.06.54:779][128]LogWorld: Bringing World /Game/Levels/UEDPIE_0_Main.Main up for play (max tick rate 60) at 2026.02.13-14.06.54
[2026.02.13-13.06.54:780][128]LogWorld: Bringing up level for play took: 0.001306
[2026.02.13-13.06.54:780][128]LogOnline: OSS: Creating online subsystem instance for: :Context_8
[2026.02.13-13.06.54:783][128]PIE: Server logged in
[2026.02.13-13.06.54:784][128]PIE: Play in editor total start time 0,047 seconds.
[2026.02.13-13.06.55:134][149]LogBlueprintUserMessages: [Gun_DMG_TEST_2] 985.0
[2026.02.13-13.06.57:750][306]LogBlueprintUserMessages: [BP_Spider_2] 85.0
[2026.02.13-13.06.57:833][311]LogBlueprintUserMessages: [BP_Spider_2] 70.0
[2026.02.13-13.06.57:917][316]LogBlueprintUserMessages: [BP_Spider_2] 55.0
[2026.02.13-13.06.57:999][321]LogBlueprintUserMessages: [BP_Spider_2] 40.0
[2026.02.13-13.06.58:083][326]LogBlueprintUserMessages: [BP_Spider_2] 25.0
[2026.02.13-13.06.58:150][330]LogBlueprintUserMessages: [BP_Spider_2] 10.0
[2026.02.13-13.06.58:233][335]LogBlueprintUserMessages: [BP_Spider_2] -5.0
[2026.02.13-13.07.05:337][761]LogBlueprintUserMessages: [BP_Spider_C_0] 85.0
[2026.02.13-13.07.05:417][766]LogBlueprintUserMessages: [BP_Spider_C_0] 70.0
[2026.02.13-13.07.05:501][771]LogBlueprintUserMessages: [BP_Spider_C_0] 55.0
[2026.02.13-13.07.05:583][776]LogBlueprintUserMessages: [BP_Spider_C_0] 40.0
[2026.02.13-13.07.05:668][781]LogBlueprintUserMessages: [BP_Spider_C_0] 25.0
[2026.02.13-13.07.05:734][785]LogBlueprintUserMessages: [BP_Spider_C_0] 10.0
[2026.02.13-13.07.05:817][790]LogBlueprintUserMessages: [BP_Spider_C_0] -5.0
[2026.02.13-13.07.07:735][905]LogBlueprintUserMessages: [BP_Spider_C_2] 85.0
[2026.02.13-13.07.07:817][910]LogBlueprintUserMessages: [BP_Spider_C_2] 70.0
[2026.02.13-13.07.07:902][915]LogBlueprintUserMessages: [BP_Spider_C_2] 55.0
[2026.02.13-13.07.07:985][920]LogBlueprintUserMessages: [BP_Spider_C_2] 40.0
[2026.02.13-13.07.08:068][925]LogBlueprintUserMessages: [BP_Spider_C_2] 25.0
[2026.02.13-13.07.08:135][929]LogBlueprintUserMessages: [BP_Spider_C_2] 10.0
[2026.02.13-13.07.08:218][934]LogBlueprintUserMessages: [BP_Spider_C_2] -5.0
[2026.02.13-13.07.08:823][968]LogSlate: Updating window title bar state: overlay mode, drag disabled, window buttons hidden, title bar hidden
[2026.02.13-13.07.08:823][968]LogWorld: BeginTearingDown for /Game/Levels/UEDPIE_0_Main
[2026.02.13-13.07.08:824][968]LogWorld: UWorld::CleanupWorld for Main, bSessionEnded=true, bCleanupResources=true
[2026.02.13-13.07.08:824][968]LogSlate: InvalidateAllWidgets triggered.  All widgets were invalidated
[2026.02.13-13.07.08:835][968]LogPlayLevel: Display: Shutting down PIE online subsystems
[2026.02.13-13.07.08:853][968]LogSlate: InvalidateAllWidgets triggered.  All widgets were invalidated
[2026.02.13-13.07.08:861][968]LogSlate: Updating window title bar state: overlay mode, drag disabled, window buttons hidden, title bar hidden
[2026.02.13-13.07.08:861][968]LogAudioMixer: FMixerPlatformXAudio2::StopAudioStream() called
[2026.02.13-13.07.08:862][968]LogAudioMixer: FMixerPlatformXAudio2::StopAudioStream() called
[2026.02.13-13.07.08:866][968]LogUObjectHash: Compacting FUObjectHashTables data took   0.66ms
[2026.02.13-13.07.08:884][969]LogPlayLevel: Display: Destroying online subsystem :Context_8
[2026.02.13-13.22.46:657][177]Cmd: OBJ SAVEPACKAGE PACKAGE="/Game/Levels/Main" FILE="../../../../../Repozytoria/UE 4.27/KZ_TopDownShooter/TopDownAC/Content/Levels/Main.umap" SILENT=true AUTOSAVING=false KEEPDIRTY=false
[2026.02.13-13.22.46:661][177]LogUObjectHash: Compacting FUObjectHashTables data took   0.64ms
[2026.02.13-13.22.46:672][177]LogSavePackage: Moving '../../../../../Repozytoria/UE 4.27/KZ_TopDownShooter/TopDownAC/Saved/Main6D4E699D4E166C18E61AD4A0B18920A5.tmp' to '../../../../../Repozytoria/UE 4.27/KZ_TopDownShooter/TopDownAC/Content/Levels/Main.umap'
[2026.02.13-13.22.46:713][177]AssetCheck: New page: Asset Save: Main
[2026.02.13-13.22.46:713][177]LogContentValidation: Display: Validating World /Game/Levels/Main.Main
[2026.02.13-13.22.48:144][263]LogUObjectHash: Compacting FUObjectHashTables data took   0.21ms
[2026.02.13-13.22.48:186][263]LogSlate: Window 'TopDownAC - Unreal Editor' being destroyed
[2026.02.13-13.22.48:291][264]Cmd: QUIT_EDITOR
[2026.02.13-13.22.48:291][264]LogCore: Engine exit requested (reason: UUnrealEdEngine::CloseEditor())
[2026.02.13-13.22.48:294][264]LogCore: Engine exit requested (reason: EngineExit() was called; note: exit was already requested)
[2026.02.13-13.22.49:229][264]LogAudio: Display: Beginning Audio Device Manager Shutdown (Module: AudioMixerXAudio2)...
[2026.02.13-13.22.49:229][264]LogAudio: Display: Destroying 1 Remaining Audio Device(s)...
[2026.02.13-13.22.49:229][264]LogAudio: Display: Audio Device unregistered from world 'Main'.
[2026.02.13-13.22.49:229][264]LogAudioMixer: FMixerPlatformXAudio2::StopAudioStream() called
[2026.02.13-13.22.49:230][264]LogAudioMixer: FMixerPlatformXAudio2::StopAudioStream() called
[2026.02.13-13.22.49:234][264]LogAudio: Display: Audio Device Manager Shutdown
[2026.02.13-13.22.49:237][264]LogExit: Preparing to exit.
[2026.02.13-13.22.49:748][264]LogUObjectHash: Compacting FUObjectHashTables data took   0.45ms
[2026.02.13-13.22.49:956][264]LogWorld: UWorld::CleanupWorld for World_0, bSessionEnded=true, bCleanupResources=true
[2026.02.13-13.22.49:956][264]LogWorld: UWorld::CleanupWorld for World_1, bSessionEnded=true, bCleanupResources=true
[2026.02.13-13.22.49:956][264]LogWorld: UWorld::CleanupWorld for World_2, bSessionEnded=true, bCleanupResources=true
[2026.02.13-13.22.49:957][264]LogWorld: UWorld::CleanupWorld for World_4, bSessionEnded=true, bCleanupResources=true
[2026.02.13-13.22.49:957][264]LogWorld: UWorld::CleanupWorld for World_3, bSessionEnded=true, bCleanupResources=true
[2026.02.13-13.22.49:980][264]LogDemo: Cleaned up 0 splitscreen connections with owner deletion
[2026.02.13-13.22.49:989][264]LogWorld: UWorld::CleanupWorld for None, bSessionEnded=true, bCleanupResources=true
[2026.02.13-13.22.49:989][264]LogExit: Editor shut down
[2026.02.13-13.22.49:990][264]LogExit: Transaction tracking system shut down
[2026.02.13-13.22.50:175][264]LogExit: Object subsystem successfully closed.
[2026.02.13-13.22.50:199][264]LogShaderCompilers: Display: === FShaderJobCache stats ===
[2026.02.13-13.22.50:199][264]LogShaderCompilers: Display: Total job queries 0, among them cache hits 0 (0.00%)
[2026.02.13-13.22.50:199][264]LogShaderCompilers: Display: Tracking 0 distinct input hashes that result in 0 distinct outputs (0.00%)
[2026.02.13-13.22.50:199][264]LogShaderCompilers: Display: RAM used: 0.00 MB (0.00 GB) of 1638.40 MB (1.60 GB) budget. Usage: 0.00%
[2026.02.13-13.22.50:199][264]LogShaderCompilers: Display: ================================================
[2026.02.13-13.22.50:209][264]LogShaderCompilers: Display: Shaders left to compile 0
[2026.02.13-13.22.50:219][264]LogModuleManager: Shutting down and abandoning module MovieSceneCapture (874)
[2026.02.13-13.22.50:219][264]LogModuleManager: Shutting down and abandoning module Voice (872)
[2026.02.13-13.22.50:219][264]LogModuleManager: Shutting down and abandoning module HierarchicalLODOutliner (870)
[2026.02.13-13.22.50:219][264]LogModuleManager: Shutting down and abandoning module AddContentDialog (868)
[2026.02.13-13.22.50:220][264]LogModuleManager: Shutting down and abandoning module WidgetCarousel (867)
[2026.02.13-13.22.50:220][264]LogModuleManager: Shutting down and abandoning module EditorWidgets (864)
[2026.02.13-13.22.50:220][264]LogModuleManager: Shutting down and abandoning module SceneOutliner (862)
[2026.02.13-13.22.50:220][264]LogModuleManager: Shutting down and abandoning module StatsViewer (860)
[2026.02.13-13.22.50:220][264]LogModuleManager: Shutting down and abandoning module PIEPreviewDeviceProfileSelector (858)
[2026.02.13-13.22.50:220][264]LogModuleManager: Shutting down and abandoning module SequenceRecorderSections (856)
[2026.02.13-13.22.50:220][264]LogModuleManager: Shutting down and abandoning module AutomationWorker (854)
[2026.02.13-13.22.50:220][264]LogModuleManager: Shutting down and abandoning module SteamVREditor (852)
[2026.02.13-13.22.50:220][264]LogModuleManager: Shutting down and abandoning module OculusMR (850)
[2026.02.13-13.22.50:220][264]LogModuleManager: Shutting down and abandoning module TakeRecorderSources (848)
[2026.02.13-13.22.50:220][264]LogModuleManager: Shutting down and abandoning module TakeRecorder (847)
[2026.02.13-13.22.50:220][264]LogModuleManager: Shutting down and abandoning module TakeTrackRecorders (844)
[2026.02.13-13.22.50:220][264]LogModuleManager: Shutting down and abandoning module TakesCore (842)
[2026.02.13-13.22.50:220][264]LogModuleManager: Shutting down and abandoning module OpenXRInput (840)
[2026.02.13-13.22.50:220][264]LogModuleManager: Shutting down and abandoning module GooglePADEditor (838)
[2026.02.13-13.22.50:220][264]LogModuleManager: Shutting down and abandoning module AudioCaptureEditor (836)
[2026.02.13-13.22.50:220][264]LogModuleManager: Shutting down and abandoning module ActorSequenceEditor (834)
[2026.02.13-13.22.50:220][264]LogModuleManager: Shutting down and abandoning module TemplateSequenceEditor (832)
[2026.02.13-13.22.50:220][264]LogModuleManager: Shutting down and abandoning module LevelSequenceEditor (830)
[2026.02.13-13.22.50:220][264]LogModuleManager: Shutting down and abandoning module MatineeToLevelSequence (828)
[2026.02.13-13.22.50:220][264]LogModuleManager: Shutting down and abandoning module WebMMediaFactory (826)
[2026.02.13-13.22.50:220][264]LogModuleManager: Shutting down and abandoning module WebMMediaEditor (824)
[2026.02.13-13.22.50:220][264]LogModuleManager: Shutting down and abandoning module WebMMedia (822)
[2026.02.13-13.22.50:220][264]LogModuleManager: Shutting down and abandoning module WmfMediaFactory (820)
[2026.02.13-13.22.50:220][264]LogModuleManager: Shutting down and abandoning module WmfMediaEditor (818)
[2026.02.13-13.22.50:220][264]LogModuleManager: Shutting down and abandoning module MediaPlayerEditor (816)
[2026.02.13-13.22.50:220][264]LogModuleManager: Shutting down and abandoning module AvfMediaFactory (814)
[2026.02.13-13.22.50:220][264]LogModuleManager: Shutting down and abandoning module AvfMediaEditor (812)
[2026.02.13-13.22.50:220][264]LogModuleManager: Shutting down and abandoning module OpenExrWrapper (810)
[2026.02.13-13.22.50:220][264]LogModuleManager: Shutting down and abandoning module ImgMediaFactory (808)
[2026.02.13-13.22.50:220][264]LogModuleManager: Shutting down and abandoning module ImgMediaEditor (806)
[2026.02.13-13.22.50:220][264]LogModuleManager: Shutting down and abandoning module MediaCompositingEditor (804)
[2026.02.13-13.22.50:220][264]LogModuleManager: Shutting down and abandoning module SequenceRecorder (803)
[2026.02.13-13.22.50:220][264]LogModuleManager: Shutting down and abandoning module AndroidMediaFactory (800)
[2026.02.13-13.22.50:220][264]LogModuleManager: Shutting down and abandoning module AndroidMediaEditor (798)
[2026.02.13-13.22.50:220][264]LogModuleManager: Shutting down and abandoning module MagicLeapMediaCodecFactory (796)
[2026.02.13-13.22.50:220][264]LogModuleManager: Shutting down and abandoning module MagicLeapMediaFactory (794)
[2026.02.13-13.22.50:220][264]LogModuleManager: Shutting down and abandoning module MagicLeapMediaEditor (792)
[2026.02.13-13.22.50:220][264]LogModuleManager: Shutting down and abandoning module PlanarCut (790)
[2026.02.13-13.22.50:220][264]LogModuleManager: Shutting down and abandoning module CharacterAI (788)
[2026.02.13-13.22.50:220][264]LogModuleManager: Shutting down and abandoning module TextureAlignMode (786)
[2026.02.13-13.22.50:220][264]LogModuleManager: Shutting down and abandoning module BspMode (784)
[2026.02.13-13.22.50:220][264]LogModuleManager: Shutting down and abandoning module GeometryMode (782)
[2026.02.13-13.22.50:220][264]LogModuleManager: Shutting down and abandoning module CameraShakePreviewer (780)
[2026.02.13-13.22.50:220][264]LogModuleManager: Shutting down and abandoning module SmartSnapping (778)
[2026.02.13-13.22.50:220][264]LogModuleManager: Shutting down and abandoning module SessionServices (776)
[2026.02.13-13.22.50:220][264]LogModuleManager: Shutting down and abandoning module MeshPaint (774)
[2026.02.13-13.22.50:221][264]LogModuleManager: Shutting down and abandoning module VirtualTexturingEditor (772)
[2026.02.13-13.22.50:221][264]LogModuleManager: Shutting down and abandoning module FoliageEdit (770)
[2026.02.13-13.22.50:221][264]LogModuleManager: Shutting down and abandoning module LandscapeEditor (768)
[2026.02.13-13.22.50:221][264]LogModuleManager: Shutting down and abandoning module MeshPaintMode (766)
[2026.02.13-13.22.50:221][264]LogModuleManager: Shutting down and abandoning module SceneDepthPickerMode (764)
[2026.02.13-13.22.50:221][264]LogModuleManager: Shutting down and abandoning module ActorPickerMode (762)
[2026.02.13-13.22.50:221][264]LogModuleManager: Shutting down and abandoning module PlacementMode (760)
[2026.02.13-13.22.50:221][264]LogModuleManager: Shutting down and abandoning module ViewportSnapping (758)
[2026.02.13-13.22.50:221][264]LogModuleManager: Shutting down and abandoning module ViewportInteraction (756)
[2026.02.13-13.22.50:221][264]LogModuleManager: Shutting down and abandoning module ClothPainter (754)
[2026.02.13-13.22.50:221][264]LogModuleManager: Shutting down and abandoning module SkeletalMeshEditor (753)
[2026.02.13-13.22.50:221][264]LogModuleManager: Shutting down and abandoning module LogVisualizer (750)
[2026.02.13-13.22.50:221][264]LogModuleManager: Shutting down and abandoning module IntroTutorials (748)
[2026.02.13-13.22.50:221][264]LogModuleManager: Shutting down and abandoning module GameProjectGeneration (747)
[2026.02.13-13.22.50:221][264]LogModuleManager: Shutting down and abandoning module LuminPlatformEditor (744)
[2026.02.13-13.22.50:221][264]LogModuleManager: Shutting down and abandoning module IOSPlatformEditor (742)
[2026.02.13-13.22.50:221][264]LogModuleManager: Shutting down and abandoning module AndroidPlatformEditor (740)
[2026.02.13-13.22.50:221][264]LogModuleManager: Shutting down and abandoning module AndroidDeviceDetection (739)
[2026.02.13-13.22.50:947][264]LogModuleManager: Shutting down and abandoning module WindowsPlatformEditor (736)
[2026.02.13-13.22.50:948][264]LogModuleManager: Shutting down and abandoning module LuminRuntimeSettings (734)
[2026.02.13-13.22.50:948][264]LogModuleManager: Shutting down and abandoning module IOSRuntimeSettings (732)
[2026.02.13-13.22.50:948][264]LogModuleManager: Shutting down and abandoning module AndroidRuntimeSettings (730)
[2026.02.13-13.22.50:948][264]LogModuleManager: Shutting down and abandoning module TraceInsights (728)
[2026.02.13-13.22.50:948][264]MemoryProfiler: Shutdown
[2026.02.13-13.22.50:948][264]NetworkingProfiler: Shutdown
[2026.02.13-13.22.50:948][264]LoadingProfiler: Shutdown
[2026.02.13-13.22.50:948][264]TimingProfiler: Shutdown
[2026.02.13-13.22.50:948][264]LogModuleManager: Shutting down and abandoning module TraceServices (727)
[2026.02.13-13.22.50:948][264]LogModuleManager: Shutting down and abandoning module EditorInteractiveToolsFramework (724)
[2026.02.13-13.22.50:948][264]LogModuleManager: Shutting down and abandoning module TimeManagementEditor (722)
[2026.02.13-13.22.50:948][264]LogModuleManager: Shutting down and abandoning module InputBindingEditor (720)
[2026.02.13-13.22.50:948][264]LogModuleManager: Shutting down and abandoning module MergeActors (718)
[2026.02.13-13.22.50:948][264]LogModuleManager: Shutting down and abandoning module LocalizationDashboard (716)
[2026.02.13-13.22.50:948][264]LogModuleManager: Shutting down and abandoning module LocalizationService (715)
[2026.02.13-13.22.50:948][264]LogModuleManager: Shutting down and abandoning module HardwareTargeting (712)
[2026.02.13-13.22.50:948][264]LogModuleManager: Shutting down and abandoning module DeviceProfileEditor (710)
[2026.02.13-13.22.50:948][264]LogModuleManager: Shutting down and abandoning module UndoHistory (708)
[2026.02.13-13.22.50:948][264]LogModuleManager: Shutting down and abandoning module XmlParser (706)
[2026.02.13-13.22.50:948][264]LogModuleManager: Shutting down and abandoning module Blutility (704)
[2026.02.13-13.22.50:948][264]LogModuleManager: Shutting down and abandoning module ProjectSettingsViewer (702)
[2026.02.13-13.22.50:948][264]LogModuleManager: Shutting down and abandoning module ProjectTargetPlatformEditor (701)
[2026.02.13-13.22.50:948][264]LogModuleManager: Shutting down and abandoning module EditorSettingsViewer (698)
[2026.02.13-13.22.50:948][264]LogModuleManager: Shutting down and abandoning module InternationalizationSettings (697)
[2026.02.13-13.22.50:948][264]LogModuleManager: Shutting down and abandoning module SettingsEditor (694)
[2026.02.13-13.22.50:948][264]LogModuleManager: Shutting down and abandoning module ProjectLauncher (692)
[2026.02.13-13.22.50:948][264]LogModuleManager: Shutting down and abandoning module SessionFrontend (690)
[2026.02.13-13.22.50:948][264]LogModuleManager: Shutting down and abandoning module ProfilerClient (688)
[2026.02.13-13.22.50:948][264]LogModuleManager: Shutting down and abandoning module DeviceManager (686)
[2026.02.13-13.22.50:948][264]LogModuleManager: Shutting down and abandoning module TargetDeviceServices (685)
[2026.02.13-13.22.50:984][264]LogModuleManager: Shutting down and abandoning module AutomationController (682)
[2026.02.13-13.22.50:984][264]LogModuleManager: Shutting down and abandoning module AutomationWindow (680)
[2026.02.13-13.22.50:984][264]LogModuleManager: Shutting down and abandoning module Layers (678)
[2026.02.13-13.22.50:984][264]LogModuleManager: Shutting down and abandoning module ComponentVisualizers (676)
[2026.02.13-13.22.50:984][264]LogModuleManager: Shutting down and abandoning module DetailCustomizations (674)
[2026.02.13-13.22.50:984][264]LogModuleManager: Shutting down and abandoning module PackagesDialog (672)
[2026.02.13-13.22.50:984][264]LogModuleManager: Shutting down and abandoning module AnimationBlueprintEditor (670)
[2026.02.13-13.22.50:984][264]LogModuleManager: Shutting down and abandoning module Persona (668)
[2026.02.13-13.22.50:984][264]LogModuleManager: Shutting down and abandoning module AdvancedPreviewScene (667)
[2026.02.13-13.22.50:984][264]LogModuleManager: Shutting down and abandoning module AnimGraph (665)
[2026.02.13-13.22.50:984][264]LogModuleManager: Shutting down and abandoning module Kismet (662)
[2026.02.13-13.22.50:985][264]LogModuleManager: Shutting down and abandoning module KismetWidgets (661)
[2026.02.13-13.22.50:985][264]LogModuleManager: Shutting down and abandoning module GraphEditor (658)
[2026.02.13-13.22.50:985][264]LogModuleManager: Shutting down and abandoning module StructViewer (656)
[2026.02.13-13.22.50:985][264]LogModuleManager: Shutting down and abandoning module ClassViewer (654)
[2026.02.13-13.22.50:985][264]LogModuleManager: Shutting down and abandoning module Toolbox (652)
[2026.02.13-13.22.50:985][264]LogModuleManager: Shutting down and abandoning module ModuleUI (650)
[2026.02.13-13.22.50:985][264]LogModuleManager: Shutting down and abandoning module OutputLog (648)
[2026.02.13-13.22.50:986][264]LogModuleManager: Shutting down and abandoning module GammaUI (646)
[2026.02.13-13.22.50:986][264]LogModuleManager: Shutting down and abandoning module Documentation (644)
[2026.02.13-13.22.50:986][264]LogModuleManager: Shutting down and abandoning module LiveCoding (642)
[2026.02.13-13.22.50:986][264]LogModuleManager: Shutting down and abandoning module LevelSequence (640)
[2026.02.13-13.22.50:986][264]LogModuleManager: Shutting down and abandoning module MovieSceneTracks (638)
[2026.02.13-13.22.50:986][264]LogModuleManager: Shutting down and abandoning module MovieScene (636)
[2026.02.13-13.22.50:986][264]LogModuleManager: Shutting down and abandoning module StreamingPauseRendering (634)
[2026.02.13-13.22.50:986][264]LogModuleManager: Shutting down and abandoning module LauncherPlatform (632)
[2026.02.13-13.22.50:986][264]LogModuleManager: Shutting down and abandoning module AnalyticsET (630)
[2026.02.13-13.22.50:986][264]LogModuleManager: Shutting down and abandoning module PortalServices (628)
[2026.02.13-13.22.50:986][264]LogModuleManager: Shutting down and abandoning module PortalRpc (626)
[2026.02.13-13.22.50:986][264]LogModuleManager: Shutting down and abandoning module MessagingRpc (624)
[2026.02.13-13.22.50:986][264]LogModuleManager: Shutting down and abandoning module AudioMixerXAudio2 (622)
[2026.02.13-13.22.50:986][264]LogModuleManager: Shutting down and abandoning module AudioMixerCore (621)
[2026.02.13-13.22.50:986][264]LogModuleManager: Shutting down and abandoning module AIModule (618)
[2026.02.13-13.22.50:986][264]LogModuleManager: Shutting down and abandoning module GameplayDebugger (617)
[2026.02.13-13.22.50:986][264]LogModuleManager: Shutting down and abandoning module AITestSuite (615)
[2026.02.13-13.22.50:987][264]LogModuleManager: Shutting down and abandoning module NavigationSystem (613)
[2026.02.13-13.22.50:987][264]LogModuleManager: Shutting down and abandoning module ImageWriteQueue (610)
[2026.02.13-13.22.50:998][264]LogModuleManager: Shutting down and abandoning module ProfilerService (608)
[2026.02.13-13.22.51:246][264]LogModuleManager: Shutting down and abandoning module TaskGraph (606)
[2026.02.13-13.22.51:246][264]LogModuleManager: Shutting down and abandoning module AudioSynesthesiaEditor (604)
[2026.02.13-13.22.51:246][264]LogModuleManager: Shutting down and abandoning module OculusEditor (602)
[2026.02.13-13.22.51:246][264]LogModuleManager: Shutting down and abandoning module OculusInput (600)
[2026.02.13-13.22.51:246][264]LogModuleManager: Shutting down and abandoning module ContentBrowserAssetDataSource (598)
[2026.02.13-13.22.51:246][264]LogModuleManager: Shutting down and abandoning module ContentBrowserClassDataSource (596)
[2026.02.13-13.22.51:246][264]LogModuleManager: Shutting down and abandoning module CollectionManager (595)
[2026.02.13-13.22.51:247][264]LogModuleManager: Shutting down and abandoning module ContentBrowserFileDataSource (592)
[2026.02.13-13.22.51:247][264]LogModuleManager: Shutting down and abandoning module TakeSequencer (590)
[2026.02.13-13.22.51:247][264]LogModuleManager: Shutting down and abandoning module TakeMovieScene (588)
[2026.02.13-13.22.51:247][264]LogModuleManager: Shutting down and abandoning module SynthesisEditor (586)
[2026.02.13-13.22.51:247][264]LogModuleManager: Shutting down and abandoning module Synthesis (584)
[2026.02.13-13.22.51:247][264]LogModuleManager: Shutting down and abandoning module ProceduralMeshComponentEditor (582)
[2026.02.13-13.22.51:247][264]LogModuleManager: Shutting down and abandoning module ProceduralMeshComponent (580)
[2026.02.13-13.22.51:247][264]LogModuleManager: Shutting down and abandoning module ScreenshotTools (578)
[2026.02.13-13.22.51:247][264]LogModuleManager: Shutting down and abandoning module OpenXREditor (576)
[2026.02.13-13.22.51:247][264]LogModuleManager: Shutting down and abandoning module MobilePatchingUtils (574)
[2026.02.13-13.22.51:247][264]LogModuleManager: Shutting down and abandoning module GooglePAD (572)
[2026.02.13-13.22.51:247][264]LogModuleManager: Shutting down and abandoning module CableComponent (570)
[2026.02.13-13.22.51:247][264]LogModuleManager: Shutting down and abandoning module EditableMesh (568)
[2026.02.13-13.22.51:247][264]LogModuleManager: Shutting down and abandoning module CustomMeshComponent (566)
[2026.02.13-13.22.51:247][264]LogModuleManager: Shutting down and abandoning module AudioCapture (564)
[2026.02.13-13.22.51:247][264]LogModuleManager: Shutting down and abandoning module AudioCaptureRtAudio (563)
[2026.02.13-13.22.51:247][264]LogModuleManager: Shutting down and abandoning module AssetTags (560)
[2026.02.13-13.22.51:247][264]LogModuleManager: Shutting down and abandoning module ArchVisCharacter (558)
[2026.02.13-13.22.51:247][264]LogModuleManager: Shutting down and abandoning module AppleImageUtilsBlueprintSupport (556)
[2026.02.13-13.22.51:247][264]LogModuleManager: Shutting down and abandoning module AppleImageUtils (554)
[2026.02.13-13.22.51:247][264]LogModuleManager: Shutting down and abandoning module ActorLayerUtilitiesEditor (552)
[2026.02.13-13.22.51:247][264]LogModuleManager: Shutting down and abandoning module ActorLayerUtilities (550)
[2026.02.13-13.22.51:247][264]LogModuleManager: Shutting down and abandoning module AndroidPermission (548)
[2026.02.13-13.22.51:247][264]LogModuleManager: Shutting down and abandoning module TemplateSequence (546)
[2026.02.13-13.22.51:247][264]LogModuleManager: Shutting down and abandoning module ImgMedia (544)
[2026.02.13-13.22.51:247][264]LogModuleManager: Shutting down and abandoning module MediaCompositing (542)
[2026.02.13-13.22.51:247][264]LogModuleManager: Shutting down and abandoning module MagicLeapSharedWorld (540)
[2026.02.13-13.22.51:247][264]LogModuleManager: Shutting down and abandoning module MagicLeapLightEstimation (538)
[2026.02.13-13.22.51:247][264]LogModuleManager: Shutting down and abandoning module MagicLeapHelperVulkan (536)
[2026.02.13-13.22.51:247][264]LogModuleManager: Shutting down and abandoning module MagicLeapHelperOpenGL (534)
[2026.02.13-13.22.51:247][264]LogModuleManager: Shutting down and abandoning module MagicLeapAudio (532)
[2026.02.13-13.22.51:247][264]LogModuleManager: Shutting down and abandoning module MotoSynthEditor (530)
[2026.02.13-13.22.51:247][264]LogModuleManager: Shutting down and abandoning module MotoSynth (528)
[2026.02.13-13.22.51:247][264]LogModuleManager: Shutting down and abandoning module OpenImageDenoise (526)
[2026.02.13-13.22.51:247][264]LogOpenImageDenoise: OIDN shutting down
[2026.02.13-13.22.51:247][264]LogModuleManager: Shutting down and abandoning module MeshConversion (524)
[2026.02.13-13.22.51:247][264]LogModuleManager: Shutting down and abandoning module DynamicMesh (522)
[2026.02.13-13.22.51:247][264]LogModuleManager: Shutting down and abandoning module GeometryAlgorithms (520)
[2026.02.13-13.22.51:247][264]LogModuleManager: Shutting down and abandoning module GeometricObjects (518)
[2026.02.13-13.22.51:247][264]LogModuleManager: Shutting down and abandoning module GeometryCollectionTracks (516)
[2026.02.13-13.22.51:247][264]LogModuleManager: Shutting down and abandoning module GeometryCollectionSequencer (515)
[2026.02.13-13.22.51:247][264]LogModuleManager: Shutting down and abandoning module GeometryCollectionEditor (512)
[2026.02.13-13.22.51:247][264]LogModuleManager: Shutting down and abandoning module GeometryCacheTracks (510)
[2026.02.13-13.22.51:247][264]LogModuleManager: Shutting down and abandoning module GeometryCacheStreamer (508)
[2026.02.13-13.22.51:247][264]LogModuleManager: Shutting down and abandoning module GeometryCacheSequencer (506)
[2026.02.13-13.22.51:247][264]LogModuleManager: Shutting down and abandoning module NiagaraEditorWidgets (504)
[2026.02.13-13.22.51:247][264]LogModuleManager: Shutting down and abandoning module VariantManagerContentEditor (502)
[2026.02.13-13.22.51:247][264]LogModuleManager: Shutting down and abandoning module ChaosSolverEditor (500)
[2026.02.13-13.22.51:248][264]LogModuleManager: Shutting down and abandoning module ChaosNiagara (498)
[2026.02.13-13.22.51:248][264]LogModuleManager: Shutting down and abandoning module DatasmithContentEditor (496)
[2026.02.13-13.22.51:248][264]LogModuleManager: Shutting down and abandoning module FractureEditor (494)
[2026.02.13-13.22.51:248][264]LogModuleManager: Shutting down and abandoning module FieldSystemEngine (493)
[2026.02.13-13.22.51:248][264]LogModuleManager: Shutting down and abandoning module ChaosClothEditor (490)
[2026.02.13-13.22.51:248][264]LogModuleManager: Shutting down and abandoning module BackChannel (488)
[2026.02.13-13.22.51:248][264]LogModuleManager: Shutting down and abandoning module AutomationUtilsEditor (486)
[2026.02.13-13.22.51:248][264]LogModuleManager: Shutting down and abandoning module AutomationUtils (484)
[2026.02.13-13.22.51:248][264]LogModuleManager: Shutting down and abandoning module AlembicImporter (482)
[2026.02.13-13.22.51:248][264]LogModuleManager: Shutting down and abandoning module AlembicLibrary (481)
[2026.02.13-13.22.51:248][264]LogModuleManager: Shutting down and abandoning module GeometryCache (480)
[2026.02.13-13.22.51:248][264]LogModuleManager: Shutting down and abandoning module GeometryCacheEd (479)
[2026.02.13-13.22.51:248][264]LogModuleManager: Shutting down and abandoning module VisualStudioSourceCodeAccess (474)
[2026.02.13-13.22.51:248][264]LogModuleManager: Shutting down and abandoning module SpeedTreeImporter (472)
[2026.02.13-13.22.51:248][264]LogModuleManager: Shutting down and abandoning module VisualStudioCodeSourceCodeAccess (470)
[2026.02.13-13.22.51:248][264]LogModuleManager: Shutting down and abandoning module UObjectPlugin (468)
[2026.02.13-13.22.51:248][264]LogModuleManager: Shutting down and abandoning module SubversionSourceControl (466)
[2026.02.13-13.22.51:248][264]LogModuleManager: Shutting down and abandoning module RiderSourceCodeAccess (464)
[2026.02.13-13.22.51:248][264]LogModuleManager: Shutting down and abandoning module PluginUtils (462)
[2026.02.13-13.22.51:248][264]LogModuleManager: Shutting down and abandoning module PlasticSourceControl (460)
[2026.02.13-13.22.51:248][264]LogModuleManager: Shutting down and abandoning module PerforceSourceControl (458)
[2026.02.13-13.22.51:248][264]LogModuleManager: Shutting down and abandoning module GitSourceControl (456)
[2026.02.13-13.22.51:248][264]LogModuleManager: Shutting down and abandoning module SourceControl (455)
[2026.02.13-13.22.51:248][264]LogModuleManager: Shutting down and abandoning module PluginBrowser (452)
[2026.02.13-13.22.51:248][264]LogModuleManager: Shutting down and abandoning module CLionSourceCodeAccess (450)
[2026.02.13-13.22.51:248][264]LogModuleManager: Shutting down and abandoning module MobileLauncherProfileWizard (448)
[2026.02.13-13.22.51:248][264]LogModuleManager: Shutting down and abandoning module MaterialAnalyzer (446)
[2026.02.13-13.22.51:248][264]LogModuleManager: Shutting down and abandoning module AnimationSharingEd (444)
[2026.02.13-13.22.51:248][264]LogModuleManager: Shutting down and abandoning module CurveEditorTools (442)
[2026.02.13-13.22.51:248][264]LogModuleManager: Shutting down and abandoning module CryptoKeysOpenSSL (440)
[2026.02.13-13.22.51:248][264]LogModuleManager: Shutting down and abandoning module CryptoKeys (438)
[2026.02.13-13.22.51:248][264]LogModuleManager: Shutting down and abandoning module OodleNetworkHandlerComponent (436)
[2026.02.13-13.22.51:248][264]LogModuleManager: Shutting down and abandoning module LiveLinkSequencer (434)
[2026.02.13-13.22.51:248][264]LogModuleManager: Shutting down and abandoning module LiveLinkMovieScene (432)
[2026.02.13-13.22.51:248][264]LogModuleManager: Shutting down and abandoning module LiveLinkGraphNode (430)
[2026.02.13-13.22.51:248][264]LogModuleManager: Shutting down and abandoning module LiveLinkEditor (428)
[2026.02.13-13.22.51:248][264]LogModuleManager: Shutting down and abandoning module LiveLinkComponents (426)
[2026.02.13-13.22.51:248][264]LogModuleManager: Shutting down and abandoning module LiveLink (424)
[2026.02.13-13.22.51:873][264]LogModuleManager: Shutting down and abandoning module LightPropagationVolumeEditor (422)
[2026.02.13-13.22.51:873][264]LogModuleManager: Shutting down and abandoning module PaperTiledImporter (420)
[2026.02.13-13.22.51:873][264]LogModuleManager: Shutting down and abandoning module PaperSpriteSheetImporter (418)
[2026.02.13-13.22.51:873][264]LogModuleManager: Shutting down and abandoning module Paper2DEditor (416)
[2026.02.13-13.22.51:873][264]LogModuleManager: Shutting down and abandoning module MeshPaintingToolset (414)
[2026.02.13-13.22.51:873][264]LogModuleManager: Shutting down and abandoning module MeshPaintEditorMode (412)
[2026.02.13-13.22.51:873][264]LogModuleManager: Shutting down and abandoning module SoundFields (410)
[2026.02.13-13.22.51:873][264]LogModuleManager: Shutting down and abandoning module RuntimePhysXCooking (408)
[2026.02.13-13.22.51:873][264]LogModuleManager: Shutting down and abandoning module SignificanceManager (406)
[2026.02.13-13.22.51:873][264]LogModuleManager: Shutting down and abandoning module PropertyAccessEditor (404)
[2026.02.13-13.22.51:873][264]LogModuleManager: Shutting down and abandoning module PhysXVehiclesEditor (402)
[2026.02.13-13.22.51:873][264]LogModuleManager: Shutting down and abandoning module LocationServicesBPLibrary (398)
[2026.02.13-13.22.51:873][264]LogModuleManager: Shutting down and abandoning module AudioSynesthesia (396)
[2026.02.13-13.22.51:873][264]LogModuleManager: Shutting down and abandoning module AudioSynesthesiaCore (394)
[2026.02.13-13.22.51:873][264]LogModuleManager: Shutting down and abandoning module ActorSequence (392)
[2026.02.13-13.22.51:873][264]LogModuleManager: Shutting down and abandoning module UdpMessaging (390)
[2026.02.13-13.22.51:974][264]LogModuleManager: Shutting down and abandoning module TcpMessaging (388)
[2026.02.13-13.22.52:074][264]LogModuleManager: Shutting down and abandoning module ImgMediaEngine (386)
[2026.02.13-13.22.52:074][264]LogModuleManager: Shutting down and abandoning module MagicLeapARPin (384)
[2026.02.13-13.22.52:074][264]LogModuleManager: Shutting down and abandoning module MagicLeapHandMeshing (382)
[2026.02.13-13.22.52:074][264]LogModuleManager: Shutting down and abandoning module MagicLeapSecureStorage (380)
[2026.02.13-13.22.52:074][264]LogModuleManager: Shutting down and abandoning module MagicLeapPrivileges (378)
[2026.02.13-13.22.52:074][264]LogModuleManager: Shutting down and abandoning module MagicLeapPlanes (376)
[2026.02.13-13.22.52:074][264]LogMagicLeapPlanes: Planes tracker already destroyed.
[2026.02.13-13.22.52:074][264]LogModuleManager: Shutting down and abandoning module MagicLeapImageTracker (374)
[2026.02.13-13.22.52:074][264]LogModuleManager: Shutting down and abandoning module MagicLeapIdentity (372)
[2026.02.13-13.22.52:074][264]LogModuleManager: Shutting down and abandoning module MagicLeapHandTracking (370)
[2026.02.13-13.22.52:074][264]LogModuleManager: Shutting down and abandoning module MagicLeapEyeTracker (368)
[2026.02.13-13.22.52:074][264]LogModuleManager: Shutting down and abandoning module MagicLeapController (366)
[2026.02.13-13.22.52:074][264]LogModuleManager: Shutting down and abandoning module MagicLeapARPinImpl (364)
[2026.02.13-13.22.52:074][264]LogModuleManager: Shutting down and abandoning module MagicLeapAR (362)
[2026.02.13-13.22.52:074][264]LogModuleManager: Shutting down and abandoning module PythonScriptPlugin (360)
[2026.02.13-13.22.52:074][264]LogModuleManager: Shutting down and abandoning module NiagaraAnimNotifies (358)
[2026.02.13-13.22.52:074][264]LogModuleManager: Shutting down and abandoning module Niagara (356)
[2026.02.13-13.22.52:074][264]LogModuleManager: Shutting down and abandoning module SignalProcessing (355)
[2026.02.13-13.22.52:074][264]LogModuleManager: Shutting down and abandoning module NiagaraEditor (353)
[2026.02.13-13.22.52:075][264]LogModuleManager: Shutting down and abandoning module NiagaraCore (350)
[2026.02.13-13.22.52:075][264]LogModuleManager: Shutting down and abandoning module PropertyAccessNode (348)
[2026.02.13-13.22.52:075][264]LogModuleManager: Shutting down and abandoning module AnimationSharing (346)
[2026.02.13-13.22.52:075][264]LogModuleManager: Shutting down and abandoning module GameplayTagsEditor (344)
[2026.02.13-13.22.52:075][264]LogModuleManager: Shutting down and abandoning module FacialAnimationEditor (342)
[2026.02.13-13.22.52:075][264]LogModuleManager: Shutting down and abandoning module FacialAnimation (340)
[2026.02.13-13.22.52:075][264]LogModuleManager: Shutting down and abandoning module DataValidation (338)
[2026.02.13-13.22.52:075][264]LogModuleManager: Shutting down and abandoning module AssetManagerEditor (336)
[2026.02.13-13.22.52:075][264]LogModuleManager: Shutting down and abandoning module LevelEditor (335)
[2026.02.13-13.22.52:076][264]LogModuleManager: Shutting down and abandoning module PixelInspectorModule (334)
[2026.02.13-13.22.52:076][264]LogModuleManager: Shutting down and abandoning module CommonMenuExtensions (332)
[2026.02.13-13.22.52:077][264]LogModuleManager: Shutting down and abandoning module MainFrame (330)
[2026.02.13-13.22.52:077][264]LogModuleManager: Shutting down and abandoning module HotReload (329)
[2026.02.13-13.22.52:077][264]LogModuleManager: Shutting down and abandoning module ToolMenus (325)
[2026.02.13-13.22.52:077][264]LogModuleManager: Shutting down and abandoning module ContentBrowser (323)
[2026.02.13-13.22.52:077][264]LogModuleManager: Shutting down and abandoning module ContentBrowserData (322)
[2026.02.13-13.22.52:077][264]LogModuleManager: Shutting down and abandoning module TreeMap (319)
[2026.02.13-13.22.52:077][264]LogModuleManager: Shutting down and abandoning module GameplayCameras (316)
[2026.02.13-13.22.52:077][264]LogModuleManager: Shutting down and abandoning module LightPropagationVolumeRuntime (314)
[2026.02.13-13.22.52:077][264]LogModuleManager: Shutting down and abandoning module EnvironmentQueryEditor (312)
[2026.02.13-13.22.52:077][264]LogModuleManager: Shutting down and abandoning module Paper2D (310)
[2026.02.13-13.22.52:077][264]LogModuleManager: Shutting down and abandoning module WindowsMoviePlayer (308)
[2026.02.13-13.22.52:079][264]LogModuleManager: Shutting down and abandoning module WebMMoviePlayer (306)
[2026.02.13-13.22.52:079][264]LogModuleManager: Shutting down and abandoning module NetworkReplayStreaming (304)
[2026.02.13-13.22.52:079][264]LogModuleManager: Shutting down and abandoning module PacketHandler (302)
[2026.02.13-13.22.52:079][264]LogModuleManager: Shutting down and abandoning module ClothingSystemEditor (300)
[2026.02.13-13.22.52:079][264]LogModuleManager: Shutting down and abandoning module ClothingSystemRuntimeNv (298)
[2026.02.13-13.22.52:079][264]LogModuleManager: Shutting down and abandoning module MediaAssets (296)
[2026.02.13-13.22.52:079][264]LogModuleManager: Shutting down and abandoning module Overlay (294)
[2026.02.13-13.22.52:079][264]LogModuleManager: Shutting down and abandoning module OverlayEditor (293)
[2026.02.13-13.22.52:079][264]LogModuleManager: Shutting down and abandoning module VREditor (290)
[2026.02.13-13.22.52:079][264]LogModuleManager: Shutting down and abandoning module StringTableEditor (288)
[2026.02.13-13.22.52:079][264]LogModuleManager: Shutting down and abandoning module GameplayTasksEditor (286)
[2026.02.13-13.22.52:079][264]LogModuleManager: Shutting down and abandoning module BehaviorTreeEditor (284)
[2026.02.13-13.22.52:079][264]LogModuleManager: Shutting down and abandoning module FunctionalTesting (282)
[2026.02.13-13.22.52:079][264]LogModuleManager: Shutting down and abandoning module CollisionAnalyzer (280)
[2026.02.13-13.22.52:079][264]LogModuleManager: Shutting down and abandoning module WorkspaceMenuStructure (279)
[2026.02.13-13.22.52:079][264]LogModuleManager: Shutting down and abandoning module UMG (276)
[2026.02.13-13.22.52:079][264]LogModuleManager: Shutting down and abandoning module UMGEditor (275)
[2026.02.13-13.22.52:079][264]LogModuleManager: Shutting down and abandoning module MessageLog (273)
[2026.02.13-13.22.52:079][264]LogModuleManager: Shutting down and abandoning module SlateReflector (268)
[2026.02.13-13.22.52:079][264]LogModuleManager: Shutting down and abandoning module Slate (266)
[2026.02.13-13.22.52:079][264]LogModuleManager: Shutting down and abandoning module SlateCore (264)
[2026.02.13-13.22.52:080][264]LogModuleManager: Shutting down and abandoning module LandscapeEditorUtilities (262)
[2026.02.13-13.22.52:080][264]LogModuleManager: Shutting down and abandoning module UnrealEd (260)
[2026.02.13-13.22.52:080][264]LogModuleManager: Shutting down and abandoning module MRMesh (258)
[2026.02.13-13.22.52:080][264]LogModuleManager: Shutting down and abandoning module SourceCodeAccess (256)
[2026.02.13-13.22.52:080][264]LogModuleManager: Shutting down and abandoning module HeadMountedDisplay (254)
[2026.02.13-13.22.52:080][264]LogModuleManager: Shutting down and abandoning module XAudio2 (252)
[2026.02.13-13.22.52:080][264]LogModuleManager: Shutting down and abandoning module Networking (250)
[2026.02.13-13.22.52:080][264]LogModuleManager: Shutting down and abandoning module Core (248)
[2026.02.13-13.22.52:080][264]LogModuleManager: Shutting down and abandoning module MaterialEditor (246)
[2026.02.13-13.22.52:080][264]LogModuleManager: Shutting down and abandoning module MovieSceneTools (244)
[2026.02.13-13.22.52:080][264]LogModuleManager: Shutting down and abandoning module CurveEditor (243)
[2026.02.13-13.22.52:080][264]LogModuleManager: Shutting down and abandoning module Sequencer (241)
[2026.02.13-13.22.52:080][264]LogModuleManager: Shutting down and abandoning module EditorStyle (240)
[2026.02.13-13.22.52:080][264]LogModuleManager: Shutting down and abandoning module KismetCompiler (236)
[2026.02.13-13.22.52:080][264]LogModuleManager: Shutting down and abandoning module MeshBuilder (234)
[2026.02.13-13.22.52:080][264]LogModuleManager: Shutting down and abandoning module MeshUtilities (232)
[2026.02.13-13.22.52:080][264]LogModuleManager: Shutting down and abandoning module MeshMergeUtilities (231)
[2026.02.13-13.22.52:080][264]LogModuleManager: Shutting down and abandoning module MeshReductionInterface (230)
[2026.02.13-13.22.52:080][264]LogModuleManager: Shutting down and abandoning module MeshBoneReduction (229)
[2026.02.13-13.22.52:080][264]LogModuleManager: Shutting down and abandoning module SkeletalMeshReduction (227)
[2026.02.13-13.22.52:080][264]LogModuleManager: Shutting down and abandoning module ProxyLODMeshReduction (225)
[2026.02.13-13.22.52:080][264]LogModuleManager: Shutting down and abandoning module QuadricMeshReduction (223)
[2026.02.13-13.22.52:080][264]LogModuleManager: Shutting down and abandoning module MaterialBaking (219)
[2026.02.13-13.22.52:080][264]LogModuleManager: Shutting down and abandoning module NullInstallBundleManager (214)
[2026.02.13-13.22.52:080][264]LogModuleManager: Shutting down and abandoning module DerivedDataCache (212)
[2026.02.13-13.22.52:081][264]LogModuleManager: Shutting down and abandoning module TargetPlatform (210)
[2026.02.13-13.22.52:081][264]LogModuleManager: Shutting down and abandoning module VulkanShaderFormat (209)
[2026.02.13-13.22.52:081][264]LogModuleManager: Shutting down and abandoning module ShaderFormatVectorVM (207)
[2026.02.13-13.22.52:081][264]LogModuleManager: Shutting down and abandoning module ShaderFormatOpenGL (205)
[2026.02.13-13.22.52:081][264]LogModuleManager: Shutting down and abandoning module ShaderFormatD3D (203)
[2026.02.13-13.22.52:081][264]LogModuleManager: Shutting down and abandoning module MetalShaderFormat (201)
[2026.02.13-13.22.52:081][264]LogModuleManager: Shutting down and abandoning module TextureFormatOodle (199)
[2026.02.13-13.22.52:081][264]LogModuleManager: Shutting down and abandoning module TextureFormatUncompressed (197)
[2026.02.13-13.22.52:081][264]LogModuleManager: Shutting down and abandoning module TextureFormatPVR (195)
[2026.02.13-13.22.52:081][264]LogModuleManager: Shutting down and abandoning module TextureFormatETC2 (193)
[2026.02.13-13.22.52:081][264]LogModuleManager: Shutting down and abandoning module TextureFormatDXT (191)
[2026.02.13-13.22.52:081][264]LogModuleManager: Shutting down and abandoning module TextureFormatIntelISPCTexComp (189)
[2026.02.13-13.22.52:081][264]LogModuleManager: Shutting down and abandoning module TextureFormatASTC (187)
[2026.02.13-13.22.52:081][264]LogModuleManager: Shutting down and abandoning module ImageWrapper (186)
[2026.02.13-13.22.52:081][264]LogModuleManager: Shutting down and abandoning module AudioFormatOpus (183)
[2026.02.13-13.22.52:082][264]LogModuleManager: Shutting down and abandoning module AudioFormatOgg (181)
[2026.02.13-13.22.52:082][264]LogModuleManager: Shutting down and abandoning module AudioFormatADPCM (179)
[2026.02.13-13.22.52:082][264]LogModuleManager: Shutting down and abandoning module WindowsServerTargetPlatform (177)
[2026.02.13-13.22.52:082][264]LogModuleManager: Shutting down and abandoning module WindowsClientTargetPlatform (175)
[2026.02.13-13.22.52:082][264]LogModuleManager: Shutting down and abandoning module WindowsTargetPlatform (173)
[2026.02.13-13.22.52:082][264]LogModuleManager: Shutting down and abandoning module WindowsNoEditorTargetPlatform (171)
[2026.02.13-13.22.52:082][264]LogModuleManager: Shutting down and abandoning module TVOSTargetPlatform (169)
[2026.02.13-13.22.52:083][264]LogModuleManager: Shutting down and abandoning module MacServerTargetPlatform (167)
[2026.02.13-13.22.52:083][264]LogModuleManager: Shutting down and abandoning module MacClientTargetPlatform (165)
[2026.02.13-13.22.52:083][264]LogModuleManager: Shutting down and abandoning module MacTargetPlatform (163)
[2026.02.13-13.22.52:083][264]LogModuleManager: Shutting down and abandoning module MacNoEditorTargetPlatform (161)
[2026.02.13-13.22.52:083][264]LogModuleManager: Shutting down and abandoning module LuminTargetPlatform (159)
[2026.02.13-13.22.52:084][264]LogModuleManager: Shutting down and abandoning module LinuxAArch64ServerTargetPlatform (157)
[2026.02.13-13.22.52:084][264]LogModuleManager: Shutting down and abandoning module LinuxAArch64ClientTargetPlatform (155)
[2026.02.13-13.22.52:084][264]LogModuleManager: Shutting down and abandoning module LinuxAArch64NoEditorTargetPlatform (153)
[2026.02.13-13.22.52:084][264]LogModuleManager: Shutting down and abandoning module LinuxServerTargetPlatform (151)
[2026.02.13-13.22.52:084][264]LogModuleManager: Shutting down and abandoning module LinuxClientTargetPlatform (149)
[2026.02.13-13.22.52:084][264]LogModuleManager: Shutting down and abandoning module LinuxNoEditorTargetPlatform (147)
[2026.02.13-13.22.52:084][264]LogModuleManager: Shutting down and abandoning module LinuxTargetPlatform (145)
[2026.02.13-13.22.52:084][264]LogModuleManager: Shutting down and abandoning module Messaging (143)
[2026.02.13-13.22.52:084][264]LogModuleManager: Shutting down and abandoning module IOSTargetPlatform (141)
[2026.02.13-13.22.52:085][264]LogModuleManager: Shutting down and abandoning module AndroidTargetPlatform (139)
[2026.02.13-13.22.52:088][264]LogModuleManager: Shutting down and abandoning module AllDesktopTargetPlatform (137)
[2026.02.13-13.22.52:088][264]LogModuleManager: Shutting down and abandoning module D3D11RHI (134)
[2026.02.13-13.22.52:088][264]LogModuleManager: Shutting down and abandoning module InputCore (132)
[2026.02.13-13.22.52:088][264]LogModuleManager: Shutting down and abandoning module Settings (130)
[2026.02.13-13.22.52:088][264]LogModuleManager: Shutting down and abandoning module DirectoryWatcher (128)
[2026.02.13-13.22.52:088][264]LogModuleManager: Shutting down and abandoning module PhysXCooking (126)
[2026.02.13-13.22.52:088][264]LogModuleManager: Shutting down and abandoning module Chaos (124)
[2026.02.13-13.22.52:088][264]LogModuleManager: Shutting down and abandoning module WindowsPlatformFeatures (122)
[2026.02.13-13.22.52:088][264]LogModuleManager: Shutting down and abandoning module GameplayMediaEncoder (121)
[2026.02.13-13.22.52:088][264]LogModuleManager: Shutting down and abandoning module AVEncoder (120)
[2026.02.13-13.22.52:088][264]LogModuleManager: Shutting down and abandoning module SteamVRInputDevice (116)
[2026.02.13-13.22.52:088][264]LogModuleManager: Shutting down and abandoning module SteamVRInput (114)
[2026.02.13-13.22.52:088][264]LogModuleManager: Shutting down and abandoning module SteamVR (112)
[2026.02.13-13.22.52:088][264]LogHMD: Freeing OpenVRDLLHandle.
[2026.02.13-13.22.52:088][264]LogModuleManager: Shutting down and abandoning module OculusHMD (110)
[2026.02.13-13.22.52:088][264]LogModuleManager: Shutting down and abandoning module OpenXRHandTracking (108)
[2026.02.13-13.22.52:088][264]LogSlate: Slate User Destroyed.  User Index 0, Is Virtual User: 0
[2026.02.13-13.22.52:088][264]LogModuleManager: Shutting down and abandoning module OpenXRAR (106)
[2026.02.13-13.22.52:088][264]LogModuleManager: Shutting down and abandoning module AugmentedReality (105)
[2026.02.13-13.22.52:089][264]LogModuleManager: Shutting down and abandoning module OpenXRHMD (102)
[2026.02.13-13.22.52:089][264]LogModuleManager: Shutting down and abandoning module OpenXREyeTracker (100)
[2026.02.13-13.22.52:089][264]LogModuleManager: Shutting down and abandoning module ChunkDownloader (98)
[2026.02.13-13.22.52:089][264]LogModuleManager: Shutting down and abandoning module ExampleDeviceProfileSelector (96)
[2026.02.13-13.22.52:089][264]LogModuleManager: Shutting down and abandoning module LauncherChunkInstaller (94)
[2026.02.13-13.22.52:089][264]LogModuleManager: Shutting down and abandoning module OnlineBlueprintSupport (92)
[2026.02.13-13.22.52:089][264]LogModuleManager: Shutting down and abandoning module OnlineSubsystem (88)
[2026.02.13-13.22.52:090][264]LogModuleManager: Shutting down and abandoning module XMPP (83)
[2026.02.13-13.22.52:090][264]LogModuleManager: Shutting down and abandoning module WebSockets (82)
[2026.02.13-13.22.52:102][264]LogModuleManager: Shutting down and abandoning module HTTP (79)
[2026.02.13-13.22.52:102][264]LogHttp: Display: Http module shutting down, but needs to wait on 1 outstanding Http requests:
[2026.02.13-13.22.52:102][264]LogHttp: Display: 	verb=[POST] url=[https://datarouter.ol.epicgames.com/datarouter/api/v1/public/data?SessionID=%7BB2DC91BC-4294-3669-75F2-1FBB9B7AD665%7D&AppID=UEEditor.Rocket.Release&AppVersion=4.27.2-18319896%2B%2B%2BUE4%2BRelease-4.27&UserID=3eadeb334a09c138a68d60b593878835%7C8c0f7f1633984bb789070dad4917d369%7C97a2f4a2-b958-4fc7-b9dd-dc3998f53197&AppEnvironment=datacollector-binary&UploadType=eteventstream] refs=[1] status=Processing
[2026.02.13-13.22.52:102][264]LogHttp: Display: cleaning up 1 outstanding Http requests.
[2026.02.13-13.22.52:112][264]LogModuleManager: Shutting down and abandoning module SSL (78)
[2026.02.13-13.22.52:113][264]LogModuleManager: Shutting down and abandoning module WmfMedia (74)
[2026.02.13-13.22.52:116][264]LogModuleManager: Shutting down and abandoning module Media (73)
[2026.02.13-13.22.52:118][264]LogModuleManager: Shutting down and abandoning module MediaInfo (72)
[2026.02.13-13.22.52:118][264]LogModuleManager: Shutting down and abandoning module ExrReaderGpu (68)
[2026.02.13-13.22.52:118][264]LogModuleManager: Shutting down and abandoning module MLSDK (66)
[2026.02.13-13.22.52:118][264]LogModuleManager: Shutting down and abandoning module MagicLeap (64)
[2026.02.13-13.22.52:118][264]LogModuleManager: Shutting down and abandoning module NiagaraVertexFactories (62)
[2026.02.13-13.22.52:118][264]LogModuleManager: Shutting down and abandoning module NiagaraShader (60)
[2026.02.13-13.22.52:118][264]LogModuleManager: Shutting down and abandoning module VariantManagerContent (58)
[2026.02.13-13.22.52:118][264]LogModuleManager: Shutting down and abandoning module ChaosCloth (56)
[2026.02.13-13.22.52:118][264]LogModuleManager: Shutting down and abandoning module DatasmithContent (54)
[2026.02.13-13.22.52:118][264]LogModuleManager: Shutting down and abandoning module PixWinPlugin (52)
[2026.02.13-13.22.52:118][264]LogModuleManager: Shutting down and abandoning module AISupportModule (50)
[2026.02.13-13.22.52:118][264]LogModuleManager: Shutting down and abandoning module DesktopPlatform (48)
[2026.02.13-13.22.52:118][264]LogModuleManager: Shutting down and abandoning module PlatformCryptoOpenSSL (46)
[2026.02.13-13.22.52:118][264]LogModuleManager: Shutting down and abandoning module PlatformCryptoTypes (44)
[2026.02.13-13.22.52:119][264]LogModuleManager: Shutting down and abandoning module PlatformCrypto (42)
[2026.02.13-13.22.52:119][264]LogModuleManager: Shutting down and abandoning module PythonScriptPluginPreload (40)
[2026.02.13-13.22.52:119][264]LogModuleManager: Shutting down and abandoning module OodleDataCompressionFormat (38)
[2026.02.13-13.22.52:119][264]LogModuleManager: Shutting down and abandoning module XGEController (36)
[2026.02.13-13.22.52:119][264]LogModuleManager: Shutting down and abandoning module AnimationModifiers (34)
[2026.02.13-13.22.52:119][264]LogModuleManager: Shutting down and abandoning module AudioEditor (32)
[2026.02.13-13.22.52:119][264]LogModuleManager: Shutting down and abandoning module PropertyEditor (31)
[2026.02.13-13.22.52:120][264]LogModuleManager: Shutting down and abandoning module TextureCompressor (28)
[2026.02.13-13.22.52:120][264]LogModuleManager: Shutting down and abandoning module RenderCore (26)
[2026.02.13-13.22.52:120][264]LogModuleManager: Shutting down and abandoning module Landscape (24)
[2026.02.13-13.22.52:120][264]LogModuleManager: Shutting down and abandoning module SlateRHIRenderer (22)
[2026.02.13-13.22.52:120][264]LogModuleManager: Shutting down and abandoning module AnimGraphRuntime (20)
[2026.02.13-13.22.52:120][264]LogModuleManager: Shutting down and abandoning module Renderer (18)
[2026.02.13-13.22.52:120][264]LogModuleManager: Shutting down and abandoning module Engine (16)
[2026.02.13-13.22.52:120][264]LogModuleManager: Shutting down and abandoning module CoreUObject (14)
[2026.02.13-13.22.52:120][264]LogModuleManager: Shutting down and abandoning module NetworkFile (12)
[2026.02.13-13.22.52:120][264]LogModuleManager: Shutting down and abandoning module CookedIterativeFile (10)
[2026.02.13-13.22.52:120][264]LogModuleManager: Shutting down and abandoning module StreamingFile (8)
[2026.02.13-13.22.52:120][264]LogModuleManager: Shutting down and abandoning module SandboxFile (6)
[2026.02.13-13.22.52:120][264]LogModuleManager: Shutting down and abandoning module PakFile (4)
[2026.02.13-13.22.52:120][264]LogModuleManager: Shutting down and abandoning module RSA (3)
[2026.02.13-13.22.52:120][264]LogContentStreaming: Display: There are 1 unreleased StreamingManagers
[2026.02.13-13.22.52:162][264]LogD3D11RHI: Shutdown
[2026.02.13-13.22.52:162][264]LogD3D11RHI: CleanupD3DDevice
[2026.02.13-13.22.52:164][264]LogExit: Exiting.
[2026.02.13-13.22.52:173][264]Log file closed, 02/13/26 14:22:52
